Stable_Id,Context,Event_SHA256_Without_Families
TPHW-C1C523A071841F153353,00:81D6:0:1:1,dccd369942b806ad049a22f0826de30afc010358c53d19b29e753315f90a11e7
TPHW-BCAD3B2475221406BC7F,00:81DB:0:1:1,39b52a4dbf66bfdf4b8147577493e8c580ae183760204c52b12430d2b60bd6ea
TPHW-1631E1197A239A719AC1,00:81E0:0:1:1,f5a70d883295da1ca72d627da703327f26bfe149d2818524cbe32b350a91040f
TPHW-3143D4BEEFA28A3D8DDD,00:81E5:0:1:1,8bc96e2193607d8a7b1bb588b9e4c87fe9d70daad392195b6f33f401566efaf8
TPHW-E0A1FE10A138ACEB2996,00:81EA:0:1:1,2e80daab89253eea6b0de4a5a7c2948783969f8f894de553de90de5aef240b07
TPHW-ECDB3323579A864BBC07,00:81ED:0:1:1,282cd14538aa692f8d73fc5e39b39494c60bcb8f840b35bf300926d9a5864204
TPHW-71876B0E5C354193648E,00:8212:0:1:1,fb52563f568bae81f9c78744a4abdef1d0d9c31aa86a484ba105a29379437dc8
TPHW-6B40856470638B662BE1,00:83A8:0:1:0,7183217f981313ed251f71c6126e2d17df741b67e2ac50bba4e63ec9d2a0cd50
TPHW-D088DDBCDFF77725049C,00:83B7:0:1:0,30d852de9ccf16e8d678d1eef658ac433d4c69a36e4c9e7aa455d864d310a16f
TPHW-BEE96AAE71DF6CC1B221,00:83B7:0:1:0,981d27feb5662f5e182d1d294d1be7414f585a7fe442ae24cfc64f926349547c
TPHW-54F9D5F181EEADC187A7,00:83C8:0:1:0,6d255b4a62d1f320811b7fda5e18a02b89cb520a9370a476f0e8fc51cf658ab3
TPHW-537035BA382A738DE37C,00:83CD:0:1:0,3ea421fffa84e6e6adb48e858d0942c11ec59c3e9171fc3d85a85052114db75c
TPHW-5E76AA46B83E19C217E0,00:83D0:0:1:0,ba7606dd689d24c500e50ec8a115380fcbbc28b18673434e52c882bfc5817fcd
TPHW-BF1BB68F2BDACF1B14AB,00:83D5:0:1:0,85e2b21c97dfd176e9c068cdbcd32d13e9b423d872d55e8f5ae52afc3e8e5d8a
TPHW-8164DB58F508AD01328E,00:83DA:0:1:0,14196dc5e2ae8a4ced9bffe6199fba5fc7e0f87dfeb8d7eef545820f8fe2009e
TPHW-5DCBE7EA0C81C70F810E,00:83E0:0:1:0,2f93a4fd2b39b9141b74044376b49bf667dacf95626997be3d120b3b63417ccb
TPHW-642E600F170499283269,00:83E0:0:1:0,4b4d4278560d09793f1d9a70b05398577ff5482a1ca5f9efff874a76e53af7f7
TPHW-BAF22E7D8A9EE8F3B21C,00:83E5:0:1:0,e00de18389b8bc26773ae1786ab6191431dff8a87b4dd8bbff68b9a1a707fdd6
TPHW-3C72EA3DE011E77E8BB8,00:83EB:0:1:0,5b296e333e3fe4557e4928b54368f3a5596cb4e3c8100b9414f8a3a8976b0b6e
TPHW-42B767EDBA97A7A69D18,00:83EB:0:1:0,9cc04b2578302847e134a53a4f1a94a9702a870a220e39ac5b836edd77afc12d
TPHW-D5DB73EAC5B3BA58F83C,00:83F0:0:1:0,37b07ef6501b629e593a7873438aa8612c49c298f95df3acf493bfcb034f3b67
TPHW-15DEF5885D4B5DCE9680,00:83F5:0:1:0,3711a1dba182f1510b73120e430f7452cc30212a0f5c168af9b57f8733e12e64
TPHW-215A9F9074CC883D7540,00:83FA:0:1:0,1b5f62bb02090d41bf86de3462b38fd721ba93da2b39e6626916a3a72a79b7ae
TPHW-F45F3475AF1E5B1960C3,00:83FD:0:1:0,69448b3082ee60a783d6949d081f34da44d83f0806d8753aaba07384cecc632a
TPHW-9C3A8B78F5A7DA02492B,00:8402:0:1:0,63cef07f27d90bb1df3cbe0221b9a2d1380a45ec7b13778ac33f2c0857422292
TPHW-113355093EE211A65F5C,00:8407:0:1:0,8151b1067b4d1d0347a8ddcbfd3278d0ef438e6a5fca3c5235e6d094eaf0e596
TPHW-382D5AD85474E9FC99BC,00:840D:0:1:0,9cd6bb843ad1cd03c90df3020880362437d53ec10f5613b7c490ab04f377ae09
TPHW-B08583481C807AB5BE65,00:840D:0:1:0,88fd7e338cafbd2681e631014a9f3b5eebfea4f7ed9b51a68b5afb8b8d4f0c9d
TPHW-C3FD0EC1654EF97B4EF7,00:8412:0:1:0,d1dcc8181d788fda36a742cb1f3e26e2ce2c209766df7b7e03865c8d0b478e98
TPHW-F9CEDE2DB557B87DBE65,00:8418:0:1:0,87e2039480ebe48ca7e1c45480a3694e9b7a36f5e2456776b30e3134d80b7d92
TPHW-D2162326562FAB4C713A,00:8418:0:1:0,58770678131855832e82f13f42ddb8235927012c0e349e1850800ca3fe788147
TPHW-8BB98A719A7C3911E4B9,00:841D:0:1:0,ae6e045f35edc89964957bcfc3873f554ce3d163fe33ad59fce685256dd95c30
TPHW-6F07A634283D6FEA2B6C,00:842E:0:1:0,020ed488d9b54687277e81badc4432889ca46b27c1a0c81761a5410bd8c6fcef
TPHW-663D2F82CC79D18123E3,00:8433:0:1:0,68abac07641a232a92a93cbbaa9f2c700b6659b35011af7401a6393734dd03bd
TPHW-463E5C84EFDE8EA86CE3,00:8436:0:1:0,e9c00e8c986227c3d5f47f94309d35e2d44321e2a9c94d4dcd265bc5b38452d4
TPHW-0D0475FBE6E38E3FECC9,00:843B:0:1:0,7e6b0ed9a4fc82a9af697f5de20f20af9e987ea22b6d26581dd8a5948eba20ae
TPHW-3F1E15E53B4F903919AD,00:8440:0:1:0,ec156d307e1b4d86d9e573b8e5b0babe6f5ad9e0502a52fb8c29b6a1f8686419
TPHW-84339F5AEA01D83CB63A,00:8446:0:1:0,411587ba5890f57f0b95a7588a3c26d30e947732b2bb19c9d1f73624887e202e
TPHW-B2653FC0F984BAB20E4B,00:8446:0:1:0,87b39244011e62e178b76f08eef11eb7af223f15ceb21ac4e45a0cae85779982
TPHW-48428F2CA157E77F066A,00:844B:0:1:0,ce1240eb8011e13f28106667a0779f1bf63a300514b28129b0f12cb683ce7680
TPHW-095D77E8FC23DF8425AF,00:845E:0:1:0,44b31c80a1dbf2e0828770c6b072b2eeb898cfaf5607e67eb6836d83006c8e43
TPHW-CA4690F9E0E69FB62F3A,00:845E:0:1:0,9717e5eb407957603305bf03ebc493c578e82b13e15906aed9600f0be811630b
TPHW-D42CE4BFC6D8664A280B,00:8463:0:1:0,add63684db2d03ffee832a8e079795af454113a2a1743b3ac796527aab78066d
TPHW-36BFDDD4D6B2FCB0CE77,00:8482:0:1:0,c149e514936d12e504b6e2e8328c1754e46a6657aa3d388a5f5f0912a9930ca5
TPHW-C99B36B84D8D83F99673,00:8487:0:1:0,37bf8ad3677e1c48dd9033ad23b446a3943e7ad16d6f453fcab9a0b26abb5188
TPHW-5DED49AA2A6A706DFA8F,00:848A:0:1:0,a66a731b17aa32c8d161d84e6d85e354d0aca0e631838624c5fd53ee4b910ed7
TPHW-18CB14A51676DB9BEB41,00:848F:0:1:0,88d2409eea72ec83919cd60eef358de3a29d0affe7f40deeb8621462105350ae
TPHW-35BF5274CE2BD0AF7EA8,00:8494:0:1:0,e1fae148855facb6fc72a2d5f6debd99b5f6d03f38c75dc70feaae75414d90ba
TPHW-A39D47F29B20496C1EFB,00:849A:0:1:0,d69151276e76882c9f321fced6323b2a8e020dbb474bb5bc710e95d3bdf245ab
TPHW-80A50ED9238FAF0BD89E,00:849A:0:1:0,be0817e4e3bc82c322836eb0d73bb134f905c96301cf381b82d2004c40fc92f0
TPHW-517568B2A47835A0760A,00:849F:0:1:0,08055344510c58c93ff8e0c1fb7e04889036b27c0c0ed29e37b7f0ff4f71934f
TPHW-656E4DC6D47A7EEDF6BF,00:84A5:0:1:0,fe5fec95879b617f5366a7d9edc19625560adf4d0d52cc5d00d799c218a1c3bd
TPHW-E1C1A77F23C250070147,00:84A5:0:1:0,3475e691355f3540fcba1a5e7872fab46c3170ad5d591633aa73b354fc5fb526
TPHW-0ED7DDE580C8514C4563,00:84AA:0:1:0,8934c84efaedb37e499611da1147ec73ca5f6eea74c382b2ef2677ace64ecd98
TPHW-B3B1ABBAFD15B07AF968,00:84C1:0:1:0,159c8291c068be1398459bd41990b924fc9e7ef5bcc0278734b257efee9e8119
TPHW-CFEF7BC6872ECAEE5CD8,00:84C6:0:1:0,f22811f651a0079d46dc8809c86c6e1addd308c903cebadf2ce1dcf3513569a1
TPHW-560B7B2F709B802F9D22,00:84C9:0:1:0,a13b9577ee60725892f2188a3f4e1e1843ef53d2df8093f5ab9fd2302f273ca2
TPHW-894EDAEB8653210F450C,00:84CE:0:1:0,b757e860c3251dea31caa409def07abfd5c39d1ac6721377ce0de2012bdddce5
TPHW-821CE556C4B7B39EC26E,00:84D3:0:1:0,b9dc7598156747453b8879db1e2392c49303ff6b7e7fe5135686769b6569b92f
TPHW-C5FE7E079147173CEDC6,00:84D9:0:1:0,de5be4845dde15f983f0262a6bb107a4a64835752bfe27c939f65c251d4794c8
TPHW-259607074F1087E10ADD,00:84D9:0:1:0,ab8abafda343d5c39c27a61a9544cf2a75935975b315e7acd532bdd47ffb8d55
TPHW-675D26142F1AD1AEAC01,00:84DE:0:1:0,bcf839aca77dcf7d9126aaada70bf58552401a70f5492f43b0184f2679082544
TPHW-57029BA3742F09E9DB6D,00:84E4:0:1:0,6baefe06aec13c566be42fb5cbfb7692933e88f7d35acaf5f69627ba0803aa96
TPHW-59EAAAC270F4477BED8D,00:84E4:0:1:0,702a5812082d1dc7c3b530cf46bf1648606c738eea6955a5cdaba16a44e2fe34
TPHW-38AA5B8F7FDB82E6B9C3,00:84E9:0:1:0,af742f77834491922cd6fd19c2a4510c9c558b8e2e07eaa1fb566b6797f79331
TPHW-41452B6BFFA2A2562978,00:84F7:0:1:0,45feaafeb9c3a97356238211522507d3c04fcb73be05558c2140bf704e45e000
TPHW-AD5BF04EDD0A87BB66C5,00:84FC:0:1:0,6bd5b7a5705bff01500ae4749030d075683196bb2ff8a89347aa40a734a1fb71
TPHW-76D924A2C979BB004F9F,00:84FF:0:1:0,cac5464d73112e2d81c8bae55fe14cd8550f16e034be3c3f583c6388648e8a8b
TPHW-6BCDB5BE0A8931C1D27E,00:8504:0:1:0,ed3b23b182d12dcc1a7bef13c7d6f93b0e5acb5303e68e28fdc3a528cbfed642
TPHW-F7EC054DBCB61EC43755,00:8509:0:1:0,e2b4c574e1218df05147319c02e441c6ec57d5e686276ead263456150ddd0fcc
TPHW-9FC4DD761326B1D57DCD,00:850F:0:1:0,ae1be87976e700ed45a7aa62d29be0e470ee6c6a34ae9d5406dbbefbe3be8ca8
TPHW-50ECB3470F2D673D422D,00:850F:0:1:0,a8fdf8360fa262de118f0ea5308b43e65fbc7ae7eb6a6df2d11c874557d77cde
TPHW-09D5ABFCA2614E199B34,00:8512:0:1:0,fb0cfdd55d08e6b4931160a1516cd3a512cfa9da1dafcaa0ab0325a5150f68d6
TPHW-39064EA09410678B39E9,00:8518:0:1:0,27de00d7e502edea0e1e4b4df271ec1cf82b6dfdcfef0a0c7bd1a27e423a0367
TPHW-874BCD760D8C486C1AE5,00:8518:0:1:0,565afba06e03991603992b2495ec84597fb6ac9cfa8895b6e257703b9886761f
TPHW-A3F1ACBDDEE3DE3BC87E,00:851D:0:1:0,3b89e27ffb8c09eb64ba3603839791f1afd8eefb108190e3b3e0db0cd9c15f5b
TPHW-9B24FA122FFE05110B96,00:8523:0:1:0,d3b8daf798c1ccf2165512973779d65c7577910f0bc4bb5f08262ae53eef2855
TPHW-77083A02FBA8240AED8E,00:8528:0:1:0,5727d7d1c66f0f17c3338a59d58fc8e9e19326feee08b7d6a725fec594df2973
TPHW-804A578120F840FC1F3A,00:852B:0:1:0,293d66ead3112159bc51392d55165d6411724dae6c86988ad78f53c10a57f388
TPHW-A91EE5191C61428ABD30,00:8530:0:1:0,9ccd6be9b5cda4f7b3fd55e43bfed5aaf28225af387854d87d2ecc022abe6427
TPHW-DB4E6B9F6D6B9AD96D39,00:8535:0:1:0,1df19e50232960927ea911b9fa995215d4d07857cf3ed279f3239c52ce968081
TPHW-654B21C4C111CD3087B8,00:853B:0:1:0,2aaf4d5faddb2c722ba6c4c292d33e24d202411791c67e3e6505de5a8dd4271d
TPHW-3769517114F3B1E750F0,00:853B:0:1:0,f7579f0543b014042782bfcd47fed103f3f06e551032f9edb22d73102e9061fa
TPHW-514338A9500E54ECC2B9,00:853E:0:1:0,feba21a42ea91c909606674b0a8f66210469dc258ceb7e486841725565d123bd
TPHW-B461B2857165B7E63DE4,00:8544:0:1:0,483207f0b86c6c7c9e8008ab59fa54e30bf8e35e8dea1675e0c26baacdf33dd6
TPHW-239E05FD6CF2322615D5,00:8544:0:1:0,bbba131428a29bacab6f74950221b48b4bb91d7c4bed2bcb3486bc285392c49c
TPHW-8F009F988DAF454F617F,00:8549:0:1:0,8f8316e56cf7b7768002637dae69cd7539c9b0921d94eb338ec5e4d029db469f
TPHW-656E94014DAD98D75D4A,00:9E5B:0:1:1,15ecb94be4cb2f4a9604e9ab168cf9def70072488001b0f6edc36f53d0c402cd
TPHW-3D0C1C8B3CCD86781B24,00:9E5F:0:1:1,b696874922bd511a30e189453228cc61a7a0bf17f81972d01379853b540ae13f
TPHW-C7F594E60D14D65A21E1,00:9E62:0:1:1,65d426219a432600140bf9b329029d947d62542aea22cfd7eda2ff222063bc7a
TPHW-F1E51A062DAD2A1746B9,00:9E69:0:0:1,048a229fc1976dc6fb47c8a439f575daed042b7a1cc2e413055d5ca0d4343067
TPHW-8626FF737C7044FDD5D7,00:9E69:0:0:1,46fb4b1691e8bfd73cab6d487c1e1ece0227c6efac5f230133e203a9adfd8045
TPHW-C9828973EB59821C18B5,00:9E6C:0:0:1,804bf89a0eb51fd0132612cd3e9e651f5afce0e4dd5b00dc392274d291817573
TPHW-D584ABE8300F81E9105C,00:A0C9:0:1:1,fd2d650213daace92c63d6f75f0a37de5359402d36617dc3de16699e884225fc
TPHW-AB3FC8AE29DD50E01D5C,00:A0CC:0:1:1,1ecef8ae000f654cb6fe874b69bd3525010fb19ed61ddcb2e13cab26f538c18a
TPHW-9AF53B731D81A92E499B,00:A0D5:0:0:0,22db949fdbe95cab288641dab35f1ec03b3febddc9dd163024824707c625332a
TPHW-81F07D0FEFE3E1472D26,00:A0D5:0:0:0,0e10e63e33847b82711dcd1e4da65e258626074fd5f532b190c1e3185eadf710
TPHW-C11EB0CE27B08D39B129,00:A38F:0:1:1,6024607f98992de586df7b387cd291a9234b6991c7cf27e5f813239179f80fb9
TPHW-E6C38397783D50EB3BC4,00:A392:0:1:1,0d595385fdddcdd2782d3f98fe4718adcf5c26210aca5b05ca7ad961d4a0c8e9
TPHW-983B955BF2D6FE717673,00:A39B:0:0:0,5b75d63c64f6e3655f085d377d30c6c351bff9180ad05c106729445e969112d4
TPHW-B0A94B0A98236E8EF5EE,00:A39B:0:0:0,7f855150a960fa4f615c6d6f90ca6500531c0244a0d968ba4b1335c0bf6c6712
TPHW-37915316E92ACF6FD155,00:B190:0:1:1,c32e2d4d1cc7d59229287fe56f19a0a05fcda9c03a1f1cdcb1d5726d8cc2be27
TPHW-6A2861FC2D2394718D91,00:B194:0:1:1,3d841811b5aa7beffae29fba7cf58825e372fcbe84186786a7f90fdbdb1f4d3d
TPHW-1B4AE0D7FFC135933248,00:B197:0:1:1,a46bdefbed263e52d2ad0c17acc874ce0adae657800feb8450b81c30b8094dd9
TPHW-860462D326BBFC2890A0,00:B19E:0:0:1,30a1f7eaeb48cf1e1e14b23772a3c06452b9ca1b766d388b2a283921d56ebce6
TPHW-AF8177408560079DDE6A,00:B19E:0:0:1,f743fe1cd05ce912fba38e77d02f260e1905f5c8b7c6a27ea6f7170920f15255
TPHW-26BB6B89D30A68B8F39B,00:B1A1:0:0:1,c3030b10376c94d9ce82574ba94327e98aef2df04946fbc65fb8aa8523372556
TPHW-E0049D562263CC4E2189,00:C25E:0:1:1,406c4773b1d9c8829c885d02285c57e1ae13dc1659bdf2dec351fabea45e0831
TPHW-682A56F6716D0C0DE865,00:C261:0:1:1,e9f91909561d613c899fc15b68d1aeb056381b5c55ba8149ef2daefff154d5d7
TPHW-112957FE39FFC830694D,00:C26A:0:0:0,0bfd3bd0a186d1aaa2258e258e1fc5108c6e722c80d88cdb7efd3c27d0b0ba3a
TPHW-B24E2156C504792B5850,00:C26A:0:0:0,38547ecea6ba31a4494d84910614fb4343cf85a925abf9b80e44cbe258a144d2
TPHW-EB6FC1059284EB9F7332,00:C2C5:0:0:1,065d2a4a0ed4a8ce477c07b1a0c07aaa1e7740780f4d36548d6e5df995ccf2f5
TPHW-EBAEDDA6E670580DDB9C,00:C2C5:0:0:1,fdb3e7203ba24f4072bcb91ca379d538612e56fb1a663dbf01015b45bac50dab
TPHW-5D54CAA364F0D35244CC,00:C2C8:0:0:1,2253bc2fed211ff52d4c57e797bf8b5ea47676517e9385501de02457a73c00ed
TPHW-B677A08CA2FA3020F937,00:C2D5:0:0:0,901c2a14e8b5450e5df8ede95ecad81d11088951b0d9cd487e54d3c933acf5a7
TPHW-DA4386C99F29824384EC,00:C2D5:0:0:0,341b6fa3e63cccc4e43c27f53e8fe8212b5a067b129086e8e131e39efb436dae
TPHW-48B4522F3269B96B7852,00:C2D8:0:0:0,99d9b67d45bb48228c6bde8100505927ffe09956f95a2618aa230c356b6aeb0b
TPHW-40161F4B89F0AA001A48,00:C2D8:0:0:0,bbd6432886d02962476a96027af698b5c4b8995ce0d5e7197803564f6e99ad68
TPHW-DC8E7CB979B168DA34AB,00:C2F3:0:0:1,6128fe292635bfdfb2eafa92f5efc9634a15d645ac81392b27edd106075f4ee1
TPHW-5DA8A1A04D37A0B150B4,00:C2F3:0:0:1,1fa7f698f469cfce1bfd47212e655004e4eb45ec3dcad52919d656e60a37e05e
TPHW-A0BEEDF36E63A91461B5,00:C2F6:0:0:1,ee99cda9cd1ab4923798115fc82cf21d58f2b1b7fd89f35737cf5ee78f7c9438
TPHW-A8E4D39514AA668AAC6F,00:C303:0:0:0,99bffe9eb79894480010d5ff8dea363e3501d6cc285a29954425ce7b9767473f
TPHW-242E127CD6B956334611,00:C303:0:0:0,22f286756bf422a652aa85824a8d11245f62a3e72c69bfde65a36feffa8166c3
TPHW-C10DA966610336912931,00:C306:0:0:0,7f76a699d7e3a72b2a268732e8af111b1f0c6001cc9b0e55a56639a95457be6a
TPHW-7CAFE0F41C3BE9B03181,00:C306:0:0:0,aefd5029a1ede4e77e54ecd6e8d15a84466ce5983df89c1e5346706e357e3cbe
TPHW-3218117AA64F6C3D5D17,00:C68F:0:1:1,f63447e3fdf56a0ede578f5e6fab6d76c635741aba8fa6263b57907554de9152
TPHW-345AB6106D9668C4BB2F,00:C693:0:1:1,8e76b1aeaf4f5af23cc997b16e3f5029a5bdd6be0dc2684cbe257af18d33a316
TPHW-8B7254C9F107A3B34F28,00:C696:0:1:1,63f72930cbd9eb89aea3559a8031ba87729be801a8465c74ecd2f92eb5490164
TPHW-469AB06E0FBAB2098BFC,00:C69D:0:0:1,90a7fed7b1485ca5aba21ab773d90c9f20c380f392ddf309b3f276aadabc4cbb
TPHW-0F7C4F69779A494EDCE6,00:C69D:0:0:1,ab2a0e6e4354433200e170668820fbd5183976a39e8720107951b71f58dbf5df
TPHW-F87E76505687DBB84DD4,00:C6A0:0:0:1,f4dc5d7a11a129776e64b26f9a7097855b7439eb26262ce31be11c10a6d5f8cb
TPHW-1508A297EAFF2596319B,00:CFE3:0:1:1,4a8386fa4681559db1bd737ce406c786e3f744d52adeb5f03788df0dc05d3e70
TPHW-E09A73AE416630835FB5,00:CFE7:0:1:1,0be35b1d1022e6d91564fc95e40dbb04a63659dd2406ad2c66362c37ee4a2241
TPHW-C205B212B4AB1018C7BD,00:CFEA:0:1:1,d89ff6c5d9a460120a573aff0fcd549dc68e3cffd55f1a6d955bd75b6d6600c7
TPHW-E702669330DA921424BF,00:CFF1:0:0:1,3bef80611a6ac187910472d4fd37d31dfd3e6b73e34c9494a2ef877a3ff1b002
TPHW-31F6A9A976A7A212615E,00:CFF1:0:0:1,7e8bd5d2b158dc672fd4288bb9fc649d009484bfb360e7d52707e2414e1733d9
TPHW-D7AB814AF72C26C5E5E2,00:CFF4:0:0:1,428cc2900141512aa9dc079c67e6a9b0d6476f689ac80eb979dcbd20c752a24d
TPHW-FD52D31BDFBFE8C94437,00:D2BC:0:0:1,80450575e5164703283706e2ca05cc0df88f56ce4d71b5fe41c984dcc5a51ac1
TPHW-1E3AECDFA96692133F25,00:D2BC:0:0:1,dbb44e2a28584b831407b0d358939e11bb988f89c83d7b8ff1616f9c3392e3a1
TPHW-D799DDD6B50C74E6BED7,00:D2BF:0:0:1,779951904d18116b1c9a4afb86a63eae53fc14d378d79faac4b11fefa9439e19
TPHW-1A9F99C3637BC73CC6F4,00:D2CC:0:0:0,d7fe8c68c9022a5872524c3edb5a716ef94f89a113a87be8c56fe66c6fd6f788
TPHW-8F51E8195A8FA7A6ACAD,00:D2CC:0:0:0,ccb21cf9c170188592e237fd916175652ad141c1ddee8ab5d8ed72d091e2777b
TPHW-40292F8622B60EB913D2,00:D2CF:0:0:0,f1f7cadc8cbc4a0ff33359467062b3de2d33e9f51cb50d6073b12f446fe5d5ee
TPHW-89C48C0D48470F402A00,00:D2CF:0:0:0,a13dc733addfd0d9476a5da564afc5169ddb581df297b9e7d0b296a641a95991
TPHW-83F4B3A749564575D65F,00:D308:0:0:1,31e927d3dfed38ab9d723d11f94470fe700aebcdd96adac77ce03de18623554f
TPHW-A493A2D8CC11EEEF8BD7,00:D308:0:0:1,396237effe42763d266718e645b864b014645fca29ea0721479ccf79c8049e51
TPHW-68B6BB0AC7FFCA1DB8F1,00:D30B:0:0:1,0f78cb85333381da0ac04b2c8d250c48eb949f269fdebdcf85e47a71f0f5145b
TPHW-4BA5D4A6A92DCA92C4B2,00:D318:0:0:0,b8481d0eabf4c27bd3fce637dde6c2b93f3bb5bbb4bc8d7c12c67285b31d9eb1
TPHW-2FE0AFF7B11E26631520,00:D318:0:0:0,7e84a094125d7bf925bf5bdd4808e1abdd855c26e500d7c49f4822ccb4ed0b68
TPHW-5C1EFE083613E4A94DEB,00:D31B:0:0:0,7ad2c5ca33de81e97e6669dcf6a0d0b8f00fa7169a226dd14840002d7a1efb8e
TPHW-59E5C757FC09CBF8891B,00:D31B:0:0:0,672d336c2826b3965a3e19d50b8a9b5f113818a22a049061835afa775ed48b62
TPHW-1B59A2D0AB9EB8E0A8D6,00:D50C:0:0:1,c96db5b4d091eb1f0190a622f6751cfd8944485c58da277d8b0d79fbdf13be51
TPHW-DD8566414A591C57A51A,00:D50C:0:0:1,d6f9ab7a58eb522e5bd8165c67850625326db2c234328b7d5829a1d8fdb722cc
TPHW-8847FFCF49471B197E7B,00:D50F:0:0:1,9ae4d4abdbdc87dfe9ddf1ea5a9a077ea4a8e2712dced1d5207f0ecd24e6cdc6
TPHW-178629DECC41E297CCAA,00:D51C:0:0:0,17a4b9625ee67505dbea1fcf07264aea6d8920c3301169b9b36d77fbc08a0ad9
TPHW-1F8E600A7EA439A39F05,00:D51C:0:0:0,07e196190cdb34cbdf64616ff9d5520c74c864a8420d887401b54ddfe2163b2c
TPHW-D5B8BB036B4F33CE1422,00:D51F:0:0:0,611edf11aa0ce51425f8c2523159acffd49106231c2ce5294b1c3e8d5c290a4c
TPHW-D6F6FC147247E9DC333E,00:D51F:0:0:0,3b5eb2fb2ec6f3fe03ec92691de415ba6707a7b2c8503d5c1753e84dfd5f4833
TPHW-6A0BDF01B16CDF89AC6F,00:D55A:0:1:1,0c72b99543522f280582abae3e70a0bec3a365bb97ed1b91afba100eee5ec4f3
TPHW-AC61B4E7B366036FF136,00:D55E:0:1:1,6e26e8b7d4e1e14104a12aad61ea3aedd3dfe9cca0b443afd659ca257615b71b
TPHW-562DD47AC720F01D228D,00:D561:0:1:1,d5dd9b63432704f0cba0e03b5e3c2b754fb8e219add1bb563774a45ec62fb2e1
TPHW-32A728635D2F4B9937AB,00:D568:0:0:1,626edd2c42c1668eaa449595d4b1dd81e3e42d365fbb49c1d697cb024344a291
TPHW-E53B33E0D06FEF00BE1F,00:D568:0:0:1,7b72c9954ffa52b1a39d07ecab8c521fcaabe404c1f680af1ce874858cae03ac
TPHW-2C658B6ABF5A604AD41D,00:D56B:0:0:1,e0e61052c87e0e886ef7297c50f19ebe87c9efbbed430563046a87c5b2396c6b
TPHW-AF2BC17B77734BFB8E79,00:D93B:0:1:1,55cdd6d4b4ac5f180e297bac847b83ffc50ebb51d968b4dba7429503e579ae13
TPHW-1E526AEC493347832649,00:D93F:0:1:1,91612aba6adb7f4794edb6db2e982e8d17819bfdda8bd38417cfa763d5634561
TPHW-34F3B09DF6883B60773F,00:D942:0:1:1,4251d952b239f960759bae7fc3036c7d978269b7ebd91a7f018a9123ccf4fe38
TPHW-1AF68F01108A67A9AFD9,00:D949:0:0:1,3d1ea472ff63346522cf936bce277c083d453d152b41d05d9442e485ce1d9328
TPHW-7046AE95A82E26A48783,00:D949:0:0:1,be0156ecda43fc3c1abc28fc6f4e0e5d2b3e6e309b21af771e5f23418999e214
TPHW-1424F3BEC036C15B40DA,00:D94C:0:0:1,4b5f8b8c60cef1abf9c3ef7bd996f08f34d0ae444d0bf593ba817076105682e0
TPHW-0C844887258864F412EA,00:DDEF:0:1:1,dd8309be2f23740a0a415319e7bad2306ef3231a1617dd9b96f03dc3615c4114
TPHW-263A2CD2B2AD818495CD,00:DDF3:0:1:1,5cf93e511fd11677b2d5b8473fcbf24998fe0e355a9ef680700e64c1d35a74e7
TPHW-4ED6A37E555AF40B3B90,00:DDF6:0:1:1,9bdd2671c04f7229054e6a2cafe8797b014d959b0cce20c09a4e7aeb393d773d
TPHW-420ABBCF9A50B95E8691,00:DDFD:0:0:1,fda9cdbcc37067bfb0708b126c11f75d0215ba66c1499a6e3424b595db22041e
TPHW-676114FA094FAF183F74,00:DDFD:0:0:1,e93ff63a88f23851d8b64b609414d31bbff3f4b68b5e9d36d92335c1d45e73b5
TPHW-1DFF2021AF86FE58BE05,00:DE00:0:0:1,8138e993d2715fa925091c9870066cb61216e01663506e863674d3cd61dce487
TPHW-ADF48B462DE0D94BA168,00:E2F3:0:1:1,0b158c9ac7d39d08b1418713bfeba1d3d9089536da5d31423b2fbed766776993
TPHW-0F603AF44174DE49A39C,00:E2F7:0:1:1,0f160e8417daf72f5b5375ef082bb02aeaffcba08152b0af6709012621ab17b0
TPHW-C48C79D5C9987C7E69B8,00:E2FA:0:1:1,72d267f85f677d07b8cd7fcf87059547e7c06e057b805ad698c5ef5ada7a537c
TPHW-5740197BE3B2931E7587,00:E301:0:0:1,d8b8b72046a0d47de7c6de77c583e802707ba21b463431592df4189241a0eb21
TPHW-7AA4AE24CE83E0EF0343,00:E301:0:0:1,6eb0564b1dec7242af52ff5402dfbb4dda597c87bb259a52ee20ab22139962cf
TPHW-CFFD2637357D7D44F844,00:E304:0:0:1,35f41afdd4d58ff65a0622054de5486ce5b60fe36e101b941fa6dbf2a0365829
TPHW-6C1456D5E27CAC7F0E84,00:EAF9:0:0:1,e0fa571642f26bf60b875f7fa801c8bb5f48810633b67b2a0dad7b679c1f140f
TPHW-389DB67CD48B840FFC18,00:EAF9:0:0:1,226117c6aa06f3d423ed9aa81082c3d96c5a7c1b1d2b08d3748cd29704de66be
TPHW-6E009D3A36D85162CD3D,00:EAFC:0:0:1,3e7b27f34c6e83dd0447880b982e7b3da96fe764015fb0392901387184d58b38
TPHW-0052C9670265502B2113,00:EB09:0:0:0,dc6b748cad32f14db62ba82988edc117356b67c7dec9a142410ffe8775c78543
TPHW-D9847C70DA6B405EADD0,00:EB09:0:0:0,e47ae977b5b375f61965bcb297b12b7d2496d04297e84f0dc7210da0ffca8979
TPHW-120382903885C63FC53C,00:EB0C:0:0:0,b46882bda0f51ce744788c4e1bb47b4fed33bd96cccfb02216ab0b0537cbcf44
TPHW-E7BB5BCD1C3F457A01A5,00:EB0C:0:0:0,f90277ac64fecaaff843d8830b44646c5daa1a3011a880dec6125ef25f009661
TPHW-85BC035044F817795225,00:EB3A:0:1:1,7399284a05b6b2118e7c09e6a6387552a5506fdbeaab838443a5269769bcf92e
TPHW-03A99AE8A56A2C559C97,00:EB3E:0:1:1,9de15a418bacd2f5ae5b9c53746c8efd6f2a8d33a70a8c538fe0b00cb28663b2
TPHW-FB67081C31D0BEFFFB85,00:EB41:0:1:1,52553b9e344e11dd868dc561e1397bad3ddff1bc3eb5bf2f5e335a78b91b2984
TPHW-A9FD36EAE52FD7563774,00:EB48:0:0:1,0694cb393fbe5fc3964a795371d7fa38217820e84e5f264476e0b35b95085f0a
TPHW-2AECAA3B88D3FF757DE8,00:EB48:0:0:1,f6c8e3f731b927b2de6f8f947b2b9ff59200c1d0eacf5e60a1a45d15c88d87b7
TPHW-D046F722D07D37B3F80B,00:EB4B:0:0:1,73298e1d91fd26639e89619850d3c776510be1d369cd9a969e535b544d3594ce
TPHW-83CEEED1C9A2416C7403,00:ED5E:0:1:1,d881135f31d97b7762f3dc673ee8c4c3c6cb941f93d75eb06895f39cb7feb876
TPHW-AACA75578AB858B05596,00:ED62:0:1:1,d258b7365caa4612703009724d0bc9a6bfcc0e0c45a4ea25fddcc3df0259a6c9
TPHW-0E70B09BEAF078F7B31A,00:ED65:0:1:1,bb77db29ce6df3e73609f96e95fd5707cfd223d6b4829420b07eb67994a13800
TPHW-27C65F1B805F2AEA5BCC,00:ED6C:0:0:1,73fab6d86e4320ed4ea0a6eb8532f23efabc16466f121ca490bb8b732ab8dd43
TPHW-305D3B6838118FD59727,00:ED6C:0:0:1,22f5a521a214ff9a5de8cf66a4044348b7fbfaae1e2a79e0d153f88544158993
TPHW-AFB3481F0F76ABE1E2C6,00:ED6F:0:0:1,5d07fb26418c199d235471217c4faf0bd23c0c2baee0df587c36509ae959e559
TPHW-006BA561B184885A1F99,00:EDEE:0:1:1,bebc981ee73751095fd8d303ff0ac3fe6760d0eafb6d903cf1b46fa335b996c8
TPHW-995E2D63F54B5BDD5A40,00:EDF2:0:1:1,736cfd31c96e24e22bc756316a4dd5eec0599a15148d5f554bc6505f165308b3
TPHW-7E8C950419FE6A513C34,00:EDF5:0:1:1,645404d4ba36f4f95b5ded854e85b73b4bde7d2886ebd88a5a3a4792b736e472
TPHW-89966AE8567F2493050E,00:EDFC:0:0:1,bd6d4c771ea68e988607366b1c69a7cce33fad842d623e0d978b8a21b50760ad
TPHW-EE71DADE68428C84EE54,00:EDFC:0:0:1,52a624f2706f6a364a9a0c4f73f1cc665e20422920bad19c47710f4df4f2deb9
TPHW-7C427EA6EE558895862E,00:EDFF:0:0:1,487558641b8b32c7e69118a642232bec52ff65be1c425f29a1cc6cbcc372c6f6
TPHW-DFCD4D7B1314D1BE1CB2,00:EEF3:0:1:1,c8e1eca7d726d8d292a8e7b1e080f31478b344b3be412b4ecac9b26bc1862676
TPHW-8310C6166EFC39988FFE,00:EEF7:0:1:1,9e4ac4953538f0cfd8b929bc79ce8c3752046318c790ba189de23a30cc9f9e17
TPHW-2A3E9D1FB066D352998F,00:EEFA:0:1:1,231d3bae267c98233c384f41aa0c5d00d0ad2453d8083c8a70b16219a40a5e35
TPHW-6AC000D9928FFA86727E,00:EF01:0:0:1,99387bd0c154ce6eee8bfb769fd0723a192b9fd06081cdc3538ca093cc353648
TPHW-1721BE2223C49243D6D4,00:EF01:0:0:1,827381b884125ab6d5cc65c1472d3b416aa2b427aa1dda4c51359d76facaff4c
TPHW-08F0B27672FA518679B3,00:EF04:0:0:1,3f81c72d42f0e7774d03807b11e67ecd307e50e55a73fd0d5c5f6b1609ee732d
TPHW-F868AF3FABE2232DD470,00:FA72:0:0:1,d3fb80ca47fe7f317ce27807aa682482422f857825f61a21435702eec802d287
TPHW-54D39913CB1552CDAB62,00:FA72:0:0:1,251f461a4300ae84941eadc8494c471705907e2a37acf1c6146f7e6c668e1569
TPHW-0A82DE12751B2746B597,00:FA75:0:0:1,861cb5d4a77a78e05f2938ffd86a9f41e781297bb7d31467db70173fcd1be096
TPHW-575B8B5AFCEED280BD23,00:FA82:0:0:0,7cbde5b1988f44d9feef9a9eb1c541ea9af89a039d98888c5f195bca5b00ea66
TPHW-FA5DF15C6D894748BC78,00:FA82:0:0:0,2fc2a3331f4b521d06c66788116291a84a25f9ad1614b23dbe2f238854008242
TPHW-E8B94249339C2F4C1632,00:FA85:0:0:0,0026005fb3d06ceec7b6e489ec016626a2e477af2b2d84dfb437742af427b96e
TPHW-F413FE8B3CE7F343D725,00:FA85:0:0:0,c7c12e0dd4bae53545d0181cddbc8b17b1f8c76a62e0d9c3fa492cc7b16122e6
TPHW-AEB5165189A411982023,00:FAAC:0:0:1,c48d804748fc5d97dcec98990d102227cb711d9e307061526f0bffd59f100f7f
TPHW-602E9B052D51B85FFC37,00:FAAC:0:0:1,40f0bc80354c6f0a8b3252d6d754820ffda8c5a4d4504ea829b1201e4925aa86
TPHW-393B843BD797948A3F26,00:FAAF:0:0:1,7bb49520042f8a3b4ac7c284ee7d20e234b115c8dc4af8458f0c3661174c002f
TPHW-2EF31B1559426A311827,00:FABC:0:0:0,5228d55cd8402420d213af8e0ac580959e7772c53219eacd93fe035f2d50a37e
TPHW-656175502C5414A6ED00,00:FABC:0:0:0,6163f12bdd81335b57ed418aa7d8b12e51ff44b4ff816aa1c42879c2d60ef899
TPHW-9DCB8CBC9D8EC4E717C6,00:FABF:0:0:0,0751eaca0ee2773922d082e4ff8833a84ae35ff748158cdcf62ff40d6560e892
TPHW-FA864354014EB425E260,00:FABF:0:0:0,c4b5d8c3edb414ef665c8550b83c21610bfa7469af30c55194f396cef25307b3
TPHW-E4D18ABE66920AFE0918,00:FBFE:0:1:1,3f6b3127e433cb84922e1928003dc92205277374c65fd4dc49d2d0f2c9542e59
TPHW-C251B7166F3756016CB7,00:FC02:0:1:1,d0118e47766be85ce23b3d5c72d1b83a42b10c0d1991ab1249b4432edd4c47de
TPHW-AB5B7FA7FE34470D8E8C,00:FC05:0:1:1,ffd4102a9acf3ad6c052e5b74731bad7bc8c702d5de3b6dd85e1437c2918c9dd
TPHW-EA1E095902910872EFDE,00:FC0C:0:0:1,f8ccd6e32b2bc04c33dd5742dff88a7d2d62e9447821791f6d0bbd973ca9835c
TPHW-354ACE230CD04824C156,00:FC0C:0:0:1,750cbe635ebc0552f3c9e0a4fb56443886cfc5ee9ed6fee9570db523899bf5dd
TPHW-B0EAD6763BF30EBDD6C5,00:FC0F:0:0:1,8242d3b9e0cd7b51334bc22603171bb490910c83a195824558d3673580eece72
TPHW-B6795D20661C4497FCD6,00:FE0B:0:0:1,d00d06758a7492b9c3f083fc8d173f38cfffa219dfee547cc24f7a96ab6b40c1
TPHW-4EC85C04E812E5463389,00:FE0B:0:0:1,119d88a3df80aec0b1fd80933280552e6ecdf866aa026b0284b7e9df374268d4
TPHW-07B4A200A2747D83AC41,00:FE0E:0:0:1,e744dbaa19bf0cfde6aee27e0dd91d349b613bfbc76c7a4e6aa0990baf9ab7e0
TPHW-B9CF1F179DD7806B3A4D,00:FE1B:0:0:0,4b61757e53f19f506afb9e87ad4e212dd493b248f048b03eab9bbb025143c0a3
TPHW-2C4A7D000355329B3DE5,00:FE1B:0:0:0,45f9cecb777285e0b64965d5f764313f8c9fbb1a5bf36b3934eba49505cc1c50
TPHW-FD5596403142F5B28CC4,00:FE1E:0:0:0,1bd2c19af140418d0d48582d39bdceb5bb79e6dd1dd1a73893d49bff4368835a
TPHW-FED29BD60A11EF085049,00:FE1E:0:0:0,d953f15ccd1b68028b475ee7ee504423799f6fbc1e2bd6e73a9e1203fd83ad4f
TPHW-B5CD433C96FE25ABECED,01:E118:0:1:1,a9ce000c9f20017fecd6eda171fca435fa84b1f4b4167f4bba7becc8550370ce
TPHW-0407BCFF75A35A123B34,01:E13E:0:1:1,2957152e0c28d13796a89a83bb963b2c611e5c79c750e08647f47ca05ee31dc9
TPHW-CDEC285F3B36E927A996,01:E2A0:0:1:1,0baa628c26f66bb129b71e8592907abe3f0d61b3790038843c953e1bb5a3ebb3
TPHW-186F379E06EC0004C3AE,01:E47A:0:0:1,b5cc7ca56ac62377794d821c30ce0457e441605bb130df3e0d92658c8ddb86fe
TPHW-2EAAA7F99004ED681A4B,01:E47A:0:0:1,74255672b85c186e073c0a4677886b0338b7392441f4878a552dc2deacb78b08
TPHW-FD48D6AB7B7C3DFF7775,01:E47D:0:0:1,ca0ae175204ad188a43920d3638b485c746bce4a1d4c6a4a92f03db805366c44
TPHW-3114C0F1FC2CCDB0CAF4,01:E48A:0:0:0,e1090353640f4964622037f59416a10807114c3f2adcf2df79f7821317b4492f
TPHW-8A2AC61A0BAEC91240DF,01:E48A:0:0:0,7208abc138f70e9ade14feaced1cc06e075bd5c77ab5735ffd0a81442167f9e5
TPHW-9789B71B38790FBB22A5,01:E48D:0:0:0,ad8a3b532d956f41558ef6d07f8c25085b625544969d7ab126779e67abd9398c
TPHW-33F48ECC4C382A76CF6D,01:E48D:0:0:0,c8b795a1d9c03f82efa798f7d5547a6f561aa81e548221c81c055eb1954d811e
TPHW-A523131514A14B788D83,01:E4CD:0:0:1,d5c84c5e46ba29d4bf288c20dc605745a2d12f90f10b8ba486613a5f64851c86
TPHW-1AFFDBF135D07FC3CF57,01:E4CD:0:0:1,81840f5c16d4fec7d5187af76c800b9c640667f3efcff86aec0d18aea0216f3e
TPHW-9B5B8B7FFDA21A940402,01:E4D0:0:0:1,b313db2d421cbefb4998520e97db3d1788a6d3b6a10370bc4afcf3e90b9712a6
TPHW-A85F734A98E7A3006374,01:E4DD:0:0:0,8d1cd0bc4e4a9c79c3d3a0de1fbc27637b22197dd457b978f8cca8d2d3cfbb3a
TPHW-3DF08813F47E260E2172,01:E4DD:0:0:0,c998e71f4720277ee8c1d5da0209e383de58570fe253deae68559730daf1ec46
TPHW-DCF72AF189639AA36C08,01:E4E0:0:0:0,2d1380f8375d2afe17e897a09bee3d684dba7fb66a59b4193c8ddddcd3328469
TPHW-FAC2850F329D3D9F43C0,01:E4E0:0:0:0,dadeb496382e6a0262eafa7f9432a724518b676e5db2d7dde71d9c0a6e2ade00
TPHW-CC6B28FD97EDDAEB24F9,01:E56E:0:0:1,6942ba141c1bedfd81a2588627e44fb53e35df7d9d9da19b72ff5a8dc08ddc22
TPHW-7AD1D405863DD1135C4C,01:E56E:0:0:1,035761de9cfb7ff793254a0c6032e200cc3b643faf6bf2a36443b998729fb739
TPHW-EDE79F741CF64DB0AD3F,01:E571:0:0:1,3288f269c27923415012cee1f0eae92b377d7689d70413950e490c49cfaef390
TPHW-4696E0C34602E683ED9D,01:E57E:0:0:0,b8f4f1826ae0f140d6f2719f332f943696cb479f1fff9d11a507b874c17a3e36
TPHW-2356D093860750737C36,01:E57E:0:0:0,4e702360766dc7d4fddd0db3cf7b7e38cc944988660311eed38036d19e0be00e
TPHW-29CA17CAB8D55F64AF34,01:E581:0:0:0,19d0edd0c728fc4fbd542698d2c18f88038ee35b3a3fc8501e9da3d828285b06
TPHW-29620B9E187398E5A288,01:E581:0:0:0,f8e8b0afa7c5d985a42b8544de8f7d2c2482c3c35f6e1418941834b705571829
TPHW-8BEDE89C55CE7DB48515,01:E994:0:1:1,6365aedc7299da66de6f699f5c1a8037bb71698a3747236e48afad9ba6b81a4e
TPHW-E27E697B21B973CCC9AE,01:EA99:0:1:1,2a9403e371d04effef89b58a557be66c26865f1b84fa4af2d7b73b0dff725c86
TPHW-C0A2F51B6D62E2AAD8BC,01:F25D:0:1:1,144f9debdbcc82d75dceca63da665a0b08c3e13d2c2c73efe8e4a09033083b27
TPHW-F2AEDB7C3D685E1C9C39,01:F290:0:1:1,cb34bfdd3cbf5e5bd262088caa16d8177491b842f1bf0a01c2b73598bb2afeb4
TPHW-B8529B2C2804E2DDB8B9,04:8004:0:1:1,7755a81daa7eb9f36194ac1e9ab80ac196f882256b3cd806a42cb9480353b9d5
TPHW-6C6660B73554049D8B70,04:801A:0:1:0,5144b40c2bbfd5af67a936acd9e47bab08189d5f46f536f8a237106f818da534
TPHW-B8B4EF85895425589C9A,04:801D:0:1:0,bccfda5f059720438a2f647706111b5984e7b38334f6822864d5a3d4598ce806
TPHW-AF02063796670A1A72EE,04:8024:0:1:0,5afc0aefaa5655898610bf222dafc9a8020661191c635a826f982671704356c8
TPHW-39E498A77253040EB0C1,04:8027:0:1:0,c21e7fdfe8ebffcac5ef76165025dab75f0c9abd37abea90494919b793ec2c01
TPHW-087652CF5BB9A6DA232B,04:803C:0:1:0,5aa1b885afe3eb6c1f652baaea82983cfde062b742628e9b041583938216c0c2
TPHW-E5FFE5646247CE7C201E,04:803F:0:1:0,bc0230ddba9d561c5ddb97b77b688f187735cbb12b488b4b5c37277f89f49d5d
TPHW-7A09F3F4E19EBBBAA517,04:8048:0:1:0,ddb5fd2fa03b54d2f26a6f9deb1740f29e94d43568b978bf73128a1a1094f0fc
TPHW-F158A3D67A5151EA3702,04:804B:0:1:0,f46a3587e552f8bf8dc31018a99e7d1960a572bddb609163a03e43f284875645
TPHW-7650A135D5A2D4877953,04:80B8:0:1:1,5d932cfa7c3a715508018f7ec93f9ccd1c979fd3c54a9ffe99b79fd4cbcf2206
TPHW-2BFB3258D24EB245F532,04:80BB:0:1:1,a94ffd61982106f36214012f5083b7a421e6abeac0e794da48dbe2d659cd6eb8
TPHW-D2AD5753E209A1E65D34,04:80C4:0:0:0,8d7d3234ebea09420e1aad50d588750281379154301e3dc48bd04a89c71d0161
TPHW-61820908D8E6E3D7A4B1,04:80C4:0:0:0,0f7092787efc0b41601171a2c935707b52c4a4745b1cb814e75f9a36ad0d0c0b
TPHW-F387669FF814CB155595,04:80D2:0:1:1,04c15895a648dc6ca4e830a7f78e6358e553c6bf78a92893c862671d57a7c10e
TPHW-3B87910C27F9F1C0F1E9,04:80D5:0:1:1,31f5a64784dfd7e9cb5560e65c351c5882a9bf8504fa52b79828666c128fe1cc
TPHW-C55C107933D7FFAD4A1E,04:80DE:0:0:0,7c0587c88d2c508acde54b91c4f226bcf785dd3989ebbec656fb00a95f06bf2d
TPHW-A1473927BC2DB24FE850,04:80DE:0:0:0,9added483c3e2b5a23302d9368f245361d382401bac2d7fde9c5830dd03b2d59
TPHW-0DF1F112A13DBF077B12,04:8261:0:1:1,4b74d12e428d7063a1487134ec69daf47841a380eef786d5675c9292807caf91
TPHW-1399CC1D914166CA189B,04:8264:0:1:1,4d055e536f0da723f501f5c3790a2ad43afec19cf6aa4020414f319e105395d3
TPHW-FC0DB885D526F4A722CA,04:826D:0:0:0,19e736191a3429f56062cb90c74eac90089cc36b330a914fef98398922dc5b0b
TPHW-1DFD6A509166A6299227,04:826D:0:0:0,0c7d3ee678f6aa2aefa7b3f3e664fdd4ccba238d8b8fcd56d72a4a28d573825f
TPHW-9DAFD62CDEE7A1DED2CB,04:8E11:0:1:1,31b2383c32578461c17a0d57091920afae2b4ceef0ea10bdf6faaac37f5168bc
TPHW-87D883C389F10CC85028,04:8E15:0:1:1,26806873c0a24219fe9f1816873afea09125e83d36e0394f218bd76910d2db6f
TPHW-DA7B608103D4473F779A,04:8E18:0:1:1,9c8497d170a79831ae5aa9ddd0e3f6b4bfd8c181c51ff88bb37d5a83c8224815
TPHW-CF95A9278AF7802F3ACF,04:8E1F:0:0:1,a4116cca0f9434f9ea18da43ceecca39a5a6ee4e1ff18d5019c1ee72ef30f44e
TPHW-13446FDE8C675A1C15BC,04:8E1F:0:0:1,d41cd1cf8e9822218f59824ff7cf19f7e10c7ff33c25f5c8d949613a21a60d26
TPHW-F47EE1F11036EFA68618,04:8E22:0:0:1,7dec377daca8ed6c79eed87a4fba37dabd98051b8a7cbaabb09049dcbf099569
TPHW-2E5C450279404A24D99D,04:9081:0:1:1,80f73b1e6011833d1fc72f76f801f3b033ed51451065ad894e1333aab23c7c57
TPHW-FBCCBF90847D3D02BF1B,04:9085:0:1:1,48c17842e203812bd1b696052e6e177997a214a1005246e6d11f6f5e1412ff71
TPHW-E624BC380E78153AB103,04:9088:0:1:1,0557c6df32ae33b713e1bb6f746363f1f032950a774c6f7680c34a1610b2beb0
TPHW-E9F773C87E8621142F19,04:908F:0:0:1,3e9363f18f0c4a969facbcc85c14e51bdbd6a76a7d722d7a45dc96a30a64dd30
TPHW-1023095318661771BA63,04:908F:0:0:1,bf8a92dd21eab38625a33b4ec376db389f66435957d6de0dd1e22515223cf5d7
TPHW-49548894C37342875F6A,04:9092:0:0:1,f7c484520ba34f3aa54922d33b407b65960b6c61dd790fa71cc96c0bc72ce632
TPHW-EA79FBF2EDBC1A5D556E,04:9203:0:0:1,6ef491d5eedaa5bda16c082d22fc224542127e15addb974d6cdd870cabf69920
TPHW-BA67A725FE3C0CCA7CBC,04:9203:0:0:1,3c8b1a5c7b8cdce64eb12f46768e2ea58c0e51bae2b2363e126a2b61438c206b
TPHW-F8929EAAB7466E3E83B7,04:9206:0:0:1,df70f41eee43aff8ba24aabddd11bb757534e5a3381c5c36b3cafa4d0ed738c8
TPHW-A837819F83EDBAE3B365,04:9213:0:0:0,8065c86b579a3330e2ac03fe7a3a7e19162546da0ed7521f2343024d2a518c28
TPHW-92601BFA6488DCA4A309,04:9213:0:0:0,f6b487adfebde81e989b55824dae27f53735b4f1de93a7a4ec502ec2d8a135e7
TPHW-EA089CB2FA43F125E6A3,04:9216:0:0:0,4f67d0d36a962bf49a177ccea4aa397a21ef89687bb9e0040a742164aeac2a07
TPHW-176DD05245A09B3C2B81,04:9216:0:0:0,e0626a1a6da4dd54118d75d9d890b006aec3ddb639733bdfeeec4ef5111a760f
TPHW-DFACFF69202573E7C2EF,04:94F5:0:1:1,9f87355f1e3c14e900359216a372bbbbc6daaa5b6759dd32f0972f7bc5317b86
TPHW-B0896AC9927D14C8DE6E,04:94F9:0:1:1,3d1d18e4b92b3dd3db1e62cbe4ac8ba1ef71cb278a7df4a9a30d3b8f37f5b842
TPHW-FA6C75B7E31708F59B5E,04:94FC:0:1:1,587993cabf3293da0a33f6773fa116c35a39f48e74e9b60aa779f648a9a1f459
TPHW-5BD1A1AE3829AB3E67C2,04:9503:0:0:1,17b387a1d04bca6cae2aa379495370e39bf23a798ef24da6c2730cd388a6b086
TPHW-7F8D4D279CBD6AB7FD02,04:9503:0:0:1,8fef3d98e7758b02a2860ab9da5d87563bd76cf1da7815b53b3cf2e29314909c
TPHW-59C3E177976C965C071E,04:9506:0:0:1,57ddbf1045bffcbe0042452fb881e7abe5bfc6b1753bf081d1d9dfe568c5e8fb
TPHW-3E3B6C7770B8765A98FE,04:967C:0:0:1,754126edc7affb261e9e2593a7c5961db665d8309fe098853f94491cf03d7b05
TPHW-CAFA59955679FFF5BB4A,04:967C:0:0:1,9d132eb718ffc5a3805224b1cce43786dce0f191979bb6bb8c804c9aa235fc7b
TPHW-5432125C1AC84AD5E604,04:967F:0:0:1,e508b974752ca66be4d04a5ba495a1ef0f663152863ff8cd4a1ff004d534faee
TPHW-F572983539C692420AD8,04:968C:0:0:0,5c6b32f6b787f09ab95e6e8e64bc8ab83693300e4276bf108917ac95e797f613
TPHW-A130F123E1245C177DB9,04:968C:0:0:0,2854f0e19661c2e53266bd32c5308d7f9df17b774f018837afbf41a383e4ba32
TPHW-FDB8E743A188CE6AA9AE,04:968F:0:0:0,fe2d441972800013a2fc0ae7d64b1fada33882f49bf32d3ac853b210501b2af3
TPHW-53F1FE57FC4C7F9F3E53,04:968F:0:0:0,aa48814e874e1d415aa2edd742195c418961adb417987741720d40e60611e711
TPHW-FEF9F720FADB05C8826F,04:C23A:0:1:1,a8e154c5c0b2ed73d3838acd8abf89c0a2135a8144f82a1546fa134794a98136
TPHW-4B6EFBD58A0DB26CDD44,04:C23D:0:1:1,fa3f82fedb520f649d9605e42583455c7d2ad0f991cec5b0ad9ed20647598085
TPHW-2C575151098DAC928F13,04:C246:0:0:0,50a3ef794e3b9c10f5ae7856b71af27b5d04e54560735c7951c63bdb5d5ccd0c
TPHW-93ECA3CF1B32E1E6AE1F,04:C246:0:0:0,ca2076ea0a8548ad5f006897bf936ee7a19c58e69761632b736e6aa25375176a
TPHW-DB10D55D7868F76E23C5,04:C255:0:1:1,3d4df7c75b2887bdff262153c46b121a952398c0feb75824ff02683e1573d159
TPHW-FCDB5B1648855FBBEA3A,04:C258:0:1:1,245cff22e5a44a82510c396e7816341f6f7080943c161a999529210e3dd3e6da
TPHW-1ABFEBA42AD8B0AC2C4C,04:C261:0:0:0,065b326b5764a48e68dbc6628aa810d89e7af1100231ffde144457a4adaa8614
TPHW-0E2C77EB457FDBD66E7D,04:C261:0:0:0,785f0fa9e2d8505a467e75b78dd73b28800e1abc55936e199041ae14ccb7cac7
TPHW-89A836C302C40AB4175F,04:CFDC:0:0:1,6ce35cf624b59c90c5b9aff398c562ba964cbf80a2e05b9f8243e71546976f95
TPHW-0B4F9624F5524EF271C6,04:CFDC:0:0:1,284d680a175516a51280fbc1f95c438e0d82fc5fb80c2fa726ad043da75a20b7
TPHW-4209E279575F4F382E24,04:CFDF:0:0:1,eb2d7e55dd69d5dff5d3abdc77eecd1c4cbe73f21c82b2ffe747aa840aaa0d30
TPHW-60D00B5E67CCFAAC002F,04:CFEC:0:0:0,2742e9aa6cfc4600db4c2c0513d9bc97a115a1e0016cd4904db14298bb90af90
TPHW-A59EDEC42D753819DAD5,04:CFEC:0:0:0,91635a882ffc03623d254af74860d8d7c9e5893e5d43eb0f3bf9e60061c6c531
TPHW-7553FCAFCADEA13B94CF,04:CFEF:0:0:0,07f737f5a1aecc61b2a9128388cb92eed5f363eefe230b44e1d195188384415e
TPHW-A8EFF531CB6EE7A67238,04:CFEF:0:0:0,75fef015f7409b0eb525a6920b3109235c8d508e42a31a1532c674cd9d6f7c36
TPHW-D43C54F84606A9D82A79,04:D515:0:1:1,2e69355a0f137eb41b743e8201b10852f67a96d5c6c6729c1351757f622c4952
TPHW-F7FC40F9408139994510,04:D518:0:1:1,ea82729f4102462d924613b4f0d4255f244ed352d65c115ba5905f472aa429b9
TPHW-5A81F59ABDDE9CD0DABF,04:D521:0:0:0,bcab7e98760ad56a96206d6077dc1cd910d460c9a5304112cc5a54d311513962
TPHW-864131AAF0340653CD46,04:D521:0:0:0,94342797279244946f250fe6ba3482c0da3476527cb8c9a35bd35607f3bdda36
TPHW-4D8168EF0C1E94F9A738,04:D55B:0:1:1,50d0f53606db4510e56b5b2545507f21b1b6a2ef3b340d79d23983fdf1db8eb9
TPHW-873F4B730264105BF250,04:D55E:0:1:1,9497bef87f0a2e54774b9a954ffc36c3364e349cc0275114b1c5c88b985e7109
TPHW-AAE40589ECDFF0504497,04:D567:0:0:0,d0b7b358ac78ed82489c102477f1657ccab5c4fc900182907d20caeee6dce80a
TPHW-A37EE58C3A8C17B69100,04:D567:0:0:0,2ff3ecc62cbac1219a05658b65c2c122034b02456226fb995b645d288edf30cb
TPHW-7AC876D92F79BEF98AA8,04:D975:0:1:0,52e4fea40673ae12c54eb5cd566ac238c70c170ccca41200b38617ab5e7ebc2a
TPHW-E130D13D3108055F2E62,04:D97B:0:1:0,ccff5988c308ceb32974bc70f52e5a42fa83a40f92a80991efdf8c7f3ffe0189
TPHW-65C6DEF515F694D4420D,04:D981:0:1:0,f503d67da5db9bd2a22664f3e9ad9b100d6f2a0f5d60add594386b67bf1abd41
TPHW-5AF87F7C2DD54349EE5D,04:D984:0:1:0,ff554f0cb1b6bf5ed4cdf4445c85f6c0187885f5c09f44309145a09809bc8278
TPHW-DB509D61A6E14E786648,04:D989:0:1:0,1b58e94f2164dd8f5dce153e19c3eefc13612e0002be742eb040bfe52b5fd778
TPHW-1F628779DE044EC3B315,04:D98E:0:1:0,c212d493746938c9955e9fb829948dd7abd44272259c27c7ec6ffa681c1ed3e0
TPHW-1B5616E8E8105BED1376,04:D994:0:1:0,198fd3df6157ddd44e3a617e480a33cac72b09a4a597fd5bff7e475504ee36ce
TPHW-E79B5BA2D5AAB723E6D7,04:D994:0:1:0,9c0049ccc3123f593769c6420c0ccf22221f5e8660695ae6b4668716ae8cbfcd
TPHW-30DC497E49F5D31E1BD3,04:D999:0:1:0,54167ba3937642dc617117016391dc4a6cc52baf41b3a2e9f2a033f536bff607
TPHW-FC2F1D932DB0213BD00E,04:D99F:0:1:0,39c0f52076eaa3be77d4be3e1c4806fcc0289f3d38e3341b77a30ce2254d4a43
TPHW-AFF8768460AD0B528225,04:D99F:0:1:0,3b3b8ca403d210dd9d84fb5ede67c696466172f983d1f33caffb9d2972f0180f
TPHW-DC6AA468569476556317,04:D9A4:0:1:0,649b9c37a82f94342d0c5a64982f8e6b09bde3d7399c2a04b0f0aced30fb9212
TPHW-52474BC34D90605308DB,04:D9D0:0:1:0,e50e008bd1cd5deb1f64ccc64645ba6bf732e4e69a35bb47b868c33dace37463
TPHW-118604D87308F95EE72C,04:D9D6:0:1:0,1d901353e9f315fe6c8e57cc6b3e90a07386264d425086bafedcf95ca6d574c1
TPHW-854D56E0BADA6B60E3D3,04:D9D9:0:1:0,3fad615cc858d2966f801889c677e0b54e0b5aeb22fc05640d833d6d40fa6f26
TPHW-C10FADA74A64315EF94E,04:D9DE:0:1:0,282ef352d4814814c3136af38aa5bad189fdf00cedc501732ceaf2209a87da50
TPHW-AA5E64BC1C3D7BDFA454,04:D9E3:0:1:0,e75775381103dd2b2850888506d4673002bbc7de4cb20a8750bb645e8c305077
TPHW-AA34E7E551AE6448E6B9,04:D9E9:0:1:0,c8a1e6743e339392b5db001e4aa80a77b7b5454c645779ca160ce80c2110a277
TPHW-62679BC7F7F6BA444497,04:D9E9:0:1:0,64bbef321cddeb67e750c85ee4c1bcb5994fbc1c58065709a6b427a5ad7002a5
TPHW-1CC644B09E01EE84A520,04:D9EE:0:1:0,b34375b151678e8ebef3c22c238d5cf0136be9d43f57b64f1d87300369699780
TPHW-5D59A669ACC30561259B,04:D9F4:0:1:0,e0388149208ccfc353610183076597b8354b49cfe9aa07166f12591ac0af5ccb
TPHW-BBF71317002553837E7C,04:D9F4:0:1:0,bcdf512d4ba793abdfbd136002c637338b3494d96eec7096c72589263da5bda1
TPHW-3315AB0409F0C7A74B21,04:D9F9:0:1:0,5e939db4ef131e20baad74e35a2b3bdb77c4c0999820736599cce6a51c70cd1a
TPHW-940246C99692B720227D,04:DA1F:0:1:0,b1ee210aeb710b1a86862177aedda0e5a613c939c7e7d0121f5efd227d868e29
TPHW-B8954078785A0D9B0A4F,04:DA25:0:1:0,fff6ce36460b6a77a285ed4f280c3842dd11bb77995b9760d05dfe4c3eed5231
TPHW-A249C39E9100217E7318,04:DA28:0:1:0,ef98f4450751edc28c3750df68a48d33889c3281f2672f6039d24ca893ac2781
TPHW-ED99F5DEE7C72AFE765E,04:DA2D:0:1:0,1d80d1d0c464aebaecb450780ce78e6913780a52de1181829afea0ce68d6e279
TPHW-AF4E393622955104BC05,04:DA32:0:1:0,9abc147f373a545c65675b4a56e5233d434f71961501b58f2c1674f9f1054e44
TPHW-CCE104993E138AEB3969,04:DA38:0:1:0,ad27c7655c218372edbcfcf3cf7f9658679620045f61a334ad107f5d7aef0203
TPHW-0BD5803C6AD7530B91FD,04:DA38:0:1:0,0fb4fb526873191b0883a9b6b9d50cf387c7f8d0995d00c1627f3d001f65626e
TPHW-E228D462C8FF03044152,04:DA3D:0:1:0,c9a30f4fd615002c7912d15a939ac4d1d3a95705b2dfee915cfa28da70d99e8e
TPHW-18D27EA7952D253D61A1,04:DA43:0:1:0,1af0dfb181fe92d62cbd94a8c0dc76ab18d5fab41a6a4ee44a77455629d9d392
TPHW-928FAF7A8CBBE0C14805,04:DA43:0:1:0,8030740924262d30d9ece536c7cf922cd32229ac38e4c878066eb9f860f8879c
TPHW-3841E1BC2559D2E68AA5,04:DA48:0:1:0,2542fdced204fa2b70068a10b87553765cb5f4bd316c980d9881b984dbbb4c02
TPHW-AAD2B9718F396EC80516,04:DA6E:0:1:0,701928de3c76249f0d7aa12d78bd1fb176ce8f545c0c30c8a384cd7a2bde2ae2
TPHW-5D374A3F43F6B44C1815,04:DA74:0:1:0,898e78036d5d123a7e18fbccfc9c935844c294209d01b65834901fb9c45662fc
TPHW-B65F50234F98BA82C832,04:DA77:0:1:0,e0524617fbd1cd7766038087b82d30577757d1704b723bd7e46782008797b77d
TPHW-DA68F23F24FC9D54DC33,04:DA7C:0:1:0,32f3af9b83d0e3f821c962a94edd72b02f773f7fb9ecd24a41da533918ee9e56
TPHW-EA151C29BE5D8A802189,04:DA81:0:1:0,dec95829614a2715c3f457a5ce7b314dfbc3cb3763d5b8972ed924e99dc97bcd
TPHW-202B6DFB70B8D04865E7,04:DA87:0:1:0,92adb6a06d27cee39284e9cb2e79f9eafe62b7923fcf40d5ba16c6f4ccef7baf
TPHW-1F63748BAA67914BEF63,04:DA87:0:1:0,2c421143977776c2ced44b0c439aa1ffe680ef3bf618f56a9a936de81bd4b5f1
TPHW-8C70DFBC4224AED38FD7,04:DA8C:0:1:0,fa36d3e294ed63fe0ee5898e6c5f81a514d36ff98f0bc6f465b02c2c62c24b78
TPHW-BA3E15FB4D4314D3F4F7,04:DA92:0:1:0,81f2a48151b151a349f4ea08cddd94d49e22a77c207f1a9c041748df2238bc70
TPHW-67CBECF056F6187E6AEE,04:DA92:0:1:0,74550baba1972f82d2a20e9332962f6ab1e22ea4cfa99b7d14f4a22fca77bc60
TPHW-CE8F7D42CCD465080246,04:DA97:0:1:0,51af472b97e7825586c19a1b34293ae90ff54c65d7bca92863abce144be87bbd
TPHW-2C244EFD2CB7013CB880,04:DABD:0:1:0,9e9b0345846ba7291ebde2e199cf46170d992ae29c75262de1acdbff6617570b
TPHW-977F31388D3D3897830E,04:DAC3:0:1:0,499e691564a9d597b4e0bf407edc4572bd31ef95e86fd2a04ac65a2c8ad03139
TPHW-07E79D9B85611C154895,04:DAC6:0:1:0,5c32c7c173662ef8022064c02374c524a6f6292f7bca18e66d06ebfbd9168176
TPHW-E90600BA80411F7C8F3B,04:DACB:0:1:0,be650f9f2102aa9d92b9e4037fec9777138e8d214f877192a0bec6e82c9f6bc9
TPHW-B741493FCE57BD16566C,04:DAD0:0:1:0,fd26b5da13dd24d5de7ede869188e59d792ea48af7da685feedf2541f4dab841
TPHW-4EB51B0D7A81C0AF4A20,04:DAD6:0:1:0,4dfebca635a92c1f267372583e6e51d874ce10a049b3d915a65041878290e6a0
TPHW-E5FC26270491B2C304A3,04:DAD6:0:1:0,b82243634e4156583acf2388419821759ae6a36b6236d2131cfd7b6be6ffbec3
TPHW-B4C09294C181BBA64F5B,04:DADB:0:1:0,d31459188ec3581663edcecfef0a06c6d266a69337f7f5978f3ce59629f02f4f
TPHW-1FB9E61EBD7AEFD95E9E,04:DAE1:0:1:0,bd357331b142dab464ac0f547ab8a6b34565e440c7d69fe78606c5a81392ea27
TPHW-04863A812A1B6ED2D65B,04:DAE1:0:1:0,9c0947c20d393c6e1f72e19e6f549f2824936403d4e087d6cc711deae28d7d42
TPHW-158D60BFE5D732AC16D8,04:DAE6:0:1:0,80e16aee55f095e606cf5f666a88979d513d03a0f23bed7114f6a64647231e1a
TPHW-0944045970D43F828244,04:DB0C:0:1:0,0a8f2f200d776eedde4b3990362701b3f9c9c03cbade673cf4489787e93a1a4e
TPHW-14D5373D0666148A3DE3,04:DB12:0:1:0,7c81b20f1c715776120c9fbb6467f9afa16150ca5c2a9a06feb45d40492d2d6a
TPHW-886CEC3D4075C89C4C41,04:DB15:0:1:0,3578f4a0342e541962cc7e7f65fc37ea016b0bb98dc7dd379c547600e4182dc3
TPHW-7D85DD1FB08A9EA79292,04:DB1A:0:1:0,a1171c5795b99a8cde9b0bd5f0606d87447b3a9d5189977b74d3164a4d606365
TPHW-55A9202627FF766E7803,04:DB1F:0:1:0,ba10509c7e4e54f94e7d1c90ce09abf2ecb2e20fbe1fb785228bd66a9122abc0
TPHW-CABE68091931DF35CE8E,04:DB25:0:1:0,d0a38dac6bfe87508702b49860768f516d6f332775214a066f750623d8a5e4e7
TPHW-1B2A1671801791F5ED39,04:DB25:0:1:0,94447807e1ce16772c4163c6c5219afa870ab9990abc37673fad6a66c96415e5
TPHW-16591776DB292C6BB381,04:DB2A:0:1:0,38e68db8b45caee57c6c08195483d45e5338418fe2360f27156fd4bb0651a1b1
TPHW-A8163B6F86459B619A45,04:DB30:0:1:0,447ca63b3c7e0c188dcda3291ee6147c14104ea2ba1c494a702a32de9c9b80d9
TPHW-EFE303D82814EFAAEFFD,04:DB30:0:1:0,d5c76285a7c475ffe7d017364a2a891f9cd2da142892ea3c9992f242f1fbb811
TPHW-85C5F74C28F8E526EA34,04:DB35:0:1:0,571fb5cad1a3d4b914300a4275bfb0007ae728ef12ee199092b83b424916b9a7
TPHW-4509E96C605F0DB751EC,04:DB64:0:1:0,1f1b532596fea9588b822c16a637a8067de8debb9d5299e13f4a401346e299f8
TPHW-0A8DB1707972307863CF,04:DB6A:0:1:0,1dd01efa7a3f60752ec9ae9fdbb590d4d482187297ad127eb838ded2ad18b344
TPHW-41C75A294CA605DBD40D,04:DB6D:0:1:0,c18e3f2d146dc876779b39dbc2cec23aa0faec66c0c35206bcbe6961fdd19331
TPHW-915EBE9615B6E78978CD,04:DB72:0:1:0,881f89a6ca1c0b37e952b9e86eb2a86ef0cec6ef2b09ec1405d83a1eb66027e4
TPHW-C184C6269F1C17E33502,04:DB77:0:1:0,2f2e1e5e11355739029116f70b0ec2ba79b6482fa566cc94683b9e5f656f000f
TPHW-C08B70FEDF0E683BF979,04:DB7D:0:1:0,9bd763502391aa01d2ea4ba7c79b6dc4a38af71a0555cd1d31c2ebf0046739d4
TPHW-62267C10D2B90B66F8D1,04:DB7D:0:1:0,1aa1f4cd1425ccea26eb190a6f0da8a709949103604d016f7b845302f9a5ae52
TPHW-008A71CEF0236EE048D9,04:DB82:0:1:0,77c7f2c5df3ba99e2c03b7f2105afbd501179545000193eb5abc22e358f9f60f
TPHW-6B91A9CE144E51744139,04:DB88:0:1:0,3425b8541832f1e43f44aa25c23427d1aa1127228d2de85b91051e66d6fbe472
TPHW-32BD389877D54594B6C5,04:DB88:0:1:0,3589d26eadac257052f3f2dd766baee959c168ff456244a62ad72ea201b5c6b3
TPHW-419B160840EBA1062750,04:DB8D:0:1:0,1c9788c3a410eb5fba9292d2507618f5c3e771ceb0f7611fa0800ee90f035db5
TPHW-30E3ECC61BB964C44132,04:DBB3:0:1:0,18bf6e36defb759d2fd5a353f191f466fb541605dfe5cf1aa49d0fc218537f7e
TPHW-5752FA991CBA9BC466D9,04:DBB9:0:1:0,9ae3f866cc3fe2dec57b2ebeb460628eac8e02dacddab87e20628a1689852bdc
TPHW-0061CDC237BE912372C6,04:DBBC:0:1:0,dda121148b2fbe642e20b343ebb426a5a8d229ab068eb9fa49719e9432d6ebed
TPHW-CB4D0AC86148657EDF36,04:DBC1:0:1:0,4be770e55d0fcdc8918c8e909e168976c26a3b936df431c35f9c862ba3f2536b
TPHW-0D7ECF858CC6434B0156,04:DBC6:0:1:0,a7c4fb55954cba1c2db336607cffacefa937540d74da49bacfb27ea6558d3b31
TPHW-486B7763A98ADB5170BB,04:DBCC:0:1:0,d68f99d6576d17954f791796dcb346f0ca13eaba0327807fe71324a7c4950896
TPHW-821A6F422BB8E4141A54,04:DBCC:0:1:0,30edc487550373549765e6010427736e267fd935ca9d7bdd3cc5fe2f26d0375f
TPHW-850E8A38C0FBCC3177F0,04:DBD1:0:1:0,3ec7fcee08fa4472154cd63d935e8211c45847e58b82f2c08aecf959bacb6cc5
TPHW-889C75952B9FD25069AA,04:DBD7:0:1:0,2d4f3b2fdb95f48b58f24302462a1f23dde48a1115e6c283d0283daf5affe322
TPHW-7460281AB001FE84A60F,04:DBD7:0:1:0,9e550324e4a7c4f7ef591d8c82d48f8a39c17e5a0cfb7d221b3a695e7adeb934
TPHW-2609BB339FE4C2DEE977,04:DBDC:0:1:0,d02da097a3ff629659b8594f30667d3b65c5647ef86091b6c1a7babc6394bb0c
TPHW-2E41396A222387305216,04:DC02:0:1:0,1ae62530c5e20a3f64474fb34c9b45b0375ace2d5165afd10767526b66234dc6
TPHW-39F099E234B0BB169A87,04:DC08:0:1:0,ef3a39d0e66840ae7e67c94041a263b2084d2c38b7cd948b13c4daa6695e86a3
TPHW-796F3079398FF2AEEE72,04:DC0B:0:1:0,b5ebfc27831b0eeca3d8e754cca5e8bfc4c6c9c3daa19644710bec483b7c075b
TPHW-D9E6FA3E3115DD39B196,04:DC10:0:1:0,3f7daa63c904bfe348c18dd01b9ccf497c85cb3df968dc199f47540fa723f2f4
TPHW-89F3BFADD38D70632C16,04:DC15:0:1:0,15ed7f91ece08a469c418ee5b0bdcddc8d034f6398b45f2cae2355f1bbc2328c
TPHW-C7324F7084CCA74C533A,04:DC1B:0:1:0,7dfb53326923007b2efe407315dc94a12a833a81f077e1d0bef9e909332296e1
TPHW-3A58C441CE286187C97D,04:DC1B:0:1:0,c1767a399004c347f4c044328d97e9169d1ba8187307bc3c68ba708406586eae
TPHW-631C9EF0309C7DF952E4,04:DC20:0:1:0,8ba3d5f2462d34327f5f47cdc2f3b7c9d75047dad1e349b40ee8ba0c5822b661
TPHW-D94C4206B9CAC1208365,04:DC26:0:1:0,1b772017885faa108feba8c846560863071d26d4f4a353d24aa780d85ad6926a
TPHW-FA4ABA8FB9E42A2E6C37,04:DC26:0:1:0,09a5e716eb39a6c36df36200bdf49bd6b9870069301e441ad9f3cb2196f4b4fc
TPHW-E505710A88B0FE431958,04:DC2B:0:1:0,1f57e400ce81f21fed57a932215c364660b261bc8baef8ba3ac107d912a09f78
TPHW-DB895D964F408BFB8443,04:DC51:0:1:0,b7094aacc495b121f433a474f055c06d0f3ea2595346943a3d703ec0eb1b2884
TPHW-0C51257E69B2ECFC0336,04:DC57:0:1:0,cf5e261adc47c70df719af68983ae457170c1491bbb8abe0aeb08cbcabab4ec5
TPHW-56EAAC73FED6F452B54F,04:DC5A:0:1:0,145f0aeb28fb13b61fd1e883541a0b423bdebf84744d8ee72404626c0c25400d
TPHW-C1D9BCCE4897E671CCB8,04:DC5F:0:1:0,86c906baec23740ea80c451ae44e11fed92a974d2439bdd6245e8dd41b12e8cc
TPHW-077195FB99551204BB5A,04:DC64:0:1:0,8e8cc224182259886db8d8de85112d9ac6b2e5f28bd7b775890c78f8fdabb6f6
TPHW-9AD24C85CC0235602DD3,04:DC6A:0:1:0,867d578edb936622ba7a6f623ba64ccfcb8e788530646de2bc0fd8d59fee0892
TPHW-29566D172CA72B78250B,04:DC6A:0:1:0,61e55b44095c922d791c3a2b119d79c2f53349c5968eb0e9dd38b956f7c58eb6
TPHW-45F50FC19046548AD0E0,04:DC6F:0:1:0,dde0a25d516aa7e9e97cc910f46236a8b626bb6067d266b6d897663c352d420a
TPHW-8003811766CA36F0DB53,04:DC75:0:1:0,c9ca19fc7f9b991dd4bc185da2d11a1db5846c098e55734abc7b34022928a661
TPHW-E92B554C712E29AD5FD9,04:DC75:0:1:0,d4d9888d0b912e42850f57024a2dceeacc54549594acc5a80012dff927c65d1c
TPHW-F0D2076BE11379C07A37,04:DC7A:0:1:0,ac086069e8a3adbccc337d26e68b698f990d1895ea01e80317266c941f0c99e6
TPHW-B27675881F6461865DB3,04:DCA9:0:1:0,3e6dbeba9ed4c70dc516fb96e9c84be6424d26b9b2bc212448c509167200639b
TPHW-FA8AAA7F4A49BE309588,04:DCAF:0:1:0,aa0fe8918de801188e3856de6d8efbe4a3e76ae43c414264322eed1c29ffe376
TPHW-D3D8B26A6070200292EB,04:DCB2:0:1:0,6b44bdb4b351a2d6a51039ddcdad6b7ea0458d0f1aea4039c3d09b43b2d5b766
TPHW-05AB95FA2BB4BED2F3BF,04:DCB7:0:1:0,513a866de3339a3f2f1f7edb66fb2f75b2bcc000069c21341c060025bfca2ce0
TPHW-5E83AC7181F29C8CE347,04:DCBC:0:1:0,310c278a65ce2f364ec9495800bdd6875fbd96136cc9acd83dc9148750517ba7
TPHW-42C8F100C7A35D62944C,04:DCC2:0:1:0,875ce37af019e03c40378fbc2e18e275c0707821b7f2ee6c40211f3be810db8c
TPHW-6685A9A1F08EC4EE3A54,04:DCC2:0:1:0,a372f231539f7d4833d80f5cb3e863ca0e90aabffcb28e3a41922259430f7cb6
TPHW-003358EA93E00C4DF7EC,04:DCC7:0:1:0,38ec10f95aae2d5d3558c6e443bc1374c962f624997b4a96a7ad69c20e6b5e87
TPHW-1EE898CE8CCEC401EB4E,04:DCCD:0:1:0,11aa968d4ed55e2b278ce01ef847272515423e3b957764c204f8d319a35a0fbc
TPHW-66E393F3A9B40813E3CD,04:DCCD:0:1:0,163ac3b42b596dd0bb339e8c018439018cd0325d845f348745d1ea9350ebca8e
TPHW-AB9F33F9033E268463EA,04:DCD2:0:1:0,8b6b8df86162e0ebab917b7d21501bd383ad686446c4daf56d3c6590f2fac692
TPHW-C4D16A926DE05E34EF7F,04:DCF8:0:1:0,0e025fc5bdac7f9f1f133ee6a8ff7c3cc84dedb997867b1cda42ff4d3cb0fab6
TPHW-C671A7701528CA81E70B,04:DCFE:0:1:0,e9ab0f4933ba58f59851cda021093f9a110586ade9303c24be0d442e3b37fb77
TPHW-4B42075EDE9E2FDEC039,04:DD01:0:1:0,e99de7106f94a315607c9f5861c9d965cf27c3e2f03a462bbafc0813f8fdba33
TPHW-3F43616F6A46192DCCD3,04:DD06:0:1:0,8f059fdb13249a85d8c01bc103b7fb672540584108f7fd72c1077e6b85c3a21d
TPHW-13408760D78302F13F8C,04:DD0B:0:1:0,5cee605b27c9720141c68a1f73a6e71549fea9a19aa0390d2f37f1e9bdf6e0e2
TPHW-C34A0A8434FE6C9F6701,04:DD11:0:1:0,f13e47e72b18a439d4fbd70505cfeb47a44751d6dea9dc0903bb39cde873efb1
TPHW-AC4412312E4D5FC07862,04:DD11:0:1:0,f7161d74ea3b7626940fb2d0f83199963700a2d66fb2c9ecaef917e372eee2e8
TPHW-E950DD5373110DFB23D8,04:DD16:0:1:0,cdb361736683c3a07f63bfcc14e1378c80b696f5e2ae628c9285566bafceb401
TPHW-1A43F56F2C574E5A4A6C,04:DD1C:0:1:0,057cc55a7aa26f335d4a113879cd13dc34acb25a0be40eda1d30aa42695ea3fd
TPHW-4B0F68FD82D77EB90464,04:DD1C:0:1:0,69071bd42b05e75a4a15ee30d08cfe50faa2be77c232e8209cd4daa71723ecbb
TPHW-5213A36FE5F2A5E7A1B6,04:DD21:0:1:0,121bdf937d797fe0832507d5066821cb0fc78a49ecf43a9f05519f72f10ebd3d
TPHW-75D65404B74BD7551310,04:DD50:0:1:0,8fab0cd198e38bc614895828c4f76d6a86ecd40ff2633ee62e5b1a1960aeb867
TPHW-338535F7F5DEB713D6D7,04:DD56:0:1:0,8ee824bb3c5abe0b340b5f611bd0617565304296b8c15805c1419a14815be3d7
TPHW-2F2A18667CE184C6B285,04:DD59:0:1:0,c3867e513bb3e9db0041b501159727bf5fd781b70036524fe056c8ad02351e02
TPHW-D5CDA3BAE4B4C8FA12F2,04:DD5E:0:1:0,6263a15800473cb63e963cadfc97d08658f7f5118baf0721afa2d43704911a62
TPHW-5F1A04A9B986CA4E2ECB,04:DD63:0:1:0,679787168e6a8809e42b1fc7c017431762c030373430c6ed1e9902a8a4e2090a
TPHW-CE3B2FE5907A1F70F7C8,04:DD69:0:1:0,ad45777ef54af6b0cfe3e40bf5778b310bc8399a4c5721be670eb2a8df02ab49
TPHW-6ED898DDA764CA2B3C56,04:DD69:0:1:0,8ec946ce174847165a01cd4b78431a9e73a38baeb51632df31a5aa8fe59d3dd6
TPHW-A451FF923FCCF6021F25,04:DD6E:0:1:0,fce7cb92e9f432b1a4ca143b5a25049ea760afd48930aafd60d1b8c08aa9e14b
TPHW-13362B051F7B0FEDF42F,04:DD74:0:1:0,c9be591757c706e6fe38840b69c59ce06881b1e1da9e59f2e1c53df82318d000
TPHW-54618F09D7E1B7164981,04:DD74:0:1:0,23925a17df413e142d12faff69103774d400166f26e22e29a0cced8bf7b9b9a3
TPHW-2E06DBCAC8DCEFCD05C9,04:DD79:0:1:0,5ff5e696932cba47d834ae848ac0234b6d0015bcb415bab1677c58cb8ab6714f
TPHW-DCB7BAB9C334087A5277,04:DD80:0:1:1,174bb9a372ada7ec04ec1dda24902c71c51ef24344766849a2a4be3e447abe19
TPHW-873E4570C025881944DB,04:EEBD:0:1:1,50154dce83cf199013443dbdbe0a3592d81c402040d5dbd83d779ce2946c2e79
TPHW-9C9A0E747A16A3085D9B,04:EEC1:0:1:1,56e3b0cdecafce68b1beb3d350eb8a40a09475016b66db7958398964fc916ade
TPHW-BC1F537230C38C0E604D,04:EEC4:0:1:1,5c5aa46fa4d8f3ef41223776edceaba99600dfcc3156d59bc6259238f4bdadd4
TPHW-8245D1F65DD3069C89A6,04:EECB:0:0:1,442e9167986a3cdb240db1acf29db13dace15b9fd71e0dad812fc02546f8173b
TPHW-80D540404D3FE8D33DB3,04:EECB:0:0:1,c724e5785d35ea1154057caed59291a26675f37e3e71573f0eeb840f82ffdb7c
TPHW-9D9294D66B5D26D7A034,04:EECE:0:0:1,0ad8eea3536a10417a19448bfb25f274255e41379847eca2f0db34bfd983e03f
TPHW-86C0B16E096106820377,04:F460:0:1:1,3daea011ccd351453dd3f7ee03730295ee8d10e122c1bd3a78877c2cd976650d
TPHW-BFE20E73ED3882ADB49C,04:F463:0:1:1,2a513ddf917fbe4eb755e08382204feae79365e41d2bb75c3388846cc50e4ec5
TPHW-30A0AFF2C8CA5ED72660,04:F46C:0:0:0,695132efccdd09871c47e0810fa06fd6d66d273245673e7b3ffd8abaaa0fe136
TPHW-A6C01A7F7452A1F98394,04:F46C:0:0:0,9fc4a01fe75e70975e41f5fe995a9928a1140a08383a0ea89c53f56f550e12eb
TPHW-D8879895F721D9712738,04:F482:0:1:1,8a5272b63df8145a4801f11b5c8f7bb34c2549794be43876f67f1b5301c80365
TPHW-D8AFB7C740868515D19E,04:F485:0:1:1,3b08009b55f9cd34273a4f71fba9187b41c7d0b008bd8ccdee71a20bebafce59
TPHW-C334453259C4D114C01F,04:F48E:0:0:0,58b4297e9dd915b35ea3e370a1f408535219cf40643dd82ecd320aebc76e572a
TPHW-85D99259A3DBF43F4429,04:F48E:0:0:0,3ccf567a1606eff27544b4fafe25b43c41ee205d854339922ac22096a33b83a2
TPHW-C860F360991B6A996EE6,04:F90F:0:0:1,63da89aee422c12ea4fa156f7bb351ffe94352bb417f6807ce41f65c5f90e485
TPHW-5148BE70BED3CD2DF0B7,04:F90F:0:0:1,4dfb8c2f5a774b9bceaf2c1642d411f073ffb51d9b14a130035ce479de0a2918
TPHW-BB3D9F6365AF8EEA68ED,04:F912:0:0:1,cf39f8488c46588d420a0cb6862bad3c8dbd5bbf05574ad5eaab78827db8ceaa
TPHW-A92C282943A6810D922E,04:F91F:0:0:0,41071bf4107918bb2295fbf4f10f00ad37afd43eb4b8e8991019ed7f8ca5c035
TPHW-93D8FFF97B60842C88A4,04:F91F:0:0:0,09c5cd495e62075b9ceea95476d5e658360d4a8c789f45d1ab928538a674d952
TPHW-C68BF84ECD6CEFF9D2ED,04:F922:0:0:0,55dd9007d64072036ba4696c04e13251796930ce645f691d07a70b2bffbc553b
TPHW-35CFB8985320CADCF8B3,04:F922:0:0:0,35bc3a83547f640bd729213ed89225cac3d09fc31a66230cadda570e123ec559
TPHW-FA9776159FFC2F0B1B50,04:FE50:0:0:1,1f97717eb5b2b133ba2510db81a6ad707d056ba421bd43ccc398e49d40934e0f
TPHW-6B83269592465790F0C8,04:FE50:0:0:1,11e419882b3236c588ecf89f8255e774d29679def84bf640ca15567702620e2d
TPHW-ED5B37C43A6251DFBBFA,04:FE53:0:0:1,6a348f887d27141ab389674f8e6ce32f83eee3c88b77a671e840d61264018cf2
TPHW-F2C18D23B8B1E3D565E3,04:FE60:0:0:0,1af1535f67d39fb77e7470d8717b6be84a2acea89c2a0b601d360f15d9f8be04
TPHW-02A0EEB4338D31174BD4,04:FE60:0:0:0,2bb06fa61aeb70035526b18409b71755143ba4284c96b0a8012cc8931c611cee
TPHW-F40AC291A96C304A7E1A,04:FE63:0:0:0,4679d470636098edd8f8d27f3ffc80639392580e68dba97bdec777ad3b760f7f
TPHW-73D14509AAE81159AA93,04:FE63:0:0:0,fc066e37d13c37519d57e1625f5ab6cff7226a1073126150922598b37444ebd1
TPHW-7E4A8A9D9F3955F92F5A,05:80E3:0:0:1,96b4569933319c010dd7d00e0b2fae46bcfdee121d2c2e478892e5afb267a798
TPHW-E7AD746C0B1869AE6533,05:80E3:0:0:1,a98d419c56029abcf4d8471966b5aac22f43bbae57db3fb79efe0e00978e320f
TPHW-804C6448EA69E72E7439,05:80E6:0:0:1,6a69cd71fb3082e4340e75f1e02975f84b68cf3abf4f849940582d4a32558213
TPHW-237DA8015DA7D9AA9AB2,05:80F3:0:0:0,a1b7d371acdaad631aeab1f604e551cd9f87d3897630f091a9e93711af9b6bf5
TPHW-9F893556E60F5B0D4669,05:80F3:0:0:0,769cb2b9e7fab59cbd277a7f91474f2fc9c81b93786e3c61ab52d4d8bbe8c511
TPHW-D85E725F834FD7ABDA7E,05:80F6:0:0:0,8065f35caafe792db828d4b9faf0605ddbc845b852ae24b9b036958c6e71af8c
TPHW-1255B86C70F8907DF5A8,05:80F6:0:0:0,cb3a229d19b540bfcbe691ce2f431e3b4bcf91e17c1468d8cb8d477aaa47ca5b
TPHW-566679021D25681C108A,05:819A:0:0:1,3dd6ab382abc127aaad4526d868f78f28457ed7e70bcee5d367b9607a4f8b920
TPHW-5499D1FB4ED1DFE29CF1,05:819A:0:0:1,3b56f20593800246fe94095d97c3716a6e4e139df5f3d82f320d265efb5b2b5c
TPHW-CD68CB6C82BEAC4B803F,05:819D:0:0:1,5128f54508d39d031cd570dc2497358cf68d9af07cabf8884abefbdb8b501245
TPHW-3E8A3CFA2AB4B6E983F7,05:81AA:0:0:0,016e11203878fdca2b8f0c250b6a1f652af1ada61a7130c0621bfd92f9d81381
TPHW-A05A81BE7FEC06BD71A7,05:81AA:0:0:0,4ec7509d7f6804aa488d816a76977d01bf4feda6af75c621acf8b242a44cb17a
TPHW-B84C7B90CD06B9CE4ACB,05:81AD:0:0:0,1679ec48d8f5cca90edc65b985a0b28385c886f7a63c9b6b9c722c7217d31d07
TPHW-C738FE395B46AD452448,05:81AD:0:0:0,9066be424c534a4e63283b9b4e15809de516d00fc3e1a169b1f77a96d3d182ae
TPHW-D297BEFC3457B645049D,05:825D:0:0:1,b7585a6df2bd02469e6d7d47385ff9b364912898869d1ef0345b6a4aef4bc8fa
TPHW-76F5458A409DE0270FD1,05:825D:0:0:1,4fdb97521bb33528a314a0ada32e2944217dabe41c732be529bdb85598e17134
TPHW-96CC8066EB93927F05A2,05:8260:0:0:1,42d5e251fea949a5a27a5257ad60f34ed4827483e86a30ce31b898532928b196
TPHW-C32CDB25CFB2733712DC,05:826D:0:0:0,ed190d91fc8adb78bc9d9e2fff858313202bdc9fd96428e78e3bcc3271e004f7
TPHW-DBC7B9B63E33DCBE7BD2,05:826D:0:0:0,5198fb80b7d3b5540f26d46592684f01188ace77f36eebbdf7db684d826e0ad4
TPHW-19CA8E46544CA11BB773,05:8270:0:0:0,960bac05dfce2ea2d222e6dd5e035516c1c74b05bfe3eba2234074f8f77c21b2
TPHW-5161A022CC2668AB014C,05:8270:0:0:0,952c7cc0189166906f9cdf4dbe9e0fb0f0ebe3e2cc89fd318e390ab821323a1d
TPHW-5382ADA5460268ACD83A,05:82D7:0:0:1,a071b9fcbe25fa409925b0cdc904be42411a7e8d78fc6aae98db93cc5ff28b08
TPHW-AE362859A40153D989EC,05:82D7:0:0:1,34a57453659be3c2fc45b42c5b9f903d99d3a867f58232794e97e5a94a0ade5d
TPHW-014E52CAA2AA47A7ECE0,05:82DA:0:0:1,5fdb75625f646824a8dca3fad4dc8e38374390d2490f996a30ef44c0e51e3ecd
TPHW-DF7DF275A7C9D9AD1911,05:82E7:0:0:0,9376572c53f93a69235268aafc67999214717061082ece301b639042b6ea228d
TPHW-726033BFFC186D39F7FC,05:82E7:0:0:0,b5c9e51f86bbc1d0929c6bce4f1e1c2fde476699f2336571c8fb10e507cb6a13
TPHW-A5D1F283F89CD739107C,05:82EA:0:0:0,1c91946d47239d021a8277ba4ddb4f7374f549a4afe598c3dcf87b547b8975de
TPHW-2DAA6A99863D648D772D,05:82EA:0:0:0,2722b36d9851a0bb8863ba2586b385c37df6112dbe8005821f90b9efe96e3b7d
TPHW-23691F10DE9F58A208E4,05:86E8:0:1:1,86cbfbab8105a55b90a8146d8aabc2132f5b5ff39740735056fbf3d8a85c5b7a
TPHW-CDF6D2BDFC5F72F43124,05:86EB:0:1:1,68196ee071a3408a9a58e280fbd641e0d4c4a4f960416c3084121a0bb781d826
TPHW-86213705DC15204860D2,05:86F4:0:0:0,a1c224288c5ea713d82cff79ed8772715fc4492ecc396c87e41ad326c2c2d4d4
TPHW-13240A0C41F6E4285453,05:86F4:0:0:0,c0d46d91d6324a7a96919240b7eca7db2260814228b33dd2826765ebff9e01c4
TPHW-64A78F2CA1C290EC8E29,05:876B:0:1:1,01f53ae29a6ad3026885ececba0b1bef221bf27ccc49e97ea66cf4ba16a71a2d
TPHW-A78C2D796FAEBED8A85E,05:876F:0:1:1,dafff56b0a8d5015a789a9a125662dc6145edc61908db101d9fce03a2c21d0ae
TPHW-5D9BAA15F27A4CAB04E9,05:8772:0:1:1,f2d3bf1636ce4882628564a3b9819e0b01f67d502690ab3d53dc77b14807924d
TPHW-96EA07AA237F2B4773DF,05:8779:0:0:1,b0e4508a4a766557d060340279fe7044cce142e2c6f63e66aeffa8308302b694
TPHW-4218FD95A06B835DB17F,05:8779:0:0:1,46e6f8f4471ff9fdf055a478157b604fb3ba736d37fa1cfa4613c5031a220070
TPHW-BFDCB38D59DB8B2AFBE3,05:877C:0:0:1,39a93a1ffbfc8c998cbe8ece2ff94226cfd5b425fe22ef91e414e644f8620d50
TPHW-EFEE14AD5B9DCF4A6BEA,06:A5A2:0:0:1,3b8209c0dd5549db42442c33fc143e68f3fe159b6ba574e455dde91f03c48139
TPHW-1CF22FFDBF2E958994DA,06:A5A2:0:0:1,2258ab69e1ea5c91bca342a16fa43e5c31494648ee66d821f84d24567bbd69dd
TPHW-3F49B5390887190E42F2,06:A5A5:0:0:1,985624e00dfe7b991b22edb9a9cfd07fc892db46ca7b090224cfccdd95a12afe
TPHW-7F201D73D058457C63D9,06:A5B2:0:0:0,d8295547d6379ee06886bf338f1f556960a21e19265f22894c74e0fe915a2c76
TPHW-2D427F07688BB35DD863,06:A5B2:0:0:0,023a83d899acfe3832a70c3175366345e70e5f27a3cbebd7683f4f616cfff3ad
TPHW-2DAFC8D0BE87824516FA,06:A5B5:0:0:0,9eb338d4454c526e52c16cedb76476b80f32b03be6adbfa73d1036ca83c353d2
TPHW-53C66A873AB8DC54905E,06:A5B5:0:0:0,1544f609aa5dbefa66aea6e5abbfe019cfdd8a435d6b207b2243c0372b815417
TPHW-05B487E0CDB703FE67F5,06:BA4E:0:1:0,7b217bc507cf1ab62f5321bee4678111eb67439ce0b15c70f65a1be5c959296c
TPHW-F1DFC5EFE63FDB7C1370,06:BA54:0:1:0,eebb1bf864780039080ddbc8f823978bd7fa4e933dec7cba0819f0d63391d159
TPHW-CC575358B07DBB969AEC,06:BA5A:0:1:0,e5fef8546e08b008bd1e0a257dba213ee3b3ca9f7b017983ce7e21cec36408f6
TPHW-1C829E75791695D3BF58,06:BA5D:0:1:0,bf9763f57e2bde156a40ee5311da76ac867bd0f9e4d56753a8f8ae40444f273c
TPHW-85FE3EA5FC41CB28DCAF,06:BA62:0:1:0,6a14ace0f7922facd5d9a6f9d9c121af49f78fea0d518152a3041c6224d3d4b1
TPHW-D8D3E3C166CC7C8D18B3,06:BA67:0:1:0,16c5daee20c3d950090683080be0dcadd54a46693b21ed0503405f07828f1668
TPHW-740E0CA0E65D29D23447,06:BA6D:0:1:0,45db5033a7a59753d54933f6bbb8e1b8a51f10a13be5be2d649b04a641337321
TPHW-EDD1BA4B1BD90D4EF6BE,06:BA6D:0:1:0,de8ecd26911d3cccbb890ceb5e47545f0d9605aa2c84f1af3384845f0c40cd09
TPHW-5F140D1BA4C6B99CB4E9,06:BA72:0:1:0,9988e396ff48c7288ecc19fea01e4fcf24ab0f6e23c571980ebab2999bc341f6
TPHW-3AD73237EEB5AF6E467D,06:BA78:0:1:0,5c6b3caff449c6b7a79ee693620acdb4f487de0f2150b1ac28282525897f277d
TPHW-12DF3BC142F4C75464F8,06:BA78:0:1:0,c459b51dd40f85895984e761cf048601297ca2ea577da7387c3d126fdc9cb04c
TPHW-6799AE90850A5F53D90A,06:BA7D:0:1:0,cee7ef1bad848fb0d72174f57ae0744a9b37ec7ac399f428a60b1f83295e8188
TPHW-F68D8CD2622AFE6B7C5A,06:BA9A:0:1:0,a8ff0a6f7107b76f7388a10f23beccc327c9da910841815b7c8d8b96728f1eeb
TPHW-0ED9DC6BC69B2B52FA6F,06:BAA0:0:1:0,5a9ec27c9b87bbbce4da1d83e84b4682a4578b7c530b76578a7a12f5fe042b7a
TPHW-4696D218649CE5D404A7,06:BAA3:0:1:0,fec1098ab0ed37eab76f4040abf4c5b4724300cfaf5545ee182a92b34bd1919f
TPHW-AB8734A921E63C0904DB,06:BAA8:0:1:0,5833ac71d57bdd861e11c8795d36faae5ad2bffbbcfc798b41165d4696c40a38
TPHW-FF83260ED4FF2C11C2BE,06:BAAD:0:1:0,62dbb659108b617513b9d19d0661bc25ea0af635c1bea1ad66e387bfd89aa46c
TPHW-A540966B8D0961F6160D,06:BAB3:0:1:0,6d3822d82871aa9fe8cd0578fdf8ddd541d5874f9880d528ce4adc16c6ac8f26
TPHW-826A0F0A03B824E4B751,06:BAB3:0:1:0,4ff57cbe09fb6aad2129ab754b73a1db752515e13867572842d7a10b55b7e56c
TPHW-5A12312EA9BE7CEA5B91,06:BAB8:0:1:0,eb539f876959ecb494a3ad4c046103ca324beb2dd5350b32e8994180b38325fb
TPHW-C70087675AB1724E7B1B,06:BABE:0:1:0,5e131c8a81a11592532b3e44aa0d20163b3909bd221e143c8c5c9ba3c04f8f71
TPHW-8362BC3A92E86E3A81EE,06:BABE:0:1:0,b1e0bd568fc18daffdee9de47e744a1da138cd45bc66195f33b96e4edc5463d1
TPHW-9F2C4D644112C357DED6,06:BAC3:0:1:0,71b52a3720c8a8abb097ba88d5111846745152ff52c41eea3beba273d6526344
TPHW-31547F8EC9678249152D,06:BAE3:0:1:0,a88d0f5013167ef0d3b20c0078e6f693028b90ee30d16465daa55fed7b4d639f
TPHW-17E0147216A176FEC23F,06:BAE9:0:1:0,18659daf98d5b47ee8ec4ca3414f9d0d3b399b77b6c6a2b725b1546b2538e0c6
TPHW-CE601C503C4DB8F6387D,06:BAEC:0:1:0,595133c23e3f6615b81ba27083236ff5c2fafda33e8440bea0e1487059559308
TPHW-8B98F550906F55BEB803,06:BAF1:0:1:0,922ece997faab0b6c0c2508c21c2b6724e606afb51610a38c49ad004c7519f20
TPHW-6C77444BCD51458E7AB8,06:BAF6:0:1:0,631c16ed65cfada13cf85d7efd28bee23594e13272502f6804e1e9f08d9635e3
TPHW-9184F0193B51510E24F4,06:BAFC:0:1:0,95b94268f2b4a12f2dafd9d3836f27b134b5ef7c040ec64a9e2256866ac9c0ca
TPHW-338061B5C3A77CD7F26A,06:BAFC:0:1:0,33c1305379f1710263d49132ba9fd38d2e182070e7f6d5a272647fb2409bc364
TPHW-E863247BF7FD169BDEE2,06:BB01:0:1:0,b2704966869dcb201a16b50dec12dbec1765f3f158cdf56144bc1653ec95dda0
TPHW-14B34561CFF29CCC4D1F,06:BB07:0:1:0,273d3e494bdce17ff9f8498afe212552102526518c91a90e12f779f2c488398a
TPHW-FE2CA1211B8AA74F2B57,06:BB07:0:1:0,69d34c81bc6471ba6fd5adbb26329c83caacb492483c4475bfdfb1351f0236cf
TPHW-59BF057726DAE8736E44,06:BB0C:0:1:0,f07a37dd262ce46b949518b651ea98bd115cb0c58d21e21f3159f0e991a283da
TPHW-3D694823AFE5963FFF58,06:BB2C:0:1:0,672780aea54979cfbe928bf8e151659a19cb7b1674b8e3b1d1b977f65a713735
TPHW-07C0CDBE6020E29EA19F,06:BB32:0:1:0,bcaa60df3e6822d39d52a80609b9d068193d775738d958b2a813ccd8d9f46271
TPHW-AFD5BA109BFE4D63527A,06:BB35:0:1:0,ea663bdd822fec090161d9611ffaacbe5df4ac646d429506a64c7547c320506c
TPHW-001E50D2CC684C0DA758,06:BB3A:0:1:0,50e37b217043f7ec3a3563b1b6730d79d1ca037681a441bd2916f4e64cb5f608
TPHW-450BC36C961E249CAA17,06:BB3F:0:1:0,deb0c0ec46e940a39e7a393a4db93a79b46a75c7247447ed224ec2d5cbfcbbf3
TPHW-A7C1FCEBE7AC6202E128,06:BB45:0:1:0,4ed3730de3b9a8c767bccbe4665fa7f9982e712fb343990e24a4a7003bc81ad2
TPHW-12D3521BE223DE571846,06:BB45:0:1:0,47341acb18c3250fda61711866e0baed54eef192d2bde21271378e23165cb08b
TPHW-3B78084FD987AD26949B,06:BB4A:0:1:0,59d8043b056fc44ec6992e4a2570906f5b521186e6f9dfcb71fe01f701660376
TPHW-392F069B5D6794C669FB,06:BB50:0:1:0,f2108cce022f20a1ff201c089391a25fca765baab15b40bf0374674eb1f45644
TPHW-BDEF82D42D868D006563,06:BB50:0:1:0,a60d11be0bb1dc09a3f84eb202cfafe86727cbda387ca2b5a2c90156e2b1dd14
TPHW-1B9E221AB2F873E477E6,06:BB55:0:1:0,55af7cf1ab981e396ecae0aa390fc411a5353e5416764a993ad76b09e516a1d2
TPHW-9E34DF6B8A4627DE74DE,06:BB75:0:1:0,bf7d8f19a227e0910971f40a927f314b849c63c524307dd20b23f5dc625d41d5
TPHW-1FE56106A1614257E2A1,06:BB7B:0:1:0,515ba257d110b3b583e769e6b0ee1798302b23de87f09f475f8b8c1f8014b9b3
TPHW-96F8D3CE823AD2CA7C15,06:BB7E:0:1:0,6400ef837021da5ee4f6b95c7f9c4319e5cd537b1ab089f71dfa387fc2e84501
TPHW-40E70829E7508DE86F6F,06:BB83:0:1:0,c2f0fdc71e6acdfb89020265639dad45338c32b23203e322430af5db20bf4d04
TPHW-343D276FD278F06A2D8C,06:BB88:0:1:0,0b51c37226c65959b529906e35f9830528000b0659599ced0d63e1c5e9ef5c4b
TPHW-0E5DBFE19A4CCE9DDE68,06:BB8E:0:1:0,4f1d16c46ac646ab8095a01177e5ddfd7541bec709f799b6e7f75cf748c1bfb5
TPHW-F331C417C543FD541EE6,06:BB8E:0:1:0,fd8dece427d13a62eb87bcbcc3c6068833de3958785d3c86c9bb261067522b72
TPHW-18A119C1954A2A261FFC,06:BB93:0:1:0,be91a380715d0be55c1e09c26bf92fb8b87782cd28360d840fc1443abbd7f635
TPHW-F9ADFA944155459A7B83,06:BB99:0:1:0,e0da8fcec671a978737f0fecf68d63891d4b0e885d687903a1c4814ccac43249
TPHW-F497FD3B844F44D104BC,06:BB99:0:1:0,09c6464c0cc70538246863812947a98c28afd6750dd5d29ad3cda836eef340df
TPHW-7E3B2A8F78066CEF668D,06:BB9E:0:1:0,aba6453cfe2ce5b185ba52758c5a98bdb7095f09b151ed8d6021502c06b9118a
TPHW-BCA1D28416301EAD5BC5,06:BBA5:0:1:1,d4d0a0f14cd67a43a7d76b0ee510f2772622b8a7d1c542d5f4dbfc4e70114b7b
TPHW-0B9CC7363C4C4290997A,06:BF7E:0:1:1,346caf65d59471dccc94c36de3542e338a619520ddbd887e5fd8aa4500c3184b
TPHW-0E4B926C688961D8947F,06:BF82:0:1:1,889deb802da4e2ee7f4c3817cd26068b0330346675af62ce31c315efc4e50825
TPHW-C75DD0FA377F60D030FC,06:BF85:0:1:1,71b875fa022b3266c3a72f87f8e4a3d11914cfd0adcb8d15e4d10b28cc293b1d
TPHW-EF3D600D185D346D09F2,06:BF8C:0:0:1,ca737e48e1b347fb25b4f9e68bfaa9dc6923fb0478def08df3c734e32f6cf536
TPHW-06FBE4EF2A2EEA3A9D85,06:BF8C:0:0:1,26281b78b3d2e37d4c1e6745b27fd84be01d0de475ee11ba963af97b2f4d40e7
TPHW-7AEA1A4CCE49B8622A4A,06:BF8F:0:0:1,034d97ac4167c09296642afedb26b9fcf3dd8946a8a2cb0dd1006136d55e06ae
TPHW-3A58BAD069FA8FB23D70,06:C367:0:1:1,ced7ba69982a819c4e63469fc6ad3c83cc4dacfea2c3e05f0eb9f3b24a54397e
TPHW-38D00180BDF37929E10B,06:C36B:0:1:1,1c981757ef119250a74a9b8f456760b03af82a5f9d621112e085c531c04c2b00
TPHW-87E99ED15B6790145DF1,06:C36E:0:1:1,690bcc052ba9163a6b506768e6b240794f3a9c84d5839905f6c0547a5affaf11
TPHW-91C0EC1AC87BF7F76E77,06:C375:0:0:1,4365b1c5838293fd1ded65098edb033288be25dd234b718a160d8ca0fe6015fc
TPHW-5E7D24AFA2D74D26CD2D,06:C375:0:0:1,6812f92f56114833bde173b8da5198ff4b8084d26a4a8f22ba80f957dcabfc83
TPHW-9078A077B86835F0C303,06:C378:0:0:1,e8516549b7dd6a57591373619534f532fbafbca496c0d4da8361f7e4698de9aa
TPHW-498C4DCD01F5578994A8,06:C3C7:0:1:1,aa3bdde70486bdb73f88a32bd06c3dd2eda591a7fa01baed26e99380b41e0fa4
TPHW-94B7A0A0CF533AA3B27E,06:C3CB:0:1:1,c386375f76c450ad25c2e0c260aeb9583b23dd05a6dd4ab3f7adb5ca7d026520
TPHW-00514809E1A9BAF71B1D,06:C3CE:0:1:1,f4fe2a6f58451efdf2a077d3616e356b5cec1581b360dec848555d39f2ed724b
TPHW-CF77AFD23B14747CF606,06:C3D5:0:0:1,d247d7773c6f7b8813380a8e340372181e85553540ee51b995e3ad1f6553111c
TPHW-40EBDCFFF4BE79C297A9,06:C3D5:0:0:1,6325339fc6ba45ad388b63befd3e18a536a3f544c152dffdb50e3b7ce9c66711
TPHW-B4E600062581E0A61D1E,06:C3D8:0:0:1,e430c5b5ecc57997bc9142149b9473670af3c5d7f6df8e0809b3684dea550c3e
TPHW-4DAB20DCE448B7A87487,06:C417:0:1:1,045ce2022e309a302afe4caffcb4f0a6b6d6d02773c22507859d77008cfcc99a
TPHW-1633264301610DF527B0,06:C41B:0:1:1,0cac73e6d4ed4b0208b65a8b42731a3b903dafbaf14c3e7a567806586c77dd83
TPHW-EC8774B477783D5BDE55,06:C41E:0:1:1,a061c1e17c2cf54afaff00134152bb181cb4ff68d9a50ddff40837a9f4e9b805
TPHW-33AD60181D4C6E44565E,06:C425:0:0:1,5f59ebe878c37f382936d526a9db13b4a12fbc8859478a1b98eff676996c8882
TPHW-27E8FA2D091F0F811198,06:C425:0:0:1,920922b6383f9040431ec39a56434bae34f93c6b496209459baddee931f75c2c
TPHW-173DE6A330911133739A,06:C428:0:0:1,a287f2908cc0cd5c0ef41ad2b3af4c74d37033cad0088d09fe11d40679f462cb
TPHW-F8EE1078288B503A3532,06:C467:0:1:1,d188dac2e27d72116595cd51dd1297e7e8faa7556999c57331fb687f2708cc69
TPHW-B112532EB5ABAC8B0319,06:C46B:0:1:1,aaf18b451b575b33336a8585c21ec5b1d47f70f379d8d46aaa946f184e917655
TPHW-987C7955DA92D2C9A4B1,06:C46E:0:1:1,65199c197eee84d10deed049e4a7f74939a8ceb8daa74ef387d4f6aa685179c4
TPHW-78141A83C14375E0DDAF,06:C475:0:0:1,988a06b1e0a57e667ecea77f39b8fbeeaba2641e5cbaed6fb50e481a9f928033
TPHW-834F732F2CE1F1FD1D2E,06:C475:0:0:1,8504c43643336b5f932ec6c03e9c463e67035772e2db75ccdf34fcabf1412d4c
TPHW-DCAD22CFD9C772F62250,06:C478:0:0:1,a74885e39a52f9a5ed014aee91cdb3f9c889d1e09c04439efb1b46c08551bdfa
TPHW-DF1EDC2A94D511BF0264,06:C4C9:0:1:1,96e8d41234ca235da2496ae9b8de6af47a4922cb06a862b94ea39d0bedba3375
TPHW-A305F810CDBB36D480D5,06:C4CD:0:1:1,6561790541304fa3449d94a849425c9b1828f85354e37a5ad68d79f24f5902c7
TPHW-31A51CBE298F74DF8888,06:C4D0:0:1:1,f173a5d487625eee5ea736fdba68f156fe49494c49a820eccfb3e35253625dbd
TPHW-22D33C5342AC39DF9AC1,06:C4D7:0:0:1,7542e43627f47f6500b0080f42069f7a576fff23500f1e28fc0895bd27753df6
TPHW-C2D528A4837DFB6330F3,06:C4D7:0:0:1,8dba89a9b5ffead6313c32ed7a64a00de0cc3c834bfc899315c7c884424048c6
TPHW-5C757338401A752DFF7E,06:C4DA:0:0:1,59ddf4e2eb9edcf117e7ae1f8cd84a43389c475c0ec1e219c0ac13e1e9f437d0
TPHW-76B34763662970803419,06:C50A:0:1:1,e4b87692728ff3fb35ecc21eb73c6f39f6d8aa44093cdeaae5adb29644754bfd
TPHW-FE481471D62BCF6056EE,06:C50E:0:1:1,24503abf115af5b9f0b1062ba0b06aa08a90bae36bad2f6041c0c3cbe547680f
TPHW-966F22F4D6C8671AF77E,06:C511:0:1:1,a4fa80150d46b63431ffc8add056c49db38807c925723e28e8ff936ac7fd2c6f
TPHW-4B1D6A0E1F4D4E6D2A09,06:C518:0:0:1,0beb0c8ab95b6516f21a9c44157cee3b83214a6935acbe718510c6faeb5b04c8
TPHW-DB71F9D624CF100D461A,06:C518:0:0:1,c5392320c2674431ab123bdedf3d0f4d25603a7982022251953625c01f4a9df6
TPHW-00CE60D8F5BCCF2BD45D,06:C51B:0:0:1,09ec0af0e0ad18fcde43a0e945158f7dc402f36530fcb45e9f981ae9ca9979bf
TPHW-EE0A151F6AF5E0F876B1,06:C55A:0:1:1,3664d4dd22866d0d9758e491075de353164906439a721408a589099842774898
TPHW-B13ED5C58A0ED5F9A9F7,06:C55E:0:1:1,cdf301d32244c1f48cb9703c79542cf864f3aca32af7fa0c42d493d9dcf83d86
TPHW-0AA7061CB2D32028797E,06:C561:0:1:1,e67d730036acd795671b2113157ffadd997e000c300635c6c2b6b70e57b4d576
TPHW-4238371905582B888CDA,06:C568:0:0:1,21ce3959b2cdff4400eb51bfa99ea91a931867e7428444f6b432605b1d97ec45
TPHW-99883DF75D33C646197A,06:C568:0:0:1,cab3f467202651596b6367e99a1a2c29e900a41f6c722f3eedc2ddc92a8d1521
TPHW-A95F5679DA5AFFE4D2FC,06:C56B:0:0:1,d316a3a9a002551acae78ae0b84a92f2349d66e5f1438cdc9b6eea541be2581d
TPHW-5BF4FCB7AB771A9A6453,06:C5C5:0:1:1,6324ad09aec8cee1a723f63315a86830787164873bf693762eb059e5d21732b7
TPHW-9C1AF078BA65B44A72F2,06:C5C9:0:1:1,54c82f2eb403cf4095039de5fb6a245560a57b43f9db6f1866c9099bd1226499
TPHW-F3AEDE1E6578EFAC4E96,06:C5CC:0:1:1,72b8957852e140aa96bbb914c971f8225a82e66868de4fb67bb2bbe46bc06de6
TPHW-7573DB30B69DBE35B664,06:C5D3:0:0:1,d7be924535b512cd614e5f7ff26f4d7be91a8ef30a602f29594b2f155c0ab86d
TPHW-BA39F7C7C09BBE73D673,06:C5D3:0:0:1,0fe2d113d760da3c52bc8cb3bd44625109575b0cffb6071b0474ab9ca6934ee6
TPHW-D3F3CDFFA36AC972120F,06:C5D6:0:0:1,b2f024d2dc3a8302c9830bcdf5fad61bddcec9f3e275c6d6d391abfa65cd01e7
TPHW-B9BF3B84A452AEBBECDB,06:C615:0:1:1,35660e4f675fdb262aeb1d0aa93f372ba940a12af6ba09fcaa0fc2e54da20320
TPHW-67BADB4807C0255266F7,06:C619:0:1:1,94f9c2f936187d6cbf8a68396238b00ace7e861248e021d90d11ce9623d19d09
TPHW-7C8C8750AA93E6D87D20,06:C61C:0:1:1,0290499d4fe443286a0c582dc7ca1dc5a9a0dfe28ef4647107b899318ae281c0
TPHW-66655413DD07B72251B0,06:C623:0:0:1,abe0957070ca2733a66c521cb6fad5e6cae4aea9fb74abbc18155f998f14bf99
TPHW-C58BD56B9547426758D3,06:C623:0:0:1,585856bf177a0210022c377f0e797c2380fcc531fdfbdcb82e14890e8b6bffd4
TPHW-5BDB08BA91A9962DFCD3,06:C626:0:0:1,004cad5208a8ad38cfda737a83b2dfbd34bca2d9a57723b67faa46739cc5d8f3
TPHW-1DC41A874D2BF92F47D5,06:C671:0:1:1,58aef0624fafc204ccfedcc410a589a0dadfcb089b407f8a1d8de0e25f0b133f
TPHW-B5442BEC6EE656A90319,06:C675:0:1:1,54fc3124de38304c58e5922358142482259fb4040f7fc89b6c6c0e77c50e1cf3
TPHW-2753A13F7449F0688E5E,06:C678:0:1:1,3deb2ca89f53f008dcaec0148901327be6ea57cb922c59f3515ffd750e7eae85
TPHW-D32CB3DD4AAD87F07D99,06:C67F:0:0:1,630e9e80b4ff10471f918984e507b6c3afc1d18e4fb2003a2c7de717dc0bd956
TPHW-2BE6A76CD447A89FFBC8,06:C67F:0:0:1,e3eb9009adc8f95279406b3cee65336b142c9021a09a4ef87a48617a62653a40
TPHW-E97C3CEF60DF305FFE4F,06:C682:0:0:1,66ef0f749f23ca531fa1aa53df58e1edd7e203756a2371f4fa82b687e5cbdf40
TPHW-4B2DDE4D2D746367FCDD,06:C6B4:0:1:1,4fc8c5b62dcd4bb2c90b43b60f882fce38377f6e04194af88375de2a37c10439
TPHW-EB363CBB90EBBC0CDAC3,06:C6B8:0:1:1,2f7fa0c32c01bf215f19e4b19db37dd9ba49220cf84f6754bc52070e2fb22a20
TPHW-63F9ABBE292F55DB41DF,06:C6BB:0:1:1,b3e0cfecb9928a431f4558e60fa8c027b1288f02151e4c6ec279715bfc4925b5
TPHW-DB6E0F6503427C49B6A0,06:C6C2:0:0:1,532746a4f1f654ed3d39ae2ce6d62f3bd8ea865a13f7eb923f7112585564b9d6
TPHW-110E7805F5CFC69DCBF3,06:C6C2:0:0:1,492dac33e271b55ee0acdbedc17438808fc22707dc5e52f07de7623f3bcc7277
TPHW-D55DB7C83C88E7054584,06:C6C5:0:0:1,ab8cf25497f861d23b6bd073e428ae8e43cb408e2ed0b2c7a9b56278ef0eda1c
TPHW-3AFA34BAA77712BD2B1C,06:C6F7:0:1:1,d27ab7a175fb8b62f6a411a5c802405c47ecb1d1f221c3f5b81311bcabd5ef7a
TPHW-62132D7E80B86904C23C,06:C6FB:0:1:1,b04cb2e25a9f3a5a889ff9f01ca33eca080e33f92b261f800d6baf4af20b4445
TPHW-5E370639D9ABD8CF7988,06:C6FE:0:1:1,9eab99ae6f1faaaf4a420d9963fca1c48ed9b42886b57d8b160973eefd466ec1
TPHW-F2D65FC22D379795A084,06:C705:0:0:1,5e4efcea27375c823bc1969d2d6e1b85673d7c9a586ff8bf3007d66f1add95b7
TPHW-3CB70F0B35661DCE1906,06:C705:0:0:1,ec219887a128200306fb5f110fe28ec69f290fbbc019232edfcd237434558c12
TPHW-00DD7C824CC32792B8CA,06:C708:0:0:1,c2b8d772c4ae909afecc885a98db04dd4eebd3936665d77bb791611c40f9b843
TPHW-EC89254973A020CE26A6,06:C73A:0:1:1,6de50fc9f90e824e47f71f6d90fb8a522f4fadd97025bead13b0d5fe966fed8f
TPHW-FF5F1CB9CA1FBDB49867,06:C73E:0:1:1,ff2d48cd6a841b1d8b586b76fe4f06b4a3613a7b49f4eb6384727c3f0bcab7ed
TPHW-E80E856BF86B863C660F,06:C741:0:1:1,a6dadb3d37c885e1e195487c8fd5251cc17ce81b08aef144d647e3014dad95a8
TPHW-C2FCD5A582C93E78828A,06:C748:0:0:1,0d2f3108e58d601eff7b1cd268aea7f421b2f2b4b9274588a0712cff69cb828e
TPHW-722D50523A23B2449FA3,06:C748:0:0:1,fb0a8528c735d3ad0d5f0b2ac5d3983aa1099f45aa5bf482b5fc895f2fe22e45
TPHW-38B0E0E43173052BA60D,06:C74B:0:0:1,10337d3383c241881a7f073e6214bc0552b592cf01606f2a90e8fe0fc7d321ea
TPHW-203AB3A33B817728393A,06:C783:0:1:1,8b941a046a7361ae1fc702ea5d0a27d7ca251428661a05c6218ec5d17d444583
TPHW-CBC91F728895313AEA24,06:C787:0:1:1,e5fe5e838079e44a8fecbbf89c320045e0a87756f60dc8e4d9a0e2219865851b
TPHW-A7C8441B76C84BD4C6AE,06:C78A:0:1:1,7b7f444c5784072e50a489322e5bf45338c1c1192c2a9e5ec099aeede3da46f9
TPHW-F80E1992E65975DFF4BE,06:C791:0:0:1,61abb296cd5c192d8965cb893aef4d8f76ae3e6cfba0f413536b809eaea3d22a
TPHW-6EDE399871FB44A72606,06:C791:0:0:1,d3e4552a8e6541e232a442279fca1d1215fd7dee805e462aa5b08681a6a62811
TPHW-2D6F40AFED5B3A474819,06:C794:0:0:1,c7868c86f7fb36d218ff2737401cb319a090f60bdcfd1679b24712cc1fbda752
TPHW-9BDEC96CE6A87050105E,06:C7C5:0:1:1,6582ab9cb60ae35761c6765d2a3ddd6197cbc333ba5b9ad91197848db60b4c42
TPHW-42496F3D6FE502319A93,06:C7C9:0:1:1,b7402d4f493c25dee5d85421036a50c882d7e32d512f90e3c13bdea26e684603
TPHW-8288760386B15B585DD4,06:C7CC:0:1:1,1ea50d20b8b20e4f7a0da409636648be91e534eb98f29a0427ec2b8fa404f1d7
TPHW-65B32E6182370A74DB02,06:C7D3:0:0:1,314b209af5e94e7ad4a725fb457a75bacbe0cc196e34ac0f54b75756eda394fa
TPHW-E1391C6369C3C758D139,06:C7D3:0:0:1,30a397ae8a72e604cc2f9c7420752016f8c16f0c04ec726f0d41109943ddb3d2
TPHW-BBBFE5D44D26FD34DFF5,06:C7D6:0:0:1,41f691052edd712d765ac6ada5b82c1ba266e7412bfe3dff630f577e8beace30
TPHW-40F69C48BBC1B31C10CB,06:D56B:0:0:1,fb8b7c6c120715cc446f8bfa57aabb05b0a7138cf8b10f66f87385c9e2dfc193
TPHW-0488DBFA6DD3EE74BA9E,06:D56B:0:0:1,2a42b9ac3bf7e91cadd48be3c93e3514e23a5940e4a9132c0868cc3af8bf2d32
TPHW-E8462050CDD35D10D829,06:D56E:0:0:1,973e6b6300ef82bb0ffb0e8f50b038c234e875bdbcf3e66378f433ae968592e1
TPHW-050AF961947F12855BD4,06:D57B:0:0:0,36c6ea3067eec648e65fd811adc4e60b7edb28339a4e7f422d62eeffba908974
TPHW-FCB9CDAACBF4862CC556,06:D57B:0:0:0,7639fac5fd99636b8b6b121ed315df73c76651a23e96899affc06db4f328cc94
TPHW-B350F54EB8626FAA3647,06:D57E:0:0:0,6e45a575753a23456dfa45ad8e7929e7de8f0c115e98d929f85a2b59c418bfe6
TPHW-F104942174587A55831F,06:D57E:0:0:0,c0746d6ccde3792815ce2b4025ca42695d4feefa00158ec97ffac5f7003f3e41
TPHW-9981AC338551B79AB9E1,06:D72F:0:1:1,5ba0e7f1b59925ec42b0c75768fa9892dfa01cc6497453ee91e3344fd810ccbe
TPHW-2D09A7DC509597722791,06:D733:0:1:1,c473eaf8146c7553e11f7ae08b664603ec3d948b0a4256a46ddd947a9e35eebb
TPHW-D522BD9039EFF7E572E1,06:D736:0:1:1,d5c9400e043e296ea2afc55972d0f1b49f23b2ca93a8598f89b2f8d7e14a1142
TPHW-D90EB1FF5EBCB4779D70,06:D73D:0:0:1,47355880a0b87c71893eb2ba0054419483cffd622216d1c527997a2f622dd0a8
TPHW-F28AB484EB27F6831267,06:D73D:0:0:1,c89e91f4fdc22a78c6f14d1deaf41a829a5388447eaddd592aa35aaa91844550
TPHW-BEA9EFEE1F82CB33AD80,06:D740:0:0:1,101bcfe191759d5892c7588c4f10ad06cfb3137d31c39b4191f61604c4511257
TPHW-E75EA5CB657982EA1125,06:D77C:0:1:1,f7ed32b79f7a1ad2642f53e51b1a8d4f2d35e7aa35c76619211524bf3708a87f
TPHW-0373C47C1A48BAA02DE3,06:D780:0:1:1,739f6b2f8c47595cf7e0d842a1505b383b44125641911fc0da8fe99c4d08dbc0
TPHW-759CA13D8712BC5C1F1E,06:D783:0:1:1,9c7063d7439965033fab25658b11e986a5a98bcbf05d8b47fc50d264a30890fd
TPHW-474BF8B784ABE744CE93,06:D78A:0:0:1,796f5976b9cb8052a685ce70e1379740e83d393fa62f8d25874f4cedf5a9477d
TPHW-223B4F83B85423EA708C,06:D78A:0:0:1,b82772a6af1abe390f994c5c7aa87ce0f1a42b985215559c47aa01852856852a
TPHW-5F5C9329F8BE32B9D1D5,06:D78D:0:0:1,002f28c1fab870d9bc1e4877892bb404fc0bd3c90a321e5cacbaff54a775a8ba
TPHW-CD2871B9DB921FEC5A14,06:E13E:0:1:0,0e2fe582d48697a4f70470e5a9e932ddb32a8a1de7d8e7e6a149f83b693ca874
TPHW-B3748CC7FDF63DBAAF0E,06:E143:0:1:0,b56818b498283fe80c662b9965503dc33c1b7ace47d1e422a125e52720bed9a0
TPHW-0B08C36FD067ED69F5B3,06:E146:0:1:0,345f2c789d180b3843b99601a16d181f6a1182c5b012f83235f38986a5c8d930
TPHW-49B11D6F79CE8F2F07C4,06:E14B:0:1:0,c033f056a7db8ff0198498495bad6a47b48e0c897ef0847b52a41f9151740be6
TPHW-C174D6119393A68FD076,06:E150:0:1:0,fe0a182c8a1a106c89f69bb316a0f895136fb426226a049592d0b5a6ccc69751
TPHW-03664CB153C6A245A015,06:E156:0:1:0,e42f6f03ee80e38fc278ed961c764f75a5df3fd64d92963c6c9841495f25d33f
TPHW-8752B3B1EFCFE1781904,06:E156:0:1:0,2b48e7cb0863809c61753ee3b37fe9601d672e5cfb89cf8ed592d41962941e50
TPHW-92F77FAA36468E315CD9,06:E15B:0:1:0,fb2c2d364ac1974f63e2b726a8f3b345198fe48584cdd3ca0587a931c8d2af17
TPHW-39CEE333901273F16687,06:E161:0:1:0,27046533f30d9cd73d4655521675c39d8a671136c554ede8c35dc41e5ef71e8a
TPHW-44538663F87961D044B2,06:E161:0:1:0,8df729a55b16afb3a722073fdcb1847d161b464abe4e19cbb5276da5d554a95b
TPHW-C0D65821637A7F719717,06:E166:0:1:0,eee7b0aaa7872fc950c103acae41279b174210252acc55afc3af914b22a38293
TPHW-585A3F086964CED6301C,06:F1B5:0:1:1,d31354c43b5cd84dea604069abb44f8b93583e7d8937cf498d00efcd6f486ca1
TPHW-A881CDCDC0917D4D0145,06:F1B8:0:1:1,7745a4d089da8e798cc3d064d3a74df7067fedf7e980d0ace1dde4780887c57f
TPHW-BAA2759E6A138F5C5E70,06:F1C1:0:0:0,1403aefe0318732535cd615e4322132253621fd90715b0eecb7e65698eba4e8d
TPHW-34E099312830FEE4BA8F,06:F1C1:0:0:0,9172fc36cb7439967f9373cd2f0ff4a73c2a0d0d82d74c15e9671e652e61544e
TPHW-3FE745ACA57646BAB609,06:F1FD:0:1:1,dbbd454b0e6982ec68fb9f34d8061563e29ce6e7ce257bbc1a3c9fe0dd989de8
TPHW-D9EE6081777DBF9AD4FE,06:F200:0:1:1,08638b01b466381790161aa8c99d6aa1ee7658e4b4f79341dc87e5dd3e0f68aa
TPHW-87B8E4A15DC47022E774,06:F209:0:0:0,ed8a94ea90aae4a2d8560eabf43bccc82534ff3bdf8efdae7cacaa20061eceae
TPHW-8C98C00221FFD6006900,06:F209:0:0:0,f2d1b5d29054f8ca8d91028f25b232c02ee646a89f68283cf8a0e58d4dd9b58b
TPHW-A2F8CBD375C9E27E934A,06:F245:0:1:1,7a9ba3cbe849a5bb9793d3a145ad011d8d268a24b2a21cce292da1ef65f24a60
TPHW-42A4845F0E589FF457A7,06:F248:0:1:1,4a161ada78b36bf7b9ac1c08ac6db89e7e17d326cb1f0aaade8fd87da835b59a
TPHW-35618BD7328FB2B0F213,06:F251:0:0:0,165594e72a55e692c441c3f065a6f7897a46d1083846f09c9c52ea5bdadf46b9
TPHW-2CA6FFC476B4B0828D45,06:F251:0:0:0,b90d119fe08546719c564c65e229541e95636382c611c7f9f9184e0c47b15c42
TPHW-310AEE7393C8478F20E0,06:F282:0:1:1,0fa9cd7dd5d783c61033a79454fea48f7816656d7e46c0d5ff551b90d293ec38
TPHW-43020B193D15EA882E7E,06:F285:0:1:1,ab561f822cd505e0c26c686c7d5bd65194d10a36bba93499d0abc31df5b1de51
TPHW-4071C97267FAF91D4EE3,06:F28E:0:0:0,878c1357e7ff459e91ab1ef4999b27bc044b55fe68927788e13fd71ae7ce6248
TPHW-01BF2F26755FCE870C64,06:F28E:0:0:0,bc11de75b948bf8781e18930c447a78ff0ef9bef04749ed69fe8601794f40422
TPHW-23C71177F8ACD0639585,06:F373:0:1:1,d6a039f59080d930999ecae3655a62208025760a27c8dcd8cabff25104d91398
TPHW-6A1731B4D51CFBD9EEFE,06:F376:0:1:1,5d3ca93aa92975fc4a34b8c8847180e28d6f958989c4bbfdca07675351f79ad7
TPHW-3445A32083FDD7E84301,06:F37F:0:0:0,47ef32be6fe5c7e9207269b3fbb3eb314ea61d3b33795857a958c33eb7a28945
TPHW-AC1F4893751EA5B2D65D,06:F37F:0:0:0,48a8895571396bd49bb81db78bb55a008aa5dc76e44309bad3006a88f387d6e1
TPHW-77D8F585ACEEAC9F3F55,06:F3B5:0:1:1,2bc6bbb5f35a2845e82ad7507ca90328cef9b618ba2e1b0ac8b4be913d8f35c2
TPHW-8525E477B73CAE2F8D22,06:F3B8:0:1:1,ea36c29f7ed155e023013d31115b5e88a428db9eed9e657f2dfe3fe46741c1c2
TPHW-A045A41E1C6B6BCA3A14,06:F3C1:0:0:0,18bbe2c64e3ea10fee2fcb264b9df24a37cb9bdaa3b9db2c41502dc54f5998a3
TPHW-98D5F405B5CB78A1397F,06:F3C1:0:0:0,54177f512d63507c9a4240dc55ad414099606271b4af05fc7b9ae4abf3e318b2
TPHW-C43FFD029B7BAC6EC83A,06:FBF4:0:1:0,fa31b2b69e455a55113b758d78763411cc20e5f711f5b3c1067ed706ba44ea4d
TPHW-0D0AC744358A02D3BF97,06:FBF7:0:1:0,67a56fd7158cc5d65c6614ad88006d0e9743f24afa16a59bfe446bd797ac6a97
TPHW-0F655E841FD46F766197,06:FBFC:0:1:0,142fbe28892dafb0d70b65d30fec51857b5c6ae641b116228cb201406f6e096a
TPHW-2638BB81400144D9224E,06:FC01:0:1:0,5b85295fac03a86a07bc0c71e2ec6a9d97f6d7539d96e11e54c997fd8b373205
TPHW-039543F2E6415A02C295,06:FC07:0:1:0,14c74135d1fcefcc65f5bea1459faa7393df542bd979732a1823b8a650befced
TPHW-735682492994A261D9B2,06:FC07:0:1:0,96e9f9712c19d951b57a172ef09a7b372350e6d129a834b3d04b5fb2eb775913
TPHW-08E02FAE5A311D7BF9FF,06:FC0C:0:1:0,94d1f0773bf05339135b5801e4e3394d9cc1ab6bfc357e93ae752e06a0669a8c
TPHW-759A0A44DAA4A9509ACC,06:FC12:0:1:0,0fc892fc217feda100afc99db42d4b8279c7976fa53503acefd68220d75da104
TPHW-F3892FEC0813E0D3658C,06:FC12:0:1:0,e4cc5625103832cbdd4f1c6e8cbc6bf17d6dec0690ff49184339adcb0e1af9a5
TPHW-6455E8F79A7964ADB4F2,06:FC17:0:1:0,71578662763b390c12ebb17354c6722d6f12b8d815c4da40ac874a637a1de91c
TPHW-FD27DD65F5077EC26F09,06:FCC0:0:1:1,da494fd0554bc66e6af8af35d3f608a11156c14d6bf1b982ae041342b7d3f465
TPHW-2322D7CF1C260855F83C,06:FCC3:0:1:1,fda160bd8a56aec701a7b53d657f891eda3c4cc411b9682154ca011b52ad949a
TPHW-4810DDFB141BF4985CB1,06:FCCC:0:0:0,776ad68469ec31bd795451436e7783bfcce1faa3a3c1ecf526c2ab71f7c7449b
TPHW-22F5E68BDE101C4EFA69,06:FCCC:0:0:0,a8a8517b6402851b60b344debf52c9a43cc039b2c3ab76c93e70ea53d8ea3a99
TPHW-BFC7A02FC70AE5B59E8A,07:8028:0:1:0,747d47fdbba89e7912ef802bf901cd382bdebcfb371443902a7a003c57267573
TPHW-3A719578195B2052780C,07:802D:0:1:0,fb683abcb446b291322c519fde7ae3aede48bf47dab619f7c88cf0319b0f5742
TPHW-06726C47A1412101655B,07:8030:0:1:0,744394f2310f9997ccd8586b3bc5c44f704db0ac014d668ab4c35287f3edb79c
TPHW-45995D0D878A94AD499E,07:8035:0:1:0,86065308f8c97bdd5b328673615cea65d67ed7450558643edf2a9eaa4fee3a39
TPHW-3DC205F6F0395559DF88,07:803A:0:1:0,aa50c7cfa82a0664e93a2ce1b9843fc8bc3493e3c60b4445563a30d422c203a0
TPHW-AF460D201A784C29D694,07:8040:0:1:0,659a813b0bbf0c9c56175ac166e57ee2562cfec78d3c2f3c3786b56621749917
TPHW-B0706CC959E5B350D253,07:8040:0:1:0,242ac3e4d76f979d75b222c48c73a7f4ef8f220484800207a6a5cb4e1d663c31
TPHW-B0D232EF357DC9EFB1F9,07:8045:0:1:0,a7f58d5e3d28aeb77a9ca2212c5eecb415b228c98f4541a4ec80c38ebc933b24
TPHW-671A3005C25C02AB6398,07:804B:0:1:0,4440a6e9f3256f876add063937664808da369a87a366fdd17523dc5468dc1338
TPHW-B361F3C323DE5BE40B36,07:804B:0:1:0,346a6f0845bb880ddeba85590cadc5728cb8c7a09c71c033f8ed4b12f1af18ac
TPHW-2671B1E70E750EE09D3E,07:8050:0:1:0,b3e13f6eacdf115181f5862f0d771764b65b5105ec3fe64844fc2938356aa46f
TPHW-6E4DA882EAE47A667C30,07:8064:0:1:0,02778e87acb98abab4e2c3f1bd06969d6c26f146a764b27d2b171bc78f309450
TPHW-BA2AB8638ED0AD375619,07:8093:0:1:0,c6e2fde3b681c3ab0e8f36c0e74acbff8fa67f958dc5536902cca7bb7457bc57
TPHW-05AA3B09E83535E20FB9,07:8099:0:1:0,3bba61174ccb9de875d9f6932d66e5fd068bff5fa2150250da2f97800de845e7
TPHW-21DE6F7AF8C64724D809,07:809C:0:1:0,d248d8c91638b5c1b8e26f474b9e73e48ee045d17648956d9366c44babc15e6f
TPHW-99DD45007924D7F80855,07:80A1:0:1:0,ba4bcaf470e7f019d48aa714fca4b959473ad62fdee6c9079c0428fcac0666b3
TPHW-079E4424617D6FCEBF91,07:80A6:0:1:0,e1b71898b5a027f1c062ae8ba57f619e6581763b78380c473d66e077d7a1bdb5
TPHW-99C0347752CB699EC33F,07:80AC:0:1:0,1fc4235da611b54d3c25dd3e98f0c94a09274476a230439a6825be3a029f1db9
TPHW-658D6FF339B667AC7C7A,07:80AC:0:1:0,9f04435b4d934a18203f36ca6aa72e8e11bf59f67e16499e5d3a17f82d5f5077
TPHW-DC1C29E40DDCEEFE9E2B,07:80B1:0:1:0,78a80960563a572ac8ea9621057d1131860ca0df90b473d1a3d31b86bd0c71d5
TPHW-E236F3E168C8DDD53698,07:80B7:0:1:0,605c2c164b581c5902d714fe3327d5a97dc6d538f43c884ae1654842435ed074
TPHW-7638BC5142C3D905323A,07:80B7:0:1:0,e355e88abc9393038e26e26bd62ad253506e48929dacc6a73056d54e4f186ad2
TPHW-0FB232CC2EEB4E651B8A,07:80BC:0:1:0,73b098c49b427bfa4911cac4c523e69919c4efb82159601d4c13ccf6f6611314
TPHW-4E471295A981456FF35B,07:80CE:0:1:0,86b7534914bea71e6613eb83ad1b5bb1571b84162ab2d644545521524eba90ca
TPHW-494C6532E9F30393B567,07:80D4:0:1:0,543d18c79dabfb021e227f4a89c4b1013d83af356e59d318763c9e785503fe06
TPHW-6F94114771CA07B672C4,07:80D7:0:1:0,25d7333699ef2c24c031741e760393c6826ebccd2b5a25501be4ac706ded3d50
TPHW-D1CF57AE69AB0C081ED0,07:80DC:0:1:0,5546c96c4563915be79cdba2239b648815e9c66c1cfb6c739bf03f62c27c61d0
TPHW-700449B326F71854899F,07:80E1:0:1:0,8393f5e004c329ecb4daa72eedde43b168b19b3930a92119aa70661cd74a0c4b
TPHW-3C1625E9424169DA73B0,07:80E7:0:1:0,2bac753271378a084680aa1f4a01a8bad8488c166ffcc1f0b392551f13fb3989
TPHW-B01B901287F6AF5409A9,07:80E7:0:1:0,5f91850d864db795940fa82984e3d9b2c12504b8117dbea50b2d77fddc782cd2
TPHW-C5D2B9893F74A2F2D218,07:80EC:0:1:0,9d4d181d89e17028084ca010d0f49ea2ba037da53d5fa15a3aaa671b95dca0ff
TPHW-118715512FEDA8DED4E2,07:80F2:0:1:0,bc521ceff2d8ec6a9f2eee1a6743b9b2245a49e4bc81574470c403c45f8123a6
TPHW-1518859F31158CD1A71F,07:80F2:0:1:0,712489a3fabafba6decbd0c2b25cc0ecf93bb8d1b63f5e2cdc138305f5e48a5a
TPHW-725CE692A874A2C0F192,07:80F7:0:1:0,1231076458194e9947c9e115ffac352eaf939a19495f63bd9911075149c0d657
TPHW-2796C35433866552BE08,07:80FA:0:1:0,6075555e12ee4b26f454788c07daddef269641c3c4b733d074b10fa3a607ed2e
TPHW-2FF0DF1923140CE14C3F,07:80FF:0:1:0,93a604cf495dfdb8266edf8e5d6d5ddbe63bc25ea705f2d994107d6bf503d5dc
TPHW-E47A64DAF99972ABB8F6,07:8104:0:1:0,de1da35ddf85a2ddb1d4bff7eba0fca5d7f250bd803f0b956d373d8e16c41247
TPHW-1F06E70A887003C7E5BE,07:810A:0:1:0,4c9bd5cda21178dd32af7339dcc63a20e41fd43abb1d6f1ffd5b120551e6dafa
TPHW-6D4CF10D76278528E982,07:810A:0:1:0,6444c95096fa822f4410e98193443672e2417911a7554a1e6c583b9770e5cea3
TPHW-5A733380095BA553AD7D,07:810F:0:1:0,d630a0dc6f0b73f417feb04754d893877a4cf97491758e010440c48a3d242200
TPHW-C05E0E4DA77EB057510E,07:8115:0:1:0,6b45d2396dea1387b12ed891311a0ea8becbb9ab8ca494ea4f2fafb11cd267e8
TPHW-7875A0E3371817A37136,07:8115:0:1:0,4a14739b70cb1305d43e7d9cb8a5eb8209900fe30fb253275040fcec250eed80
TPHW-3454DE60EEDD8420FD29,07:811A:0:1:0,f818b80f35f088447ac8ee6dab38a66be94da47fc8aa123d627554d94e249a3e
TPHW-244C00FBBD8494FDF584,07:8147:0:1:1,f6f3f17a8dd6178301057f3c7f43b57d38efa7ac63cf7a0fff592ff54c783e59
TPHW-987A042A46DFEE4D8DD3,07:81E7:0:1:0,b0ba12475dc8f3ee2d1412e6a426cbfd14a335e179ae4dbcac838fc72fe9f793
TPHW-218914C0A92524CF2D65,07:81ED:0:1:0,6785604a73ec0066ff3aae31ddc97cfb79c567730f2a07b3a263e96f1f13475c
TPHW-7E81E6418B53FC1B41CE,07:81F0:0:1:0,50bae5a65e828bdb1c24e742bd564bb4d3c47abb45b1b925b9bce43291258744
TPHW-523F95DC23C4207C7667,07:81F5:0:1:0,e70c0016cc39fe3f9ba6a5d222962d3cf53203fc6bd74bd3dbb42d8e5c5344e0
TPHW-7834390023F89A807CE6,07:81FA:0:1:0,8fcfa8799014abd93685d70eaa10c7fc93c6c17605f0f22ec6929eb070028985
TPHW-49DC794E4D6192E95BB8,07:8200:0:1:0,2a4b79a295b1dd3f5131e96f2cc6d2430002302ddd35a2d7455190026f3bfa0d
TPHW-B249C03A0C238D65C124,07:8200:0:1:0,e7b8c5c343f9a97387e1a2408458fecf385b17bd6fc272583e2933ed266d2a10
TPHW-E3E2AD2976C6D084994E,07:8206:0:1:0,8de1c6cfdf86af2b839b5b04dd14465896b3a623dea1c0c50aafdc52c0c65a92
TPHW-9E0BBFFC2CB74F4D376A,07:820C:0:1:0,80863c1e26b6320860f66be3747e708676446332a9195640ae3e394461ac4423
TPHW-6632B56F90102E25E87C,07:820C:0:1:0,32eeca504379f241888ae3a387ef10e299ef1c3ba8015c67eab36cb77e8ccfd8
TPHW-964198FF92A3EC11A9CC,07:8211:0:1:0,995b0b60d1ad5ee34c27794aa253cbf50437bec98ceb40347d070d0e3e755992
TPHW-00DDB761F0484806B07B,07:826E:0:0:1,1cdd3695875d7a89786ac285f27758f100126624d0ef739befb15719c1bf4828
TPHW-2A1076413B859B5DA6E5,07:8271:0:0:1,898bed5668647d56683d74e6d6285d8624417da5dcc04c41950104c83f16b9f1
TPHW-8C6F10420A8E0D54062C,07:8276:0:0:1,38777b0410363d1e6d95df0837e23cf93afed6bae391fd6d5d03eebdfdf1901e
TPHW-758A670757D57D58D7A6,07:827B:0:0:1,4ac80042067acd0e0831d9b8ce7b572ea34db207508317fd631bf62a21c1dbc1
TPHW-BB0DBB425C03C9EA4F0D,07:827E:0:0:1,4355e300ca5e7e7d3051aa55413c2fed70b5fa05188ece7e7f3049afe1e36bcd
TPHW-E0B3F804D054F63F344C,07:827E:0:0:1,f2734de833dec14ee0ed809dce82a51e2d1d03f399aec179ae5740f6028ae12a
TPHW-3F0E8DA426B380A60D7C,07:8281:0:0:1,d119d2aecb5ba27657b8d80747b8bf24739e26d82b1914680356fcb50b9f6025
TPHW-2605BB47C3AECEB02894,07:8287:0:0:1,0e5aebe77d6cb6518f240d3c75255b8b42187c60d053377b04df8159f3fc229e
TPHW-5A1EBE270F19812B14C8,07:8287:0:0:1,a581b0b68eac699cc04b81d0b76199e210c43ca076eeb7eaa4ca67635b6fa34d
TPHW-6AA81ACA63E89012DF87,07:828C:0:0:1,687290dcca87bc135275c632a811364c9fe53d1821d81d06a32e790b118dc6ac
TPHW-55FDD1870190BC2A8ABA,07:82B6:0:0:1,d3f8120c8c17312d9ee0fe825ab003e24c4c05157eb479ae4007c3fac5381654
TPHW-D80425D85169C062601B,07:82B6:0:0:1,4b2323ed835e0d0e161f5b51b44cc6a22f110b4aac1b45ca84579d6f00e6d24a
TPHW-D1211F3FB3D8B5F6D36C,07:82B9:0:0:1,741abb022bc445af0e18b4eec2a26dc256171af429b2d7f7d1ed28d5bcad2ee3
TPHW-D3F78D6E5BD5750C77F4,07:82BF:0:0:1,123ce163657db7788bfa0d7c5baa1cffff02f7d03392688fe1df205439390cd7
TPHW-F4E2E9903B09062A34A4,07:82BF:0:0:1,1e732f288b52a813782f5dda417ef6fb34e7ddd85144cb114eb1cc2717212b9f
TPHW-8FD3D6F1DC2D67B21326,07:82C4:0:0:1,eb5c7d09593c4148ea26b4e5317f30952e3862575fbcc0c6e3c94843f124c75f
TPHW-8CC12A035E5FB6D8F0D1,07:8311:0:1:1,547790dcb44350ab15c1ff93530bb31a839c94d8cd6dfc27e97526e54604ec6a
TPHW-E8299EF5F9882B2FE124,07:8316:0:1:1,5020e160c8a272da55c0de234f95c02960a3ecdd17997bd3d4e1a5d303cea6c6
TPHW-8DF0DCB79CA667B7AF78,07:831B:0:1:1,451a9d4b00b397a7cab3484547ff6092052898ae6df9bd424deb01d6af4af013
TPHW-AB4A8E3CB558B740F927,07:8320:0:1:1,933bed27fdbba8cda21ed2949f7432a5bf0d76a40f9378e08f7a82a4e2901ebb
TPHW-9029EEA3E4B62D8E71F4,07:8325:0:1:1,96af8509f976a0f5562eb942056cf85943e1340e4f191f388505362826852b3a
TPHW-88D3FE73016D149AB6D7,07:832A:0:1:1,7345e26d32b1731fe748890fa396bc653a07b495c8191bd10c4325d73a89cb01
TPHW-E02C17B7F8638EAF43B5,07:832F:0:1:1,ca76c5cddb620a15db5761109288f023d169feb3ae3c454239c90cfc6b423014
TPHW-2ED582CEA4954B24BF9C,07:8334:0:1:1,2b1b1b0a33c3b0f907306c654171bb2287531866a39bbe1b7efac6b53228dc19
TPHW-E1FBE982DC547B4855E6,07:8339:0:1:1,efe09f861db54200544c576be6095495fabe1ee9a1d03b615b35ad1b1b5feae4
TPHW-92E3C8A91D6330DF1AE1,07:833E:0:1:1,8600cb813a5ddb6a22f9bf904ac043afc55afd721d2e50d17dafa095d389cbe5
TPHW-DE320DFAEE27AE795678,07:8343:0:1:1,8847d1184eadf564d73a14ab005059a8a4c03b2b70ca9d4f2182b48624c9f88d
TPHW-9D6974061F383C97821D,07:83BA:0:1:0,0b9c37f89c7b2528d82b26017901b35cddbd69133b06e87debda8d44963a7e68
TPHW-2FF9044B842875845BA8,07:83BF:0:1:0,32569f3c32a9f2d35872e64b5737a79583a22196d0d7e9db49874dcce2184ece
TPHW-D8478BD756C9F4A38537,07:83C2:0:1:0,35c97b5dd61cb9dec1402960d873b75b84f9a323dcb3a0eedfa649a2e0515867
TPHW-ABA6868CC9E5A0122056,07:83C7:0:1:0,f72f3d841cb2811863d4c7785ffd9721e5322f9cc93991ee011fbac5d0c556c7
TPHW-DA3C1B7BC7E8AECD5E8D,07:83CC:0:1:0,64e244f3ba93e5cbb3ab79174932f22b00cd8580771aafa1e84c58a09230d7c2
TPHW-1E968F9AE84F3C29D6B0,07:83D2:0:1:0,72ced9ec970f97d9923f0473316b68d105f409a7ae79da5baa705a4991eae527
TPHW-88200B31840C0F8CD05E,07:83D2:0:1:0,385efc0078579eebe582a6ec5f663f19d7dd327ecf0ed5c4d6d9393242694f85
TPHW-A6FDB365BC24A47AA6DD,07:83D7:0:1:0,a0f1400960aaca017bd550ba1f788b803ead2267a05b76c720b92c1cdc201b1c
TPHW-394E9C7AFEC67C637FC5,07:83DD:0:1:0,6eb90139b608ae138b8b38f642e7bba1b05887c5f53d9e6aa6b68a7775a28846
TPHW-F69B06B83BF64983FD92,07:83DD:0:1:0,5175ab2c3a08f59caac9820629c623c328bc46ee9106e2953b2a7047b81e7371
TPHW-B6307ACDF6EFAA71FFE2,07:83E2:0:1:0,ecdf942d619e0237bc05dfea0c07286bfcd0a06a524259704f83af830dd8c36b
TPHW-83073835632E2C63EDBD,07:83EC:0:1:0,953bd41c98ba80d97ea60c064f400427fa385d5854705a84622a0b925f3784e8
TPHW-DA58E4825F5D9239FBBC,07:83F1:0:1:0,95178cf22b484187f04a62864d304efcaa2effcff04ca8130c9aeac627807db0
TPHW-A15ADC6A3C8251C840E1,07:83F4:0:1:0,f67bb0d2b385165c8f58162edbe22a9b79722dca3db0cbaf4917ba06e72b7a93
TPHW-6451A6A43300593EDAD6,07:83F9:0:1:0,10bf5059d32d122208c9eb9ec711c7602c5713163a053b2f0f3a56f9eddd83ea
TPHW-17E05A8537E44A1EEA89,07:83FE:0:1:0,e98ec6708da621e7b16f2548f5a3962a3412ace52559cf5bfcece700abaaf3ab
TPHW-4373F3F3E20AA3551A54,07:8404:0:1:0,46dbf0a826dc975b23141b588ad334031b7cb4ce2f19612593ef26098b125f90
TPHW-01036C7DC78A4A64A9DE,07:8404:0:1:0,71aebaf02377dc3df9e726f8f3c53953df53ddbb08d8155f338f3ab50a69647a
TPHW-F7E63E89B4413FCCBFD4,07:8409:0:1:0,b3d5355a30744bed1d83fcce27b78271244a50b7438b03b8475ae699637ab96f
TPHW-10830F11845C126E830D,07:840F:0:1:0,c80cd99e60f250b41f5cce3a612b386bde4b6e3f7bfebca0b8df7b587224ac3b
TPHW-9DF376653D9BEE40FD4B,07:840F:0:1:0,09000e53c9cad7b4f2f0105a28bf7c2248bf660ac9f6618c69952c50fcfd3ce9
TPHW-8110B796A629FA5CDEBA,07:8414:0:1:0,505781b80e9bd3219a3d020991cd3f06ab0850730f5adf6e6368d6535e251ee9
TPHW-A499C190C5039CEF6B2C,07:8671:0:1:1,d5bdf215804d81f30e37b4aa16d1c029b4cfe613fd0986e3bb55389f381fada2
TPHW-979B5726FF7ECA401685,07:8675:0:1:1,fb73ddf3410d3bcd0f3ea5bc1109eef8db114fd801c6e9765506c67ead98e22a
TPHW-13782E7258790927BFEE,07:8678:0:1:1,3b6c90eeb8f64fe66a16b3ce6c96666fc1e153b0d54e8de4c1dab80c5085b202
TPHW-B8CD1276636582B909B8,07:867F:0:0:1,c8cc9a12a83a44f176cc30de06ff8891b5a0be183e3cb126b716bc7b8b0f7099
TPHW-9228EEBCC3E495F6A88B,07:867F:0:0:1,dc00da2f3363348e8a7d41ba3567e560855ce659a3e6d8db1c1c0c487305198c
TPHW-DFDEC4B62800AA48738B,07:8682:0:0:1,914a248480b54dda4d62ec15c44865ee81d70a30afae35441c729a4d1af7d9d1
TPHW-43CE9C3B1CBDABA071E9,07:87E5:0:1:1,421aef292b99b17f2a8a6a54aad77c5366faa4fd5362bd540b55e3221245048d
TPHW-D8F0879FD616B083A490,07:87E9:0:1:1,85f0718079e7496895a0553db5fbdd920fc3ea85d267c03dbbf6414e42c292be
TPHW-7BD26F2BA5584187B1C0,07:87EC:0:1:1,90cdab6e4d2118b09c0c165e61d4318af5f03be8a4acdee4e7d502ae0ed3b238
TPHW-3E303CE4F767045788A9,07:87F3:0:0:1,0051cb57e001d91ff2ad78725e70753dcb2413ab2aaf265afc3c70b5de5787dc
TPHW-4F7C7BFC963C71F07287,07:87F3:0:0:1,8a45d2b4a3b931b7956fa062ec85e39b1efc67269c7153422f32f26bc2dc5c34
TPHW-9176D21947A0E06410FE,07:87F6:0:0:1,91d18cf0cb8f21344ca8f0c13350da501b622d25856ead880208ecd2e43f2381
TPHW-4E569B9025A522C015A3,07:8A11:0:1:1,7701e7c78fd87ab0cf2400ae50ba256a88fa344c72ef2dfddefd7f55bed0e3a3
TPHW-3A4365C8E0B51422EC38,07:8A15:0:1:1,fb0e502b63cae1ba9238a50504ab64a9e679f665aa820416593ec50f40c7dbcd
TPHW-36C96DE71A75A8DF1471,07:8A18:0:1:1,4b93b3525ca8326f1d3e9e485d6d88d86864e98430e9af7c7dbd9ff143e8145c
TPHW-792B68C4815C16B93189,07:8A1F:0:0:1,82f8a3634f31fe4f2b59e40508b1581726e1590ca13da5a06cafe96d9852f937
TPHW-55EDB41A4FCDA9634AF8,07:8A1F:0:0:1,868faebaf50c5248c291b6c4b000816094b5393259c30fcf55a90624f19c9590
TPHW-94C3398D94A9B83A6C52,07:8A22:0:0:1,910503c0130e1be3d93c9c85113385aca10f4d70a96b459c6ababb1a4b4a9ef9
TPHW-72FD18D93527A9AA26E4,07:9036:0:1:1,d936f5276943ded36c76c20c3afc12cf953d5974502c93eff954ea1a8c7bd758
TPHW-23724F3799D3E2E654E7,07:9039:0:1:1,03162daadb6ee81c609763521a5131f20e15384b5f8804598fc0f2bf04b04c95
TPHW-2A212AC9041266043E39,07:9042:0:0:0,b515d6e42da93c448f597d98173549c95321cf2585328b1d6b95b4bcf5f832cc
TPHW-F8F7AAF3F07C2AA4CE82,07:9042:0:0:0,fb2f6e553e97f9947e7d57379ca791b761863c9b7c9827b4bd33bc0171ec9257
TPHW-6C59FFCD9AC69B5E00CF,07:93B5:0:1:1,ebaafab7f6764b9504fe29a07ccca04690d75f12e4ec9206b9e320e162ecae37
TPHW-0A16B5FB172E4A5AA385,07:93B8:0:1:1,b151576d6bb1629b2c7af53cf3a1eafc57c93f19a2d09a7563f8df4a3166b06e
TPHW-9064254630D3EAC0B96A,07:93C1:0:0:0,75cce418d3dcece4b6adfc060f6f6a4d8f6e598efff1905a3ceccc5c7b6753f9
TPHW-06906E7B08C7A6E0B0B9,07:93C1:0:0:0,d511e69d3cacb92ae21e2673f5e6eb24e6c16cac40cebda5c6ce08321570451c
TPHW-2607757D5B48BD93C788,07:94F7:0:0:1,70c302399722e29dc1f00ba04f802820be8d0ceaa12015d54cb7e6e980ef8e45
TPHW-44E569480E52E940FED7,07:94F7:0:0:1,cd758ff2833cd399a31c85018a4f6d933b6fdd190d0959462024364499f923b9
TPHW-509E61D62CA46D23036F,07:94FA:0:0:1,4b19a107e911744aaa693050d9eb62896a9b11803bb5a73c6e593482f28315c7
TPHW-3F9713ED09BA99CE4053,07:9507:0:0:0,7a60be3a645c368d6c94e20992e2e269c2861d55c58cb7b8fcf2d49c691e78ab
TPHW-CFF21761903EA03BAE88,07:9507:0:0:0,00a9372fc62593253d8ece33795c41f837401298fb42aa8f69703d50f417f631
TPHW-382F4A4BAC5D200E50CE,07:950A:0:0:0,e7f42726118c52d618ed239f4573a25ee285d74444e4ee329244b73980bc368c
TPHW-0003BA33EAFB8E3E850E,07:950A:0:0:0,baa5e4ff694c48095c0b556837741cc6c4c1e2f7fe86b6ad58ff3b304e16854f
TPHW-911790FC4C924E263367,07:A352:0:0:1,2ce45f9af3c917936729f07c655770416659e8f6fc759228a475d0df1ea8db02
TPHW-22800B6FD17F56D2926B,07:A352:0:0:1,8ef4d778ad0cc63787ea5e5a4ba816cba22e9b09d43dc7d78a90125a9591e7f2
TPHW-12A914DC4E00684285EE,07:A355:0:0:1,dc75e3f641d14bd6fdc092931723764ae7d499c4b03f23dce0932397fde4d9a2
TPHW-0AFE6BD7C31CE182D7E2,07:A362:0:0:0,47bf7cf281844cb83e5d1a02f419d6401514b102e37146a16a1453cee3039cc8
TPHW-29D2CC5BAAB6BE7B8233,07:A362:0:0:0,90ceaf7a1934849174d04faf902b7041ba0d13bcc6f607245327d4a43c8275ef
TPHW-DC019ADB2097B144FB61,07:A365:0:0:0,e916bed7d85fe7d625511341428d7eb7a3b74c4ae7774e21b6900a7608078572
TPHW-7E818769D2166F1EDF28,07:A365:0:0:0,14d096585ce336b9390820d48b86d7c19419176ac0b7aa4b371228f7cf679f21
TPHW-7BD280476416807195F7,07:A3A6:0:1:1,85f8cdc3031b70b01181acd3556eda6b2647020f4d06b0b3362aac0ec41e72ad
TPHW-67C834BF6ED88F56DA43,07:A3AA:0:1:1,426ee457643f859faf04d0fd20c8e8d5f56f4a9622f674d750cf3adf1a96d4ee
TPHW-2B593CEA8AB2EFDA8723,07:A3AD:0:1:1,3cb1052c0dba9278447b770f3243f8be686fcd6f8d8376d5f171e04954f3bf25
TPHW-313BF7C4EB4D888100FB,07:A3B4:0:0:1,eeac0d128a201f691c61fbd756fdf90d40f63d2e873b990e37385890e594508b
TPHW-81D46A287BC4E2A6945D,07:A3B4:0:0:1,78c7a82241365deb2ddd81f21a6ccb0f5be1427f1fc2bd919a7ee4c97d228459
TPHW-E4E328C8C7A4FFD2BC59,07:A3B7:0:0:1,a97b4427beacf7a28b3f0d7aee7b2f1cdc6ffa356574d4449029e840b36d1d2c
TPHW-DF60F5AC9702F9E364FD,07:A5D4:0:0:1,a7034ded9eceb803796b6264af50126ba87faee15b3bbb957e0f7946bd49edf2
TPHW-A908B3475D333340962A,07:A5D4:0:0:1,51f5e4db4c6cfc2c244d6d01c5f9983a77ba8968412795c1a4f2af1d3c3c07f9
TPHW-63E094CE6D4D2EE48156,07:A5D7:0:0:1,ded4d88c49991c87d476bd647497839e65e7fd8684efb96b3c04838ee2b0451f
TPHW-39F89C9DE2C790A100B8,07:A5E4:0:0:0,7bd27c51b37cc18ac37c7496b0a3b12017d2afdade37873bcb240e1ec827a7ff
TPHW-F05D76AF92D08D9AE221,07:A5E4:0:0:0,dbf5ef0dfa97f75c72ea717665efdeaa1c46f70cece3468238f35e1fb55cef43
TPHW-E2447008047E41ECD2E1,07:A5E7:0:0:0,0684103618d89652a60f45115eaa5b2d5c4c72a5e72e6a75823c8d3a296688a5
TPHW-1ED103295BEAC6BFD598,07:A5E7:0:0:0,20a4171a46db18e7011fcf909df7def95b13832348cbb234f96fae9cb8c425db
TPHW-CAC45F5A8E83CF58078E,07:A619:0:0:1,c053d8d779eed12d8ea33b2902201a68cb92845c47b0431e593cfccabfea884e
TPHW-BD0561DF52B1BCAE5981,07:A619:0:0:1,0ab6483b311bab376e2808ddcf145c1d220d6f9ea827cfa812bdb8c565401103
TPHW-F7E67AC509AE1B94266F,07:A61C:0:0:1,67c702f66504991d9ab28a3951f83e36e989e2c88505c20f741e0ce0fa8dfc7a
TPHW-314A82A98FFA7FA7FBF2,07:A629:0:0:0,7895d6f0a28392111dd02b77a6027a1f824b95d0fd47038b1bd89f0ef100f5b0
TPHW-7EF09B1E1611719197AC,07:A629:0:0:0,13c72ea601c3f49818ac7bb624380dfaa2340a7a413d5d1f0114c0c80aa0e311
TPHW-CBAB1E6AE108151A3AB4,07:A62C:0:0:0,cdea68e56385d59effbaf5581ff1400579bc9d30a564bd192f6b06004364f640
TPHW-BBD6E541A8C071436C01,07:A62C:0:0:0,dda9948d1e5891e10d023070ee8aa36915f307c1cdbc5b11e74604f12048bbe9
TPHW-F3A087018257774C8138,07:A819:0:0:1,cbe3778eaf602ad676f8d9c8979f66d0a69304e9e845b73dc9b99baf808f0750
TPHW-B4D531736529E11303BF,07:A819:0:0:1,dc2a54caa81c56d1c473a7c821662ec9c00e83c16e315ae79e7ab3581a60d82a
TPHW-32DFE9A5BAC37BA4AA0D,07:A81C:0:0:1,9d614059c866c917f265ceff001a95d7896bc11f5da246a29588a23d4bfa4bf9
TPHW-01332EBED005D857598B,07:A829:0:0:0,b4a29cd909774fd940458fa2aec8de0873386d5ce10a2c0a5bc14cebb0dc05c5
TPHW-D4CE668391498924E01E,07:A829:0:0:0,a4505577a2b1ceeb47b2f4c9c901055951797c9042e896d710568508f138a7b4
TPHW-D8D73FE58319EC081651,07:A82C:0:0:0,6260b66ba020885c8c177eabad17bf5f7874a1b34729be07c8308b3136a1d836
TPHW-EA91F02E2307E1C953C6,07:A82C:0:0:0,6e792c162384ab367c6906abc85ca762202db1da28b7334595489b0f3c21ae16
TPHW-69D838ED34BA7AAB8AE1,07:A86C:0:0:1,f1a8c1b689c7040f0d07bc6a7f90ff317e776e45db1a6f217431399d7d7a5ad9
TPHW-524BAA06040D19062EED,07:A86C:0:0:1,4092c05e30699138f43cdb8fe4780343179cfba9e8117f5fd496029ccb903130
TPHW-0FFDF28A51D0FF391C58,07:A86F:0:0:1,9d4d5ccd02e3837964725acde39d3b11eb3d43b17fd3ba3d75ea8917395138cc
TPHW-30D54C33439FB746B118,07:A87C:0:0:0,e83248aaaeaeec08d92595453b36b2de8d52717ae51613353f4e19572feae07f
TPHW-8689E54FF41B604DCAAF,07:A87C:0:0:0,df9330d4d4e929a816b4c09f6110dfc13aa9c20bb7b5c6bdcdd16f27251c63cb
TPHW-4DFA0557F59F2C56E83B,07:A87F:0:0:0,32a68d66b147cc4aab937499ad049783e03f6a4fd2d31da9a9c182eb730ac4e6
TPHW-599310893D3390B4DA9B,07:A87F:0:0:0,a9c2803c1f6cd854fbea0c15bea14e43af8fffa8b7f5583bf97111c8e2e8db78
TPHW-6484F6966C5292495814,07:AA6D:0:1:1,408d7cbfb786d8eec3af6756dc8d93ea1f688dbdb4c927773091430ee3d23e89
TPHW-BC466113868CD9282F4A,07:AA71:0:1:1,c0cd09f8e0065852162ed1ab1184d405d75e2259760a8a640e135778d4c70cfb
TPHW-A8F7294F0DB16A4C2C4B,07:AA74:0:1:1,5f5b740a5f8a39c73bb726d4cdf881dc6ab9b7e7b2269b037d247f4888282a1f
TPHW-A181ECDF3E295BC09723,07:AA7B:0:0:1,8ca32d37f9e2003ed73f6d8245589d4fb2bcf53107afa5de4e8c93beb0015e70
TPHW-E28AF7DEE04D71BFBE0B,07:AA7B:0:0:1,29ebdc3eaff0e6c6920f0bf8397f32d356a1ca75cd3538928c2f65299da5c2b6
TPHW-96D75AA70B277C149A6E,07:AA7E:0:0:1,2b442782799e6204c2751d37865aad2d3d3903b4a236a3f291326b3b1b35299d
TPHW-B7C38350B604BA0C9B60,07:AABA:0:1:1,fb6cd1a1550f25ddda6ac9601490ad8ec5e7ee70956ad03662318e1ea6e1825c
TPHW-89B49E2DAAFB4CF9AC47,07:AABE:0:1:1,3b33a9d32b553f30d9454b2058d3484a8f954bc7630dfdb957aeb1b2c1499489
TPHW-285978D9C27C2469606C,07:AAC1:0:1:1,5c30325416010785a45a45a627ff908986a275d49a6759ba830d2eaf0bd18cde
TPHW-73FA250A6CFAB5AFA681,07:AAC8:0:0:1,2629f6751ea1af64cbb38f48aa8bb348ba11cf4a864d38abf30170e68487def1
TPHW-6E61EE63A95757596C3A,07:AAC8:0:0:1,eb27f8fe14a2df827c1052ee021aa5286924d4624b19429c98f510bc58c13fd1
TPHW-E8B9F7CBB291B4F2611D,07:AACB:0:0:1,53f0a8678ce08745f9adc595d2362dfe5a748abf3e3d36e167d18a8c122ed3a3
TPHW-EAC860FA67A717C42457,07:AB2A:0:1:1,64478d8956fe31d2d59eee2d356e03d6f386ef190c5635407bfd54a9c03d5ffe
TPHW-2D47BAFFF57158541A79,07:AB2E:0:1:1,cf91fe0029efb4c46e2e8d5c4cd47275ba7c38411e05d18ca6230ac8afd2729a
TPHW-A3FB97AB5E8E89D1E180,07:AB31:0:1:1,7df182fa50a2a139fa3628413d941e7d7a919c8f39f35980d3ef5826406088e3
TPHW-B801548F7773F1A434D6,07:AB38:0:0:1,86378c9ae82f2faa249adc6eedd94da9d837d528c58903219eff55b6738f54a1
TPHW-33F0D68B28ACC74CA530,07:AB38:0:0:1,6ef3236bc98187563fd06bc7eef673b85e72e36acf49398a3cd461d09911a0ce
TPHW-9D29C5B7DE2315D6FF40,07:AB3B:0:0:1,5c078283f19394e35ba30a783d9f61b9e3ac0ed6127fc50c7a14cd3429182f77
TPHW-234BCE508D8D60E88E65,07:ABFD:0:1:1,0fac027727e8e6866d72e5f714e5619665217c814aad7b4b47584e019a17f020
TPHW-561308D46B2952ABC9FF,07:AC01:0:1:1,e7759694da207ffa0849a5cfc459569f9ddaa0cf8b373e51c2bc161035e67211
TPHW-E290D31E385381EACA1E,07:AC04:0:1:1,44f03f323effdd74fd63d4633703e39b013345bd2475fe0bb856c230443ea13f
TPHW-BC6F3FEF7FB69A176370,07:AC0B:0:0:1,95ddadfa60cba970bdb612dc4c6235a38de85dc2b89aa31f1756909a0bdc13d2
TPHW-FD08527D34EFE3FA4650,07:AC0B:0:0:1,5b131e38b3df2c8dd0ac64db355f1951e540d341b76d314fdaeec71e8df5b4db
TPHW-7F78F24A16D4A94711CC,07:AC0E:0:0:1,a67912ccb17747953baf9c5d58a987f46668f1e3ccfb91bf1ccbc8f1aad5ca65
TPHW-437E73295B4F446A6022,07:AC3D:0:1:1,6b1717177e1cef3613705e528105324a78d2599dee87c2e6b53000ab53c07074
TPHW-B43B710F25B2EE68812C,07:AC41:0:1:1,dcdb7a673d79676a1316f767d52e6dd54555afd881c23e85b81368a224703cc7
TPHW-860E96740E7D276B7333,07:AC44:0:1:1,5284d9511658de754a84fd116853d588ee1ede98138e6b896693d96727dd516b
TPHW-65FA188DE1CC6BEB0613,07:AC4B:0:0:1,98fd349da16e62e624551ce999b583b39bb6ddfba8a4e5a3954ce24fa1dfa191
TPHW-CB11A8B92D3AA21EE137,07:AC4B:0:0:1,1725703b8a26509a3c47f704d599dda75a691c1f798ab87994141bf4222f5cbe
TPHW-1C823B9AB1C2662A35AB,07:AC4E:0:0:1,a4fe53185f968adb630dd729b0fa64dc9f80c4904f08088ffde319ff97e07630
TPHW-AA8D990344E7199D1A06,07:AE79:0:1:1,0fa378f9e7019e6f9797facdc73f04ce869b2a8a682141757cdb6ffb581a0dac
TPHW-81B3256C038A005D1E0A,07:AE7D:0:1:1,979de67ecbe92328e1b181d130366577d6efe6da45cd55d5e2d02046a6a57c54
TPHW-48E96A46BBE8BF08BDB0,07:AE80:0:1:1,8311010b8d6f5352da0d05962d2d96d13eb2c0330e06f7e1694f2856cfc59f1e
TPHW-8BF1A7ECB31278636144,07:AE87:0:0:1,e321baa3742044a9352a1bee01e623f41ece7b1ffcd22e531c8c193ca521c89c
TPHW-F5647972352353FDF9CE,07:AE87:0:0:1,bf9e6cddf8c6a8a3a2f0d6df0182a8cfb93664491506859e73e11edd0a678128
TPHW-B5A6BAED22814C090751,07:AE8A:0:0:1,081120a4b8bb1570b41dae92778f75940f047abd6191777db46fa563ae9e2e57
TPHW-A65A6EE1A9FC0D030FFC,07:B1F2:0:1:1,bccedaebd7b60e309e6d323ed1199fc517595a139c6edabd5799ced66fe0c7a9
TPHW-B07EBAA1CDF79C84629B,07:B1F6:0:1:1,4489fbdcf662d9b051ab8b1e49c9b79d8d66c96ff1d6e65d3c11e6d96b8177a9
TPHW-FC6D06BEECF274E1E9DC,07:B1F9:0:1:1,34edc6ef329b6ec6a9975dcbaf55b2937691f5fe18cebf63ab9184c975e02d35
TPHW-265D944D93597FD7BF7A,07:B200:0:0:1,4a3e09c210dfd8959710b5a7f19b0124cf956bab5024f6eff7c6b274984b0436
TPHW-46BDFB6FEDDC0F068289,07:B200:0:0:1,41b4d09c96858c02435a9ba68d601f80cfdbab501ba300bb8b822a212d59bc90
TPHW-CAB2F48ABCBBBF3D3D3D,07:B203:0:0:1,86944875c9610281ce4c7d2eda5096850ab9af06dd4d557b18a5ab00539f4e6a
TPHW-20A98CFF884DC1D524CE,07:B9CA:0:1:1,e18262464d549b1e0bd0de6e92e7ec0715e0cf250cfb8bd4a9437fe54b929e07
TPHW-647AC541B4BE444959CC,07:B9CE:0:1:1,40d8a07fa13f4fe1c189d3790146e57b0e0837886b5562079b867d35eb28b46d
TPHW-1443FB2C8E85EA024229,07:B9D1:0:1:1,8c9bddac070ce9120ac24cd2b5c797f7189e96c15d496924627a94b32328145c
TPHW-A4A33F8744886B0F5E75,07:B9D8:0:0:1,9e1efbfe33fa7235a19051b70c38fe615acc02b10b6730741bf59fbef5dc5d54
TPHW-25107C858D1BE2A12EC8,07:B9D8:0:0:1,a4185ebe7916a7c15cdffb1ff4d156f0fbb07b12f0b3a3ae4fdf875230c5459c
TPHW-631D00521CC4EBC136FF,07:B9DB:0:0:1,e1ac3ab9a7bd80f5ad0882f1671412b7a81fff6f063d2b3141398f438af5e56a
TPHW-BF91360BC09FA6BD7637,07:BB23:0:1:1,7980a79ce5b2a8e4d7436f80cfeee57738d422e87d2845e8cf8ec74316a6ab8a
TPHW-D6ADE972D00C51B194DE,07:BB27:0:1:1,b61d2ea3651105ea53b9a000ccfe21cce4e7b208e5cc4449b7cc04a94d425a58
TPHW-0936C4EA5F4E4CC4658A,07:BB2A:0:1:1,b101de224131877e478512eab1e480c88beb3e1d7ad8ef801848a90d2d214029
TPHW-8D96A71B90B440582BA1,07:BB31:0:0:1,7fe2d05b73c6a5a125105fa9f2b9ed9274418fc7234763222d746967779b8dac
TPHW-5378A4969CEAA3AA2364,07:BB31:0:0:1,49207fa399aacac9b954c612e63a26dfcbe963ec0927298ce356e3cf83fefe8a
TPHW-BC9C48CB68839003FABC,07:BB34:0:0:1,bcd362337c93f7a8d059b81848c81641d0b0acff541740976028bb03ac84415f
TPHW-E507A7C6824A2B3ED786,07:BB71:0:1:1,cd9e08caf51d8ea534eca2738428d4d278fe878f012d7af8574bb2967f0e7f87
TPHW-E55087D7B39B552DC720,07:BB75:0:1:1,b8b0e59b75ee6fb73f4ec7834a7e5db416e6196cefe5f42b49613edab10a6a93
TPHW-151912E727E7017FA2E5,07:BB78:0:1:1,8c2b3c791d26976e72fc61a51a452a07168432db14ef0cc396cd86076d911151
TPHW-E6FBCE50751E9591017F,07:BB7F:0:0:1,471630db16d5919130ff9c8bbe6533f7d488f837956a979b12fc08e470510a6f
TPHW-7DB92B03144933B9AD37,07:BB7F:0:0:1,f596ff61fcc41015589db1e0676b5b173c9a7c38587e9d448bf1059f538f31a4
TPHW-95C66DF45A749D27FBB3,07:BB82:0:0:1,b996a546159e3632f95068061aa15e4e7fa2f662eb3b997b2188c2505e80f3a0
TPHW-D10B0A3E44CE14018278,07:BEFF:0:1:1,2e7108752ec97c3f605c2590e7048ffa9c5e669efcd7a845648518f4f0f479f6
TPHW-D54F906F7FE3F9C4F08A,07:BF03:0:1:1,3f4012c534aac317d1690d7b28ec4b6158103b30ecaff14c4081c4bda5b7d68f
TPHW-67D6EAB3211D043A53AD,07:BF06:0:1:1,f0d3fcfb4fb6488b456fd1292ab3ce8960b5f720fdfe2f012f504582d60a5027
TPHW-AC55EFF72AE42EF0F4D8,07:BF0D:0:0:1,3b90f804f37d8f15f21f0ab06b67ab63c6ddc9941fc932a005260bc6107db135
TPHW-7341993483B59A914981,07:BF0D:0:0:1,b77311e601088638ba827d8e023970c9bb770860d494b405bf5b92c79d894b5d
TPHW-4C794BF6272C581DD5D6,07:BF10:0:0:1,aa6c643e372e1a25a6cfd31ce9d7d3267dbd361bb7a1540fc48753c4cbe2b01a
TPHW-D6DAC1039BD1BDF30441,07:BF4D:0:1:1,986c54cf6e77c53e72db4ba98be0c962b4a220f19f9e92b88e4cb01d945cfd6a
TPHW-230EBBFE3B8669B17B37,07:BF51:0:1:1,4ec8174af606ab54f8c3dc5c585999c14fa16cd4e60e712a22b23072f73cd5fe
TPHW-7A8257745C3C2D192377,07:BF54:0:1:1,24db71cc41f3fd977491221c55d4d64f0f62ac2099710b80f9579f6d5b3e1f31
TPHW-AE2E2FD217F925609A04,07:BF5B:0:0:1,0ff46693aa43ce3abbc79db75b9689c74b32ba03b913f0ee473666c6c1929e4c
TPHW-D20F3FC7B7CE0BFACD22,07:BF5B:0:0:1,86f8bb40f94d2c3fe78a9f8490e6fdc2dd4c6fee4f21b2e9aa429201b352dafe
TPHW-BE1801B21F10930A7004,07:BF5E:0:0:1,aef76dbc55d2c8c8d12c1a77fc443efd5275f2d02b819a91a04342645ed3e79b
TPHW-65BFBDE5CA19CE03623D,07:C2C5:0:1:1,f127112340b02d7e465cc6c3c9dd77a6040e09f4f38ecb4cbdecec2738e300a3
TPHW-71AC2BD010E029D20D21,07:C2C9:0:1:1,454d120c504e54f26bcddcb186d4978ad3edeb155f274abd0b8b24da51a6635e
TPHW-126826F2A809532D4B52,07:C2CC:0:1:1,ebe24d9f67899d1987ab9a0a18c23365afd4be45471a4904587013f3827f4a48
TPHW-80FD89C93B4807B7E0E2,07:C2D3:0:0:1,86f9f46880202d29431afe598a58e938b22d661879be8a31cf137166688beecb
TPHW-70FCF2211841695EC908,07:C2D3:0:0:1,087da354123ef8a5c54190fb68cc50ec90eb6d62d16872a2080621326e57d7be
TPHW-76EBAC8CE523EBF99970,07:C2D6:0:0:1,da0d7b38ab15506fb8d36d61a7c1f6b5cba0ea17c501ebea88c2d6e2cd3d952b
TPHW-25E5968D90341AD824B2,07:C561:0:0:1,28eafb27b00a9ce27ca68687b9d5113003e706e7e9d0dcb3266b8f6b63c8b926
TPHW-6B048AEA97A2AB68FBC3,07:C561:0:0:1,89fe83d85be0fecd46549097bdff5bed4f8cf172427128d727350612a09b79fc
TPHW-FFEE3853CE7A0341D7AA,07:C564:0:0:1,650eea70036d36321ae5877e408488626348acd861b73580d04c997f84fbe8dc
TPHW-45A3F4E7160D78EB1DC4,07:C571:0:0:0,bb068591da3767092321d07eda1f2093eaacd450ab3bef1cd528f68255e8896e
TPHW-2E820F2E8F6AD30BFBC0,07:C571:0:0:0,eadac43ca993db05541d71701878058db933d581bd108fbb2d56241865f70207
TPHW-6577619BC0CCC713AB4D,07:C574:0:0:0,26028110fad7d5929873164788e0225c921e44e1ed715d22c8c65781f3731a78
TPHW-4F004BFCBE4DC9ED8A5E,07:C574:0:0:0,59c9b36cd5f0162faea2ac4d94cabc8d503f12c21f8f6bc52ec1acf72dedb0c5
TPHW-3C6219E854038C6DE16A,07:C5B5:0:0:1,82b111eaa506ae7bf72403c60c98fe057f79e9b5a723c3cb5bf72a12c5cc5bdf
TPHW-DF4F1A9F7FFB6504B04C,07:C5B5:0:0:1,3a55464100621713847676c19e54b71cd5962c73505c5950e635aa7c46f158af
TPHW-9C073C81757C6891409E,07:C5B8:0:0:1,d55812abf99721c624b67f7c154a991d3a815cc46282b049f9e3d026b414e561
TPHW-195A1CDDFDB9D271B265,07:C5C5:0:0:0,1916347cdbb3e635b833e0b840e1469f9f4bc80acde2217ca895691903ed71d0
TPHW-10AE378801DFE3C80C59,07:C5C5:0:0:0,56b8be869b8fc8fb4f21fc5c87134ed79712027532deb88813a01f82dbd93d80
TPHW-B3BBBABDA5EDBE536F5D,07:C5C8:0:0:0,9138fe9d76b6cf5fb6f51ff0835fcb440821db1c82965c9e852bd8fb45d9ce1e
TPHW-0E843A61E77FA1019FEB,07:C5C8:0:0:0,20fa37e8b8d7df247e5d3df6e10560a007beaf6d6b24ec47bd77ce65138eee20
TPHW-858E2604B245364A4333,07:C97C:0:1:1,86b64f2e4c20ae9f92ca4cbf009b3f52161a2a5c803ed10c0180f83b36b28d98
TPHW-A5A759D095BECD1D4C56,07:C980:0:1:1,fe528f81fe2dedb2e9069ee69753bfce97986ad4313189c9fcbd38496000d289
TPHW-943D29F8CC8D9ED426A8,07:C983:0:1:1,1f31579bb500c4d03cb4dde186f0e29626361e3371c0efab1350ed7b47ec847e
TPHW-04377E3CEDC455906929,07:C98A:0:0:1,5599d77e3452ee6a720e7cbdc9f83f3e10efa8f466afb85f4a28f5cb61d0757c
TPHW-0C9CC8B53F6D3350D085,07:C98A:0:0:1,5bf799dd6ce5d66dd114a2a85c83cfa864fa1f601a88932043b753c0cd97ed55
TPHW-E5DB8FD61E5F87D89D81,07:C98D:0:0:1,9d46b446285400cb4054933cd9cbb0d4dcf740e2f41b0bc819101df7d3b0d666
TPHW-A840BFFA010304B01114,07:C9C1:0:0:1,5c11da365421a06238135e5c891a98f024fd2279a978d60636df92b016974963
TPHW-4CA79C8F521B5D5E3FAA,07:C9C1:0:0:1,28fa9d847a91684b3bb9e5cf3f06c6869495f4ed436c7a0f679dd8b3af46c1bc
TPHW-4C95FB2273F87D8AA633,07:C9C4:0:0:1,47d71a716c47a082bf9d5b5d4eabd49f3d50a85ba8e59e05e7c149f84e37830d
TPHW-C9DAD01E4ED1776721F5,07:C9D1:0:0:0,08eca8c28b610e51b2ac4ef54de83eb2c98777559b579c5880afc52a73ee2352
TPHW-EBFA6B08001BC0F316B9,07:C9D1:0:0:0,7198e7352b8106444f7b2d08690a35b7d67eaf0772158f2f3b134e0e97a6ddc7
TPHW-1D2166442DB5F166024B,07:C9D4:0:0:0,096a12ab844b9da77b175c05eb57071a734f69c29d4587f584e71deaaa05366d
TPHW-6B2A3956A9922DB18D35,07:C9D4:0:0:0,b6bfc4ee2be5a86566843178098cc2e7964928d58c6519ca919adfaae9b163f9
TPHW-B08115ABBF450899EB0D,07:CA43:0:0:1,33b0a0f6ff77c6a0ea1d7a9e72d9c0c1bc848e88dcf6045eae0a0bfc836d7f41
TPHW-6F9C88403082FD40DEAC,07:CA43:0:0:1,c10ce12caf639e954c1a2f17c6eba26919e0656d3174715b158c30fb1995b4d2
TPHW-1217B81FAD39560041B2,07:CA46:0:0:1,bd5f433e32939725894b29afd9f1f9930fbb5271b8eb2af1db2ecc9ed343a2a4
TPHW-75ED117C3779501A044E,07:CA53:0:0:0,0a56a442093a7f7c851c1764bb202885cea5fcb3148838cb464b9c4a85590505
TPHW-203E81560636790421B6,07:CA53:0:0:0,87addde163587f7c2a8a2e699f3e64f43536770861ead6335f3bed2179c455b1
TPHW-CE235BF5298A3F22B786,07:CA56:0:0:0,dce619419fb87da3f40ee1abd3bc0606799172931b844780c3b8319d234fb409
TPHW-3987CD98CBE5AFB970AA,07:CA56:0:0:0,843107bbec88fe0b3b19f9d119fb8d72ee8d74e339eb97341505f7ce3786bc94
TPHW-24C3A250B85E437C41DD,07:CA80:0:0:1,b270f0b18015bd4e54c90821f79e766fa2082647e81064f81688645436e6f261
TPHW-3B58F732DF971621D56F,07:CA80:0:0:1,f2d8eab232bb09f98af41b375debf9a9ae5edc9d8aa5100fa3dc5309a3c65cec
TPHW-CA98A50153ADE385897C,07:CA83:0:0:1,2bd48844b9e2ffb03eb3a6dbc8ccc055a4aa8c8ef358600b65b185244ef7707c
TPHW-E3487C8C274D82553123,07:CA90:0:0:0,2cf10a1c27a6ee40ea7fbf8e6a296093634a4790a97f2fce2cd5a09412b8b389
TPHW-4E6985A37C4E5E204F0C,07:CA90:0:0:0,61979ba5e745fdcde4ae67f2d957a19926b8b5dc4ee205e81a53fcc98e227faa
TPHW-0961767FA317B7252973,07:CA93:0:0:0,64434c1fc9591f423065b7f28309c0b01f97c5ea4fcc81e4e7a02f0f33f5036f
TPHW-4048816C750BC1565C1A,07:CA93:0:0:0,127b4e778aa407102422641d04aea131de1778238089f525d41190eec1459f7c
TPHW-8C975922F8B8C45CBCEE,07:CCEE:0:1:1,3480fff340730ef25fb3eb39c316fe3a2b2368a59ee10fc1ce5fd6db4b90b526
TPHW-0ADC74E07600EE081888,07:CCF2:0:1:1,18fda502c3e6a8957a9f7f867ab99ed777b116b24e28fa7fd819ed6a63fbf58c
TPHW-4B18D909C280BE2D05E0,07:CCF5:0:1:1,79fdab7da25110a17bb52bd2dc01b13bc04d4cc748df4c4509c25157c8c93e2e
TPHW-E6464E51D8D6B963998E,07:CCFC:0:0:1,07723a5368da76bc59132f0d785c68687b0c76bf775ae71197224f8ab26a39eb
TPHW-1BDEDED68E3D84A250B5,07:CCFC:0:0:1,6ac17fa36827ffb0b22729f3e13b7a7df633f205980ad1d5853895e2e0bd5932
TPHW-284B880472E24ECD8347,07:CCFF:0:0:1,86a0422f0d4631b91f192fa95dc63bacb5a8ec115c84154ef511e13fc4998f19
TPHW-9702CA0CC0008B7AA7AD,07:CEEE:0:1:1,20505af0a6051d274d264d1324082dd2e593c91d53a0fa6b47b96a53c498cf19
TPHW-8C450E0ECC045F32D50C,07:CEF2:0:1:1,71e6440e4ede74e40bcf8cbb7717f8fd1dec5c9280d607baec335977c12bafbf
TPHW-E6977DE0FF788A616E04,07:CEF5:0:1:1,cb29367a71c413277bbedfb5ebb2f9212e7128e3a7ea599f8d4d8945525d9e60
TPHW-C7BAA6A7851310B0A458,07:CEFC:0:0:1,e5aaa64e8587e974d47f0552017e2469737ea1a153a2bf4302be6d4ecae0c2df
TPHW-6F2AEE2F679A1440B2E1,07:CEFC:0:0:1,b634fc600d58ba205a03a254df71010fef08a55b3c4acae48867d9107435f1f1
TPHW-32A357F0A32810FED429,07:CEFF:0:0:1,f700735a558af01ff2bd21ce6249024dfdfc066f55ab253e15ce9b7210aa85d4
TPHW-A77D4929794D13638715,07:CF3B:0:1:1,a83e91fdf2c6c2c05a809ce8e54db0a4ba449fd0c7fb4b131e8c528ac3975a30
TPHW-3D57FBCBAD2D14FC429B,07:CF3F:0:1:1,1777069d82bc60e86a62a32903545ef54918a372fb85daa22a26d7f24ea95b33
TPHW-8C1C669599FB60A69150,07:CF42:0:1:1,5a5a749f03f21fac82797fb1f997f0556abfdbbe120410dc92fb6e6fd6efe3b4
TPHW-B65C3BCEAAE6FBDA1322,07:CF49:0:0:1,fe0fa2aa951ff23f454b530fac174341a19e43298e14ce35e3eb94f062bf5cd5
TPHW-EF50F9EF01DABCA93EAB,07:CF49:0:0:1,df04a2c248f359add2a780925b64a2af7d4c1f41ec2997de430c10e3eef98a52
TPHW-F11D8FAA3B7E2FDD498A,07:CF4C:0:0:1,83f0a7f7f1569dedc9e5b3585d6506b9723a4ec87fca42e42b88d5116d195306
TPHW-DD64D4124FDA279C388E,07:D05E:0:0:1,24fec6360a9af01364e5addd652ed15662b10a203d14a44caeb244f383988cd9
TPHW-D1E3B8D6BC90CDD3F7FE,07:D05E:0:0:1,a4fdab508136e9baf374a62674f9b9af05f11c0671138184bb41f91a2477d278
TPHW-7EC23C25FDA997CB2BA4,07:D061:0:0:1,4170c10ed442c0279a8c37a9e465a8b2bb41a184eda58853174643d11448069c
TPHW-6A42EC5AC357C35B8D97,07:D06E:0:0:0,5fe41d3af77ebd1c96464ede14686544b44e630edd905d9992d04ce010c8e7fe
TPHW-FDE8F6E701A7B09AF39A,07:D06E:0:0:0,ec8736791e91655dc84b31d1bb65f3807b402ce4dee2bcc90349181d6a501987
TPHW-58FCD8191E31FB94897F,07:D071:0:0:0,dc821b19da41aecee4c273b348b5568caec5911fe8027ccef73a5bcf508302e8
TPHW-5C922B1A9A186088B776,07:D071:0:0:0,809fc103da82a289e2c3665a5762366edf3c42aa6eb5dd60e781eee73420e4ee
TPHW-53B953AEB65B397B7236,07:D398:0:1:1,8b7b5440fa15ef1c3bd765e2aa803fedd0cae6109330a7fbc4d54ce441d51b46
TPHW-712632168E316B515ADD,07:D39C:0:1:1,a3a8cb3705630186f77b8c688df82d4d874dedb80e4c1a50d9be457fa510e346
TPHW-99DF2050C240F79CE2D9,07:D39F:0:1:1,788c1dd37912ee8596c9d195571b658111762e755c70644b7266e7349a9a7616
TPHW-5B491D19901C10E2A7CF,07:D3A6:0:0:1,7cf424c930da65e66bf61891fbaf10df6eacd215d5f892540f71013088ece4eb
TPHW-F4C8552FF2EF12C0F94A,07:D3A6:0:0:1,9d43d9e1df3ceaaae6b76e74b5e72157363610713fd10619bd582c9bafaad2b0
TPHW-C37AD708D6F296DCC586,07:D3A9:0:0:1,251fb04ecdf0e780fcd91214e456bc02a588067320c6f883c4984510f83744c8
TPHW-19C56BE8F7DCFB40EA15,07:D42B:0:1:1,9e26123240622169cf585c3979aa916b0587d78678e368dc50bc99c23a0b314d
TPHW-536D0E2DA34C688438F5,07:D42F:0:1:1,ba0d4a8a86446335947af51bca556cbbb1e5d10403c24333abd956870a13a65a
TPHW-630AAEA1DF72C43E33AF,07:D432:0:1:1,bd1e688385d535be4bec2ce447a3d624fa5a64fee56fdc8342cf1a623756a8c2
TPHW-99DA77FDF3D21A0D6E61,07:D439:0:0:1,064b37c9ceb86829a9ed10366a7e8162dfbad2acd73c914d03ea964b62a88279
TPHW-8F05A2BAC011883DDCE6,07:D439:0:0:1,42785dd0e91b3b4c48541afc69202cb79e03cd18f8d8773c98c7792794c7705e
TPHW-1C3581CC62E1CD257EEC,07:D43C:0:0:1,864cbb64daf3ae4feab51776a094f30fad5443c8e7aff3150279ec5c265610d0
TPHW-5ED3437BB026247B574A,07:D478:0:1:1,43e37bd7174be2d85003c39485199b58c82289acbc781b248ed184b9c2ed8133
TPHW-737F79D395654EAE17F6,07:D47C:0:1:1,62a55b63c82949f3922951ed71b8dc73ca93f47d24c1149239097598a9a2a461
TPHW-FF6C4102EA4E9C5EB833,07:D47F:0:1:1,ecda0bcc28ea17a5940f0851a74927f710f1674e95244d768a696c1d542e12e0
TPHW-465308F4A931110C21BB,07:D486:0:0:1,f6b9c32be7d4bfdb664b4216739620679c9e9c3d42debb4616075e0ef10b78e9
TPHW-7ACC2AD945A822D7F518,07:D486:0:0:1,b843f28f2057e493c9d561ffa684c57c7aee140c156ae32950905eb38be75fa0
TPHW-E34DE904F2A010BDA814,07:D489:0:0:1,293cc910fca59c1b572155bd0f4f93a7736d12502823e68f8aae9d983f9287a7
TPHW-BA52D2C96439E56CD57B,07:D4E3:0:0:1,a605baa7e6a1cc297aa4e82695d5bc7e47911cc7201ea095d3b8aac4a621c1e4
TPHW-D6054E81E5E02C44B364,07:D4E3:0:0:1,aa8b7f2f2597e7d99727bcab682580ea02a0b575467608912ca982bc321f9856
TPHW-520B545B9F37A6CEB08B,07:D4E6:0:0:1,054c24924d107d63f6e254bc24996144dd59692490d97de2586de578ba780890
TPHW-C5CA770C34C04E1023AD,07:D4F3:0:0:0,2415663ff6eeeba9cf78605f0d9b074a5b056f0f490a0a0265d644563020b55b
TPHW-710FD594DDCA8D79AA8F,07:D4F3:0:0:0,cb1d06b99a3368056f07840b711c937451ffc03eaac0a134dab96cd0b1cb5d54
TPHW-94FBDC6D92B718557B08,07:D4F6:0:0:0,2077861ca2a73d952ce1962ef46c3b20027f7f830d87cb6dad8c52aed41a08c1
TPHW-E7F3778CD2343B21A301,07:D4F6:0:0:0,05d9b8735dde4ab1cdba0dbbffa8fe458d828c2e47dca819fc49bd389efd4357
TPHW-32C9A2C377747402A621,07:D7F2:0:1:1,ed99dabf6b8ae2af791ca2b1c26e4f9b68ff55efe8641cec79695c2818524115
TPHW-E93B8E03F8EECF716C47,07:D7F6:0:1:1,58caf7ac6bb3e412baba590d2e86bae88d3aecfca1edb582607f0b293a6e9abb
TPHW-7A24C2B83709EF8DAFBD,07:D7F9:0:1:1,92f28aa113c5b1e43d058632673be56b77788e6dceed62979aa3869889c1f8ae
TPHW-2D5F73AD2B328E18CE46,07:D800:0:0:1,9de38cf82fb6927419d18181ccf383c0297e1fd062d4a26180842ef04756a760
TPHW-E13095E787B7F5C18695,07:D800:0:0:1,60d0ad88f6ffed8275ab67e9e84f524b87a0ba486ad8e9d6e1c97af5c19594e0
TPHW-9024321804AEE90D3845,07:D803:0:0:1,b597c3dc607eaefe6addfd962d85441f2fa2dba1f1989c964f7316e0fc8fdcb0
TPHW-C28AFA7AEB6FDB9E3C46,07:D83F:0:1:1,f3921d64420c905d9183bcf5ac5c11d98444c421611c2f1823cdb374fd60fdc5
TPHW-BD3F1DDB20460DB60F01,07:D843:0:1:1,ea9baf201696ea54f447ca6ea7924c60ce5409e1eb849a311a2acb6658c85991
TPHW-C2725BF07BF11B1501A4,07:D846:0:1:1,1ac03863c4abfef633a768210962500801a1d3b97d0ca3a85a9ef692bc168e0f
TPHW-868B2BC8EEDA91BAFD93,07:D84D:0:0:1,dc5a535538e3aa96830b8a0dc11bd8b19e82cbde459c07453ab00933bcc5057c
TPHW-2FA5807FA2E67AF54AC2,07:D84D:0:0:1,3afaff3ac175d345224ba75670b14f5145259b8409cb39682f10219eb7446fd8
TPHW-0C49A4FE036FBDDC3861,07:D850:0:0:1,2999e8b4c079e807d3e584af8f428419082ae83805c3ab68e3197b754f7c730c
TPHW-AEDCDE6585E43203FC08,07:DA57:0:1:1,da24385d986e765edd842c336209fbf23d659008184eb68a79a0cbaf61f37510
TPHW-B3B7211DFED53F32334B,07:DA5B:0:1:1,5bf9d9bb612b05825b12ce0302e3f8c71c890f6d492e572644e6d0fbeacdbcdb
TPHW-59D7D1C2C12E13CAFBA5,07:DA5E:0:1:1,8d9f13441af8c17cc60da5f70bcbeac8eb67fbc4cda3d54dd4c28ae9c68974f1
TPHW-1C2C72165441F01F197F,07:DA65:0:0:1,75573bc6a8ec50de582d0b4f08e7a298119952285c5b0f23072c85520af7a365
TPHW-BC635F465309784088FE,07:DA65:0:0:1,acd265e9b0077f86f9b2d7dd35a2983d6222c351969a68b810040c87ba629f4c
TPHW-C58D2AD191E4EC6D81FF,07:DA68:0:0:1,f2d454891c33baf16bfa6eb9a2be728c8a1c6289b73bfcf46038e428d0dd1531
TPHW-96DD1A4D8CBC52AF0709,07:DAA4:0:1:1,e4f69315246c76e29feb6f7f262fd498d0fa4034379434818883e236962e0a5e
TPHW-FD238EDD123A07F61844,07:DAA8:0:1:1,9ace7f4ce6db020e52a6e0dcfbc412bf1ac33792cd7b56cd4a02840245bb6e74
TPHW-3FC74719C08C716AB74E,07:DAAB:0:1:1,595d7051ff05a146ee86a2a33ac04fe2eef54a08093e9824256ae871c9ed814f
TPHW-558EA3AD191ADB842063,07:DAB2:0:0:1,ad23f50a9ad30472eb793d31c27b8f5c8d243d7d3e219a9b3ebc6dc237ec0d8c
TPHW-D7373665BE0CE4E640E5,07:DAB2:0:0:1,f5dee5a0601df08de006b7d2a9118e8c87752e985d8bc9ce60e3d3cb2b74838c
TPHW-CB99E51BB340290E6F54,07:DAB5:0:0:1,6f7b89cc5197a871f8bc0cbfc3f711640bd87e09700a310f457978cddd45c290
TPHW-C1326FD99E8FE7ECF00F,07:DB05:0:1:1,795e16f27e38c7d534ba165b401ec4131b2b2154231b60bce91f6a8b69d51709
TPHW-B126DC3949475654395B,07:DB09:0:1:1,ba11be2cef6da66a3308ee6294a8f635040ea97cfad0992edbfe59c20e7d22cc
TPHW-60AB6F66960C13D40C08,07:DB0C:0:1:1,4eaf84f042ae14b4a7dd1a33866bb12c7580e5beaa6fdb6d9730a43ac535e8f5
TPHW-B5116CFA9B87BF3B1B4D,07:DB13:0:0:1,1af909eee3e34155cffe0af8962bdf3fd6b5eef6ce8c9608fd5ac18c0f014e2d
TPHW-EB2F78FD4BF22B736829,07:DB13:0:0:1,faa22c5ca153d02851efd2476db55f4649c1d3c36f1188b87d357287b5ab65de
TPHW-EB244F733982C0CF87B4,07:DB16:0:0:1,d37ae9fbb3f841d878d0c52e0b625d884e8271bcff162184e83e9512b8b86b0c
TPHW-1D75D5A54876A823AB82,07:DBEF:0:0:1,ea7cc89e8678bd733a86ea6daafee6e7fb6238d1e31d196ebf4b1661957e9b26
TPHW-C9AF74A7585EE368DC3B,07:DBEF:0:0:1,ab4082eaa9b486d63eaf6da2e56b8f584073cfb1b5e176785958d574afd831ef
TPHW-C69E5BB07A5A1773B409,07:DBF2:0:0:1,3a9c2bb1a1d386f6e2b22d4f69cd5d518ebac2b64d6772a3c5257493db9b1e8d
TPHW-D77767767646C398E134,07:DBFF:0:0:0,132c1511f2c80c090ed144be85727e18deca50bd9024752cb5c8cb326a5f70f5
TPHW-3DC51D3A8C0FBD8A6BAF,07:DBFF:0:0:0,34bc9f41a8342d7785e09e0b67ba8675a1f59eb42d54ef29f952fc2fb7595d14
TPHW-FB70672D34E17C18B4EB,07:DC02:0:0:0,697c5a6da3cf26ddb9265a5d91ba1c793ce3133fe6b6ebb75b7cb21245c55e5a
TPHW-A7BADB02A0F20CDAEE6D,07:DC02:0:0:0,762ee39da6c5cf8e5dcafe192a2f0a2d8af2c54d3773e0b6a40a2184b08c887f
TPHW-25E48F26D83ED8620FDD,07:DC99:0:1:1,4656f9e2fc23d854ea68cddef12afd2d5efdc6c67c028f8d19b755abbc784498
TPHW-07C939FBA3DAA23A2E88,07:DC9D:0:1:1,52ec23c0d05606b70556f1ed6a03b77ebca8beca32fe3a323be1ae37c1c2cc6c
TPHW-C690EB8C9F7D283B707B,07:DCA0:0:1:1,492c76bb13fbe94c41fa19e8d0f36abf8f16d00ec90c198abdb82965bb3eade3
TPHW-082ED96407D104FB2E5E,07:DCA7:0:0:1,050a3af738d53756879313e06b7b638f3e20c953dc24a0dcf397216f5e63a311
TPHW-A00C3ABB3559DFBF8FBF,07:DCA7:0:0:1,a860d3423ae0d4af974c686a1b1388b680120cefe95508b3ea264f52b082cd5f
TPHW-61C5AD9394D35957A3D7,07:DCAA:0:0:1,a52244ae0cb044fea338d0cf2b2e5041044e326b7731ca3d4dfeafb31d4c11a4
TPHW-D8A3998F66A48EC1818F,07:E0AE:0:1:1,b4caf0849853ac4e834d0f9445319381746a8382fb90bf2832dae5c29cac1337
TPHW-FEC07F2F3B681361A291,07:E0B2:0:1:1,d568a66ea32a1ce6ffab08dda2c3d79e2de1bb2f036f8e4d3406d60a8f02710a
TPHW-C58E37D0269E6F4B80A5,07:E0B5:0:1:1,ba3412dc0ff42a1e4dc91a63af698a66010ab4d6208d6b90a45ff8b03c7392a9
TPHW-1A1688DD243F4469DB86,07:E0BC:0:0:1,cb3871db4e0eface81eae83ca980a27cdbeb7fb4140cde15b2140dffc43a6cc3
TPHW-55EDB7BD3B9C5E0E5571,07:E0BC:0:0:1,a7611dad90dc6829e10fe1c59d85cb4d2182822c12c9242a1eb58e849792ae1d
TPHW-8BAF4A5E4DC052986A20,07:E0BF:0:0:1,6339589c2517daebb7a3e5a7d805a3e22fa8d594976e6a01a61155280a90e936
TPHW-966BECA4AE006B6987A1,07:E0FB:0:1:1,35486f84bdd256a4a1fc66a7b3d5d8d53e7c2cd4c68bf84e8c644fe6f9e18651
TPHW-9E6FB74CD6EC4B9691B8,07:E0FF:0:1:1,d75b5cbca55728f8285dab4999f2299cef6a72c348e1d5e476fbbc084f80c7ba
TPHW-9707CDE2BF2D285DAB44,07:E102:0:1:1,8de0e9d1921a7de60a58f2a17962c542338bb25ef4a1f5fc81afc0f6bded2924
TPHW-20DF546092070DA457FE,07:E109:0:0:1,fd9635ec0f499e0b0b6ba728594b73dfe1c959e8e6973a7467e209bea9f8b7aa
TPHW-E73D08698C3B516EE180,07:E109:0:0:1,d8e1f2709eac2f79ef42aa35e94b0b5766faa3080e7c557764c35c1aaa339765
TPHW-325DD5DE9158E4B26E03,07:E10C:0:0:1,eb8841417b9a4efb36efd54a53f3ea76ea6df2a3d99a068c35d1cd2996a999dc
TPHW-BC42DD524654B0C025C1,07:E174:0:0:1,0518fd22e321b28124bc9a20dd877cf3cfd6146911d279638b3bac5e67b50a02
TPHW-C356BABB32E27ECE4946,07:E174:0:0:1,c81bf115fc1c5360c8a4add025d9b910f74c15ee8aae8f0270f400b0fea04047
TPHW-701CF33C08EDC3DE8366,07:E177:0:0:1,d076b7c1fc3af24b0a647c6d26fd6239a21b3b682bb68c57f2cd8f56837554a4
TPHW-BF3C076AD1455CCF3BCD,07:E184:0:0:0,be41d2d556c9ef72781ea6d3bcb6ad8c90af29fce68f1715b00863372d47e8e8
TPHW-E72B0ACF6D709522161F,07:E184:0:0:0,4ff4ceacde47c6e30a24d8fb057557f5460a5bf70ed5f4c1686c36941705a0bb
TPHW-046B655E4A42F9279118,07:E187:0:0:0,9488baebc8c1066745138ce8a895b9b8a765032714a7eb3689eee91af238c395
TPHW-FE2FFE3C8B9EC77B962B,07:E187:0:0:0,b0b42bc38e00038f6ec38e5ddd3496bc5d04a3694b710dca0fd1d6fe68a5d5ad
TPHW-69CAEA11A9F8A90F4760,07:E25A:0:0:1,fe1e24fd9344b72539f772c82066dd0d0be489bfba4a231b038e164e5838fea5
TPHW-3ED12F926ABB389811E6,07:E25A:0:0:1,429b328015898fdd5d7df0d4b5ae02b0b134203daf9e11ef9cb1791c35d551b9
TPHW-62F22C6B57C6335D1F23,07:E25D:0:0:1,063c7401bd9731f7079ac9105806e6bd4a9456d70298cb47d35247fac16b8eb4
TPHW-543D5279ADF4FEEA7859,07:E26A:0:0:0,15adc09754ed91dc42b9e60e257efa108b77dab0441249ca240778b0cef52dc6
TPHW-8E1370EA2CBFC05C91C2,07:E26A:0:0:0,40aa6d2a6e8d96dfb8001808e99ed2c36d9263357204adfa22e5de9238f9d3d4
TPHW-D67B6DD10A8595AD8712,07:E26D:0:0:0,eb68fa84e4b9cb04119a63cd6e4449655cc2cd362afdb251486f68c3b6c20fd5
TPHW-85FBF240FF008F065E51,07:E26D:0:0:0,0254f5db28f56d24e7f8f085d58c54f7377f325e3e70b9f249f7d1a1cc2b118c
TPHW-1DB9AC2EC106EAA8ED51,07:E342:0:1:1,e8b564994b411e92185478b882b136bcb80b1ddddbc8fba9357ecda8bea91c70
TPHW-7634E6B1371760E72104,07:E346:0:1:1,420d552a9bde37a672eb12eb9d1a584d60296fd6f97d7e0043caaed23b5877ca
TPHW-0C715B83BC9A0B6FCA1C,07:E349:0:1:1,dde6a9bd48b9ef689c2db711d8433f391f58d31a0ddc06250b1ae7873979f877
TPHW-35C336129FB37E4DD2D0,07:E350:0:0:1,32f0b0a5f559e26b6e5eeeb118965acf524a88753eedc0cfd0dc149963db7709
TPHW-902B3999C2CC172374E8,07:E350:0:0:1,41dd658c096be91318d16a15d0b576f63cde4bac78dba96dcaf729aeab4ea027
TPHW-AF9A21EABCB8FC706138,07:E353:0:0:1,f68a6db3fd7a2e9ad857e6aa940c589e15ff8454c89a7eeb334b4d30c4968199
TPHW-151F14A227524F13BA6A,07:E3D6:0:1:1,8a6c1dc3cbbc3461ec05f517bd7eb2de7c97ed07aea43882cd39506838f865df
TPHW-5A71C53BDDFDE74236E6,07:E3DA:0:1:1,4170473b3f40d694946426d9fff0d568d5f354a81597807d8df575fd0e00c9e1
TPHW-38290AF723CFF516D202,07:E3DD:0:1:1,fc6750c076aec7fb448067f964abde9d487f41ed06988bf947b15159d2d35dd3
TPHW-71A305D0406B3FF8E6A8,07:E3E4:0:0:1,2ca836b89b7e8c0e14efd1af036c80f580344bafdbae0301a0ba5e1cf3d7e5ad
TPHW-6BE7CA9062E34DDF82F4,07:E3E4:0:0:1,8e1a58b12183d688b342d6e120e78985484c3da77b91fd92818c74863ea1b426
TPHW-AF9F461A6AF6BD8EF689,07:E3E7:0:0:1,146c3925e6a4a7cac4a8979293f84af4eb5e30f4444838ca8c653985901b62b3
TPHW-0F4D1C1375B63643D136,07:E423:0:1:1,6bd80002729c6f816d3603ead373f5b0b5ebd8f83c0d74959999922d7d2b8875
TPHW-EC6AE22389AB0142E648,07:E427:0:1:1,836d265edb24072bc2fb62e7477ca4cbfd7a246ed4053a6004b30762a7292709
TPHW-650F9730034A346232C6,07:E42A:0:1:1,d8fef2a751f5fc02ab252dc9136e1e2460dbbdf5d02db0639b3b938a3e108de0
TPHW-504A3113F4642A70CF0A,07:E431:0:0:1,5c17b9168fdfe15785cf880cae2be633837b486a22c0b6ac260082f5e8483fc1
TPHW-9564BE80EC832F0154E6,07:E431:0:0:1,127f57555aa64d6e4e47c5d80c4e744c94e86a520ac8f2701177954f7309509d
TPHW-083427324C1C89D1C4E7,07:E434:0:0:1,05e7207b529801ec9a34219546be7e4f129815af3fc1e9a8266cc80e78e443ba
TPHW-725979CFF28DA0D536BC,07:E533:0:0:1,e851e6a893e2ff3b1af1a88651eda9fa8d618e0b08eca6d9625127e3ad133bc0
TPHW-25C48278EA268D70C6DC,07:E533:0:0:1,266009d1683812e818df13065b9f41c976baa3ed77f43192ec816f1d92a13f8c
TPHW-D51D41B3B31D6A32C127,07:E536:0:0:1,16a09b1295b0f68357ab6bffc7b23d85b81f09ae9977518595f4e95484623c4f
TPHW-5EC7F268E0562A327BE0,07:E543:0:0:0,e6b19fa4c60729e48ec49f78fbaa45897b45add8edb4d6aa4e50dcbd586adf41
TPHW-A5592C4992786C9E936F,07:E543:0:0:0,622ae5069644a8ae3ba094280ace5d78a3fd744cd7d9377fb88c51fa72058602
TPHW-F38831198B86CC24C54B,07:E546:0:0:0,68209f5d9afde68decd838511b97b21102cf65ac3c5cbec9c6f8c10a6a24dd52
TPHW-FB1F58880BC63E70E611,07:E546:0:0:0,e3dbda360eb48065b4911673f6adda6d8d40c403eeb725c81aff134d02808882
TPHW-2A20D763A7E6CC137BF9,07:E5A2:0:0:1,dded2770d077e318e32b238cee6c3bfe6ae87c94a393c8c21e2fda8e74975ddb
TPHW-22FF3F20D4361F310FFB,07:E5A2:0:0:1,5e39b0ca8ea712afe2f31d60b813ffaefd7515055f69aa474a4129b71725cb16
TPHW-8BC93B10E8B69455355A,07:E5A5:0:0:1,863bf3799b16735872db69bf07ebd4b8f59146455f866af4f99261d60fc105f5
TPHW-1D900868F9E17FD12C63,07:E5B2:0:0:0,45adbd3a1ffcf11036c81928e97547d1222dd3f028db5463572000b69709eb77
TPHW-5AC5B170247E6C9A0095,07:E5B2:0:0:0,b9e2bd7ee95a597c065f91769e2891bbee1a60b709fd47c15f84b27b630fae63
TPHW-2F3FB030661C50F29289,07:E5B5:0:0:0,78b28aed0787b2677c0533bbe42f88a74f4d1e4deb9587ccf2b61c6c581339ca
TPHW-8E491833ACCDFCFCDE21,07:E5B5:0:0:0,93d128e4537f0bd73b5a8b3a8155066fe77328b90a88bb4a11beaccca864734d
TPHW-7EE4CDE2F2F641540483,07:EC2F:0:1:1,3966cf848e08f4b693a45f83798b42464dcc9d99b2a1a1a53ae01001fef174f0
TPHW-F90AA55EE6BFE281D386,07:EC33:0:1:1,13960c17ef9a6227457f90374784169d44fa9ffce9c5df49e55b8d61a73590c1
TPHW-4531DDBE0712E2633328,07:EC36:0:1:1,b0845196f97a23ce4dcfb141a16d237b91002c78cb1f8d05ae017c3c8d3c6a61
TPHW-25B080D1610575C586D9,07:EC3D:0:0:1,6667a51a008f6dee6efc80dc2516fdbfe9494c76168e31ea73cc8102169e1848
TPHW-DE659AA902FF8E9DA4D8,07:EC3D:0:0:1,42ce3a59c9f20df3056f7b21185f8cdb89ac03c8cc30008175aab8dcad249112
TPHW-F41885FAFEE369125E06,07:EC40:0:0:1,7bdf71ace2ed423d65ef7e5460d84b73921e04f2d989ac37ff044fc1b1f9b632
TPHW-FBA0798D319842C3BB86,07:ECDB:0:0:1,2be07e274660fe87046985fc77986ec200c863baaa30c5a2a5a68108c856e7af
TPHW-BF71B0E59B5F0A4B95D9,07:ECDB:0:0:1,163807a220fa40eda2a49bc7e127d4ad511e07e18e7abd0b2959f86dd4b2a269
TPHW-F4B3D9767D1163556E41,07:ECDE:0:0:1,f39de136b829923c5eec1db704cc4c79ca1d762ec9c7a6e201a909e57c816789
TPHW-D59FF1A3DA8F5EA068D2,07:ECEB:0:0:0,1bfc98fd9774636b5f6d0ffccf28aa2a1386dccc58c83ec2f72955b8f5291997
TPHW-A827804749E96AB4905E,07:ECEB:0:0:0,e7fd60ca0905a3acd0d0566f2b5df3c85648217e91dda5b87413129fdb103426
TPHW-4F7F37F21C8CD2AAE781,07:ECEE:0:0:0,59d2c234074714befefce4bcab8c3ec626883de7c6df8ffd7d2c4cf4b896b8cd
TPHW-6CAB5CA37DDD971C9B5F,07:ECEE:0:0:0,987fc8059092421e7c9bf968aff283c7adc55aa6cef0e3dc4d288d167a4173c8
TPHW-46FB65CEA611DEEE6343,07:EEEE:0:0:1,179944d2ce95a76b5f094efa7647734fd074bcdaf4d7b27527e7feb70911aade
TPHW-D7F4A2D64054CE527F89,07:EEEE:0:0:1,e356ce2858952b1438c968231c5dfc0d7a0eac7b30ff5dc7fa50d95cf52435fb
TPHW-FDCC46524CE50BE1C7B2,07:EEF1:0:0:1,8338a1a34dc4f4a25b59cbc2e69ed4b3349a54794bdb48ede585da36c2058dd0
TPHW-1FE35BF8B1888DA51BD2,07:EEFE:0:0:0,31757af454b1622ef42b3c98162c8f9470045963afbc14355bd189fc4055bbfb
TPHW-9EBA4121E3BE0848B76E,07:EEFE:0:0:0,e4df2e76d03b4eef437d73d3cefc11d8610024166dadfba65568540e39343478
TPHW-D125D6B81625D4760527,07:EF01:0:0:0,d1bb7b962e7143fcc7b4643557eb435510f6b78964939b464cdd9c833b24b976
TPHW-CDBC8F41ECD433F1C9C6,07:EF01:0:0:0,d7add2b7c7f824e0e4ab7faad9bb9973533ff89854c0a0022a1abe13004c72b2
TPHW-B0D5C6EAD219435930A9,07:EF77:0:0:1,ef32323ec691b383eb6a38740bc18c4bbe7b0820c673ebc55e896b3f141906bb
TPHW-101A2D3A5F0A257DAD8F,07:EF77:0:0:1,221de9f4c221ae5316a4b25f1e8148b5eb78a0f46348ae76396d8fb4feebe792
TPHW-B954F53C3336FB4477D2,07:EF7A:0:0:1,9a1820ac5ff612a7709a6341bb807a6cb4c9c6c42bd24e263f8ea31eefe2f3d9
TPHW-135A4D873AA14BA489D1,07:EF87:0:0:0,213c247d92dc0cec2c2de975963dbca0a220c806109d758d5deffd5bdce34b1d
TPHW-B5326842075281EF4D46,07:EF87:0:0:0,881e1fe25c1a391e36ae7f10a121cf2baff8079d5d10bd6a9feef6b03ca1882e
TPHW-BD65FA914367C97A9BD9,07:EF8A:0:0:0,28f6c07221bf15c1ca366f3c4fd81d479bca675eeb4f4780867dc6044b2e12ab
TPHW-F7B271C35245AA17C488,07:EF8A:0:0:0,82d8c1d1a38001516c36eafa8ebe12e28dc72d93e8b5db49ba08a62c7e372ffb
TPHW-BDAF49447E7859E0E9BF,07:F000:0:0:1,6b4f13d2cf2ebcf3a25b6d062cee8c0533c27371c87808cc449db03836814200
TPHW-9B7AE5A71493CBC97069,07:F000:0:0:1,0f05b1eb26ebc97f697e5ae62cf498891153a74fbb9d91e0614c2cccd40c11c1
TPHW-30842EB5BE3B5CAD9C9C,07:F003:0:0:1,10ec925383f19332b9ab58f2e22b803054aa8fadec39e82994f404641d296c46
TPHW-44375F72D819B870B7ED,07:F010:0:0:0,1c189bafb7aa8e043a0bab521b9d2fb66ae09f907a205a07a4760b880c06bb91
TPHW-CA546DD5A692EC1D5792,07:F010:0:0:0,1a4ad3e11c9a7600611a25e19bb150608915bcba30e073cbb4193b1d2df68bdc
TPHW-ED1773DF3AE424D4C2EB,07:F013:0:0:0,9894bf8ef73a9083c1b7ceef1f36f08dbf436ccc8d0eb93a1f69d636e30032b5
TPHW-8556A987FF44F769BEAE,07:F013:0:0:0,3f4ccd03e92f282aa27a00824e371fb1843eeae40b8db19ca04cbe4ba5e51580
TPHW-BDE088B8EB7237D8B65E,07:F089:0:0:1,c6e042e192343ad7d9f9beca1acf58844e6bd8c7d734a8fbca0303d0c4175ade
TPHW-CC2E9328FE7F08053772,07:F089:0:0:1,5c98c49b635e07ae3e1e815afdb22e0f8d6e4b0185d653ac9dfa4ec332f2c179
TPHW-A30CDFFB84DFD17711E6,07:F08C:0:0:1,c4c36df2f63e61a7d0a1805c6ed4b4fd247b98e1c99188dd6d9a3b6a8fb831ce
TPHW-E0A2368A4F445C81E392,07:F099:0:0:0,81cb51c1d7f7f3ab60d00566146748ffb21111b81ee68b0c44f3a40a06da1ab7
TPHW-EE7B50A68270AA92B0A8,07:F099:0:0:0,eb06bfd834a397227e35a8626bd64344cf14cd6d2daf4ffbc4eb13de6d717151
TPHW-67D75D23A8747E826376,07:F09C:0:0:0,35ab6be52c4c44c5e184ca4832a496c79455b1cd6a97b1689cb9db3f7a2f6e64
TPHW-DEB7CE9193FF15C2AA17,07:F09C:0:0:0,95475512b55499f005a0ddddecbd05fce65af690ba71e42f4790e4295d2b3103
TPHW-D6A753274705D0A44C42,07:F186:0:1:1,a9210afb1f438652298d5369118d6987b4dda17b5ecabba68f2d6e7e9cc70148
TPHW-B50493BA56F47E295C2D,07:F18A:0:1:1,e88f8435c91d762b00da1d2affcf65561746896b3ff09bcb66dddee31ab67986
TPHW-3CAFCED732599F7B2570,07:F18D:0:1:1,bd1c9dbb43a2755bbbecfef32abaa4d4cb4d4af099ff95864c707a5fa07e0942
TPHW-BB489BAB4D5AD2C2035B,07:F194:0:0:1,944bd52ac39fa1983aea968ee02285f5b1db0d33572ee1592b1d2142e6ba662c
TPHW-EF2FF76D103FA43B7827,07:F194:0:0:1,87e33d2473252dab13399b66bc4fa5b58152dd28d91e0033b7bd68011ef18ea8
TPHW-CBDB6971C0A550CEB693,07:F197:0:0:1,2986e10bf93d6b6be930aaf3b100a6656dc25dcab4391090b3f4cc306dba1b04
TPHW-79B17A4B54881313666D,07:F1C1:0:0:1,6fe89a796b5ea465a86ab9ee2ff4aadd43c79d3069317efc8eb510fdb24bb94b
TPHW-179679697E2ED22987BB,07:F1C1:0:0:1,8fa428f44f9603973bf68d832ed273edc75d4fdb5db68e150c1ffd208f401d14
TPHW-1194D373808DF0BDEA56,07:F1C4:0:0:1,dccf5a722603f1cc36191a0a22b5c91cbc0d289133f7a40811ca87b2209f2404
TPHW-5DEA496F23024E015FDB,07:F1D1:0:0:0,67d4f2f1822134ad8b8d0cae1a37144764e3ea7f041f284ed27b9c9afe8f1d7a
TPHW-E0D98BA61ED55A9DFFCD,07:F1D1:0:0:0,a7961f4fb848a6a6ff815c9e1b2a88ad5cd794a4cd204fbba30eeb32474c84ee
TPHW-CE8A6D805DF820D1A38A,07:F1D4:0:0:0,8649ffc327c9e433b16dcd613d6960d42f4fa37d2e9b297ca9a722d95f31ec7d
TPHW-F92C730DAE5AC1C30061,07:F1D4:0:0:0,9e02dd15ce3ea393492a9068d73ff49a2579e776218d18ac0897993ab70e0394
TPHW-6FEF4C29EED2AFB72756,07:F24D:0:1:1,75b55c8f7bc79153a105287916a830e372e031a99e53e6ed6efb0c26ef06e8e8
TPHW-E129BDE8414F3E4C4C2B,07:F251:0:1:1,2500f5d3f0e784c4539732ff0db949a9999665ba3bc49deb3a258b71426d9327
TPHW-27CBEE3A88C19F724C03,07:F254:0:1:1,431950fb7b0b65c266eb59622f0c6088d68da7bd82e9f7de9582440d187aa42b
TPHW-80D8CFF9EA19C4065CC2,07:F25B:0:0:1,dadb499b09e2fa355ded7d79c2d4cebf4a86f26d79e9d816a3588bb47d9fb45b
TPHW-B6ED59DD56F3567B3B97,07:F25B:0:0:1,a05fd664ec706d9518810cbd3351f1bf4be86aca2a5998af46c46fa8e5e3250b
TPHW-666DAEB0AF4AAC119334,07:F25E:0:0:1,7b2c20641a46a506daa586867dc34025e94cd216f86103bd4ec73b44ce28e5cc
TPHW-A3729E65C8FFDDF0BCB4,07:F3EA:0:1:1,5c8c4cd7191aa20b855b5c8ad383d056aadd5df656c44b70c6f51b8faf66ba9d
TPHW-DA6081A5BAECD1BDA68B,07:F3EE:0:1:1,899b61a0b2673c06723d1e53932693e8b04ea948ec0763c29143819d53ad1ccb
TPHW-D2C395E36875CBA7826E,07:F3F1:0:1:1,6ea0ef6156700b05fffffe08203ca2336bc69511ddc54923cf38ec1c8955464c
TPHW-4DC6ADE8181F431C4009,07:F3F8:0:0:1,a6b5c5511fc35029d18f382cdc5739c39dddab23d3a3ea4415d8803718a3caf3
TPHW-1D31AE2A6EE64BBF6177,07:F3F8:0:0:1,baebcfeb24ffb55c8b0b78d99e39c69f893217436cfef3a615ab7daa65409522
TPHW-7A1668E7F8DD122B7AC3,07:F3FB:0:0:1,95a60e6e0d6e7475713a7662d22a2354f16d55074dd77b8ef0677e492b1fc853
TPHW-3AD5C1F5756A18D10C09,07:F54B:0:1:1,d68543d51d68db95c0c2b24d6e8faa2528ed169b4b283368e6fae06bc706796a
TPHW-9BD6328A25B27FF8A009,07:F54F:0:1:1,20d9aa1bba9f472c068458d8c9364ca3e6a786febc6c2d62b96e0488a2307858
TPHW-69F2B0137ABD48FD41B1,07:F552:0:1:1,867c83f455e1f4f6b8f047072a287bfbc97b51220da5078fe1e99e35966a5759
TPHW-86938D2854A882575374,07:F559:0:0:1,4bf493923b145fbe3b42afaa24c3f0cd3350351e7ab7ed994d9095476fc41046
TPHW-25CACB06E4291057C4E3,07:F559:0:0:1,f9c5e102aa947a6dcbba66160e381d579b44e92c869a27e1acda917d2990d557
TPHW-EC635B055FE257966631,07:F55C:0:0:1,80e2054645b2ccbefe4bbae19d7b36a2a9f77ec3dc9e2bdea8d1e0ee8f3ba889
TPHW-A066C6B722AE675A1EEF,07:F705:0:1:1,9877d08c30adae153ca7d3c0acbbbd1f0c0858b19ea1df93def99b4ed7b02566
TPHW-77334FA7A82255D7AC11,07:F709:0:1:1,e97700961e105fb7228448d737be13504217aa697846ffcdedbc248f6b0eed28
TPHW-57A5DAC5F995CF41631E,07:F70C:0:1:1,331f981d36e42c1e2498b4d10ce93ceba93a221ff9957ecc5e737fad293098f1
TPHW-A5EAB249107149E5BEB0,07:F713:0:0:1,0f287890038a31ea2f7d888e128194b96b9c8242f2f4425e23faeb29ed61843f
TPHW-CB613F4C7D517E4F3B72,07:F713:0:0:1,26df2e4d64a84f7a841d50867a932abc2399e3a42376cb50e496967d911a0255
TPHW-B3A207D3E557E33CA4BA,07:F716:0:0:1,41f5467880058b998b04b7b50395af6186d1bc417aee82aca219d41285dee3c5
TPHW-37CC5F84F70DE6D9A99F,07:F739:0:1:1,ff8a5cd4ccc72343d69f2fca5aeaddf49553802a251471ed82543cc47779b622
TPHW-5F6396D7822C85C20DD9,07:F73D:0:1:1,85f69e5bf897a5fad956709a6f0dcce985552cb52db07b4e7c651e61ba2e4df3
TPHW-67674B2A670314C3F72A,07:F740:0:1:1,92687cf70dd9fec738a7560e206dda338d8c886014e786c22e17f5ea2ca033a0
TPHW-DEF04F4C3E3FD75E1ED6,07:F747:0:0:1,9a22379fcef6772757e7987d6a8651b077737cbef329b561987f4b0b8489d931
TPHW-D840B9A6E7F605CBBC37,07:F747:0:0:1,1d29ef823ae02f32e9097a2b0f5570532630d0fa4d83a1c0b4ae22f7452b7338
TPHW-1FA5355C74F19155BF76,07:F74A:0:0:1,43daa36933e2b4d8872acdb49866e9283ef59b6eda2812200ca0cc4fa90fd44f
TPHW-F485B8A12BDA1755F5E0,07:F769:0:0:1,2ef6ea0424ff3669b416b6dd8c845be84da05f8f457f70eb62f8d308ba570f33
TPHW-E204FF6B300736077B17,07:F769:0:0:1,f52fbaf143dd7d532afc457034b9009bac3682ef6aaf8c2a3291cd5189f12b56
TPHW-8AE35293115CFA6F7FA3,07:F76C:0:0:1,2a7d8adfda4a290cd06564372cae0797387b47a6d9ddd82b126b0edceea41aa6
TPHW-776ED8DE0312938218BF,07:F779:0:0:0,9e8f465e053abf6319c6a3a662600c023fbd623f6284a38454e2dc036dafff71
TPHW-360AF4017B21CA716E2A,07:F779:0:0:0,68c1c6ee2d86f757a3f05d7b5fcf5c891b82aa81ec1d992e4e8577b2da3ca809
TPHW-AE9359B679B7FEEA1D54,07:F77C:0:0:0,ee03b186fbb3d80fa24b023fc6da713e3e9f2eb26bcfd468ec0aab0dd0d28f01
TPHW-3470686CCA3AF6245438,07:F77C:0:0:0,23af74a44835b8e9d7a7bdf56c2c4a6f4009ea9d498d5aa6322751e1cd79e1c8
TPHW-D7D70FEADCB4DD53A906,07:F7A8:0:1:1,dfd9f7db8343af9d8341073531bf401befe80945be6f0f80ece35f5d04c34ca9
TPHW-33F403FC2FBFBB29F226,07:F7AC:0:1:1,cd0095e0953e7453e3526dfd72234da31e1cc075193b326907a732fc971d60f0
TPHW-854A1C13A167B4D53888,07:F7AF:0:1:1,c5dd61155f5e148eeec17d9a40106e92aab543cb9dfd77c983b6e5f425db11f6
TPHW-4C4F6C06AB7CF63B9158,07:F7B6:0:0:1,645997b5b59ebf25bb3baf845f52928464b1b158ac128dda4fb5fcd3ea323d5e
TPHW-6871807EB7CEDD9C4643,07:F7B6:0:0:1,78e99b02fb34d2e37d8f89dbf291029b81d3ee294e7a4e8ee2cf894c0ce37bf1
TPHW-F9CB2A517D60C0A8117C,07:F7B9:0:0:1,82d4c16248fed15698887a252dc69a9a4bcde835c2971c47c2ea1c6ac28879c0
TPHW-33BAFE20716A6A628F20,07:F7D0:0:0:1,12dd11c519de2fc1e3c3d09885dd7905f691d42812bbe0b4319ba998e28c2a5a
TPHW-BA48F8F4C8DC07B450B6,07:F7D0:0:0:1,d84ce076b9e72c92edb64c4146941cc9cb76b9bbac45c02fc7e913b9849de56b
TPHW-293E35905CF1B0FFE9FD,07:F7D3:0:0:1,a91f430deb60ce10d4dc872b57927bda8785947ddde7ec9064d4d1ed24a57fea
TPHW-E9430A8BC2600F7E868B,07:F7E0:0:0:0,acaed85e3cfbae1ece8eb07a0801008eab178631f00d69c53f85925d07b92c42
TPHW-4905A066DAB3E12EC7A7,07:F7E0:0:0:0,7045e657e2b2768271060d08dc14598263c84e418757790ec94312eb8f33295a
TPHW-197F7670AC253A0449D7,07:F7E3:0:0:0,1edc66b0f84bbca72b4f481f9734e7ee336e0dbd441985f95699fa370fabdd7f
TPHW-E516ADF99CAD8467F073,07:F7E3:0:0:0,26702d43e894b660696ce027533eacb6886e08034e9d0455c6373601084b5f1c
TPHW-3A5868B6D7D128FE5BF4,07:FD0C:0:1:1,03ff2c4fc081ed8e7503c02fee52e51d4f4735eee995b9ac467f17dc623330ab
TPHW-EDEAC2D21FCD52743C73,07:FD10:0:1:1,23067e05d1d0c5d612b35ae96daa839b91c7f9a8538de0b56188af16c55bc4d5
TPHW-A6CE8C96FED326924F4A,07:FD13:0:1:1,14fc96c1199820d9ad0ea370dad4abd4b0502d280eacf6731db670a5e4ec4a9c
TPHW-DEF0A78D2049AA394C13,07:FD1A:0:0:1,d396969dd6eda6a0cedce840ac6b1537df9640d73465ae4d031da07cbd34a49b
TPHW-AFACD42A6D7079268E93,07:FD1A:0:0:1,26c63250e98ed20917345ebe9ab62e29dc4c74da92235d082d5acac6bd713135
TPHW-18BDE6DD95AEA40F3521,07:FD1D:0:0:1,042ee75d486b2d79b048ca0de951d4d1bf2289d76ca5cfaaa151bb9455ef3cc1
TPHW-7AA3E6851F6DF816CAA5,0B:8004:0:1:1,98582fd7166c643a7b34e3ed70b1faf7847492aada6c0cc7e8c4a3f1903dfdbc
TPHW-C8652DACFAC15AAC85AF,0B:8009:0:1:1,4855c1dae827976fa1473b207fb7eec96d72b4ff08d9a65eafdf6b62971815f7
TPHW-D31AA0BF2EC2769A55E9,0B:800E:0:1:1,e0a4183b148ce5250b0f147253ddd033ef72542e9ae520c4c08d6136f0296820
TPHW-C62824C926C61049DA7A,0B:8013:0:1:1,9735dd211d7767d5dd7ccf69d3384bffcf9b0b195e44c710f2e656a4766fdafa
TPHW-9DF2ED1E1F1C6B3301DC,0B:8016:0:1:1,9e90d5bc28591b80e1cdf6682f99f1480c2b7df8f842fa946ca66c54d8e1ab0a
TPHW-8B863FB2D6644DFB1AC5,0B:8021:0:1:1,25f448d6e94e55d2c2321c668b69aeb4366a9a5c443b90136c0d6f32dfec8c04
TPHW-A01AD0EE676C13FF4A09,0C:8006:0:1:0,524a225708f8af557e4bb904037c5ac1dce5a4ebb8efa78dcbec6adbe89a891a
TPHW-CFD5B63C9E56E5C62696,0C:800B:0:1:0,e34099ff844200e3791e9ce1df22943a170bd3a61e41e8e32f02ed40626143ef
TPHW-4C7C133D1E2DD6661F1B,0C:8010:0:1:0,259b1e646bc8ce840455d11e8708ae2d967bc924a223993e060005f75ab1e74b
TPHW-AFE6ED5B4AECC55BA7C8,0C:8015:0:1:0,fd8777c3192537af84ff3125967a0369a2f8e940c9ba1b0232a185d3724059e3
TPHW-F745015ACA715C4893BC,0C:801B:0:1:0,3b86f9a8d18fa2edfa79bf55a50ff729aa8f0f948754495be999b016c0aea95c
TPHW-A4EB7499736C3E7BBCC5,0C:801B:0:1:0,89e720b521da7700b85bb866c35e5b28ceb54d482a69f07546081eaddb9f1468
TPHW-F9208B4E90FD097AFA22,0C:8275:0:1:0,8fa7972efdbdf7d5ea9ee054c8ef8a979f98646dedcff2c23c7ee68ab95e2a30
TPHW-4DE295E5AD6DAF4F75A2,0C:827B:0:1:0,68b8b7c57d5eeac1b661888f2089620ea8f5c79d92cee49f6e377da948a37c58
TPHW-13FEDADB093D1366D5BC,0C:827E:0:1:0,d32067d329da26aa30389f3579537ca0d84200ab1b4aaa7661474ec02c82fc23
TPHW-7ADEC099F9F2BE004F61,0C:8283:0:1:0,0d0f4419d9534848c80cbb8b4f1bedefc46f9330f7a205d250b2a7b7742cd8fe
TPHW-5D4F4EA52AC991B67AC0,0C:8288:0:1:0,0942c6b365396d8898a67e74f32fa290172e1c74d007888e9b97964865754cab
TPHW-457B04010B578AF891A3,0C:828E:0:1:0,18d7fe566ffad3613b2804d8fddd497d88d93890511921e6fc47741b016681a4
TPHW-D7A37675F04D13780901,0C:828E:0:1:0,3d45c6d0face7f5e509b16188e59f56e06c5c173c7f25ac29fdd88be5502a550
TPHW-EC5FE4E082220B49DD7D,0C:8294:0:1:0,b5dd0b042983fc67aa18a74e6895706670b770853d73d79275f2a0eb6c362b4d
TPHW-8A308C7B7D1A15A73673,0C:829A:0:1:0,1d6e5cc38deee42d3fdffd4d9d8da78f950bdb546d6ab5eec7248179a103b7ef
TPHW-42C46EE3887B27C85BE6,0C:829A:0:1:0,ddeb4c616d0e3da93d554ae77cc4b77b21762f634c323122bf9a0f1d5698695a
TPHW-91F9A54B9CDDC45C6C95,0C:829F:0:1:0,c7073d4c26e013bfecbe0096ad60c7a5fccbbc828d8c6930a0cb7530fc78e8f2
TPHW-49CF06D1CB916A79F711,0C:82EE:0:1:0,052b7869e56a845244fb5069397a3f8a9c8dc53d89a024c76fce4eea639ddf4b
TPHW-9BDF55831EBDB391C423,0C:82F4:0:1:0,52ae4b580ecda5d232a3dde6339c0d067cc1213154151a748c6c70d2d3f542a7
TPHW-50C49B0B02EE5AA8E1B6,0C:82F7:0:1:0,d9d9bf9f6fb2fbc996ecbda69bfb18120efc84bfca558d9b06f5ae0bebca18d9
TPHW-3B4781CC110BCF79EA6B,0C:82FC:0:1:0,ace143fa86b19abbcc321400ceb7d6e326a41cd33f2c80f8bdb5109a899295fe
TPHW-CA7565EDC4FCA32871B1,0C:8301:0:1:0,39fb9b4483bb8413336da2fba0c378ea157b6cded03f2e0bae2821a7c6c57a27
TPHW-4BA21D9847058C20858D,0C:8307:0:1:0,cd6253262ae786d00cd2da9e92d89b60256c3746a40219aca77766dd9515aca5
TPHW-6D7452441BBE97980D68,0C:8307:0:1:0,66c6871afcf668627ceca14b97ce5fc3c556552cee284655bf72f41437629014
TPHW-42ACD863D4182C86622D,0C:830D:0:1:0,00cced58ffdcebde343ad294a223031b99539197bef50b113f69956fd7dc114a
TPHW-734F19712557BB17FC55,0C:8313:0:1:0,089f53ce11f9b9c00f4f4ef8dcd514580e3c91e6529c6cb7e900814f83eae601
TPHW-4A3D9FF8515C6CD0CACB,0C:8313:0:1:0,fac39c1217c0d6244c55aa1f9d02cd1deb14998d9935050b70d2c5cb29617c20
TPHW-50EED815D7BA1D9E7B39,0C:8318:0:1:0,adc6a21a032f24bcb7a18bf31afeea28ffc960c742b3a1f1ef6ca05322ee2202
TPHW-13AB462A63229BB30290,0C:8425:0:1:0,4ba616a5f9293975ce99af3f30b210458e9ce1dd277f320e4247e3e5546f65fc
TPHW-F06C556B5C1CBCCF0274,0C:842A:0:1:0,f32f24c2a7aa0b7a37acb0c40b3c0905e96c57f2cf130cefbaa2ae13307b98a6
TPHW-19B6EE49C9847F35F564,0C:842F:0:1:0,da24119314415e06f78eca13a461a891bea0bb03018feec354066d5dd836e873
TPHW-29042B7BC260D8C6724B,0C:8437:0:1:0,396ba6ecb1f246c65da011e69c470026749c603467fe462272af25bfdb924cac
TPHW-20588C2E3569CD360A89,0C:843D:0:1:0,18118592f5f1ab04255cba21f4bfdcc859c910974013a17a678f5c1ed59b9dc6
TPHW-8EA14E83A67C762799D7,0C:8446:0:1:0,74ec0b4ddc2567e4396e509496fcc1eae40732961dd41da95cce842c1922d16c
TPHW-C886665ACB6A61301265,0C:844B:0:1:0,09c19a8dc1ef273537777af8ae540b9dd74d5eebd2b3b09eb8acc76f273ac64b
TPHW-6D2E40D5716DDEBBAF91,0C:844E:0:1:0,7edca44956be9546105623c1e6d3b35463e72c693a9feb30ec106c5a37f28e5d
TPHW-F3B44280ACDD4342678F,0C:8453:0:1:0,416fc7ca1b4072b46eff8c82f5b330dc1a2b81a30c44573f24dc772e4965b311
TPHW-5ABCB1973AB525CE7463,0C:8458:0:1:0,aa68b375de9f092654e4872e1bdb414173badee98710537e3b58cf1fffeb68bb
TPHW-9F0865D56D8F5FDD2158,0C:845E:0:1:0,e5e79cce8dcc2b839af444751f08525ea6a062f495918826186d4324f6e80db0
TPHW-ABDA8BBC189FED4A6998,0C:845E:0:1:0,9d48130bce7e71c18f124c62e07e24fbdd01ba5a5b2fb928d5e8a3ab8ed28d33
TPHW-34D600DAD5C311923EEE,0C:8463:0:1:0,36fdc9973a4b1e234b0ac7832212f46d84b6351629b85038ed1d32538131cd42
TPHW-F972EC736A183C46D586,0C:8469:0:1:0,10873c12932f1aeb08fc9e3cd42e8e10bc7b2433e2e71caeb0d15ebbaccf53ac
TPHW-7A162FE1493EF0587DB5,0C:8469:0:1:0,89f5e7005bcdd06cf812ec93740a6bc81e33532b1e260f94e24dd3306f094fb0
TPHW-63655F5FC6C96F29ACBA,0C:846E:0:1:0,c7d7a2434049f42bb32844b7b8846328fc33b96c9c95c132e92918fdad225218
TPHW-F8174988115E2581E853,0C:8477:0:1:0,066cd632d0134f41703d0ef16db0602f47b97452c619f0f38db024f436a86ef2
TPHW-841F91E03A3C37B605D9,0C:847C:0:1:0,295f2d8431039e9922478dfcdbe478a55cb7bbc9091c8ccd9c68cb5fdbccfb3d
TPHW-C5A1D172D9B4EAFBA447,0C:8481:0:1:0,77ae0be9949b62d2e32f80fcb35e3e393bb9bcda60153c741ea8e009c9f8f584
TPHW-CF7048CF8D2DB7D4FA35,0C:8484:0:1:0,ab1d14035dfd737bb87d97ae06c38dc5b6e8bb75c916086b1d8231dfd191a228
TPHW-CB2AD263FC0C2871EB52,0C:8489:0:1:0,235445d1b7e3ddef8c78fec5cfaa63d60af7f9dd913034a4c8434ebf44811aaa
TPHW-7C3FFB27299F55E3C907,0C:848E:0:1:0,94b9d69b2eebfca05f746ec6cb00803ab16de53f377ebf46299652da9b2421ee
TPHW-C5B783799D84524D0987,0C:8494:0:1:0,aa5bc59ec8ba8196a726f64bdb2cb75e5c71321b47a40870d9d7b54eeacd551d
TPHW-E1E815CAE121126FE2E4,0C:8494:0:1:0,ce135ef919d023903ea3c99d386a62039a76dc03b174c5bba751a481af930f16
TPHW-18CD658F00A35DB49524,0C:8499:0:1:0,ec6f8805576caf39dfd4e57d133cfa1ba51bccd393e3f94fc953d0281c529b54
TPHW-2D861CADC7516DDB1157,0C:849F:0:1:0,2e2f7002806970db3b90925ef893bdeb2d5529847017c0e35b64ea4d35cdced2
TPHW-99CA861BDB7AB6EA453F,0C:849F:0:1:0,749972be1a0075b011f0b1f10dab92d1c80952d5f6a3507dde247ca9a415e0cf
TPHW-EEA997AF3BAA895ADCCD,0C:84A4:0:1:0,b022e107b51a87d65638e25694b0b591ef69a056efa660f4b30b349120bb177e
TPHW-35CF46153677717B2457,0C:84CC:0:1:1,2833770e2bb734bcf047062b248b054bfa835306ef5b3246e669cbeeeb317cab
TPHW-63E3039A301E830748A2,0C:84DE:0:1:1,095153bd51534c0600a1f2ffd4b15a9a1dce7505f8c5b701d30df3e5f6581094
TPHW-D1F5ADB1777D816B1738,0C:84ED:0:1:1,8a1bb5deb102c36a7bde0533bc573830c3b0be0bc4193a72c6d49a8cbc7aee53
TPHW-AC364DD7593F3179591A,0C:84F2:0:1:1,0598bab582443d96609f4e54103ab058b33314ab60b9fcbdfbaac65ba197e290
TPHW-D8269784D4A902E22B83,0C:8502:0:1:1,ae816aca83d7016d82efb5f58b4447fcec8e82f778e241fcc56d389774e36e8d
TPHW-C1A38AEE501CB554153B,0C:8514:0:1:1,d4d8cf4fdeec9b0bc9c5afcfb95b8e72c1db6e743596651e7e46e816a6967e40
TPHW-4934ABA02C6F7E5F174A,0C:858B:0:1:0,9c4952cfc38b865a065816738294cd545dedc49148aa04a74f1bf083cfb08636
TPHW-116ADFE5C626A03984AB,0C:8591:0:1:0,88665e5ec3fda389e040e5df8a4868b8c4229ab6bd34366875a35f44aee63b60
TPHW-E6B739BE96B9BA717CF3,0C:8594:0:1:0,a0f19072d356fa991337927b424bd0a3d52305959343d19bf9ce94016db41d54
TPHW-49055A990986B50120EE,0C:8599:0:1:0,ed39dc0ac9eaeadded6535f4559a0227920a422b045bf0d459d1a8783f43fd99
TPHW-9A15C7B9D9AEE24702F0,0C:859E:0:1:0,3d1da9f674a83d187223d567211003212812424eda8da54fe8e2024a11d304dd
TPHW-9150D775333E0BDCDFC8,0C:85A4:0:1:0,c378c32e1b7bacc8c799f9188ba2e737aee05206150d83ecfb1d20aa107eefd3
TPHW-11739B2521490887F3B5,0C:85A4:0:1:0,ddfb107794c4ab34fcc15bb1e523ee31c4014be129548b2eb1931572a730aa21
TPHW-DE4344BDB108FDB23F46,0C:85AA:0:1:0,c0a2dad5b9e1b776dfc493dfb3a6c93e618fe64968d395f84a24ee90380b75b4
TPHW-6CE98574E992102D52F7,0C:85B0:0:1:0,e4af6c50249b7c8a5fb3fc5050c323486003b5a48ae32ae95b3f18002ecfc2f1
TPHW-527407DA990D09F1EFB9,0C:85B0:0:1:0,bff06d45115a406f15e021da3026a92b1af204fe814b760184191069618cce3c
TPHW-CFA1EF0EAC69F291497E,0C:85B5:0:1:0,dfa36637f75047684386e0e841a6b73ef210df4c52220ad12242c3cf76bfbe36
TPHW-54510C36734DD4B0F501,0C:85DB:0:0:1,55c475fecf7a6e866b55c97907df860de34b6b6d4b01194874c9d1a510e2cddb
TPHW-7A76A0E62ABFC8959DF6,0C:85DE:0:0:1,01e519a734c8ce45b458b0e3886947a92dde85dceb7d63980da872da8d70ca12
TPHW-64660AC4AE1359651A32,0C:85E3:0:0:1,53fa67ef37b5543f65b8b319f821c9a903588582083e5dced682131180e6835a
TPHW-872B9A0F6EF496CE8393,0C:85E8:0:0:1,9f83cefba55b66d2e5165ee943b5d1af2c6a677511f1984b0e613ece38912fce
TPHW-8E7A48F7F6D2CBC626B9,0C:85F0:0:0:1,c5849e6ef8a814c32630ee4766f45785a0ac41c545091ba0f16f7b19312e5f42
TPHW-A6A7289FBAAE16EB5728,0C:85F0:0:0:1,4ab1d6d804a67ee70471a61873924ae6813cd8e91515a8d78385e0efce1f812b
TPHW-A643863DEB6695CCB111,0C:85F3:0:0:1,32cf249b734ba09b74f51d3f836de896950d371059feece0c3e72ad07e4188a2
TPHW-1FF1D7DE2741DF8489B6,0C:85F9:0:0:1,d4b46789c186afbb519bd9f9ef2b94f1dea58612d491de50d593b101f5d40c1b
TPHW-B1BD551DEBD82FF48C88,0C:85F9:0:0:1,0655a73cffc1e888c917aabc6e54a745bac53a0a9c13e37087b2c4a92224eef7
TPHW-83A70D2BDDC01A5B1FEA,0C:85FE:0:0:1,a5ecb2a6576bd4028d3832a302de06c5e78802fd7b826143a357e482d541f63c
TPHW-321348FFBB3B1C748CB7,0C:8871:0:1:1,29ca6b9231213c70500c997e924f96cce0bab51b93bc263736238e6516807c8b
TPHW-1845764DA224FE94321A,0C:890F:0:1:0,225e3e098b97c1004be16f2b909603ee8e00661163e651215bf4b67864cc2f1e
TPHW-5E30A4964555E9D3A2D1,0C:8914:0:1:0,5cfca941cb3249fbdc614dc05d1bd305070c9625e4afc2fc69d1b4e2d547ce4d
TPHW-7526795AB177E534AA6E,0C:8919:0:1:0,a13394021fc5a3115f32e933526f62dc5833d4f74291e7a55861104e0ffbe43c
TPHW-BACD67B58DCFE76125D8,0C:891C:0:1:0,21882c819c7404fe84432cfdca1a60ed47907a5a68ad9aa87da4879a556e23d8
TPHW-E3AF3EEDC10982CE42C6,0C:8921:0:1:0,2724073189476cbdc9298297c0576ddc17c93f4f4240758670eed2b2e7ae170e
TPHW-34F999F340177B537F9A,0C:8926:0:1:0,4e90cf457922bd2e1b393db0dac787f159092cd98444bb4e374f66b134248143
TPHW-192724E6B5F58F4C2E03,0C:8950:0:1:0,f6f83dc187b66f3fe3817a9860c6ea09d9cc46595f38fd6339052c6b8029ed0c
TPHW-4B9AF159FA9BA48D8CF0,0C:8950:0:1:0,5a0e69fb8b4dd0253fedd1321a48b7ab51b9874b953457d236d23edb4db02baf
TPHW-21B47036F6E2061E32C9,0C:8953:0:1:0,9c0f04c4fd94b353620da20fe01d372e219a18e1246ce4692959250c8385ae51
TPHW-90F5B354F96CA6AD4771,0C:8959:0:1:0,261f0700d84b6bab8bbf154c06b5a4b429dbfe223da7aaca001e8b09ef64bf23
TPHW-B3C109A6593CBCE4D65E,0C:8959:0:1:0,ed05b725468b7dcf7a3048991437e8e5ea7fe37628ccdfafbcbe0752500fb24d
TPHW-D8F817CA43F5B64BD757,0C:895E:0:1:0,7b0ad6c14d60b368fa0e8f6ae3c2147589dc65f08161635843a58143834d6092
TPHW-1FAB56D241367543D856,0C:8963:0:1:0,71201c160aa406af4905006164338dcdf551c7922c0bd80efe2ba00498e09721
TPHW-70C59FAB701390C54B67,0C:8968:0:1:0,86d6b33815cc37cf6bd0bc836b053b77af1f8b4523edba789869eec4b152d34e
TPHW-2284A4F2B774D36AC2BB,0C:896B:0:1:0,cc23ff2282c6a675ff773efa82d4ea2afd5764a21cd18e323224060a93582d8a
TPHW-F4E20F1EEA115C190B49,0C:8970:0:1:0,7a8e0c7d4367b87ecf392fec7c5fa1ac4cfebd0ad1699103d98424b3790e26bc
TPHW-BFB74E8E08549AA257B8,0C:8975:0:1:0,c9c34d8ce706fe075bda4d6c0faeb6d81c2fef22efb483d686c37c8326c3517c
TPHW-A88A7CC3A7B494362D1F,0C:897B:0:1:0,d6ff99051ed32cb7d9907c2365ea4e6fbf5ba505c2389ae0518d6efc8f8d09fa
TPHW-489B9EA5EF76A5CE161F,0C:897B:0:1:0,c934e44320da1200d59f12c3dc020331a4eafa564dbf659d32725050f9b69966
TPHW-044F41BC9EE1690D4882,0C:8980:0:1:0,adf20f2fc58f711a4d32a1a77478249a8adef10250200c79d0abac7c9b993895
TPHW-418F0B238D7608DD27D6,0C:8986:0:1:0,dc8f807c92ef88a024864768769663e396f683c04daeb4b010cf710e006f51b9
TPHW-12A3A42A367B21AA8F32,0C:8986:0:1:0,2a0c0f39b9e5a4a43ab36c543f2634e3d40aa37957c7ed961cc3614681130a90
TPHW-B483CF36C0393068ED18,0C:898B:0:1:0,4cb7da4e498d2c4d528a21301954512cf4207e36a07b40e6d7d0d5a8f990062d
TPHW-D87CA79AD52A9316C77D,0C:8990:0:1:0,8d60fdc54bd64e114dc07124d0b6f2ad959df48720b65431b6c6f9aedfe7a9d8
TPHW-316F441963D14774692D,0C:899B:0:1:0,d4a1cc35719708282783e935da1dc6b3e1bca20b3683135fcec951c4aa9755bc
TPHW-C79B0A8082F66CC62928,0C:89A1:0:1:0,ac9e3f8c18da0d35f354114452195cf720b99b2948d87d1b871950ee6cf8b2e9
TPHW-33018D30C753204A222A,0C:89A4:0:1:0,eddd1db65647deb4362d97029ca0be910613298b3c512c15245f8f36469eaa2c
TPHW-7F530AED23D0EF4B249B,0C:89A9:0:1:0,46cdfc8e8f3e7851ddeffa3f614555dd0a2156a3f6c6d10faf9499335bdc8bee
TPHW-ECF5E853DFFD33913520,0C:89AE:0:1:0,bb3c589b92e175335778361a3405beeb4cf9cf992fafda8bcafd5c1fb8a08862
TPHW-5877223C606BE80A2364,0C:89B4:0:1:0,3e5b64b4aaa0299f4c418deb4d13519e636cef2a4f72d984a96505c35d354c61
TPHW-EEB1D980173E897E589C,0C:89B4:0:1:0,8e4fcd2983e0b200939e3e82a2375f020b5d50f13e1caf8ca928360c2a95e4be
TPHW-DE01998B508F62936F73,0C:89B9:0:1:0,2306c4059a097ca589763719ec442fe6579561765a441b2f9ad0f19724dfb198
TPHW-A15EB4F9DBCE9C07D465,0C:89BF:0:1:0,f89b1e682db3af5d74fefa3538f1ff0d5e1ef483d75af8bd58edfcde54a9f43d
TPHW-5CC790748A8833978436,0C:89BF:0:1:0,0b6780286f82e61cc58a38747182de76d7f34b18f89ae651694a7ad94def5d20
TPHW-6D351A47E84EBBD52E44,0C:89C4:0:1:0,7d1efc0ec7729c270f45f7c04f7c45e5f0036a5acd21718f76287662e185be42
TPHW-0B5DBB817811688DC03C,0C:89C7:0:1:0,4aa012e02f7438e9c006ec56dcf583378a1ae4d3cd18a8593ef622215e7fcbc0
TPHW-788087460CB5C04D7C3C,0C:89CC:0:1:0,45169db98dd5bfebd28ee32fb8313d07ae3f4ab8cf6b2ccc4f9982051912b94b
TPHW-1AC6A864AB263663A442,0C:89D1:0:1:0,214cf03e94e49fd5717852774076f483abfe5810faf820a014c1686868dbfb9d
TPHW-C0E537BDE34B63DA90CE,0C:89D7:0:1:0,8b0fb432f20d3bdaf4541f5ba4f96a8c84a8fc786049886fb05db9a5ae511eeb
TPHW-4488571861F06A19101B,0C:89D7:0:1:0,c1585eb42672a64b2949cd1c86b190f0d3e22d5c82c50e3bb2cb4c7e056220d1
TPHW-D2630F19A736B67D3449,0C:89DC:0:1:0,f44a8e4b92ff15f70f5af309f13406108cc962764717643685873e34231b9dda
TPHW-259DFD5C80DFCD1DA0F4,0C:89E2:0:1:0,9e8ed56aeafcda7ef3fcd656c78b06566fd504f60e4d81f552e24f82021bf5e7
TPHW-5C1AB0BE4B4C00EECCE3,0C:89E2:0:1:0,42e85cfe35fe6682054df8a1a3d69670224673986f5bc49cd35c1d3da1b367a4
TPHW-CF00BD4FB2E09D58E047,0C:89E7:0:1:0,c95023a5684facebc01734ee5efae0127b91f2bb5f7fb06fb416e5ecdce55e27
TPHW-E9E479FC022100577204,0C:89EA:0:1:0,303ee26b3b918312625ea1d3b11bd5e1cbc8397264035f0bf7c2053ba3d28f3a
TPHW-741EDB48A0347F9A7CF7,0C:89EF:0:1:0,63a4c021ef97376bc898cf493505345732ecb52f9c40105aa20626ed93838c6d
TPHW-B99636F8274CE7611386,0C:89F4:0:1:0,eb1f1f43a46aaea2d63678ac9b79c38fbf04e35c88e3f477620a39b7f463e2c4
TPHW-C72417A62963C2B70F93,0C:89FA:0:1:0,6856511621419db329fd056cc3cbb5f59e714e8bca3d6909ef3d3c417ebd5360
TPHW-684B72F4CADD69AE6473,0C:89FA:0:1:0,729715c9ac30c9a86b967cbdbb43820d644232f116505828ea90d49064506e33
TPHW-81FA950A7B99BC39FAA6,0C:89FF:0:1:0,13752d66603698912e02414074f47cbb49fb1e29265d35162eb91872ad38e005
TPHW-B65CA468D7E443C49A28,0C:8A05:0:1:0,2d2ac5b6b6a72664a2c5b9ea30396d00d9ddda19b687ab6f9c9b6d03b6a90983
TPHW-70C65687C686B88DFCE8,0C:8A05:0:1:0,86db534c6ff33504ea6ed0e4aba11b3deefd3c413103a872b51fa59770cdfd6e
TPHW-70D17170C1885A193067,0C:8A0A:0:1:0,b3b77a114d4105a08f782ed7377ac11355e195557bd73006d57626e832c5bba2
TPHW-2B1D586BA18EFC0063B7,0C:8A41:0:1:0,3b8032288918840e567120f0e7ee4d09edf6548c5e65c4a0f9f82b0064b4824b
TPHW-82CC3010799C80A82AAB,0C:8A46:0:1:0,60f8238d24c929e9e73ea63fb03577453d1544dc99bde74c5443ff54bf26c591
TPHW-1C3F0BA237649BF3C408,0C:8A49:0:1:0,392b6061565e347ca100b0364218dc42352fbd15fbe158744e3bfbf668d47c57
TPHW-F7E6823DA8A3FFC59560,0C:8A4E:0:1:0,478049d51e14dded26bd9fc8fa375633818c1fdc6c1055faad7b801f1c087ecd
TPHW-DB76323037872E040B98,0C:8A53:0:1:0,e7c64e88043ee32931193a149e938600e45f0820ce9b48a2ab529b3d8c163072
TPHW-D2BA8FBCD2BAB883C7A0,0C:8A56:0:1:0,9efd5af26357c14c6e1953cfb76cb1561327dcbffd9868806539f9af2bef42f6
TPHW-58E55E2292533685B580,0C:8A56:0:1:0,aef4c29a4e8ed6467ac99fd9fc652c4a530632e4b9aae3f295d186c8f69f5e18
TPHW-25E42F34DA856DD275EB,0C:8A5B:0:1:0,03330e96ea27137cd8d2e253615910a4290ddb581bae25a02b7a3df8aa14028b
TPHW-D9F392A8D6D85CF7B04C,0C:8A61:0:1:0,5fdf403a2b4231a4b3aeebb23809946317004e01ad573e7179b53b8621b692c4
TPHW-83316BD08DFC1ED44F85,0C:8A61:0:1:0,6318861cd2bfecad2fd389b9145af59571c06725389fa8e7e0076fbf204f1c9e
TPHW-2C9A25BF22D0BD0B6DE8,0C:8A66:0:1:0,f3d503710c0be8998aa377fea43fa7d2bad40aaab10271f00b89230d953b263d
TPHW-97AB5E66FD409DFF603F,0C:8AA0:0:1:1,297a29bea867298255feda27b18bfbbce799aa19eaa8966ab74d0c2a636a65e9
TPHW-145688C0C5A729FBF2A6,0C:8AA5:0:1:1,312c74a57fd3ca3643f337dad0d18e231af3a4a2c3a47ce1e0ad34fed808f88e
TPHW-148FC8F0BFE2E1528D56,0C:8AAA:0:1:1,29538717d549796009b15b2707f9f9cd47cf2340d2918e4f900e116b00ff7730
TPHW-FE2418F2DFEA054B62C6,0C:8AAD:0:1:1,dc1f1146109ce772ff75c388b6f02ba53cc0a18e0c015de50f962c2489480027
TPHW-2E50F2B3B6A7A49A3975,0C:8ADF:0:1:0,35546c0b5030564c59aacc23e724fbad14c77a72ebd3952fb327527d61e0f635
TPHW-AA5CCD45210DF9F4D9E9,0C:8AE5:0:1:0,6f946ff110a1eb6b3698a9533c71fbfff0ec6c9e749924336446148c94e42795
TPHW-3E1154044E30A1521723,0C:8AE8:0:1:0,b1c32f61e5d9436d76e28b9650f5ae12cdd88ab9a4d9ed1b588cd4910ba73df9
TPHW-0156BC5DB5903E65E6B4,0C:8AED:0:1:0,c08972f3b50121f5790325e20259e25aab420373690afa903900d389140dd67f
TPHW-7631C6BFB82BC51B4DA7,0C:8AF2:0:1:0,75f5b9ee6bd6c170909c53f0aa8c21d7e1b59d5484fb903d6d4703b8f3e3885f
TPHW-AC7936024CC011E5F4F9,0C:8AF8:0:1:0,4847f1a2fc5cd3b65b797bd6e817b48f0107940ca8ac318d05978306ebd4b3ae
TPHW-0D4DF2A9D98F5442847A,0C:8AF8:0:1:0,55b2be80aec61b59f2867e217a3e1a932bb6f77970142dc1ec487b4f98d20905
TPHW-4301AD5A2B9D143ABA10,0C:8AFD:0:1:0,6963932262a7d3a341e663c81112163b8fcaa676182eb8cda461f02bf603103b
TPHW-DB36C637E6E376B82867,0C:8B03:0:1:0,58ce9fc82fb2bb576c5fd304b5c847931e54126111c4b98b774ddd1781e1602b
TPHW-640E6434F7A8F2D9AF76,0C:8B03:0:1:0,65b4df50d68863690b80fc9a3983b12c5bc8ddec70bb0febd26562e98919fd0a
TPHW-7C73B55F15FBAB493AFA,0C:8B08:0:1:0,030ebf7a8a34d49c2e5eed8ff32391ba28e8142f631401f17246baa5c365da4f
TPHW-D2FDF059C259D054B9AD,0C:8C0A:0:1:0,696165498719b992738cdbc55b172cd656e856eb0ddf850ece91a28c3c0b70ff
TPHW-82C07EBFDFA5AA336928,0C:8C0F:0:1:0,0540997d86872c37bfb1202339f434c9df7264656f7e77e5106fd5f0124f252f
TPHW-1EC9D44E4DCC2F57280D,0C:8C12:0:1:0,498e9331570da7373e9189a8d0a5b2bd359a2984fc78f5f5557d7afbe3c4dd98
TPHW-342AEEEAE7E9F5B48DB2,0C:8C17:0:1:0,23368fa4224e22dc4004f10ff9fc53ef5184b184017a077c85c645a33529df3a
TPHW-3582084DBF9C6A3FE5B4,0C:8C1C:0:1:0,606b34d9f14e92eee85b40e7ee8a10801305c2ab3ed31e18c905e4df4b35c852
TPHW-540F3475088E46CA3D27,0C:8C22:0:1:0,d3d4e9cb7adf97bcc1d02c28698a78bbd44229abae281e7ed59c1041c2ea0d73
TPHW-6020FF42C411527E3406,0C:8C22:0:1:0,3d994f62620e2ff05faba9abeba04012afc01fba9311d3fe523a61194c55a096
TPHW-146EA038DC3EE6966C2B,0C:8C27:0:1:0,7ae3a538264afbfbc69c473a8e4f434b4570d6f097b86b95835318af986e57c2
TPHW-81E2A0119DD11B1ED1DA,0C:8C2D:0:1:0,437266db441dde6f7f8aecd2f5c9b9558a9b4aff2f98cfb7ba96da476f78251b
TPHW-DD6D2C8E613BD7FEC7C3,0C:8C2D:0:1:0,8a1b6537b92de50867cd00b68ddd00e5c659beb077c7eeca848054034c35b71a
TPHW-1B2A58B1281C1FBB923B,0C:8C32:0:1:0,a92e501c2690c8c8ba96c8f01bfc13163f7dd0ceac1bc1d1e213df10e69bcff0
TPHW-CFA87BE7BAE1B74777A4,0C:8C82:0:1:1,e7099e218bb0f3176095aea744fdde1624e0c346a80e86227c92a85485fd414d
TPHW-1D1A5DC4BC363EE23C2C,0C:8C87:0:1:1,5b8dc792b6641f38c48244ebb387eddbcd72518a8f5144a3bc83e59fe5f36eb7
TPHW-23D2AB76B12C4CC5DDD5,0C:8C8C:0:1:1,a80ead4d2c69e1cf20bf1632bd4fc1da6ea0308ab9e1ab00f9cf4a4e2fa0778e
TPHW-306AEAC5DCCA0AF01293,0C:8C91:0:1:1,49119d10bcc87656cb391f14c1c8959b63fa8daa941793478d6f295ccdaaa1c0
TPHW-C4ECEA07381571A57508,0C:8C96:0:1:1,8075e9b1fb20681c35a8e49254d1eb4c0e04be0230f9f42219af057b20392bc1
TPHW-E8B7FD23C6C461E3EAB3,0C:8C9B:0:1:1,d26b4168f493a77f7d81a7885369dfa22bb117c23735541bb3e42f016cb6a1f5
TPHW-A26B11847CF6F4F980A1,0C:8CA0:0:1:1,96e1790f768ca92f7cf61f019f30be33b46701b277754138090b3ee52a371298
TPHW-6C044185698C5BF9E5E4,0C:8CAF:0:1:0,d3435341db19b40fac327cc370820d9958c470f2d53f7415638210b9a762ad96
TPHW-CD0116E544B25D5430F2,0C:8CB4:0:1:0,e3296c20c7116d135600753df6b753bff50cd54a184285fcbd9309a1148d7d60
TPHW-478CE57A68CEC3F8A49E,0C:8CB7:0:1:0,5b10fe8d150ac6e49b1f2679b1770796de8cfa86bcdb620392a5a3be0ab5ec3c
TPHW-2ABEB1586740169691B1,0C:8CBC:0:1:0,e6a9826fd50e3f96ec8fea2569c493fc20b8dfea2fd9001597e2c066ee3a27d9
TPHW-8A8F7703A1CEBA9BEA2F,0C:8CC1:0:1:0,fcae104b1839a630d6d0646d3cebb9be5b85705e4c17270be3b4d41675d6a012
TPHW-C7B3DEAC6ECD74E9DE45,0C:8CC7:0:1:0,7d2ed97ca4420dcaf64bb536cd7f88f177e3f016c2e0a2358234d0b2a4a52bf0
TPHW-EC1F5C7538BF89A2A54E,0C:8CC7:0:1:0,09779d322ea71112a64e83b29c39964c8f99ebf20b159b1e0fb7ebb8846cc38d
TPHW-05FB47321CF0080A3AE5,0C:8CCC:0:1:0,59fc1b0580feb9e07e67fcbcf4fb64dd518c1d64465c1e33ccb2cc499e8c1be6
TPHW-B17FEDB7FF983B274FCF,0C:8CD2:0:1:0,d9a602f8f404aa82d532821c974c1f2b00e7fdcf9ae8c9c108e484ca5835e4d3
TPHW-06EB1EA20C7928F85948,0C:8CD2:0:1:0,e6f939fdd9ac176a0d9ff89d4ae2ea09a0b33031941c132cf42b66245ec1a0a3
TPHW-3686A8D1D54725EE1F8F,0C:8CD7:0:1:0,cf17519bd53dfd0fd24725b0dc8395cc7b9ec7cbe0b596cfce79add5b6ab70a7
TPHW-5C985321FE7E8F149032,0C:8CDA:0:1:0,27be64cb0ee1623089c7ed80fd22dba604d7992cce4c99e49a313420063eb044
TPHW-3F7D3EDFAC402374420F,0C:8CDF:0:1:0,aa320d908e5cce76efb1984570ea0ffae6d873c7d0c42b9f11588e0bcb159a13
TPHW-B0BA1775D8ABCC31B9A7,0C:8CE4:0:1:0,f50be266439b6979bf60f6a279f2283d63c73a9cadb226a65d39d4f11b94c474
TPHW-81C6AE01715E04D2E1B6,0C:8CEA:0:1:0,c48d8cf7a4f39576fd4918154d8f6bbf0eeeabcb47dd73f398623b9af75caca3
TPHW-55735EAE89400E9730E2,0C:8CEA:0:1:0,d9936c06ca80f691980f6f4df05ae47642d0ef6a6454366fcb8ff22df71042fc
TPHW-023F994877A5A9FCC085,0C:8CEF:0:1:0,e7acd45c08ce11faad0fbfcc227b675e6f2c3f55f4d7222747d65422db7f8e29
TPHW-CAE88743337FA7F9A0AE,0C:8CF5:0:1:0,c9013a3cfdd8c2cbd37fd241ce37e5e350fafeb108c306c2e6ab64c6afbd1497
TPHW-84BF948E3C53E1E4D6FC,0C:8CF5:0:1:0,73ec9ed3d7fa47b77b25597303d6519a6fcf6ab3a9544a151f1d5312b6800245
TPHW-4D773C9729789CB8F851,0C:8CFA:0:1:0,c9554dfa7e6b8718663b6a2c5d402824f5bde7937e5c7058f57b809e7214dcc2
TPHW-9D4A2D28FA5B306E2AF4,0C:8D07:0:0:1,f7977f09438550a63adf50a87935ee103bb22c422b891450477dc9c4d188c03a
TPHW-9805E1CB352F249C5FC1,0C:8D0A:0:0:1,47afcd0c4e44b95536bb02bff8a550d061c998a3c010ed3ed3ce0e16b0303965
TPHW-303149CF9E3F19CB0CFF,0C:8D0F:0:0:1,64b043b22f5cc4e4ebd691b153f12baf53eebbb7a9038b8e3af31f8ecbe3fe5c
TPHW-F8AA89BCFE57951219ED,0C:8D14:0:0:1,a2de835ab62f70a68928b559a0bd7db2bbcb4ecc68ad8b18564b588366f4e987
TPHW-85E6D1DE8C71AF7B10EE,0C:8D1C:0:0:1,58f7748544d4d91402846423dc81c714a65b5434f20024ab5a71ab2033857a3d
TPHW-EBD35209319F980634DF,0C:8D1C:0:0:1,a2184d370d067ae961355b51c864d0f0f8e1ce3ff97571bc9eb0c086b62098cc
TPHW-88FB31532207CFA71272,0C:8D1F:0:0:1,55459f9974caca93b0831917af9ea4007b2475debfc4b88b6d3a4aa70f5842c7
TPHW-581728C5150B851FECFB,0C:8D25:0:0:1,776eae0eb2ce3e6fbedcb37e397f325a94a873128a54af6352287000d5727e3d
TPHW-14E71CFF7B21AA694CC4,0C:8D25:0:0:1,0902da655d060976a62af47fbfee1e93423f116fc06d963da8d0c790b49ae60f
TPHW-EF1F6081DE0237999798,0C:8D2A:0:0:1,6e3db4f0a085f495a3c00414c18c355a4ba10ed43b8b1dcc6b4e381cee0c0ffa
TPHW-340C879F48CAD6318C76,0C:9204:0:1:1,de53fa9da4a9a43cf5d65f4e9505aa491db84c0064e0fc6032d1836ea588b57d
TPHW-DCF07A5EF643683B9DB3,0C:9207:0:1:1,4090d40c63db9d6b8d9a9892aadc987165c6a3b6d517b366a0046cdc1e3465cb
TPHW-2B52F0A4164FC75EA0D9,0C:9210:0:0:0,d16826735b6989219e96902403ea6f6d704dbd595af0ba99b7d0c2e1d077e98c
TPHW-DE68A662CD8B89602B16,0C:9210:0:0:0,034268ed8874bf981471e79d9792edfce79fc5965f4e2dec7c779a3660d1297d
TPHW-65FD3CEB264B75820FA2,0C:9467:0:0:1,4812cb21a6e07e1758fe16eba3433505d3a8d9904953ad17f637b85fbae09d5d
TPHW-5E4DFC52F7E93AFE916B,0C:9467:0:0:1,860b87b5a12532eb4e2d8c8ffe0501fd5b853537a9598a8b546e87dfda2836ff
TPHW-8EE069158DC10E538EED,0C:946A:0:0:1,f5e53a6ac32e71ae0bdd461c86f40d6477e91782b81f113adad2f80f42744de1
TPHW-2101BB8494FA0205A744,0C:9477:0:0:0,1e9652ec6f0c6e3c601b4869b4cf828f7ec58485ee672bd6db68d527a0f5b5ed
TPHW-D092D862FAAC7D96188A,0C:9477:0:0:0,a777de6fcd84e17854d816179a31532dadff670d53baf9c8cc65867b70080792
TPHW-718C1947AE3C1F6318E5,0C:947A:0:0:0,c01641ef800d89212a938ae247f998a6ae4f4cdbb295002c3543536bcc050d7d
TPHW-6070AFAF59B9D8901DCB,0C:947A:0:0:0,29ff948363c8ed02a64154ff7d5c9b7fbbbdfd524b24b68bb62dc79aa1dc5409
TPHW-800C512A5724B040AF33,0C:94FD:0:0:1,0f2b700616b4fff726916eee603bb0c1b5f6bc3926c1d00206b613e58e211a68
TPHW-F6442B50A5D8BB67251A,0C:94FD:0:0:1,e7b47639c53818d52c59718b97114e367f59a20be431b0b8c0d2e61d96c19b69
TPHW-8263F0A63E0F2BC1574C,0C:9500:0:0:1,35b27089614be3dcdbac90a4bbd2f72ec775af27732b19576a9ec9736e1bf5a6
TPHW-41AA865FE623164C10DE,0C:950D:0:0:0,f45bbc0e8f5c326164d4444c59ff950ca65afb1ec96f265faa76f4e7c8dbe006
TPHW-B0F6A8D7AEC0A075DD3B,0C:950D:0:0:0,fd3b4cb3a65d34c2461a0f00d0c51de51cf0cc4a2b815ffcf8db206aab37ff48
TPHW-1F7E9C5CCA4BAE2809D4,0C:9510:0:0:0,b7461ab146ab907ddaf33b9d8b4f5014ccbfbb3d8cc459306f399296a5d04ea9
TPHW-B9414FD1D81823CEFEFE,0C:9510:0:0:0,4a7bb2eb0e994475827d90648c70f3a322f9b8359fd97bc6143f4c18f8394a60
TPHW-3EC756BA6BBC71E7B297,0C:9711:0:1:1,6afaebc5be700055ea7e0b87046687ea6d7185246182fb2fa46a260d0672a858
TPHW-EEDBE57449F26BE756FC,0C:9714:0:1:1,db2f6788b1412efa67462dd7f9cab4c52a1d8cbee9b559478a385713023e9986
TPHW-8C4091649776552D9ADE,0C:971D:0:0:0,9bc2469ea5bb51b8247bd8fc5181c7e6ad3a06d2afc1aed3cb365edce15668fa
TPHW-A532C75FD74102224C46,0C:971D:0:0:0,1a5cdf5c3ff0da1f3092b88306e869508aa0fc7c47c018fd187b8dc82b9de0d8
TPHW-EDC964A7B9B736FCDDA3,0C:9767:0:1:1,56c62c2507c8876b4f589e113983f24b021dd1b1bd77b56a62f724e4d85fd89f
TPHW-E5B2DB35862B81B077E2,0C:976A:0:1:1,4d3d77ed5b59d9e98b6f4a551075d9cd4ddc7216bb95cee0e669d7ad5f0f6484
TPHW-774AB907743E85707792,0C:9773:0:0:0,47363f137fb09dcbf702741fb8804277bb90dc53b40f8c4ce7d7c90373fb86b1
TPHW-1142DC870B8B5722A891,0C:9773:0:0:0,11217f6adb76ddd3fa3311bb40610fc9b04c729b9dae245234baedd1c45824b0
TPHW-7A3C53C307A06486C375,0C:98CF:0:1:1,10a94c3cdc39eca1ee18bea0d2690672aad026b3cdff2da56f3b7d2304d97ccb
TPHW-5C480EC7C71B664745BD,0C:98D2:0:1:1,a8f7b4695288d53a16f6715cbcf457de2aea6f4776b8747783590e420efc877b
TPHW-4F501072D2D2A0926A50,0C:98DB:0:0:0,f7da701dc5730d90e41b9f256c612f9dcafea6c55f53fed28f71fca1148ec805
TPHW-0A311E6BDA28F89FEB11,0C:98DB:0:0:0,815f6963b3a8a2b9cb83d4388f58ac20625268aba6562b3a533d74248b3410ae
TPHW-47A6F6E02CECCA2300C6,0C:99C3:0:1:1,6f9a0794c3ddc8779d6c2cbe84a58c5eed855088122d00928d440385dc68dcd5
TPHW-EF590DE653CCA75D1200,0C:99C6:0:1:1,4547729afb4fc81e6ef30f73fd7d0a528df4a51ce67ac8e516b36a7bd2b0aea8
TPHW-7BEA48CFDC0CBCE3424F,0C:99CF:0:0:0,071c7ace8cd86f9944fbe5ad1f371f85e49fd1688c9219bf219a42a5a7954a01
TPHW-B624DCD928BF29DCA5A7,0C:99CF:0:0:0,a012be36755d4d4db1a28348ac6d46203e301b4b5ec2588014731266c749fb6a
TPHW-BA837B3EA81F505AC3A2,0C:9C71:0:1:1,a13c8d7c50c0590ceef7d131625732ab66a080fd28f5ab6c5ff5688c33fd48ec
TPHW-CEDF818C890C7F45CBA9,0C:9C74:0:1:1,a4dc96125ebb1fa68f929e541e3ea8a4a6464d87a9139a2e230d0217c377d2c1
TPHW-F9810EC458C344D449AC,0C:9C7D:0:0:0,67e68e17945d459a87ea47ef0675d3470d35ade3c978582ea3cbda4a472fca82
TPHW-A1AE5425E8EC6C34C968,0C:9C7D:0:0:0,28a7ab95ac9828b2a48cf8b1c5e291cba4109058fbc40dbd80db10285491a2c3
TPHW-45C3D6A9E090EF9274D8,0C:A372:0:1:1,52472161e9ea0028d3ebf99aebbf68d1bc98d26945451b4b958233be095f6c4c
TPHW-545EAA4879FF3115792B,0C:A375:0:1:1,c0b67185c9a788fcbaf6a2a9f1706be82d658c87f5620181c24c7ae125ccd84c
TPHW-63EF254FCD2D4CEAD7B1,0C:A37E:0:0:0,0614a25e2a4e49f662ec7414f91ab59d1bb0de9bc4f80b15d15bda9360b5f375
TPHW-E4969BD3848E446806A3,0C:A37E:0:0:0,af86960bc23547cfb1af945c9126356225fa230627ae55ff97c9a814d1d8126a
TPHW-9D2F546A2FD5B81DC049,0C:A499:0:1:1,310ba44f87476e9080c7bcb957ac45bdc7be54d05f4fdd7eb0aef3e4ff4211f2
TPHW-8E96AEDA3FCD9D75E3C7,0C:A49C:0:1:1,5cf03478df08b42a4c2b19b010d16828620fa8ab783f6f46cbddb174c9438b60
TPHW-8CDAD81FF1C3F69C676C,0C:A4A5:0:0:0,f26fb2b167f46e343d9977b27ac357cf4596bebe73efc2ba242d77015042cb43
TPHW-A0204327819745CEA8D6,0C:A4A5:0:0:0,bedd1008c1c975eba362c23f92dba5ff43e4983c28e3f150b0678c42e776226b
TPHW-611A4359DACCCDF9B457,0C:A51C:0:1:1,95c9231ec7b77bdc91d61dfdff58e068e5a41a33765d9f2cd20137901c9db6cb
TPHW-DFEFD4F05C3A73F1EE7E,0C:A520:0:1:1,818137c1fa34fffc9330e4622dba709476707a8b6467e6ad6fe8f5975372ca0b
TPHW-A72AFE3DD972F6511E2B,0C:A523:0:1:1,4bcdb21a196bb94e278d866d4c7c40391cbd1b6cb782007b33fb29544353f6d3
TPHW-D6827770F78A7D8E13D7,0C:A52A:0:0:1,b426913efa72bd85f1455af4cefabab751d0bbfd0e8020dc1dc2632c15ce12d4
TPHW-9775FEB234D247DF908D,0C:A52A:0:0:1,f640cbf939177cdb1edddccebd22faca7398fa8c8b70742d6b0042723d0c36ee
TPHW-15ACF8A239881C1E431D,0C:A52D:0:0:1,0a0ad88abaee95db8f879f2965dc0de133046329b24ebe2dd06fc150eb1212f0
TPHW-F5854247CF2598A5AD68,0C:A6DD:0:1:0,2252b15bb389fa2b02a6f30aa1a68ea1c6db8ab5f01d9bdde7417d2aae645022
TPHW-985FD0A3815A7F992D9D,0C:A6F6:0:1:0,edde11628502c065565b51286ffd3d4a4ad6ef227e031a273c300dda51495e1f
TPHW-6AA276643C6193CB601F,0C:A6FC:0:1:0,4588332de7ae19d3f17d98db15a8a1649c859d7438d4dc3a64c1ea9735e07e5b
TPHW-E9D2F4D5E7B3958DB424,0C:A6FF:0:1:0,1cb4466f6ff73de7b4c10c2d82c31450b4692ac94dce1b603f4a469f5bc39458
TPHW-69AA58BD771BEA49380E,0C:A704:0:1:0,3bd557a965932fc76b14a50a14c77e3101ae5eb1e312f88d2bfa66976b99ee2d
TPHW-E8B70292494DF9F46694,0C:A709:0:1:0,1c14b94673e3d5da31787531f7b184b6d55c014af1a2fd5e001f27f3700a4853
TPHW-C8A2D05D9481F6C99C08,0C:A70F:0:1:0,e11d8608c86d3b2bffc048cdebea97e7752eb4a4ee56fce86c121219045bfe27
TPHW-B73E99D8D165C8091FC8,0C:A70F:0:1:0,4773585de889b6c442d8a3e10b3028ec5f5030f639485ee8a7ab83ecbf3c771e
TPHW-6A7660565045985EE83B,0C:A715:0:1:0,99ad64f69ae4faae43a559b63465c1afba51bbde28e3173440e1c1d83257d3c5
TPHW-D0BE3A1B716DE46E8EEB,0C:A71B:0:1:0,a034125169ed207eb75903b716b63e25d3754ef5dce13af8468e2c951ecb95d6
TPHW-00AEDA80EF8EB858D83A,0C:A71B:0:1:0,8fbd92d8bfef8fb2e6accdde32ff09ac6d9781e4ef09492d702e47934e24db54
TPHW-FA49C7C6278D0383DC2B,0C:A720:0:1:0,799c1a5bf2ef5fdcecb73949fce06d94cda84dcfb31a228604269660fe9315a9
TPHW-7FF4F8C346B8087956BB,0C:A725:0:1:0,2eed16af4dcecf30057a75a71aca5d341aedc7690ac187b7d116201c1a8a1d19
TPHW-F44EB682E37465C3E00B,0C:A9FE:0:0:1,f34afa5617b7772a5d033035486086c836b326c1f0366b696137247f66905c78
TPHW-D37B5B7E533E74B495CF,0C:A9FE:0:0:1,10668937af60f47b6f9fc7c25dcc9e2c7bbbcb9a1e3ded028c1d053b8a6bd3ec
TPHW-D48E69A7C502D986E8BB,0C:AA01:0:0:1,ffdb3ba60fb1f42b7159c61f8355ea233a98c21659f6569ca9dc0de1edf502c5
TPHW-C54AC3714E35922CA2B0,0C:AA0E:0:0:0,adda3f09194ae583238b2d08571861843b33381fb4e7ee9d67c4dd1fa27b867f
TPHW-931E683A5A0797CF7083,0C:AA0E:0:0:0,529e58a5cb0ee70ad11df24492c916553f57ab540254bc492b81176e6a0d1b0d
TPHW-2F67C7EF9A73E344275B,0C:AA11:0:0:0,c4d8fad1ed3d3fbddeba3fd7c83f7f31a131b88fb980d44e3c12ebb685b95481
TPHW-779F1B5BAE1AA7DA0D23,0C:AA11:0:0:0,52f162ecc210750cc342cf0d194d185436df57e3f968695f19a70b51210ea95c
TPHW-EFEDF27F798E06BB7216,0C:AA75:0:0:1,07407e38abb80a94b12c8e3869e2755b1ef2cd6d3797f434a27d49978cba66cb
TPHW-419DFB585472C433A408,0C:AA75:0:0:1,307ccb58eeeb6fbf2b9045b3632836aec67a57f6bb9db7d0d855206f550ff9e5
TPHW-572FFA96671BF4680AB3,0C:AA78:0:0:1,b284a3884033d1a5820d27ff607f57c55e4b4a9f0fdf30036ce803825caa249f
TPHW-C95A5FE93C07C9E2643B,0C:AA85:0:0:0,d4f0dabadf7597f8ec0df6b11d3fa7d7693db27bef1d54de88007e1a57548e07
TPHW-5FF54BA83F9E30E1A97F,0C:AA85:0:0:0,a61fdceee452664864ba39855ff52229da87460f5364c19d3a4fdfa4586c7191
TPHW-F0855FFE0152596841C4,0C:AA88:0:0:0,223c4b3420dac85ce65527e29db9f8d6887aa115674b0b86a2aaad704e628251
TPHW-2001A5DC727CAFBAF8B0,0C:AA88:0:0:0,53205d7388b5a596f9c4d4a6d397fa5fa4c1fb18bcb4131e6abc3689ca15d1df
TPHW-EC34C00B6A4F3E53AED1,0C:B20C:0:1:1,208f7127f1974af2cdec88cc7edd09b6028c9db8d4cd3ef6fe705e81a6cbee19
TPHW-AA1EDD0DAA06C9E8F10B,0C:B210:0:1:1,f0c9a866f69a7111572571f7652da4fcdc717f8a22e428bf524271f425754082
TPHW-E319AE7C7CA78A22626A,0C:B213:0:1:1,eff25f0ff9d1dd82fee8b3b537b4327d127e1cb2c368630b37cfac20d104b316
TPHW-B6691338A59EB6A88362,0C:B21A:0:0:1,60b74ef6315cdd27327f691327c39f5a9f9550ddf3a121e2fc5d69e5514389f0
TPHW-33974B1ECEDF8885377C,0C:B21A:0:0:1,2a44bd8cc76fe39f5bf7b1cb5be6e9ee78f3c8f3ca8853487ae93d05a24bc48b
TPHW-10895E629E465514D23E,0C:B21D:0:0:1,1f93fd360d322b9922a8bd8daeab49a88042099d7658f32e9e7875cc40aa9c78
TPHW-E836C057C19A32F9F561,0C:B2BD:0:1:1,132525455d321d70984682f1e3fc8730146facf0534c91f6f3d1bf03ac424e28
TPHW-0E620DEE276BA0F76645,0C:B2C0:0:1:1,2517a0105158b6afd671e35ae5dda30302156f4f7345a035a44ee2a19095364b
TPHW-3BFCC933F93FCE60520B,0C:B2C9:0:0:0,34097ca5af8d42b2781b254f184593201aaad981536c1ff7fb88d6f8a6dee037
TPHW-8CA4E3A8A599BF471A63,0C:B2C9:0:0:0,8905cd6f75ce62219c46b393b169d68802d200418165eaf0a3349d61d1fba140
TPHW-80B1019D0FFC91DDC933,0C:B30B:0:1:1,fd44d425c33982582af584d223d792b986c80a7b0c84703c4f2d6899fa956f4f
TPHW-90EC519CEF0D2A4B1E99,0C:B30F:0:1:1,0d507b6861cf966a89cc83fb4e5bb90b840192cc4015cf5bea0fea82f10e0b77
TPHW-0D4A7126C79122A52651,0C:B312:0:1:1,0716b02ee629921dba0738eb6e71f68d6e3dd515cf30f60a55a7777c3efc2b7c
TPHW-9D14E2D0CB7F80B2D770,0C:B319:0:0:1,6498be2c653205594ac4158a929bd1a8e50dc3a2a2ae81be28235561899bfcb1
TPHW-4FDE0D7B2F37189960F4,0C:B319:0:0:1,f43f4bc66c53495bf08b8d50d39eaca09b0c899129079299767671ec2e7888cf
TPHW-15F69C200D81A36FB86D,0C:B31C:0:0:1,61a8aa1f32e64f01f350d68955be2418bd4db3d42b08bd9288125a346e34d0ed
TPHW-7771A62416A7607A802A,0C:B3CC:0:1:1,85ebc85d0542dbb0445086a0cd5d4f24d1b6fda128dcd8b6a9afecbfae0fc058
TPHW-AE1DE27A2A2FA26AFCCF,0C:B3CF:0:1:1,fb453df909c2bbb6fb0f8f5c9387e4e53b5e767a99abbe4fbfe9bf5705ee56e1
TPHW-7076A2ED2D4434A5965C,0C:B3D8:0:0:0,4f084f1e1b5994a9285d06cda0c4d55e9a19207d8db7349f87cb1a79b05cad72
TPHW-55B53D04D3E215E03503,0C:B3D8:0:0:0,6ea16ad6ce9156554383fdad9430df4d5386c5c2fb3d883440b3edf13185c0c7
TPHW-593C04FB3E116E9B7ADF,0C:B53A:0:1:1,e7eae44cd8931f30220219438212596f6668b303352efdc238272b665e8bc852
TPHW-107CA35A539521DBA7D7,0C:B53E:0:1:1,05312b884bcabeebd142b801b70af1f7fa8274c70d119c74feb4c3287c9ef1c9
TPHW-7BD1D524D77D1671494D,0C:B541:0:1:1,d4f25bba06a3e2603a15d97dffffb4890c68002ed9b617ed5666a24ae799414b
TPHW-18702F541998E633EA1F,0C:B548:0:0:1,25758ff31388686ce8586114324d9417a34f48a2c92eb557baf401b0b199a234
TPHW-387F91F38C2E366DFC1C,0C:B548:0:0:1,69fbf6600ec38c58bd83e8cb5610fe937931eb92c349674f2207ec3c9bd1d05f
TPHW-D5030A2E0629B91E8254,0C:B54B:0:0:1,cdfd0ab950e0707ede588871c8fa0774106d00c7bfe0776683e56b22f79938d5
TPHW-3AD13600857BC7B4F9B6,0C:B642:0:0:1,5119feff1c9071d349d86c5490bef194a3c999cd566ff1a23940b66f20e60681
TPHW-065D9E72E1F238108516,0C:B642:0:0:1,b71dc2c328272b9d413fea685e9f4b9bd4809178881e10fba23d0e372928e960
TPHW-00CF329440BF936A63DE,0C:B645:0:0:1,b2d4399b660776064f7984511ee5f287e1c967f081fa3cc9ca714ead41c688c2
TPHW-24897A83DB4B4E775CF9,0C:B652:0:0:0,b52ba7f279e807cf1e815162244d43dc89e99fbaf10bfdd71f16f28aa738b7ac
TPHW-A5DE92669965A858768F,0C:B652:0:0:0,cfb3a7d9faf82cb8a48e4dda82041a76e35c3aac1da68dfbc165fb487434ba68
TPHW-FF1A756AAE626240147F,0C:B655:0:0:0,c0639be74d0020a4d95d7748f611e27259bf66f6d534313f0c00a5183946e0db
TPHW-333AF642762DF8C177FE,0C:B655:0:0:0,8b29f57d221ef6fa33062ddff9e08dde99134b16b0b163df12845e0e0fa78fda
TPHW-4E6FD140D4E3AD95F6F1,0C:B71F:0:0:1,393b9eadf87fe080d74033a15c9a9b948efe780f3b778d5b73f6f1b8a6fd4713
TPHW-60482A449A404EA8FA8D,0C:B71F:0:0:1,27125f5c352dec237bd76c438e6e2e74bfd9296b714a6bbb273995750cf9e659
TPHW-C8267607BFCB837A9B0B,0C:B722:0:0:1,430b2eaf6eb2d74b24f35e9c316b2ba36665e020a9936a3d05e0913e2b32f654
TPHW-315C44BA5B5933658D4E,0C:B72F:0:0:0,519935408e1c3fd88d9a96c1a2c1f07d39b2f5843d7d8975e34086c23dcdd104
TPHW-00E65753E74883206089,0C:B72F:0:0:0,ef256f043ffaaa4bbd952299e6592fafdf54c54794e5b31eebca0a33d66c4861
TPHW-206CDC0FDA7967409354,0C:B732:0:0:0,6e0536c8c2a689e638af3eeec2150e5b4240d97c29a91e041372e8b115c96a12
TPHW-678708A066D41355DEAE,0C:B732:0:0:0,a1d0622b6ff25b82f841262a15c7a4381e4869d3b2334223da787fc0967e1317
TPHW-5655F018C6B350274766,0C:BFA0:0:1:1,ddeca7ef94a4f905e0914e8fce16c544c942a46c9e823634c736b0d27352ed42
TPHW-93CCF946EE80728A77E8,0C:BFA4:0:1:1,411886820deb0046fa87893b5ba68ef6f57aee0687148e6cbd904721aaca1bdb
TPHW-113FC06D04DAF5326539,0C:BFA7:0:1:1,9c030cbfd503f1e04500385b7bcaa8016f643771e83fa63a2b31117218b272d6
TPHW-BC01C620C47130F7FE73,0C:BFAE:0:0:1,256e02e68fd7787c3eed1376c1fb61f301a40c9890c141965eeb68b79cace5d9
TPHW-ECAE6E2D963075B4A409,0C:BFAE:0:0:1,c8f644b25491cf64e2d38c7a2ebf87506cf40d4b69d4e87752ea3c989d427204
TPHW-1468C34164824037B274,0C:BFB1:0:0:1,603ef83b15d1fc697e560e4fbd75e393e186f5bcabf57b07970221a91eaf30bf
TPHW-4AAC413091F93CEB7AE1,0C:C2DF:0:0:1,16e26e1d948a08b1d160489aeafd81729188d7cb686a4684282459dbfb19118e
TPHW-634E0C1AD7B26D12949F,0C:C2DF:0:0:1,093fab0626f428d8aceef97ed8ff87fff9cef3353212268bbe59f22b7bc02109
TPHW-F7D980E4787B75BA24BB,0C:C2E2:0:0:1,c9dbe8bc097ea07b448028be299da87daf5df9d115d442ebb4f36605bed45c56
TPHW-5E177B1A6891E9089B50,0C:C2EF:0:0:0,8ba689a40a37c2dfc6d2972a294f1842ea125259f8b42627135ded2289a21a1b
TPHW-F4AC9E3B6FA93E87178D,0C:C2EF:0:0:0,e34a764373681e8adb0c27b9e435d782dbba10181baf9644c94de3a114f99f30
TPHW-B2652D3FC14D6F0C2AEB,0C:C2F2:0:0:0,ed78f324cf2ab344267c91539ed96ded25be8124827c0d7b99389aaec9ce7442
TPHW-8A1D176C333AF6AC3ADE,0C:C2F2:0:0:0,0dfadbfc0295c60d88d9af5ba4dce7b36a413c59ed5bc9a7fd1b10eefd107d30
TPHW-5E9DF7FB951A3583BA82,0C:C73D:0:0:1,45b9195394a41b7a820e8170c4344a87ec6c44c4a94580703fd992c9a654a752
TPHW-C449974B9A342EEF617C,0C:C73D:0:0:1,9f8edc1266f3ede651ec1a752ede3cb1405b2b7ddad83e118f47263a1febd2e0
TPHW-F8D78C5B83E612721F74,0C:C740:0:0:1,706bc778969445ce6edcd8bb750545eefe995baff6422ea0bdd2ff67886d1d76
TPHW-CED5631B4A6233AE8F21,0C:C74D:0:0:0,9059372871d843b76440ae14b5e16686d2b750108e8cc054f40909b18a5adb33
TPHW-37E1206402E8D6EBC485,0C:C74D:0:0:0,8239955f94d82e25ece78243fa497845fb2cc553de887cc33f4327b51982d22b
TPHW-E6DE16C0ED8EC9CC0637,0C:C750:0:0:0,818996ebfb74adcac1dde8bfb45b8f867263dbd7753254ab1525216f4d671411
TPHW-8A8BB38C76BF0879FC8F,0C:C750:0:0:0,dbfc418517c9b25daac71f9387f6e869f5212e080af264d69f7eae1364ed0c25
TPHW-36A353227A294DBA2BDA,0C:C789:0:0:1,56dd692f9a3302192688a4a026d3fc6362efbde42db55099a1369b93cdf9e77a
TPHW-D63FD46385107B486FCF,0C:C789:0:0:1,12ab8d57a6fbdbf9b63575d9c6b6239c583fc218540593c06c304297997e2dae
TPHW-0E2B5D71EA968E1E6E42,0C:C78C:0:0:1,271479cf8b2224fea156a91174960cf22c4f11274138a654eb288b676a3a2936
TPHW-2F08F431397C3EBE508C,0C:C799:0:0:0,b91399c722f18744c805ef2f9365f71735a86546eb322b6e0e799e83bf555254
TPHW-516033A51E874A81B780,0C:C799:0:0:0,6aca71764bf1d4835a7e0e4689571c25b635d99c06fb096e75e453342a8bbab0
TPHW-9FD30A2ADC1A2A592222,0C:C79C:0:0:0,82bd313ee9a4f58ed79f870266fbd33e53de677b8da3464bab7a5d238c014a0a
TPHW-A51B09AB973B89A91647,0C:C79C:0:0:0,d7398ea7e90e0bff96e21e003e6f0c47862b22af58a0dc24e96242ef1cee3634
TPHW-B01D3BC7EA9522268B19,0C:E189:0:1:0,c9bfa4f8b1f5350e4c9839b784a3c9fd327ae18a62b5766fb5c7117759794003
TPHW-AC002A0008DCA0E446EC,0C:E18E:0:1:0,cc56a9b27064f5742ca942038084aa9a17d964a839e04cd8189c1b1016566b08
TPHW-210CA2FE74181660DC22,0C:E193:0:1:0,e299ff31d84acdf5a6ceb3aaff840c9948771084a2cf638920dcd332bb520606
TPHW-F1031FC5087D1AA8DDAC,0C:E196:0:1:0,a065068a1ab25c2f6d29688891a8780a909d98374c151b3bc3430edadeb12c86
TPHW-E1DAA82FBCCE763F41B3,0C:E19B:0:1:0,2e2d0d6b336c73f1d29f9ec2c460f60348edcde71310ed585b14fcd5683fa957
TPHW-70A6D14B35561D7270A8,0C:E1A0:0:1:0,e4cf69ecbc1b7d40c5b58e70e35e87d0e89883c000e312c117cb376ea67dbe3c
TPHW-231FFDF66B3B34CB7961,0C:E1A6:0:1:0,d5c3cdab4ac0367ee98a82bc4dfefdd5b8703dbb0fcfd568bbb3bd00af4f76fa
TPHW-730FCA1694007DC0CC23,0C:E1A6:0:1:0,ef97386a4984fe8c03dd71451d0567f33bcdb71f7d3816eec0ccb7a693d375de
TPHW-870DF441C19D8432D711,0C:E1AB:0:1:0,35a74485e34aa6bf77a9495d7c2416aeefa6f20bec45ca1f65df38c7b770e6fe
TPHW-8543987441D10430FC7C,0C:E1B1:0:1:0,6ea5efcb6fdb5ea661666b6938e46c3a9ccd8a2a574e1fe7636bb9f0c0116375
TPHW-934982E911E119471138,0C:E1B1:0:1:0,bb8d20e2a39f9d578e39d9f3bbb7ddc1f96556dc2802a06e77ca99cc5f65c3b7
TPHW-C2B2A30EC2F191823176,0C:E1B6:0:1:0,18266790f524c21e61f38100b5b1a7aecc720b540b28ae24041c69487d309019
TPHW-316B9B009DDC76253049,0C:E1BF:0:1:0,4b0c27e20cdc3042001694bab1f128791950f0858a2e54dc6bac5dff094de6e9
TPHW-8AECB53754A5E14827F8,0C:E1C4:0:1:0,76051bd82f8e70ca3f98ccbbe1458542aaadf57f84a11cfa1a815ad5157794d6
TPHW-5ADD783FB4AC4154F85C,0C:E1C9:0:1:0,4f88e57d060d52de64fc20aa3bea30313340383f9ae66e958f11ffed4892f034
TPHW-9013D9ECFB614506107E,0C:E1CE:0:1:0,96b0ed3c8557aa5e7d860e0c9bd5d88b16b7943bb86491ba93608d50514c542f
TPHW-519691253C20C40C62AB,0C:E1D1:0:1:0,831c70ee86f48b1deb221632adbb9a47e39263b8feca6c7ffe0bf890848fdfb0
TPHW-3C4F484921DC799EA722,0C:E1D6:0:1:0,781df53167999e031654ccda8cf85e1b98d6596ff0c559e0c5166115e53144e3
TPHW-7F572A5A6471C7E8698E,0C:E1DB:0:1:0,44c0e1f5bff0db2a2d4219d090a61411207af8465a3302ae44a4f91b3ad88781
TPHW-93F4C5690394BB6B51E5,0C:E1E1:0:1:0,b98375971f613cc0a6489a282f6e17b69730b858eb92e2238729d87953d3e607
TPHW-9CF3711E28CA1C54E191,0C:E1E1:0:1:0,e85aa618012bcae399c5b3da83755a16e7918746c8d0d75a47b7d3066829b5ae
TPHW-A9230B00BEC27F97F6DC,0C:E1E6:0:1:0,3ec6990871452b0287edddbf626f8b1f49cd29428ed5c0c7b26240887e9908a3
TPHW-6204E32EF1B01CFE8183,0C:E1EC:0:1:0,3a241448b3ddcdc9d6fa6f6d66b0245b6c5efcd3bf353eb21705c079e4ee15d0
TPHW-AE25E30E69D5C33128B9,0C:E1EC:0:1:0,9e664e713f246b437b5f2a87956f908b7e6f00c6c487bc91bccbad257da77da1
TPHW-5901016BBCB48623B5E9,0C:E1F1:0:1:0,a802a84e47d6b83c3154eaf537229b91140d74ef6a87756aaceca7c2250a0715
TPHW-3430E47EF6E5D72A35B1,0C:E1F6:0:1:0,95cbfe7cfbd490a67f075bf0aef2c8d6e2061ee28d601e9288c22c6e4e996a88
TPHW-EBEA67C9205F579B7548,0C:E216:0:1:0,6eb51c23e004e4392a9daa99971f1f91bafe67ccabff78c60b1b665ae2f3ab45
TPHW-7A635D3ED42530189D84,0C:E21B:0:1:0,604edbce5dbb5fdafa3b3317ca0962646530e4c3925d7d9a67cd1dd3e294dbec
TPHW-878B84AB3F411F14E199,0C:E220:0:1:0,b9a2434969647fc119e1bd82ca078d949f6ee39fabee862f8a214deac42fc7c5
TPHW-8B72BD45CD4A523DCC38,0C:E223:0:1:0,1e222790bfe671564e5f68290748687f2877ca397643c84c0e226b2d5a11fd86
TPHW-805373DB91A7A1AEF769,0C:E228:0:1:0,a4c2c5d82083f3f278d6cc539c9d76a2b20759d4f50fdcbd515ff8fd6cc7ee43
TPHW-F4769DE371C8A26CF1A8,0C:E22D:0:1:0,ebe2aa022c660ad67c790218c5d205bca891429a4ad7071a898074d221430d94
TPHW-6963A1FA82141A4A1675,0C:E233:0:1:0,0006d633d0a1e34a6dd99874409ea6c3c30b5460a8363deb99ae2dacb852984d
TPHW-35204D4B60C1AC04107B,0C:E233:0:1:0,9afe81bfe18eb63829f3a832000eaae9897a9f548dd2ed855e748f6c1d88f53b
TPHW-8ADCFC4C90384277A214,0C:E239:0:1:0,de6073bb909595feb839be1d99430375cd392e148fb05a442e3b52885d2ede38
TPHW-F8ED1CDD95CAFCC3C885,0C:E23F:0:1:0,7680f9b6eb4b94e53a4fca0929d91c497b5e073bbc1c92337c35461a6aaf365f
TPHW-01A1B59FED9514C6CE26,0C:E23F:0:1:0,e446cbb0bd6c94836e88b5b9b1a137cb5bab64c3deb9a72c3ac1f6ece10d9a9b
TPHW-23469E31C44FA8B2149C,0C:E244:0:1:0,3753d4c62c4fea6388f0ea8e6437552c42d0ee50cbc6e5cfd76e3632e8e09ebd
TPHW-9D2BE5DE682197AB76C2,0C:E27D:0:1:0,cdf4fed90bfe703c32898616b37c646946290419e6198d2fee64bc90a23f0370
TPHW-C3B42EC1A0AE9C13F620,0C:E282:0:1:0,87b1b15d729472afa140ca9cf08beb90a97ae328c5f1bad73c03d00f0db68dad
TPHW-1901BA48D0BD7BE6E8C5,0C:E285:0:1:0,32d2e0a685dc2bc67799cca8ee0bcbf4357d202f999931ac26e73a639b0f70d3
TPHW-8816331A33BD76CC155D,0C:E28A:0:1:0,bfe28a7011b95ff0df3623ca38dcc2fce72b34bc785fd056d706ebdef5bad1ff
TPHW-A256003405EF6A438F64,0C:E28F:0:1:0,51443076491bc321cdb3adceedc05b193fd291eeaa3bf632b3707b220b2fd869
TPHW-E0E752FAE70032400FEE,0C:E295:0:1:0,df16a5129bd813c37e45bd7443a8a7c768f1f2c88c088da2c9de728181bf310f
TPHW-057E18FECFB75BA8E41C,0C:E295:0:1:0,74ce4fafe0f257f214a602dff5bce01a184e62b148a9a75e1cda17d4a4acb7f6
TPHW-3CB5BA613959B18143DD,0C:E29A:0:1:0,3396430fef94c2f144219010afa20d6a6c666b9556bac50a6ddc888a92b90b8c
TPHW-325F44327949F3E914CE,0C:E2A0:0:1:0,2a65d42d3d8aa256a54258b945292e1d02fad1c6ed2d5eabcd9b573be4e53c33
TPHW-DCA3474C4685C73FDDF3,0C:E2A0:0:1:0,aa0f23426cd5984721520fdb7d123dab5831e916b2dc4e6b94da49086f8fd7c6
TPHW-EF0AC6D534955391BA4C,0C:E2A5:0:1:0,72fd7e411dd5e9fa90bdc6fd9c724fd08043836dd0a87a6937a70dc911c706c3
TPHW-7D8E52F269579390EF04,0C:E2AA:0:1:0,d026713737e426bc69f0c0d2af9a9571e9a66b8864c169e2ff4c5efd48c32630
TPHW-8555F7BB27EB54E84985,0C:E3E1:0:1:0,0ee610d68905b8765e523ba3d9b52e65aefa2aa5b871caedb66a45b60664403a
TPHW-B2AB1985C05439516D75,0C:E3E6:0:1:0,bfd7805537ac70a7d88f20bdbcad1ea593d1679021e731c8dcd6ad3d71f773da
TPHW-053BE883D7F8A23DDFD5,0C:E3EB:0:1:0,6d268ec0da97a214a2ae36e1a1be39dde406eb301858c95a379194712487b201
TPHW-CCAC0A76395B87864E0C,0C:E3EE:0:1:0,3d7ed108b73e9cb3717b905c3cd3b6ed532006f7a56479502e12a724ee852a89
TPHW-517B94815E38B03900E9,0C:E3F3:0:1:0,42d1d45e5943c041525e2a991565a53d9c9cca57cfab46afc963c7716fbc6259
TPHW-DBA20F6EA3EDAA89E29C,0C:E3F8:0:1:0,7d217b5db2c8ca060e876f6aa53a9edefbb4e891c4985526b859d9953141ea49
TPHW-D42B1AE3FF5B6871293B,0C:E3FE:0:1:0,86cd2b705a313df0ec6b783ec00f39c08e1a991c0dc020146b7e3349dd16d988
TPHW-9FAF034F6C6A79C81DDE,0C:E3FE:0:1:0,ce5564f8f20eb506e58e31163b6c8a753be4669a63c352094e645225a3a6a79e
TPHW-7A148B9CC75ED0AE909F,0C:E403:0:1:0,f58244ea3bc18ea7c7dea9cbec6483b0aabeebadb2bfc82ffde37511c70504a2
TPHW-9F117B2B0FD6D93FED60,0C:E409:0:1:0,d5697ab3c9120ae06178467f19219d5e55af9cd650aa94f7ca661c9f824004c6
TPHW-129429A0BD60CDEF3EEE,0C:E409:0:1:0,e6ad3dc88c2bce2c96588d6156a059eec27fe1df1fdac3ecee740c6a8d33e533
TPHW-01B18744B7AA07257431,0C:E40E:0:1:0,ca74145696d7850ffcc746b18f3b5b85d152a181cf47c49e5cca5d5d4a219eef
TPHW-3B39109B3337B65198E1,0C:E413:0:1:0,d5a48878715c59b8f92862a827c5da6c681a599aca7aab4101d4b403a8a15004
TPHW-579F4D81593FE1029FB4,0C:E431:0:1:0,7c3f279edd2bb840db0dd98e92c300cd70da4ec94f0e913a4c3546528edd34c1
TPHW-0C30F502ECFFAD452452,0C:E436:0:1:0,6ad197d8f336f34e80d0d838aa5d1f4d1d4c6710b350ed7866968e17a5710d80
TPHW-DCAA5FA0FEFDBEB5AE61,0C:E43B:0:1:0,764b49f7a6d0dc3d4c67ceee210b2ffc039129ecf1ea8cb81dced6c83fe52a5c
TPHW-BC0FFB17A2B406C82CF3,0C:E43E:0:1:0,826d7b95fd19c99cbc24dd63d87da063968354389861ad277418e224027e9ff6
TPHW-5A5053C120E9D5411667,0C:E443:0:1:0,37e95212f055774db66e7374b1e37878f1e6fca28451850c6e927d2abd3b4cc4
TPHW-DF551669EA4CAB020E45,0C:E448:0:1:0,482f972623a197ed9f506b3666a174bf260823d36b3d3572a4655cb5f32e0806
TPHW-064565A79652C10745D3,0C:E44E:0:1:0,b1ba3ae1943fa48713cd1fbacf8ea126ce545d508a3e056df4e03ecb2d7ad744
TPHW-F979932F76E9168752BC,0C:E44E:0:1:0,f85959dcc9d3a5576cc80cee2c089c6fda196e6734a894d23f1bffe39a0600ea
TPHW-FD7F2C7BBC572D9F37E4,0C:E454:0:1:0,1ec4f55df71d35f534f163c0b318acbd968112cf90049966dcfe35be112ee7ea
TPHW-CE3B5CA0E6532845FE62,0C:E45A:0:1:0,d8249479c7d5793b149363f5017b06b9af615f532aa7973e0569547912ef8514
TPHW-D018C65D0721C20692C1,0C:E45A:0:1:0,816bb3fd6f3d69a6a6c508157a7ca79ea736f69882ea1d12592e472f4968eaa7
TPHW-D05553ECA552944EEE32,0C:E45F:0:1:0,0fce251c1e9dc9ba00d6280dc1fe5a18ff2ac2a361b3f055af4e79df81ba6531
TPHW-2792951AB1C5655F2546,0C:E464:0:1:0,899c52f55038e13778aa9696d72c51bb2a4bc259ec8124c4b0f0d3dc310a8524
TPHW-4DF2BC4CE5BE2ED347F3,0C:FBB4:0:1:1,1e8b1caa7c1fb02700674720da95ef90f98a883ddad2a887639765e2c246b594
TPHW-02064815A71EB4E7C2FE,0C:FBB8:0:1:1,2156b126e86a19e5ec4224068d86df03a6903ce35e98b25b6a6ed980068235d3
TPHW-A4B638AC65A15F4F3BB3,0C:FBBB:0:1:1,c810a3680ca26a172b66d1cdd217b063a8466739c651fa8da63b2c6c13ffc025
TPHW-DCF6DB658E9953052C8E,0C:FBC2:0:0:1,5ab2850ca972f4fb236a4c677a961df21c4702fac8b4be1d21c7205bc72c8a3f
TPHW-2E6184EFF097538260FB,0C:FBC2:0:0:1,352ecce51441f969838c5d3369b110b499adf972f51ccc4e69a0251e243efb89
TPHW-116B52C394F7135449F0,0C:FBC5:0:0:1,1fbd0cce4fd110cce3c8b11e1b1214d36c5e39244ba20cdd299f341083ac2026
TPHW-756563E6F905392C1468,0C:FC01:0:1:1,03acadbcdabc904fcb2237c878e1d381a13dc427b0a9479b80bc9d0f8a40671f
TPHW-7AECE69C75B32AC69B7E,0C:FC05:0:1:1,5b8bc5c892ab578a0b294a9e1e2b28a79062eeafdbb37b2c133ef089635f0658
TPHW-77AABA7571215B9DDDCC,0C:FC08:0:1:1,587d93eee97c5fba7eddf4574effe28015407f2abdcc700e04a807bc961ed49c
TPHW-606597FB8134042E40B1,0C:FC0F:0:0:1,d3410868f66220d3c9dff3c0d395d928d6549bab86cbc1e7ba2b086b0eb783ac
TPHW-B53B982E7EB4E8035773,0C:FC0F:0:0:1,f4897bf88d0b8c06340685cf219f2e01d427d8d7bc0bd9590ab4565a56f13556
TPHW-ADD75761E44A65A976C7,0C:FC12:0:0:1,47b3cf5e7cbe33e05ac48efc15d532e1bcb66b26bba0b0d440e50ec1c67b2062
TPHW-94E3FF563DE7208D639E,0C:FC65:0:1:1,ea11434a6e50a4cb1cb2e386ebb33d83ccca9af359dc8e53eb9fa39cc1d9a359
TPHW-FBE92916401F392B9F97,0C:FC69:0:1:1,8fedd8c9a6275b96b2fe841e90a2d1d04cbd377c3776da3b2de980e2aab1f29e
TPHW-58D55E855DA914197206,0C:FC6C:0:1:1,13769b5c48c41a1be0d4445f23d7e22b1b7bd904a825d0a9ffd80135f441efca
TPHW-A4415199F127EC183706,0C:FC73:0:0:1,e0edbc0889a4e6d79515dbc96e0b159e337019bd2a8ec07c2c7d2734384264a8
TPHW-64CE33C6432DE13433EF,0C:FC73:0:0:1,5403341bfe158e77fcf97c9f9e0b18837654dc0ba1261fa125fdd399d95461ac
TPHW-F62E63CBE639A8F1F1C2,0C:FC76:0:0:1,b8b4b2d5ec4164ce4a71655a50c9df6cb00960d07ec17a0f4a704a45002e7554
TPHW-FF5F33DD05FB553247A7,0D:8073:0:1:1,978efc6ed0cd6a2368dd410c812dc2e9fb9faee982761c55f849f8c918ddb04f
TPHW-81ABE75E7A405E3A5DDF,0D:8077:0:1:1,372882769760d87e391d69233bd9b5d59df8784a35b133f66041cf1f5270ba93
TPHW-939B4764ED4B9488A13C,0D:807A:0:1:1,11ef6347fb9e48603048083c6270ca6c9ebaed2b0af955c6be24329c938e9797
TPHW-6CB0C5C15D89AEB751C3,0D:8081:0:0:1,033a467720e7dd7352d2be9d0870b8d1cb0c42ebbca668ffbf906637ad55716c
TPHW-2E031535141F809727EA,0D:8081:0:0:1,53d7be3183a070d513a8d1a7b0ee82667b68f3fb2e79539c1f8c29b3c0976d60
TPHW-33D9573C16B41BB5CA02,0D:8084:0:0:1,133c9c9c92f0a87ed6fe3916809b3f2886c9d0d7aadff526a36f97c79bc3ab05
TPHW-8571561DAEE25299299F,0D:80DC:0:0:1,57f31fb015d1a7f91069258236ab920dbc2b6c218a6037f2507dd936e384de9b
TPHW-D0938D5A7B758D622360,0D:80DC:0:0:1,b8920850762c0e74df05ff34b23633818b2e8b21b00fb9e740fc42eb72aec63f
TPHW-6919D61D569CF2CC10F4,0D:80DF:0:0:1,6d6b03ccafdf3f702f52c76f5a38a92e35894f123beecb97f610e9594b6ffa86
TPHW-87E09A2AB10BDE9EC745,0D:80EC:0:0:0,bb93a4187392864c18120842f942c19c2f15922c109d40d88bbb7c3a6f5909ac
TPHW-501DCDDB7537D5C71823,0D:80EC:0:0:0,ed1559789c11cbb2f6346b2adde7c6e2eb04c8a6a13c5e24ce7845d28c678a99
TPHW-FFBBA801B4E98F074A09,0D:80EF:0:0:0,c3fdac29e60b3fb3195fe1e7068b6013623461413730b865f3e23e2536b22205
TPHW-290348412AC3D696DD5F,0D:80EF:0:0:0,618e8ae204b922eec7cd9618d3a587bfc25acdc6552b2296fba68fff69c99e6f
TPHW-E1A609F9E050443CB747,0E:8051:0:1:1,252564e7a9aa88e0bfe1f594adfa862656f058fe8b4890a5d767f8407f15d638
TPHW-A574390FB6767DBAD6DA,0E:8059:0:1:1,bcf0bd91de07ceb55831bef93921cdd0d45d11967b2d414677463234f35f070c
TPHW-72B3B93A801FC1C1D65F,0E:8061:0:1:1,5bc41fb4583c8913fc79e1a95236534de45525b1c3a36ee2ba3dbd0b466e1f1e
TPHW-D289D02E12B18EB9107D,0E:806B:0:1:1,a661658acb2f329729576f2dc379b4eba6f147eec46aaee7be1da22dab7974f3
TPHW-BBBC972826749DD01444,0E:806F:0:1:1,476e7645d14ed32a4233dcbee98d6bf483fb8a0b65195fd6fad4028b23412273
TPHW-0DF8CD47E0F91980B02E,0E:8249:0:1:1,1790fd496bf24770a473f2bd64dfc0ea7f36af5f51e8de3aae41bc387f8ec27a
TPHW-6A2FBF48B0215DFF2238,0E:825A:0:1:1,29311a030a3dc83345b8809d9bdab57c756c87a998e0033fd9823a6ae0e74318
TPHW-907294EFCD44D9A11F10,0E:826A:0:1:1,627b7f14d9211554b208dfb2494713cc1696386565e2d33ec15762c45dd9ab0a
TPHW-491FBCF085E466C9B832,0E:8270:0:1:1,6c86e98be7a006294a12b560b1de362f47ab764c08c634ee3575ec154b8f8eb3
TPHW-C9EE87D235D8BE15DCA0,0E:82AC:0:0:0,802d48f0bd0c564562ea95eec70471543653154970e3f43c1251d959e1ca8d80
TPHW-5B70702DBE5DBA3E5A7D,0E:82AC:0:0:0,acbdc0c10da6458218da4e096ba7b95de03d7a21683762634cb31e320e3ac37b
TPHW-8527E2762BF9EEFD1A0B,0E:82C5:0:1:0,4f8f00dce0ff4a45a58ae592b4f3f37c1a713a61e7e9732d35f197600b3651c3
TPHW-1A4FC95D5173CC88AE9C,0E:82CE:0:0:0,1b6bc96d773d5482b8c99d635dc39397d10d806787ba916e006cdbd5d0a99a6f
TPHW-FFBA86AB5EC88F13E858,0E:82CE:0:0:0,d1249addc4bf2ce5d726f5b743694c4dbcc23d73f1ceb23a42ea7bfd30f576c7
TPHW-06C769F014F854C7E8C2,0E:82D7:0:1:0,a004079d31b823299427c6b92c6b0db143bf3f3416da3e3a5229ff3f11c3e051
TPHW-60412D40B8D65F0A282A,0E:82ED:0:0:0,78f843f97899de3760e2828a1b30e3b64f92a015abf4280f7d2e106cdc79bdb7
TPHW-FD4CE267EAEE274C359B,0E:82ED:0:0:0,e4afaa3cd5af52c7db3334a129d5c7c7656ef49587ccb5ee2896277559b4c178
TPHW-83AC293EF5133D91E432,0E:82F9:0:1:0,70c97da016711adaf7e98e712ce0e671433b336c7dd2b4eced12c3270e01b0ba
TPHW-95E60FB095C454707359,0E:8300:0:1:0,2869c4ae964e3f7bb3e0887f18fa5d0c09e8529e77da466b7277db0a90fb1cc4
TPHW-9D902244C053057E1DEF,0E:8309:0:1:0,bcfebda50f6b86e637786b779cd415b7b65d92480de93070605df2c8e1156810
