Family,Context,ROM_Offset,Bytes,Mnemonic,Mode,Carry_In_Facts,Zero_In_Facts,Access_Expression,Proof_Source,Admission_State
TP07F488,04:B4FA:0:0:0,0x0234FA,C230,REP,IMM8,UNKNOWN,1,NONE,V05C-contexts.csv,SOURCE_PROVED_NOT_YET_ADMITTED
TP07F488,04:B4FC:0:0:0,0x0234FC,AD0B04,LDA,ABS,UNKNOWN|0|1,UNKNOWN|1,DBR:040B,V05C-contexts.csv,SOURCE_PROVED_NOT_YET_ADMITTED
TP07F488,04:B4FF:0:0:0,0x0234FF,48,PHA,IMP,UNKNOWN|0|1,UNKNOWN,NONE,V05C-contexts.csv,SOURCE_PROVED_NOT_YET_ADMITTED
TP07F488,04:B500:0:0:0,0x023500,AD0D04,LDA,ABS,UNKNOWN|0|1,UNKNOWN,DBR:040D,V05C-contexts.csv,SOURCE_PROVED_NOT_YET_ADMITTED
TP07F488,04:B503:0:0:0,0x023503,48,PHA,IMP,UNKNOWN|0|1,UNKNOWN,NONE,V05C-contexts.csv,SOURCE_PROVED_NOT_YET_ADMITTED
TP07F488,04:B504:0:0:0,0x023504,AD0F04,LDA,ABS,UNKNOWN|0|1,UNKNOWN,DBR:040F,V05C-contexts.csv,SOURCE_PROVED_NOT_YET_ADMITTED
TP07F488,04:B507:0:0:0,0x023507,48,PHA,IMP,UNKNOWN|0|1,UNKNOWN,NONE,V05C-contexts.csv,SOURCE_PROVED_NOT_YET_ADMITTED
TP07F488,04:B508:0:0:0,0x023508,AD1104,LDA,ABS,UNKNOWN|0|1,UNKNOWN,DBR:0411,V05C-contexts.csv,SOURCE_PROVED_NOT_YET_ADMITTED
TP07F488,04:B50B:0:0:0,0x02350B,48,PHA,IMP,UNKNOWN|0|1,UNKNOWN,NONE,V05C-contexts.csv,SOURCE_PROVED_NOT_YET_ADMITTED
TP07F488,04:B50C:0:0:0,0x02350C,AD1304,LDA,ABS,UNKNOWN|0|1,UNKNOWN,DBR:0413,V05C-contexts.csv,SOURCE_PROVED_NOT_YET_ADMITTED
TP07F488,04:B50F:0:0:0,0x02350F,48,PHA,IMP,UNKNOWN|0|1,UNKNOWN,NONE,V05C-contexts.csv,SOURCE_PROVED_NOT_YET_ADMITTED
TP07F488,04:B510:0:0:0,0x023510,AD1504,LDA,ABS,UNKNOWN|0|1,UNKNOWN,DBR:0415,V05C-contexts.csv,SOURCE_PROVED_NOT_YET_ADMITTED
TP07F488,04:B513:0:0:0,0x023513,48,PHA,IMP,UNKNOWN|0|1,UNKNOWN,NONE,V05C-contexts.csv,SOURCE_PROVED_NOT_YET_ADMITTED
TP07F488,04:B514:0:0:0,0x023514,AD1704,LDA,ABS,UNKNOWN|0|1,UNKNOWN,DBR:0417,V05C-contexts.csv,SOURCE_PROVED_NOT_YET_ADMITTED
TP07F488,04:B517:0:0:0,0x023517,48,PHA,IMP,UNKNOWN|0|1,UNKNOWN,NONE,V05C-contexts.csv,SOURCE_PROVED_NOT_YET_ADMITTED
TP07F488,04:B518:0:0:0,0x023518,AD1904,LDA,ABS,UNKNOWN|0|1,UNKNOWN,DBR:0419,V05C-contexts.csv,SOURCE_PROVED_NOT_YET_ADMITTED
TP07F488,04:B51B:0:0:0,0x02351B,48,PHA,IMP,UNKNOWN|0|1,UNKNOWN,NONE,V05C-contexts.csv,SOURCE_PROVED_NOT_YET_ADMITTED
TP07F488,04:B51C:0:0:0,0x02351C,AD1B04,LDA,ABS,UNKNOWN|0|1,UNKNOWN,DBR:041B,V05C-contexts.csv,SOURCE_PROVED_NOT_YET_ADMITTED
TP07F488,04:B51F:0:0:0,0x02351F,48,PHA,IMP,UNKNOWN|0|1,UNKNOWN,NONE,V05C-contexts.csv,SOURCE_PROVED_NOT_YET_ADMITTED
TP07F488,04:B520:0:0:0,0x023520,AD1D04,LDA,ABS,UNKNOWN|0|1,UNKNOWN,DBR:041D,V05C-contexts.csv,SOURCE_PROVED_NOT_YET_ADMITTED
TP07F488,04:B523:0:0:0,0x023523,48,PHA,IMP,UNKNOWN|0|1,UNKNOWN,NONE,V05C-contexts.csv,SOURCE_PROVED_NOT_YET_ADMITTED
TP07F488,04:B524:0:0:0,0x023524,AD1F04,LDA,ABS,UNKNOWN|0|1,UNKNOWN,DBR:041F,V05C-contexts.csv,SOURCE_PROVED_NOT_YET_ADMITTED
TP07F488,04:B527:0:0:0,0x023527,48,PHA,IMP,UNKNOWN|0|1,UNKNOWN,NONE,V05C-contexts.csv,SOURCE_PROVED_NOT_YET_ADMITTED
TP07F488,04:B528:0:0:0,0x023528,E210,SEP,IMM8,UNKNOWN|0|1,UNKNOWN,NONE,V05C-contexts.csv,SOURCE_PROVED_NOT_YET_ADMITTED
TP07F488,04:B52A:0:0:1,0x02352A,C220,REP,IMM8,UNKNOWN|0|1,UNKNOWN,NONE,V05C-contexts.csv,SOURCE_PROVED_NOT_YET_ADMITTED
TP07F488,04:B52C:0:0:1,0x02352C,A9A9AB,LDA,IMM_M,UNKNOWN|0|1,UNKNOWN,NONE,V05C-contexts.csv,SOURCE_PROVED_NOT_YET_ADMITTED
TP07F488,04:B52F:0:0:1,0x02352F,8D8A07,STA,ABS,UNKNOWN|0|1,0,DBR:078A,V05C-contexts.csv,SOURCE_PROVED_NOT_YET_ADMITTED
TP07F488,04:B532:0:0:1,0x023532,A27E,LDX,IMM_X,UNKNOWN|0|1,0,NONE,V05C-contexts.csv,SOURCE_PROVED_NOT_YET_ADMITTED
TP07F488,04:B534:0:0:1,0x023534,8E8C07,STX,ABS,UNKNOWN|0|1,0,DBR:078C,V05C-contexts.csv,SOURCE_PROVED_NOT_YET_ADMITTED
TP07F488,04:B537:0:0:1,0x023537,9C8E07,STZ,ABS,UNKNOWN|0|1,0,DBR:078E,V05C-contexts.csv,SOURCE_PROVED_NOT_YET_ADMITTED
TP07F488,04:B53A:0:0:1,0x02353A,A90013,LDA,IMM_M,UNKNOWN|0|1,0,NONE,V05C-contexts.csv,SOURCE_PROVED_NOT_YET_ADMITTED
TP07F488,04:B53D:0:0:1,0x02353D,8D9207,STA,ABS,UNKNOWN|0|1,0,DBR:0792,V05C-contexts.csv,SOURCE_PROVED_NOT_YET_ADMITTED
TP07F488,04:B540:0:0:1,0x023540,22558004,JSL,ABSL_JUMP,UNKNOWN|0|1,0,NONE,V05C-contexts.csv,SOURCE_PROVED_NOT_YET_ADMITTED
TP07F488,04:B544:0:0:1,0x023544,C230,REP,IMM8,UNKNOWN,UNKNOWN,NONE,V05C-contexts.csv,SOURCE_PROVED_NOT_YET_ADMITTED
TP07F488,04:B546:0:0:0,0x023546,9C9A07,STZ,ABS,UNKNOWN,UNKNOWN,DBR:079A,V05C-contexts.csv,SOURCE_PROVED_NOT_YET_ADMITTED
TP07F488,04:B549:0:0:0,0x023549,9C9E07,STZ,ABS,UNKNOWN,UNKNOWN,DBR:079E,V05C-contexts.csv,SOURCE_PROVED_NOT_YET_ADMITTED
TP07F488,04:B54C:0:0:0,0x02354C,9C9C07,STZ,ABS,UNKNOWN,UNKNOWN,DBR:079C,V05C-contexts.csv,SOURCE_PROVED_NOT_YET_ADMITTED
TP07F488,04:B54F:0:0:0,0x02354F,9CA007,STZ,ABS,UNKNOWN,UNKNOWN,DBR:07A0,V05C-contexts.csv,SOURCE_PROVED_NOT_YET_ADMITTED
TP07F488,04:B552:0:0:0,0x023552,AD641F,LDA,ABS,UNKNOWN,UNKNOWN,DBR:1F64,V05C-contexts.csv,SOURCE_PROVED_NOT_YET_ADMITTED
TP07F488,04:B555:0:0:0,0x023555,8D0B04,STA,ABS,UNKNOWN,UNKNOWN,DBR:040B,V05C-contexts.csv,SOURCE_PROVED_NOT_YET_ADMITTED
TP07F488,04:B558:0:0:0,0x023558,A90100,LDA,IMM_M,UNKNOWN,UNKNOWN,NONE,V05C-contexts.csv,SOURCE_PROVED_NOT_YET_ADMITTED
TP07F488,04:B55B:0:0:0,0x02355B,8D1504,STA,ABS,UNKNOWN,0,DBR:0415,V05C-contexts.csv,SOURCE_PROVED_NOT_YET_ADMITTED
TP07F488,04:B55E:0:0:0,0x02355E,AD1504,LDA,ABS,UNKNOWN|0|1,UNKNOWN|0,DBR:0415,V05C-contexts.csv,SOURCE_PROVED_NOT_YET_ADMITTED
TP07F488,04:B561:0:0:0,0x023561,C90800,CMP,IMM_M,UNKNOWN|0|1,UNKNOWN,NONE,V05C-contexts.csv,SOURCE_PROVED_NOT_YET_ADMITTED
TP07F488,04:B564:0:0:0,0x023564,9003,BCC,REL8,UNKNOWN,UNKNOWN,NONE,V05C-contexts.csv,SOURCE_PROVED_NOT_YET_ADMITTED
TP07F488,04:B566:0:0:0,0x023566,4C18BF,JMP,ABS_JUMP,1,UNKNOWN,NONE,V05C-contexts.csv,SOURCE_PROVED_NOT_YET_ADMITTED
TP07F488,04:B569:0:0:0,0x023569,4E0B04,LSR,ABS,0,UNKNOWN,DBR:040B,V05C-contexts.csv,SOURCE_PROVED_NOT_YET_ADMITTED
TP07F488,04:B56C:0:0:0,0x02356C,B003,BCS,REL8,UNKNOWN,UNKNOWN,NONE,V05C-contexts.csv,SOURCE_PROVED_NOT_YET_ADMITTED
TP07F488,04:B56E:0:0:0,0x02356E,4C10BF,JMP,ABS_JUMP,0,UNKNOWN,NONE,V05C-contexts.csv,SOURCE_PROVED_NOT_YET_ADMITTED
TP07F488,04:B571:0:0:0,0x023571,AD1504,LDA,ABS,1,UNKNOWN,DBR:0415,V05C-contexts.csv,SOURCE_PROVED_NOT_YET_ADMITTED
TP07F488,04:B574:0:0:0,0x023574,C90100,CMP,IMM_M,1,UNKNOWN,NONE,V05C-contexts.csv,SOURCE_PROVED_NOT_YET_ADMITTED
TP07F488,04:B577:0:0:0,0x023577,F003,BEQ,REL8,UNKNOWN,UNKNOWN,NONE,V05C-contexts.csv,SOURCE_PROVED_NOT_YET_ADMITTED
TP07F488,04:B579:0:0:0,0x023579,829F01,BRL,REL16,UNKNOWN,0,NONE,V05C-contexts.csv,SOURCE_PROVED_NOT_YET_ADMITTED
TP07F488,04:B57C:0:0:0,0x02357C,A900E1,LDA,IMM_M,UNKNOWN,1,NONE,V05C-contexts.csv,SOURCE_PROVED_NOT_YET_ADMITTED
TP07F488,04:B57F:0:0:0,0x02357F,8D9A07,STA,ABS,UNKNOWN,0,DBR:079A,V05C-contexts.csv,SOURCE_PROVED_NOT_YET_ADMITTED
TP07F488,04:B582:0:0:0,0x023582,A9F505,LDA,IMM_M,UNKNOWN,0,NONE,V05C-contexts.csv,SOURCE_PROVED_NOT_YET_ADMITTED
TP07F488,04:B585:0:0:0,0x023585,8D9C07,STA,ABS,UNKNOWN,0,DBR:079C,V05C-contexts.csv,SOURCE_PROVED_NOT_YET_ADMITTED
TP07F488,04:B588:0:0:0,0x023588,A9001F,LDA,IMM_M,UNKNOWN,0,NONE,V05C-contexts.csv,SOURCE_PROVED_NOT_YET_ADMITTED
TP07F488,04:B58B:0:0:0,0x02358B,8D9E07,STA,ABS,UNKNOWN,0,DBR:079E,V05C-contexts.csv,SOURCE_PROVED_NOT_YET_ADMITTED
TP07F488,04:B58E:0:0:0,0x02358E,A90AFA,LDA,IMM_M,UNKNOWN,0,NONE,V05C-contexts.csv,SOURCE_PROVED_NOT_YET_ADMITTED
TP07F488,04:B591:0:0:0,0x023591,8DA007,STA,ABS,UNKNOWN,0,DBR:07A0,V05C-contexts.csv,SOURCE_PROVED_NOT_YET_ADMITTED
TP07F488,04:B594:0:0:0,0x023594,9C1704,STZ,ABS,UNKNOWN,0,DBR:0417,V05C-contexts.csv,SOURCE_PROVED_NOT_YET_ADMITTED
TP07F488,04:B597:0:0:0,0x023597,AD1704,LDA,ABS,UNKNOWN|0|1,UNKNOWN|0,DBR:0417,V05C-contexts.csv,SOURCE_PROVED_NOT_YET_ADMITTED
TP07F488,04:B59A:0:0:0,0x02359A,C90C00,CMP,IMM_M,UNKNOWN|0|1,UNKNOWN,NONE,V05C-contexts.csv,SOURCE_PROVED_NOT_YET_ADMITTED
TP07F488,04:B59D:0:0:0,0x02359D,9003,BCC,REL8,UNKNOWN,UNKNOWN,NONE,V05C-contexts.csv,SOURCE_PROVED_NOT_YET_ADMITTED
TP07F488,04:B59F:0:0:0,0x02359F,82AA00,BRL,REL16,1,UNKNOWN,NONE,V05C-contexts.csv,SOURCE_PROVED_NOT_YET_ADMITTED
TP07F488,04:B5A2:0:0:0,0x0235A2,AD1704,LDA,ABS,0,UNKNOWN,DBR:0417,V05C-contexts.csv,SOURCE_PROVED_NOT_YET_ADMITTED
TP07F488,04:B5A5:0:0:0,0x0235A5,0A,ASL,ACC,0,UNKNOWN,NONE,V05C-contexts.csv,SOURCE_PROVED_NOT_YET_ADMITTED
TP07F488,04:B5A6:0:0:0,0x0235A6,0A,ASL,ACC,UNKNOWN,UNKNOWN,NONE,V05C-contexts.csv,SOURCE_PROVED_NOT_YET_ADMITTED
TP07F488,04:B5A7:0:0:0,0x0235A7,18,CLC,IMP,UNKNOWN,UNKNOWN,NONE,V05C-contexts.csv,SOURCE_PROVED_NOT_YET_ADMITTED
TP07F488,04:B5A8:0:0:0,0x0235A8,69AA00,ADC,IMM_M,0,UNKNOWN,NONE,V05C-contexts.csv,SOURCE_PROVED_NOT_YET_ADMITTED
TP07F488,04:B5AB:0:0:0,0x0235AB,A8,TAY,IMP,UNKNOWN,UNKNOWN,NONE,V05C-contexts.csv,SOURCE_PROVED_NOT_YET_ADMITTED
TP07F488,04:B5AC:0:0:0,0x0235AC,B758,LDA,DP_IND_LONG_Y,UNKNOWN,UNKNOWN,NONE,V05C-contexts.csv,SOURCE_PROVED_NOT_YET_ADMITTED
TP07F488,04:B5AE:0:0:0,0x0235AE,8D8C07,STA,ABS,UNKNOWN,UNKNOWN,DBR:078C,V05C-contexts.csv,SOURCE_PROVED_NOT_YET_ADMITTED
TP07F488,04:B5B1:0:0:0,0x0235B1,AD1704,LDA,ABS,UNKNOWN,UNKNOWN,DBR:0417,V05C-contexts.csv,SOURCE_PROVED_NOT_YET_ADMITTED
TP07F488,04:B5B4:0:0:0,0x0235B4,0A,ASL,ACC,UNKNOWN,UNKNOWN,NONE,V05C-contexts.csv,SOURCE_PROVED_NOT_YET_ADMITTED
TP07F488,04:B5B5:0:0:0,0x0235B5,0A,ASL,ACC,UNKNOWN,UNKNOWN,NONE,V05C-contexts.csv,SOURCE_PROVED_NOT_YET_ADMITTED
TP07F488,04:B5B6:0:0:0,0x0235B6,18,CLC,IMP,UNKNOWN,UNKNOWN,NONE,V05C-contexts.csv,SOURCE_PROVED_NOT_YET_ADMITTED
TP07F488,04:B5B7:0:0:0,0x0235B7,69A800,ADC,IMM_M,0,UNKNOWN,NONE,V05C-contexts.csv,SOURCE_PROVED_NOT_YET_ADMITTED
TP07F488,04:B5BA:0:0:0,0x0235BA,A8,TAY,IMP,UNKNOWN,UNKNOWN,NONE,V05C-contexts.csv,SOURCE_PROVED_NOT_YET_ADMITTED
TP07F488,04:B5BB:0:0:0,0x0235BB,B758,LDA,DP_IND_LONG_Y,UNKNOWN,UNKNOWN,NONE,V05C-contexts.csv,SOURCE_PROVED_NOT_YET_ADMITTED
TP07F488,04:B5BD:0:0:0,0x0235BD,D001,BNE,REL8,UNKNOWN,UNKNOWN,NONE,V05C-contexts.csv,SOURCE_PROVED_NOT_YET_ADMITTED
TP07F488,04:B5BF:0:0:0,0x0235BF,1A,INC,ACC,UNKNOWN,1,NONE,V05C-contexts.csv,SOURCE_PROVED_NOT_YET_ADMITTED
TP07F488,04:B5C0:0:0:0,0x0235C0,8D8A07,STA,ABS,UNKNOWN,UNKNOWN|0,DBR:078A,V05C-contexts.csv,SOURCE_PROVED_NOT_YET_ADMITTED
TP07F488,04:B5C3:0:0:0,0x0235C3,AD1704,LDA,ABS,UNKNOWN,UNKNOWN|0,DBR:0417,V05C-contexts.csv,SOURCE_PROVED_NOT_YET_ADMITTED
TP07F488,04:B5C6:0:0:0,0x0235C6,0A,ASL,ACC,UNKNOWN,UNKNOWN,NONE,V05C-contexts.csv,SOURCE_PROVED_NOT_YET_ADMITTED
TP07F488,04:B5C7:0:0:0,0x0235C7,AA,TAX,IMP,UNKNOWN,UNKNOWN,NONE,V05C-contexts.csv,SOURCE_PROVED_NOT_YET_ADMITTED
TP07F488,04:B5C8:0:0:0,0x0235C8,A90000,LDA,IMM_M,UNKNOWN,UNKNOWN,NONE,V05C-contexts.csv,SOURCE_PROVED_NOT_YET_ADMITTED
TP07F488,04:B5CB:0:0:0,0x0235CB,9F9E1F00,STA,ABSL_X,UNKNOWN,1,00:1F9E+X,V05C-contexts.csv,SOURCE_PROVED_NOT_YET_ADMITTED
TP07F488,04:B5CF:0:0:0,0x0235CF,AD8C07,LDA,ABS,UNKNOWN,1,DBR:078C,V05C-contexts.csv,SOURCE_PROVED_NOT_YET_ADMITTED
TP07F488,04:B5D2:0:0:0,0x0235D2,100C,BPL,REL8,UNKNOWN,UNKNOWN,NONE,V05C-contexts.csv,SOURCE_PROVED_NOT_YET_ADMITTED
TP07F488,04:B5D4:0:0:0,0x0235D4,AD1704,LDA,ABS,UNKNOWN,UNKNOWN,DBR:0417,V05C-contexts.csv,SOURCE_PROVED_NOT_YET_ADMITTED
TP07F488,04:B5D7:0:0:0,0x0235D7,0A,ASL,ACC,UNKNOWN,UNKNOWN,NONE,V05C-contexts.csv,SOURCE_PROVED_NOT_YET_ADMITTED
TP07F488,04:B5D8:0:0:0,0x0235D8,AA,TAX,IMP,UNKNOWN,UNKNOWN,NONE,V05C-contexts.csv,SOURCE_PROVED_NOT_YET_ADMITTED
TP07F488,04:B5D9:0:0:0,0x0235D9,A90100,LDA,IMM_M,UNKNOWN,UNKNOWN,NONE,V05C-contexts.csv,SOURCE_PROVED_NOT_YET_ADMITTED
TP07F488,04:B5DC:0:0:0,0x0235DC,9F9E1F00,STA,ABSL_X,UNKNOWN,0,00:1F9E+X,V05C-contexts.csv,SOURCE_PROVED_NOT_YET_ADMITTED
TP07F488,04:B5E0:0:0:0,0x0235E0,AD8C07,LDA,ABS,UNKNOWN,UNKNOWN|0,DBR:078C,V05C-contexts.csv,SOURCE_PROVED_NOT_YET_ADMITTED
TP07F488,04:B5E3:0:0:0,0x0235E3,3027,BMI,REL8,UNKNOWN,UNKNOWN,NONE,V05C-contexts.csv,SOURCE_PROVED_NOT_YET_ADMITTED
TP07F488,04:B5E5:0:0:0,0x0235E5,ADA007,LDA,ABS,UNKNOWN,UNKNOWN,DBR:07A0,V05C-contexts.csv,SOURCE_PROVED_NOT_YET_ADMITTED
TP07F488,04:B5E8:0:0:0,0x0235E8,3014,BMI,REL8,UNKNOWN,UNKNOWN,NONE,V05C-contexts.csv,SOURCE_PROVED_NOT_YET_ADMITTED
TP07F488,04:B5EA:0:0:0,0x0235EA,AD8C07,LDA,ABS,UNKNOWN,UNKNOWN,DBR:078C,V05C-contexts.csv,SOURCE_PROVED_NOT_YET_ADMITTED
TP07F488,04:B5ED:0:0:0,0x0235ED,CDA007,CMP,ABS,UNKNOWN,UNKNOWN,DBR:07A0,V05C-contexts.csv,SOURCE_PROVED_NOT_YET_ADMITTED
TP07F488,04:B5F0:0:0:0,0x0235F0,9021,BCC,REL8,UNKNOWN,UNKNOWN,NONE,V05C-contexts.csv,SOURCE_PROVED_NOT_YET_ADMITTED
TP07F488,04:B5F2:0:0:0,0x0235F2,F002,BEQ,REL8,1,UNKNOWN,NONE,V05C-contexts.csv,SOURCE_PROVED_NOT_YET_ADMITTED
TP07F488,04:B5F4:0:0:0,0x0235F4,B008,BCS,REL8,1,0,NONE,V05C-contexts.csv,SOURCE_PROVED_NOT_YET_ADMITTED
TP07F488,04:B5F6:0:0:0,0x0235F6,AD8A07,LDA,ABS,1,1,DBR:078A,V05C-contexts.csv,SOURCE_PROVED_NOT_YET_ADMITTED
TP07F488,04:B5F9:0:0:0,0x0235F9,CD9E07,CMP,ABS,1,UNKNOWN,DBR:079E,V05C-contexts.csv,SOURCE_PROVED_NOT_YET_ADMITTED
TP07F488,04:B5FC:0:0:0,0x0235FC,9015,BCC,REL8,UNKNOWN,UNKNOWN,NONE,V05C-contexts.csv,SOURCE_PROVED_NOT_YET_ADMITTED
TP07F488,04:B5FE:0:0:0,0x0235FE,AD8A07,LDA,ABS,UNKNOWN|1,UNKNOWN|0,DBR:078A,V05C-contexts.csv,SOURCE_PROVED_NOT_YET_ADMITTED
TP07F488,04:B601:0:0:0,0x023601,8D9E07,STA,ABS,UNKNOWN|1,UNKNOWN,DBR:079E,V05C-contexts.csv,SOURCE_PROVED_NOT_YET_ADMITTED
TP07F488,04:B604:0:0:0,0x023604,AD8C07,LDA,ABS,UNKNOWN|1,UNKNOWN,DBR:078C,V05C-contexts.csv,SOURCE_PROVED_NOT_YET_ADMITTED
TP07F488,04:B607:0:0:0,0x023607,8DA007,STA,ABS,UNKNOWN|1,UNKNOWN,DBR:07A0,V05C-contexts.csv,SOURCE_PROVED_NOT_YET_ADMITTED
TP07F488,04:B60A:0:0:0,0x02360A,8007,BRA,REL8,UNKNOWN|1,UNKNOWN,NONE,V05C-contexts.csv,SOURCE_PROVED_NOT_YET_ADMITTED
TP07F488,04:B60C:0:0:0,0x02360C,ADA007,LDA,ABS,UNKNOWN,UNKNOWN,DBR:07A0,V05C-contexts.csv,SOURCE_PROVED_NOT_YET_ADMITTED
TP07F488,04:B60F:0:0:0,0x02360F,1002,BPL,REL8,UNKNOWN,UNKNOWN,NONE,V05C-contexts.csv,SOURCE_PROVED_NOT_YET_ADMITTED
TP07F488,04:B611:0:0:0,0x023611,30D7,BMI,REL8,UNKNOWN,UNKNOWN,NONE,V05C-contexts.csv,SOURCE_PROVED_NOT_YET_ADMITTED
TP07F488,04:B613:0:0:0,0x023613,AD8C07,LDA,ABS,UNKNOWN|0|1,UNKNOWN,DBR:078C,V05C-contexts.csv,SOURCE_PROVED_NOT_YET_ADMITTED
TP07F488,04:B616:0:0:0,0x023616,3027,BMI,REL8,UNKNOWN|0|1,UNKNOWN,NONE,V05C-contexts.csv,SOURCE_PROVED_NOT_YET_ADMITTED
TP07F488,04:B618:0:0:0,0x023618,AD9C07,LDA,ABS,UNKNOWN|0|1,UNKNOWN,DBR:079C,V05C-contexts.csv,SOURCE_PROVED_NOT_YET_ADMITTED
TP07F488,04:B61B:0:0:0,0x02361B,3029,BMI,REL8,UNKNOWN|0|1,UNKNOWN,NONE,V05C-contexts.csv,SOURCE_PROVED_NOT_YET_ADMITTED
TP07F488,04:B61D:0:0:0,0x02361D,AD8C07,LDA,ABS,UNKNOWN|0|1,UNKNOWN,DBR:078C,V05C-contexts.csv,SOURCE_PROVED_NOT_YET_ADMITTED
TP07F488,04:B620:0:0:0,0x023620,CD9C07,CMP,ABS,UNKNOWN|0|1,UNKNOWN,DBR:079C,V05C-contexts.csv,SOURCE_PROVED_NOT_YET_ADMITTED
TP07F488,04:B623:0:0:0,0x023623,900C,BCC,REL8,UNKNOWN,UNKNOWN,NONE,V05C-contexts.csv,SOURCE_PROVED_NOT_YET_ADMITTED
TP07F488,04:B625:0:0:0,0x023625,F002,BEQ,REL8,1,UNKNOWN,NONE,V05C-contexts.csv,SOURCE_PROVED_NOT_YET_ADMITTED
TP07F488,04:B627:0:0:0,0x023627,B01D,BCS,REL8,1,0,NONE,V05C-contexts.csv,SOURCE_PROVED_NOT_YET_ADMITTED
TP07F488,04:B629:0:0:0,0x023629,AD8A07,LDA,ABS,1,1,DBR:078A,V05C-contexts.csv,SOURCE_PROVED_NOT_YET_ADMITTED
TP07F488,04:B62C:0:0:0,0x02362C,CD9A07,CMP,ABS,1,UNKNOWN,DBR:079A,V05C-contexts.csv,SOURCE_PROVED_NOT_YET_ADMITTED
TP07F488,04:B62F:0:0:0,0x02362F,B015,BCS,REL8,UNKNOWN,UNKNOWN,NONE,V05C-contexts.csv,SOURCE_PROVED_NOT_YET_ADMITTED
TP07F488,04:B631:0:0:0,0x023631,AD8A07,LDA,ABS,UNKNOWN|0|1,UNKNOWN,DBR:078A,V05C-contexts.csv,SOURCE_PROVED_NOT_YET_ADMITTED
TP07F488,04:B634:0:0:0,0x023634,8D9A07,STA,ABS,UNKNOWN|0|1,UNKNOWN,DBR:079A,V05C-contexts.csv,SOURCE_PROVED_NOT_YET_ADMITTED
TP07F488,04:B637:0:0:0,0x023637,AD8C07,LDA,ABS,UNKNOWN|0|1,UNKNOWN,DBR:078C,V05C-contexts.csv,SOURCE_PROVED_NOT_YET_ADMITTED
TP07F488,04:B63A:0:0:0,0x02363A,8D9C07,STA,ABS,UNKNOWN|0|1,UNKNOWN,DBR:079C,V05C-contexts.csv,SOURCE_PROVED_NOT_YET_ADMITTED
TP07F488,04:B63D:0:0:0,0x02363D,8007,BRA,REL8,UNKNOWN|0|1,UNKNOWN,NONE,V05C-contexts.csv,SOURCE_PROVED_NOT_YET_ADMITTED
TP07F488,04:B63F:0:0:0,0x02363F,AD9C07,LDA,ABS,UNKNOWN|0|1,UNKNOWN,DBR:079C,V05C-contexts.csv,SOURCE_PROVED_NOT_YET_ADMITTED
TP07F488,04:B642:0:0:0,0x023642,10ED,BPL,REL8,UNKNOWN|0|1,UNKNOWN,NONE,V05C-contexts.csv,SOURCE_PROVED_NOT_YET_ADMITTED
TP07F488,04:B644:0:0:0,0x023644,30D7,BMI,REL8,UNKNOWN|0|1,UNKNOWN,NONE,V05C-contexts.csv,SOURCE_PROVED_NOT_YET_ADMITTED
TP07F488,04:B646:0:0:0,0x023646,EE1704,INC,ABS,UNKNOWN|0|1,UNKNOWN|0,DBR:0417,V05C-contexts.csv,SOURCE_PROVED_NOT_YET_ADMITTED
TP07F488,04:B649:0:0:0,0x023649,824BFF,BRL,REL16,UNKNOWN|0|1,UNKNOWN,NONE,V05C-contexts.csv,SOURCE_PROVED_NOT_YET_ADMITTED
TP07F488,04:B64C:0:0:0,0x02364C,AD9C07,LDA,ABS,1,UNKNOWN,DBR:079C,V05C-contexts.csv,SOURCE_PROVED_NOT_YET_ADMITTED
TP07F488,04:B64F:0:0:0,0x02364F,CDA007,CMP,ABS,1,UNKNOWN,DBR:07A0,V05C-contexts.csv,SOURCE_PROVED_NOT_YET_ADMITTED
TP07F488,04:B652:0:0:0,0x023652,D014,BNE,REL8,UNKNOWN,UNKNOWN,NONE,V05C-contexts.csv,SOURCE_PROVED_NOT_YET_ADMITTED
TP07F488,04:B654:0:0:0,0x023654,AD9A07,LDA,ABS,UNKNOWN,1,DBR:079A,V05C-contexts.csv,SOURCE_PROVED_NOT_YET_ADMITTED
TP07F488,04:B657:0:0:0,0x023657,CD9E07,CMP,ABS,UNKNOWN,UNKNOWN,DBR:079E,V05C-contexts.csv,SOURCE_PROVED_NOT_YET_ADMITTED
TP07F488,04:B65A:0:0:0,0x02365A,D00C,BNE,REL8,UNKNOWN,UNKNOWN,NONE,V05C-contexts.csv,SOURCE_PROVED_NOT_YET_ADMITTED
TP07F488,04:B65C:0:0:0,0x02365C,9C9A07,STZ,ABS,UNKNOWN,1,DBR:079A,V05C-contexts.csv,SOURCE_PROVED_NOT_YET_ADMITTED
TP07F488,04:B65F:0:0:0,0x02365F,9C9C07,STZ,ABS,UNKNOWN,1,DBR:079C,V05C-contexts.csv,SOURCE_PROVED_NOT_YET_ADMITTED
TP07F488,04:B662:0:0:0,0x023662,0E9E07,ASL,ABS,UNKNOWN,1,DBR:079E,V05C-contexts.csv,SOURCE_PROVED_NOT_YET_ADMITTED
TP07F488,04:B665:0:0:0,0x023665,2EA007,ROL,ABS,UNKNOWN,UNKNOWN,DBR:07A0,V05C-contexts.csv,SOURCE_PROVED_NOT_YET_ADMITTED
TP07F488,04:B668:0:0:0,0x023668,AD9E07,LDA,ABS,UNKNOWN,UNKNOWN|0,DBR:079E,V05C-contexts.csv,SOURCE_PROVED_NOT_YET_ADMITTED
TP07F488,04:B66B:0:0:0,0x02366B,38,SEC,IMP,UNKNOWN,UNKNOWN,NONE,V05C-contexts.csv,SOURCE_PROVED_NOT_YET_ADMITTED
TP07F488,04:B66C:0:0:0,0x02366C,ED9A07,SBC,ABS,1,UNKNOWN,DBR:079A,V05C-contexts.csv,SOURCE_PROVED_NOT_YET_ADMITTED
TP07F488,04:B66F:0:0:0,0x02366F,8D8A07,STA,ABS,UNKNOWN,UNKNOWN,DBR:078A,V05C-contexts.csv,SOURCE_PROVED_NOT_YET_ADMITTED
TP07F488,04:B672:0:0:0,0x023672,ADA007,LDA,ABS,UNKNOWN,UNKNOWN,DBR:07A0,V05C-contexts.csv,SOURCE_PROVED_NOT_YET_ADMITTED
TP07F488,04:B675:0:0:0,0x023675,ED9C07,SBC,ABS,UNKNOWN,UNKNOWN,DBR:079C,V05C-contexts.csv,SOURCE_PROVED_NOT_YET_ADMITTED
TP07F488,04:B678:0:0:0,0x023678,8D8C07,STA,ABS,UNKNOWN,UNKNOWN,DBR:078C,V05C-contexts.csv,SOURCE_PROVED_NOT_YET_ADMITTED
TP07F488,04:B67B:0:0:0,0x02367B,D008,BNE,REL8,UNKNOWN,UNKNOWN,NONE,V05C-contexts.csv,SOURCE_PROVED_NOT_YET_ADMITTED
TP07F488,04:B67D:0:0:0,0x02367D,AD8A07,LDA,ABS,UNKNOWN,1,DBR:078A,V05C-contexts.csv,SOURCE_PROVED_NOT_YET_ADMITTED
TP07F488,04:B680:0:0:0,0x023680,D003,BNE,REL8,UNKNOWN,UNKNOWN,NONE,V05C-contexts.csv,SOURCE_PROVED_NOT_YET_ADMITTED
TP07F488,04:B682:0:0:0,0x023682,EE8A07,INC,ABS,UNKNOWN,1,DBR:078A,V05C-contexts.csv,SOURCE_PROVED_NOT_YET_ADMITTED
TP07F488,04:B685:0:0:0,0x023685,AD8A07,LDA,ABS,UNKNOWN,UNKNOWN|0,DBR:078A,V05C-contexts.csv,SOURCE_PROVED_NOT_YET_ADMITTED
TP07F488,04:B688:0:0:0,0x023688,8D8E07,STA,ABS,UNKNOWN,UNKNOWN,DBR:078E,V05C-contexts.csv,SOURCE_PROVED_NOT_YET_ADMITTED
TP07F488,04:B68B:0:0:0,0x02368B,AD8C07,LDA,ABS,UNKNOWN,UNKNOWN,DBR:078C,V05C-contexts.csv,SOURCE_PROVED_NOT_YET_ADMITTED
TP07F488,04:B68E:0:0:0,0x02368E,8D9007,STA,ABS,UNKNOWN,UNKNOWN,DBR:0790,V05C-contexts.csv,SOURCE_PROVED_NOT_YET_ADMITTED
TP07F488,04:B691:0:0:0,0x023691,AD9A07,LDA,ABS,UNKNOWN,UNKNOWN,DBR:079A,V05C-contexts.csv,SOURCE_PROVED_NOT_YET_ADMITTED
TP07F488,04:B694:0:0:0,0x023694,8D9E07,STA,ABS,UNKNOWN,UNKNOWN,DBR:079E,V05C-contexts.csv,SOURCE_PROVED_NOT_YET_ADMITTED
TP07F488,04:B697:0:0:0,0x023697,AD9C07,LDA,ABS,UNKNOWN,UNKNOWN,DBR:079C,V05C-contexts.csv,SOURCE_PROVED_NOT_YET_ADMITTED
TP07F488,04:B69A:0:0:0,0x02369A,8DA007,STA,ABS,UNKNOWN,UNKNOWN,DBR:07A0,V05C-contexts.csv,SOURCE_PROVED_NOT_YET_ADMITTED
TP07F488,04:B69D:0:0:0,0x02369D,AD8E07,LDA,ABS,UNKNOWN,UNKNOWN,DBR:078E,V05C-contexts.csv,SOURCE_PROVED_NOT_YET_ADMITTED
TP07F488,04:B6A0:0:0:0,0x0236A0,8D9A07,STA,ABS,UNKNOWN,UNKNOWN,DBR:079A,V05C-contexts.csv,SOURCE_PROVED_NOT_YET_ADMITTED
TP07F488,04:B6A3:0:0:0,0x0236A3,AD9007,LDA,ABS,UNKNOWN,UNKNOWN,DBR:0790,V05C-contexts.csv,SOURCE_PROVED_NOT_YET_ADMITTED
TP07F488,04:B6A6:0:0:0,0x0236A6,8D9C07,STA,ABS,UNKNOWN,UNKNOWN,DBR:079C,V05C-contexts.csv,SOURCE_PROVED_NOT_YET_ADMITTED
TP07F488,04:B6A9:0:0:0,0x0236A9,9C1704,STZ,ABS,UNKNOWN,UNKNOWN,DBR:0417,V05C-contexts.csv,SOURCE_PROVED_NOT_YET_ADMITTED
TP07F488,04:B6AC:0:0:0,0x0236AC,AD1704,LDA,ABS,UNKNOWN|0|1,UNKNOWN,DBR:0417,V05C-contexts.csv,SOURCE_PROVED_NOT_YET_ADMITTED
TP07F488,04:B6AF:0:0:0,0x0236AF,C90C00,CMP,IMM_M,UNKNOWN|0|1,UNKNOWN,NONE,V05C-contexts.csv,SOURCE_PROVED_NOT_YET_ADMITTED
TP07F488,04:B6B2:0:0:0,0x0236B2,9003,BCC,REL8,UNKNOWN,UNKNOWN,NONE,V05C-contexts.csv,SOURCE_PROVED_NOT_YET_ADMITTED
TP07F488,04:B6B4:0:0:0,0x0236B4,826100,BRL,REL16,1,UNKNOWN,NONE,V05C-contexts.csv,SOURCE_PROVED_NOT_YET_ADMITTED
TP07F488,04:B6B7:0:0:0,0x0236B7,AD1704,LDA,ABS,0,UNKNOWN,DBR:0417,V05C-contexts.csv,SOURCE_PROVED_NOT_YET_ADMITTED
TP07F488,04:B6BA:0:0:0,0x0236BA,0A,ASL,ACC,0,UNKNOWN,NONE,V05C-contexts.csv,SOURCE_PROVED_NOT_YET_ADMITTED
TP07F488,04:B6BB:0:0:0,0x0236BB,0A,ASL,ACC,UNKNOWN,UNKNOWN,NONE,V05C-contexts.csv,SOURCE_PROVED_NOT_YET_ADMITTED
TP07F488,04:B6BC:0:0:0,0x0236BC,18,CLC,IMP,UNKNOWN,UNKNOWN,NONE,V05C-contexts.csv,SOURCE_PROVED_NOT_YET_ADMITTED
TP07F488,04:B6BD:0:0:0,0x0236BD,69A800,ADC,IMM_M,0,UNKNOWN,NONE,V05C-contexts.csv,SOURCE_PROVED_NOT_YET_ADMITTED
TP07F488,04:B6C0:0:0:0,0x0236C0,A8,TAY,IMP,UNKNOWN,UNKNOWN,NONE,V05C-contexts.csv,SOURCE_PROVED_NOT_YET_ADMITTED
TP07F488,04:B6C1:0:0:0,0x0236C1,B758,LDA,DP_IND_LONG_Y,UNKNOWN,UNKNOWN,NONE,V05C-contexts.csv,SOURCE_PROVED_NOT_YET_ADMITTED
TP07F488,04:B6C3:0:0:0,0x0236C3,D001,BNE,REL8,UNKNOWN,UNKNOWN,NONE,V05C-contexts.csv,SOURCE_PROVED_NOT_YET_ADMITTED
TP07F488,04:B6C5:0:0:0,0x0236C5,1A,INC,ACC,UNKNOWN,1,NONE,V05C-contexts.csv,SOURCE_PROVED_NOT_YET_ADMITTED
TP07F488,04:B6C6:0:0:0,0x0236C6,8D8A07,STA,ABS,UNKNOWN,UNKNOWN|0,DBR:078A,V05C-contexts.csv,SOURCE_PROVED_NOT_YET_ADMITTED
TP07F488,04:B6C9:0:0:0,0x0236C9,8D5807,STA,ABS,UNKNOWN,UNKNOWN|0,DBR:0758,V05C-contexts.csv,SOURCE_PROVED_NOT_YET_ADMITTED
TP07F488,04:B6CC:0:0:0,0x0236CC,98,TYA,IMP,UNKNOWN,UNKNOWN|0,NONE,V05C-contexts.csv,SOURCE_PROVED_NOT_YET_ADMITTED
TP07F488,04:B6CD:0:0:0,0x0236CD,18,CLC,IMP,UNKNOWN,UNKNOWN,NONE,V05C-contexts.csv,SOURCE_PROVED_NOT_YET_ADMITTED
TP07F488,04:B6CE:0:0:0,0x0236CE,690200,ADC,IMM_M,0,UNKNOWN,NONE,V05C-contexts.csv,SOURCE_PROVED_NOT_YET_ADMITTED
TP07F488,04:B6D1:0:0:0,0x0236D1,A8,TAY,IMP,UNKNOWN,UNKNOWN,NONE,V05C-contexts.csv,SOURCE_PROVED_NOT_YET_ADMITTED
TP07F488,04:B6D2:0:0:0,0x0236D2,B758,LDA,DP_IND_LONG_Y,UNKNOWN,UNKNOWN,NONE,V05C-contexts.csv,SOURCE_PROVED_NOT_YET_ADMITTED
TP07F488,04:B6D4:0:0:0,0x0236D4,8D8C07,STA,ABS,UNKNOWN,UNKNOWN,DBR:078C,V05C-contexts.csv,SOURCE_PROVED_NOT_YET_ADMITTED
TP07F488,04:B6D7:0:0:0,0x0236D7,AD8A07,LDA,ABS,UNKNOWN,UNKNOWN,DBR:078A,V05C-contexts.csv,SOURCE_PROVED_NOT_YET_ADMITTED
TP07F488,04:B6DA:0:0:0,0x0236DA,38,SEC,IMP,UNKNOWN,UNKNOWN,NONE,V05C-contexts.csv,SOURCE_PROVED_NOT_YET_ADMITTED
TP07F488,04:B6DB:0:0:0,0x0236DB,ED9E07,SBC,ABS,1,UNKNOWN,DBR:079E,V05C-contexts.csv,SOURCE_PROVED_NOT_YET_ADMITTED
TP07F488,04:B6DE:0:0:0,0x0236DE,8D8A07,STA,ABS,UNKNOWN,UNKNOWN,DBR:078A,V05C-contexts.csv,SOURCE_PROVED_NOT_YET_ADMITTED
TP07F488,04:B6E1:0:0:0,0x0236E1,AD8C07,LDA,ABS,UNKNOWN,UNKNOWN,DBR:078C,V05C-contexts.csv,SOURCE_PROVED_NOT_YET_ADMITTED
TP07F488,04:B6E4:0:0:0,0x0236E4,EDA007,SBC,ABS,UNKNOWN,UNKNOWN,DBR:07A0,V05C-contexts.csv,SOURCE_PROVED_NOT_YET_ADMITTED
TP07F488,04:B6E7:0:0:0,0x0236E7,8D8C07,STA,ABS,UNKNOWN,UNKNOWN,DBR:078C,V05C-contexts.csv,SOURCE_PROVED_NOT_YET_ADMITTED
TP07F488,04:B6EA:0:0:0,0x0236EA,2250BF04,JSL,ABSL_JUMP,UNKNOWN,UNKNOWN,NONE,V05C-contexts.csv,SOURCE_PROVED_NOT_YET_ADMITTED
TP07F488,04:B6EE:0:0:0,0x0236EE,AD9A07,LDA,ABS,UNKNOWN,UNKNOWN,DBR:079A,V05C-contexts.csv,SOURCE_PROVED_NOT_YET_ADMITTED
TP07F488,04:B6F1:0:0:0,0x0236F1,8D8E07,STA,ABS,UNKNOWN,UNKNOWN,DBR:078E,V05C-contexts.csv,SOURCE_PROVED_NOT_YET_ADMITTED
TP07F488,04:B6F4:0:0:0,0x0236F4,AD9C07,LDA,ABS,UNKNOWN,UNKNOWN,DBR:079C,V05C-contexts.csv,SOURCE_PROVED_NOT_YET_ADMITTED
TP07F488,04:B6F7:0:0:0,0x0236F7,8D9007,STA,ABS,UNKNOWN,UNKNOWN,DBR:0790,V05C-contexts.csv,SOURCE_PROVED_NOT_YET_ADMITTED
TP07F488,04:B6FA:0:0:0,0x0236FA,227EF807,JSL,ABSL_JUMP,UNKNOWN,UNKNOWN,NONE,V05C-contexts.csv,SOURCE_PROVED_NOT_YET_ADMITTED
TP07F488,04:B6FE:0:0:0,0x0236FE,AD1704,LDA,ABS,UNKNOWN|0|1,UNKNOWN,DBR:0417,V05C-contexts.csv,SOURCE_PROVED_NOT_YET_ADMITTED
TP07F488,04:B701:0:0:0,0x023701,0A,ASL,ACC,UNKNOWN|0|1,UNKNOWN,NONE,V05C-contexts.csv,SOURCE_PROVED_NOT_YET_ADMITTED
TP07F488,04:B702:0:0:0,0x023702,AA,TAX,IMP,UNKNOWN,UNKNOWN,NONE,V05C-contexts.csv,SOURCE_PROVED_NOT_YET_ADMITTED
TP07F488,04:B703:0:0:0,0x023703,AD8E07,LDA,ABS,UNKNOWN,UNKNOWN,DBR:078E,V05C-contexts.csv,SOURCE_PROVED_NOT_YET_ADMITTED
TP07F488,04:B706:0:0:0,0x023706,C93E00,CMP,IMM_M,UNKNOWN,UNKNOWN,NONE,V05C-contexts.csv,SOURCE_PROVED_NOT_YET_ADMITTED
TP07F488,04:B709:0:0:0,0x023709,9003,BCC,REL8,UNKNOWN,UNKNOWN,NONE,V05C-contexts.csv,SOURCE_PROVED_NOT_YET_ADMITTED
TP07F488,04:B70B:0:0:0,0x02370B,A93E00,LDA,IMM_M,1,UNKNOWN,NONE,V05C-contexts.csv,SOURCE_PROVED_NOT_YET_ADMITTED
TP07F488,04:B70E:0:0:0,0x02370E,9F6E1F00,STA,ABSL_X,0|1,UNKNOWN|0,00:1F6E+X,V05C-contexts.csv,SOURCE_PROVED_NOT_YET_ADMITTED
TP07F488,04:B712:0:0:0,0x023712,EE1704,INC,ABS,0|1,UNKNOWN|0,DBR:0417,V05C-contexts.csv,SOURCE_PROVED_NOT_YET_ADMITTED
TP07F488,04:B715:0:0:0,0x023715,8294FF,BRL,REL16,0|1,UNKNOWN,NONE,V05C-contexts.csv,SOURCE_PROVED_NOT_YET_ADMITTED
TP07F488,04:B718:0:0:0,0x023718,823707,BRL,REL16,1,UNKNOWN,NONE,V05C-contexts.csv,SOURCE_PROVED_NOT_YET_ADMITTED
TP07F488,04:B71B:0:0:0,0x02371B,C90200,CMP,IMM_M,UNKNOWN,0,NONE,V05C-contexts.csv,SOURCE_PROVED_NOT_YET_ADMITTED
TP07F488,04:B71E:0:0:0,0x02371E,F003,BEQ,REL8,UNKNOWN,UNKNOWN,NONE,V05C-contexts.csv,SOURCE_PROVED_NOT_YET_ADMITTED
TP07F488,04:B720:0:0:0,0x023720,823C01,BRL,REL16,UNKNOWN,0,NONE,V05C-contexts.csv,SOURCE_PROVED_NOT_YET_ADMITTED
TP07F488,04:B723:0:0:0,0x023723,9C9A07,STZ,ABS,UNKNOWN,1,DBR:079A,V05C-contexts.csv,SOURCE_PROVED_NOT_YET_ADMITTED
TP07F488,04:B726:0:0:0,0x023726,9C9C07,STZ,ABS,UNKNOWN,1,DBR:079C,V05C-contexts.csv,SOURCE_PROVED_NOT_YET_ADMITTED
TP07F488,04:B729:0:0:0,0x023729,A900E1,LDA,IMM_M,UNKNOWN,1,NONE,V05C-contexts.csv,SOURCE_PROVED_NOT_YET_ADMITTED
TP07F488,04:B72C:0:0:0,0x02372C,8D9E07,STA,ABS,UNKNOWN,0,DBR:079E,V05C-contexts.csv,SOURCE_PROVED_NOT_YET_ADMITTED
TP07F488,04:B72F:0:0:0,0x02372F,A9F505,LDA,IMM_M,UNKNOWN,0,NONE,V05C-contexts.csv,SOURCE_PROVED_NOT_YET_ADMITTED
TP07F488,04:B732:0:0:0,0x023732,8DA007,STA,ABS,UNKNOWN,0,DBR:07A0,V05C-contexts.csv,SOURCE_PROVED_NOT_YET_ADMITTED
TP07F488,04:B735:0:0:0,0x023735,9C1704,STZ,ABS,UNKNOWN,0,DBR:0417,V05C-contexts.csv,SOURCE_PROVED_NOT_YET_ADMITTED
TP07F488,04:B738:0:0:0,0x023738,AD1704,LDA,ABS,UNKNOWN|0|1,UNKNOWN|0,DBR:0417,V05C-contexts.csv,SOURCE_PROVED_NOT_YET_ADMITTED
TP07F488,04:B73B:0:0:0,0x02373B,C90C00,CMP,IMM_M,UNKNOWN|0|1,UNKNOWN,NONE,V05C-contexts.csv,SOURCE_PROVED_NOT_YET_ADMITTED
TP07F488,04:B73E:0:0:0,0x02373E,9003,BCC,REL8,UNKNOWN,UNKNOWN,NONE,V05C-contexts.csv,SOURCE_PROVED_NOT_YET_ADMITTED
TP07F488,04:B740:0:0:0,0x023740,826900,BRL,REL16,1,UNKNOWN,NONE,V05C-contexts.csv,SOURCE_PROVED_NOT_YET_ADMITTED
TP07F488,04:B743:0:0:0,0x023743,AD1704,LDA,ABS,0,UNKNOWN,DBR:0417,V05C-contexts.csv,SOURCE_PROVED_NOT_YET_ADMITTED
TP07F488,04:B746:0:0:0,0x023746,0A,ASL,ACC,0,UNKNOWN,NONE,V05C-contexts.csv,SOURCE_PROVED_NOT_YET_ADMITTED
TP07F488,04:B747:0:0:0,0x023747,0A,ASL,ACC,UNKNOWN,UNKNOWN,NONE,V05C-contexts.csv,SOURCE_PROVED_NOT_YET_ADMITTED
TP07F488,04:B748:0:0:0,0x023748,18,CLC,IMP,UNKNOWN,UNKNOWN,NONE,V05C-contexts.csv,SOURCE_PROVED_NOT_YET_ADMITTED
TP07F488,04:B749:0:0:0,0x023749,693D03,ADC,IMM_M,0,UNKNOWN,NONE,V05C-contexts.csv,SOURCE_PROVED_NOT_YET_ADMITTED
TP07F488,04:B74C:0:0:0,0x02374C,A8,TAY,IMP,UNKNOWN,UNKNOWN,NONE,V05C-contexts.csv,SOURCE_PROVED_NOT_YET_ADMITTED
TP07F488,04:B74D:0:0:0,0x02374D,B75E,LDA,DP_IND_LONG_Y,UNKNOWN,UNKNOWN,NONE,V05C-contexts.csv,SOURCE_PROVED_NOT_YET_ADMITTED
TP07F488,04:B74F:0:0:0,0x02374F,8D8C07,STA,ABS,UNKNOWN,UNKNOWN,DBR:078C,V05C-contexts.csv,SOURCE_PROVED_NOT_YET_ADMITTED
TP07F488,04:B752:0:0:0,0x023752,AD1704,LDA,ABS,UNKNOWN,UNKNOWN,DBR:0417,V05C-contexts.csv,SOURCE_PROVED_NOT_YET_ADMITTED
TP07F488,04:B755:0:0:0,0x023755,0A,ASL,ACC,UNKNOWN,UNKNOWN,NONE,V05C-contexts.csv,SOURCE_PROVED_NOT_YET_ADMITTED
TP07F488,04:B756:0:0:0,0x023756,0A,ASL,ACC,UNKNOWN,UNKNOWN,NONE,V05C-contexts.csv,SOURCE_PROVED_NOT_YET_ADMITTED
TP07F488,04:B757:0:0:0,0x023757,18,CLC,IMP,UNKNOWN,UNKNOWN,NONE,V05C-contexts.csv,SOURCE_PROVED_NOT_YET_ADMITTED
TP07F488,04:B758:0:0:0,0x023758,693B03,ADC,IMM_M,0,UNKNOWN,NONE,V05C-contexts.csv,SOURCE_PROVED_NOT_YET_ADMITTED
TP07F488,04:B75B:0:0:0,0x02375B,A8,TAY,IMP,UNKNOWN,UNKNOWN,NONE,V05C-contexts.csv,SOURCE_PROVED_NOT_YET_ADMITTED
TP07F488,04:B75C:0:0:0,0x02375C,B75E,LDA,DP_IND_LONG_Y,UNKNOWN,UNKNOWN,NONE,V05C-contexts.csv,SOURCE_PROVED_NOT_YET_ADMITTED
TP07F488,04:B75E:0:0:0,0x02375E,D001,BNE,REL8,UNKNOWN,UNKNOWN,NONE,V05C-contexts.csv,SOURCE_PROVED_NOT_YET_ADMITTED
TP07F488,04:B760:0:0:0,0x023760,1A,INC,ACC,UNKNOWN,1,NONE,V05C-contexts.csv,SOURCE_PROVED_NOT_YET_ADMITTED
TP07F488,04:B761:0:0:0,0x023761,8D8A07,STA,ABS,UNKNOWN,UNKNOWN|0,DBR:078A,V05C-contexts.csv,SOURCE_PROVED_NOT_YET_ADMITTED
TP07F488,04:B764:0:0:0,0x023764,AD8C07,LDA,ABS,UNKNOWN,UNKNOWN|0,DBR:078C,V05C-contexts.csv,SOURCE_PROVED_NOT_YET_ADMITTED
TP07F488,04:B767:0:0:0,0x023767,CD9C07,CMP,ABS,UNKNOWN,UNKNOWN,DBR:079C,V05C-contexts.csv,SOURCE_PROVED_NOT_YET_ADMITTED
TP07F488,04:B76A:0:0:0,0x02376A,F002,BEQ,REL8,UNKNOWN,UNKNOWN,NONE,V05C-contexts.csv,SOURCE_PROVED_NOT_YET_ADMITTED
TP07F488,04:B76C:0:0:0,0x02376C,B00D,BCS,REL8,UNKNOWN,0,NONE,V05C-contexts.csv,SOURCE_PROVED_NOT_YET_ADMITTED
TP07F488,04:B76E:0:0:0,0x02376E,AD8A07,LDA,ABS,UNKNOWN|0,0|1,DBR:078A,V05C-contexts.csv,SOURCE_PROVED_NOT_YET_ADMITTED
TP07F488,04:B771:0:0:0,0x023771,CD9A07,CMP,ABS,UNKNOWN|0,UNKNOWN,DBR:079A,V05C-contexts.csv,SOURCE_PROVED_NOT_YET_ADMITTED
TP07F488,04:B774:0:0:0,0x023774,F002,BEQ,REL8,UNKNOWN,UNKNOWN,NONE,V05C-contexts.csv,SOURCE_PROVED_NOT_YET_ADMITTED
TP07F488,04:B776:0:0:0,0x023776,B003,BCS,REL8,UNKNOWN,0,NONE,V05C-contexts.csv,SOURCE_PROVED_NOT_YET_ADMITTED
TP07F488,04:B778:0:0:0,0x023778,820C00,BRL,REL16,UNKNOWN|0,0|1,NONE,V05C-contexts.csv,SOURCE_PROVED_NOT_YET_ADMITTED
TP07F488,04:B77B:0:0:0,0x02377B,AD8A07,LDA,ABS,1,0,DBR:078A,V05C-contexts.csv,SOURCE_PROVED_NOT_YET_ADMITTED
TP07F488,04:B77E:0:0:0,0x02377E,8D9A07,STA,ABS,1,UNKNOWN,DBR:079A,V05C-contexts.csv,SOURCE_PROVED_NOT_YET_ADMITTED
TP07F488,04:B781:0:0:0,0x023781,AD8C07,LDA,ABS,1,UNKNOWN,DBR:078C,V05C-contexts.csv,SOURCE_PROVED_NOT_YET_ADMITTED
TP07F488,04:B784:0:0:0,0x023784,8D9C07,STA,ABS,1,UNKNOWN,DBR:079C,V05C-contexts.csv,SOURCE_PROVED_NOT_YET_ADMITTED
TP07F488,04:B787:0:0:0,0x023787,AD8C07,LDA,ABS,UNKNOWN|0|1,UNKNOWN|0|1,DBR:078C,V05C-contexts.csv,SOURCE_PROVED_NOT_YET_ADMITTED
TP07F488,04:B78A:0:0:0,0x02378A,CDA007,CMP,ABS,UNKNOWN|0|1,UNKNOWN,DBR:07A0,V05C-contexts.csv,SOURCE_PROVED_NOT_YET_ADMITTED
TP07F488,04:B78D:0:0:0,0x02378D,900B,BCC,REL8,UNKNOWN,UNKNOWN,NONE,V05C-contexts.csv,SOURCE_PROVED_NOT_YET_ADMITTED
TP07F488,04:B78F:0:0:0,0x02378F,AD8A07,LDA,ABS,1,UNKNOWN,DBR:078A,V05C-contexts.csv,SOURCE_PROVED_NOT_YET_ADMITTED
TP07F488,04:B792:0:0:0,0x023792,CD9E07,CMP,ABS,1,UNKNOWN,DBR:079E,V05C-contexts.csv,SOURCE_PROVED_NOT_YET_ADMITTED
TP07F488,04:B795:0:0:0,0x023795,9003,BCC,REL8,UNKNOWN,UNKNOWN,NONE,V05C-contexts.csv,SOURCE_PROVED_NOT_YET_ADMITTED
TP07F488,04:B797:0:0:0,0x023797,820C00,BRL,REL16,1,UNKNOWN,NONE,V05C-contexts.csv,SOURCE_PROVED_NOT_YET_ADMITTED
TP07F488,04:B79A:0:0:0,0x02379A,AD8A07,LDA,ABS,0,UNKNOWN,DBR:078A,V05C-contexts.csv,SOURCE_PROVED_NOT_YET_ADMITTED
TP07F488,04:B79D:0:0:0,0x02379D,8D9E07,STA,ABS,0,UNKNOWN,DBR:079E,V05C-contexts.csv,SOURCE_PROVED_NOT_YET_ADMITTED
TP07F488,04:B7A0:0:0:0,0x0237A0,AD8C07,LDA,ABS,0,UNKNOWN,DBR:078C,V05C-contexts.csv,SOURCE_PROVED_NOT_YET_ADMITTED
TP07F488,04:B7A3:0:0:0,0x0237A3,8DA007,STA,ABS,0,UNKNOWN,DBR:07A0,V05C-contexts.csv,SOURCE_PROVED_NOT_YET_ADMITTED
TP07F488,04:B7A6:0:0:0,0x0237A6,EE1704,INC,ABS,0|1,UNKNOWN,DBR:0417,V05C-contexts.csv,SOURCE_PROVED_NOT_YET_ADMITTED
TP07F488,04:B7A9:0:0:0,0x0237A9,828CFF,BRL,REL16,0|1,UNKNOWN,NONE,V05C-contexts.csv,SOURCE_PROVED_NOT_YET_ADMITTED
TP07F488,04:B7AC:0:0:0,0x0237AC,AD9C07,LDA,ABS,1,UNKNOWN,DBR:079C,V05C-contexts.csv,SOURCE_PROVED_NOT_YET_ADMITTED
TP07F488,04:B7AF:0:0:0,0x0237AF,CDA007,CMP,ABS,1,UNKNOWN,DBR:07A0,V05C-contexts.csv,SOURCE_PROVED_NOT_YET_ADMITTED
TP07F488,04:B7B2:0:0:0,0x0237B2,D014,BNE,REL8,UNKNOWN,UNKNOWN,NONE,V05C-contexts.csv,SOURCE_PROVED_NOT_YET_ADMITTED
TP07F488,04:B7B4:0:0:0,0x0237B4,AD9A07,LDA,ABS,UNKNOWN,1,DBR:079A,V05C-contexts.csv,SOURCE_PROVED_NOT_YET_ADMITTED
TP07F488,04:B7B7:0:0:0,0x0237B7,CD9E07,CMP,ABS,UNKNOWN,UNKNOWN,DBR:079E,V05C-contexts.csv,SOURCE_PROVED_NOT_YET_ADMITTED
TP07F488,04:B7BA:0:0:0,0x0237BA,D00C,BNE,REL8,UNKNOWN,UNKNOWN,NONE,V05C-contexts.csv,SOURCE_PROVED_NOT_YET_ADMITTED
TP07F488,04:B7BC:0:0:0,0x0237BC,9C9E07,STZ,ABS,UNKNOWN,1,DBR:079E,V05C-contexts.csv,SOURCE_PROVED_NOT_YET_ADMITTED
TP07F488,04:B7BF:0:0:0,0x0237BF,9CA007,STZ,ABS,UNKNOWN,1,DBR:07A0,V05C-contexts.csv,SOURCE_PROVED_NOT_YET_ADMITTED
TP07F488,04:B7C2:0:0:0,0x0237C2,0E9A07,ASL,ABS,UNKNOWN,1,DBR:079A,V05C-contexts.csv,SOURCE_PROVED_NOT_YET_ADMITTED
TP07F488,04:B7C5:0:0:0,0x0237C5,2E9C07,ROL,ABS,UNKNOWN,UNKNOWN,DBR:079C,V05C-contexts.csv,SOURCE_PROVED_NOT_YET_ADMITTED
TP07F488,04:B7C8:0:0:0,0x0237C8,AD9A07,LDA,ABS,UNKNOWN,UNKNOWN|0,DBR:079A,V05C-contexts.csv,SOURCE_PROVED_NOT_YET_ADMITTED
TP07F488,04:B7CB:0:0:0,0x0237CB,38,SEC,IMP,UNKNOWN,UNKNOWN,NONE,V05C-contexts.csv,SOURCE_PROVED_NOT_YET_ADMITTED
TP07F488,04:B7CC:0:0:0,0x0237CC,ED9E07,SBC,ABS,1,UNKNOWN,DBR:079E,V05C-contexts.csv,SOURCE_PROVED_NOT_YET_ADMITTED
TP07F488,04:B7CF:0:0:0,0x0237CF,8D8A07,STA,ABS,UNKNOWN,UNKNOWN,DBR:078A,V05C-contexts.csv,SOURCE_PROVED_NOT_YET_ADMITTED
TP07F488,04:B7D2:0:0:0,0x0237D2,AD9C07,LDA,ABS,UNKNOWN,UNKNOWN,DBR:079C,V05C-contexts.csv,SOURCE_PROVED_NOT_YET_ADMITTED
TP07F488,04:B7D5:0:0:0,0x0237D5,EDA007,SBC,ABS,UNKNOWN,UNKNOWN,DBR:07A0,V05C-contexts.csv,SOURCE_PROVED_NOT_YET_ADMITTED
TP07F488,04:B7D8:0:0:0,0x0237D8,8D8C07,STA,ABS,UNKNOWN,UNKNOWN,DBR:078C,V05C-contexts.csv,SOURCE_PROVED_NOT_YET_ADMITTED
TP07F488,04:B7DB:0:0:0,0x0237DB,D008,BNE,REL8,UNKNOWN,UNKNOWN,NONE,V05C-contexts.csv,SOURCE_PROVED_NOT_YET_ADMITTED
TP07F488,04:B7DD:0:0:0,0x0237DD,AD8A07,LDA,ABS,UNKNOWN,1,DBR:078A,V05C-contexts.csv,SOURCE_PROVED_NOT_YET_ADMITTED
TP07F488,04:B7E0:0:0:0,0x0237E0,D003,BNE,REL8,UNKNOWN,UNKNOWN,NONE,V05C-contexts.csv,SOURCE_PROVED_NOT_YET_ADMITTED
TP07F488,04:B7E2:0:0:0,0x0237E2,EE8A07,INC,ABS,UNKNOWN,1,DBR:078A,V05C-contexts.csv,SOURCE_PROVED_NOT_YET_ADMITTED
TP07F488,04:B7E5:0:0:0,0x0237E5,AD8A07,LDA,ABS,UNKNOWN,UNKNOWN|0,DBR:078A,V05C-contexts.csv,SOURCE_PROVED_NOT_YET_ADMITTED
TP07F488,04:B7E8:0:0:0,0x0237E8,8D9A07,STA,ABS,UNKNOWN,UNKNOWN,DBR:079A,V05C-contexts.csv,SOURCE_PROVED_NOT_YET_ADMITTED
TP07F488,04:B7EB:0:0:0,0x0237EB,AD8C07,LDA,ABS,UNKNOWN,UNKNOWN,DBR:078C,V05C-contexts.csv,SOURCE_PROVED_NOT_YET_ADMITTED
TP07F488,04:B7EE:0:0:0,0x0237EE,8D9C07,STA,ABS,UNKNOWN,UNKNOWN,DBR:079C,V05C-contexts.csv,SOURCE_PROVED_NOT_YET_ADMITTED
TP07F488,04:B7F1:0:0:0,0x0237F1,9C1704,STZ,ABS,UNKNOWN,UNKNOWN,DBR:0417,V05C-contexts.csv,SOURCE_PROVED_NOT_YET_ADMITTED
TP07F488,04:B7F4:0:0:0,0x0237F4,AD1704,LDA,ABS,UNKNOWN|0|1,UNKNOWN,DBR:0417,V05C-contexts.csv,SOURCE_PROVED_NOT_YET_ADMITTED
TP07F488,04:B7F7:0:0:0,0x0237F7,C90C00,CMP,IMM_M,UNKNOWN|0|1,UNKNOWN,NONE,V05C-contexts.csv,SOURCE_PROVED_NOT_YET_ADMITTED
TP07F488,04:B7FA:0:0:0,0x0237FA,9003,BCC,REL8,UNKNOWN,UNKNOWN,NONE,V05C-contexts.csv,SOURCE_PROVED_NOT_YET_ADMITTED
TP07F488,04:B7FC:0:0:0,0x0237FC,825D00,BRL,REL16,1,UNKNOWN,NONE,V05C-contexts.csv,SOURCE_PROVED_NOT_YET_ADMITTED
TP07F488,04:B7FF:0:0:0,0x0237FF,AD1704,LDA,ABS,0,UNKNOWN,DBR:0417,V05C-contexts.csv,SOURCE_PROVED_NOT_YET_ADMITTED
TP07F488,04:B802:0:0:0,0x023802,0A,ASL,ACC,0,UNKNOWN,NONE,V05C-contexts.csv,SOURCE_PROVED_NOT_YET_ADMITTED
TP07F488,04:B803:0:0:0,0x023803,0A,ASL,ACC,UNKNOWN,UNKNOWN,NONE,V05C-contexts.csv,SOURCE_PROVED_NOT_YET_ADMITTED
TP07F488,04:B804:0:0:0,0x023804,18,CLC,IMP,UNKNOWN,UNKNOWN,NONE,V05C-contexts.csv,SOURCE_PROVED_NOT_YET_ADMITTED
TP07F488,04:B805:0:0:0,0x023805,693B03,ADC,IMM_M,0,UNKNOWN,NONE,V05C-contexts.csv,SOURCE_PROVED_NOT_YET_ADMITTED
TP07F488,04:B808:0:0:0,0x023808,A8,TAY,IMP,UNKNOWN,UNKNOWN,NONE,V05C-contexts.csv,SOURCE_PROVED_NOT_YET_ADMITTED
TP07F488,04:B809:0:0:0,0x023809,B75E,LDA,DP_IND_LONG_Y,UNKNOWN,UNKNOWN,NONE,V05C-contexts.csv,SOURCE_PROVED_NOT_YET_ADMITTED
TP07F488,04:B80B:0:0:0,0x02380B,D001,BNE,REL8,UNKNOWN,UNKNOWN,NONE,V05C-contexts.csv,SOURCE_PROVED_NOT_YET_ADMITTED
TP07F488,04:B80D:0:0:0,0x02380D,1A,INC,ACC,UNKNOWN,1,NONE,V05C-contexts.csv,SOURCE_PROVED_NOT_YET_ADMITTED
TP07F488,04:B80E:0:0:0,0x02380E,8D8A07,STA,ABS,UNKNOWN,UNKNOWN|0,DBR:078A,V05C-contexts.csv,SOURCE_PROVED_NOT_YET_ADMITTED
TP07F488,04:B811:0:0:0,0x023811,98,TYA,IMP,UNKNOWN,UNKNOWN|0,NONE,V05C-contexts.csv,SOURCE_PROVED_NOT_YET_ADMITTED
TP07F488,04:B812:0:0:0,0x023812,690200,ADC,IMM_M,UNKNOWN,UNKNOWN,NONE,V05C-contexts.csv,SOURCE_PROVED_NOT_YET_ADMITTED
TP07F488,04:B815:0:0:0,0x023815,A8,TAY,IMP,UNKNOWN,UNKNOWN,NONE,V05C-contexts.csv,SOURCE_PROVED_NOT_YET_ADMITTED
TP07F488,04:B816:0:0:0,0x023816,B75E,LDA,DP_IND_LONG_Y,UNKNOWN,UNKNOWN,NONE,V05C-contexts.csv,SOURCE_PROVED_NOT_YET_ADMITTED
TP07F488,04:B818:0:0:0,0x023818,8D8C07,STA,ABS,UNKNOWN,UNKNOWN,DBR:078C,V05C-contexts.csv,SOURCE_PROVED_NOT_YET_ADMITTED
TP07F488,04:B81B:0:0:0,0x02381B,AD8A07,LDA,ABS,UNKNOWN,UNKNOWN,DBR:078A,V05C-contexts.csv,SOURCE_PROVED_NOT_YET_ADMITTED
TP07F488,04:B81E:0:0:0,0x02381E,38,SEC,IMP,UNKNOWN,UNKNOWN,NONE,V05C-contexts.csv,SOURCE_PROVED_NOT_YET_ADMITTED
TP07F488,04:B81F:0:0:0,0x02381F,ED9E07,SBC,ABS,1,UNKNOWN,DBR:079E,V05C-contexts.csv,SOURCE_PROVED_NOT_YET_ADMITTED
TP07F488,04:B822:0:0:0,0x023822,8D8A07,STA,ABS,UNKNOWN,UNKNOWN,DBR:078A,V05C-contexts.csv,SOURCE_PROVED_NOT_YET_ADMITTED
TP07F488,04:B825:0:0:0,0x023825,AD8C07,LDA,ABS,UNKNOWN,UNKNOWN,DBR:078C,V05C-contexts.csv,SOURCE_PROVED_NOT_YET_ADMITTED
TP07F488,04:B828:0:0:0,0x023828,EDA007,SBC,ABS,UNKNOWN,UNKNOWN,DBR:07A0,V05C-contexts.csv,SOURCE_PROVED_NOT_YET_ADMITTED
TP07F488,04:B82B:0:0:0,0x02382B,8D8C07,STA,ABS,UNKNOWN,UNKNOWN,DBR:078C,V05C-contexts.csv,SOURCE_PROVED_NOT_YET_ADMITTED
TP07F488,04:B82E:0:0:0,0x02382E,2250BF04,JSL,ABSL_JUMP,UNKNOWN,UNKNOWN,NONE,V05C-contexts.csv,SOURCE_PROVED_NOT_YET_ADMITTED
TP07F488,04:B832:0:0:0,0x023832,AD9A07,LDA,ABS,UNKNOWN,UNKNOWN,DBR:079A,V05C-contexts.csv,SOURCE_PROVED_NOT_YET_ADMITTED
TP07F488,04:B835:0:0:0,0x023835,8D8E07,STA,ABS,UNKNOWN,UNKNOWN,DBR:078E,V05C-contexts.csv,SOURCE_PROVED_NOT_YET_ADMITTED
TP07F488,04:B838:0:0:0,0x023838,AD9C07,LDA,ABS,UNKNOWN,UNKNOWN,DBR:079C,V05C-contexts.csv,SOURCE_PROVED_NOT_YET_ADMITTED
TP07F488,04:B83B:0:0:0,0x02383B,8D9007,STA,ABS,UNKNOWN,UNKNOWN,DBR:0790,V05C-contexts.csv,SOURCE_PROVED_NOT_YET_ADMITTED
TP07F488,04:B83E:0:0:0,0x02383E,227EF807,JSL,ABSL_JUMP,UNKNOWN,UNKNOWN,NONE,V05C-contexts.csv,SOURCE_PROVED_NOT_YET_ADMITTED
TP07F488,04:B842:0:0:0,0x023842,AD1704,LDA,ABS,UNKNOWN|0|1,UNKNOWN,DBR:0417,V05C-contexts.csv,SOURCE_PROVED_NOT_YET_ADMITTED
TP07F488,04:B845:0:0:0,0x023845,0A,ASL,ACC,UNKNOWN|0|1,UNKNOWN,NONE,V05C-contexts.csv,SOURCE_PROVED_NOT_YET_ADMITTED
TP07F488,04:B846:0:0:0,0x023846,AA,TAX,IMP,UNKNOWN,UNKNOWN,NONE,V05C-contexts.csv,SOURCE_PROVED_NOT_YET_ADMITTED
TP07F488,04:B847:0:0:0,0x023847,AD8E07,LDA,ABS,UNKNOWN,UNKNOWN,DBR:078E,V05C-contexts.csv,SOURCE_PROVED_NOT_YET_ADMITTED
TP07F488,04:B84A:0:0:0,0x02384A,C93E00,CMP,IMM_M,UNKNOWN,UNKNOWN,NONE,V05C-contexts.csv,SOURCE_PROVED_NOT_YET_ADMITTED
TP07F488,04:B84D:0:0:0,0x02384D,9003,BCC,REL8,UNKNOWN,UNKNOWN,NONE,V05C-contexts.csv,SOURCE_PROVED_NOT_YET_ADMITTED
TP07F488,04:B84F:0:0:0,0x02384F,A93E00,LDA,IMM_M,1,UNKNOWN,NONE,V05C-contexts.csv,SOURCE_PROVED_NOT_YET_ADMITTED
TP07F488,04:B852:0:0:0,0x023852,9F6E1F00,STA,ABSL_X,0|1,UNKNOWN|0,00:1F6E+X,V05C-contexts.csv,SOURCE_PROVED_NOT_YET_ADMITTED
TP07F488,04:B856:0:0:0,0x023856,EE1704,INC,ABS,0|1,UNKNOWN|0,DBR:0417,V05C-contexts.csv,SOURCE_PROVED_NOT_YET_ADMITTED
TP07F488,04:B859:0:0:0,0x023859,8298FF,BRL,REL16,0|1,UNKNOWN,NONE,V05C-contexts.csv,SOURCE_PROVED_NOT_YET_ADMITTED
TP07F488,04:B85C:0:0:0,0x02385C,82F305,BRL,REL16,1,UNKNOWN,NONE,V05C-contexts.csv,SOURCE_PROVED_NOT_YET_ADMITTED
TP07F488,04:B85F:0:0:0,0x02385F,C90300,CMP,IMM_M,UNKNOWN,0,NONE,V05C-contexts.csv,SOURCE_PROVED_NOT_YET_ADMITTED
TP07F488,04:B862:0:0:0,0x023862,F003,BEQ,REL8,UNKNOWN,UNKNOWN,NONE,V05C-contexts.csv,SOURCE_PROVED_NOT_YET_ADMITTED
TP07F488,04:B864:0:0:0,0x023864,82DE00,BRL,REL16,UNKNOWN,0,NONE,V05C-contexts.csv,SOURCE_PROVED_NOT_YET_ADMITTED
TP07F488,04:B867:0:0:0,0x023867,9C9A07,STZ,ABS,UNKNOWN,1,DBR:079A,V05C-contexts.csv,SOURCE_PROVED_NOT_YET_ADMITTED
TP07F488,04:B86A:0:0:0,0x02386A,A9F401,LDA,IMM_M,UNKNOWN,1,NONE,V05C-contexts.csv,SOURCE_PROVED_NOT_YET_ADMITTED
TP07F488,04:B86D:0:0:0,0x02386D,8D9E07,STA,ABS,UNKNOWN,0,DBR:079E,V05C-contexts.csv,SOURCE_PROVED_NOT_YET_ADMITTED
TP07F488,04:B870:0:0:0,0x023870,9C9C07,STZ,ABS,UNKNOWN,0,DBR:079C,V05C-contexts.csv,SOURCE_PROVED_NOT_YET_ADMITTED
TP07F488,04:B873:0:0:0,0x023873,9CA007,STZ,ABS,UNKNOWN,0,DBR:07A0,V05C-contexts.csv,SOURCE_PROVED_NOT_YET_ADMITTED
TP07F488,04:B876:0:0:0,0x023876,9C8A07,STZ,ABS,UNKNOWN,0,DBR:078A,V05C-contexts.csv,SOURCE_PROVED_NOT_YET_ADMITTED
TP07F488,04:B879:0:0:0,0x023879,9C8C07,STZ,ABS,UNKNOWN,0,DBR:078C,V05C-contexts.csv,SOURCE_PROVED_NOT_YET_ADMITTED
TP07F488,04:B87C:0:0:0,0x02387C,9C8E07,STZ,ABS,UNKNOWN,0,DBR:078E,V05C-contexts.csv,SOURCE_PROVED_NOT_YET_ADMITTED
TP07F488,04:B87F:0:0:0,0x02387F,9C9007,STZ,ABS,UNKNOWN,0,DBR:0790,V05C-contexts.csv,SOURCE_PROVED_NOT_YET_ADMITTED
TP07F488,04:B882:0:0:0,0x023882,9C1704,STZ,ABS,UNKNOWN,0,DBR:0417,V05C-contexts.csv,SOURCE_PROVED_NOT_YET_ADMITTED
TP07F488,04:B885:0:0:0,0x023885,C230,REP,IMM8,UNKNOWN|0|1,UNKNOWN|0,NONE,V05C-contexts.csv,SOURCE_PROVED_NOT_YET_ADMITTED
TP07F488,04:B887:0:0:0,0x023887,AD1704,LDA,ABS,UNKNOWN|0|1,UNKNOWN|0,DBR:0417,V05C-contexts.csv,SOURCE_PROVED_NOT_YET_ADMITTED
TP07F488,04:B88A:0:0:0,0x02388A,C90C00,CMP,IMM_M,UNKNOWN|0|1,UNKNOWN,NONE,V05C-contexts.csv,SOURCE_PROVED_NOT_YET_ADMITTED
TP07F488,04:B88D:0:0:0,0x02388D,9003,BCC,REL8,UNKNOWN,UNKNOWN,NONE,V05C-contexts.csv,SOURCE_PROVED_NOT_YET_ADMITTED
TP07F488,04:B88F:0:0:0,0x02388F,823D00,BRL,REL16,1,UNKNOWN,NONE,V05C-contexts.csv,SOURCE_PROVED_NOT_YET_ADMITTED
TP07F488,04:B892:0:0:0,0x023892,C230,REP,IMM8,0,UNKNOWN,NONE,V05C-contexts.csv,SOURCE_PROVED_NOT_YET_ADMITTED
TP07F488,04:B894:0:0:0,0x023894,AD1704,LDA,ABS,0,UNKNOWN,DBR:0417,V05C-contexts.csv,SOURCE_PROVED_NOT_YET_ADMITTED
TP07F488,04:B897:0:0:0,0x023897,18,CLC,IMP,0,UNKNOWN,NONE,V05C-contexts.csv,SOURCE_PROVED_NOT_YET_ADMITTED
TP07F488,04:B898:0:0:0,0x023898,696704,ADC,IMM_M,0,UNKNOWN,NONE,V05C-contexts.csv,SOURCE_PROVED_NOT_YET_ADMITTED
TP07F488,04:B89B:0:0:0,0x02389B,A8,TAY,IMP,UNKNOWN,UNKNOWN,NONE,V05C-contexts.csv,SOURCE_PROVED_NOT_YET_ADMITTED
TP07F488,04:B89C:0:0:0,0x02389C,B75E,LDA,DP_IND_LONG_Y,UNKNOWN,UNKNOWN,NONE,V05C-contexts.csv,SOURCE_PROVED_NOT_YET_ADMITTED
TP07F488,04:B89E:0:0:0,0x02389E,1A,INC,ACC,UNKNOWN,UNKNOWN,NONE,V05C-contexts.csv,SOURCE_PROVED_NOT_YET_ADMITTED
TP07F488,04:B89F:0:0:0,0x02389F,29FF00,AND,IMM_M,UNKNOWN,UNKNOWN,NONE,V05C-contexts.csv,SOURCE_PROVED_NOT_YET_ADMITTED
TP07F488,04:B8A2:0:0:0,0x0238A2,8D8A07,STA,ABS,UNKNOWN,UNKNOWN,DBR:078A,V05C-contexts.csv,SOURCE_PROVED_NOT_YET_ADMITTED
TP07F488,04:B8A5:0:0:0,0x0238A5,AD8A07,LDA,ABS,UNKNOWN,UNKNOWN,DBR:078A,V05C-contexts.csv,SOURCE_PROVED_NOT_YET_ADMITTED
TP07F488,04:B8A8:0:0:0,0x0238A8,CD9A07,CMP,ABS,UNKNOWN,UNKNOWN,DBR:079A,V05C-contexts.csv,SOURCE_PROVED_NOT_YET_ADMITTED
TP07F488,04:B8AB:0:0:0,0x0238AB,F002,BEQ,REL8,UNKNOWN,UNKNOWN,NONE,V05C-contexts.csv,SOURCE_PROVED_NOT_YET_ADMITTED
TP07F488,04:B8AD:0:0:0,0x0238AD,B003,BCS,REL8,UNKNOWN,0,NONE,V05C-contexts.csv,SOURCE_PROVED_NOT_YET_ADMITTED
TP07F488,04:B8AF:0:0:0,0x0238AF,820600,BRL,REL16,UNKNOWN|0,0|1,NONE,V05C-contexts.csv,SOURCE_PROVED_NOT_YET_ADMITTED
TP07F488,04:B8B2:0:0:0,0x0238B2,AD8A07,LDA,ABS,1,0,DBR:078A,V05C-contexts.csv,SOURCE_PROVED_NOT_YET_ADMITTED
TP07F488,04:B8B5:0:0:0,0x0238B5,8D9A07,STA,ABS,1,UNKNOWN,DBR:079A,V05C-contexts.csv,SOURCE_PROVED_NOT_YET_ADMITTED
TP07F488,04:B8B8:0:0:0,0x0238B8,AD8A07,LDA,ABS,UNKNOWN|0|1,UNKNOWN|0|1,DBR:078A,V05C-contexts.csv,SOURCE_PROVED_NOT_YET_ADMITTED
TP07F488,04:B8BB:0:0:0,0x0238BB,CD9E07,CMP,ABS,UNKNOWN|0|1,UNKNOWN,DBR:079E,V05C-contexts.csv,SOURCE_PROVED_NOT_YET_ADMITTED
TP07F488,04:B8BE:0:0:0,0x0238BE,9003,BCC,REL8,UNKNOWN,UNKNOWN,NONE,V05C-contexts.csv,SOURCE_PROVED_NOT_YET_ADMITTED
TP07F488,04:B8C0:0:0:0,0x0238C0,820600,BRL,REL16,1,UNKNOWN,NONE,V05C-contexts.csv,SOURCE_PROVED_NOT_YET_ADMITTED
TP07F488,04:B8C3:0:0:0,0x0238C3,AD8A07,LDA,ABS,0,UNKNOWN,DBR:078A,V05C-contexts.csv,SOURCE_PROVED_NOT_YET_ADMITTED
TP07F488,04:B8C6:0:0:0,0x0238C6,8D9E07,STA,ABS,0,UNKNOWN,DBR:079E,V05C-contexts.csv,SOURCE_PROVED_NOT_YET_ADMITTED
TP07F488,04:B8C9:0:0:0,0x0238C9,EE1704,INC,ABS,0|1,UNKNOWN,DBR:0417,V05C-contexts.csv,SOURCE_PROVED_NOT_YET_ADMITTED
TP07F488,04:B8CC:0:0:0,0x0238CC,82B6FF,BRL,REL16,0|1,UNKNOWN,NONE,V05C-contexts.csv,SOURCE_PROVED_NOT_YET_ADMITTED
TP07F488,04:B8CF:0:0:0,0x0238CF,AD9A07,LDA,ABS,1,UNKNOWN,DBR:079A,V05C-contexts.csv,SOURCE_PROVED_NOT_YET_ADMITTED
TP07F488,04:B8D2:0:0:0,0x0238D2,CD9E07,CMP,ABS,1,UNKNOWN,DBR:079E,V05C-contexts.csv,SOURCE_PROVED_NOT_YET_ADMITTED
TP07F488,04:B8D5:0:0:0,0x0238D5,D006,BNE,REL8,UNKNOWN,UNKNOWN,NONE,V05C-contexts.csv,SOURCE_PROVED_NOT_YET_ADMITTED
TP07F488,04:B8D7:0:0:0,0x0238D7,0E9A07,ASL,ABS,UNKNOWN,1,DBR:079A,V05C-contexts.csv,SOURCE_PROVED_NOT_YET_ADMITTED
TP07F488,04:B8DA:0:0:0,0x0238DA,9C9E07,STZ,ABS,UNKNOWN,UNKNOWN,DBR:079E,V05C-contexts.csv,SOURCE_PROVED_NOT_YET_ADMITTED
TP07F488,04:B8DD:0:0:0,0x0238DD,AD9A07,LDA,ABS,UNKNOWN,UNKNOWN|0,DBR:079A,V05C-contexts.csv,SOURCE_PROVED_NOT_YET_ADMITTED
TP07F488,04:B8E0:0:0:0,0x0238E0,38,SEC,IMP,UNKNOWN,UNKNOWN,NONE,V05C-contexts.csv,SOURCE_PROVED_NOT_YET_ADMITTED
TP07F488,04:B8E1:0:0:0,0x0238E1,ED9E07,SBC,ABS,1,UNKNOWN,DBR:079E,V05C-contexts.csv,SOURCE_PROVED_NOT_YET_ADMITTED
TP07F488,04:B8E4:0:0:0,0x0238E4,8D9A07,STA,ABS,UNKNOWN,UNKNOWN,DBR:079A,V05C-contexts.csv,SOURCE_PROVED_NOT_YET_ADMITTED
TP07F488,04:B8E7:0:0:0,0x0238E7,D006,BNE,REL8,UNKNOWN,UNKNOWN,NONE,V05C-contexts.csv,SOURCE_PROVED_NOT_YET_ADMITTED
TP07F488,04:B8E9:0:0:0,0x0238E9,A90100,LDA,IMM_M,UNKNOWN,1,NONE,V05C-contexts.csv,SOURCE_PROVED_NOT_YET_ADMITTED
TP07F488,04:B8EC:0:0:0,0x0238EC,8D9A07,STA,ABS,UNKNOWN,0,DBR:079A,V05C-contexts.csv,SOURCE_PROVED_NOT_YET_ADMITTED
TP07F488,04:B8EF:0:0:0,0x0238EF,9C1704,STZ,ABS,UNKNOWN,0,DBR:0417,V05C-contexts.csv,SOURCE_PROVED_NOT_YET_ADMITTED
TP07F488,04:B8F2:0:0:0,0x0238F2,AD1704,LDA,ABS,UNKNOWN|0|1,UNKNOWN|0,DBR:0417,V05C-contexts.csv,SOURCE_PROVED_NOT_YET_ADMITTED
TP07F488,04:B8F5:0:0:0,0x0238F5,C90C00,CMP,IMM_M,UNKNOWN|0|1,UNKNOWN,NONE,V05C-contexts.csv,SOURCE_PROVED_NOT_YET_ADMITTED
TP07F488,04:B8F8:0:0:0,0x0238F8,9003,BCC,REL8,UNKNOWN,UNKNOWN,NONE,V05C-contexts.csv,SOURCE_PROVED_NOT_YET_ADMITTED
TP07F488,04:B8FA:0:0:0,0x0238FA,824500,BRL,REL16,1,UNKNOWN,NONE,V05C-contexts.csv,SOURCE_PROVED_NOT_YET_ADMITTED
TP07F488,04:B8FD:0:0:0,0x0238FD,AD1704,LDA,ABS,0,UNKNOWN,DBR:0417,V05C-contexts.csv,SOURCE_PROVED_NOT_YET_ADMITTED
TP07F488,04:B900:0:0:0,0x023900,18,CLC,IMP,0,UNKNOWN,NONE,V05C-contexts.csv,SOURCE_PROVED_NOT_YET_ADMITTED
TP07F488,04:B901:0:0:0,0x023901,696704,ADC,IMM_M,0,UNKNOWN,NONE,V05C-contexts.csv,SOURCE_PROVED_NOT_YET_ADMITTED
TP07F488,04:B904:0:0:0,0x023904,A8,TAY,IMP,UNKNOWN,UNKNOWN,NONE,V05C-contexts.csv,SOURCE_PROVED_NOT_YET_ADMITTED
TP07F488,04:B905:0:0:0,0x023905,B75E,LDA,DP_IND_LONG_Y,UNKNOWN,UNKNOWN,NONE,V05C-contexts.csv,SOURCE_PROVED_NOT_YET_ADMITTED
TP07F488,04:B907:0:0:0,0x023907,1A,INC,ACC,UNKNOWN,UNKNOWN,NONE,V05C-contexts.csv,SOURCE_PROVED_NOT_YET_ADMITTED
TP07F488,04:B908:0:0:0,0x023908,29FF00,AND,IMM_M,UNKNOWN,UNKNOWN,NONE,V05C-contexts.csv,SOURCE_PROVED_NOT_YET_ADMITTED
TP07F488,04:B90B:0:0:0,0x02390B,38,SEC,IMP,UNKNOWN,UNKNOWN,NONE,V05C-contexts.csv,SOURCE_PROVED_NOT_YET_ADMITTED
TP07F488,04:B90C:0:0:0,0x02390C,ED9E07,SBC,ABS,1,UNKNOWN,DBR:079E,V05C-contexts.csv,SOURCE_PROVED_NOT_YET_ADMITTED
TP07F488,04:B90F:0:0:0,0x02390F,0A,ASL,ACC,UNKNOWN,UNKNOWN,NONE,V05C-contexts.csv,SOURCE_PROVED_NOT_YET_ADMITTED
TP07F488,04:B910:0:0:0,0x023910,0A,ASL,ACC,UNKNOWN,UNKNOWN,NONE,V05C-contexts.csv,SOURCE_PROVED_NOT_YET_ADMITTED
TP07F488,04:B911:0:0:0,0x023911,0A,ASL,ACC,UNKNOWN,UNKNOWN,NONE,V05C-contexts.csv,SOURCE_PROVED_NOT_YET_ADMITTED
TP07F488,04:B912:0:0:0,0x023912,0A,ASL,ACC,UNKNOWN,UNKNOWN,NONE,V05C-contexts.csv,SOURCE_PROVED_NOT_YET_ADMITTED
TP07F488,04:B913:0:0:0,0x023913,0A,ASL,ACC,UNKNOWN,UNKNOWN,NONE,V05C-contexts.csv,SOURCE_PROVED_NOT_YET_ADMITTED
TP07F488,04:B914:0:0:0,0x023914,0A,ASL,ACC,UNKNOWN,UNKNOWN,NONE,V05C-contexts.csv,SOURCE_PROVED_NOT_YET_ADMITTED
TP07F488,04:B915:0:0:0,0x023915,8D8A07,STA,ABS,UNKNOWN,UNKNOWN,DBR:078A,V05C-contexts.csv,SOURCE_PROVED_NOT_YET_ADMITTED
TP07F488,04:B918:0:0:0,0x023918,9C8C07,STZ,ABS,UNKNOWN,UNKNOWN,DBR:078C,V05C-contexts.csv,SOURCE_PROVED_NOT_YET_ADMITTED
TP07F488,04:B91B:0:0:0,0x02391B,9C9007,STZ,ABS,UNKNOWN,UNKNOWN,DBR:0790,V05C-contexts.csv,SOURCE_PROVED_NOT_YET_ADMITTED
TP07F488,04:B91E:0:0:0,0x02391E,AD9A07,LDA,ABS,UNKNOWN,UNKNOWN,DBR:079A,V05C-contexts.csv,SOURCE_PROVED_NOT_YET_ADMITTED
TP07F488,04:B921:0:0:0,0x023921,8D8E07,STA,ABS,UNKNOWN,UNKNOWN,DBR:078E,V05C-contexts.csv,SOURCE_PROVED_NOT_YET_ADMITTED
TP07F488,04:B924:0:0:0,0x023924,227EF807,JSL,ABSL_JUMP,UNKNOWN,UNKNOWN,NONE,V05C-contexts.csv,SOURCE_PROVED_NOT_YET_ADMITTED
TP07F488,04:B928:0:0:0,0x023928,AD1704,LDA,ABS,UNKNOWN|0|1,UNKNOWN,DBR:0417,V05C-contexts.csv,SOURCE_PROVED_NOT_YET_ADMITTED
TP07F488,04:B92B:0:0:0,0x02392B,0A,ASL,ACC,UNKNOWN|0|1,UNKNOWN,NONE,V05C-contexts.csv,SOURCE_PROVED_NOT_YET_ADMITTED
TP07F488,04:B92C:0:0:0,0x02392C,AA,TAX,IMP,UNKNOWN,UNKNOWN,NONE,V05C-contexts.csv,SOURCE_PROVED_NOT_YET_ADMITTED
TP07F488,04:B92D:0:0:0,0x02392D,AD8E07,LDA,ABS,UNKNOWN,UNKNOWN,DBR:078E,V05C-contexts.csv,SOURCE_PROVED_NOT_YET_ADMITTED
TP07F488,04:B930:0:0:0,0x023930,C93E00,CMP,IMM_M,UNKNOWN,UNKNOWN,NONE,V05C-contexts.csv,SOURCE_PROVED_NOT_YET_ADMITTED
TP07F488,04:B933:0:0:0,0x023933,9003,BCC,REL8,UNKNOWN,UNKNOWN,NONE,V05C-contexts.csv,SOURCE_PROVED_NOT_YET_ADMITTED
TP07F488,04:B935:0:0:0,0x023935,A93E00,LDA,IMM_M,1,UNKNOWN,NONE,V05C-contexts.csv,SOURCE_PROVED_NOT_YET_ADMITTED
TP07F488,04:B938:0:0:0,0x023938,9F6E1F00,STA,ABSL_X,0|1,UNKNOWN|0,00:1F6E+X,V05C-contexts.csv,SOURCE_PROVED_NOT_YET_ADMITTED
TP07F488,04:B93C:0:0:0,0x02393C,EE1704,INC,ABS,0|1,UNKNOWN|0,DBR:0417,V05C-contexts.csv,SOURCE_PROVED_NOT_YET_ADMITTED
TP07F488,04:B93F:0:0:0,0x02393F,82B0FF,BRL,REL16,0|1,UNKNOWN,NONE,V05C-contexts.csv,SOURCE_PROVED_NOT_YET_ADMITTED
TP07F488,04:B942:0:0:0,0x023942,820D05,BRL,REL16,1,UNKNOWN,NONE,V05C-contexts.csv,SOURCE_PROVED_NOT_YET_ADMITTED
TP07F488,04:B945:0:0:0,0x023945,C90400,CMP,IMM_M,UNKNOWN,0,NONE,V05C-contexts.csv,SOURCE_PROVED_NOT_YET_ADMITTED
TP07F488,04:B948:0:0:0,0x023948,F003,BEQ,REL8,UNKNOWN,UNKNOWN,NONE,V05C-contexts.csv,SOURCE_PROVED_NOT_YET_ADMITTED
TP07F488,04:B94A:0:0:0,0x02394A,823C01,BRL,REL16,UNKNOWN,0,NONE,V05C-contexts.csv,SOURCE_PROVED_NOT_YET_ADMITTED
TP07F488,04:B94D:0:0:0,0x02394D,9C9A07,STZ,ABS,UNKNOWN,1,DBR:079A,V05C-contexts.csv,SOURCE_PROVED_NOT_YET_ADMITTED
TP07F488,04:B950:0:0:0,0x023950,A900E1,LDA,IMM_M,UNKNOWN,1,NONE,V05C-contexts.csv,SOURCE_PROVED_NOT_YET_ADMITTED
TP07F488,04:B953:0:0:0,0x023953,8D9E07,STA,ABS,UNKNOWN,0,DBR:079E,V05C-contexts.csv,SOURCE_PROVED_NOT_YET_ADMITTED
TP07F488,04:B956:0:0:0,0x023956,9C9C07,STZ,ABS,UNKNOWN,0,DBR:079C,V05C-contexts.csv,SOURCE_PROVED_NOT_YET_ADMITTED
TP07F488,04:B959:0:0:0,0x023959,A9F505,LDA,IMM_M,UNKNOWN,0,NONE,V05C-contexts.csv,SOURCE_PROVED_NOT_YET_ADMITTED
TP07F488,04:B95C:0:0:0,0x02395C,8DA007,STA,ABS,UNKNOWN,0,DBR:07A0,V05C-contexts.csv,SOURCE_PROVED_NOT_YET_ADMITTED
TP07F488,04:B95F:0:0:0,0x02395F,9C1704,STZ,ABS,UNKNOWN,0,DBR:0417,V05C-contexts.csv,SOURCE_PROVED_NOT_YET_ADMITTED
TP07F488,04:B962:0:0:0,0x023962,AD1704,LDA,ABS,UNKNOWN|0|1,UNKNOWN|0,DBR:0417,V05C-contexts.csv,SOURCE_PROVED_NOT_YET_ADMITTED
TP07F488,04:B965:0:0:0,0x023965,C90C00,CMP,IMM_M,UNKNOWN|0|1,UNKNOWN,NONE,V05C-contexts.csv,SOURCE_PROVED_NOT_YET_ADMITTED
TP07F488,04:B968:0:0:0,0x023968,9003,BCC,REL8,UNKNOWN,UNKNOWN,NONE,V05C-contexts.csv,SOURCE_PROVED_NOT_YET_ADMITTED
TP07F488,04:B96A:0:0:0,0x02396A,826900,BRL,REL16,1,UNKNOWN,NONE,V05C-contexts.csv,SOURCE_PROVED_NOT_YET_ADMITTED
TP07F488,04:B96D:0:0:0,0x02396D,AD1704,LDA,ABS,0,UNKNOWN,DBR:0417,V05C-contexts.csv,SOURCE_PROVED_NOT_YET_ADMITTED
TP07F488,04:B970:0:0:0,0x023970,0A,ASL,ACC,0,UNKNOWN,NONE,V05C-contexts.csv,SOURCE_PROVED_NOT_YET_ADMITTED
TP07F488,04:B971:0:0:0,0x023971,0A,ASL,ACC,UNKNOWN,UNKNOWN,NONE,V05C-contexts.csv,SOURCE_PROVED_NOT_YET_ADMITTED
TP07F488,04:B972:0:0:0,0x023972,18,CLC,IMP,UNKNOWN,UNKNOWN,NONE,V05C-contexts.csv,SOURCE_PROVED_NOT_YET_ADMITTED
TP07F488,04:B973:0:0:0,0x023973,698101,ADC,IMM_M,0,UNKNOWN,NONE,V05C-contexts.csv,SOURCE_PROVED_NOT_YET_ADMITTED
TP07F488,04:B976:0:0:0,0x023976,A8,TAY,IMP,UNKNOWN,UNKNOWN,NONE,V05C-contexts.csv,SOURCE_PROVED_NOT_YET_ADMITTED
TP07F488,04:B977:0:0:0,0x023977,B75E,LDA,DP_IND_LONG_Y,UNKNOWN,UNKNOWN,NONE,V05C-contexts.csv,SOURCE_PROVED_NOT_YET_ADMITTED
TP07F488,04:B979:0:0:0,0x023979,8D8C07,STA,ABS,UNKNOWN,UNKNOWN,DBR:078C,V05C-contexts.csv,SOURCE_PROVED_NOT_YET_ADMITTED
TP07F488,04:B97C:0:0:0,0x02397C,AD1704,LDA,ABS,UNKNOWN,UNKNOWN,DBR:0417,V05C-contexts.csv,SOURCE_PROVED_NOT_YET_ADMITTED
TP07F488,04:B97F:0:0:0,0x02397F,0A,ASL,ACC,UNKNOWN,UNKNOWN,NONE,V05C-contexts.csv,SOURCE_PROVED_NOT_YET_ADMITTED
TP07F488,04:B980:0:0:0,0x023980,0A,ASL,ACC,UNKNOWN,UNKNOWN,NONE,V05C-contexts.csv,SOURCE_PROVED_NOT_YET_ADMITTED
TP07F488,04:B981:0:0:0,0x023981,18,CLC,IMP,UNKNOWN,UNKNOWN,NONE,V05C-contexts.csv,SOURCE_PROVED_NOT_YET_ADMITTED
TP07F488,04:B982:0:0:0,0x023982,697F01,ADC,IMM_M,0,UNKNOWN,NONE,V05C-contexts.csv,SOURCE_PROVED_NOT_YET_ADMITTED
TP07F488,04:B985:0:0:0,0x023985,A8,TAY,IMP,UNKNOWN,UNKNOWN,NONE,V05C-contexts.csv,SOURCE_PROVED_NOT_YET_ADMITTED
TP07F488,04:B986:0:0:0,0x023986,B75E,LDA,DP_IND_LONG_Y,UNKNOWN,UNKNOWN,NONE,V05C-contexts.csv,SOURCE_PROVED_NOT_YET_ADMITTED
TP07F488,04:B988:0:0:0,0x023988,D001,BNE,REL8,UNKNOWN,UNKNOWN,NONE,V05C-contexts.csv,SOURCE_PROVED_NOT_YET_ADMITTED
TP07F488,04:B98A:0:0:0,0x02398A,1A,INC,ACC,UNKNOWN,1,NONE,V05C-contexts.csv,SOURCE_PROVED_NOT_YET_ADMITTED
TP07F488,04:B98B:0:0:0,0x02398B,8D8A07,STA,ABS,UNKNOWN,UNKNOWN|0,DBR:078A,V05C-contexts.csv,SOURCE_PROVED_NOT_YET_ADMITTED
TP07F488,04:B98E:0:0:0,0x02398E,AD8C07,LDA,ABS,UNKNOWN,UNKNOWN|0,DBR:078C,V05C-contexts.csv,SOURCE_PROVED_NOT_YET_ADMITTED
TP07F488,04:B991:0:0:0,0x023991,CD9C07,CMP,ABS,UNKNOWN,UNKNOWN,DBR:079C,V05C-contexts.csv,SOURCE_PROVED_NOT_YET_ADMITTED
TP07F488,04:B994:0:0:0,0x023994,F002,BEQ,REL8,UNKNOWN,UNKNOWN,NONE,V05C-contexts.csv,SOURCE_PROVED_NOT_YET_ADMITTED
TP07F488,04:B996:0:0:0,0x023996,B00D,BCS,REL8,UNKNOWN,0,NONE,V05C-contexts.csv,SOURCE_PROVED_NOT_YET_ADMITTED
TP07F488,04:B998:0:0:0,0x023998,AD8A07,LDA,ABS,UNKNOWN|0,0|1,DBR:078A,V05C-contexts.csv,SOURCE_PROVED_NOT_YET_ADMITTED
TP07F488,04:B99B:0:0:0,0x02399B,CD9A07,CMP,ABS,UNKNOWN|0,UNKNOWN,DBR:079A,V05C-contexts.csv,SOURCE_PROVED_NOT_YET_ADMITTED
TP07F488,04:B99E:0:0:0,0x02399E,F002,BEQ,REL8,UNKNOWN,UNKNOWN,NONE,V05C-contexts.csv,SOURCE_PROVED_NOT_YET_ADMITTED
TP07F488,04:B9A0:0:0:0,0x0239A0,B003,BCS,REL8,UNKNOWN,0,NONE,V05C-contexts.csv,SOURCE_PROVED_NOT_YET_ADMITTED
TP07F488,04:B9A2:0:0:0,0x0239A2,820C00,BRL,REL16,UNKNOWN|0,0|1,NONE,V05C-contexts.csv,SOURCE_PROVED_NOT_YET_ADMITTED
TP07F488,04:B9A5:0:0:0,0x0239A5,AD8A07,LDA,ABS,1,0,DBR:078A,V05C-contexts.csv,SOURCE_PROVED_NOT_YET_ADMITTED
TP07F488,04:B9A8:0:0:0,0x0239A8,8D9A07,STA,ABS,1,UNKNOWN,DBR:079A,V05C-contexts.csv,SOURCE_PROVED_NOT_YET_ADMITTED
TP07F488,04:B9AB:0:0:0,0x0239AB,AD8C07,LDA,ABS,1,UNKNOWN,DBR:078C,V05C-contexts.csv,SOURCE_PROVED_NOT_YET_ADMITTED
TP07F488,04:B9AE:0:0:0,0x0239AE,8D9C07,STA,ABS,1,UNKNOWN,DBR:079C,V05C-contexts.csv,SOURCE_PROVED_NOT_YET_ADMITTED
TP07F488,04:B9B1:0:0:0,0x0239B1,AD8C07,LDA,ABS,UNKNOWN|0|1,UNKNOWN|0|1,DBR:078C,V05C-contexts.csv,SOURCE_PROVED_NOT_YET_ADMITTED
TP07F488,04:B9B4:0:0:0,0x0239B4,CDA007,CMP,ABS,UNKNOWN|0|1,UNKNOWN,DBR:07A0,V05C-contexts.csv,SOURCE_PROVED_NOT_YET_ADMITTED
TP07F488,04:B9B7:0:0:0,0x0239B7,900B,BCC,REL8,UNKNOWN,UNKNOWN,NONE,V05C-contexts.csv,SOURCE_PROVED_NOT_YET_ADMITTED
TP07F488,04:B9B9:0:0:0,0x0239B9,AD8A07,LDA,ABS,1,UNKNOWN,DBR:078A,V05C-contexts.csv,SOURCE_PROVED_NOT_YET_ADMITTED
TP07F488,04:B9BC:0:0:0,0x0239BC,CD9E07,CMP,ABS,1,UNKNOWN,DBR:079E,V05C-contexts.csv,SOURCE_PROVED_NOT_YET_ADMITTED
TP07F488,04:B9BF:0:0:0,0x0239BF,9003,BCC,REL8,UNKNOWN,UNKNOWN,NONE,V05C-contexts.csv,SOURCE_PROVED_NOT_YET_ADMITTED
TP07F488,04:B9C1:0:0:0,0x0239C1,820C00,BRL,REL16,1,UNKNOWN,NONE,V05C-contexts.csv,SOURCE_PROVED_NOT_YET_ADMITTED
TP07F488,04:B9C4:0:0:0,0x0239C4,AD8A07,LDA,ABS,0,UNKNOWN,DBR:078A,V05C-contexts.csv,SOURCE_PROVED_NOT_YET_ADMITTED
TP07F488,04:B9C7:0:0:0,0x0239C7,8D9E07,STA,ABS,0,UNKNOWN,DBR:079E,V05C-contexts.csv,SOURCE_PROVED_NOT_YET_ADMITTED
TP07F488,04:B9CA:0:0:0,0x0239CA,AD8C07,LDA,ABS,0,UNKNOWN,DBR:078C,V05C-contexts.csv,SOURCE_PROVED_NOT_YET_ADMITTED
TP07F488,04:B9CD:0:0:0,0x0239CD,8DA007,STA,ABS,0,UNKNOWN,DBR:07A0,V05C-contexts.csv,SOURCE_PROVED_NOT_YET_ADMITTED
TP07F488,04:B9D0:0:0:0,0x0239D0,EE1704,INC,ABS,0|1,UNKNOWN,DBR:0417,V05C-contexts.csv,SOURCE_PROVED_NOT_YET_ADMITTED
TP07F488,04:B9D3:0:0:0,0x0239D3,828CFF,BRL,REL16,0|1,UNKNOWN,NONE,V05C-contexts.csv,SOURCE_PROVED_NOT_YET_ADMITTED
TP07F488,04:B9D6:0:0:0,0x0239D6,AD9C07,LDA,ABS,1,UNKNOWN,DBR:079C,V05C-contexts.csv,SOURCE_PROVED_NOT_YET_ADMITTED
TP07F488,04:B9D9:0:0:0,0x0239D9,CDA007,CMP,ABS,1,UNKNOWN,DBR:07A0,V05C-contexts.csv,SOURCE_PROVED_NOT_YET_ADMITTED
TP07F488,04:B9DC:0:0:0,0x0239DC,D014,BNE,REL8,UNKNOWN,UNKNOWN,NONE,V05C-contexts.csv,SOURCE_PROVED_NOT_YET_ADMITTED
TP07F488,04:B9DE:0:0:0,0x0239DE,AD9A07,LDA,ABS,UNKNOWN,1,DBR:079A,V05C-contexts.csv,SOURCE_PROVED_NOT_YET_ADMITTED
TP07F488,04:B9E1:0:0:0,0x0239E1,CD9E07,CMP,ABS,UNKNOWN,UNKNOWN,DBR:079E,V05C-contexts.csv,SOURCE_PROVED_NOT_YET_ADMITTED
TP07F488,04:B9E4:0:0:0,0x0239E4,D00C,BNE,REL8,UNKNOWN,UNKNOWN,NONE,V05C-contexts.csv,SOURCE_PROVED_NOT_YET_ADMITTED
TP07F488,04:B9E6:0:0:0,0x0239E6,9C9E07,STZ,ABS,UNKNOWN,1,DBR:079E,V05C-contexts.csv,SOURCE_PROVED_NOT_YET_ADMITTED
TP07F488,04:B9E9:0:0:0,0x0239E9,9CA007,STZ,ABS,UNKNOWN,1,DBR:07A0,V05C-contexts.csv,SOURCE_PROVED_NOT_YET_ADMITTED
TP07F488,04:B9EC:0:0:0,0x0239EC,0E9A07,ASL,ABS,UNKNOWN,1,DBR:079A,V05C-contexts.csv,SOURCE_PROVED_NOT_YET_ADMITTED
TP07F488,04:B9EF:0:0:0,0x0239EF,2E9C07,ROL,ABS,UNKNOWN,UNKNOWN,DBR:079C,V05C-contexts.csv,SOURCE_PROVED_NOT_YET_ADMITTED
TP07F488,04:B9F2:0:0:0,0x0239F2,AD9A07,LDA,ABS,UNKNOWN,UNKNOWN|0,DBR:079A,V05C-contexts.csv,SOURCE_PROVED_NOT_YET_ADMITTED
TP07F488,04:B9F5:0:0:0,0x0239F5,38,SEC,IMP,UNKNOWN,UNKNOWN,NONE,V05C-contexts.csv,SOURCE_PROVED_NOT_YET_ADMITTED
TP07F488,04:B9F6:0:0:0,0x0239F6,ED9E07,SBC,ABS,1,UNKNOWN,DBR:079E,V05C-contexts.csv,SOURCE_PROVED_NOT_YET_ADMITTED
TP07F488,04:B9F9:0:0:0,0x0239F9,8D8A07,STA,ABS,UNKNOWN,UNKNOWN,DBR:078A,V05C-contexts.csv,SOURCE_PROVED_NOT_YET_ADMITTED
TP07F488,04:B9FC:0:0:0,0x0239FC,AD9C07,LDA,ABS,UNKNOWN,UNKNOWN,DBR:079C,V05C-contexts.csv,SOURCE_PROVED_NOT_YET_ADMITTED
TP07F488,04:B9FF:0:0:0,0x0239FF,EDA007,SBC,ABS,UNKNOWN,UNKNOWN,DBR:07A0,V05C-contexts.csv,SOURCE_PROVED_NOT_YET_ADMITTED
TP07F488,04:BA02:0:0:0,0x023A02,8D8C07,STA,ABS,UNKNOWN,UNKNOWN,DBR:078C,V05C-contexts.csv,SOURCE_PROVED_NOT_YET_ADMITTED
TP07F488,04:BA05:0:0:0,0x023A05,D008,BNE,REL8,UNKNOWN,UNKNOWN,NONE,V05C-contexts.csv,SOURCE_PROVED_NOT_YET_ADMITTED
TP07F488,04:BA07:0:0:0,0x023A07,AD8A07,LDA,ABS,UNKNOWN,1,DBR:078A,V05C-contexts.csv,SOURCE_PROVED_NOT_YET_ADMITTED
TP07F488,04:BA0A:0:0:0,0x023A0A,D003,BNE,REL8,UNKNOWN,UNKNOWN,NONE,V05C-contexts.csv,SOURCE_PROVED_NOT_YET_ADMITTED
TP07F488,04:BA0C:0:0:0,0x023A0C,EE8A07,INC,ABS,UNKNOWN,1,DBR:078A,V05C-contexts.csv,SOURCE_PROVED_NOT_YET_ADMITTED
TP07F488,04:BA0F:0:0:0,0x023A0F,AD8A07,LDA,ABS,UNKNOWN,UNKNOWN|0,DBR:078A,V05C-contexts.csv,SOURCE_PROVED_NOT_YET_ADMITTED
TP07F488,04:BA12:0:0:0,0x023A12,8D9A07,STA,ABS,UNKNOWN,UNKNOWN,DBR:079A,V05C-contexts.csv,SOURCE_PROVED_NOT_YET_ADMITTED
TP07F488,04:BA15:0:0:0,0x023A15,AD8C07,LDA,ABS,UNKNOWN,UNKNOWN,DBR:078C,V05C-contexts.csv,SOURCE_PROVED_NOT_YET_ADMITTED
TP07F488,04:BA18:0:0:0,0x023A18,8D9C07,STA,ABS,UNKNOWN,UNKNOWN,DBR:079C,V05C-contexts.csv,SOURCE_PROVED_NOT_YET_ADMITTED
TP07F488,04:BA1B:0:0:0,0x023A1B,9C1704,STZ,ABS,UNKNOWN,UNKNOWN,DBR:0417,V05C-contexts.csv,SOURCE_PROVED_NOT_YET_ADMITTED
TP07F488,04:BA1E:0:0:0,0x023A1E,AD1704,LDA,ABS,UNKNOWN|0|1,UNKNOWN,DBR:0417,V05C-contexts.csv,SOURCE_PROVED_NOT_YET_ADMITTED
TP07F488,04:BA21:0:0:0,0x023A21,C90C00,CMP,IMM_M,UNKNOWN|0|1,UNKNOWN,NONE,V05C-contexts.csv,SOURCE_PROVED_NOT_YET_ADMITTED
TP07F488,04:BA24:0:0:0,0x023A24,9003,BCC,REL8,UNKNOWN,UNKNOWN,NONE,V05C-contexts.csv,SOURCE_PROVED_NOT_YET_ADMITTED
TP07F488,04:BA26:0:0:0,0x023A26,825D00,BRL,REL16,1,UNKNOWN,NONE,V05C-contexts.csv,SOURCE_PROVED_NOT_YET_ADMITTED
TP07F488,04:BA29:0:0:0,0x023A29,AD1704,LDA,ABS,0,UNKNOWN,DBR:0417,V05C-contexts.csv,SOURCE_PROVED_NOT_YET_ADMITTED
TP07F488,04:BA2C:0:0:0,0x023A2C,0A,ASL,ACC,0,UNKNOWN,NONE,V05C-contexts.csv,SOURCE_PROVED_NOT_YET_ADMITTED
TP07F488,04:BA2D:0:0:0,0x023A2D,0A,ASL,ACC,UNKNOWN,UNKNOWN,NONE,V05C-contexts.csv,SOURCE_PROVED_NOT_YET_ADMITTED
TP07F488,04:BA2E:0:0:0,0x023A2E,18,CLC,IMP,UNKNOWN,UNKNOWN,NONE,V05C-contexts.csv,SOURCE_PROVED_NOT_YET_ADMITTED
TP07F488,04:BA2F:0:0:0,0x023A2F,697F01,ADC,IMM_M,0,UNKNOWN,NONE,V05C-contexts.csv,SOURCE_PROVED_NOT_YET_ADMITTED
TP07F488,04:BA32:0:0:0,0x023A32,A8,TAY,IMP,UNKNOWN,UNKNOWN,NONE,V05C-contexts.csv,SOURCE_PROVED_NOT_YET_ADMITTED
TP07F488,04:BA33:0:0:0,0x023A33,B75E,LDA,DP_IND_LONG_Y,UNKNOWN,UNKNOWN,NONE,V05C-contexts.csv,SOURCE_PROVED_NOT_YET_ADMITTED
TP07F488,04:BA35:0:0:0,0x023A35,D001,BNE,REL8,UNKNOWN,UNKNOWN,NONE,V05C-contexts.csv,SOURCE_PROVED_NOT_YET_ADMITTED
TP07F488,04:BA37:0:0:0,0x023A37,1A,INC,ACC,UNKNOWN,1,NONE,V05C-contexts.csv,SOURCE_PROVED_NOT_YET_ADMITTED
TP07F488,04:BA38:0:0:0,0x023A38,8D8A07,STA,ABS,UNKNOWN,UNKNOWN|0,DBR:078A,V05C-contexts.csv,SOURCE_PROVED_NOT_YET_ADMITTED
TP07F488,04:BA3B:0:0:0,0x023A3B,98,TYA,IMP,UNKNOWN,UNKNOWN|0,NONE,V05C-contexts.csv,SOURCE_PROVED_NOT_YET_ADMITTED
TP07F488,04:BA3C:0:0:0,0x023A3C,690200,ADC,IMM_M,UNKNOWN,UNKNOWN,NONE,V05C-contexts.csv,SOURCE_PROVED_NOT_YET_ADMITTED
TP07F488,04:BA3F:0:0:0,0x023A3F,A8,TAY,IMP,UNKNOWN,UNKNOWN,NONE,V05C-contexts.csv,SOURCE_PROVED_NOT_YET_ADMITTED
TP07F488,04:BA40:0:0:0,0x023A40,B75E,LDA,DP_IND_LONG_Y,UNKNOWN,UNKNOWN,NONE,V05C-contexts.csv,SOURCE_PROVED_NOT_YET_ADMITTED
TP07F488,04:BA42:0:0:0,0x023A42,8D8C07,STA,ABS,UNKNOWN,UNKNOWN,DBR:078C,V05C-contexts.csv,SOURCE_PROVED_NOT_YET_ADMITTED
TP07F488,04:BA45:0:0:0,0x023A45,AD8A07,LDA,ABS,UNKNOWN,UNKNOWN,DBR:078A,V05C-contexts.csv,SOURCE_PROVED_NOT_YET_ADMITTED
TP07F488,04:BA48:0:0:0,0x023A48,38,SEC,IMP,UNKNOWN,UNKNOWN,NONE,V05C-contexts.csv,SOURCE_PROVED_NOT_YET_ADMITTED
TP07F488,04:BA49:0:0:0,0x023A49,ED9E07,SBC,ABS,1,UNKNOWN,DBR:079E,V05C-contexts.csv,SOURCE_PROVED_NOT_YET_ADMITTED
TP07F488,04:BA4C:0:0:0,0x023A4C,8D8A07,STA,ABS,UNKNOWN,UNKNOWN,DBR:078A,V05C-contexts.csv,SOURCE_PROVED_NOT_YET_ADMITTED
TP07F488,04:BA4F:0:0:0,0x023A4F,AD8C07,LDA,ABS,UNKNOWN,UNKNOWN,DBR:078C,V05C-contexts.csv,SOURCE_PROVED_NOT_YET_ADMITTED
TP07F488,04:BA52:0:0:0,0x023A52,EDA007,SBC,ABS,UNKNOWN,UNKNOWN,DBR:07A0,V05C-contexts.csv,SOURCE_PROVED_NOT_YET_ADMITTED
TP07F488,04:BA55:0:0:0,0x023A55,8D8C07,STA,ABS,UNKNOWN,UNKNOWN,DBR:078C,V05C-contexts.csv,SOURCE_PROVED_NOT_YET_ADMITTED
TP07F488,04:BA58:0:0:0,0x023A58,2250BF04,JSL,ABSL_JUMP,UNKNOWN,UNKNOWN,NONE,V05C-contexts.csv,SOURCE_PROVED_NOT_YET_ADMITTED
TP07F488,04:BA5C:0:0:0,0x023A5C,AD9A07,LDA,ABS,UNKNOWN,UNKNOWN,DBR:079A,V05C-contexts.csv,SOURCE_PROVED_NOT_YET_ADMITTED
TP07F488,04:BA5F:0:0:0,0x023A5F,8D8E07,STA,ABS,UNKNOWN,UNKNOWN,DBR:078E,V05C-contexts.csv,SOURCE_PROVED_NOT_YET_ADMITTED
TP07F488,04:BA62:0:0:0,0x023A62,AD9C07,LDA,ABS,UNKNOWN,UNKNOWN,DBR:079C,V05C-contexts.csv,SOURCE_PROVED_NOT_YET_ADMITTED
TP07F488,04:BA65:0:0:0,0x023A65,8D9007,STA,ABS,UNKNOWN,UNKNOWN,DBR:0790,V05C-contexts.csv,SOURCE_PROVED_NOT_YET_ADMITTED
TP07F488,04:BA68:0:0:0,0x023A68,227EF807,JSL,ABSL_JUMP,UNKNOWN,UNKNOWN,NONE,V05C-contexts.csv,SOURCE_PROVED_NOT_YET_ADMITTED
TP07F488,04:BA6C:0:0:0,0x023A6C,AD1704,LDA,ABS,UNKNOWN|0|1,UNKNOWN,DBR:0417,V05C-contexts.csv,SOURCE_PROVED_NOT_YET_ADMITTED
TP07F488,04:BA6F:0:0:0,0x023A6F,0A,ASL,ACC,UNKNOWN|0|1,UNKNOWN,NONE,V05C-contexts.csv,SOURCE_PROVED_NOT_YET_ADMITTED
TP07F488,04:BA70:0:0:0,0x023A70,AA,TAX,IMP,UNKNOWN,UNKNOWN,NONE,V05C-contexts.csv,SOURCE_PROVED_NOT_YET_ADMITTED
TP07F488,04:BA71:0:0:0,0x023A71,AD8E07,LDA,ABS,UNKNOWN,UNKNOWN,DBR:078E,V05C-contexts.csv,SOURCE_PROVED_NOT_YET_ADMITTED
TP07F488,04:BA74:0:0:0,0x023A74,C93E00,CMP,IMM_M,UNKNOWN,UNKNOWN,NONE,V05C-contexts.csv,SOURCE_PROVED_NOT_YET_ADMITTED
TP07F488,04:BA77:0:0:0,0x023A77,9003,BCC,REL8,UNKNOWN,UNKNOWN,NONE,V05C-contexts.csv,SOURCE_PROVED_NOT_YET_ADMITTED
TP07F488,04:BA79:0:0:0,0x023A79,A93E00,LDA,IMM_M,1,UNKNOWN,NONE,V05C-contexts.csv,SOURCE_PROVED_NOT_YET_ADMITTED
TP07F488,04:BA7C:0:0:0,0x023A7C,9F6E1F00,STA,ABSL_X,0|1,UNKNOWN|0,00:1F6E+X,V05C-contexts.csv,SOURCE_PROVED_NOT_YET_ADMITTED
TP07F488,04:BA80:0:0:0,0x023A80,EE1704,INC,ABS,0|1,UNKNOWN|0,DBR:0417,V05C-contexts.csv,SOURCE_PROVED_NOT_YET_ADMITTED
TP07F488,04:BA83:0:0:0,0x023A83,8298FF,BRL,REL16,0|1,UNKNOWN,NONE,V05C-contexts.csv,SOURCE_PROVED_NOT_YET_ADMITTED
TP07F488,04:BA86:0:0:0,0x023A86,82C903,BRL,REL16,1,UNKNOWN,NONE,V05C-contexts.csv,SOURCE_PROVED_NOT_YET_ADMITTED
TP07F488,04:BA89:0:0:0,0x023A89,C90500,CMP,IMM_M,UNKNOWN,0,NONE,V05C-contexts.csv,SOURCE_PROVED_NOT_YET_ADMITTED
TP07F488,04:BA8C:0:0:0,0x023A8C,F003,BEQ,REL8,UNKNOWN,UNKNOWN,NONE,V05C-contexts.csv,SOURCE_PROVED_NOT_YET_ADMITTED
TP07F488,04:BA8E:0:0:0,0x023A8E,823C01,BRL,REL16,UNKNOWN,0,NONE,V05C-contexts.csv,SOURCE_PROVED_NOT_YET_ADMITTED
TP07F488,04:BA91:0:0:0,0x023A91,9C9A07,STZ,ABS,UNKNOWN,1,DBR:079A,V05C-contexts.csv,SOURCE_PROVED_NOT_YET_ADMITTED
TP07F488,04:BA94:0:0:0,0x023A94,A900E1,LDA,IMM_M,UNKNOWN,1,NONE,V05C-contexts.csv,SOURCE_PROVED_NOT_YET_ADMITTED
TP07F488,04:BA97:0:0:0,0x023A97,8D9E07,STA,ABS,UNKNOWN,0,DBR:079E,V05C-contexts.csv,SOURCE_PROVED_NOT_YET_ADMITTED
TP07F488,04:BA9A:0:0:0,0x023A9A,9C9C07,STZ,ABS,UNKNOWN,0,DBR:079C,V05C-contexts.csv,SOURCE_PROVED_NOT_YET_ADMITTED
TP07F488,04:BA9D:0:0:0,0x023A9D,A9F505,LDA,IMM_M,UNKNOWN,0,NONE,V05C-contexts.csv,SOURCE_PROVED_NOT_YET_ADMITTED
TP07F488,04:BAA0:0:0:0,0x023AA0,8DA007,STA,ABS,UNKNOWN,0,DBR:07A0,V05C-contexts.csv,SOURCE_PROVED_NOT_YET_ADMITTED
TP07F488,04:BAA3:0:0:0,0x023AA3,9C1704,STZ,ABS,UNKNOWN,0,DBR:0417,V05C-contexts.csv,SOURCE_PROVED_NOT_YET_ADMITTED
TP07F488,04:BAA6:0:0:0,0x023AA6,AD1704,LDA,ABS,UNKNOWN|0|1,UNKNOWN|0,DBR:0417,V05C-contexts.csv,SOURCE_PROVED_NOT_YET_ADMITTED
TP07F488,04:BAA9:0:0:0,0x023AA9,C90C00,CMP,IMM_M,UNKNOWN|0|1,UNKNOWN,NONE,V05C-contexts.csv,SOURCE_PROVED_NOT_YET_ADMITTED
TP07F488,04:BAAC:0:0:0,0x023AAC,9003,BCC,REL8,UNKNOWN,UNKNOWN,NONE,V05C-contexts.csv,SOURCE_PROVED_NOT_YET_ADMITTED
TP07F488,04:BAAE:0:0:0,0x023AAE,826900,BRL,REL16,1,UNKNOWN,NONE,V05C-contexts.csv,SOURCE_PROVED_NOT_YET_ADMITTED
TP07F488,04:BAB1:0:0:0,0x023AB1,AD1704,LDA,ABS,0,UNKNOWN,DBR:0417,V05C-contexts.csv,SOURCE_PROVED_NOT_YET_ADMITTED
TP07F488,04:BAB4:0:0:0,0x023AB4,0A,ASL,ACC,0,UNKNOWN,NONE,V05C-contexts.csv,SOURCE_PROVED_NOT_YET_ADMITTED
TP07F488,04:BAB5:0:0:0,0x023AB5,0A,ASL,ACC,UNKNOWN,UNKNOWN,NONE,V05C-contexts.csv,SOURCE_PROVED_NOT_YET_ADMITTED
TP07F488,04:BAB6:0:0:0,0x023AB6,18,CLC,IMP,UNKNOWN,UNKNOWN,NONE,V05C-contexts.csv,SOURCE_PROVED_NOT_YET_ADMITTED
TP07F488,04:BAB7:0:0:0,0x023AB7,691502,ADC,IMM_M,0,UNKNOWN,NONE,V05C-contexts.csv,SOURCE_PROVED_NOT_YET_ADMITTED
TP07F488,04:BABA:0:0:0,0x023ABA,A8,TAY,IMP,UNKNOWN,UNKNOWN,NONE,V05C-contexts.csv,SOURCE_PROVED_NOT_YET_ADMITTED
TP07F488,04:BABB:0:0:0,0x023ABB,B75E,LDA,DP_IND_LONG_Y,UNKNOWN,UNKNOWN,NONE,V05C-contexts.csv,SOURCE_PROVED_NOT_YET_ADMITTED
TP07F488,04:BABD:0:0:0,0x023ABD,8D8C07,STA,ABS,UNKNOWN,UNKNOWN,DBR:078C,V05C-contexts.csv,SOURCE_PROVED_NOT_YET_ADMITTED
TP07F488,04:BAC0:0:0:0,0x023AC0,AD1704,LDA,ABS,UNKNOWN,UNKNOWN,DBR:0417,V05C-contexts.csv,SOURCE_PROVED_NOT_YET_ADMITTED
TP07F488,04:BAC3:0:0:0,0x023AC3,0A,ASL,ACC,UNKNOWN,UNKNOWN,NONE,V05C-contexts.csv,SOURCE_PROVED_NOT_YET_ADMITTED
TP07F488,04:BAC4:0:0:0,0x023AC4,0A,ASL,ACC,UNKNOWN,UNKNOWN,NONE,V05C-contexts.csv,SOURCE_PROVED_NOT_YET_ADMITTED
TP07F488,04:BAC5:0:0:0,0x023AC5,18,CLC,IMP,UNKNOWN,UNKNOWN,NONE,V05C-contexts.csv,SOURCE_PROVED_NOT_YET_ADMITTED
TP07F488,04:BAC6:0:0:0,0x023AC6,691302,ADC,IMM_M,0,UNKNOWN,NONE,V05C-contexts.csv,SOURCE_PROVED_NOT_YET_ADMITTED
TP07F488,04:BAC9:0:0:0,0x023AC9,A8,TAY,IMP,UNKNOWN,UNKNOWN,NONE,V05C-contexts.csv,SOURCE_PROVED_NOT_YET_ADMITTED
TP07F488,04:BACA:0:0:0,0x023ACA,B75E,LDA,DP_IND_LONG_Y,UNKNOWN,UNKNOWN,NONE,V05C-contexts.csv,SOURCE_PROVED_NOT_YET_ADMITTED
TP07F488,04:BACC:0:0:0,0x023ACC,D001,BNE,REL8,UNKNOWN,UNKNOWN,NONE,V05C-contexts.csv,SOURCE_PROVED_NOT_YET_ADMITTED
TP07F488,04:BACE:0:0:0,0x023ACE,1A,INC,ACC,UNKNOWN,1,NONE,V05C-contexts.csv,SOURCE_PROVED_NOT_YET_ADMITTED
TP07F488,04:BACF:0:0:0,0x023ACF,8D8A07,STA,ABS,UNKNOWN,UNKNOWN|0,DBR:078A,V05C-contexts.csv,SOURCE_PROVED_NOT_YET_ADMITTED
TP07F488,04:BAD2:0:0:0,0x023AD2,AD8C07,LDA,ABS,UNKNOWN,UNKNOWN|0,DBR:078C,V05C-contexts.csv,SOURCE_PROVED_NOT_YET_ADMITTED
TP07F488,04:BAD5:0:0:0,0x023AD5,CD9C07,CMP,ABS,UNKNOWN,UNKNOWN,DBR:079C,V05C-contexts.csv,SOURCE_PROVED_NOT_YET_ADMITTED
TP07F488,04:BAD8:0:0:0,0x023AD8,F002,BEQ,REL8,UNKNOWN,UNKNOWN,NONE,V05C-contexts.csv,SOURCE_PROVED_NOT_YET_ADMITTED
TP07F488,04:BADA:0:0:0,0x023ADA,B00D,BCS,REL8,UNKNOWN,0,NONE,V05C-contexts.csv,SOURCE_PROVED_NOT_YET_ADMITTED
TP07F488,04:BADC:0:0:0,0x023ADC,AD8A07,LDA,ABS,UNKNOWN|0,0|1,DBR:078A,V05C-contexts.csv,SOURCE_PROVED_NOT_YET_ADMITTED
TP07F488,04:BADF:0:0:0,0x023ADF,CD9A07,CMP,ABS,UNKNOWN|0,UNKNOWN,DBR:079A,V05C-contexts.csv,SOURCE_PROVED_NOT_YET_ADMITTED
TP07F488,04:BAE2:0:0:0,0x023AE2,F002,BEQ,REL8,UNKNOWN,UNKNOWN,NONE,V05C-contexts.csv,SOURCE_PROVED_NOT_YET_ADMITTED
TP07F488,04:BAE4:0:0:0,0x023AE4,B003,BCS,REL8,UNKNOWN,0,NONE,V05C-contexts.csv,SOURCE_PROVED_NOT_YET_ADMITTED
TP07F488,04:BAE6:0:0:0,0x023AE6,820C00,BRL,REL16,UNKNOWN|0,0|1,NONE,V05C-contexts.csv,SOURCE_PROVED_NOT_YET_ADMITTED
TP07F488,04:BAE9:0:0:0,0x023AE9,AD8A07,LDA,ABS,1,0,DBR:078A,V05C-contexts.csv,SOURCE_PROVED_NOT_YET_ADMITTED
TP07F488,04:BAEC:0:0:0,0x023AEC,8D9A07,STA,ABS,1,UNKNOWN,DBR:079A,V05C-contexts.csv,SOURCE_PROVED_NOT_YET_ADMITTED
TP07F488,04:BAEF:0:0:0,0x023AEF,AD8C07,LDA,ABS,1,UNKNOWN,DBR:078C,V05C-contexts.csv,SOURCE_PROVED_NOT_YET_ADMITTED
TP07F488,04:BAF2:0:0:0,0x023AF2,8D9C07,STA,ABS,1,UNKNOWN,DBR:079C,V05C-contexts.csv,SOURCE_PROVED_NOT_YET_ADMITTED
TP07F488,04:BAF5:0:0:0,0x023AF5,AD8C07,LDA,ABS,UNKNOWN|0|1,UNKNOWN|0|1,DBR:078C,V05C-contexts.csv,SOURCE_PROVED_NOT_YET_ADMITTED
TP07F488,04:BAF8:0:0:0,0x023AF8,CDA007,CMP,ABS,UNKNOWN|0|1,UNKNOWN,DBR:07A0,V05C-contexts.csv,SOURCE_PROVED_NOT_YET_ADMITTED
TP07F488,04:BAFB:0:0:0,0x023AFB,900B,BCC,REL8,UNKNOWN,UNKNOWN,NONE,V05C-contexts.csv,SOURCE_PROVED_NOT_YET_ADMITTED
TP07F488,04:BAFD:0:0:0,0x023AFD,AD8A07,LDA,ABS,1,UNKNOWN,DBR:078A,V05C-contexts.csv,SOURCE_PROVED_NOT_YET_ADMITTED
TP07F488,04:BB00:0:0:0,0x023B00,CD9E07,CMP,ABS,1,UNKNOWN,DBR:079E,V05C-contexts.csv,SOURCE_PROVED_NOT_YET_ADMITTED
TP07F488,04:BB03:0:0:0,0x023B03,9003,BCC,REL8,UNKNOWN,UNKNOWN,NONE,V05C-contexts.csv,SOURCE_PROVED_NOT_YET_ADMITTED
TP07F488,04:BB05:0:0:0,0x023B05,820C00,BRL,REL16,1,UNKNOWN,NONE,V05C-contexts.csv,SOURCE_PROVED_NOT_YET_ADMITTED
TP07F488,04:BB08:0:0:0,0x023B08,AD8A07,LDA,ABS,0,UNKNOWN,DBR:078A,V05C-contexts.csv,SOURCE_PROVED_NOT_YET_ADMITTED
TP07F488,04:BB0B:0:0:0,0x023B0B,8D9E07,STA,ABS,0,UNKNOWN,DBR:079E,V05C-contexts.csv,SOURCE_PROVED_NOT_YET_ADMITTED
TP07F488,04:BB0E:0:0:0,0x023B0E,AD8C07,LDA,ABS,0,UNKNOWN,DBR:078C,V05C-contexts.csv,SOURCE_PROVED_NOT_YET_ADMITTED
TP07F488,04:BB11:0:0:0,0x023B11,8DA007,STA,ABS,0,UNKNOWN,DBR:07A0,V05C-contexts.csv,SOURCE_PROVED_NOT_YET_ADMITTED
TP07F488,04:BB14:0:0:0,0x023B14,EE1704,INC,ABS,0|1,UNKNOWN,DBR:0417,V05C-contexts.csv,SOURCE_PROVED_NOT_YET_ADMITTED
TP07F488,04:BB17:0:0:0,0x023B17,828CFF,BRL,REL16,0|1,UNKNOWN,NONE,V05C-contexts.csv,SOURCE_PROVED_NOT_YET_ADMITTED
TP07F488,04:BB1A:0:0:0,0x023B1A,AD9C07,LDA,ABS,1,UNKNOWN,DBR:079C,V05C-contexts.csv,SOURCE_PROVED_NOT_YET_ADMITTED
TP07F488,04:BB1D:0:0:0,0x023B1D,CDA007,CMP,ABS,1,UNKNOWN,DBR:07A0,V05C-contexts.csv,SOURCE_PROVED_NOT_YET_ADMITTED
TP07F488,04:BB20:0:0:0,0x023B20,D014,BNE,REL8,UNKNOWN,UNKNOWN,NONE,V05C-contexts.csv,SOURCE_PROVED_NOT_YET_ADMITTED
TP07F488,04:BB22:0:0:0,0x023B22,AD9A07,LDA,ABS,UNKNOWN,1,DBR:079A,V05C-contexts.csv,SOURCE_PROVED_NOT_YET_ADMITTED
TP07F488,04:BB25:0:0:0,0x023B25,CD9E07,CMP,ABS,UNKNOWN,UNKNOWN,DBR:079E,V05C-contexts.csv,SOURCE_PROVED_NOT_YET_ADMITTED
TP07F488,04:BB28:0:0:0,0x023B28,D00C,BNE,REL8,UNKNOWN,UNKNOWN,NONE,V05C-contexts.csv,SOURCE_PROVED_NOT_YET_ADMITTED
TP07F488,04:BB2A:0:0:0,0x023B2A,9C9E07,STZ,ABS,UNKNOWN,1,DBR:079E,V05C-contexts.csv,SOURCE_PROVED_NOT_YET_ADMITTED
TP07F488,04:BB2D:0:0:0,0x023B2D,9CA007,STZ,ABS,UNKNOWN,1,DBR:07A0,V05C-contexts.csv,SOURCE_PROVED_NOT_YET_ADMITTED
TP07F488,04:BB30:0:0:0,0x023B30,0E9A07,ASL,ABS,UNKNOWN,1,DBR:079A,V05C-contexts.csv,SOURCE_PROVED_NOT_YET_ADMITTED
TP07F488,04:BB33:0:0:0,0x023B33,2E9C07,ROL,ABS,UNKNOWN,UNKNOWN,DBR:079C,V05C-contexts.csv,SOURCE_PROVED_NOT_YET_ADMITTED
TP07F488,04:BB36:0:0:0,0x023B36,AD9A07,LDA,ABS,UNKNOWN,UNKNOWN|0,DBR:079A,V05C-contexts.csv,SOURCE_PROVED_NOT_YET_ADMITTED
TP07F488,04:BB39:0:0:0,0x023B39,38,SEC,IMP,UNKNOWN,UNKNOWN,NONE,V05C-contexts.csv,SOURCE_PROVED_NOT_YET_ADMITTED
TP07F488,04:BB3A:0:0:0,0x023B3A,ED9E07,SBC,ABS,1,UNKNOWN,DBR:079E,V05C-contexts.csv,SOURCE_PROVED_NOT_YET_ADMITTED
TP07F488,04:BB3D:0:0:0,0x023B3D,8D8A07,STA,ABS,UNKNOWN,UNKNOWN,DBR:078A,V05C-contexts.csv,SOURCE_PROVED_NOT_YET_ADMITTED
TP07F488,04:BB40:0:0:0,0x023B40,AD9C07,LDA,ABS,UNKNOWN,UNKNOWN,DBR:079C,V05C-contexts.csv,SOURCE_PROVED_NOT_YET_ADMITTED
TP07F488,04:BB43:0:0:0,0x023B43,EDA007,SBC,ABS,UNKNOWN,UNKNOWN,DBR:07A0,V05C-contexts.csv,SOURCE_PROVED_NOT_YET_ADMITTED
TP07F488,04:BB46:0:0:0,0x023B46,8D8C07,STA,ABS,UNKNOWN,UNKNOWN,DBR:078C,V05C-contexts.csv,SOURCE_PROVED_NOT_YET_ADMITTED
TP07F488,04:BB49:0:0:0,0x023B49,D008,BNE,REL8,UNKNOWN,UNKNOWN,NONE,V05C-contexts.csv,SOURCE_PROVED_NOT_YET_ADMITTED
TP07F488,04:BB4B:0:0:0,0x023B4B,AD8A07,LDA,ABS,UNKNOWN,1,DBR:078A,V05C-contexts.csv,SOURCE_PROVED_NOT_YET_ADMITTED
TP07F488,04:BB4E:0:0:0,0x023B4E,D003,BNE,REL8,UNKNOWN,UNKNOWN,NONE,V05C-contexts.csv,SOURCE_PROVED_NOT_YET_ADMITTED
TP07F488,04:BB50:0:0:0,0x023B50,EE8A07,INC,ABS,UNKNOWN,1,DBR:078A,V05C-contexts.csv,SOURCE_PROVED_NOT_YET_ADMITTED
TP07F488,04:BB53:0:0:0,0x023B53,AD8A07,LDA,ABS,UNKNOWN,UNKNOWN|0,DBR:078A,V05C-contexts.csv,SOURCE_PROVED_NOT_YET_ADMITTED
TP07F488,04:BB56:0:0:0,0x023B56,8D9A07,STA,ABS,UNKNOWN,UNKNOWN,DBR:079A,V05C-contexts.csv,SOURCE_PROVED_NOT_YET_ADMITTED
TP07F488,04:BB59:0:0:0,0x023B59,AD8C07,LDA,ABS,UNKNOWN,UNKNOWN,DBR:078C,V05C-contexts.csv,SOURCE_PROVED_NOT_YET_ADMITTED
TP07F488,04:BB5C:0:0:0,0x023B5C,8D9C07,STA,ABS,UNKNOWN,UNKNOWN,DBR:079C,V05C-contexts.csv,SOURCE_PROVED_NOT_YET_ADMITTED
TP07F488,04:BB5F:0:0:0,0x023B5F,9C1704,STZ,ABS,UNKNOWN,UNKNOWN,DBR:0417,V05C-contexts.csv,SOURCE_PROVED_NOT_YET_ADMITTED
TP07F488,04:BB62:0:0:0,0x023B62,AD1704,LDA,ABS,UNKNOWN|0|1,UNKNOWN,DBR:0417,V05C-contexts.csv,SOURCE_PROVED_NOT_YET_ADMITTED
TP07F488,04:BB65:0:0:0,0x023B65,C90C00,CMP,IMM_M,UNKNOWN|0|1,UNKNOWN,NONE,V05C-contexts.csv,SOURCE_PROVED_NOT_YET_ADMITTED
TP07F488,04:BB68:0:0:0,0x023B68,9003,BCC,REL8,UNKNOWN,UNKNOWN,NONE,V05C-contexts.csv,SOURCE_PROVED_NOT_YET_ADMITTED
TP07F488,04:BB6A:0:0:0,0x023B6A,825D00,BRL,REL16,1,UNKNOWN,NONE,V05C-contexts.csv,SOURCE_PROVED_NOT_YET_ADMITTED
TP07F488,04:BB6D:0:0:0,0x023B6D,AD1704,LDA,ABS,0,UNKNOWN,DBR:0417,V05C-contexts.csv,SOURCE_PROVED_NOT_YET_ADMITTED
TP07F488,04:BB70:0:0:0,0x023B70,0A,ASL,ACC,0,UNKNOWN,NONE,V05C-contexts.csv,SOURCE_PROVED_NOT_YET_ADMITTED
TP07F488,04:BB71:0:0:0,0x023B71,0A,ASL,ACC,UNKNOWN,UNKNOWN,NONE,V05C-contexts.csv,SOURCE_PROVED_NOT_YET_ADMITTED
TP07F488,04:BB72:0:0:0,0x023B72,18,CLC,IMP,UNKNOWN,UNKNOWN,NONE,V05C-contexts.csv,SOURCE_PROVED_NOT_YET_ADMITTED
TP07F488,04:BB73:0:0:0,0x023B73,691302,ADC,IMM_M,0,UNKNOWN,NONE,V05C-contexts.csv,SOURCE_PROVED_NOT_YET_ADMITTED
TP07F488,04:BB76:0:0:0,0x023B76,A8,TAY,IMP,UNKNOWN,UNKNOWN,NONE,V05C-contexts.csv,SOURCE_PROVED_NOT_YET_ADMITTED
TP07F488,04:BB77:0:0:0,0x023B77,B75E,LDA,DP_IND_LONG_Y,UNKNOWN,UNKNOWN,NONE,V05C-contexts.csv,SOURCE_PROVED_NOT_YET_ADMITTED
TP07F488,04:BB79:0:0:0,0x023B79,D001,BNE,REL8,UNKNOWN,UNKNOWN,NONE,V05C-contexts.csv,SOURCE_PROVED_NOT_YET_ADMITTED
TP07F488,04:BB7B:0:0:0,0x023B7B,1A,INC,ACC,UNKNOWN,1,NONE,V05C-contexts.csv,SOURCE_PROVED_NOT_YET_ADMITTED
TP07F488,04:BB7C:0:0:0,0x023B7C,8D8A07,STA,ABS,UNKNOWN,UNKNOWN|0,DBR:078A,V05C-contexts.csv,SOURCE_PROVED_NOT_YET_ADMITTED
TP07F488,04:BB7F:0:0:0,0x023B7F,98,TYA,IMP,UNKNOWN,UNKNOWN|0,NONE,V05C-contexts.csv,SOURCE_PROVED_NOT_YET_ADMITTED
TP07F488,04:BB80:0:0:0,0x023B80,690200,ADC,IMM_M,UNKNOWN,UNKNOWN,NONE,V05C-contexts.csv,SOURCE_PROVED_NOT_YET_ADMITTED
TP07F488,04:BB83:0:0:0,0x023B83,A8,TAY,IMP,UNKNOWN,UNKNOWN,NONE,V05C-contexts.csv,SOURCE_PROVED_NOT_YET_ADMITTED
TP07F488,04:BB84:0:0:0,0x023B84,B75E,LDA,DP_IND_LONG_Y,UNKNOWN,UNKNOWN,NONE,V05C-contexts.csv,SOURCE_PROVED_NOT_YET_ADMITTED
TP07F488,04:BB86:0:0:0,0x023B86,8D8C07,STA,ABS,UNKNOWN,UNKNOWN,DBR:078C,V05C-contexts.csv,SOURCE_PROVED_NOT_YET_ADMITTED
TP07F488,04:BB89:0:0:0,0x023B89,AD8A07,LDA,ABS,UNKNOWN,UNKNOWN,DBR:078A,V05C-contexts.csv,SOURCE_PROVED_NOT_YET_ADMITTED
TP07F488,04:BB8C:0:0:0,0x023B8C,38,SEC,IMP,UNKNOWN,UNKNOWN,NONE,V05C-contexts.csv,SOURCE_PROVED_NOT_YET_ADMITTED
TP07F488,04:BB8D:0:0:0,0x023B8D,ED9E07,SBC,ABS,1,UNKNOWN,DBR:079E,V05C-contexts.csv,SOURCE_PROVED_NOT_YET_ADMITTED
TP07F488,04:BB90:0:0:0,0x023B90,8D8A07,STA,ABS,UNKNOWN,UNKNOWN,DBR:078A,V05C-contexts.csv,SOURCE_PROVED_NOT_YET_ADMITTED
TP07F488,04:BB93:0:0:0,0x023B93,AD8C07,LDA,ABS,UNKNOWN,UNKNOWN,DBR:078C,V05C-contexts.csv,SOURCE_PROVED_NOT_YET_ADMITTED
TP07F488,04:BB96:0:0:0,0x023B96,EDA007,SBC,ABS,UNKNOWN,UNKNOWN,DBR:07A0,V05C-contexts.csv,SOURCE_PROVED_NOT_YET_ADMITTED
TP07F488,04:BB99:0:0:0,0x023B99,8D8C07,STA,ABS,UNKNOWN,UNKNOWN,DBR:078C,V05C-contexts.csv,SOURCE_PROVED_NOT_YET_ADMITTED
TP07F488,04:BB9C:0:0:0,0x023B9C,2250BF04,JSL,ABSL_JUMP,UNKNOWN,UNKNOWN,NONE,V05C-contexts.csv,SOURCE_PROVED_NOT_YET_ADMITTED
TP07F488,04:BBA0:0:0:0,0x023BA0,AD9A07,LDA,ABS,UNKNOWN,UNKNOWN,DBR:079A,V05C-contexts.csv,SOURCE_PROVED_NOT_YET_ADMITTED
TP07F488,04:BBA3:0:0:0,0x023BA3,8D8E07,STA,ABS,UNKNOWN,UNKNOWN,DBR:078E,V05C-contexts.csv,SOURCE_PROVED_NOT_YET_ADMITTED
TP07F488,04:BBA6:0:0:0,0x023BA6,AD9C07,LDA,ABS,UNKNOWN,UNKNOWN,DBR:079C,V05C-contexts.csv,SOURCE_PROVED_NOT_YET_ADMITTED
TP07F488,04:BBA9:0:0:0,0x023BA9,8D9007,STA,ABS,UNKNOWN,UNKNOWN,DBR:0790,V05C-contexts.csv,SOURCE_PROVED_NOT_YET_ADMITTED
TP07F488,04:BBAC:0:0:0,0x023BAC,227EF807,JSL,ABSL_JUMP,UNKNOWN,UNKNOWN,NONE,V05C-contexts.csv,SOURCE_PROVED_NOT_YET_ADMITTED
TP07F488,04:BBB0:0:0:0,0x023BB0,AD1704,LDA,ABS,UNKNOWN|0|1,UNKNOWN,DBR:0417,V05C-contexts.csv,SOURCE_PROVED_NOT_YET_ADMITTED
TP07F488,04:BBB3:0:0:0,0x023BB3,0A,ASL,ACC,UNKNOWN|0|1,UNKNOWN,NONE,V05C-contexts.csv,SOURCE_PROVED_NOT_YET_ADMITTED
TP07F488,04:BBB4:0:0:0,0x023BB4,AA,TAX,IMP,UNKNOWN,UNKNOWN,NONE,V05C-contexts.csv,SOURCE_PROVED_NOT_YET_ADMITTED
TP07F488,04:BBB5:0:0:0,0x023BB5,AD8E07,LDA,ABS,UNKNOWN,UNKNOWN,DBR:078E,V05C-contexts.csv,SOURCE_PROVED_NOT_YET_ADMITTED
TP07F488,04:BBB8:0:0:0,0x023BB8,C93E00,CMP,IMM_M,UNKNOWN,UNKNOWN,NONE,V05C-contexts.csv,SOURCE_PROVED_NOT_YET_ADMITTED
TP07F488,04:BBBB:0:0:0,0x023BBB,9003,BCC,REL8,UNKNOWN,UNKNOWN,NONE,V05C-contexts.csv,SOURCE_PROVED_NOT_YET_ADMITTED
TP07F488,04:BBBD:0:0:0,0x023BBD,A93E00,LDA,IMM_M,1,UNKNOWN,NONE,V05C-contexts.csv,SOURCE_PROVED_NOT_YET_ADMITTED
TP07F488,04:BBC0:0:0:0,0x023BC0,9F6E1F00,STA,ABSL_X,0|1,UNKNOWN|0,00:1F6E+X,V05C-contexts.csv,SOURCE_PROVED_NOT_YET_ADMITTED
TP07F488,04:BBC4:0:0:0,0x023BC4,EE1704,INC,ABS,0|1,UNKNOWN|0,DBR:0417,V05C-contexts.csv,SOURCE_PROVED_NOT_YET_ADMITTED
TP07F488,04:BBC7:0:0:0,0x023BC7,8298FF,BRL,REL16,0|1,UNKNOWN,NONE,V05C-contexts.csv,SOURCE_PROVED_NOT_YET_ADMITTED
TP07F488,04:BBCA:0:0:0,0x023BCA,828502,BRL,REL16,1,UNKNOWN,NONE,V05C-contexts.csv,SOURCE_PROVED_NOT_YET_ADMITTED
TP07F488,04:BBCD:0:0:0,0x023BCD,C90600,CMP,IMM_M,UNKNOWN,0,NONE,V05C-contexts.csv,SOURCE_PROVED_NOT_YET_ADMITTED
TP07F488,04:BBD0:0:0:0,0x023BD0,F003,BEQ,REL8,UNKNOWN,UNKNOWN,NONE,V05C-contexts.csv,SOURCE_PROVED_NOT_YET_ADMITTED
TP07F488,04:BBD2:0:0:0,0x023BD2,823C01,BRL,REL16,UNKNOWN,0,NONE,V05C-contexts.csv,SOURCE_PROVED_NOT_YET_ADMITTED
TP07F488,04:BBD5:0:0:0,0x023BD5,9C9A07,STZ,ABS,UNKNOWN,1,DBR:079A,V05C-contexts.csv,SOURCE_PROVED_NOT_YET_ADMITTED
TP07F488,04:BBD8:0:0:0,0x023BD8,A900E1,LDA,IMM_M,UNKNOWN,1,NONE,V05C-contexts.csv,SOURCE_PROVED_NOT_YET_ADMITTED
TP07F488,04:BBDB:0:0:0,0x023BDB,8D9E07,STA,ABS,UNKNOWN,0,DBR:079E,V05C-contexts.csv,SOURCE_PROVED_NOT_YET_ADMITTED
TP07F488,04:BBDE:0:0:0,0x023BDE,9C9C07,STZ,ABS,UNKNOWN,0,DBR:079C,V05C-contexts.csv,SOURCE_PROVED_NOT_YET_ADMITTED
TP07F488,04:BBE1:0:0:0,0x023BE1,A9F505,LDA,IMM_M,UNKNOWN,0,NONE,V05C-contexts.csv,SOURCE_PROVED_NOT_YET_ADMITTED
TP07F488,04:BBE4:0:0:0,0x023BE4,8DA007,STA,ABS,UNKNOWN,0,DBR:07A0,V05C-contexts.csv,SOURCE_PROVED_NOT_YET_ADMITTED
TP07F488,04:BBE7:0:0:0,0x023BE7,9C1704,STZ,ABS,UNKNOWN,0,DBR:0417,V05C-contexts.csv,SOURCE_PROVED_NOT_YET_ADMITTED
TP07F488,04:BBEA:0:0:0,0x023BEA,AD1704,LDA,ABS,UNKNOWN|0|1,UNKNOWN|0,DBR:0417,V05C-contexts.csv,SOURCE_PROVED_NOT_YET_ADMITTED
TP07F488,04:BBED:0:0:0,0x023BED,C90C00,CMP,IMM_M,UNKNOWN|0|1,UNKNOWN,NONE,V05C-contexts.csv,SOURCE_PROVED_NOT_YET_ADMITTED
TP07F488,04:BBF0:0:0:0,0x023BF0,9003,BCC,REL8,UNKNOWN,UNKNOWN,NONE,V05C-contexts.csv,SOURCE_PROVED_NOT_YET_ADMITTED
TP07F488,04:BBF2:0:0:0,0x023BF2,826900,BRL,REL16,1,UNKNOWN,NONE,V05C-contexts.csv,SOURCE_PROVED_NOT_YET_ADMITTED
TP07F488,04:BBF5:0:0:0,0x023BF5,AD1704,LDA,ABS,0,UNKNOWN,DBR:0417,V05C-contexts.csv,SOURCE_PROVED_NOT_YET_ADMITTED
TP07F488,04:BBF8:0:0:0,0x023BF8,0A,ASL,ACC,0,UNKNOWN,NONE,V05C-contexts.csv,SOURCE_PROVED_NOT_YET_ADMITTED
TP07F488,04:BBF9:0:0:0,0x023BF9,0A,ASL,ACC,UNKNOWN,UNKNOWN,NONE,V05C-contexts.csv,SOURCE_PROVED_NOT_YET_ADMITTED
TP07F488,04:BBFA:0:0:0,0x023BFA,18,CLC,IMP,UNKNOWN,UNKNOWN,NONE,V05C-contexts.csv,SOURCE_PROVED_NOT_YET_ADMITTED
TP07F488,04:BBFB:0:0:0,0x023BFB,69A902,ADC,IMM_M,0,UNKNOWN,NONE,V05C-contexts.csv,SOURCE_PROVED_NOT_YET_ADMITTED
TP07F488,04:BBFE:0:0:0,0x023BFE,A8,TAY,IMP,UNKNOWN,UNKNOWN,NONE,V05C-contexts.csv,SOURCE_PROVED_NOT_YET_ADMITTED
TP07F488,04:BBFF:0:0:0,0x023BFF,B75E,LDA,DP_IND_LONG_Y,UNKNOWN,UNKNOWN,NONE,V05C-contexts.csv,SOURCE_PROVED_NOT_YET_ADMITTED
TP07F488,04:BC01:0:0:0,0x023C01,8D8C07,STA,ABS,UNKNOWN,UNKNOWN,DBR:078C,V05C-contexts.csv,SOURCE_PROVED_NOT_YET_ADMITTED
TP07F488,04:BC04:0:0:0,0x023C04,AD1704,LDA,ABS,UNKNOWN,UNKNOWN,DBR:0417,V05C-contexts.csv,SOURCE_PROVED_NOT_YET_ADMITTED
TP07F488,04:BC07:0:0:0,0x023C07,0A,ASL,ACC,UNKNOWN,UNKNOWN,NONE,V05C-contexts.csv,SOURCE_PROVED_NOT_YET_ADMITTED
TP07F488,04:BC08:0:0:0,0x023C08,0A,ASL,ACC,UNKNOWN,UNKNOWN,NONE,V05C-contexts.csv,SOURCE_PROVED_NOT_YET_ADMITTED
TP07F488,04:BC09:0:0:0,0x023C09,18,CLC,IMP,UNKNOWN,UNKNOWN,NONE,V05C-contexts.csv,SOURCE_PROVED_NOT_YET_ADMITTED
TP07F488,04:BC0A:0:0:0,0x023C0A,69A702,ADC,IMM_M,0,UNKNOWN,NONE,V05C-contexts.csv,SOURCE_PROVED_NOT_YET_ADMITTED
TP07F488,04:BC0D:0:0:0,0x023C0D,A8,TAY,IMP,UNKNOWN,UNKNOWN,NONE,V05C-contexts.csv,SOURCE_PROVED_NOT_YET_ADMITTED
TP07F488,04:BC0E:0:0:0,0x023C0E,B75E,LDA,DP_IND_LONG_Y,UNKNOWN,UNKNOWN,NONE,V05C-contexts.csv,SOURCE_PROVED_NOT_YET_ADMITTED
TP07F488,04:BC10:0:0:0,0x023C10,D001,BNE,REL8,UNKNOWN,UNKNOWN,NONE,V05C-contexts.csv,SOURCE_PROVED_NOT_YET_ADMITTED
TP07F488,04:BC12:0:0:0,0x023C12,1A,INC,ACC,UNKNOWN,1,NONE,V05C-contexts.csv,SOURCE_PROVED_NOT_YET_ADMITTED
TP07F488,04:BC13:0:0:0,0x023C13,8D8A07,STA,ABS,UNKNOWN,UNKNOWN|0,DBR:078A,V05C-contexts.csv,SOURCE_PROVED_NOT_YET_ADMITTED
TP07F488,04:BC16:0:0:0,0x023C16,AD8C07,LDA,ABS,UNKNOWN,UNKNOWN|0,DBR:078C,V05C-contexts.csv,SOURCE_PROVED_NOT_YET_ADMITTED
TP07F488,04:BC19:0:0:0,0x023C19,CD9C07,CMP,ABS,UNKNOWN,UNKNOWN,DBR:079C,V05C-contexts.csv,SOURCE_PROVED_NOT_YET_ADMITTED
TP07F488,04:BC1C:0:0:0,0x023C1C,F002,BEQ,REL8,UNKNOWN,UNKNOWN,NONE,V05C-contexts.csv,SOURCE_PROVED_NOT_YET_ADMITTED
TP07F488,04:BC1E:0:0:0,0x023C1E,B00D,BCS,REL8,UNKNOWN,0,NONE,V05C-contexts.csv,SOURCE_PROVED_NOT_YET_ADMITTED
TP07F488,04:BC20:0:0:0,0x023C20,AD8A07,LDA,ABS,UNKNOWN|0,0|1,DBR:078A,V05C-contexts.csv,SOURCE_PROVED_NOT_YET_ADMITTED
TP07F488,04:BC23:0:0:0,0x023C23,CD9A07,CMP,ABS,UNKNOWN|0,UNKNOWN,DBR:079A,V05C-contexts.csv,SOURCE_PROVED_NOT_YET_ADMITTED
TP07F488,04:BC26:0:0:0,0x023C26,F002,BEQ,REL8,UNKNOWN,UNKNOWN,NONE,V05C-contexts.csv,SOURCE_PROVED_NOT_YET_ADMITTED
TP07F488,04:BC28:0:0:0,0x023C28,B003,BCS,REL8,UNKNOWN,0,NONE,V05C-contexts.csv,SOURCE_PROVED_NOT_YET_ADMITTED
TP07F488,04:BC2A:0:0:0,0x023C2A,820C00,BRL,REL16,UNKNOWN|0,0|1,NONE,V05C-contexts.csv,SOURCE_PROVED_NOT_YET_ADMITTED
TP07F488,04:BC2D:0:0:0,0x023C2D,AD8A07,LDA,ABS,1,0,DBR:078A,V05C-contexts.csv,SOURCE_PROVED_NOT_YET_ADMITTED
TP07F488,04:BC30:0:0:0,0x023C30,8D9A07,STA,ABS,1,UNKNOWN,DBR:079A,V05C-contexts.csv,SOURCE_PROVED_NOT_YET_ADMITTED
TP07F488,04:BC33:0:0:0,0x023C33,AD8C07,LDA,ABS,1,UNKNOWN,DBR:078C,V05C-contexts.csv,SOURCE_PROVED_NOT_YET_ADMITTED
TP07F488,04:BC36:0:0:0,0x023C36,8D9C07,STA,ABS,1,UNKNOWN,DBR:079C,V05C-contexts.csv,SOURCE_PROVED_NOT_YET_ADMITTED
TP07F488,04:BC39:0:0:0,0x023C39,AD8C07,LDA,ABS,UNKNOWN|0|1,UNKNOWN|0|1,DBR:078C,V05C-contexts.csv,SOURCE_PROVED_NOT_YET_ADMITTED
TP07F488,04:BC3C:0:0:0,0x023C3C,CDA007,CMP,ABS,UNKNOWN|0|1,UNKNOWN,DBR:07A0,V05C-contexts.csv,SOURCE_PROVED_NOT_YET_ADMITTED
TP07F488,04:BC3F:0:0:0,0x023C3F,900B,BCC,REL8,UNKNOWN,UNKNOWN,NONE,V05C-contexts.csv,SOURCE_PROVED_NOT_YET_ADMITTED
TP07F488,04:BC41:0:0:0,0x023C41,AD8A07,LDA,ABS,1,UNKNOWN,DBR:078A,V05C-contexts.csv,SOURCE_PROVED_NOT_YET_ADMITTED
TP07F488,04:BC44:0:0:0,0x023C44,CD9E07,CMP,ABS,1,UNKNOWN,DBR:079E,V05C-contexts.csv,SOURCE_PROVED_NOT_YET_ADMITTED
TP07F488,04:BC47:0:0:0,0x023C47,9003,BCC,REL8,UNKNOWN,UNKNOWN,NONE,V05C-contexts.csv,SOURCE_PROVED_NOT_YET_ADMITTED
TP07F488,04:BC49:0:0:0,0x023C49,820C00,BRL,REL16,1,UNKNOWN,NONE,V05C-contexts.csv,SOURCE_PROVED_NOT_YET_ADMITTED
TP07F488,04:BC4C:0:0:0,0x023C4C,AD8A07,LDA,ABS,0,UNKNOWN,DBR:078A,V05C-contexts.csv,SOURCE_PROVED_NOT_YET_ADMITTED
TP07F488,04:BC4F:0:0:0,0x023C4F,8D9E07,STA,ABS,0,UNKNOWN,DBR:079E,V05C-contexts.csv,SOURCE_PROVED_NOT_YET_ADMITTED
TP07F488,04:BC52:0:0:0,0x023C52,AD8C07,LDA,ABS,0,UNKNOWN,DBR:078C,V05C-contexts.csv,SOURCE_PROVED_NOT_YET_ADMITTED
TP07F488,04:BC55:0:0:0,0x023C55,8DA007,STA,ABS,0,UNKNOWN,DBR:07A0,V05C-contexts.csv,SOURCE_PROVED_NOT_YET_ADMITTED
TP07F488,04:BC58:0:0:0,0x023C58,EE1704,INC,ABS,0|1,UNKNOWN,DBR:0417,V05C-contexts.csv,SOURCE_PROVED_NOT_YET_ADMITTED
TP07F488,04:BC5B:0:0:0,0x023C5B,828CFF,BRL,REL16,0|1,UNKNOWN,NONE,V05C-contexts.csv,SOURCE_PROVED_NOT_YET_ADMITTED
TP07F488,04:BC5E:0:0:0,0x023C5E,AD9C07,LDA,ABS,1,UNKNOWN,DBR:079C,V05C-contexts.csv,SOURCE_PROVED_NOT_YET_ADMITTED
TP07F488,04:BC61:0:0:0,0x023C61,CDA007,CMP,ABS,1,UNKNOWN,DBR:07A0,V05C-contexts.csv,SOURCE_PROVED_NOT_YET_ADMITTED
TP07F488,04:BC64:0:0:0,0x023C64,D014,BNE,REL8,UNKNOWN,UNKNOWN,NONE,V05C-contexts.csv,SOURCE_PROVED_NOT_YET_ADMITTED
TP07F488,04:BC66:0:0:0,0x023C66,AD9A07,LDA,ABS,UNKNOWN,1,DBR:079A,V05C-contexts.csv,SOURCE_PROVED_NOT_YET_ADMITTED
TP07F488,04:BC69:0:0:0,0x023C69,CD9E07,CMP,ABS,UNKNOWN,UNKNOWN,DBR:079E,V05C-contexts.csv,SOURCE_PROVED_NOT_YET_ADMITTED
TP07F488,04:BC6C:0:0:0,0x023C6C,D00C,BNE,REL8,UNKNOWN,UNKNOWN,NONE,V05C-contexts.csv,SOURCE_PROVED_NOT_YET_ADMITTED
TP07F488,04:BC6E:0:0:0,0x023C6E,9C9E07,STZ,ABS,UNKNOWN,1,DBR:079E,V05C-contexts.csv,SOURCE_PROVED_NOT_YET_ADMITTED
TP07F488,04:BC71:0:0:0,0x023C71,9CA007,STZ,ABS,UNKNOWN,1,DBR:07A0,V05C-contexts.csv,SOURCE_PROVED_NOT_YET_ADMITTED
TP07F488,04:BC74:0:0:0,0x023C74,0E9A07,ASL,ABS,UNKNOWN,1,DBR:079A,V05C-contexts.csv,SOURCE_PROVED_NOT_YET_ADMITTED
TP07F488,04:BC77:0:0:0,0x023C77,2E9C07,ROL,ABS,UNKNOWN,UNKNOWN,DBR:079C,V05C-contexts.csv,SOURCE_PROVED_NOT_YET_ADMITTED
TP07F488,04:BC7A:0:0:0,0x023C7A,AD9A07,LDA,ABS,UNKNOWN,UNKNOWN|0,DBR:079A,V05C-contexts.csv,SOURCE_PROVED_NOT_YET_ADMITTED
TP07F488,04:BC7D:0:0:0,0x023C7D,38,SEC,IMP,UNKNOWN,UNKNOWN,NONE,V05C-contexts.csv,SOURCE_PROVED_NOT_YET_ADMITTED
TP07F488,04:BC7E:0:0:0,0x023C7E,ED9E07,SBC,ABS,1,UNKNOWN,DBR:079E,V05C-contexts.csv,SOURCE_PROVED_NOT_YET_ADMITTED
TP07F488,04:BC81:0:0:0,0x023C81,8D8A07,STA,ABS,UNKNOWN,UNKNOWN,DBR:078A,V05C-contexts.csv,SOURCE_PROVED_NOT_YET_ADMITTED
TP07F488,04:BC84:0:0:0,0x023C84,AD9C07,LDA,ABS,UNKNOWN,UNKNOWN,DBR:079C,V05C-contexts.csv,SOURCE_PROVED_NOT_YET_ADMITTED
TP07F488,04:BC87:0:0:0,0x023C87,EDA007,SBC,ABS,UNKNOWN,UNKNOWN,DBR:07A0,V05C-contexts.csv,SOURCE_PROVED_NOT_YET_ADMITTED
TP07F488,04:BC8A:0:0:0,0x023C8A,8D8C07,STA,ABS,UNKNOWN,UNKNOWN,DBR:078C,V05C-contexts.csv,SOURCE_PROVED_NOT_YET_ADMITTED
TP07F488,04:BC8D:0:0:0,0x023C8D,D008,BNE,REL8,UNKNOWN,UNKNOWN,NONE,V05C-contexts.csv,SOURCE_PROVED_NOT_YET_ADMITTED
TP07F488,04:BC8F:0:0:0,0x023C8F,AD8A07,LDA,ABS,UNKNOWN,1,DBR:078A,V05C-contexts.csv,SOURCE_PROVED_NOT_YET_ADMITTED
TP07F488,04:BC92:0:0:0,0x023C92,D003,BNE,REL8,UNKNOWN,UNKNOWN,NONE,V05C-contexts.csv,SOURCE_PROVED_NOT_YET_ADMITTED
TP07F488,04:BC94:0:0:0,0x023C94,EE8A07,INC,ABS,UNKNOWN,1,DBR:078A,V05C-contexts.csv,SOURCE_PROVED_NOT_YET_ADMITTED
TP07F488,04:BC97:0:0:0,0x023C97,AD8A07,LDA,ABS,UNKNOWN,UNKNOWN|0,DBR:078A,V05C-contexts.csv,SOURCE_PROVED_NOT_YET_ADMITTED
TP07F488,04:BC9A:0:0:0,0x023C9A,8D9A07,STA,ABS,UNKNOWN,UNKNOWN,DBR:079A,V05C-contexts.csv,SOURCE_PROVED_NOT_YET_ADMITTED
TP07F488,04:BC9D:0:0:0,0x023C9D,AD8C07,LDA,ABS,UNKNOWN,UNKNOWN,DBR:078C,V05C-contexts.csv,SOURCE_PROVED_NOT_YET_ADMITTED
TP07F488,04:BCA0:0:0:0,0x023CA0,8D9C07,STA,ABS,UNKNOWN,UNKNOWN,DBR:079C,V05C-contexts.csv,SOURCE_PROVED_NOT_YET_ADMITTED
TP07F488,04:BCA3:0:0:0,0x023CA3,9C1704,STZ,ABS,UNKNOWN,UNKNOWN,DBR:0417,V05C-contexts.csv,SOURCE_PROVED_NOT_YET_ADMITTED
TP07F488,04:BCA6:0:0:0,0x023CA6,AD1704,LDA,ABS,UNKNOWN|0|1,UNKNOWN,DBR:0417,V05C-contexts.csv,SOURCE_PROVED_NOT_YET_ADMITTED
TP07F488,04:BCA9:0:0:0,0x023CA9,C90C00,CMP,IMM_M,UNKNOWN|0|1,UNKNOWN,NONE,V05C-contexts.csv,SOURCE_PROVED_NOT_YET_ADMITTED
TP07F488,04:BCAC:0:0:0,0x023CAC,9003,BCC,REL8,UNKNOWN,UNKNOWN,NONE,V05C-contexts.csv,SOURCE_PROVED_NOT_YET_ADMITTED
TP07F488,04:BCAE:0:0:0,0x023CAE,825D00,BRL,REL16,1,UNKNOWN,NONE,V05C-contexts.csv,SOURCE_PROVED_NOT_YET_ADMITTED
TP07F488,04:BCB1:0:0:0,0x023CB1,AD1704,LDA,ABS,0,UNKNOWN,DBR:0417,V05C-contexts.csv,SOURCE_PROVED_NOT_YET_ADMITTED
TP07F488,04:BCB4:0:0:0,0x023CB4,0A,ASL,ACC,0,UNKNOWN,NONE,V05C-contexts.csv,SOURCE_PROVED_NOT_YET_ADMITTED
TP07F488,04:BCB5:0:0:0,0x023CB5,0A,ASL,ACC,UNKNOWN,UNKNOWN,NONE,V05C-contexts.csv,SOURCE_PROVED_NOT_YET_ADMITTED
TP07F488,04:BCB6:0:0:0,0x023CB6,18,CLC,IMP,UNKNOWN,UNKNOWN,NONE,V05C-contexts.csv,SOURCE_PROVED_NOT_YET_ADMITTED
TP07F488,04:BCB7:0:0:0,0x023CB7,69A702,ADC,IMM_M,0,UNKNOWN,NONE,V05C-contexts.csv,SOURCE_PROVED_NOT_YET_ADMITTED
TP07F488,04:BCBA:0:0:0,0x023CBA,A8,TAY,IMP,UNKNOWN,UNKNOWN,NONE,V05C-contexts.csv,SOURCE_PROVED_NOT_YET_ADMITTED
TP07F488,04:BCBB:0:0:0,0x023CBB,B75E,LDA,DP_IND_LONG_Y,UNKNOWN,UNKNOWN,NONE,V05C-contexts.csv,SOURCE_PROVED_NOT_YET_ADMITTED
TP07F488,04:BCBD:0:0:0,0x023CBD,D001,BNE,REL8,UNKNOWN,UNKNOWN,NONE,V05C-contexts.csv,SOURCE_PROVED_NOT_YET_ADMITTED
TP07F488,04:BCBF:0:0:0,0x023CBF,1A,INC,ACC,UNKNOWN,1,NONE,V05C-contexts.csv,SOURCE_PROVED_NOT_YET_ADMITTED
TP07F488,04:BCC0:0:0:0,0x023CC0,8D8A07,STA,ABS,UNKNOWN,UNKNOWN|0,DBR:078A,V05C-contexts.csv,SOURCE_PROVED_NOT_YET_ADMITTED
TP07F488,04:BCC3:0:0:0,0x023CC3,98,TYA,IMP,UNKNOWN,UNKNOWN|0,NONE,V05C-contexts.csv,SOURCE_PROVED_NOT_YET_ADMITTED
TP07F488,04:BCC4:0:0:0,0x023CC4,690200,ADC,IMM_M,UNKNOWN,UNKNOWN,NONE,V05C-contexts.csv,SOURCE_PROVED_NOT_YET_ADMITTED
TP07F488,04:BCC7:0:0:0,0x023CC7,A8,TAY,IMP,UNKNOWN,UNKNOWN,NONE,V05C-contexts.csv,SOURCE_PROVED_NOT_YET_ADMITTED
TP07F488,04:BCC8:0:0:0,0x023CC8,B75E,LDA,DP_IND_LONG_Y,UNKNOWN,UNKNOWN,NONE,V05C-contexts.csv,SOURCE_PROVED_NOT_YET_ADMITTED
TP07F488,04:BCCA:0:0:0,0x023CCA,8D8C07,STA,ABS,UNKNOWN,UNKNOWN,DBR:078C,V05C-contexts.csv,SOURCE_PROVED_NOT_YET_ADMITTED
TP07F488,04:BCCD:0:0:0,0x023CCD,AD8A07,LDA,ABS,UNKNOWN,UNKNOWN,DBR:078A,V05C-contexts.csv,SOURCE_PROVED_NOT_YET_ADMITTED
TP07F488,04:BCD0:0:0:0,0x023CD0,38,SEC,IMP,UNKNOWN,UNKNOWN,NONE,V05C-contexts.csv,SOURCE_PROVED_NOT_YET_ADMITTED
TP07F488,04:BCD1:0:0:0,0x023CD1,ED9E07,SBC,ABS,1,UNKNOWN,DBR:079E,V05C-contexts.csv,SOURCE_PROVED_NOT_YET_ADMITTED
TP07F488,04:BCD4:0:0:0,0x023CD4,8D8A07,STA,ABS,UNKNOWN,UNKNOWN,DBR:078A,V05C-contexts.csv,SOURCE_PROVED_NOT_YET_ADMITTED
TP07F488,04:BCD7:0:0:0,0x023CD7,AD8C07,LDA,ABS,UNKNOWN,UNKNOWN,DBR:078C,V05C-contexts.csv,SOURCE_PROVED_NOT_YET_ADMITTED
TP07F488,04:BCDA:0:0:0,0x023CDA,EDA007,SBC,ABS,UNKNOWN,UNKNOWN,DBR:07A0,V05C-contexts.csv,SOURCE_PROVED_NOT_YET_ADMITTED
TP07F488,04:BCDD:0:0:0,0x023CDD,8D8C07,STA,ABS,UNKNOWN,UNKNOWN,DBR:078C,V05C-contexts.csv,SOURCE_PROVED_NOT_YET_ADMITTED
TP07F488,04:BCE0:0:0:0,0x023CE0,2250BF04,JSL,ABSL_JUMP,UNKNOWN,UNKNOWN,NONE,V05C-contexts.csv,SOURCE_PROVED_NOT_YET_ADMITTED
TP07F488,04:BCE4:0:0:0,0x023CE4,AD9A07,LDA,ABS,UNKNOWN,UNKNOWN,DBR:079A,V05C-contexts.csv,SOURCE_PROVED_NOT_YET_ADMITTED
TP07F488,04:BCE7:0:0:0,0x023CE7,8D8E07,STA,ABS,UNKNOWN,UNKNOWN,DBR:078E,V05C-contexts.csv,SOURCE_PROVED_NOT_YET_ADMITTED
TP07F488,04:BCEA:0:0:0,0x023CEA,AD9C07,LDA,ABS,UNKNOWN,UNKNOWN,DBR:079C,V05C-contexts.csv,SOURCE_PROVED_NOT_YET_ADMITTED
TP07F488,04:BCED:0:0:0,0x023CED,8D9007,STA,ABS,UNKNOWN,UNKNOWN,DBR:0790,V05C-contexts.csv,SOURCE_PROVED_NOT_YET_ADMITTED
TP07F488,04:BCF0:0:0:0,0x023CF0,227EF807,JSL,ABSL_JUMP,UNKNOWN,UNKNOWN,NONE,V05C-contexts.csv,SOURCE_PROVED_NOT_YET_ADMITTED
TP07F488,04:BCF4:0:0:0,0x023CF4,AD1704,LDA,ABS,UNKNOWN|0|1,UNKNOWN,DBR:0417,V05C-contexts.csv,SOURCE_PROVED_NOT_YET_ADMITTED
TP07F488,04:BCF7:0:0:0,0x023CF7,0A,ASL,ACC,UNKNOWN|0|1,UNKNOWN,NONE,V05C-contexts.csv,SOURCE_PROVED_NOT_YET_ADMITTED
TP07F488,04:BCF8:0:0:0,0x023CF8,AA,TAX,IMP,UNKNOWN,UNKNOWN,NONE,V05C-contexts.csv,SOURCE_PROVED_NOT_YET_ADMITTED
TP07F488,04:BCF9:0:0:0,0x023CF9,AD8E07,LDA,ABS,UNKNOWN,UNKNOWN,DBR:078E,V05C-contexts.csv,SOURCE_PROVED_NOT_YET_ADMITTED
TP07F488,04:BCFC:0:0:0,0x023CFC,C93E00,CMP,IMM_M,UNKNOWN,UNKNOWN,NONE,V05C-contexts.csv,SOURCE_PROVED_NOT_YET_ADMITTED
TP07F488,04:BCFF:0:0:0,0x023CFF,9003,BCC,REL8,UNKNOWN,UNKNOWN,NONE,V05C-contexts.csv,SOURCE_PROVED_NOT_YET_ADMITTED
TP07F488,04:BD01:0:0:0,0x023D01,A93E00,LDA,IMM_M,1,UNKNOWN,NONE,V05C-contexts.csv,SOURCE_PROVED_NOT_YET_ADMITTED
TP07F488,04:BD04:0:0:0,0x023D04,9F6E1F00,STA,ABSL_X,0|1,UNKNOWN|0,00:1F6E+X,V05C-contexts.csv,SOURCE_PROVED_NOT_YET_ADMITTED
TP07F488,04:BD08:0:0:0,0x023D08,EE1704,INC,ABS,0|1,UNKNOWN|0,DBR:0417,V05C-contexts.csv,SOURCE_PROVED_NOT_YET_ADMITTED
TP07F488,04:BD0B:0:0:0,0x023D0B,8298FF,BRL,REL16,0|1,UNKNOWN,NONE,V05C-contexts.csv,SOURCE_PROVED_NOT_YET_ADMITTED
TP07F488,04:BD0E:0:0:0,0x023D0E,824101,BRL,REL16,1,UNKNOWN,NONE,V05C-contexts.csv,SOURCE_PROVED_NOT_YET_ADMITTED
TP07F488,04:BD11:0:0:0,0x023D11,C90700,CMP,IMM_M,UNKNOWN,0,NONE,V05C-contexts.csv,SOURCE_PROVED_NOT_YET_ADMITTED
TP07F488,04:BD14:0:0:0,0x023D14,F003,BEQ,REL8,UNKNOWN,UNKNOWN,NONE,V05C-contexts.csv,SOURCE_PROVED_NOT_YET_ADMITTED
TP07F488,04:BD16:0:0:0,0x023D16,823901,BRL,REL16,UNKNOWN,0,NONE,V05C-contexts.csv,SOURCE_PROVED_NOT_YET_ADMITTED
TP07F488,04:BD19:0:0:0,0x023D19,9C9A07,STZ,ABS,UNKNOWN,1,DBR:079A,V05C-contexts.csv,SOURCE_PROVED_NOT_YET_ADMITTED
TP07F488,04:BD1C:0:0:0,0x023D1C,A900E1,LDA,IMM_M,UNKNOWN,1,NONE,V05C-contexts.csv,SOURCE_PROVED_NOT_YET_ADMITTED
TP07F488,04:BD1F:0:0:0,0x023D1F,8D9E07,STA,ABS,UNKNOWN,0,DBR:079E,V05C-contexts.csv,SOURCE_PROVED_NOT_YET_ADMITTED
TP07F488,04:BD22:0:0:0,0x023D22,9C9C07,STZ,ABS,UNKNOWN,0,DBR:079C,V05C-contexts.csv,SOURCE_PROVED_NOT_YET_ADMITTED
TP07F488,04:BD25:0:0:0,0x023D25,A9F505,LDA,IMM_M,UNKNOWN,0,NONE,V05C-contexts.csv,SOURCE_PROVED_NOT_YET_ADMITTED
TP07F488,04:BD28:0:0:0,0x023D28,8DA007,STA,ABS,UNKNOWN,0,DBR:07A0,V05C-contexts.csv,SOURCE_PROVED_NOT_YET_ADMITTED
TP07F488,04:BD2B:0:0:0,0x023D2B,9C1704,STZ,ABS,UNKNOWN,0,DBR:0417,V05C-contexts.csv,SOURCE_PROVED_NOT_YET_ADMITTED
TP07F488,04:BD2E:0:0:0,0x023D2E,AD1704,LDA,ABS,UNKNOWN|0|1,UNKNOWN|0,DBR:0417,V05C-contexts.csv,SOURCE_PROVED_NOT_YET_ADMITTED
TP07F488,04:BD31:0:0:0,0x023D31,C90C00,CMP,IMM_M,UNKNOWN|0|1,UNKNOWN,NONE,V05C-contexts.csv,SOURCE_PROVED_NOT_YET_ADMITTED
TP07F488,04:BD34:0:0:0,0x023D34,9003,BCC,REL8,UNKNOWN,UNKNOWN,NONE,V05C-contexts.csv,SOURCE_PROVED_NOT_YET_ADMITTED
TP07F488,04:BD36:0:0:0,0x023D36,826900,BRL,REL16,1,UNKNOWN,NONE,V05C-contexts.csv,SOURCE_PROVED_NOT_YET_ADMITTED
TP07F488,04:BD39:0:0:0,0x023D39,AD1704,LDA,ABS,0,UNKNOWN,DBR:0417,V05C-contexts.csv,SOURCE_PROVED_NOT_YET_ADMITTED
TP07F488,04:BD3C:0:0:0,0x023D3C,0A,ASL,ACC,0,UNKNOWN,NONE,V05C-contexts.csv,SOURCE_PROVED_NOT_YET_ADMITTED
TP07F488,04:BD3D:0:0:0,0x023D3D,0A,ASL,ACC,UNKNOWN,UNKNOWN,NONE,V05C-contexts.csv,SOURCE_PROVED_NOT_YET_ADMITTED
TP07F488,04:BD3E:0:0:0,0x023D3E,18,CLC,IMP,UNKNOWN,UNKNOWN,NONE,V05C-contexts.csv,SOURCE_PROVED_NOT_YET_ADMITTED
TP07F488,04:BD3F:0:0:0,0x023D3F,69D103,ADC,IMM_M,0,UNKNOWN,NONE,V05C-contexts.csv,SOURCE_PROVED_NOT_YET_ADMITTED
TP07F488,04:BD42:0:0:0,0x023D42,A8,TAY,IMP,UNKNOWN,UNKNOWN,NONE,V05C-contexts.csv,SOURCE_PROVED_NOT_YET_ADMITTED
TP07F488,04:BD43:0:0:0,0x023D43,B75E,LDA,DP_IND_LONG_Y,UNKNOWN,UNKNOWN,NONE,V05C-contexts.csv,SOURCE_PROVED_NOT_YET_ADMITTED
TP07F488,04:BD45:0:0:0,0x023D45,8D8C07,STA,ABS,UNKNOWN,UNKNOWN,DBR:078C,V05C-contexts.csv,SOURCE_PROVED_NOT_YET_ADMITTED
TP07F488,04:BD48:0:0:0,0x023D48,AD1704,LDA,ABS,UNKNOWN,UNKNOWN,DBR:0417,V05C-contexts.csv,SOURCE_PROVED_NOT_YET_ADMITTED
TP07F488,04:BD4B:0:0:0,0x023D4B,0A,ASL,ACC,UNKNOWN,UNKNOWN,NONE,V05C-contexts.csv,SOURCE_PROVED_NOT_YET_ADMITTED
TP07F488,04:BD4C:0:0:0,0x023D4C,0A,ASL,ACC,UNKNOWN,UNKNOWN,NONE,V05C-contexts.csv,SOURCE_PROVED_NOT_YET_ADMITTED
TP07F488,04:BD4D:0:0:0,0x023D4D,18,CLC,IMP,UNKNOWN,UNKNOWN,NONE,V05C-contexts.csv,SOURCE_PROVED_NOT_YET_ADMITTED
TP07F488,04:BD4E:0:0:0,0x023D4E,69CF03,ADC,IMM_M,0,UNKNOWN,NONE,V05C-contexts.csv,SOURCE_PROVED_NOT_YET_ADMITTED
TP07F488,04:BD51:0:0:0,0x023D51,A8,TAY,IMP,UNKNOWN,UNKNOWN,NONE,V05C-contexts.csv,SOURCE_PROVED_NOT_YET_ADMITTED
TP07F488,04:BD52:0:0:0,0x023D52,B75E,LDA,DP_IND_LONG_Y,UNKNOWN,UNKNOWN,NONE,V05C-contexts.csv,SOURCE_PROVED_NOT_YET_ADMITTED
TP07F488,04:BD54:0:0:0,0x023D54,D001,BNE,REL8,UNKNOWN,UNKNOWN,NONE,V05C-contexts.csv,SOURCE_PROVED_NOT_YET_ADMITTED
TP07F488,04:BD56:0:0:0,0x023D56,1A,INC,ACC,UNKNOWN,1,NONE,V05C-contexts.csv,SOURCE_PROVED_NOT_YET_ADMITTED
TP07F488,04:BD57:0:0:0,0x023D57,8D8A07,STA,ABS,UNKNOWN,UNKNOWN|0,DBR:078A,V05C-contexts.csv,SOURCE_PROVED_NOT_YET_ADMITTED
TP07F488,04:BD5A:0:0:0,0x023D5A,AD8C07,LDA,ABS,UNKNOWN,UNKNOWN|0,DBR:078C,V05C-contexts.csv,SOURCE_PROVED_NOT_YET_ADMITTED
TP07F488,04:BD5D:0:0:0,0x023D5D,CD9C07,CMP,ABS,UNKNOWN,UNKNOWN,DBR:079C,V05C-contexts.csv,SOURCE_PROVED_NOT_YET_ADMITTED
TP07F488,04:BD60:0:0:0,0x023D60,F002,BEQ,REL8,UNKNOWN,UNKNOWN,NONE,V05C-contexts.csv,SOURCE_PROVED_NOT_YET_ADMITTED
TP07F488,04:BD62:0:0:0,0x023D62,B00D,BCS,REL8,UNKNOWN,0,NONE,V05C-contexts.csv,SOURCE_PROVED_NOT_YET_ADMITTED
TP07F488,04:BD64:0:0:0,0x023D64,AD8A07,LDA,ABS,UNKNOWN|0,0|1,DBR:078A,V05C-contexts.csv,SOURCE_PROVED_NOT_YET_ADMITTED
TP07F488,04:BD67:0:0:0,0x023D67,CD9A07,CMP,ABS,UNKNOWN|0,UNKNOWN,DBR:079A,V05C-contexts.csv,SOURCE_PROVED_NOT_YET_ADMITTED
TP07F488,04:BD6A:0:0:0,0x023D6A,F002,BEQ,REL8,UNKNOWN,UNKNOWN,NONE,V05C-contexts.csv,SOURCE_PROVED_NOT_YET_ADMITTED
TP07F488,04:BD6C:0:0:0,0x023D6C,B003,BCS,REL8,UNKNOWN,0,NONE,V05C-contexts.csv,SOURCE_PROVED_NOT_YET_ADMITTED
TP07F488,04:BD6E:0:0:0,0x023D6E,820C00,BRL,REL16,UNKNOWN|0,0|1,NONE,V05C-contexts.csv,SOURCE_PROVED_NOT_YET_ADMITTED
TP07F488,04:BD71:0:0:0,0x023D71,AD8A07,LDA,ABS,1,0,DBR:078A,V05C-contexts.csv,SOURCE_PROVED_NOT_YET_ADMITTED
TP07F488,04:BD74:0:0:0,0x023D74,8D9A07,STA,ABS,1,UNKNOWN,DBR:079A,V05C-contexts.csv,SOURCE_PROVED_NOT_YET_ADMITTED
TP07F488,04:BD77:0:0:0,0x023D77,AD8C07,LDA,ABS,1,UNKNOWN,DBR:078C,V05C-contexts.csv,SOURCE_PROVED_NOT_YET_ADMITTED
TP07F488,04:BD7A:0:0:0,0x023D7A,8D9C07,STA,ABS,1,UNKNOWN,DBR:079C,V05C-contexts.csv,SOURCE_PROVED_NOT_YET_ADMITTED
TP07F488,04:BD7D:0:0:0,0x023D7D,AD8C07,LDA,ABS,UNKNOWN|0|1,UNKNOWN|0|1,DBR:078C,V05C-contexts.csv,SOURCE_PROVED_NOT_YET_ADMITTED
TP07F488,04:BD80:0:0:0,0x023D80,CDA007,CMP,ABS,UNKNOWN|0|1,UNKNOWN,DBR:07A0,V05C-contexts.csv,SOURCE_PROVED_NOT_YET_ADMITTED
TP07F488,04:BD83:0:0:0,0x023D83,900B,BCC,REL8,UNKNOWN,UNKNOWN,NONE,V05C-contexts.csv,SOURCE_PROVED_NOT_YET_ADMITTED
TP07F488,04:BD85:0:0:0,0x023D85,AD8A07,LDA,ABS,1,UNKNOWN,DBR:078A,V05C-contexts.csv,SOURCE_PROVED_NOT_YET_ADMITTED
TP07F488,04:BD88:0:0:0,0x023D88,CD9E07,CMP,ABS,1,UNKNOWN,DBR:079E,V05C-contexts.csv,SOURCE_PROVED_NOT_YET_ADMITTED
TP07F488,04:BD8B:0:0:0,0x023D8B,9003,BCC,REL8,UNKNOWN,UNKNOWN,NONE,V05C-contexts.csv,SOURCE_PROVED_NOT_YET_ADMITTED
TP07F488,04:BD8D:0:0:0,0x023D8D,820C00,BRL,REL16,1,UNKNOWN,NONE,V05C-contexts.csv,SOURCE_PROVED_NOT_YET_ADMITTED
TP07F488,04:BD90:0:0:0,0x023D90,AD8A07,LDA,ABS,0,UNKNOWN,DBR:078A,V05C-contexts.csv,SOURCE_PROVED_NOT_YET_ADMITTED
TP07F488,04:BD93:0:0:0,0x023D93,8D9E07,STA,ABS,0,UNKNOWN,DBR:079E,V05C-contexts.csv,SOURCE_PROVED_NOT_YET_ADMITTED
TP07F488,04:BD96:0:0:0,0x023D96,AD8C07,LDA,ABS,0,UNKNOWN,DBR:078C,V05C-contexts.csv,SOURCE_PROVED_NOT_YET_ADMITTED
TP07F488,04:BD99:0:0:0,0x023D99,8DA007,STA,ABS,0,UNKNOWN,DBR:07A0,V05C-contexts.csv,SOURCE_PROVED_NOT_YET_ADMITTED
TP07F488,04:BD9C:0:0:0,0x023D9C,EE1704,INC,ABS,0|1,UNKNOWN,DBR:0417,V05C-contexts.csv,SOURCE_PROVED_NOT_YET_ADMITTED
TP07F488,04:BD9F:0:0:0,0x023D9F,828CFF,BRL,REL16,0|1,UNKNOWN,NONE,V05C-contexts.csv,SOURCE_PROVED_NOT_YET_ADMITTED
TP07F488,04:BDA2:0:0:0,0x023DA2,AD9C07,LDA,ABS,1,UNKNOWN,DBR:079C,V05C-contexts.csv,SOURCE_PROVED_NOT_YET_ADMITTED
TP07F488,04:BDA5:0:0:0,0x023DA5,CDA007,CMP,ABS,1,UNKNOWN,DBR:07A0,V05C-contexts.csv,SOURCE_PROVED_NOT_YET_ADMITTED
TP07F488,04:BDA8:0:0:0,0x023DA8,D014,BNE,REL8,UNKNOWN,UNKNOWN,NONE,V05C-contexts.csv,SOURCE_PROVED_NOT_YET_ADMITTED
TP07F488,04:BDAA:0:0:0,0x023DAA,AD9A07,LDA,ABS,UNKNOWN,1,DBR:079A,V05C-contexts.csv,SOURCE_PROVED_NOT_YET_ADMITTED
TP07F488,04:BDAD:0:0:0,0x023DAD,CD9E07,CMP,ABS,UNKNOWN,UNKNOWN,DBR:079E,V05C-contexts.csv,SOURCE_PROVED_NOT_YET_ADMITTED
TP07F488,04:BDB0:0:0:0,0x023DB0,D00C,BNE,REL8,UNKNOWN,UNKNOWN,NONE,V05C-contexts.csv,SOURCE_PROVED_NOT_YET_ADMITTED
TP07F488,04:BDB2:0:0:0,0x023DB2,9C9E07,STZ,ABS,UNKNOWN,1,DBR:079E,V05C-contexts.csv,SOURCE_PROVED_NOT_YET_ADMITTED
TP07F488,04:BDB5:0:0:0,0x023DB5,9CA007,STZ,ABS,UNKNOWN,1,DBR:07A0,V05C-contexts.csv,SOURCE_PROVED_NOT_YET_ADMITTED
TP07F488,04:BDB8:0:0:0,0x023DB8,0E9A07,ASL,ABS,UNKNOWN,1,DBR:079A,V05C-contexts.csv,SOURCE_PROVED_NOT_YET_ADMITTED
TP07F488,04:BDBB:0:0:0,0x023DBB,2E9C07,ROL,ABS,UNKNOWN,UNKNOWN,DBR:079C,V05C-contexts.csv,SOURCE_PROVED_NOT_YET_ADMITTED
TP07F488,04:BDBE:0:0:0,0x023DBE,AD9A07,LDA,ABS,UNKNOWN,UNKNOWN|0,DBR:079A,V05C-contexts.csv,SOURCE_PROVED_NOT_YET_ADMITTED
TP07F488,04:BDC1:0:0:0,0x023DC1,38,SEC,IMP,UNKNOWN,UNKNOWN,NONE,V05C-contexts.csv,SOURCE_PROVED_NOT_YET_ADMITTED
TP07F488,04:BDC2:0:0:0,0x023DC2,ED9E07,SBC,ABS,1,UNKNOWN,DBR:079E,V05C-contexts.csv,SOURCE_PROVED_NOT_YET_ADMITTED
TP07F488,04:BDC5:0:0:0,0x023DC5,8D8A07,STA,ABS,UNKNOWN,UNKNOWN,DBR:078A,V05C-contexts.csv,SOURCE_PROVED_NOT_YET_ADMITTED
TP07F488,04:BDC8:0:0:0,0x023DC8,AD9C07,LDA,ABS,UNKNOWN,UNKNOWN,DBR:079C,V05C-contexts.csv,SOURCE_PROVED_NOT_YET_ADMITTED
TP07F488,04:BDCB:0:0:0,0x023DCB,EDA007,SBC,ABS,UNKNOWN,UNKNOWN,DBR:07A0,V05C-contexts.csv,SOURCE_PROVED_NOT_YET_ADMITTED
TP07F488,04:BDCE:0:0:0,0x023DCE,8D8C07,STA,ABS,UNKNOWN,UNKNOWN,DBR:078C,V05C-contexts.csv,SOURCE_PROVED_NOT_YET_ADMITTED
TP07F488,04:BDD1:0:0:0,0x023DD1,D008,BNE,REL8,UNKNOWN,UNKNOWN,NONE,V05C-contexts.csv,SOURCE_PROVED_NOT_YET_ADMITTED
TP07F488,04:BDD3:0:0:0,0x023DD3,AD8A07,LDA,ABS,UNKNOWN,1,DBR:078A,V05C-contexts.csv,SOURCE_PROVED_NOT_YET_ADMITTED
TP07F488,04:BDD6:0:0:0,0x023DD6,D003,BNE,REL8,UNKNOWN,UNKNOWN,NONE,V05C-contexts.csv,SOURCE_PROVED_NOT_YET_ADMITTED
TP07F488,04:BDD8:0:0:0,0x023DD8,EE8A07,INC,ABS,UNKNOWN,1,DBR:078A,V05C-contexts.csv,SOURCE_PROVED_NOT_YET_ADMITTED
TP07F488,04:BDDB:0:0:0,0x023DDB,AD8A07,LDA,ABS,UNKNOWN,UNKNOWN|0,DBR:078A,V05C-contexts.csv,SOURCE_PROVED_NOT_YET_ADMITTED
TP07F488,04:BDDE:0:0:0,0x023DDE,8D9A07,STA,ABS,UNKNOWN,UNKNOWN,DBR:079A,V05C-contexts.csv,SOURCE_PROVED_NOT_YET_ADMITTED
TP07F488,04:BDE1:0:0:0,0x023DE1,AD8C07,LDA,ABS,UNKNOWN,UNKNOWN,DBR:078C,V05C-contexts.csv,SOURCE_PROVED_NOT_YET_ADMITTED
TP07F488,04:BDE4:0:0:0,0x023DE4,8D9C07,STA,ABS,UNKNOWN,UNKNOWN,DBR:079C,V05C-contexts.csv,SOURCE_PROVED_NOT_YET_ADMITTED
TP07F488,04:BDE7:0:0:0,0x023DE7,9C1704,STZ,ABS,UNKNOWN,UNKNOWN,DBR:0417,V05C-contexts.csv,SOURCE_PROVED_NOT_YET_ADMITTED
TP07F488,04:BDEA:0:0:0,0x023DEA,AD1704,LDA,ABS,UNKNOWN|0|1,UNKNOWN,DBR:0417,V05C-contexts.csv,SOURCE_PROVED_NOT_YET_ADMITTED
TP07F488,04:BDED:0:0:0,0x023DED,C90C00,CMP,IMM_M,UNKNOWN|0|1,UNKNOWN,NONE,V05C-contexts.csv,SOURCE_PROVED_NOT_YET_ADMITTED
TP07F488,04:BDF0:0:0:0,0x023DF0,9003,BCC,REL8,UNKNOWN,UNKNOWN,NONE,V05C-contexts.csv,SOURCE_PROVED_NOT_YET_ADMITTED
TP07F488,04:BDF2:0:0:0,0x023DF2,825D00,BRL,REL16,1,UNKNOWN,NONE,V05C-contexts.csv,SOURCE_PROVED_NOT_YET_ADMITTED
TP07F488,04:BDF5:0:0:0,0x023DF5,AD1704,LDA,ABS,0,UNKNOWN,DBR:0417,V05C-contexts.csv,SOURCE_PROVED_NOT_YET_ADMITTED
TP07F488,04:BDF8:0:0:0,0x023DF8,0A,ASL,ACC,0,UNKNOWN,NONE,V05C-contexts.csv,SOURCE_PROVED_NOT_YET_ADMITTED
TP07F488,04:BDF9:0:0:0,0x023DF9,0A,ASL,ACC,UNKNOWN,UNKNOWN,NONE,V05C-contexts.csv,SOURCE_PROVED_NOT_YET_ADMITTED
TP07F488,04:BDFA:0:0:0,0x023DFA,18,CLC,IMP,UNKNOWN,UNKNOWN,NONE,V05C-contexts.csv,SOURCE_PROVED_NOT_YET_ADMITTED
TP07F488,04:BDFB:0:0:0,0x023DFB,69CF03,ADC,IMM_M,0,UNKNOWN,NONE,V05C-contexts.csv,SOURCE_PROVED_NOT_YET_ADMITTED
TP07F488,04:BDFE:0:0:0,0x023DFE,A8,TAY,IMP,UNKNOWN,UNKNOWN,NONE,V05C-contexts.csv,SOURCE_PROVED_NOT_YET_ADMITTED
TP07F488,04:BDFF:0:0:0,0x023DFF,B75E,LDA,DP_IND_LONG_Y,UNKNOWN,UNKNOWN,NONE,V05C-contexts.csv,SOURCE_PROVED_NOT_YET_ADMITTED
TP07F488,04:BE01:0:0:0,0x023E01,D001,BNE,REL8,UNKNOWN,UNKNOWN,NONE,V05C-contexts.csv,SOURCE_PROVED_NOT_YET_ADMITTED
TP07F488,04:BE03:0:0:0,0x023E03,1A,INC,ACC,UNKNOWN,1,NONE,V05C-contexts.csv,SOURCE_PROVED_NOT_YET_ADMITTED
TP07F488,04:BE04:0:0:0,0x023E04,8D8A07,STA,ABS,UNKNOWN,UNKNOWN|0,DBR:078A,V05C-contexts.csv,SOURCE_PROVED_NOT_YET_ADMITTED
TP07F488,04:BE07:0:0:0,0x023E07,98,TYA,IMP,UNKNOWN,UNKNOWN|0,NONE,V05C-contexts.csv,SOURCE_PROVED_NOT_YET_ADMITTED
TP07F488,04:BE08:0:0:0,0x023E08,690200,ADC,IMM_M,UNKNOWN,UNKNOWN,NONE,V05C-contexts.csv,SOURCE_PROVED_NOT_YET_ADMITTED
TP07F488,04:BE0B:0:0:0,0x023E0B,A8,TAY,IMP,UNKNOWN,UNKNOWN,NONE,V05C-contexts.csv,SOURCE_PROVED_NOT_YET_ADMITTED
TP07F488,04:BE0C:0:0:0,0x023E0C,B75E,LDA,DP_IND_LONG_Y,UNKNOWN,UNKNOWN,NONE,V05C-contexts.csv,SOURCE_PROVED_NOT_YET_ADMITTED
TP07F488,04:BE0E:0:0:0,0x023E0E,8D8C07,STA,ABS,UNKNOWN,UNKNOWN,DBR:078C,V05C-contexts.csv,SOURCE_PROVED_NOT_YET_ADMITTED
TP07F488,04:BE11:0:0:0,0x023E11,AD8A07,LDA,ABS,UNKNOWN,UNKNOWN,DBR:078A,V05C-contexts.csv,SOURCE_PROVED_NOT_YET_ADMITTED
TP07F488,04:BE14:0:0:0,0x023E14,38,SEC,IMP,UNKNOWN,UNKNOWN,NONE,V05C-contexts.csv,SOURCE_PROVED_NOT_YET_ADMITTED
TP07F488,04:BE15:0:0:0,0x023E15,ED9E07,SBC,ABS,1,UNKNOWN,DBR:079E,V05C-contexts.csv,SOURCE_PROVED_NOT_YET_ADMITTED
TP07F488,04:BE18:0:0:0,0x023E18,8D8A07,STA,ABS,UNKNOWN,UNKNOWN,DBR:078A,V05C-contexts.csv,SOURCE_PROVED_NOT_YET_ADMITTED
TP07F488,04:BE1B:0:0:0,0x023E1B,AD8C07,LDA,ABS,UNKNOWN,UNKNOWN,DBR:078C,V05C-contexts.csv,SOURCE_PROVED_NOT_YET_ADMITTED
TP07F488,04:BE1E:0:0:0,0x023E1E,EDA007,SBC,ABS,UNKNOWN,UNKNOWN,DBR:07A0,V05C-contexts.csv,SOURCE_PROVED_NOT_YET_ADMITTED
TP07F488,04:BE21:0:0:0,0x023E21,8D8C07,STA,ABS,UNKNOWN,UNKNOWN,DBR:078C,V05C-contexts.csv,SOURCE_PROVED_NOT_YET_ADMITTED
TP07F488,04:BE24:0:0:0,0x023E24,2250BF04,JSL,ABSL_JUMP,UNKNOWN,UNKNOWN,NONE,V05C-contexts.csv,SOURCE_PROVED_NOT_YET_ADMITTED
TP07F488,04:BE28:0:0:0,0x023E28,AD9A07,LDA,ABS,UNKNOWN,UNKNOWN,DBR:079A,V05C-contexts.csv,SOURCE_PROVED_NOT_YET_ADMITTED
TP07F488,04:BE2B:0:0:0,0x023E2B,8D8E07,STA,ABS,UNKNOWN,UNKNOWN,DBR:078E,V05C-contexts.csv,SOURCE_PROVED_NOT_YET_ADMITTED
TP07F488,04:BE2E:0:0:0,0x023E2E,AD9C07,LDA,ABS,UNKNOWN,UNKNOWN,DBR:079C,V05C-contexts.csv,SOURCE_PROVED_NOT_YET_ADMITTED
TP07F488,04:BE31:0:0:0,0x023E31,8D9007,STA,ABS,UNKNOWN,UNKNOWN,DBR:0790,V05C-contexts.csv,SOURCE_PROVED_NOT_YET_ADMITTED
TP07F488,04:BE34:0:0:0,0x023E34,227EF807,JSL,ABSL_JUMP,UNKNOWN,UNKNOWN,NONE,V05C-contexts.csv,SOURCE_PROVED_NOT_YET_ADMITTED
TP07F488,04:BE38:0:0:0,0x023E38,AD1704,LDA,ABS,UNKNOWN|0|1,UNKNOWN,DBR:0417,V05C-contexts.csv,SOURCE_PROVED_NOT_YET_ADMITTED
TP07F488,04:BE3B:0:0:0,0x023E3B,0A,ASL,ACC,UNKNOWN|0|1,UNKNOWN,NONE,V05C-contexts.csv,SOURCE_PROVED_NOT_YET_ADMITTED
TP07F488,04:BE3C:0:0:0,0x023E3C,AA,TAX,IMP,UNKNOWN,UNKNOWN,NONE,V05C-contexts.csv,SOURCE_PROVED_NOT_YET_ADMITTED
TP07F488,04:BE3D:0:0:0,0x023E3D,AD8E07,LDA,ABS,UNKNOWN,UNKNOWN,DBR:078E,V05C-contexts.csv,SOURCE_PROVED_NOT_YET_ADMITTED
TP07F488,04:BE40:0:0:0,0x023E40,C93E00,CMP,IMM_M,UNKNOWN,UNKNOWN,NONE,V05C-contexts.csv,SOURCE_PROVED_NOT_YET_ADMITTED
TP07F488,04:BE43:0:0:0,0x023E43,9003,BCC,REL8,UNKNOWN,UNKNOWN,NONE,V05C-contexts.csv,SOURCE_PROVED_NOT_YET_ADMITTED
TP07F488,04:BE45:0:0:0,0x023E45,A93E00,LDA,IMM_M,1,UNKNOWN,NONE,V05C-contexts.csv,SOURCE_PROVED_NOT_YET_ADMITTED
TP07F488,04:BE48:0:0:0,0x023E48,9F6E1F00,STA,ABSL_X,0|1,UNKNOWN|0,00:1F6E+X,V05C-contexts.csv,SOURCE_PROVED_NOT_YET_ADMITTED
TP07F488,04:BE4C:0:0:0,0x023E4C,EE1704,INC,ABS,0|1,UNKNOWN|0,DBR:0417,V05C-contexts.csv,SOURCE_PROVED_NOT_YET_ADMITTED
TP07F488,04:BE4F:0:0:0,0x023E4F,8298FF,BRL,REL16,0|1,UNKNOWN,NONE,V05C-contexts.csv,SOURCE_PROVED_NOT_YET_ADMITTED
TP07F488,04:BE52:0:0:0,0x023E52,C230,REP,IMM8,UNKNOWN|1,UNKNOWN|0,NONE,V05C-contexts.csv,SOURCE_PROVED_NOT_YET_ADMITTED
TP07F488,04:BE54:0:0:0,0x023E54,A90000,LDA,IMM_M,UNKNOWN|1,UNKNOWN|0,NONE,V05C-contexts.csv,SOURCE_PROVED_NOT_YET_ADMITTED
TP07F488,04:BE57:0:0:0,0x023E57,8D0D04,STA,ABS,UNKNOWN|1,1,DBR:040D,V05C-contexts.csv,SOURCE_PROVED_NOT_YET_ADMITTED
TP07F488,04:BE5A:0:0:0,0x023E5A,A20000,LDX,IMM_X,UNKNOWN|1,1,NONE,V05C-contexts.csv,SOURCE_PROVED_NOT_YET_ADMITTED
TP07F488,04:BE5D:0:0:0,0x023E5D,A93F00,LDA,IMM_M,UNKNOWN|1,1,NONE,V05C-contexts.csv,SOURCE_PROVED_NOT_YET_ADMITTED
TP07F488,04:BE60:0:0:0,0x023E60,38,SEC,IMP,UNKNOWN|1,0,NONE,V05C-contexts.csv,SOURCE_PROVED_NOT_YET_ADMITTED
TP07F488,04:BE61:0:0:0,0x023E61,FF6E1F00,SBC,ABSL_X,1,0,00:1F6E+X,V05C-contexts.csv,SOURCE_PROVED_NOT_YET_ADMITTED
TP07F488,04:BE65:0:0:0,0x023E65,8D0F04,STA,ABS,UNKNOWN,UNKNOWN,DBR:040F,V05C-contexts.csv,SOURCE_PROVED_NOT_YET_ADMITTED
TP07F488,04:BE68:0:0:0,0x023E68,A90100,LDA,IMM_M,UNKNOWN,UNKNOWN,NONE,V05C-contexts.csv,SOURCE_PROVED_NOT_YET_ADMITTED
TP07F488,04:BE6B:0:0:0,0x023E6B,8D1704,STA,ABS,UNKNOWN,0,DBR:0417,V05C-contexts.csv,SOURCE_PROVED_NOT_YET_ADMITTED
TP07F488,04:BE6E:0:0:0,0x023E6E,AD1704,LDA,ABS,UNKNOWN|1,UNKNOWN|0,DBR:0417,V05C-contexts.csv,SOURCE_PROVED_NOT_YET_ADMITTED
TP07F488,04:BE71:0:0:0,0x023E71,C90C00,CMP,IMM_M,UNKNOWN|1,UNKNOWN,NONE,V05C-contexts.csv,SOURCE_PROVED_NOT_YET_ADMITTED
TP07F488,04:BE74:0:0:0,0x023E74,9003,BCC,REL8,UNKNOWN,UNKNOWN,NONE,V05C-contexts.csv,SOURCE_PROVED_NOT_YET_ADMITTED
TP07F488,04:BE76:0:0:0,0x023E76,829700,BRL,REL16,1,UNKNOWN,NONE,V05C-contexts.csv,SOURCE_PROVED_NOT_YET_ADMITTED
TP07F488,04:BE79:0:0:0,0x023E79,AD0D04,LDA,ABS,0,UNKNOWN,DBR:040D,V05C-contexts.csv,SOURCE_PROVED_NOT_YET_ADMITTED
TP07F488,04:BE7C:0:0:0,0x023E7C,8D8A07,STA,ABS,0,UNKNOWN,DBR:078A,V05C-contexts.csv,SOURCE_PROVED_NOT_YET_ADMITTED
TP07F488,04:BE7F:0:0:0,0x023E7F,18,CLC,IMP,0,UNKNOWN,NONE,V05C-contexts.csv,SOURCE_PROVED_NOT_YET_ADMITTED
TP07F488,04:BE80:0:0:0,0x023E80,690D00,ADC,IMM_M,0,UNKNOWN,NONE,V05C-contexts.csv,SOURCE_PROVED_NOT_YET_ADMITTED
TP07F488,04:BE83:0:0:0,0x023E83,8D8E07,STA,ABS,UNKNOWN,UNKNOWN,DBR:078E,V05C-contexts.csv,SOURCE_PROVED_NOT_YET_ADMITTED
TP07F488,04:BE86:0:0:0,0x023E86,8D0D04,STA,ABS,UNKNOWN,UNKNOWN,DBR:040D,V05C-contexts.csv,SOURCE_PROVED_NOT_YET_ADMITTED
TP07F488,04:BE89:0:0:0,0x023E89,AD0F04,LDA,ABS,UNKNOWN,UNKNOWN,DBR:040F,V05C-contexts.csv,SOURCE_PROVED_NOT_YET_ADMITTED
TP07F488,04:BE8C:0:0:0,0x023E8C,8D9207,STA,ABS,UNKNOWN,UNKNOWN,DBR:0792,V05C-contexts.csv,SOURCE_PROVED_NOT_YET_ADMITTED
TP07F488,04:BE8F:0:0:0,0x023E8F,AD1704,LDA,ABS,UNKNOWN,UNKNOWN,DBR:0417,V05C-contexts.csv,SOURCE_PROVED_NOT_YET_ADMITTED
TP07F488,04:BE92:0:0:0,0x023E92,0A,ASL,ACC,UNKNOWN,UNKNOWN,NONE,V05C-contexts.csv,SOURCE_PROVED_NOT_YET_ADMITTED
TP07F488,04:BE93:0:0:0,0x023E93,AA,TAX,IMP,UNKNOWN,UNKNOWN,NONE,V05C-contexts.csv,SOURCE_PROVED_NOT_YET_ADMITTED
TP07F488,04:BE94:0:0:0,0x023E94,A93F00,LDA,IMM_M,UNKNOWN,UNKNOWN,NONE,V05C-contexts.csv,SOURCE_PROVED_NOT_YET_ADMITTED
TP07F488,04:BE97:0:0:0,0x023E97,38,SEC,IMP,UNKNOWN,0,NONE,V05C-contexts.csv,SOURCE_PROVED_NOT_YET_ADMITTED
TP07F488,04:BE98:0:0:0,0x023E98,FF6E1F00,SBC,ABSL_X,1,0,00:1F6E+X,V05C-contexts.csv,SOURCE_PROVED_NOT_YET_ADMITTED
TP07F488,04:BE9C:0:0:0,0x023E9C,8D9607,STA,ABS,UNKNOWN,UNKNOWN,DBR:0796,V05C-contexts.csv,SOURCE_PROVED_NOT_YET_ADMITTED
TP07F488,04:BE9F:0:0:0,0x023E9F,8D0F04,STA,ABS,UNKNOWN,UNKNOWN,DBR:040F,V05C-contexts.csv,SOURCE_PROVED_NOT_YET_ADMITTED
TP07F488,04:BEA2:0:0:0,0x023EA2,AD1504,LDA,ABS,UNKNOWN,UNKNOWN,DBR:0415,V05C-contexts.csv,SOURCE_PROVED_NOT_YET_ADMITTED
TP07F488,04:BEA5:0:0:0,0x023EA5,C90100,CMP,IMM_M,UNKNOWN,UNKNOWN,NONE,V05C-contexts.csv,SOURCE_PROVED_NOT_YET_ADMITTED
TP07F488,04:BEA8:0:0:0,0x023EA8,D009,BNE,REL8,UNKNOWN,UNKNOWN,NONE,V05C-contexts.csv,SOURCE_PROVED_NOT_YET_ADMITTED
TP07F488,04:BEAA:0:0:0,0x023EAA,A90600,LDA,IMM_M,UNKNOWN,1,NONE,V05C-contexts.csv,SOURCE_PROVED_NOT_YET_ADMITTED
TP07F488,04:BEAD:0:0:0,0x023EAD,8D9A07,STA,ABS,UNKNOWN,0,DBR:079A,V05C-contexts.csv,SOURCE_PROVED_NOT_YET_ADMITTED
TP07F488,04:BEB0:0:0:0,0x023EB0,825100,BRL,REL16,UNKNOWN,0,NONE,V05C-contexts.csv,SOURCE_PROVED_NOT_YET_ADMITTED
TP07F488,04:BEB3:0:0:0,0x023EB3,C90200,CMP,IMM_M,UNKNOWN,0,NONE,V05C-contexts.csv,SOURCE_PROVED_NOT_YET_ADMITTED
TP07F488,04:BEB6:0:0:0,0x023EB6,D009,BNE,REL8,UNKNOWN,UNKNOWN,NONE,V05C-contexts.csv,SOURCE_PROVED_NOT_YET_ADMITTED
TP07F488,04:BEB8:0:0:0,0x023EB8,A90300,LDA,IMM_M,UNKNOWN,1,NONE,V05C-contexts.csv,SOURCE_PROVED_NOT_YET_ADMITTED
TP07F488,04:BEBB:0:0:0,0x023EBB,8D9A07,STA,ABS,UNKNOWN,0,DBR:079A,V05C-contexts.csv,SOURCE_PROVED_NOT_YET_ADMITTED
TP07F488,04:BEBE:0:0:0,0x023EBE,824300,BRL,REL16,UNKNOWN,0,NONE,V05C-contexts.csv,SOURCE_PROVED_NOT_YET_ADMITTED
TP07F488,04:BEC1:0:0:0,0x023EC1,C90300,CMP,IMM_M,UNKNOWN,0,NONE,V05C-contexts.csv,SOURCE_PROVED_NOT_YET_ADMITTED
TP07F488,04:BEC4:0:0:0,0x023EC4,D009,BNE,REL8,UNKNOWN,UNKNOWN,NONE,V05C-contexts.csv,SOURCE_PROVED_NOT_YET_ADMITTED
TP07F488,04:BEC6:0:0:0,0x023EC6,A90400,LDA,IMM_M,UNKNOWN,1,NONE,V05C-contexts.csv,SOURCE_PROVED_NOT_YET_ADMITTED
TP07F488,04:BEC9:0:0:0,0x023EC9,8D9A07,STA,ABS,UNKNOWN,0,DBR:079A,V05C-contexts.csv,SOURCE_PROVED_NOT_YET_ADMITTED
TP07F488,04:BECC:0:0:0,0x023ECC,823500,BRL,REL16,UNKNOWN,0,NONE,V05C-contexts.csv,SOURCE_PROVED_NOT_YET_ADMITTED
TP07F488,04:BECF:0:0:0,0x023ECF,C90400,CMP,IMM_M,UNKNOWN,0,NONE,V05C-contexts.csv,SOURCE_PROVED_NOT_YET_ADMITTED
TP07F488,04:BED2:0:0:0,0x023ED2,D009,BNE,REL8,UNKNOWN,UNKNOWN,NONE,V05C-contexts.csv,SOURCE_PROVED_NOT_YET_ADMITTED
TP07F488,04:BED4:0:0:0,0x023ED4,A90B00,LDA,IMM_M,UNKNOWN,1,NONE,V05C-contexts.csv,SOURCE_PROVED_NOT_YET_ADMITTED
TP07F488,04:BED7:0:0:0,0x023ED7,8D9A07,STA,ABS,UNKNOWN,0,DBR:079A,V05C-contexts.csv,SOURCE_PROVED_NOT_YET_ADMITTED
TP07F488,04:BEDA:0:0:0,0x023EDA,822700,BRL,REL16,UNKNOWN,0,NONE,V05C-contexts.csv,SOURCE_PROVED_NOT_YET_ADMITTED
TP07F488,04:BEDD:0:0:0,0x023EDD,C90500,CMP,IMM_M,UNKNOWN,0,NONE,V05C-contexts.csv,SOURCE_PROVED_NOT_YET_ADMITTED
TP07F488,04:BEE0:0:0:0,0x023EE0,D009,BNE,REL8,UNKNOWN,UNKNOWN,NONE,V05C-contexts.csv,SOURCE_PROVED_NOT_YET_ADMITTED
TP07F488,04:BEE2:0:0:0,0x023EE2,A90C00,LDA,IMM_M,UNKNOWN,1,NONE,V05C-contexts.csv,SOURCE_PROVED_NOT_YET_ADMITTED
TP07F488,04:BEE5:0:0:0,0x023EE5,8D9A07,STA,ABS,UNKNOWN,0,DBR:079A,V05C-contexts.csv,SOURCE_PROVED_NOT_YET_ADMITTED
TP07F488,04:BEE8:0:0:0,0x023EE8,821900,BRL,REL16,UNKNOWN,0,NONE,V05C-contexts.csv,SOURCE_PROVED_NOT_YET_ADMITTED
TP07F488,04:BEEB:0:0:0,0x023EEB,C90600,CMP,IMM_M,UNKNOWN,0,NONE,V05C-contexts.csv,SOURCE_PROVED_NOT_YET_ADMITTED
TP07F488,04:BEEE:0:0:0,0x023EEE,D009,BNE,REL8,UNKNOWN,UNKNOWN,NONE,V05C-contexts.csv,SOURCE_PROVED_NOT_YET_ADMITTED
TP07F488,04:BEF0:0:0:0,0x023EF0,A90D00,LDA,IMM_M,UNKNOWN,1,NONE,V05C-contexts.csv,SOURCE_PROVED_NOT_YET_ADMITTED
TP07F488,04:BEF3:0:0:0,0x023EF3,8D9A07,STA,ABS,UNKNOWN,0,DBR:079A,V05C-contexts.csv,SOURCE_PROVED_NOT_YET_ADMITTED
TP07F488,04:BEF6:0:0:0,0x023EF6,820B00,BRL,REL16,UNKNOWN,0,NONE,V05C-contexts.csv,SOURCE_PROVED_NOT_YET_ADMITTED
TP07F488,04:BEF9:0:0:0,0x023EF9,C90700,CMP,IMM_M,UNKNOWN,0,NONE,V05C-contexts.csv,SOURCE_PROVED_NOT_YET_ADMITTED
TP07F488,04:BEFC:0:0:0,0x023EFC,D006,BNE,REL8,UNKNOWN,UNKNOWN,NONE,V05C-contexts.csv,SOURCE_PROVED_NOT_YET_ADMITTED
TP07F488,04:BEFE:0:0:0,0x023EFE,A90200,LDA,IMM_M,UNKNOWN,1,NONE,V05C-contexts.csv,SOURCE_PROVED_NOT_YET_ADMITTED
TP07F488,04:BF01:0:0:0,0x023F01,8D9A07,STA,ABS,UNKNOWN,0,DBR:079A,V05C-contexts.csv,SOURCE_PROVED_NOT_YET_ADMITTED
TP07F488,04:BF04:0:0:0,0x023F04,2275BF04,JSL,ABSL_JUMP,UNKNOWN,0,NONE,V05C-contexts.csv,SOURCE_PROVED_NOT_YET_ADMITTED
TP07F488,04:BF08:0:0:0,0x023F08,C230,REP,IMM8,1,UNKNOWN,NONE,V05C-contexts.csv,SOURCE_PROVED_NOT_YET_ADMITTED
TP07F488,04:BF0A:0:0:0,0x023F0A,EE1704,INC,ABS,1,UNKNOWN,DBR:0417,V05C-contexts.csv,SOURCE_PROVED_NOT_YET_ADMITTED
TP07F488,04:BF0D:0:0:0,0x023F0D,825EFF,BRL,REL16,1,UNKNOWN,NONE,V05C-contexts.csv,SOURCE_PROVED_NOT_YET_ADMITTED
TP07F488,04:BF10:0:0:0,0x023F10,C230,REP,IMM8,0|1,UNKNOWN,NONE,V05C-contexts.csv,SOURCE_PROVED_NOT_YET_ADMITTED
TP07F488,04:BF12:0:0:0,0x023F12,EE1504,INC,ABS,0|1,UNKNOWN,DBR:0415,V05C-contexts.csv,SOURCE_PROVED_NOT_YET_ADMITTED
TP07F488,04:BF15:0:0:0,0x023F15,8246F6,BRL,REL16,0|1,UNKNOWN,NONE,V05C-contexts.csv,SOURCE_PROVED_NOT_YET_ADMITTED
TP07F488,04:BF18:0:0:0,0x023F18,E230,SEP,IMM8,1,UNKNOWN,NONE,V05C-contexts.csv,SOURCE_PROVED_NOT_YET_ADMITTED
TP07F488,04:BF1A:0:1:1,0x023F1A,A901,LDA,IMM_M,1,UNKNOWN,NONE,V05C-contexts.csv,SOURCE_PROVED_NOT_YET_ADMITTED
TP07F488,04:BF1C:0:1:1,0x023F1C,8D7118,STA,ABS,1,0,DBR:1871,V05C-contexts.csv,SOURCE_PROVED_NOT_YET_ADMITTED
TP07F488,04:BF1F:0:1:1,0x023F1F,C230,REP,IMM8,1,0,NONE,V05C-contexts.csv,SOURCE_PROVED_NOT_YET_ADMITTED
TP07F488,04:BF21:0:0:0,0x023F21,C230,REP,IMM8,1,0,NONE,V05C-contexts.csv,SOURCE_PROVED_NOT_YET_ADMITTED
TP07F488,04:BF23:0:0:0,0x023F23,68,PLA,IMP,1,0,NONE,V05C-contexts.csv,SOURCE_PROVED_NOT_YET_ADMITTED
TP07F488,04:BF24:0:0:0,0x023F24,8D1F04,STA,ABS,1,UNKNOWN,DBR:041F,V05C-contexts.csv,SOURCE_PROVED_NOT_YET_ADMITTED
TP07F488,04:BF27:0:0:0,0x023F27,68,PLA,IMP,1,UNKNOWN,NONE,V05C-contexts.csv,SOURCE_PROVED_NOT_YET_ADMITTED
TP07F488,04:BF28:0:0:0,0x023F28,8D1D04,STA,ABS,1,UNKNOWN,DBR:041D,V05C-contexts.csv,SOURCE_PROVED_NOT_YET_ADMITTED
TP07F488,04:BF2B:0:0:0,0x023F2B,68,PLA,IMP,1,UNKNOWN,NONE,V05C-contexts.csv,SOURCE_PROVED_NOT_YET_ADMITTED
TP07F488,04:BF2C:0:0:0,0x023F2C,8D1B04,STA,ABS,1,UNKNOWN,DBR:041B,V05C-contexts.csv,SOURCE_PROVED_NOT_YET_ADMITTED
TP07F488,04:BF2F:0:0:0,0x023F2F,68,PLA,IMP,1,UNKNOWN,NONE,V05C-contexts.csv,SOURCE_PROVED_NOT_YET_ADMITTED
TP07F488,04:BF30:0:0:0,0x023F30,8D1904,STA,ABS,1,UNKNOWN,DBR:0419,V05C-contexts.csv,SOURCE_PROVED_NOT_YET_ADMITTED
TP07F488,04:BF33:0:0:0,0x023F33,68,PLA,IMP,1,UNKNOWN,NONE,V05C-contexts.csv,SOURCE_PROVED_NOT_YET_ADMITTED
TP07F488,04:BF34:0:0:0,0x023F34,8D1704,STA,ABS,1,UNKNOWN,DBR:0417,V05C-contexts.csv,SOURCE_PROVED_NOT_YET_ADMITTED
TP07F488,04:BF37:0:0:0,0x023F37,68,PLA,IMP,1,UNKNOWN,NONE,V05C-contexts.csv,SOURCE_PROVED_NOT_YET_ADMITTED
TP07F488,04:BF38:0:0:0,0x023F38,8D1504,STA,ABS,1,UNKNOWN,DBR:0415,V05C-contexts.csv,SOURCE_PROVED_NOT_YET_ADMITTED
TP07F488,04:BF3B:0:0:0,0x023F3B,68,PLA,IMP,1,UNKNOWN,NONE,V05C-contexts.csv,SOURCE_PROVED_NOT_YET_ADMITTED
TP07F488,04:BF3C:0:0:0,0x023F3C,8D1304,STA,ABS,1,UNKNOWN,DBR:0413,V05C-contexts.csv,SOURCE_PROVED_NOT_YET_ADMITTED
TP07F488,04:BF3F:0:0:0,0x023F3F,68,PLA,IMP,1,UNKNOWN,NONE,V05C-contexts.csv,SOURCE_PROVED_NOT_YET_ADMITTED
TP07F488,04:BF40:0:0:0,0x023F40,8D1104,STA,ABS,1,UNKNOWN,DBR:0411,V05C-contexts.csv,SOURCE_PROVED_NOT_YET_ADMITTED
TP07F488,04:BF43:0:0:0,0x023F43,68,PLA,IMP,1,UNKNOWN,NONE,V05C-contexts.csv,SOURCE_PROVED_NOT_YET_ADMITTED
TP07F488,04:BF44:0:0:0,0x023F44,8D0F04,STA,ABS,1,UNKNOWN,DBR:040F,V05C-contexts.csv,SOURCE_PROVED_NOT_YET_ADMITTED
TP07F488,04:BF47:0:0:0,0x023F47,68,PLA,IMP,1,UNKNOWN,NONE,V05C-contexts.csv,SOURCE_PROVED_NOT_YET_ADMITTED
TP07F488,04:BF48:0:0:0,0x023F48,8D0D04,STA,ABS,1,UNKNOWN,DBR:040D,V05C-contexts.csv,SOURCE_PROVED_NOT_YET_ADMITTED
TP07F488,04:BF4B:0:0:0,0x023F4B,68,PLA,IMP,1,UNKNOWN,NONE,V05C-contexts.csv,SOURCE_PROVED_NOT_YET_ADMITTED
TP07F488,04:BF4C:0:0:0,0x023F4C,8D0B04,STA,ABS,1,UNKNOWN,DBR:040B,V05C-contexts.csv,SOURCE_PROVED_NOT_YET_ADMITTED
TP07F488,04:BF4F:0:0:0,0x023F4F,6B,RTL,IMP,1,UNKNOWN,NONE,V05C-contexts.csv,SOURCE_PROVED_NOT_YET_ADMITTED
