Family,Context,ROM_Offset,Bytes,Mnemonic,Mode,Carry_In_Facts,Zero_In_Facts,Access_Expression,Proof_Source,Admission_State
TP07F491,0C:C7F6:0:0:0,0x0647F6,C230,REP,IMM8,UNKNOWN|0|1,0,NONE,V05C-contexts.csv,SOURCE_PROVED_NOT_YET_ADMITTED
TP07F491,0C:C7F8:0:0:0,0x0647F8,AD0B04,LDA,ABS,UNKNOWN|0|1,0,DBR:040B,V05C-contexts.csv,SOURCE_PROVED_NOT_YET_ADMITTED
TP07F491,0C:C7FB:0:0:0,0x0647FB,48,PHA,IMP,UNKNOWN|0|1,UNKNOWN,NONE,V05C-contexts.csv,SOURCE_PROVED_NOT_YET_ADMITTED
TP07F491,0C:C7FC:0:0:0,0x0647FC,AD0D04,LDA,ABS,UNKNOWN|0|1,UNKNOWN,DBR:040D,V05C-contexts.csv,SOURCE_PROVED_NOT_YET_ADMITTED
TP07F491,0C:C7FF:0:0:0,0x0647FF,48,PHA,IMP,UNKNOWN|0|1,UNKNOWN,NONE,V05C-contexts.csv,SOURCE_PROVED_NOT_YET_ADMITTED
TP07F491,0C:C800:0:0:0,0x064800,AD0F04,LDA,ABS,UNKNOWN|0|1,UNKNOWN,DBR:040F,V05C-contexts.csv,SOURCE_PROVED_NOT_YET_ADMITTED
TP07F491,0C:C803:0:0:0,0x064803,48,PHA,IMP,UNKNOWN|0|1,UNKNOWN,NONE,V05C-contexts.csv,SOURCE_PROVED_NOT_YET_ADMITTED
TP07F491,0C:C804:0:0:0,0x064804,AD1104,LDA,ABS,UNKNOWN|0|1,UNKNOWN,DBR:0411,V05C-contexts.csv,SOURCE_PROVED_NOT_YET_ADMITTED
TP07F491,0C:C807:0:0:0,0x064807,48,PHA,IMP,UNKNOWN|0|1,UNKNOWN,NONE,V05C-contexts.csv,SOURCE_PROVED_NOT_YET_ADMITTED
TP07F491,0C:C808:0:0:0,0x064808,AD1504,LDA,ABS,UNKNOWN|0|1,UNKNOWN,DBR:0415,V05C-contexts.csv,SOURCE_PROVED_NOT_YET_ADMITTED
TP07F491,0C:C80B:0:0:0,0x06480B,48,PHA,IMP,UNKNOWN|0|1,UNKNOWN,NONE,V05C-contexts.csv,SOURCE_PROVED_NOT_YET_ADMITTED
TP07F491,0C:C80C:0:0:0,0x06480C,AD1704,LDA,ABS,UNKNOWN|0|1,UNKNOWN,DBR:0417,V05C-contexts.csv,SOURCE_PROVED_NOT_YET_ADMITTED
TP07F491,0C:C80F:0:0:0,0x06480F,48,PHA,IMP,UNKNOWN|0|1,UNKNOWN,NONE,V05C-contexts.csv,SOURCE_PROVED_NOT_YET_ADMITTED
TP07F491,0C:C810:0:0:0,0x064810,AD1904,LDA,ABS,UNKNOWN|0|1,UNKNOWN,DBR:0419,V05C-contexts.csv,SOURCE_PROVED_NOT_YET_ADMITTED
TP07F491,0C:C813:0:0:0,0x064813,48,PHA,IMP,UNKNOWN|0|1,UNKNOWN,NONE,V05C-contexts.csv,SOURCE_PROVED_NOT_YET_ADMITTED
TP07F491,0C:C814:0:0:0,0x064814,AD1B04,LDA,ABS,UNKNOWN|0|1,UNKNOWN,DBR:041B,V05C-contexts.csv,SOURCE_PROVED_NOT_YET_ADMITTED
TP07F491,0C:C817:0:0:0,0x064817,48,PHA,IMP,UNKNOWN|0|1,UNKNOWN,NONE,V05C-contexts.csv,SOURCE_PROVED_NOT_YET_ADMITTED
TP07F491,0C:C818:0:0:0,0x064818,AD1D04,LDA,ABS,UNKNOWN|0|1,UNKNOWN,DBR:041D,V05C-contexts.csv,SOURCE_PROVED_NOT_YET_ADMITTED
TP07F491,0C:C81B:0:0:0,0x06481B,48,PHA,IMP,UNKNOWN|0|1,UNKNOWN,NONE,V05C-contexts.csv,SOURCE_PROVED_NOT_YET_ADMITTED
TP07F491,0C:C81C:0:0:0,0x06481C,E210,SEP,IMM8,UNKNOWN|0|1,UNKNOWN,NONE,V05C-contexts.csv,SOURCE_PROVED_NOT_YET_ADMITTED
TP07F491,0C:C81E:0:0:1,0x06481E,C220,REP,IMM8,UNKNOWN|0|1,UNKNOWN,NONE,V05C-contexts.csv,SOURCE_PROVED_NOT_YET_ADMITTED
TP07F491,0C:C820:0:0:1,0x064820,AD1600,LDA,ABS,UNKNOWN|0|1,UNKNOWN,DBR:0016,V05C-contexts.csv,SOURCE_PROVED_NOT_YET_ADMITTED
TP07F491,0C:C823:0:0:1,0x064823,48,PHA,IMP,UNKNOWN|0|1,UNKNOWN,NONE,V05C-contexts.csv,SOURCE_PROVED_NOT_YET_ADMITTED
TP07F491,0C:C824:0:0:1,0x064824,AE1800,LDX,ABS,UNKNOWN|0|1,UNKNOWN,DBR:0018,V05C-contexts.csv,SOURCE_PROVED_NOT_YET_ADMITTED
TP07F491,0C:C827:0:0:1,0x064827,DA,PHX,IMP,UNKNOWN|0|1,UNKNOWN,NONE,V05C-contexts.csv,SOURCE_PROVED_NOT_YET_ADMITTED
TP07F491,0C:C828:0:0:1,0x064828,AD1900,LDA,ABS,UNKNOWN|0|1,UNKNOWN,DBR:0019,V05C-contexts.csv,SOURCE_PROVED_NOT_YET_ADMITTED
TP07F491,0C:C82B:0:0:1,0x06482B,48,PHA,IMP,UNKNOWN|0|1,UNKNOWN,NONE,V05C-contexts.csv,SOURCE_PROVED_NOT_YET_ADMITTED
TP07F491,0C:C82C:0:0:1,0x06482C,AE1B00,LDX,ABS,UNKNOWN|0|1,UNKNOWN,DBR:001B,V05C-contexts.csv,SOURCE_PROVED_NOT_YET_ADMITTED
TP07F491,0C:C82F:0:0:1,0x06482F,DA,PHX,IMP,UNKNOWN|0|1,UNKNOWN,NONE,V05C-contexts.csv,SOURCE_PROVED_NOT_YET_ADMITTED
TP07F491,0C:C830:0:0:1,0x064830,AD1C00,LDA,ABS,UNKNOWN|0|1,UNKNOWN,DBR:001C,V05C-contexts.csv,SOURCE_PROVED_NOT_YET_ADMITTED
TP07F491,0C:C833:0:0:1,0x064833,48,PHA,IMP,UNKNOWN|0|1,UNKNOWN,NONE,V05C-contexts.csv,SOURCE_PROVED_NOT_YET_ADMITTED
TP07F491,0C:C834:0:0:1,0x064834,AE1E00,LDX,ABS,UNKNOWN|0|1,UNKNOWN,DBR:001E,V05C-contexts.csv,SOURCE_PROVED_NOT_YET_ADMITTED
TP07F491,0C:C837:0:0:1,0x064837,DA,PHX,IMP,UNKNOWN|0|1,UNKNOWN,NONE,V05C-contexts.csv,SOURCE_PROVED_NOT_YET_ADMITTED
TP07F491,0C:C838:0:0:1,0x064838,AD1F00,LDA,ABS,UNKNOWN|0|1,UNKNOWN,DBR:001F,V05C-contexts.csv,SOURCE_PROVED_NOT_YET_ADMITTED
TP07F491,0C:C83B:0:0:1,0x06483B,48,PHA,IMP,UNKNOWN|0|1,UNKNOWN,NONE,V05C-contexts.csv,SOURCE_PROVED_NOT_YET_ADMITTED
TP07F491,0C:C83C:0:0:1,0x06483C,AE2100,LDX,ABS,UNKNOWN|0|1,UNKNOWN,DBR:0021,V05C-contexts.csv,SOURCE_PROVED_NOT_YET_ADMITTED
TP07F491,0C:C83F:0:0:1,0x06483F,DA,PHX,IMP,UNKNOWN|0|1,UNKNOWN,NONE,V05C-contexts.csv,SOURCE_PROVED_NOT_YET_ADMITTED
TP07F491,0C:C840:0:0:1,0x064840,AD2200,LDA,ABS,UNKNOWN|0|1,UNKNOWN,DBR:0022,V05C-contexts.csv,SOURCE_PROVED_NOT_YET_ADMITTED
TP07F491,0C:C843:0:0:1,0x064843,48,PHA,IMP,UNKNOWN|0|1,UNKNOWN,NONE,V05C-contexts.csv,SOURCE_PROVED_NOT_YET_ADMITTED
TP07F491,0C:C844:0:0:1,0x064844,AE2400,LDX,ABS,UNKNOWN|0|1,UNKNOWN,DBR:0024,V05C-contexts.csv,SOURCE_PROVED_NOT_YET_ADMITTED
TP07F491,0C:C847:0:0:1,0x064847,DA,PHX,IMP,UNKNOWN|0|1,UNKNOWN,NONE,V05C-contexts.csv,SOURCE_PROVED_NOT_YET_ADMITTED
TP07F491,0C:C848:0:0:1,0x064848,AD2500,LDA,ABS,UNKNOWN|0|1,UNKNOWN,DBR:0025,V05C-contexts.csv,SOURCE_PROVED_NOT_YET_ADMITTED
TP07F491,0C:C84B:0:0:1,0x06484B,48,PHA,IMP,UNKNOWN|0|1,UNKNOWN,NONE,V05C-contexts.csv,SOURCE_PROVED_NOT_YET_ADMITTED
TP07F491,0C:C84C:0:0:1,0x06484C,AE2700,LDX,ABS,UNKNOWN|0|1,UNKNOWN,DBR:0027,V05C-contexts.csv,SOURCE_PROVED_NOT_YET_ADMITTED
TP07F491,0C:C84F:0:0:1,0x06484F,DA,PHX,IMP,UNKNOWN|0|1,UNKNOWN,NONE,V05C-contexts.csv,SOURCE_PROVED_NOT_YET_ADMITTED
TP07F491,0C:C850:0:0:1,0x064850,AD2800,LDA,ABS,UNKNOWN|0|1,UNKNOWN,DBR:0028,V05C-contexts.csv,SOURCE_PROVED_NOT_YET_ADMITTED
TP07F491,0C:C853:0:0:1,0x064853,48,PHA,IMP,UNKNOWN|0|1,UNKNOWN,NONE,V05C-contexts.csv,SOURCE_PROVED_NOT_YET_ADMITTED
TP07F491,0C:C854:0:0:1,0x064854,AE2A00,LDX,ABS,UNKNOWN|0|1,UNKNOWN,DBR:002A,V05C-contexts.csv,SOURCE_PROVED_NOT_YET_ADMITTED
TP07F491,0C:C857:0:0:1,0x064857,DA,PHX,IMP,UNKNOWN|0|1,UNKNOWN,NONE,V05C-contexts.csv,SOURCE_PROVED_NOT_YET_ADMITTED
TP07F491,0C:C858:0:0:1,0x064858,AD2B00,LDA,ABS,UNKNOWN|0|1,UNKNOWN,DBR:002B,V05C-contexts.csv,SOURCE_PROVED_NOT_YET_ADMITTED
TP07F491,0C:C85B:0:0:1,0x06485B,48,PHA,IMP,UNKNOWN|0|1,UNKNOWN,NONE,V05C-contexts.csv,SOURCE_PROVED_NOT_YET_ADMITTED
TP07F491,0C:C85C:0:0:1,0x06485C,AE2D00,LDX,ABS,UNKNOWN|0|1,UNKNOWN,DBR:002D,V05C-contexts.csv,SOURCE_PROVED_NOT_YET_ADMITTED
TP07F491,0C:C85F:0:0:1,0x06485F,DA,PHX,IMP,UNKNOWN|0|1,UNKNOWN,NONE,V05C-contexts.csv,SOURCE_PROVED_NOT_YET_ADMITTED
TP07F491,0C:C860:0:0:1,0x064860,AD2E00,LDA,ABS,UNKNOWN|0|1,UNKNOWN,DBR:002E,V05C-contexts.csv,SOURCE_PROVED_NOT_YET_ADMITTED
TP07F491,0C:C863:0:0:1,0x064863,48,PHA,IMP,UNKNOWN|0|1,UNKNOWN,NONE,V05C-contexts.csv,SOURCE_PROVED_NOT_YET_ADMITTED
TP07F491,0C:C864:0:0:1,0x064864,AE3000,LDX,ABS,UNKNOWN|0|1,UNKNOWN,DBR:0030,V05C-contexts.csv,SOURCE_PROVED_NOT_YET_ADMITTED
TP07F491,0C:C867:0:0:1,0x064867,DA,PHX,IMP,UNKNOWN|0|1,UNKNOWN,NONE,V05C-contexts.csv,SOURCE_PROVED_NOT_YET_ADMITTED
TP07F491,0C:C868:0:0:1,0x064868,AD3100,LDA,ABS,UNKNOWN|0|1,UNKNOWN,DBR:0031,V05C-contexts.csv,SOURCE_PROVED_NOT_YET_ADMITTED
TP07F491,0C:C86B:0:0:1,0x06486B,48,PHA,IMP,UNKNOWN|0|1,UNKNOWN,NONE,V05C-contexts.csv,SOURCE_PROVED_NOT_YET_ADMITTED
TP07F491,0C:C86C:0:0:1,0x06486C,AE3300,LDX,ABS,UNKNOWN|0|1,UNKNOWN,DBR:0033,V05C-contexts.csv,SOURCE_PROVED_NOT_YET_ADMITTED
TP07F491,0C:C86F:0:0:1,0x06486F,DA,PHX,IMP,UNKNOWN|0|1,UNKNOWN,NONE,V05C-contexts.csv,SOURCE_PROVED_NOT_YET_ADMITTED
TP07F491,0C:C870:0:0:1,0x064870,C230,REP,IMM8,UNKNOWN|0|1,UNKNOWN,NONE,V05C-contexts.csv,SOURCE_PROVED_NOT_YET_ADMITTED
TP07F491,0C:C872:0:0:0,0x064872,A92823,LDA,IMM_M,UNKNOWN|0|1,UNKNOWN,NONE,V05C-contexts.csv,SOURCE_PROVED_NOT_YET_ADMITTED
TP07F491,0C:C875:0:0:0,0x064875,8D1D04,STA,ABS,UNKNOWN|0|1,0,DBR:041D,V05C-contexts.csv,SOURCE_PROVED_NOT_YET_ADMITTED
TP07F491,0C:C878:0:0:0,0x064878,9C4607,STZ,ABS,UNKNOWN|0|1,0,DBR:0746,V05C-contexts.csv,SOURCE_PROVED_NOT_YET_ADMITTED
TP07F491,0C:C87B:0:0:0,0x06487B,9C4407,STZ,ABS,UNKNOWN|0|1,0,DBR:0744,V05C-contexts.csv,SOURCE_PROVED_NOT_YET_ADMITTED
TP07F491,0C:C87E:0:0:0,0x06487E,AD8A07,LDA,ABS,UNKNOWN|0|1,0,DBR:078A,V05C-contexts.csv,SOURCE_PROVED_NOT_YET_ADMITTED
TP07F491,0C:C881:0:0:0,0x064881,8D0B04,STA,ABS,UNKNOWN|0|1,UNKNOWN,DBR:040B,V05C-contexts.csv,SOURCE_PROVED_NOT_YET_ADMITTED
TP07F491,0C:C884:0:0:0,0x064884,C230,REP,IMM8,UNKNOWN|0|1,UNKNOWN,NONE,V05C-contexts.csv,SOURCE_PROVED_NOT_YET_ADMITTED
TP07F491,0C:C886:0:0:0,0x064886,AD2919,LDA,ABS,UNKNOWN|0|1,UNKNOWN,DBR:1929,V05C-contexts.csv,SOURCE_PROVED_NOT_YET_ADMITTED
TP07F491,0C:C889:0:0:0,0x064889,F003,BEQ,REL8,UNKNOWN|0|1,UNKNOWN,NONE,V05C-contexts.csv,SOURCE_PROVED_NOT_YET_ADMITTED
TP07F491,0C:C88B:0:0:0,0x06488B,82AE00,BRL,REL16,UNKNOWN|0|1,0,NONE,V05C-contexts.csv,SOURCE_PROVED_NOT_YET_ADMITTED
TP07F491,0C:C88E:0:0:0,0x06488E,C230,REP,IMM8,UNKNOWN|0|1,1,NONE,V05C-contexts.csv,SOURCE_PROVED_NOT_YET_ADMITTED
TP07F491,0C:C890:0:0:0,0x064890,AD5A19,LDA,ABS,UNKNOWN|0|1,1,DBR:195A,V05C-contexts.csv,SOURCE_PROVED_NOT_YET_ADMITTED
TP07F491,0C:C893:0:0:0,0x064893,8D8A07,STA,ABS,UNKNOWN|0|1,UNKNOWN,DBR:078A,V05C-contexts.csv,SOURCE_PROVED_NOT_YET_ADMITTED
TP07F491,0C:C896:0:0:0,0x064896,9C8C07,STZ,ABS,UNKNOWN|0|1,UNKNOWN,DBR:078C,V05C-contexts.csv,SOURCE_PROVED_NOT_YET_ADMITTED
TP07F491,0C:C899:0:0:0,0x064899,A93A00,LDA,IMM_M,UNKNOWN|0|1,UNKNOWN,NONE,V05C-contexts.csv,SOURCE_PROVED_NOT_YET_ADMITTED
TP07F491,0C:C89C:0:0:0,0x06489C,8D8E07,STA,ABS,UNKNOWN|0|1,0,DBR:078E,V05C-contexts.csv,SOURCE_PROVED_NOT_YET_ADMITTED
TP07F491,0C:C89F:0:0:0,0x06489F,9C9007,STZ,ABS,UNKNOWN|0|1,0,DBR:0790,V05C-contexts.csv,SOURCE_PROVED_NOT_YET_ADMITTED
TP07F491,0C:C8A2:0:0:0,0x0648A2,229AFA07,JSL,ABSL_JUMP,UNKNOWN|0|1,0,NONE,V05C-contexts.csv,SOURCE_PROVED_NOT_YET_ADMITTED
TP07F491,0C:C8A6:0:0:0,0x0648A6,C230,REP,IMM8,UNKNOWN|0|1,1,NONE,V05C-contexts.csv,SOURCE_PROVED_NOT_YET_ADMITTED
TP07F491,0C:C8A8:0:0:0,0x0648A8,ADA207,LDA,ABS,UNKNOWN|0|1,1,DBR:07A2,V05C-contexts.csv,SOURCE_PROVED_NOT_YET_ADMITTED
TP07F491,0C:C8AB:0:0:0,0x0648AB,8D8A07,STA,ABS,UNKNOWN|0|1,UNKNOWN,DBR:078A,V05C-contexts.csv,SOURCE_PROVED_NOT_YET_ADMITTED
TP07F491,0C:C8AE:0:0:0,0x0648AE,ADA407,LDA,ABS,UNKNOWN|0|1,UNKNOWN,DBR:07A4,V05C-contexts.csv,SOURCE_PROVED_NOT_YET_ADMITTED
TP07F491,0C:C8B1:0:0:0,0x0648B1,8D8C07,STA,ABS,UNKNOWN|0|1,UNKNOWN,DBR:078C,V05C-contexts.csv,SOURCE_PROVED_NOT_YET_ADMITTED
TP07F491,0C:C8B4:0:0:0,0x0648B4,2251B10C,JSL,ABSL_JUMP,UNKNOWN|0|1,UNKNOWN,NONE,V05C-contexts.csv,SOURCE_PROVED_NOT_YET_ADMITTED
TP07F491,0C:C8B8:0:0:0,0x0648B8,C230,REP,IMM8,UNKNOWN,0|1,NONE,V05C-contexts.csv,SOURCE_PROVED_NOT_YET_ADMITTED
TP07F491,0C:C8BA:0:0:0,0x0648BA,ADA207,LDA,ABS,UNKNOWN,0|1,DBR:07A2,V05C-contexts.csv,SOURCE_PROVED_NOT_YET_ADMITTED
TP07F491,0C:C8BD:0:0:0,0x0648BD,D003,BNE,REL8,UNKNOWN,UNKNOWN,NONE,V05C-contexts.csv,SOURCE_PROVED_NOT_YET_ADMITTED
TP07F491,0C:C8BF:0:0:0,0x0648BF,827A00,BRL,REL16,UNKNOWN,1,NONE,V05C-contexts.csv,SOURCE_PROVED_NOT_YET_ADMITTED
TP07F491,0C:C8C2:0:0:0,0x0648C2,C230,REP,IMM8,UNKNOWN,0,NONE,V05C-contexts.csv,SOURCE_PROVED_NOT_YET_ADMITTED
TP07F491,0C:C8C4:0:0:0,0x0648C4,AD5A19,LDA,ABS,UNKNOWN,0,DBR:195A,V05C-contexts.csv,SOURCE_PROVED_NOT_YET_ADMITTED
TP07F491,0C:C8C7:0:0:0,0x0648C7,8D8A07,STA,ABS,UNKNOWN,UNKNOWN,DBR:078A,V05C-contexts.csv,SOURCE_PROVED_NOT_YET_ADMITTED
TP07F491,0C:C8CA:0:0:0,0x0648CA,9C8C07,STZ,ABS,UNKNOWN,UNKNOWN,DBR:078C,V05C-contexts.csv,SOURCE_PROVED_NOT_YET_ADMITTED
TP07F491,0C:C8CD:0:0:0,0x0648CD,A93A00,LDA,IMM_M,UNKNOWN,UNKNOWN,NONE,V05C-contexts.csv,SOURCE_PROVED_NOT_YET_ADMITTED
TP07F491,0C:C8D0:0:0:0,0x0648D0,8D8E07,STA,ABS,UNKNOWN,0,DBR:078E,V05C-contexts.csv,SOURCE_PROVED_NOT_YET_ADMITTED
TP07F491,0C:C8D3:0:0:0,0x0648D3,9C9007,STZ,ABS,UNKNOWN,0,DBR:0790,V05C-contexts.csv,SOURCE_PROVED_NOT_YET_ADMITTED
TP07F491,0C:C8D6:0:0:0,0x0648D6,229AFA07,JSL,ABSL_JUMP,UNKNOWN,0,NONE,V05C-contexts.csv,SOURCE_PROVED_NOT_YET_ADMITTED
TP07F491,0C:C8DA:0:0:0,0x0648DA,C230,REP,IMM8,UNKNOWN|0|1,1,NONE,V05C-contexts.csv,SOURCE_PROVED_NOT_YET_ADMITTED
TP07F491,0C:C8DC:0:0:0,0x0648DC,ADA207,LDA,ABS,UNKNOWN|0|1,1,DBR:07A2,V05C-contexts.csv,SOURCE_PROVED_NOT_YET_ADMITTED
TP07F491,0C:C8DF:0:0:0,0x0648DF,8D9207,STA,ABS,UNKNOWN|0|1,UNKNOWN,DBR:0792,V05C-contexts.csv,SOURCE_PROVED_NOT_YET_ADMITTED
TP07F491,0C:C8E2:0:0:0,0x0648E2,ADA407,LDA,ABS,UNKNOWN|0|1,UNKNOWN,DBR:07A4,V05C-contexts.csv,SOURCE_PROVED_NOT_YET_ADMITTED
TP07F491,0C:C8E5:0:0:0,0x0648E5,8D9407,STA,ABS,UNKNOWN|0|1,UNKNOWN,DBR:0794,V05C-contexts.csv,SOURCE_PROVED_NOT_YET_ADMITTED
TP07F491,0C:C8E8:0:0:0,0x0648E8,A90400,LDA,IMM_M,UNKNOWN|0|1,UNKNOWN,NONE,V05C-contexts.csv,SOURCE_PROVED_NOT_YET_ADMITTED
TP07F491,0C:C8EB:0:0:0,0x0648EB,8D8A07,STA,ABS,UNKNOWN|0|1,0,DBR:078A,V05C-contexts.csv,SOURCE_PROVED_NOT_YET_ADMITTED
TP07F491,0C:C8EE:0:0:0,0x0648EE,9C8E07,STZ,ABS,UNKNOWN|0|1,0,DBR:078E,V05C-contexts.csv,SOURCE_PROVED_NOT_YET_ADMITTED
TP07F491,0C:C8F1:0:0:0,0x0648F1,C230,REP,IMM8,UNKNOWN|0|1,0,NONE,V05C-contexts.csv,SOURCE_PROVED_NOT_YET_ADMITTED
TP07F491,0C:C8F3:0:0:0,0x0648F3,AD9207,LDA,ABS,UNKNOWN|0|1,0,DBR:0792,V05C-contexts.csv,SOURCE_PROVED_NOT_YET_ADMITTED
TP07F491,0C:C8F6:0:0:0,0x0648F6,48,PHA,IMP,UNKNOWN|0|1,UNKNOWN,NONE,V05C-contexts.csv,SOURCE_PROVED_NOT_YET_ADMITTED
TP07F491,0C:C8F7:0:0:0,0x0648F7,AD9407,LDA,ABS,UNKNOWN|0|1,UNKNOWN,DBR:0794,V05C-contexts.csv,SOURCE_PROVED_NOT_YET_ADMITTED
TP07F491,0C:C8FA:0:0:0,0x0648FA,48,PHA,IMP,UNKNOWN|0|1,UNKNOWN,NONE,V05C-contexts.csv,SOURCE_PROVED_NOT_YET_ADMITTED
TP07F491,0C:C8FB:0:0:0,0x0648FB,2264F70C,JSL,ABSL_JUMP,UNKNOWN|0|1,UNKNOWN,NONE,V05C-contexts.csv,SOURCE_PROVED_NOT_YET_ADMITTED
TP07F491,0C:C8FF:0:0:0,0x0648FF,C230,REP,IMM8,UNKNOWN|0|1,UNKNOWN,NONE,V05C-contexts.csv,SOURCE_PROVED_NOT_YET_ADMITTED
TP07F491,0C:C901:0:0:0,0x064901,68,PLA,IMP,UNKNOWN|0|1,UNKNOWN,NONE,V05C-contexts.csv,SOURCE_PROVED_NOT_YET_ADMITTED
TP07F491,0C:C902:0:0:0,0x064902,8D9407,STA,ABS,UNKNOWN|0|1,UNKNOWN,DBR:0794,V05C-contexts.csv,SOURCE_PROVED_NOT_YET_ADMITTED
TP07F491,0C:C905:0:0:0,0x064905,68,PLA,IMP,UNKNOWN|0|1,UNKNOWN,NONE,V05C-contexts.csv,SOURCE_PROVED_NOT_YET_ADMITTED
TP07F491,0C:C906:0:0:0,0x064906,8D9207,STA,ABS,UNKNOWN|0|1,UNKNOWN,DBR:0792,V05C-contexts.csv,SOURCE_PROVED_NOT_YET_ADMITTED
TP07F491,0C:C909:0:0:0,0x064909,C230,REP,IMM8,UNKNOWN|0|1,UNKNOWN,NONE,V05C-contexts.csv,SOURCE_PROVED_NOT_YET_ADMITTED
TP07F491,0C:C90B:0:0:0,0x06490B,ADA207,LDA,ABS,UNKNOWN|0|1,UNKNOWN,DBR:07A2,V05C-contexts.csv,SOURCE_PROVED_NOT_YET_ADMITTED
TP07F491,0C:C90E:0:0:0,0x06490E,8D2919,STA,ABS,UNKNOWN|0|1,UNKNOWN,DBR:1929,V05C-contexts.csv,SOURCE_PROVED_NOT_YET_ADMITTED
TP07F491,0C:C911:0:0:0,0x064911,F029,BEQ,REL8,UNKNOWN|0|1,UNKNOWN,NONE,V05C-contexts.csv,SOURCE_PROVED_NOT_YET_ADMITTED
TP07F491,0C:C913:0:0:0,0x064913,A91900,LDA,IMM_M,UNKNOWN|0|1,0,NONE,V05C-contexts.csv,SOURCE_PROVED_NOT_YET_ADMITTED
TP07F491,0C:C916:0:0:0,0x064916,8D8A07,STA,ABS,UNKNOWN|0|1,0,DBR:078A,V05C-contexts.csv,SOURCE_PROVED_NOT_YET_ADMITTED
TP07F491,0C:C919:0:0:0,0x064919,AD9207,LDA,ABS,UNKNOWN|0|1,0,DBR:0792,V05C-contexts.csv,SOURCE_PROVED_NOT_YET_ADMITTED
TP07F491,0C:C91C:0:0:0,0x06491C,8D8E07,STA,ABS,UNKNOWN|0|1,UNKNOWN,DBR:078E,V05C-contexts.csv,SOURCE_PROVED_NOT_YET_ADMITTED
TP07F491,0C:C91F:0:0:0,0x06491F,A90000,LDA,IMM_M,UNKNOWN|0|1,UNKNOWN,NONE,V05C-contexts.csv,SOURCE_PROVED_NOT_YET_ADMITTED
TP07F491,0C:C922:0:0:0,0x064922,38,SEC,IMP,UNKNOWN|0|1,1,NONE,V05C-contexts.csv,SOURCE_PROVED_NOT_YET_ADMITTED
TP07F491,0C:C923:0:0:0,0x064923,ED8E07,SBC,ABS,1,1,DBR:078E,V05C-contexts.csv,SOURCE_PROVED_NOT_YET_ADMITTED
TP07F491,0C:C926:0:0:0,0x064926,8D8E07,STA,ABS,UNKNOWN,UNKNOWN,DBR:078E,V05C-contexts.csv,SOURCE_PROVED_NOT_YET_ADMITTED
TP07F491,0C:C929:0:0:0,0x064929,AD9407,LDA,ABS,UNKNOWN,UNKNOWN,DBR:0794,V05C-contexts.csv,SOURCE_PROVED_NOT_YET_ADMITTED
TP07F491,0C:C92C:0:0:0,0x06492C,8D9007,STA,ABS,UNKNOWN,UNKNOWN,DBR:0790,V05C-contexts.csv,SOURCE_PROVED_NOT_YET_ADMITTED
TP07F491,0C:C92F:0:0:0,0x06492F,A90000,LDA,IMM_M,UNKNOWN,UNKNOWN,NONE,V05C-contexts.csv,SOURCE_PROVED_NOT_YET_ADMITTED
TP07F491,0C:C932:0:0:0,0x064932,ED9007,SBC,ABS,UNKNOWN,1,DBR:0790,V05C-contexts.csv,SOURCE_PROVED_NOT_YET_ADMITTED
TP07F491,0C:C935:0:0:0,0x064935,8D9007,STA,ABS,UNKNOWN,UNKNOWN,DBR:0790,V05C-contexts.csv,SOURCE_PROVED_NOT_YET_ADMITTED
TP07F491,0C:C938:0:0:0,0x064938,22CAC70C,JSL,ABSL_JUMP,UNKNOWN,UNKNOWN,NONE,V05C-contexts.csv,SOURCE_PROVED_NOT_YET_ADMITTED
TP07F491,0C:C93C:0:0:0,0x06493C,C230,REP,IMM8,UNKNOWN|0|1,UNKNOWN|0|1,NONE,V05C-contexts.csv,SOURCE_PROVED_NOT_YET_ADMITTED
TP07F491,0C:C93E:0:0:0,0x06493E,A92823,LDA,IMM_M,UNKNOWN|0|1,UNKNOWN|0|1,NONE,V05C-contexts.csv,SOURCE_PROVED_NOT_YET_ADMITTED
TP07F491,0C:C941:0:0:0,0x064941,8D1D04,STA,ABS,UNKNOWN|0|1,0,DBR:041D,V05C-contexts.csv,SOURCE_PROVED_NOT_YET_ADMITTED
TP07F491,0C:C944:0:0:0,0x064944,E230,SEP,IMM8,UNKNOWN|0|1,0,NONE,V05C-contexts.csv,SOURCE_PROVED_NOT_YET_ADMITTED
TP07F491,0C:C946:0:1:1,0x064946,A901,LDA,IMM_M,UNKNOWN|0|1,0,NONE,V05C-contexts.csv,SOURCE_PROVED_NOT_YET_ADMITTED
TP07F491,0C:C948:0:1:1,0x064948,8D1007,STA,ABS,UNKNOWN|0|1,0,DBR:0710,V05C-contexts.csv,SOURCE_PROVED_NOT_YET_ADMITTED
TP07F491,0C:C94B:0:1:1,0x06494B,2218850C,JSL,ABSL_JUMP,UNKNOWN|0|1,0,NONE,V05C-contexts.csv,SOURCE_PROVED_NOT_YET_ADMITTED
TP07F491,0C:C94F:0:1:1,0x06494F,E210,SEP,IMM8,UNKNOWN|0|1,0|1,NONE,V05C-contexts.csv,SOURCE_PROVED_NOT_YET_ADMITTED
TP07F491,0C:C951:0:1:1,0x064951,C220,REP,IMM8,UNKNOWN|0|1,0|1,NONE,V05C-contexts.csv,SOURCE_PROVED_NOT_YET_ADMITTED
TP07F491,0C:C953:0:0:1,0x064953,A99000,LDA,IMM_M,UNKNOWN|0|1,0|1,NONE,V05C-contexts.csv,SOURCE_PROVED_NOT_YET_ADMITTED
TP07F491,0C:C956:0:0:1,0x064956,8D0A07,STA,ABS,UNKNOWN|0|1,0,DBR:070A,V05C-contexts.csv,SOURCE_PROVED_NOT_YET_ADMITTED
TP07F491,0C:C959:0:0:1,0x064959,A201,LDX,IMM_X,UNKNOWN|0|1,0,NONE,V05C-contexts.csv,SOURCE_PROVED_NOT_YET_ADMITTED
TP07F491,0C:C95B:0:0:1,0x06495B,8E421F,STX,ABS,UNKNOWN|0|1,0,DBR:1F42,V05C-contexts.csv,SOURCE_PROVED_NOT_YET_ADMITTED
TP07F491,0C:C95E:0:0:1,0x06495E,A9C7A6,LDA,IMM_M,UNKNOWN|0|1,0,NONE,V05C-contexts.csv,SOURCE_PROVED_NOT_YET_ADMITTED
TP07F491,0C:C961:0:0:1,0x064961,8D3100,STA,ABS,UNKNOWN|0|1,0,DBR:0031,V05C-contexts.csv,SOURCE_PROVED_NOT_YET_ADMITTED
TP07F491,0C:C964:0:0:1,0x064964,A27E,LDX,IMM_X,UNKNOWN|0|1,0,NONE,V05C-contexts.csv,SOURCE_PROVED_NOT_YET_ADMITTED
TP07F491,0C:C966:0:0:1,0x064966,8E3300,STX,ABS,UNKNOWN|0|1,0,DBR:0033,V05C-contexts.csv,SOURCE_PROVED_NOT_YET_ADMITTED
TP07F491,0C:C969:0:0:1,0x064969,A90075,LDA,IMM_M,UNKNOWN|0|1,0,NONE,V05C-contexts.csv,SOURCE_PROVED_NOT_YET_ADMITTED
TP07F491,0C:C96C:0:0:1,0x06496C,8D1600,STA,ABS,UNKNOWN|0|1,0,DBR:0016,V05C-contexts.csv,SOURCE_PROVED_NOT_YET_ADMITTED
TP07F491,0C:C96F:0:0:1,0x06496F,A27E,LDX,IMM_X,UNKNOWN|0|1,0,NONE,V05C-contexts.csv,SOURCE_PROVED_NOT_YET_ADMITTED
TP07F491,0C:C971:0:0:1,0x064971,8E1800,STX,ABS,UNKNOWN|0|1,0,DBR:0018,V05C-contexts.csv,SOURCE_PROVED_NOT_YET_ADMITTED
TP07F491,0C:C974:0:0:1,0x064974,8E1B00,STX,ABS,UNKNOWN|0|1,0,DBR:001B,V05C-contexts.csv,SOURCE_PROVED_NOT_YET_ADMITTED
TP07F491,0C:C977:0:0:1,0x064977,8E1E00,STX,ABS,UNKNOWN|0|1,0,DBR:001E,V05C-contexts.csv,SOURCE_PROVED_NOT_YET_ADMITTED
TP07F491,0C:C97A:0:0:1,0x06497A,8E2100,STX,ABS,UNKNOWN|0|1,0,DBR:0021,V05C-contexts.csv,SOURCE_PROVED_NOT_YET_ADMITTED
TP07F491,0C:C97D:0:0:1,0x06497D,8E2400,STX,ABS,UNKNOWN|0|1,0,DBR:0024,V05C-contexts.csv,SOURCE_PROVED_NOT_YET_ADMITTED
TP07F491,0C:C980:0:0:1,0x064980,8E2700,STX,ABS,UNKNOWN|0|1,0,DBR:0027,V05C-contexts.csv,SOURCE_PROVED_NOT_YET_ADMITTED
TP07F491,0C:C983:0:0:1,0x064983,8E2A00,STX,ABS,UNKNOWN|0|1,0,DBR:002A,V05C-contexts.csv,SOURCE_PROVED_NOT_YET_ADMITTED
TP07F491,0C:C986:0:0:1,0x064986,8E2D00,STX,ABS,UNKNOWN|0|1,0,DBR:002D,V05C-contexts.csv,SOURCE_PROVED_NOT_YET_ADMITTED
TP07F491,0C:C989:0:0:1,0x064989,8E3000,STX,ABS,UNKNOWN|0|1,0,DBR:0030,V05C-contexts.csv,SOURCE_PROVED_NOT_YET_ADMITTED
TP07F491,0C:C98C:0:0:1,0x06498C,A90075,LDA,IMM_M,UNKNOWN|0|1,0,NONE,V05C-contexts.csv,SOURCE_PROVED_NOT_YET_ADMITTED
TP07F491,0C:C98F:0:0:1,0x06498F,8D1600,STA,ABS,UNKNOWN|0|1,0,DBR:0016,V05C-contexts.csv,SOURCE_PROVED_NOT_YET_ADMITTED
TP07F491,0C:C992:0:0:1,0x064992,A9C875,LDA,IMM_M,UNKNOWN|0|1,0,NONE,V05C-contexts.csv,SOURCE_PROVED_NOT_YET_ADMITTED
TP07F491,0C:C995:0:0:1,0x064995,8D1900,STA,ABS,UNKNOWN|0|1,0,DBR:0019,V05C-contexts.csv,SOURCE_PROVED_NOT_YET_ADMITTED
TP07F491,0C:C998:0:0:1,0x064998,A92C76,LDA,IMM_M,UNKNOWN|0|1,0,NONE,V05C-contexts.csv,SOURCE_PROVED_NOT_YET_ADMITTED
TP07F491,0C:C99B:0:0:1,0x06499B,8D1C00,STA,ABS,UNKNOWN|0|1,0,DBR:001C,V05C-contexts.csv,SOURCE_PROVED_NOT_YET_ADMITTED
TP07F491,0C:C99E:0:0:1,0x06499E,A99076,LDA,IMM_M,UNKNOWN|0|1,0,NONE,V05C-contexts.csv,SOURCE_PROVED_NOT_YET_ADMITTED
TP07F491,0C:C9A1:0:0:1,0x0649A1,8D2200,STA,ABS,UNKNOWN|0|1,0,DBR:0022,V05C-contexts.csv,SOURCE_PROVED_NOT_YET_ADMITTED
TP07F491,0C:C9A4:0:0:1,0x0649A4,A9F476,LDA,IMM_M,UNKNOWN|0|1,0,NONE,V05C-contexts.csv,SOURCE_PROVED_NOT_YET_ADMITTED
TP07F491,0C:C9A7:0:0:1,0x0649A7,8D2500,STA,ABS,UNKNOWN|0|1,0,DBR:0025,V05C-contexts.csv,SOURCE_PROVED_NOT_YET_ADMITTED
TP07F491,0C:C9AA:0:0:1,0x0649AA,A95877,LDA,IMM_M,UNKNOWN|0|1,0,NONE,V05C-contexts.csv,SOURCE_PROVED_NOT_YET_ADMITTED
TP07F491,0C:C9AD:0:0:1,0x0649AD,8D2800,STA,ABS,UNKNOWN|0|1,0,DBR:0028,V05C-contexts.csv,SOURCE_PROVED_NOT_YET_ADMITTED
TP07F491,0C:C9B0:0:0:1,0x0649B0,A9BC77,LDA,IMM_M,UNKNOWN|0|1,0,NONE,V05C-contexts.csv,SOURCE_PROVED_NOT_YET_ADMITTED
TP07F491,0C:C9B3:0:0:1,0x0649B3,8D1F00,STA,ABS,UNKNOWN|0|1,0,DBR:001F,V05C-contexts.csv,SOURCE_PROVED_NOT_YET_ADMITTED
TP07F491,0C:C9B6:0:0:1,0x0649B6,A92078,LDA,IMM_M,UNKNOWN|0|1,0,NONE,V05C-contexts.csv,SOURCE_PROVED_NOT_YET_ADMITTED
TP07F491,0C:C9B9:0:0:1,0x0649B9,8D2B00,STA,ABS,UNKNOWN|0|1,0,DBR:002B,V05C-contexts.csv,SOURCE_PROVED_NOT_YET_ADMITTED
TP07F491,0C:C9BC:0:0:1,0x0649BC,C230,REP,IMM8,UNKNOWN|0|1,0,NONE,V05C-contexts.csv,SOURCE_PROVED_NOT_YET_ADMITTED
TP07F491,0C:C9BE:0:0:0,0x0649BE,9C1704,STZ,ABS,UNKNOWN|0|1,0,DBR:0417,V05C-contexts.csv,SOURCE_PROVED_NOT_YET_ADMITTED
TP07F491,0C:C9C1:0:0:0,0x0649C1,AD1704,LDA,ABS,UNKNOWN|0|1,UNKNOWN|0,DBR:0417,V05C-contexts.csv,SOURCE_PROVED_NOT_YET_ADMITTED
TP07F491,0C:C9C4:0:0:0,0x0649C4,C91400,CMP,IMM_M,UNKNOWN|0|1,UNKNOWN,NONE,V05C-contexts.csv,SOURCE_PROVED_NOT_YET_ADMITTED
TP07F491,0C:C9C7:0:0:0,0x0649C7,B01C,BCS,REL8,UNKNOWN,UNKNOWN,NONE,V05C-contexts.csv,SOURCE_PROVED_NOT_YET_ADMITTED
TP07F491,0C:C9C9:0:0:0,0x0649C9,AC1704,LDY,ABS,0,UNKNOWN,DBR:0417,V05C-contexts.csv,SOURCE_PROVED_NOT_YET_ADMITTED
TP07F491,0C:C9CC:0:0:0,0x0649CC,98,TYA,IMP,0,UNKNOWN,NONE,V05C-contexts.csv,SOURCE_PROVED_NOT_YET_ADMITTED
TP07F491,0C:C9CD:0:0:0,0x0649CD,A93C00,LDA,IMM_M,0,UNKNOWN,NONE,V05C-contexts.csv,SOURCE_PROVED_NOT_YET_ADMITTED
TP07F491,0C:C9D0:0:0:0,0x0649D0,22A78004,JSL,ABSL_JUMP,0,0,NONE,V05C-contexts.csv,SOURCE_PROVED_NOT_YET_ADMITTED
TP07F491,0C:C9D4:0:0:0,0x0649D4,A8,TAY,IMP,UNKNOWN,UNKNOWN,NONE,V05C-contexts.csv,SOURCE_PROVED_NOT_YET_ADMITTED
TP07F491,0C:C9D5:0:0:0,0x0649D5,18,CLC,IMP,UNKNOWN,UNKNOWN,NONE,V05C-contexts.csv,SOURCE_PROVED_NOT_YET_ADMITTED
TP07F491,0C:C9D6:0:0:0,0x0649D6,693400,ADC,IMM_M,0,UNKNOWN,NONE,V05C-contexts.csv,SOURCE_PROVED_NOT_YET_ADMITTED
TP07F491,0C:C9D9:0:0:0,0x0649D9,A8,TAY,IMP,UNKNOWN,UNKNOWN,NONE,V05C-contexts.csv,SOURCE_PROVED_NOT_YET_ADMITTED
TP07F491,0C:C9DA:0:0:0,0x0649DA,A90000,LDA,IMM_M,UNKNOWN,UNKNOWN,NONE,V05C-contexts.csv,SOURCE_PROVED_NOT_YET_ADMITTED
TP07F491,0C:C9DD:0:0:0,0x0649DD,9731,STA,DP_IND_LONG_Y,UNKNOWN,1,NONE,V05C-contexts.csv,SOURCE_PROVED_NOT_YET_ADMITTED
TP07F491,0C:C9DF:0:0:0,0x0649DF,EE1704,INC,ABS,UNKNOWN,1,DBR:0417,V05C-contexts.csv,SOURCE_PROVED_NOT_YET_ADMITTED
TP07F491,0C:C9E2:0:0:0,0x0649E2,82DCFF,BRL,REL16,UNKNOWN,UNKNOWN,NONE,V05C-contexts.csv,SOURCE_PROVED_NOT_YET_ADMITTED
TP07F491,0C:C9E5:0:0:0,0x0649E5,2297E40C,JSL,ABSL_JUMP,1,UNKNOWN,NONE,V05C-contexts.csv,SOURCE_PROVED_NOT_YET_ADMITTED
TP07F491,0C:C9E9:0:0:0,0x0649E9,2240D60C,JSL,ABSL_JUMP,UNKNOWN,UNKNOWN,NONE,V05C-contexts.csv,SOURCE_PROVED_NOT_YET_ADMITTED
TP07F491,0C:C9ED:0:0:0,0x0649ED,226FF504,JSL,ABSL_JUMP,UNKNOWN,0,NONE,V05C-contexts.csv,SOURCE_PROVED_NOT_YET_ADMITTED
TP07F491,0C:C9F1:0:0:1,0x0649F1,22C88207,JSL,ABSL_JUMP,0|1,UNKNOWN,NONE,V05C-contexts.csv,SOURCE_PROVED_NOT_YET_ADMITTED
TP07F491,0C:C9F5:0:0:0,0x0649F5,E230,SEP,IMM8,0|1,0,NONE,V05C-contexts.csv,SOURCE_PROVED_NOT_YET_ADMITTED
TP07F491,0C:C9F7:0:1:1,0x0649F7,A9F0,LDA,IMM_M,0|1,0,NONE,V05C-contexts.csv,SOURCE_PROVED_NOT_YET_ADMITTED
TP07F491,0C:C9F9:0:1:1,0x0649F9,8D3004,STA,ABS,0|1,0,DBR:0430,V05C-contexts.csv,SOURCE_PROVED_NOT_YET_ADMITTED
TP07F491,0C:C9FC:0:1:1,0x0649FC,C230,REP,IMM8,0|1,0,NONE,V05C-contexts.csv,SOURCE_PROVED_NOT_YET_ADMITTED
TP07F491,0C:C9FE:0:0:0,0x0649FE,A2FC01,LDX,IMM_X,0|1,0,NONE,V05C-contexts.csv,SOURCE_PROVED_NOT_YET_ADMITTED
TP07F491,0C:CA01:0:0:0,0x064A01,A07B00,LDY,IMM_X,0|1,0,NONE,V05C-contexts.csv,SOURCE_PROVED_NOT_YET_ADMITTED
TP07F491,0C:CA04:0:0:0,0x064A04,A900F0,LDA,IMM_M,0|1,0,NONE,V05C-contexts.csv,SOURCE_PROVED_NOT_YET_ADMITTED
TP07F491,0C:CA07:0:0:0,0x064A07,9D2F04,STA,ABS_X,0|1,0,DBR:042F+X,V05C-contexts.csv,SOURCE_PROVED_NOT_YET_ADMITTED
TP07F491,0C:CA0A:0:0:0,0x064A0A,CA,DEX,IMP,0|1,0,NONE,V05C-contexts.csv,SOURCE_PROVED_NOT_YET_ADMITTED
TP07F491,0C:CA0B:0:0:0,0x064A0B,CA,DEX,IMP,0|1,UNKNOWN,NONE,V05C-contexts.csv,SOURCE_PROVED_NOT_YET_ADMITTED
TP07F491,0C:CA0C:0:0:0,0x064A0C,CA,DEX,IMP,0|1,UNKNOWN,NONE,V05C-contexts.csv,SOURCE_PROVED_NOT_YET_ADMITTED
TP07F491,0C:CA0D:0:0:0,0x064A0D,CA,DEX,IMP,0|1,UNKNOWN,NONE,V05C-contexts.csv,SOURCE_PROVED_NOT_YET_ADMITTED
TP07F491,0C:CA0E:0:0:0,0x064A0E,88,DEY,IMP,0|1,UNKNOWN,NONE,V05C-contexts.csv,SOURCE_PROVED_NOT_YET_ADMITTED
TP07F491,0C:CA0F:0:0:0,0x064A0F,D0F3,BNE,REL8,0|1,UNKNOWN,NONE,V05C-contexts.csv,SOURCE_PROVED_NOT_YET_ADMITTED
TP07F491,0C:CA11:0:0:0,0x064A11,E230,SEP,IMM8,0|1,1,NONE,V05C-contexts.csv,SOURCE_PROVED_NOT_YET_ADMITTED
TP07F491,0C:CA13:0:1:1,0x064A13,A901,LDA,IMM_M,0|1,1,NONE,V05C-contexts.csv,SOURCE_PROVED_NOT_YET_ADMITTED
TP07F491,0C:CA15:0:1:1,0x064A15,8D4D07,STA,ABS,0|1,0,DBR:074D,V05C-contexts.csv,SOURCE_PROVED_NOT_YET_ADMITTED
TP07F491,0C:CA18:0:1:1,0x064A18,E230,SEP,IMM8,0|1,0,NONE,V05C-contexts.csv,SOURCE_PROVED_NOT_YET_ADMITTED
TP07F491,0C:CA1A:0:1:1,0x064A1A,AD0F07,LDA,ABS,0|1,0,DBR:070F,V05C-contexts.csv,SOURCE_PROVED_NOT_YET_ADMITTED
TP07F491,0C:CA1D:0:1:1,0x064A1D,D0FB,BNE,REL8,0|1,UNKNOWN,NONE,V05C-contexts.csv,SOURCE_PROVED_NOT_YET_ADMITTED
TP07F491,0C:CA1F:0:1:1,0x064A1F,9CB207,STZ,ABS,0|1,1,DBR:07B2,V05C-contexts.csv,SOURCE_PROVED_NOT_YET_ADMITTED
TP07F491,0C:CA22:0:1:1,0x064A22,E210,SEP,IMM8,0|1,1,NONE,V05C-contexts.csv,SOURCE_PROVED_NOT_YET_ADMITTED
TP07F491,0C:CA24:0:1:1,0x064A24,C220,REP,IMM8,0|1,1,NONE,V05C-contexts.csv,SOURCE_PROVED_NOT_YET_ADMITTED
TP07F491,0C:CA26:0:0:1,0x064A26,A940FA,LDA,IMM_M,0|1,1,NONE,V05C-contexts.csv,SOURCE_PROVED_NOT_YET_ADMITTED
TP07F491,0C:CA29:0:0:1,0x064A29,A21D,LDX,IMM_X,0|1,0,NONE,V05C-contexts.csv,SOURCE_PROVED_NOT_YET_ADMITTED
TP07F491,0C:CA2B:0:0:1,0x064A2B,22688207,JSL,ABSL_JUMP,0|1,0,NONE,V05C-contexts.csv,SOURCE_PROVED_NOT_YET_ADMITTED
TP07F491,0C:CA2F:0:0:1,0x064A2F,E230,SEP,IMM8,UNKNOWN|0|1,0,NONE,V05C-contexts.csv,SOURCE_PROVED_NOT_YET_ADMITTED
TP07F491,0C:CA31:0:1:1,0x064A31,A9F0,LDA,IMM_M,UNKNOWN|0|1,0,NONE,V05C-contexts.csv,SOURCE_PROVED_NOT_YET_ADMITTED
TP07F491,0C:CA33:0:1:1,0x064A33,8D3004,STA,ABS,UNKNOWN|0|1,0,DBR:0430,V05C-contexts.csv,SOURCE_PROVED_NOT_YET_ADMITTED
TP07F491,0C:CA36:0:1:1,0x064A36,A901,LDA,IMM_M,UNKNOWN|0|1,0,NONE,V05C-contexts.csv,SOURCE_PROVED_NOT_YET_ADMITTED
TP07F491,0C:CA38:0:1:1,0x064A38,8D4D07,STA,ABS,UNKNOWN|0|1,0,DBR:074D,V05C-contexts.csv,SOURCE_PROVED_NOT_YET_ADMITTED
TP07F491,0C:CA3B:0:1:1,0x064A3B,C230,REP,IMM8,UNKNOWN|0|1,0,NONE,V05C-contexts.csv,SOURCE_PROVED_NOT_YET_ADMITTED
TP07F491,0C:CA3D:0:0:0,0x064A3D,9C1704,STZ,ABS,UNKNOWN|0|1,0,DBR:0417,V05C-contexts.csv,SOURCE_PROVED_NOT_YET_ADMITTED
TP07F491,0C:CA40:0:0:0,0x064A40,AD1704,LDA,ABS,UNKNOWN|0|1,UNKNOWN|0,DBR:0417,V05C-contexts.csv,SOURCE_PROVED_NOT_YET_ADMITTED
TP07F491,0C:CA43:0:0:0,0x064A43,C91400,CMP,IMM_M,UNKNOWN|0|1,UNKNOWN,NONE,V05C-contexts.csv,SOURCE_PROVED_NOT_YET_ADMITTED
TP07F491,0C:CA46:0:0:0,0x064A46,9003,BCC,REL8,UNKNOWN,UNKNOWN,NONE,V05C-contexts.csv,SOURCE_PROVED_NOT_YET_ADMITTED
TP07F491,0C:CA48:0:0:0,0x064A48,4C5FCD,JMP,ABS_JUMP,1,UNKNOWN,NONE,V05C-contexts.csv,SOURCE_PROVED_NOT_YET_ADMITTED
TP07F491,0C:CA4B:0:0:0,0x064A4B,A90000,LDA,IMM_M,0,UNKNOWN,NONE,V05C-contexts.csv,SOURCE_PROVED_NOT_YET_ADMITTED
TP07F491,0C:CA4E:0:0:0,0x064A4E,A09400,LDY,IMM_X,0,1,NONE,V05C-contexts.csv,SOURCE_PROVED_NOT_YET_ADMITTED
TP07F491,0C:CA51:0:0:0,0x064A51,9731,STA,DP_IND_LONG_Y,0,0,NONE,V05C-contexts.csv,SOURCE_PROVED_NOT_YET_ADMITTED
TP07F491,0C:CA53:0:0:0,0x064A53,AC1704,LDY,ABS,0,0,DBR:0417,V05C-contexts.csv,SOURCE_PROVED_NOT_YET_ADMITTED
TP07F491,0C:CA56:0:0:0,0x064A56,98,TYA,IMP,0,UNKNOWN,NONE,V05C-contexts.csv,SOURCE_PROVED_NOT_YET_ADMITTED
TP07F491,0C:CA57:0:0:0,0x064A57,A90500,LDA,IMM_M,0,UNKNOWN,NONE,V05C-contexts.csv,SOURCE_PROVED_NOT_YET_ADMITTED
TP07F491,0C:CA5A:0:0:0,0x064A5A,22A78004,JSL,ABSL_JUMP,0,0,NONE,V05C-contexts.csv,SOURCE_PROVED_NOT_YET_ADMITTED
TP07F491,0C:CA5E:0:0:0,0x064A5E,A8,TAY,IMP,UNKNOWN,UNKNOWN,NONE,V05C-contexts.csv,SOURCE_PROVED_NOT_YET_ADMITTED
TP07F491,0C:CA5F:0:0:0,0x064A5F,8D8A07,STA,ABS,UNKNOWN,UNKNOWN,DBR:078A,V05C-contexts.csv,SOURCE_PROVED_NOT_YET_ADMITTED
TP07F491,0C:CA62:0:0:0,0x064A62,18,CLC,IMP,UNKNOWN,UNKNOWN,NONE,V05C-contexts.csv,SOURCE_PROVED_NOT_YET_ADMITTED
TP07F491,0C:CA63:0:0:0,0x064A63,690400,ADC,IMM_M,0,UNKNOWN,NONE,V05C-contexts.csv,SOURCE_PROVED_NOT_YET_ADMITTED
TP07F491,0C:CA66:0:0:0,0x064A66,A8,TAY,IMP,UNKNOWN,UNKNOWN,NONE,V05C-contexts.csv,SOURCE_PROVED_NOT_YET_ADMITTED
TP07F491,0C:CA67:0:0:0,0x064A67,E230,SEP,IMM8,UNKNOWN,UNKNOWN,NONE,V05C-contexts.csv,SOURCE_PROVED_NOT_YET_ADMITTED
TP07F491,0C:CA69:0:1:1,0x064A69,AD1704,LDA,ABS,UNKNOWN,UNKNOWN,DBR:0417,V05C-contexts.csv,SOURCE_PROVED_NOT_YET_ADMITTED
TP07F491,0C:CA6C:0:1:1,0x064A6C,9719,STA,DP_IND_LONG_Y,UNKNOWN,UNKNOWN,NONE,V05C-contexts.csv,SOURCE_PROVED_NOT_YET_ADMITTED
TP07F491,0C:CA6E:0:1:1,0x064A6E,971C,STA,DP_IND_LONG_Y,UNKNOWN,UNKNOWN,NONE,V05C-contexts.csv,SOURCE_PROVED_NOT_YET_ADMITTED
TP07F491,0C:CA70:0:1:1,0x064A70,971F,STA,DP_IND_LONG_Y,UNKNOWN,UNKNOWN,NONE,V05C-contexts.csv,SOURCE_PROVED_NOT_YET_ADMITTED
TP07F491,0C:CA72:0:1:1,0x064A72,9722,STA,DP_IND_LONG_Y,UNKNOWN,UNKNOWN,NONE,V05C-contexts.csv,SOURCE_PROVED_NOT_YET_ADMITTED
TP07F491,0C:CA74:0:1:1,0x064A74,9725,STA,DP_IND_LONG_Y,UNKNOWN,UNKNOWN,NONE,V05C-contexts.csv,SOURCE_PROVED_NOT_YET_ADMITTED
TP07F491,0C:CA76:0:1:1,0x064A76,9728,STA,DP_IND_LONG_Y,UNKNOWN,UNKNOWN,NONE,V05C-contexts.csv,SOURCE_PROVED_NOT_YET_ADMITTED
TP07F491,0C:CA78:0:1:1,0x064A78,C230,REP,IMM8,UNKNOWN,UNKNOWN,NONE,V05C-contexts.csv,SOURCE_PROVED_NOT_YET_ADMITTED
TP07F491,0C:CA7A:0:0:0,0x064A7A,AC1704,LDY,ABS,UNKNOWN,UNKNOWN,DBR:0417,V05C-contexts.csv,SOURCE_PROVED_NOT_YET_ADMITTED
TP07F491,0C:CA7D:0:0:0,0x064A7D,98,TYA,IMP,UNKNOWN,UNKNOWN,NONE,V05C-contexts.csv,SOURCE_PROVED_NOT_YET_ADMITTED
TP07F491,0C:CA7E:0:0:0,0x064A7E,A93C00,LDA,IMM_M,UNKNOWN,UNKNOWN,NONE,V05C-contexts.csv,SOURCE_PROVED_NOT_YET_ADMITTED
TP07F491,0C:CA81:0:0:0,0x064A81,22A78004,JSL,ABSL_JUMP,UNKNOWN,0,NONE,V05C-contexts.csv,SOURCE_PROVED_NOT_YET_ADMITTED
TP07F491,0C:CA85:0:0:0,0x064A85,A8,TAY,IMP,UNKNOWN,UNKNOWN,NONE,V05C-contexts.csv,SOURCE_PROVED_NOT_YET_ADMITTED
TP07F491,0C:CA86:0:0:0,0x064A86,8D8E07,STA,ABS,UNKNOWN,UNKNOWN,DBR:078E,V05C-contexts.csv,SOURCE_PROVED_NOT_YET_ADMITTED
TP07F491,0C:CA89:0:0:0,0x064A89,18,CLC,IMP,UNKNOWN,UNKNOWN,NONE,V05C-contexts.csv,SOURCE_PROVED_NOT_YET_ADMITTED
TP07F491,0C:CA8A:0:0:0,0x064A8A,690300,ADC,IMM_M,0,UNKNOWN,NONE,V05C-contexts.csv,SOURCE_PROVED_NOT_YET_ADMITTED
TP07F491,0C:CA8D:0:0:0,0x064A8D,A8,TAY,IMP,UNKNOWN,UNKNOWN,NONE,V05C-contexts.csv,SOURCE_PROVED_NOT_YET_ADMITTED
TP07F491,0C:CA8E:0:0:0,0x064A8E,B731,LDA,DP_IND_LONG_Y,UNKNOWN,UNKNOWN,NONE,V05C-contexts.csv,SOURCE_PROVED_NOT_YET_ADMITTED
TP07F491,0C:CA90:0:0:0,0x064A90,8D9207,STA,ABS,UNKNOWN,UNKNOWN,DBR:0792,V05C-contexts.csv,SOURCE_PROVED_NOT_YET_ADMITTED
TP07F491,0C:CA93:0:0:0,0x064A93,C8,INY,IMP,UNKNOWN,UNKNOWN,NONE,V05C-contexts.csv,SOURCE_PROVED_NOT_YET_ADMITTED
TP07F491,0C:CA94:0:0:0,0x064A94,C8,INY,IMP,UNKNOWN,UNKNOWN,NONE,V05C-contexts.csv,SOURCE_PROVED_NOT_YET_ADMITTED
TP07F491,0C:CA95:0:0:0,0x064A95,B731,LDA,DP_IND_LONG_Y,UNKNOWN,UNKNOWN,NONE,V05C-contexts.csv,SOURCE_PROVED_NOT_YET_ADMITTED
TP07F491,0C:CA97:0:0:0,0x064A97,8D9607,STA,ABS,UNKNOWN,UNKNOWN,DBR:0796,V05C-contexts.csv,SOURCE_PROVED_NOT_YET_ADMITTED
TP07F491,0C:CA9A:0:0:0,0x064A9A,AD8E07,LDA,ABS,UNKNOWN,UNKNOWN,DBR:078E,V05C-contexts.csv,SOURCE_PROVED_NOT_YET_ADMITTED
TP07F491,0C:CA9D:0:0:0,0x064A9D,18,CLC,IMP,UNKNOWN,UNKNOWN,NONE,V05C-contexts.csv,SOURCE_PROVED_NOT_YET_ADMITTED
TP07F491,0C:CA9E:0:0:0,0x064A9E,690700,ADC,IMM_M,0,UNKNOWN,NONE,V05C-contexts.csv,SOURCE_PROVED_NOT_YET_ADMITTED
TP07F491,0C:CAA1:0:0:0,0x064AA1,A8,TAY,IMP,UNKNOWN,UNKNOWN,NONE,V05C-contexts.csv,SOURCE_PROVED_NOT_YET_ADMITTED
TP07F491,0C:CAA2:0:0:0,0x064AA2,B731,LDA,DP_IND_LONG_Y,UNKNOWN,UNKNOWN,NONE,V05C-contexts.csv,SOURCE_PROVED_NOT_YET_ADMITTED
TP07F491,0C:CAA4:0:0:0,0x064AA4,8D9A07,STA,ABS,UNKNOWN,UNKNOWN,DBR:079A,V05C-contexts.csv,SOURCE_PROVED_NOT_YET_ADMITTED
TP07F491,0C:CAA7:0:0:0,0x064AA7,C8,INY,IMP,UNKNOWN,UNKNOWN,NONE,V05C-contexts.csv,SOURCE_PROVED_NOT_YET_ADMITTED
TP07F491,0C:CAA8:0:0:0,0x064AA8,C8,INY,IMP,UNKNOWN,UNKNOWN,NONE,V05C-contexts.csv,SOURCE_PROVED_NOT_YET_ADMITTED
TP07F491,0C:CAA9:0:0:0,0x064AA9,B731,LDA,DP_IND_LONG_Y,UNKNOWN,UNKNOWN,NONE,V05C-contexts.csv,SOURCE_PROVED_NOT_YET_ADMITTED
TP07F491,0C:CAAB:0:0:0,0x064AAB,8D9E07,STA,ABS,UNKNOWN,UNKNOWN,DBR:079E,V05C-contexts.csv,SOURCE_PROVED_NOT_YET_ADMITTED
TP07F491,0C:CAAE:0:0:0,0x064AAE,AD9207,LDA,ABS,UNKNOWN,UNKNOWN,DBR:0792,V05C-contexts.csv,SOURCE_PROVED_NOT_YET_ADMITTED
TP07F491,0C:CAB1:0:0:0,0x064AB1,38,SEC,IMP,UNKNOWN,UNKNOWN,NONE,V05C-contexts.csv,SOURCE_PROVED_NOT_YET_ADMITTED
TP07F491,0C:CAB2:0:0:0,0x064AB2,ED9A07,SBC,ABS,1,UNKNOWN,DBR:079A,V05C-contexts.csv,SOURCE_PROVED_NOT_YET_ADMITTED
TP07F491,0C:CAB5:0:0:0,0x064AB5,8D8E07,STA,ABS,UNKNOWN,UNKNOWN,DBR:078E,V05C-contexts.csv,SOURCE_PROVED_NOT_YET_ADMITTED
TP07F491,0C:CAB8:0:0:0,0x064AB8,AD9607,LDA,ABS,UNKNOWN,UNKNOWN,DBR:0796,V05C-contexts.csv,SOURCE_PROVED_NOT_YET_ADMITTED
TP07F491,0C:CABB:0:0:0,0x064ABB,ED9E07,SBC,ABS,UNKNOWN,UNKNOWN,DBR:079E,V05C-contexts.csv,SOURCE_PROVED_NOT_YET_ADMITTED
TP07F491,0C:CABE:0:0:0,0x064ABE,8D9007,STA,ABS,UNKNOWN,UNKNOWN,DBR:0790,V05C-contexts.csv,SOURCE_PROVED_NOT_YET_ADMITTED
TP07F491,0C:CAC1:0:0:0,0x064AC1,AD8A07,LDA,ABS,UNKNOWN,UNKNOWN,DBR:078A,V05C-contexts.csv,SOURCE_PROVED_NOT_YET_ADMITTED
TP07F491,0C:CAC4:0:0:0,0x064AC4,18,CLC,IMP,UNKNOWN,UNKNOWN,NONE,V05C-contexts.csv,SOURCE_PROVED_NOT_YET_ADMITTED
TP07F491,0C:CAC5:0:0:0,0x064AC5,690000,ADC,IMM_M,0,UNKNOWN,NONE,V05C-contexts.csv,SOURCE_PROVED_NOT_YET_ADMITTED
TP07F491,0C:CAC8:0:0:0,0x064AC8,A8,TAY,IMP,UNKNOWN,UNKNOWN,NONE,V05C-contexts.csv,SOURCE_PROVED_NOT_YET_ADMITTED
TP07F491,0C:CAC9:0:0:0,0x064AC9,AD8E07,LDA,ABS,UNKNOWN,UNKNOWN,DBR:078E,V05C-contexts.csv,SOURCE_PROVED_NOT_YET_ADMITTED
TP07F491,0C:CACC:0:0:0,0x064ACC,9719,STA,DP_IND_LONG_Y,UNKNOWN,UNKNOWN,NONE,V05C-contexts.csv,SOURCE_PROVED_NOT_YET_ADMITTED
TP07F491,0C:CACE:0:0:0,0x064ACE,C8,INY,IMP,UNKNOWN,UNKNOWN,NONE,V05C-contexts.csv,SOURCE_PROVED_NOT_YET_ADMITTED
TP07F491,0C:CACF:0:0:0,0x064ACF,C8,INY,IMP,UNKNOWN,UNKNOWN,NONE,V05C-contexts.csv,SOURCE_PROVED_NOT_YET_ADMITTED
TP07F491,0C:CAD0:0:0:0,0x064AD0,AD9007,LDA,ABS,UNKNOWN,UNKNOWN,DBR:0790,V05C-contexts.csv,SOURCE_PROVED_NOT_YET_ADMITTED
TP07F491,0C:CAD3:0:0:0,0x064AD3,9719,STA,DP_IND_LONG_Y,UNKNOWN,UNKNOWN,NONE,V05C-contexts.csv,SOURCE_PROVED_NOT_YET_ADMITTED
TP07F491,0C:CAD5:0:0:0,0x064AD5,AC1704,LDY,ABS,UNKNOWN,UNKNOWN,DBR:0417,V05C-contexts.csv,SOURCE_PROVED_NOT_YET_ADMITTED
TP07F491,0C:CAD8:0:0:0,0x064AD8,98,TYA,IMP,UNKNOWN,UNKNOWN,NONE,V05C-contexts.csv,SOURCE_PROVED_NOT_YET_ADMITTED
TP07F491,0C:CAD9:0:0:0,0x064AD9,A93C00,LDA,IMM_M,UNKNOWN,UNKNOWN,NONE,V05C-contexts.csv,SOURCE_PROVED_NOT_YET_ADMITTED
TP07F491,0C:CADC:0:0:0,0x064ADC,22A78004,JSL,ABSL_JUMP,UNKNOWN,0,NONE,V05C-contexts.csv,SOURCE_PROVED_NOT_YET_ADMITTED
TP07F491,0C:CAE0:0:0:0,0x064AE0,A8,TAY,IMP,UNKNOWN,UNKNOWN,NONE,V05C-contexts.csv,SOURCE_PROVED_NOT_YET_ADMITTED
TP07F491,0C:CAE1:0:0:0,0x064AE1,8D8A07,STA,ABS,UNKNOWN,UNKNOWN,DBR:078A,V05C-contexts.csv,SOURCE_PROVED_NOT_YET_ADMITTED
TP07F491,0C:CAE4:0:0:0,0x064AE4,18,CLC,IMP,UNKNOWN,UNKNOWN,NONE,V05C-contexts.csv,SOURCE_PROVED_NOT_YET_ADMITTED
TP07F491,0C:CAE5:0:0:0,0x064AE5,691D00,ADC,IMM_M,0,UNKNOWN,NONE,V05C-contexts.csv,SOURCE_PROVED_NOT_YET_ADMITTED
TP07F491,0C:CAE8:0:0:0,0x064AE8,A8,TAY,IMP,UNKNOWN,UNKNOWN,NONE,V05C-contexts.csv,SOURCE_PROVED_NOT_YET_ADMITTED
TP07F491,0C:CAE9:0:0:0,0x064AE9,B731,LDA,DP_IND_LONG_Y,UNKNOWN,UNKNOWN,NONE,V05C-contexts.csv,SOURCE_PROVED_NOT_YET_ADMITTED
TP07F491,0C:CAEB:0:0:0,0x064AEB,29FF00,AND,IMM_M,UNKNOWN,UNKNOWN,NONE,V05C-contexts.csv,SOURCE_PROVED_NOT_YET_ADMITTED
TP07F491,0C:CAEE:0:0:0,0x064AEE,0A,ASL,ACC,UNKNOWN,UNKNOWN,NONE,V05C-contexts.csv,SOURCE_PROVED_NOT_YET_ADMITTED
TP07F491,0C:CAEF:0:0:0,0x064AEF,0A,ASL,ACC,UNKNOWN,UNKNOWN,NONE,V05C-contexts.csv,SOURCE_PROVED_NOT_YET_ADMITTED
TP07F491,0C:CAF0:0:0:0,0x064AF0,0A,ASL,ACC,UNKNOWN,UNKNOWN,NONE,V05C-contexts.csv,SOURCE_PROVED_NOT_YET_ADMITTED
TP07F491,0C:CAF1:0:0:0,0x064AF1,0A,ASL,ACC,UNKNOWN,UNKNOWN,NONE,V05C-contexts.csv,SOURCE_PROVED_NOT_YET_ADMITTED
TP07F491,0C:CAF2:0:0:0,0x064AF2,8D8E07,STA,ABS,UNKNOWN,UNKNOWN,DBR:078E,V05C-contexts.csv,SOURCE_PROVED_NOT_YET_ADMITTED
TP07F491,0C:CAF5:0:0:0,0x064AF5,A90000,LDA,IMM_M,UNKNOWN,UNKNOWN,NONE,V05C-contexts.csv,SOURCE_PROVED_NOT_YET_ADMITTED
TP07F491,0C:CAF8:0:0:0,0x064AF8,8D9007,STA,ABS,UNKNOWN,1,DBR:0790,V05C-contexts.csv,SOURCE_PROVED_NOT_YET_ADMITTED
TP07F491,0C:CAFB:0:0:0,0x064AFB,AD8A07,LDA,ABS,UNKNOWN,1,DBR:078A,V05C-contexts.csv,SOURCE_PROVED_NOT_YET_ADMITTED
TP07F491,0C:CAFE:0:0:0,0x064AFE,18,CLC,IMP,UNKNOWN,UNKNOWN,NONE,V05C-contexts.csv,SOURCE_PROVED_NOT_YET_ADMITTED
TP07F491,0C:CAFF:0:0:0,0x064AFF,691E00,ADC,IMM_M,0,UNKNOWN,NONE,V05C-contexts.csv,SOURCE_PROVED_NOT_YET_ADMITTED
TP07F491,0C:CB02:0:0:0,0x064B02,A8,TAY,IMP,UNKNOWN,UNKNOWN,NONE,V05C-contexts.csv,SOURCE_PROVED_NOT_YET_ADMITTED
TP07F491,0C:CB03:0:0:0,0x064B03,B731,LDA,DP_IND_LONG_Y,UNKNOWN,UNKNOWN,NONE,V05C-contexts.csv,SOURCE_PROVED_NOT_YET_ADMITTED
TP07F491,0C:CB05:0:0:0,0x064B05,29FF00,AND,IMM_M,UNKNOWN,UNKNOWN,NONE,V05C-contexts.csv,SOURCE_PROVED_NOT_YET_ADMITTED
TP07F491,0C:CB08:0:0:0,0x064B08,0A,ASL,ACC,UNKNOWN,UNKNOWN,NONE,V05C-contexts.csv,SOURCE_PROVED_NOT_YET_ADMITTED
TP07F491,0C:CB09:0:0:0,0x064B09,0A,ASL,ACC,UNKNOWN,UNKNOWN,NONE,V05C-contexts.csv,SOURCE_PROVED_NOT_YET_ADMITTED
TP07F491,0C:CB0A:0:0:0,0x064B0A,0A,ASL,ACC,UNKNOWN,UNKNOWN,NONE,V05C-contexts.csv,SOURCE_PROVED_NOT_YET_ADMITTED
TP07F491,0C:CB0B:0:0:0,0x064B0B,18,CLC,IMP,UNKNOWN,UNKNOWN,NONE,V05C-contexts.csv,SOURCE_PROVED_NOT_YET_ADMITTED
TP07F491,0C:CB0C:0:0:0,0x064B0C,6D8E07,ADC,ABS,0,UNKNOWN,DBR:078E,V05C-contexts.csv,SOURCE_PROVED_NOT_YET_ADMITTED
TP07F491,0C:CB0F:0:0:0,0x064B0F,8D8E07,STA,ABS,UNKNOWN,UNKNOWN,DBR:078E,V05C-contexts.csv,SOURCE_PROVED_NOT_YET_ADMITTED
TP07F491,0C:CB12:0:0:0,0x064B12,AD9007,LDA,ABS,UNKNOWN,UNKNOWN,DBR:0790,V05C-contexts.csv,SOURCE_PROVED_NOT_YET_ADMITTED
TP07F491,0C:CB15:0:0:0,0x064B15,690000,ADC,IMM_M,UNKNOWN,UNKNOWN,NONE,V05C-contexts.csv,SOURCE_PROVED_NOT_YET_ADMITTED
TP07F491,0C:CB18:0:0:0,0x064B18,8D9007,STA,ABS,UNKNOWN,UNKNOWN,DBR:0790,V05C-contexts.csv,SOURCE_PROVED_NOT_YET_ADMITTED
TP07F491,0C:CB1B:0:0:0,0x064B1B,AD8A07,LDA,ABS,UNKNOWN,UNKNOWN,DBR:078A,V05C-contexts.csv,SOURCE_PROVED_NOT_YET_ADMITTED
TP07F491,0C:CB1E:0:0:0,0x064B1E,18,CLC,IMP,UNKNOWN,UNKNOWN,NONE,V05C-contexts.csv,SOURCE_PROVED_NOT_YET_ADMITTED
TP07F491,0C:CB1F:0:0:0,0x064B1F,690E00,ADC,IMM_M,0,UNKNOWN,NONE,V05C-contexts.csv,SOURCE_PROVED_NOT_YET_ADMITTED
TP07F491,0C:CB22:0:0:0,0x064B22,A8,TAY,IMP,UNKNOWN,UNKNOWN,NONE,V05C-contexts.csv,SOURCE_PROVED_NOT_YET_ADMITTED
TP07F491,0C:CB23:0:0:0,0x064B23,B731,LDA,DP_IND_LONG_Y,UNKNOWN,UNKNOWN,NONE,V05C-contexts.csv,SOURCE_PROVED_NOT_YET_ADMITTED
TP07F491,0C:CB25:0:0:0,0x064B25,0A,ASL,ACC,UNKNOWN,UNKNOWN,NONE,V05C-contexts.csv,SOURCE_PROVED_NOT_YET_ADMITTED
TP07F491,0C:CB26:0:0:0,0x064B26,18,CLC,IMP,UNKNOWN,UNKNOWN,NONE,V05C-contexts.csv,SOURCE_PROVED_NOT_YET_ADMITTED
TP07F491,0C:CB27:0:0:0,0x064B27,6D8E07,ADC,ABS,0,UNKNOWN,DBR:078E,V05C-contexts.csv,SOURCE_PROVED_NOT_YET_ADMITTED
TP07F491,0C:CB2A:0:0:0,0x064B2A,8D8E07,STA,ABS,UNKNOWN,UNKNOWN,DBR:078E,V05C-contexts.csv,SOURCE_PROVED_NOT_YET_ADMITTED
TP07F491,0C:CB2D:0:0:0,0x064B2D,AD9007,LDA,ABS,UNKNOWN,UNKNOWN,DBR:0790,V05C-contexts.csv,SOURCE_PROVED_NOT_YET_ADMITTED
TP07F491,0C:CB30:0:0:0,0x064B30,690000,ADC,IMM_M,UNKNOWN,UNKNOWN,NONE,V05C-contexts.csv,SOURCE_PROVED_NOT_YET_ADMITTED
TP07F491,0C:CB33:0:0:0,0x064B33,8D9007,STA,ABS,UNKNOWN,UNKNOWN,DBR:0790,V05C-contexts.csv,SOURCE_PROVED_NOT_YET_ADMITTED
TP07F491,0C:CB36:0:0:0,0x064B36,AD8A07,LDA,ABS,UNKNOWN,UNKNOWN,DBR:078A,V05C-contexts.csv,SOURCE_PROVED_NOT_YET_ADMITTED
TP07F491,0C:CB39:0:0:0,0x064B39,18,CLC,IMP,UNKNOWN,UNKNOWN,NONE,V05C-contexts.csv,SOURCE_PROVED_NOT_YET_ADMITTED
TP07F491,0C:CB3A:0:0:0,0x064B3A,690C00,ADC,IMM_M,0,UNKNOWN,NONE,V05C-contexts.csv,SOURCE_PROVED_NOT_YET_ADMITTED
TP07F491,0C:CB3D:0:0:0,0x064B3D,A8,TAY,IMP,UNKNOWN,UNKNOWN,NONE,V05C-contexts.csv,SOURCE_PROVED_NOT_YET_ADMITTED
TP07F491,0C:CB3E:0:0:0,0x064B3E,B731,LDA,DP_IND_LONG_Y,UNKNOWN,UNKNOWN,NONE,V05C-contexts.csv,SOURCE_PROVED_NOT_YET_ADMITTED
TP07F491,0C:CB40:0:0:0,0x064B40,18,CLC,IMP,UNKNOWN,UNKNOWN,NONE,V05C-contexts.csv,SOURCE_PROVED_NOT_YET_ADMITTED
TP07F491,0C:CB41:0:0:0,0x064B41,6D8E07,ADC,ABS,0,UNKNOWN,DBR:078E,V05C-contexts.csv,SOURCE_PROVED_NOT_YET_ADMITTED
TP07F491,0C:CB44:0:0:0,0x064B44,8D8E07,STA,ABS,UNKNOWN,UNKNOWN,DBR:078E,V05C-contexts.csv,SOURCE_PROVED_NOT_YET_ADMITTED
TP07F491,0C:CB47:0:0:0,0x064B47,AD9007,LDA,ABS,UNKNOWN,UNKNOWN,DBR:0790,V05C-contexts.csv,SOURCE_PROVED_NOT_YET_ADMITTED
TP07F491,0C:CB4A:0:0:0,0x064B4A,690000,ADC,IMM_M,UNKNOWN,UNKNOWN,NONE,V05C-contexts.csv,SOURCE_PROVED_NOT_YET_ADMITTED
TP07F491,0C:CB4D:0:0:0,0x064B4D,8D9007,STA,ABS,UNKNOWN,UNKNOWN,DBR:0790,V05C-contexts.csv,SOURCE_PROVED_NOT_YET_ADMITTED
TP07F491,0C:CB50:0:0:0,0x064B50,AC1704,LDY,ABS,UNKNOWN,UNKNOWN,DBR:0417,V05C-contexts.csv,SOURCE_PROVED_NOT_YET_ADMITTED
TP07F491,0C:CB53:0:0:0,0x064B53,98,TYA,IMP,UNKNOWN,UNKNOWN,NONE,V05C-contexts.csv,SOURCE_PROVED_NOT_YET_ADMITTED
TP07F491,0C:CB54:0:0:0,0x064B54,A90500,LDA,IMM_M,UNKNOWN,UNKNOWN,NONE,V05C-contexts.csv,SOURCE_PROVED_NOT_YET_ADMITTED
TP07F491,0C:CB57:0:0:0,0x064B57,22A78004,JSL,ABSL_JUMP,UNKNOWN,0,NONE,V05C-contexts.csv,SOURCE_PROVED_NOT_YET_ADMITTED
TP07F491,0C:CB5B:0:0:0,0x064B5B,A8,TAY,IMP,UNKNOWN,UNKNOWN,NONE,V05C-contexts.csv,SOURCE_PROVED_NOT_YET_ADMITTED
TP07F491,0C:CB5C:0:0:0,0x064B5C,18,CLC,IMP,UNKNOWN,UNKNOWN,NONE,V05C-contexts.csv,SOURCE_PROVED_NOT_YET_ADMITTED
TP07F491,0C:CB5D:0:0:0,0x064B5D,690000,ADC,IMM_M,0,UNKNOWN,NONE,V05C-contexts.csv,SOURCE_PROVED_NOT_YET_ADMITTED
TP07F491,0C:CB60:0:0:0,0x064B60,A8,TAY,IMP,UNKNOWN,UNKNOWN,NONE,V05C-contexts.csv,SOURCE_PROVED_NOT_YET_ADMITTED
TP07F491,0C:CB61:0:0:0,0x064B61,AD8E07,LDA,ABS,UNKNOWN,UNKNOWN,DBR:078E,V05C-contexts.csv,SOURCE_PROVED_NOT_YET_ADMITTED
TP07F491,0C:CB64:0:0:0,0x064B64,971C,STA,DP_IND_LONG_Y,UNKNOWN,UNKNOWN,NONE,V05C-contexts.csv,SOURCE_PROVED_NOT_YET_ADMITTED
TP07F491,0C:CB66:0:0:0,0x064B66,C8,INY,IMP,UNKNOWN,UNKNOWN,NONE,V05C-contexts.csv,SOURCE_PROVED_NOT_YET_ADMITTED
TP07F491,0C:CB67:0:0:0,0x064B67,C8,INY,IMP,UNKNOWN,UNKNOWN,NONE,V05C-contexts.csv,SOURCE_PROVED_NOT_YET_ADMITTED
TP07F491,0C:CB68:0:0:0,0x064B68,AD9007,LDA,ABS,UNKNOWN,UNKNOWN,DBR:0790,V05C-contexts.csv,SOURCE_PROVED_NOT_YET_ADMITTED
TP07F491,0C:CB6B:0:0:0,0x064B6B,971C,STA,DP_IND_LONG_Y,UNKNOWN,UNKNOWN,NONE,V05C-contexts.csv,SOURCE_PROVED_NOT_YET_ADMITTED
TP07F491,0C:CB6D:0:0:0,0x064B6D,AD8A07,LDA,ABS,UNKNOWN,UNKNOWN,DBR:078A,V05C-contexts.csv,SOURCE_PROVED_NOT_YET_ADMITTED
TP07F491,0C:CB70:0:0:0,0x064B70,18,CLC,IMP,UNKNOWN,UNKNOWN,NONE,V05C-contexts.csv,SOURCE_PROVED_NOT_YET_ADMITTED
TP07F491,0C:CB71:0:0:0,0x064B71,691F00,ADC,IMM_M,0,UNKNOWN,NONE,V05C-contexts.csv,SOURCE_PROVED_NOT_YET_ADMITTED
TP07F491,0C:CB74:0:0:0,0x064B74,A8,TAY,IMP,UNKNOWN,UNKNOWN,NONE,V05C-contexts.csv,SOURCE_PROVED_NOT_YET_ADMITTED
TP07F491,0C:CB75:0:0:0,0x064B75,B731,LDA,DP_IND_LONG_Y,UNKNOWN,UNKNOWN,NONE,V05C-contexts.csv,SOURCE_PROVED_NOT_YET_ADMITTED
TP07F491,0C:CB77:0:0:0,0x064B77,8D8E07,STA,ABS,UNKNOWN,UNKNOWN,DBR:078E,V05C-contexts.csv,SOURCE_PROVED_NOT_YET_ADMITTED
TP07F491,0C:CB7A:0:0:0,0x064B7A,C8,INY,IMP,UNKNOWN,UNKNOWN,NONE,V05C-contexts.csv,SOURCE_PROVED_NOT_YET_ADMITTED
TP07F491,0C:CB7B:0:0:0,0x064B7B,C8,INY,IMP,UNKNOWN,UNKNOWN,NONE,V05C-contexts.csv,SOURCE_PROVED_NOT_YET_ADMITTED
TP07F491,0C:CB7C:0:0:0,0x064B7C,B731,LDA,DP_IND_LONG_Y,UNKNOWN,UNKNOWN,NONE,V05C-contexts.csv,SOURCE_PROVED_NOT_YET_ADMITTED
TP07F491,0C:CB7E:0:0:0,0x064B7E,8D9007,STA,ABS,UNKNOWN,UNKNOWN,DBR:0790,V05C-contexts.csv,SOURCE_PROVED_NOT_YET_ADMITTED
TP07F491,0C:CB81:0:0:0,0x064B81,AD8A07,LDA,ABS,UNKNOWN,UNKNOWN,DBR:078A,V05C-contexts.csv,SOURCE_PROVED_NOT_YET_ADMITTED
TP07F491,0C:CB84:0:0:0,0x064B84,18,CLC,IMP,UNKNOWN,UNKNOWN,NONE,V05C-contexts.csv,SOURCE_PROVED_NOT_YET_ADMITTED
TP07F491,0C:CB85:0:0:0,0x064B85,692F00,ADC,IMM_M,0,UNKNOWN,NONE,V05C-contexts.csv,SOURCE_PROVED_NOT_YET_ADMITTED
TP07F491,0C:CB88:0:0:0,0x064B88,A8,TAY,IMP,UNKNOWN,UNKNOWN,NONE,V05C-contexts.csv,SOURCE_PROVED_NOT_YET_ADMITTED
TP07F491,0C:CB89:0:0:0,0x064B89,B731,LDA,DP_IND_LONG_Y,UNKNOWN,UNKNOWN,NONE,V05C-contexts.csv,SOURCE_PROVED_NOT_YET_ADMITTED
TP07F491,0C:CB8B:0:0:0,0x064B8B,8D9207,STA,ABS,UNKNOWN,UNKNOWN,DBR:0792,V05C-contexts.csv,SOURCE_PROVED_NOT_YET_ADMITTED
TP07F491,0C:CB8E:0:0:0,0x064B8E,AD8A07,LDA,ABS,UNKNOWN,UNKNOWN,DBR:078A,V05C-contexts.csv,SOURCE_PROVED_NOT_YET_ADMITTED
TP07F491,0C:CB91:0:0:0,0x064B91,18,CLC,IMP,UNKNOWN,UNKNOWN,NONE,V05C-contexts.csv,SOURCE_PROVED_NOT_YET_ADMITTED
TP07F491,0C:CB92:0:0:0,0x064B92,691D00,ADC,IMM_M,0,UNKNOWN,NONE,V05C-contexts.csv,SOURCE_PROVED_NOT_YET_ADMITTED
TP07F491,0C:CB95:0:0:0,0x064B95,A8,TAY,IMP,UNKNOWN,UNKNOWN,NONE,V05C-contexts.csv,SOURCE_PROVED_NOT_YET_ADMITTED
TP07F491,0C:CB96:0:0:0,0x064B96,B731,LDA,DP_IND_LONG_Y,UNKNOWN,UNKNOWN,NONE,V05C-contexts.csv,SOURCE_PROVED_NOT_YET_ADMITTED
TP07F491,0C:CB98:0:0:0,0x064B98,AE9207,LDX,ABS,UNKNOWN,UNKNOWN,DBR:0792,V05C-contexts.csv,SOURCE_PROVED_NOT_YET_ADMITTED
TP07F491,0C:CB9B:0:0:0,0x064B9B,E230,SEP,IMM8,UNKNOWN,UNKNOWN,NONE,V05C-contexts.csv,SOURCE_PROVED_NOT_YET_ADMITTED
TP07F491,0C:CB9D:0:1:1,0x064B9D,8D0242,STA,ABS,UNKNOWN,UNKNOWN,DBR:4202,V05C-contexts.csv,SOURCE_PROVED_NOT_YET_ADMITTED
TP07F491,0C:CBA0:0:1:1,0x064BA0,8E0342,STX,ABS,UNKNOWN,UNKNOWN,DBR:4203,V05C-contexts.csv,SOURCE_PROVED_NOT_YET_ADMITTED
TP07F491,0C:CBA3:0:1:1,0x064BA3,EA,NOP,IMP,UNKNOWN,UNKNOWN,NONE,V05C-contexts.csv,SOURCE_PROVED_NOT_YET_ADMITTED
TP07F491,0C:CBA4:0:1:1,0x064BA4,EA,NOP,IMP,UNKNOWN,UNKNOWN,NONE,V05C-contexts.csv,SOURCE_PROVED_NOT_YET_ADMITTED
TP07F491,0C:CBA5:0:1:1,0x064BA5,EA,NOP,IMP,UNKNOWN,UNKNOWN,NONE,V05C-contexts.csv,SOURCE_PROVED_NOT_YET_ADMITTED
TP07F491,0C:CBA6:0:1:1,0x064BA6,EA,NOP,IMP,UNKNOWN,UNKNOWN,NONE,V05C-contexts.csv,SOURCE_PROVED_NOT_YET_ADMITTED
TP07F491,0C:CBA7:0:1:1,0x064BA7,C230,REP,IMM8,UNKNOWN,UNKNOWN,NONE,V05C-contexts.csv,SOURCE_PROVED_NOT_YET_ADMITTED
TP07F491,0C:CBA9:0:0:0,0x064BA9,AD1642,LDA,ABS,UNKNOWN,UNKNOWN,DBR:4216,V05C-contexts.csv,SOURCE_PROVED_NOT_YET_ADMITTED
TP07F491,0C:CBAC:0:0:0,0x064BAC,18,CLC,IMP,UNKNOWN,UNKNOWN,NONE,V05C-contexts.csv,SOURCE_PROVED_NOT_YET_ADMITTED
TP07F491,0C:CBAD:0:0:0,0x064BAD,6D8E07,ADC,ABS,0,UNKNOWN,DBR:078E,V05C-contexts.csv,SOURCE_PROVED_NOT_YET_ADMITTED
TP07F491,0C:CBB0:0:0:0,0x064BB0,8D8E07,STA,ABS,UNKNOWN,UNKNOWN,DBR:078E,V05C-contexts.csv,SOURCE_PROVED_NOT_YET_ADMITTED
TP07F491,0C:CBB3:0:0:0,0x064BB3,AD9007,LDA,ABS,UNKNOWN,UNKNOWN,DBR:0790,V05C-contexts.csv,SOURCE_PROVED_NOT_YET_ADMITTED
TP07F491,0C:CBB6:0:0:0,0x064BB6,690000,ADC,IMM_M,UNKNOWN,UNKNOWN,NONE,V05C-contexts.csv,SOURCE_PROVED_NOT_YET_ADMITTED
TP07F491,0C:CBB9:0:0:0,0x064BB9,8D9007,STA,ABS,UNKNOWN,UNKNOWN,DBR:0790,V05C-contexts.csv,SOURCE_PROVED_NOT_YET_ADMITTED
TP07F491,0C:CBBC:0:0:0,0x064BBC,AD8A07,LDA,ABS,UNKNOWN,UNKNOWN,DBR:078A,V05C-contexts.csv,SOURCE_PROVED_NOT_YET_ADMITTED
TP07F491,0C:CBBF:0:0:0,0x064BBF,18,CLC,IMP,UNKNOWN,UNKNOWN,NONE,V05C-contexts.csv,SOURCE_PROVED_NOT_YET_ADMITTED
TP07F491,0C:CBC0:0:0:0,0x064BC0,692900,ADC,IMM_M,0,UNKNOWN,NONE,V05C-contexts.csv,SOURCE_PROVED_NOT_YET_ADMITTED
TP07F491,0C:CBC3:0:0:0,0x064BC3,A8,TAY,IMP,UNKNOWN,UNKNOWN,NONE,V05C-contexts.csv,SOURCE_PROVED_NOT_YET_ADMITTED
TP07F491,0C:CBC4:0:0:0,0x064BC4,B731,LDA,DP_IND_LONG_Y,UNKNOWN,UNKNOWN,NONE,V05C-contexts.csv,SOURCE_PROVED_NOT_YET_ADMITTED
TP07F491,0C:CBC6:0:0:0,0x064BC6,0A,ASL,ACC,UNKNOWN,UNKNOWN,NONE,V05C-contexts.csv,SOURCE_PROVED_NOT_YET_ADMITTED
TP07F491,0C:CBC7:0:0:0,0x064BC7,18,CLC,IMP,UNKNOWN,UNKNOWN,NONE,V05C-contexts.csv,SOURCE_PROVED_NOT_YET_ADMITTED
TP07F491,0C:CBC8:0:0:0,0x064BC8,6D8E07,ADC,ABS,0,UNKNOWN,DBR:078E,V05C-contexts.csv,SOURCE_PROVED_NOT_YET_ADMITTED
TP07F491,0C:CBCB:0:0:0,0x064BCB,8D8E07,STA,ABS,UNKNOWN,UNKNOWN,DBR:078E,V05C-contexts.csv,SOURCE_PROVED_NOT_YET_ADMITTED
TP07F491,0C:CBCE:0:0:0,0x064BCE,AD9007,LDA,ABS,UNKNOWN,UNKNOWN,DBR:0790,V05C-contexts.csv,SOURCE_PROVED_NOT_YET_ADMITTED
TP07F491,0C:CBD1:0:0:0,0x064BD1,690000,ADC,IMM_M,UNKNOWN,UNKNOWN,NONE,V05C-contexts.csv,SOURCE_PROVED_NOT_YET_ADMITTED
TP07F491,0C:CBD4:0:0:0,0x064BD4,8D9007,STA,ABS,UNKNOWN,UNKNOWN,DBR:0790,V05C-contexts.csv,SOURCE_PROVED_NOT_YET_ADMITTED
TP07F491,0C:CBD7:0:0:0,0x064BD7,AC1704,LDY,ABS,UNKNOWN,UNKNOWN,DBR:0417,V05C-contexts.csv,SOURCE_PROVED_NOT_YET_ADMITTED
TP07F491,0C:CBDA:0:0:0,0x064BDA,98,TYA,IMP,UNKNOWN,UNKNOWN,NONE,V05C-contexts.csv,SOURCE_PROVED_NOT_YET_ADMITTED
TP07F491,0C:CBDB:0:0:0,0x064BDB,A90500,LDA,IMM_M,UNKNOWN,UNKNOWN,NONE,V05C-contexts.csv,SOURCE_PROVED_NOT_YET_ADMITTED
TP07F491,0C:CBDE:0:0:0,0x064BDE,22A78004,JSL,ABSL_JUMP,UNKNOWN,0,NONE,V05C-contexts.csv,SOURCE_PROVED_NOT_YET_ADMITTED
TP07F491,0C:CBE2:0:0:0,0x064BE2,A8,TAY,IMP,UNKNOWN,UNKNOWN,NONE,V05C-contexts.csv,SOURCE_PROVED_NOT_YET_ADMITTED
TP07F491,0C:CBE3:0:0:0,0x064BE3,18,CLC,IMP,UNKNOWN,UNKNOWN,NONE,V05C-contexts.csv,SOURCE_PROVED_NOT_YET_ADMITTED
TP07F491,0C:CBE4:0:0:0,0x064BE4,690000,ADC,IMM_M,0,UNKNOWN,NONE,V05C-contexts.csv,SOURCE_PROVED_NOT_YET_ADMITTED
TP07F491,0C:CBE7:0:0:0,0x064BE7,A8,TAY,IMP,UNKNOWN,UNKNOWN,NONE,V05C-contexts.csv,SOURCE_PROVED_NOT_YET_ADMITTED
TP07F491,0C:CBE8:0:0:0,0x064BE8,AD8E07,LDA,ABS,UNKNOWN,UNKNOWN,DBR:078E,V05C-contexts.csv,SOURCE_PROVED_NOT_YET_ADMITTED
TP07F491,0C:CBEB:0:0:0,0x064BEB,971F,STA,DP_IND_LONG_Y,UNKNOWN,UNKNOWN,NONE,V05C-contexts.csv,SOURCE_PROVED_NOT_YET_ADMITTED
TP07F491,0C:CBED:0:0:0,0x064BED,C8,INY,IMP,UNKNOWN,UNKNOWN,NONE,V05C-contexts.csv,SOURCE_PROVED_NOT_YET_ADMITTED
TP07F491,0C:CBEE:0:0:0,0x064BEE,C8,INY,IMP,UNKNOWN,UNKNOWN,NONE,V05C-contexts.csv,SOURCE_PROVED_NOT_YET_ADMITTED
TP07F491,0C:CBEF:0:0:0,0x064BEF,AD9007,LDA,ABS,UNKNOWN,UNKNOWN,DBR:0790,V05C-contexts.csv,SOURCE_PROVED_NOT_YET_ADMITTED
TP07F491,0C:CBF2:0:0:0,0x064BF2,971F,STA,DP_IND_LONG_Y,UNKNOWN,UNKNOWN,NONE,V05C-contexts.csv,SOURCE_PROVED_NOT_YET_ADMITTED
TP07F491,0C:CBF4:0:0:0,0x064BF4,AC1704,LDY,ABS,UNKNOWN,UNKNOWN,DBR:0417,V05C-contexts.csv,SOURCE_PROVED_NOT_YET_ADMITTED
TP07F491,0C:CBF7:0:0:0,0x064BF7,98,TYA,IMP,UNKNOWN,UNKNOWN,NONE,V05C-contexts.csv,SOURCE_PROVED_NOT_YET_ADMITTED
TP07F491,0C:CBF8:0:0:0,0x064BF8,A93C00,LDA,IMM_M,UNKNOWN,UNKNOWN,NONE,V05C-contexts.csv,SOURCE_PROVED_NOT_YET_ADMITTED
TP07F491,0C:CBFB:0:0:0,0x064BFB,22A78004,JSL,ABSL_JUMP,UNKNOWN,0,NONE,V05C-contexts.csv,SOURCE_PROVED_NOT_YET_ADMITTED
TP07F491,0C:CBFF:0:0:0,0x064BFF,A8,TAY,IMP,UNKNOWN,UNKNOWN,NONE,V05C-contexts.csv,SOURCE_PROVED_NOT_YET_ADMITTED
TP07F491,0C:CC00:0:0:0,0x064C00,8D8A07,STA,ABS,UNKNOWN,UNKNOWN,DBR:078A,V05C-contexts.csv,SOURCE_PROVED_NOT_YET_ADMITTED
TP07F491,0C:CC03:0:0:0,0x064C03,18,CLC,IMP,UNKNOWN,UNKNOWN,NONE,V05C-contexts.csv,SOURCE_PROVED_NOT_YET_ADMITTED
TP07F491,0C:CC04:0:0:0,0x064C04,691E00,ADC,IMM_M,0,UNKNOWN,NONE,V05C-contexts.csv,SOURCE_PROVED_NOT_YET_ADMITTED
TP07F491,0C:CC07:0:0:0,0x064C07,A8,TAY,IMP,UNKNOWN,UNKNOWN,NONE,V05C-contexts.csv,SOURCE_PROVED_NOT_YET_ADMITTED
TP07F491,0C:CC08:0:0:0,0x064C08,B731,LDA,DP_IND_LONG_Y,UNKNOWN,UNKNOWN,NONE,V05C-contexts.csv,SOURCE_PROVED_NOT_YET_ADMITTED
TP07F491,0C:CC0A:0:0:0,0x064C0A,29FF00,AND,IMM_M,UNKNOWN,UNKNOWN,NONE,V05C-contexts.csv,SOURCE_PROVED_NOT_YET_ADMITTED
TP07F491,0C:CC0D:0:0:0,0x064C0D,0A,ASL,ACC,UNKNOWN,UNKNOWN,NONE,V05C-contexts.csv,SOURCE_PROVED_NOT_YET_ADMITTED
TP07F491,0C:CC0E:0:0:0,0x064C0E,0A,ASL,ACC,UNKNOWN,UNKNOWN,NONE,V05C-contexts.csv,SOURCE_PROVED_NOT_YET_ADMITTED
TP07F491,0C:CC0F:0:0:0,0x064C0F,0A,ASL,ACC,UNKNOWN,UNKNOWN,NONE,V05C-contexts.csv,SOURCE_PROVED_NOT_YET_ADMITTED
TP07F491,0C:CC10:0:0:0,0x064C10,8D8E07,STA,ABS,UNKNOWN,UNKNOWN,DBR:078E,V05C-contexts.csv,SOURCE_PROVED_NOT_YET_ADMITTED
TP07F491,0C:CC13:0:0:0,0x064C13,AD8A07,LDA,ABS,UNKNOWN,UNKNOWN,DBR:078A,V05C-contexts.csv,SOURCE_PROVED_NOT_YET_ADMITTED
TP07F491,0C:CC16:0:0:0,0x064C16,18,CLC,IMP,UNKNOWN,UNKNOWN,NONE,V05C-contexts.csv,SOURCE_PROVED_NOT_YET_ADMITTED
TP07F491,0C:CC17:0:0:0,0x064C17,692300,ADC,IMM_M,0,UNKNOWN,NONE,V05C-contexts.csv,SOURCE_PROVED_NOT_YET_ADMITTED
TP07F491,0C:CC1A:0:0:0,0x064C1A,A8,TAY,IMP,UNKNOWN,UNKNOWN,NONE,V05C-contexts.csv,SOURCE_PROVED_NOT_YET_ADMITTED
TP07F491,0C:CC1B:0:0:0,0x064C1B,B731,LDA,DP_IND_LONG_Y,UNKNOWN,UNKNOWN,NONE,V05C-contexts.csv,SOURCE_PROVED_NOT_YET_ADMITTED
TP07F491,0C:CC1D:0:0:0,0x064C1D,18,CLC,IMP,UNKNOWN,UNKNOWN,NONE,V05C-contexts.csv,SOURCE_PROVED_NOT_YET_ADMITTED
TP07F491,0C:CC1E:0:0:0,0x064C1E,6D8E07,ADC,ABS,0,UNKNOWN,DBR:078E,V05C-contexts.csv,SOURCE_PROVED_NOT_YET_ADMITTED
TP07F491,0C:CC21:0:0:0,0x064C21,8D8E07,STA,ABS,UNKNOWN,UNKNOWN,DBR:078E,V05C-contexts.csv,SOURCE_PROVED_NOT_YET_ADMITTED
TP07F491,0C:CC24:0:0:0,0x064C24,AC1704,LDY,ABS,UNKNOWN,UNKNOWN,DBR:0417,V05C-contexts.csv,SOURCE_PROVED_NOT_YET_ADMITTED
TP07F491,0C:CC27:0:0:0,0x064C27,98,TYA,IMP,UNKNOWN,UNKNOWN,NONE,V05C-contexts.csv,SOURCE_PROVED_NOT_YET_ADMITTED
TP07F491,0C:CC28:0:0:0,0x064C28,A90500,LDA,IMM_M,UNKNOWN,UNKNOWN,NONE,V05C-contexts.csv,SOURCE_PROVED_NOT_YET_ADMITTED
TP07F491,0C:CC2B:0:0:0,0x064C2B,22A78004,JSL,ABSL_JUMP,UNKNOWN,0,NONE,V05C-contexts.csv,SOURCE_PROVED_NOT_YET_ADMITTED
TP07F491,0C:CC2F:0:0:0,0x064C2F,A8,TAY,IMP,UNKNOWN,UNKNOWN,NONE,V05C-contexts.csv,SOURCE_PROVED_NOT_YET_ADMITTED
TP07F491,0C:CC30:0:0:0,0x064C30,18,CLC,IMP,UNKNOWN,UNKNOWN,NONE,V05C-contexts.csv,SOURCE_PROVED_NOT_YET_ADMITTED
TP07F491,0C:CC31:0:0:0,0x064C31,690000,ADC,IMM_M,0,UNKNOWN,NONE,V05C-contexts.csv,SOURCE_PROVED_NOT_YET_ADMITTED
TP07F491,0C:CC34:0:0:0,0x064C34,A8,TAY,IMP,UNKNOWN,UNKNOWN,NONE,V05C-contexts.csv,SOURCE_PROVED_NOT_YET_ADMITTED
TP07F491,0C:CC35:0:0:0,0x064C35,AD8E07,LDA,ABS,UNKNOWN,UNKNOWN,DBR:078E,V05C-contexts.csv,SOURCE_PROVED_NOT_YET_ADMITTED
TP07F491,0C:CC38:0:0:0,0x064C38,9722,STA,DP_IND_LONG_Y,UNKNOWN,UNKNOWN,NONE,V05C-contexts.csv,SOURCE_PROVED_NOT_YET_ADMITTED
TP07F491,0C:CC3A:0:0:0,0x064C3A,C8,INY,IMP,UNKNOWN,UNKNOWN,NONE,V05C-contexts.csv,SOURCE_PROVED_NOT_YET_ADMITTED
TP07F491,0C:CC3B:0:0:0,0x064C3B,C8,INY,IMP,UNKNOWN,UNKNOWN,NONE,V05C-contexts.csv,SOURCE_PROVED_NOT_YET_ADMITTED
TP07F491,0C:CC3C:0:0:0,0x064C3C,A90000,LDA,IMM_M,UNKNOWN,UNKNOWN,NONE,V05C-contexts.csv,SOURCE_PROVED_NOT_YET_ADMITTED
TP07F491,0C:CC3F:0:0:0,0x064C3F,9722,STA,DP_IND_LONG_Y,UNKNOWN,1,NONE,V05C-contexts.csv,SOURCE_PROVED_NOT_YET_ADMITTED
TP07F491,0C:CC41:0:0:0,0x064C41,AC1704,LDY,ABS,UNKNOWN,1,DBR:0417,V05C-contexts.csv,SOURCE_PROVED_NOT_YET_ADMITTED
TP07F491,0C:CC44:0:0:0,0x064C44,98,TYA,IMP,UNKNOWN,UNKNOWN,NONE,V05C-contexts.csv,SOURCE_PROVED_NOT_YET_ADMITTED
TP07F491,0C:CC45:0:0:0,0x064C45,A93C00,LDA,IMM_M,UNKNOWN,UNKNOWN,NONE,V05C-contexts.csv,SOURCE_PROVED_NOT_YET_ADMITTED
TP07F491,0C:CC48:0:0:0,0x064C48,22A78004,JSL,ABSL_JUMP,UNKNOWN,0,NONE,V05C-contexts.csv,SOURCE_PROVED_NOT_YET_ADMITTED
TP07F491,0C:CC4C:0:0:0,0x064C4C,A8,TAY,IMP,UNKNOWN,UNKNOWN,NONE,V05C-contexts.csv,SOURCE_PROVED_NOT_YET_ADMITTED
TP07F491,0C:CC4D:0:0:0,0x064C4D,8D8A07,STA,ABS,UNKNOWN,UNKNOWN,DBR:078A,V05C-contexts.csv,SOURCE_PROVED_NOT_YET_ADMITTED
TP07F491,0C:CC50:0:0:0,0x064C50,18,CLC,IMP,UNKNOWN,UNKNOWN,NONE,V05C-contexts.csv,SOURCE_PROVED_NOT_YET_ADMITTED
TP07F491,0C:CC51:0:0:0,0x064C51,691A00,ADC,IMM_M,0,UNKNOWN,NONE,V05C-contexts.csv,SOURCE_PROVED_NOT_YET_ADMITTED
TP07F491,0C:CC54:0:0:0,0x064C54,A8,TAY,IMP,UNKNOWN,UNKNOWN,NONE,V05C-contexts.csv,SOURCE_PROVED_NOT_YET_ADMITTED
TP07F491,0C:CC55:0:0:0,0x064C55,B731,LDA,DP_IND_LONG_Y,UNKNOWN,UNKNOWN,NONE,V05C-contexts.csv,SOURCE_PROVED_NOT_YET_ADMITTED
TP07F491,0C:CC57:0:0:0,0x064C57,0A,ASL,ACC,UNKNOWN,UNKNOWN,NONE,V05C-contexts.csv,SOURCE_PROVED_NOT_YET_ADMITTED
TP07F491,0C:CC58:0:0:0,0x064C58,49FFFF,EOR,IMM_M,UNKNOWN,UNKNOWN,NONE,V05C-contexts.csv,SOURCE_PROVED_NOT_YET_ADMITTED
TP07F491,0C:CC5B:0:0:0,0x064C5B,18,CLC,IMP,UNKNOWN,UNKNOWN,NONE,V05C-contexts.csv,SOURCE_PROVED_NOT_YET_ADMITTED
TP07F491,0C:CC5C:0:0:0,0x064C5C,690100,ADC,IMM_M,0,UNKNOWN,NONE,V05C-contexts.csv,SOURCE_PROVED_NOT_YET_ADMITTED
TP07F491,0C:CC5F:0:0:0,0x064C5F,8D8E07,STA,ABS,UNKNOWN,UNKNOWN,DBR:078E,V05C-contexts.csv,SOURCE_PROVED_NOT_YET_ADMITTED
TP07F491,0C:CC62:0:0:0,0x064C62,A90000,LDA,IMM_M,UNKNOWN,UNKNOWN,NONE,V05C-contexts.csv,SOURCE_PROVED_NOT_YET_ADMITTED
TP07F491,0C:CC65:0:0:0,0x064C65,69FFFF,ADC,IMM_M,UNKNOWN,1,NONE,V05C-contexts.csv,SOURCE_PROVED_NOT_YET_ADMITTED
TP07F491,0C:CC68:0:0:0,0x064C68,8D9007,STA,ABS,UNKNOWN,UNKNOWN,DBR:0790,V05C-contexts.csv,SOURCE_PROVED_NOT_YET_ADMITTED
TP07F491,0C:CC6B:0:0:0,0x064C6B,AD8A07,LDA,ABS,UNKNOWN,UNKNOWN,DBR:078A,V05C-contexts.csv,SOURCE_PROVED_NOT_YET_ADMITTED
TP07F491,0C:CC6E:0:0:0,0x064C6E,18,CLC,IMP,UNKNOWN,UNKNOWN,NONE,V05C-contexts.csv,SOURCE_PROVED_NOT_YET_ADMITTED
TP07F491,0C:CC6F:0:0:0,0x064C6F,693000,ADC,IMM_M,0,UNKNOWN,NONE,V05C-contexts.csv,SOURCE_PROVED_NOT_YET_ADMITTED
TP07F491,0C:CC72:0:0:0,0x064C72,A8,TAY,IMP,UNKNOWN,UNKNOWN,NONE,V05C-contexts.csv,SOURCE_PROVED_NOT_YET_ADMITTED
TP07F491,0C:CC73:0:0:0,0x064C73,B731,LDA,DP_IND_LONG_Y,UNKNOWN,UNKNOWN,NONE,V05C-contexts.csv,SOURCE_PROVED_NOT_YET_ADMITTED
TP07F491,0C:CC75:0:0:0,0x064C75,8D9207,STA,ABS,UNKNOWN,UNKNOWN,DBR:0792,V05C-contexts.csv,SOURCE_PROVED_NOT_YET_ADMITTED
TP07F491,0C:CC78:0:0:0,0x064C78,C8,INY,IMP,UNKNOWN,UNKNOWN,NONE,V05C-contexts.csv,SOURCE_PROVED_NOT_YET_ADMITTED
TP07F491,0C:CC79:0:0:0,0x064C79,C8,INY,IMP,UNKNOWN,UNKNOWN,NONE,V05C-contexts.csv,SOURCE_PROVED_NOT_YET_ADMITTED
TP07F491,0C:CC7A:0:0:0,0x064C7A,B731,LDA,DP_IND_LONG_Y,UNKNOWN,UNKNOWN,NONE,V05C-contexts.csv,SOURCE_PROVED_NOT_YET_ADMITTED
TP07F491,0C:CC7C:0:0:0,0x064C7C,8D9407,STA,ABS,UNKNOWN,UNKNOWN,DBR:0794,V05C-contexts.csv,SOURCE_PROVED_NOT_YET_ADMITTED
TP07F491,0C:CC7F:0:0:0,0x064C7F,AD8E07,LDA,ABS,UNKNOWN,UNKNOWN,DBR:078E,V05C-contexts.csv,SOURCE_PROVED_NOT_YET_ADMITTED
TP07F491,0C:CC82:0:0:0,0x064C82,38,SEC,IMP,UNKNOWN,UNKNOWN,NONE,V05C-contexts.csv,SOURCE_PROVED_NOT_YET_ADMITTED
TP07F491,0C:CC83:0:0:0,0x064C83,ED9207,SBC,ABS,1,UNKNOWN,DBR:0792,V05C-contexts.csv,SOURCE_PROVED_NOT_YET_ADMITTED
TP07F491,0C:CC86:0:0:0,0x064C86,8D8E07,STA,ABS,UNKNOWN,UNKNOWN,DBR:078E,V05C-contexts.csv,SOURCE_PROVED_NOT_YET_ADMITTED
TP07F491,0C:CC89:0:0:0,0x064C89,AD9007,LDA,ABS,UNKNOWN,UNKNOWN,DBR:0790,V05C-contexts.csv,SOURCE_PROVED_NOT_YET_ADMITTED
TP07F491,0C:CC8C:0:0:0,0x064C8C,ED9407,SBC,ABS,UNKNOWN,UNKNOWN,DBR:0794,V05C-contexts.csv,SOURCE_PROVED_NOT_YET_ADMITTED
TP07F491,0C:CC8F:0:0:0,0x064C8F,8D9007,STA,ABS,UNKNOWN,UNKNOWN,DBR:0790,V05C-contexts.csv,SOURCE_PROVED_NOT_YET_ADMITTED
TP07F491,0C:CC92:0:0:0,0x064C92,AD8A07,LDA,ABS,UNKNOWN,UNKNOWN,DBR:078A,V05C-contexts.csv,SOURCE_PROVED_NOT_YET_ADMITTED
TP07F491,0C:CC95:0:0:0,0x064C95,18,CLC,IMP,UNKNOWN,UNKNOWN,NONE,V05C-contexts.csv,SOURCE_PROVED_NOT_YET_ADMITTED
TP07F491,0C:CC96:0:0:0,0x064C96,692500,ADC,IMM_M,0,UNKNOWN,NONE,V05C-contexts.csv,SOURCE_PROVED_NOT_YET_ADMITTED
TP07F491,0C:CC99:0:0:0,0x064C99,A8,TAY,IMP,UNKNOWN,UNKNOWN,NONE,V05C-contexts.csv,SOURCE_PROVED_NOT_YET_ADMITTED
TP07F491,0C:CC9A:0:0:0,0x064C9A,B731,LDA,DP_IND_LONG_Y,UNKNOWN,UNKNOWN,NONE,V05C-contexts.csv,SOURCE_PROVED_NOT_YET_ADMITTED
TP07F491,0C:CC9C:0:0:0,0x064C9C,0A,ASL,ACC,UNKNOWN,UNKNOWN,NONE,V05C-contexts.csv,SOURCE_PROVED_NOT_YET_ADMITTED
TP07F491,0C:CC9D:0:0:0,0x064C9D,0A,ASL,ACC,UNKNOWN,UNKNOWN,NONE,V05C-contexts.csv,SOURCE_PROVED_NOT_YET_ADMITTED
TP07F491,0C:CC9E:0:0:0,0x064C9E,18,CLC,IMP,UNKNOWN,UNKNOWN,NONE,V05C-contexts.csv,SOURCE_PROVED_NOT_YET_ADMITTED
TP07F491,0C:CC9F:0:0:0,0x064C9F,6D8E07,ADC,ABS,0,UNKNOWN,DBR:078E,V05C-contexts.csv,SOURCE_PROVED_NOT_YET_ADMITTED
TP07F491,0C:CCA2:0:0:0,0x064CA2,8D8E07,STA,ABS,UNKNOWN,UNKNOWN,DBR:078E,V05C-contexts.csv,SOURCE_PROVED_NOT_YET_ADMITTED
TP07F491,0C:CCA5:0:0:0,0x064CA5,A90000,LDA,IMM_M,UNKNOWN,UNKNOWN,NONE,V05C-contexts.csv,SOURCE_PROVED_NOT_YET_ADMITTED
TP07F491,0C:CCA8:0:0:0,0x064CA8,6D9007,ADC,ABS,UNKNOWN,1,DBR:0790,V05C-contexts.csv,SOURCE_PROVED_NOT_YET_ADMITTED
TP07F491,0C:CCAB:0:0:0,0x064CAB,8D9007,STA,ABS,UNKNOWN,UNKNOWN,DBR:0790,V05C-contexts.csv,SOURCE_PROVED_NOT_YET_ADMITTED
TP07F491,0C:CCAE:0:0:0,0x064CAE,AD8A07,LDA,ABS,UNKNOWN,UNKNOWN,DBR:078A,V05C-contexts.csv,SOURCE_PROVED_NOT_YET_ADMITTED
TP07F491,0C:CCB1:0:0:0,0x064CB1,18,CLC,IMP,UNKNOWN,UNKNOWN,NONE,V05C-contexts.csv,SOURCE_PROVED_NOT_YET_ADMITTED
TP07F491,0C:CCB2:0:0:0,0x064CB2,691800,ADC,IMM_M,0,UNKNOWN,NONE,V05C-contexts.csv,SOURCE_PROVED_NOT_YET_ADMITTED
TP07F491,0C:CCB5:0:0:0,0x064CB5,A8,TAY,IMP,UNKNOWN,UNKNOWN,NONE,V05C-contexts.csv,SOURCE_PROVED_NOT_YET_ADMITTED
TP07F491,0C:CCB6:0:0:0,0x064CB6,B731,LDA,DP_IND_LONG_Y,UNKNOWN,UNKNOWN,NONE,V05C-contexts.csv,SOURCE_PROVED_NOT_YET_ADMITTED
TP07F491,0C:CCB8:0:0:0,0x064CB8,0A,ASL,ACC,UNKNOWN,UNKNOWN,NONE,V05C-contexts.csv,SOURCE_PROVED_NOT_YET_ADMITTED
TP07F491,0C:CCB9:0:0:0,0x064CB9,0A,ASL,ACC,UNKNOWN,UNKNOWN,NONE,V05C-contexts.csv,SOURCE_PROVED_NOT_YET_ADMITTED
TP07F491,0C:CCBA:0:0:0,0x064CBA,0A,ASL,ACC,UNKNOWN,UNKNOWN,NONE,V05C-contexts.csv,SOURCE_PROVED_NOT_YET_ADMITTED
TP07F491,0C:CCBB:0:0:0,0x064CBB,0A,ASL,ACC,UNKNOWN,UNKNOWN,NONE,V05C-contexts.csv,SOURCE_PROVED_NOT_YET_ADMITTED
TP07F491,0C:CCBC:0:0:0,0x064CBC,0A,ASL,ACC,UNKNOWN,UNKNOWN,NONE,V05C-contexts.csv,SOURCE_PROVED_NOT_YET_ADMITTED
TP07F491,0C:CCBD:0:0:0,0x064CBD,18,CLC,IMP,UNKNOWN,UNKNOWN,NONE,V05C-contexts.csv,SOURCE_PROVED_NOT_YET_ADMITTED
TP07F491,0C:CCBE:0:0:0,0x064CBE,6D8E07,ADC,ABS,0,UNKNOWN,DBR:078E,V05C-contexts.csv,SOURCE_PROVED_NOT_YET_ADMITTED
TP07F491,0C:CCC1:0:0:0,0x064CC1,8D8E07,STA,ABS,UNKNOWN,UNKNOWN,DBR:078E,V05C-contexts.csv,SOURCE_PROVED_NOT_YET_ADMITTED
TP07F491,0C:CCC4:0:0:0,0x064CC4,A90000,LDA,IMM_M,UNKNOWN,UNKNOWN,NONE,V05C-contexts.csv,SOURCE_PROVED_NOT_YET_ADMITTED
TP07F491,0C:CCC7:0:0:0,0x064CC7,6D9007,ADC,ABS,UNKNOWN,1,DBR:0790,V05C-contexts.csv,SOURCE_PROVED_NOT_YET_ADMITTED
TP07F491,0C:CCCA:0:0:0,0x064CCA,8D9007,STA,ABS,UNKNOWN,UNKNOWN,DBR:0790,V05C-contexts.csv,SOURCE_PROVED_NOT_YET_ADMITTED
TP07F491,0C:CCCD:0:0:0,0x064CCD,AD8A07,LDA,ABS,UNKNOWN,UNKNOWN,DBR:078A,V05C-contexts.csv,SOURCE_PROVED_NOT_YET_ADMITTED
TP07F491,0C:CCD0:0:0:0,0x064CD0,18,CLC,IMP,UNKNOWN,UNKNOWN,NONE,V05C-contexts.csv,SOURCE_PROVED_NOT_YET_ADMITTED
TP07F491,0C:CCD1:0:0:0,0x064CD1,691600,ADC,IMM_M,0,UNKNOWN,NONE,V05C-contexts.csv,SOURCE_PROVED_NOT_YET_ADMITTED
TP07F491,0C:CCD4:0:0:0,0x064CD4,A8,TAY,IMP,UNKNOWN,UNKNOWN,NONE,V05C-contexts.csv,SOURCE_PROVED_NOT_YET_ADMITTED
TP07F491,0C:CCD5:0:0:0,0x064CD5,B731,LDA,DP_IND_LONG_Y,UNKNOWN,UNKNOWN,NONE,V05C-contexts.csv,SOURCE_PROVED_NOT_YET_ADMITTED
TP07F491,0C:CCD7:0:0:0,0x064CD7,0A,ASL,ACC,UNKNOWN,UNKNOWN,NONE,V05C-contexts.csv,SOURCE_PROVED_NOT_YET_ADMITTED
TP07F491,0C:CCD8:0:0:0,0x064CD8,18,CLC,IMP,UNKNOWN,UNKNOWN,NONE,V05C-contexts.csv,SOURCE_PROVED_NOT_YET_ADMITTED
TP07F491,0C:CCD9:0:0:0,0x064CD9,6D8E07,ADC,ABS,0,UNKNOWN,DBR:078E,V05C-contexts.csv,SOURCE_PROVED_NOT_YET_ADMITTED
TP07F491,0C:CCDC:0:0:0,0x064CDC,8D8E07,STA,ABS,UNKNOWN,UNKNOWN,DBR:078E,V05C-contexts.csv,SOURCE_PROVED_NOT_YET_ADMITTED
TP07F491,0C:CCDF:0:0:0,0x064CDF,A90000,LDA,IMM_M,UNKNOWN,UNKNOWN,NONE,V05C-contexts.csv,SOURCE_PROVED_NOT_YET_ADMITTED
TP07F491,0C:CCE2:0:0:0,0x064CE2,6D9007,ADC,ABS,UNKNOWN,1,DBR:0790,V05C-contexts.csv,SOURCE_PROVED_NOT_YET_ADMITTED
TP07F491,0C:CCE5:0:0:0,0x064CE5,8D9007,STA,ABS,UNKNOWN,UNKNOWN,DBR:0790,V05C-contexts.csv,SOURCE_PROVED_NOT_YET_ADMITTED
TP07F491,0C:CCE8:0:0:0,0x064CE8,AD8A07,LDA,ABS,UNKNOWN,UNKNOWN,DBR:078A,V05C-contexts.csv,SOURCE_PROVED_NOT_YET_ADMITTED
TP07F491,0C:CCEB:0:0:0,0x064CEB,18,CLC,IMP,UNKNOWN,UNKNOWN,NONE,V05C-contexts.csv,SOURCE_PROVED_NOT_YET_ADMITTED
TP07F491,0C:CCEC:0:0:0,0x064CEC,692B00,ADC,IMM_M,0,UNKNOWN,NONE,V05C-contexts.csv,SOURCE_PROVED_NOT_YET_ADMITTED
TP07F491,0C:CCEF:0:0:0,0x064CEF,A8,TAY,IMP,UNKNOWN,UNKNOWN,NONE,V05C-contexts.csv,SOURCE_PROVED_NOT_YET_ADMITTED
TP07F491,0C:CCF0:0:0:0,0x064CF0,B731,LDA,DP_IND_LONG_Y,UNKNOWN,UNKNOWN,NONE,V05C-contexts.csv,SOURCE_PROVED_NOT_YET_ADMITTED
TP07F491,0C:CCF2:0:0:0,0x064CF2,4A,LSR,ACC,UNKNOWN,UNKNOWN,NONE,V05C-contexts.csv,SOURCE_PROVED_NOT_YET_ADMITTED
TP07F491,0C:CCF3:0:0:0,0x064CF3,4A,LSR,ACC,UNKNOWN,UNKNOWN,NONE,V05C-contexts.csv,SOURCE_PROVED_NOT_YET_ADMITTED
TP07F491,0C:CCF4:0:0:0,0x064CF4,4A,LSR,ACC,UNKNOWN,UNKNOWN,NONE,V05C-contexts.csv,SOURCE_PROVED_NOT_YET_ADMITTED
TP07F491,0C:CCF5:0:0:0,0x064CF5,4A,LSR,ACC,UNKNOWN,UNKNOWN,NONE,V05C-contexts.csv,SOURCE_PROVED_NOT_YET_ADMITTED
TP07F491,0C:CCF6:0:0:0,0x064CF6,4A,LSR,ACC,UNKNOWN,UNKNOWN,NONE,V05C-contexts.csv,SOURCE_PROVED_NOT_YET_ADMITTED
TP07F491,0C:CCF7:0:0:0,0x064CF7,4A,LSR,ACC,UNKNOWN,UNKNOWN,NONE,V05C-contexts.csv,SOURCE_PROVED_NOT_YET_ADMITTED
TP07F491,0C:CCF8:0:0:0,0x064CF8,18,CLC,IMP,UNKNOWN,UNKNOWN,NONE,V05C-contexts.csv,SOURCE_PROVED_NOT_YET_ADMITTED
TP07F491,0C:CCF9:0:0:0,0x064CF9,6D8E07,ADC,ABS,0,UNKNOWN,DBR:078E,V05C-contexts.csv,SOURCE_PROVED_NOT_YET_ADMITTED
TP07F491,0C:CCFC:0:0:0,0x064CFC,8D8E07,STA,ABS,UNKNOWN,UNKNOWN,DBR:078E,V05C-contexts.csv,SOURCE_PROVED_NOT_YET_ADMITTED
TP07F491,0C:CCFF:0:0:0,0x064CFF,C8,INY,IMP,UNKNOWN,UNKNOWN,NONE,V05C-contexts.csv,SOURCE_PROVED_NOT_YET_ADMITTED
TP07F491,0C:CD00:0:0:0,0x064D00,C8,INY,IMP,UNKNOWN,UNKNOWN,NONE,V05C-contexts.csv,SOURCE_PROVED_NOT_YET_ADMITTED
TP07F491,0C:CD01:0:0:0,0x064D01,B731,LDA,DP_IND_LONG_Y,UNKNOWN,UNKNOWN,NONE,V05C-contexts.csv,SOURCE_PROVED_NOT_YET_ADMITTED
TP07F491,0C:CD03:0:0:0,0x064D03,6D9007,ADC,ABS,UNKNOWN,UNKNOWN,DBR:0790,V05C-contexts.csv,SOURCE_PROVED_NOT_YET_ADMITTED
TP07F491,0C:CD06:0:0:0,0x064D06,8D9007,STA,ABS,UNKNOWN,UNKNOWN,DBR:0790,V05C-contexts.csv,SOURCE_PROVED_NOT_YET_ADMITTED
TP07F491,0C:CD09:0:0:0,0x064D09,AC1704,LDY,ABS,UNKNOWN,UNKNOWN,DBR:0417,V05C-contexts.csv,SOURCE_PROVED_NOT_YET_ADMITTED
TP07F491,0C:CD0C:0:0:0,0x064D0C,98,TYA,IMP,UNKNOWN,UNKNOWN,NONE,V05C-contexts.csv,SOURCE_PROVED_NOT_YET_ADMITTED
TP07F491,0C:CD0D:0:0:0,0x064D0D,A90500,LDA,IMM_M,UNKNOWN,UNKNOWN,NONE,V05C-contexts.csv,SOURCE_PROVED_NOT_YET_ADMITTED
TP07F491,0C:CD10:0:0:0,0x064D10,22A78004,JSL,ABSL_JUMP,UNKNOWN,0,NONE,V05C-contexts.csv,SOURCE_PROVED_NOT_YET_ADMITTED
TP07F491,0C:CD14:0:0:0,0x064D14,A8,TAY,IMP,UNKNOWN,UNKNOWN,NONE,V05C-contexts.csv,SOURCE_PROVED_NOT_YET_ADMITTED
TP07F491,0C:CD15:0:0:0,0x064D15,18,CLC,IMP,UNKNOWN,UNKNOWN,NONE,V05C-contexts.csv,SOURCE_PROVED_NOT_YET_ADMITTED
TP07F491,0C:CD16:0:0:0,0x064D16,690000,ADC,IMM_M,0,UNKNOWN,NONE,V05C-contexts.csv,SOURCE_PROVED_NOT_YET_ADMITTED
TP07F491,0C:CD19:0:0:0,0x064D19,A8,TAY,IMP,UNKNOWN,UNKNOWN,NONE,V05C-contexts.csv,SOURCE_PROVED_NOT_YET_ADMITTED
TP07F491,0C:CD1A:0:0:0,0x064D1A,AD8E07,LDA,ABS,UNKNOWN,UNKNOWN,DBR:078E,V05C-contexts.csv,SOURCE_PROVED_NOT_YET_ADMITTED
TP07F491,0C:CD1D:0:0:0,0x064D1D,9725,STA,DP_IND_LONG_Y,UNKNOWN,UNKNOWN,NONE,V05C-contexts.csv,SOURCE_PROVED_NOT_YET_ADMITTED
TP07F491,0C:CD1F:0:0:0,0x064D1F,C8,INY,IMP,UNKNOWN,UNKNOWN,NONE,V05C-contexts.csv,SOURCE_PROVED_NOT_YET_ADMITTED
TP07F491,0C:CD20:0:0:0,0x064D20,C8,INY,IMP,UNKNOWN,UNKNOWN,NONE,V05C-contexts.csv,SOURCE_PROVED_NOT_YET_ADMITTED
TP07F491,0C:CD21:0:0:0,0x064D21,AD9007,LDA,ABS,UNKNOWN,UNKNOWN,DBR:0790,V05C-contexts.csv,SOURCE_PROVED_NOT_YET_ADMITTED
TP07F491,0C:CD24:0:0:0,0x064D24,9725,STA,DP_IND_LONG_Y,UNKNOWN,UNKNOWN,NONE,V05C-contexts.csv,SOURCE_PROVED_NOT_YET_ADMITTED
TP07F491,0C:CD26:0:0:0,0x064D26,AD8A07,LDA,ABS,UNKNOWN,UNKNOWN,DBR:078A,V05C-contexts.csv,SOURCE_PROVED_NOT_YET_ADMITTED
TP07F491,0C:CD29:0:0:0,0x064D29,18,CLC,IMP,UNKNOWN,UNKNOWN,NONE,V05C-contexts.csv,SOURCE_PROVED_NOT_YET_ADMITTED
TP07F491,0C:CD2A:0:0:0,0x064D2A,691200,ADC,IMM_M,0,UNKNOWN,NONE,V05C-contexts.csv,SOURCE_PROVED_NOT_YET_ADMITTED
TP07F491,0C:CD2D:0:0:0,0x064D2D,A8,TAY,IMP,UNKNOWN,UNKNOWN,NONE,V05C-contexts.csv,SOURCE_PROVED_NOT_YET_ADMITTED
TP07F491,0C:CD2E:0:0:0,0x064D2E,B731,LDA,DP_IND_LONG_Y,UNKNOWN,UNKNOWN,NONE,V05C-contexts.csv,SOURCE_PROVED_NOT_YET_ADMITTED
TP07F491,0C:CD30:0:0:0,0x064D30,8D8E07,STA,ABS,UNKNOWN,UNKNOWN,DBR:078E,V05C-contexts.csv,SOURCE_PROVED_NOT_YET_ADMITTED
TP07F491,0C:CD33:0:0:0,0x064D33,C8,INY,IMP,UNKNOWN,UNKNOWN,NONE,V05C-contexts.csv,SOURCE_PROVED_NOT_YET_ADMITTED
TP07F491,0C:CD34:0:0:0,0x064D34,C8,INY,IMP,UNKNOWN,UNKNOWN,NONE,V05C-contexts.csv,SOURCE_PROVED_NOT_YET_ADMITTED
TP07F491,0C:CD35:0:0:0,0x064D35,B731,LDA,DP_IND_LONG_Y,UNKNOWN,UNKNOWN,NONE,V05C-contexts.csv,SOURCE_PROVED_NOT_YET_ADMITTED
TP07F491,0C:CD37:0:0:0,0x064D37,8D9007,STA,ABS,UNKNOWN,UNKNOWN,DBR:0790,V05C-contexts.csv,SOURCE_PROVED_NOT_YET_ADMITTED
TP07F491,0C:CD3A:0:0:0,0x064D3A,AC1704,LDY,ABS,UNKNOWN,UNKNOWN,DBR:0417,V05C-contexts.csv,SOURCE_PROVED_NOT_YET_ADMITTED
TP07F491,0C:CD3D:0:0:0,0x064D3D,98,TYA,IMP,UNKNOWN,UNKNOWN,NONE,V05C-contexts.csv,SOURCE_PROVED_NOT_YET_ADMITTED
TP07F491,0C:CD3E:0:0:0,0x064D3E,A90500,LDA,IMM_M,UNKNOWN,UNKNOWN,NONE,V05C-contexts.csv,SOURCE_PROVED_NOT_YET_ADMITTED
TP07F491,0C:CD41:0:0:0,0x064D41,22A78004,JSL,ABSL_JUMP,UNKNOWN,0,NONE,V05C-contexts.csv,SOURCE_PROVED_NOT_YET_ADMITTED
TP07F491,0C:CD45:0:0:0,0x064D45,A8,TAY,IMP,UNKNOWN,UNKNOWN,NONE,V05C-contexts.csv,SOURCE_PROVED_NOT_YET_ADMITTED
TP07F491,0C:CD46:0:0:0,0x064D46,18,CLC,IMP,UNKNOWN,UNKNOWN,NONE,V05C-contexts.csv,SOURCE_PROVED_NOT_YET_ADMITTED
TP07F491,0C:CD47:0:0:0,0x064D47,690000,ADC,IMM_M,0,UNKNOWN,NONE,V05C-contexts.csv,SOURCE_PROVED_NOT_YET_ADMITTED
TP07F491,0C:CD4A:0:0:0,0x064D4A,A8,TAY,IMP,UNKNOWN,UNKNOWN,NONE,V05C-contexts.csv,SOURCE_PROVED_NOT_YET_ADMITTED
TP07F491,0C:CD4B:0:0:0,0x064D4B,AD8E07,LDA,ABS,UNKNOWN,UNKNOWN,DBR:078E,V05C-contexts.csv,SOURCE_PROVED_NOT_YET_ADMITTED
TP07F491,0C:CD4E:0:0:0,0x064D4E,9728,STA,DP_IND_LONG_Y,UNKNOWN,UNKNOWN,NONE,V05C-contexts.csv,SOURCE_PROVED_NOT_YET_ADMITTED
TP07F491,0C:CD50:0:0:0,0x064D50,C8,INY,IMP,UNKNOWN,UNKNOWN,NONE,V05C-contexts.csv,SOURCE_PROVED_NOT_YET_ADMITTED
TP07F491,0C:CD51:0:0:0,0x064D51,C8,INY,IMP,UNKNOWN,UNKNOWN,NONE,V05C-contexts.csv,SOURCE_PROVED_NOT_YET_ADMITTED
TP07F491,0C:CD52:0:0:0,0x064D52,AD9007,LDA,ABS,UNKNOWN,UNKNOWN,DBR:0790,V05C-contexts.csv,SOURCE_PROVED_NOT_YET_ADMITTED
TP07F491,0C:CD55:0:0:0,0x064D55,9728,STA,DP_IND_LONG_Y,UNKNOWN,UNKNOWN,NONE,V05C-contexts.csv,SOURCE_PROVED_NOT_YET_ADMITTED
TP07F491,0C:CD57:0:0:0,0x064D57,C230,REP,IMM8,UNKNOWN,UNKNOWN,NONE,V05C-contexts.csv,SOURCE_PROVED_NOT_YET_ADMITTED
TP07F491,0C:CD59:0:0:0,0x064D59,EE1704,INC,ABS,UNKNOWN,UNKNOWN,DBR:0417,V05C-contexts.csv,SOURCE_PROVED_NOT_YET_ADMITTED
TP07F491,0C:CD5C:0:0:0,0x064D5C,82E1FC,BRL,REL16,UNKNOWN,UNKNOWN,NONE,V05C-contexts.csv,SOURCE_PROVED_NOT_YET_ADMITTED
TP07F491,0C:CD5F:0:0:0,0x064D5F,E210,SEP,IMM8,1,UNKNOWN,NONE,V05C-contexts.csv,SOURCE_PROVED_NOT_YET_ADMITTED
TP07F491,0C:CD61:0:0:1,0x064D61,C220,REP,IMM8,1,UNKNOWN,NONE,V05C-contexts.csv,SOURCE_PROVED_NOT_YET_ADMITTED
TP07F491,0C:CD63:0:0:1,0x064D63,AD1900,LDA,ABS,1,UNKNOWN,DBR:0019,V05C-contexts.csv,SOURCE_PROVED_NOT_YET_ADMITTED
TP07F491,0C:CD66:0:0:1,0x064D66,8D8A07,STA,ABS,1,UNKNOWN,DBR:078A,V05C-contexts.csv,SOURCE_PROVED_NOT_YET_ADMITTED
TP07F491,0C:CD69:0:0:1,0x064D69,AE1B00,LDX,ABS,1,UNKNOWN,DBR:001B,V05C-contexts.csv,SOURCE_PROVED_NOT_YET_ADMITTED
TP07F491,0C:CD6C:0:0:1,0x064D6C,8E8C07,STX,ABS,1,UNKNOWN,DBR:078C,V05C-contexts.csv,SOURCE_PROVED_NOT_YET_ADMITTED
TP07F491,0C:CD6F:0:0:1,0x064D6F,A91400,LDA,IMM_M,1,UNKNOWN,NONE,V05C-contexts.csv,SOURCE_PROVED_NOT_YET_ADMITTED
TP07F491,0C:CD72:0:0:1,0x064D72,8D8E07,STA,ABS,1,0,DBR:078E,V05C-contexts.csv,SOURCE_PROVED_NOT_YET_ADMITTED
TP07F491,0C:CD75:0:0:1,0x064D75,2262D60C,JSL,ABSL_JUMP,1,0,NONE,V05C-contexts.csv,SOURCE_PROVED_NOT_YET_ADMITTED
TP07F491,0C:CD79:0:0:1,0x064D79,E210,SEP,IMM8,1,UNKNOWN,NONE,V05C-contexts.csv,SOURCE_PROVED_NOT_YET_ADMITTED
TP07F491,0C:CD7B:0:0:1,0x064D7B,C220,REP,IMM8,1,UNKNOWN,NONE,V05C-contexts.csv,SOURCE_PROVED_NOT_YET_ADMITTED
TP07F491,0C:CD7D:0:0:1,0x064D7D,AD1C00,LDA,ABS,1,UNKNOWN,DBR:001C,V05C-contexts.csv,SOURCE_PROVED_NOT_YET_ADMITTED
TP07F491,0C:CD80:0:0:1,0x064D80,8D8A07,STA,ABS,1,UNKNOWN,DBR:078A,V05C-contexts.csv,SOURCE_PROVED_NOT_YET_ADMITTED
TP07F491,0C:CD83:0:0:1,0x064D83,AE1E00,LDX,ABS,1,UNKNOWN,DBR:001E,V05C-contexts.csv,SOURCE_PROVED_NOT_YET_ADMITTED
TP07F491,0C:CD86:0:0:1,0x064D86,8E8C07,STX,ABS,1,UNKNOWN,DBR:078C,V05C-contexts.csv,SOURCE_PROVED_NOT_YET_ADMITTED
TP07F491,0C:CD89:0:0:1,0x064D89,A91400,LDA,IMM_M,1,UNKNOWN,NONE,V05C-contexts.csv,SOURCE_PROVED_NOT_YET_ADMITTED
TP07F491,0C:CD8C:0:0:1,0x064D8C,8D8E07,STA,ABS,1,0,DBR:078E,V05C-contexts.csv,SOURCE_PROVED_NOT_YET_ADMITTED
TP07F491,0C:CD8F:0:0:1,0x064D8F,2262D60C,JSL,ABSL_JUMP,1,0,NONE,V05C-contexts.csv,SOURCE_PROVED_NOT_YET_ADMITTED
TP07F491,0C:CD93:0:0:1,0x064D93,E210,SEP,IMM8,1,UNKNOWN,NONE,V05C-contexts.csv,SOURCE_PROVED_NOT_YET_ADMITTED
TP07F491,0C:CD95:0:0:1,0x064D95,C220,REP,IMM8,1,UNKNOWN,NONE,V05C-contexts.csv,SOURCE_PROVED_NOT_YET_ADMITTED
TP07F491,0C:CD97:0:0:1,0x064D97,AD1F00,LDA,ABS,1,UNKNOWN,DBR:001F,V05C-contexts.csv,SOURCE_PROVED_NOT_YET_ADMITTED
TP07F491,0C:CD9A:0:0:1,0x064D9A,8D8A07,STA,ABS,1,UNKNOWN,DBR:078A,V05C-contexts.csv,SOURCE_PROVED_NOT_YET_ADMITTED
TP07F491,0C:CD9D:0:0:1,0x064D9D,AE2100,LDX,ABS,1,UNKNOWN,DBR:0021,V05C-contexts.csv,SOURCE_PROVED_NOT_YET_ADMITTED
TP07F491,0C:CDA0:0:0:1,0x064DA0,8E8C07,STX,ABS,1,UNKNOWN,DBR:078C,V05C-contexts.csv,SOURCE_PROVED_NOT_YET_ADMITTED
TP07F491,0C:CDA3:0:0:1,0x064DA3,A91400,LDA,IMM_M,1,UNKNOWN,NONE,V05C-contexts.csv,SOURCE_PROVED_NOT_YET_ADMITTED
TP07F491,0C:CDA6:0:0:1,0x064DA6,8D8E07,STA,ABS,1,0,DBR:078E,V05C-contexts.csv,SOURCE_PROVED_NOT_YET_ADMITTED
TP07F491,0C:CDA9:0:0:1,0x064DA9,2262D60C,JSL,ABSL_JUMP,1,0,NONE,V05C-contexts.csv,SOURCE_PROVED_NOT_YET_ADMITTED
TP07F491,0C:CDAD:0:0:1,0x064DAD,E210,SEP,IMM8,1,UNKNOWN,NONE,V05C-contexts.csv,SOURCE_PROVED_NOT_YET_ADMITTED
TP07F491,0C:CDAF:0:0:1,0x064DAF,C220,REP,IMM8,1,UNKNOWN,NONE,V05C-contexts.csv,SOURCE_PROVED_NOT_YET_ADMITTED
TP07F491,0C:CDB1:0:0:1,0x064DB1,AD2200,LDA,ABS,1,UNKNOWN,DBR:0022,V05C-contexts.csv,SOURCE_PROVED_NOT_YET_ADMITTED
TP07F491,0C:CDB4:0:0:1,0x064DB4,8D8A07,STA,ABS,1,UNKNOWN,DBR:078A,V05C-contexts.csv,SOURCE_PROVED_NOT_YET_ADMITTED
TP07F491,0C:CDB7:0:0:1,0x064DB7,AE2400,LDX,ABS,1,UNKNOWN,DBR:0024,V05C-contexts.csv,SOURCE_PROVED_NOT_YET_ADMITTED
TP07F491,0C:CDBA:0:0:1,0x064DBA,8E8C07,STX,ABS,1,UNKNOWN,DBR:078C,V05C-contexts.csv,SOURCE_PROVED_NOT_YET_ADMITTED
TP07F491,0C:CDBD:0:0:1,0x064DBD,A91400,LDA,IMM_M,1,UNKNOWN,NONE,V05C-contexts.csv,SOURCE_PROVED_NOT_YET_ADMITTED
TP07F491,0C:CDC0:0:0:1,0x064DC0,8D8E07,STA,ABS,1,0,DBR:078E,V05C-contexts.csv,SOURCE_PROVED_NOT_YET_ADMITTED
TP07F491,0C:CDC3:0:0:1,0x064DC3,2262D60C,JSL,ABSL_JUMP,1,0,NONE,V05C-contexts.csv,SOURCE_PROVED_NOT_YET_ADMITTED
TP07F491,0C:CDC7:0:0:1,0x064DC7,E210,SEP,IMM8,1,UNKNOWN,NONE,V05C-contexts.csv,SOURCE_PROVED_NOT_YET_ADMITTED
TP07F491,0C:CDC9:0:0:1,0x064DC9,C220,REP,IMM8,1,UNKNOWN,NONE,V05C-contexts.csv,SOURCE_PROVED_NOT_YET_ADMITTED
TP07F491,0C:CDCB:0:0:1,0x064DCB,AD2500,LDA,ABS,1,UNKNOWN,DBR:0025,V05C-contexts.csv,SOURCE_PROVED_NOT_YET_ADMITTED
TP07F491,0C:CDCE:0:0:1,0x064DCE,8D8A07,STA,ABS,1,UNKNOWN,DBR:078A,V05C-contexts.csv,SOURCE_PROVED_NOT_YET_ADMITTED
TP07F491,0C:CDD1:0:0:1,0x064DD1,AE2700,LDX,ABS,1,UNKNOWN,DBR:0027,V05C-contexts.csv,SOURCE_PROVED_NOT_YET_ADMITTED
TP07F491,0C:CDD4:0:0:1,0x064DD4,8E8C07,STX,ABS,1,UNKNOWN,DBR:078C,V05C-contexts.csv,SOURCE_PROVED_NOT_YET_ADMITTED
TP07F491,0C:CDD7:0:0:1,0x064DD7,A91400,LDA,IMM_M,1,UNKNOWN,NONE,V05C-contexts.csv,SOURCE_PROVED_NOT_YET_ADMITTED
TP07F491,0C:CDDA:0:0:1,0x064DDA,8D8E07,STA,ABS,1,0,DBR:078E,V05C-contexts.csv,SOURCE_PROVED_NOT_YET_ADMITTED
TP07F491,0C:CDDD:0:0:1,0x064DDD,2262D60C,JSL,ABSL_JUMP,1,0,NONE,V05C-contexts.csv,SOURCE_PROVED_NOT_YET_ADMITTED
TP07F491,0C:CDE1:0:0:1,0x064DE1,E210,SEP,IMM8,1,UNKNOWN,NONE,V05C-contexts.csv,SOURCE_PROVED_NOT_YET_ADMITTED
TP07F491,0C:CDE3:0:0:1,0x064DE3,C220,REP,IMM8,1,UNKNOWN,NONE,V05C-contexts.csv,SOURCE_PROVED_NOT_YET_ADMITTED
TP07F491,0C:CDE5:0:0:1,0x064DE5,AD2800,LDA,ABS,1,UNKNOWN,DBR:0028,V05C-contexts.csv,SOURCE_PROVED_NOT_YET_ADMITTED
TP07F491,0C:CDE8:0:0:1,0x064DE8,8D8A07,STA,ABS,1,UNKNOWN,DBR:078A,V05C-contexts.csv,SOURCE_PROVED_NOT_YET_ADMITTED
TP07F491,0C:CDEB:0:0:1,0x064DEB,AE2A00,LDX,ABS,1,UNKNOWN,DBR:002A,V05C-contexts.csv,SOURCE_PROVED_NOT_YET_ADMITTED
TP07F491,0C:CDEE:0:0:1,0x064DEE,8E8C07,STX,ABS,1,UNKNOWN,DBR:078C,V05C-contexts.csv,SOURCE_PROVED_NOT_YET_ADMITTED
TP07F491,0C:CDF1:0:0:1,0x064DF1,A91400,LDA,IMM_M,1,UNKNOWN,NONE,V05C-contexts.csv,SOURCE_PROVED_NOT_YET_ADMITTED
TP07F491,0C:CDF4:0:0:1,0x064DF4,8D8E07,STA,ABS,1,0,DBR:078E,V05C-contexts.csv,SOURCE_PROVED_NOT_YET_ADMITTED
TP07F491,0C:CDF7:0:0:1,0x064DF7,2262D60C,JSL,ABSL_JUMP,1,0,NONE,V05C-contexts.csv,SOURCE_PROVED_NOT_YET_ADMITTED
TP07F491,0C:CDFB:0:0:1,0x064DFB,C230,REP,IMM8,1,UNKNOWN,NONE,V05C-contexts.csv,SOURCE_PROVED_NOT_YET_ADMITTED
TP07F491,0C:CDFD:0:0:0,0x064DFD,9C1704,STZ,ABS,1,UNKNOWN,DBR:0417,V05C-contexts.csv,SOURCE_PROVED_NOT_YET_ADMITTED
TP07F491,0C:CE00:0:0:0,0x064E00,AD1704,LDA,ABS,UNKNOWN|1,UNKNOWN,DBR:0417,V05C-contexts.csv,SOURCE_PROVED_NOT_YET_ADMITTED
TP07F491,0C:CE03:0:0:0,0x064E03,C91400,CMP,IMM_M,UNKNOWN|1,UNKNOWN,NONE,V05C-contexts.csv,SOURCE_PROVED_NOT_YET_ADMITTED
TP07F491,0C:CE06:0:0:0,0x064E06,9003,BCC,REL8,UNKNOWN,UNKNOWN,NONE,V05C-contexts.csv,SOURCE_PROVED_NOT_YET_ADMITTED
TP07F491,0C:CE08:0:0:0,0x064E08,4C94CF,JMP,ABS_JUMP,1,UNKNOWN,NONE,V05C-contexts.csv,SOURCE_PROVED_NOT_YET_ADMITTED
TP07F491,0C:CE0B:0:0:0,0x064E0B,AC1704,LDY,ABS,0,UNKNOWN,DBR:0417,V05C-contexts.csv,SOURCE_PROVED_NOT_YET_ADMITTED
TP07F491,0C:CE0E:0:0:0,0x064E0E,98,TYA,IMP,0,UNKNOWN,NONE,V05C-contexts.csv,SOURCE_PROVED_NOT_YET_ADMITTED
TP07F491,0C:CE0F:0:0:0,0x064E0F,A90500,LDA,IMM_M,0,UNKNOWN,NONE,V05C-contexts.csv,SOURCE_PROVED_NOT_YET_ADMITTED
TP07F491,0C:CE12:0:0:0,0x064E12,22A78004,JSL,ABSL_JUMP,0,0,NONE,V05C-contexts.csv,SOURCE_PROVED_NOT_YET_ADMITTED
TP07F491,0C:CE16:0:0:0,0x064E16,A8,TAY,IMP,UNKNOWN,UNKNOWN,NONE,V05C-contexts.csv,SOURCE_PROVED_NOT_YET_ADMITTED
TP07F491,0C:CE17:0:0:0,0x064E17,18,CLC,IMP,UNKNOWN,UNKNOWN,NONE,V05C-contexts.csv,SOURCE_PROVED_NOT_YET_ADMITTED
TP07F491,0C:CE18:0:0:0,0x064E18,690400,ADC,IMM_M,0,UNKNOWN,NONE,V05C-contexts.csv,SOURCE_PROVED_NOT_YET_ADMITTED
TP07F491,0C:CE1B:0:0:0,0x064E1B,A8,TAY,IMP,UNKNOWN,UNKNOWN,NONE,V05C-contexts.csv,SOURCE_PROVED_NOT_YET_ADMITTED
TP07F491,0C:CE1C:0:0:0,0x064E1C,B719,LDA,DP_IND_LONG_Y,UNKNOWN,UNKNOWN,NONE,V05C-contexts.csv,SOURCE_PROVED_NOT_YET_ADMITTED
TP07F491,0C:CE1E:0:0:0,0x064E1E,29FF00,AND,IMM_M,UNKNOWN,UNKNOWN,NONE,V05C-contexts.csv,SOURCE_PROVED_NOT_YET_ADMITTED
TP07F491,0C:CE21:0:0:0,0x064E21,A8,TAY,IMP,UNKNOWN,UNKNOWN,NONE,V05C-contexts.csv,SOURCE_PROVED_NOT_YET_ADMITTED
TP07F491,0C:CE22:0:0:0,0x064E22,98,TYA,IMP,UNKNOWN,UNKNOWN,NONE,V05C-contexts.csv,SOURCE_PROVED_NOT_YET_ADMITTED
TP07F491,0C:CE23:0:0:0,0x064E23,A93C00,LDA,IMM_M,UNKNOWN,UNKNOWN,NONE,V05C-contexts.csv,SOURCE_PROVED_NOT_YET_ADMITTED
TP07F491,0C:CE26:0:0:0,0x064E26,22A78004,JSL,ABSL_JUMP,UNKNOWN,0,NONE,V05C-contexts.csv,SOURCE_PROVED_NOT_YET_ADMITTED
TP07F491,0C:CE2A:0:0:0,0x064E2A,A8,TAY,IMP,UNKNOWN,UNKNOWN,NONE,V05C-contexts.csv,SOURCE_PROVED_NOT_YET_ADMITTED
TP07F491,0C:CE2B:0:0:0,0x064E2B,8D8A07,STA,ABS,UNKNOWN,UNKNOWN,DBR:078A,V05C-contexts.csv,SOURCE_PROVED_NOT_YET_ADMITTED
TP07F491,0C:CE2E:0:0:0,0x064E2E,18,CLC,IMP,UNKNOWN,UNKNOWN,NONE,V05C-contexts.csv,SOURCE_PROVED_NOT_YET_ADMITTED
TP07F491,0C:CE2F:0:0:0,0x064E2F,693400,ADC,IMM_M,0,UNKNOWN,NONE,V05C-contexts.csv,SOURCE_PROVED_NOT_YET_ADMITTED
TP07F491,0C:CE32:0:0:0,0x064E32,A8,TAY,IMP,UNKNOWN,UNKNOWN,NONE,V05C-contexts.csv,SOURCE_PROVED_NOT_YET_ADMITTED
TP07F491,0C:CE33:0:0:0,0x064E33,B731,LDA,DP_IND_LONG_Y,UNKNOWN,UNKNOWN,NONE,V05C-contexts.csv,SOURCE_PROVED_NOT_YET_ADMITTED
TP07F491,0C:CE35:0:0:0,0x064E35,18,CLC,IMP,UNKNOWN,UNKNOWN,NONE,V05C-contexts.csv,SOURCE_PROVED_NOT_YET_ADMITTED
TP07F491,0C:CE36:0:0:0,0x064E36,6D1704,ADC,ABS,0,UNKNOWN,DBR:0417,V05C-contexts.csv,SOURCE_PROVED_NOT_YET_ADMITTED
TP07F491,0C:CE39:0:0:0,0x064E39,9731,STA,DP_IND_LONG_Y,UNKNOWN,UNKNOWN,NONE,V05C-contexts.csv,SOURCE_PROVED_NOT_YET_ADMITTED
TP07F491,0C:CE3B:0:0:0,0x064E3B,AD8A07,LDA,ABS,UNKNOWN,UNKNOWN,DBR:078A,V05C-contexts.csv,SOURCE_PROVED_NOT_YET_ADMITTED
TP07F491,0C:CE3E:0:0:0,0x064E3E,18,CLC,IMP,UNKNOWN,UNKNOWN,NONE,V05C-contexts.csv,SOURCE_PROVED_NOT_YET_ADMITTED
TP07F491,0C:CE3F:0:0:0,0x064E3F,693600,ADC,IMM_M,0,UNKNOWN,NONE,V05C-contexts.csv,SOURCE_PROVED_NOT_YET_ADMITTED
TP07F491,0C:CE42:0:0:0,0x064E42,A8,TAY,IMP,UNKNOWN,UNKNOWN,NONE,V05C-contexts.csv,SOURCE_PROVED_NOT_YET_ADMITTED
TP07F491,0C:CE43:0:0:0,0x064E43,E220,SEP,IMM8,UNKNOWN,UNKNOWN,NONE,V05C-contexts.csv,SOURCE_PROVED_NOT_YET_ADMITTED
TP07F491,0C:CE45:0:1:0,0x064E45,C210,REP,IMM8,UNKNOWN,UNKNOWN,NONE,V05C-contexts.csv,SOURCE_PROVED_NOT_YET_ADMITTED
TP07F491,0C:CE47:0:1:0,0x064E47,AD1704,LDA,ABS,UNKNOWN,UNKNOWN,DBR:0417,V05C-contexts.csv,SOURCE_PROVED_NOT_YET_ADMITTED
TP07F491,0C:CE4A:0:1:0,0x064E4A,9731,STA,DP_IND_LONG_Y,UNKNOWN,UNKNOWN,NONE,V05C-contexts.csv,SOURCE_PROVED_NOT_YET_ADMITTED
TP07F491,0C:CE4C:0:1:0,0x064E4C,C230,REP,IMM8,UNKNOWN,UNKNOWN,NONE,V05C-contexts.csv,SOURCE_PROVED_NOT_YET_ADMITTED
TP07F491,0C:CE4E:0:0:0,0x064E4E,AC1704,LDY,ABS,UNKNOWN,UNKNOWN,DBR:0417,V05C-contexts.csv,SOURCE_PROVED_NOT_YET_ADMITTED
TP07F491,0C:CE51:0:0:0,0x064E51,98,TYA,IMP,UNKNOWN,UNKNOWN,NONE,V05C-contexts.csv,SOURCE_PROVED_NOT_YET_ADMITTED
TP07F491,0C:CE52:0:0:0,0x064E52,A90500,LDA,IMM_M,UNKNOWN,UNKNOWN,NONE,V05C-contexts.csv,SOURCE_PROVED_NOT_YET_ADMITTED
TP07F491,0C:CE55:0:0:0,0x064E55,22A78004,JSL,ABSL_JUMP,UNKNOWN,0,NONE,V05C-contexts.csv,SOURCE_PROVED_NOT_YET_ADMITTED
TP07F491,0C:CE59:0:0:0,0x064E59,A8,TAY,IMP,UNKNOWN,UNKNOWN,NONE,V05C-contexts.csv,SOURCE_PROVED_NOT_YET_ADMITTED
TP07F491,0C:CE5A:0:0:0,0x064E5A,18,CLC,IMP,UNKNOWN,UNKNOWN,NONE,V05C-contexts.csv,SOURCE_PROVED_NOT_YET_ADMITTED
TP07F491,0C:CE5B:0:0:0,0x064E5B,690400,ADC,IMM_M,0,UNKNOWN,NONE,V05C-contexts.csv,SOURCE_PROVED_NOT_YET_ADMITTED
TP07F491,0C:CE5E:0:0:0,0x064E5E,A8,TAY,IMP,UNKNOWN,UNKNOWN,NONE,V05C-contexts.csv,SOURCE_PROVED_NOT_YET_ADMITTED
TP07F491,0C:CE5F:0:0:0,0x064E5F,B71C,LDA,DP_IND_LONG_Y,UNKNOWN,UNKNOWN,NONE,V05C-contexts.csv,SOURCE_PROVED_NOT_YET_ADMITTED
TP07F491,0C:CE61:0:0:0,0x064E61,29FF00,AND,IMM_M,UNKNOWN,UNKNOWN,NONE,V05C-contexts.csv,SOURCE_PROVED_NOT_YET_ADMITTED
TP07F491,0C:CE64:0:0:0,0x064E64,A8,TAY,IMP,UNKNOWN,UNKNOWN,NONE,V05C-contexts.csv,SOURCE_PROVED_NOT_YET_ADMITTED
TP07F491,0C:CE65:0:0:0,0x064E65,98,TYA,IMP,UNKNOWN,UNKNOWN,NONE,V05C-contexts.csv,SOURCE_PROVED_NOT_YET_ADMITTED
TP07F491,0C:CE66:0:0:0,0x064E66,A93C00,LDA,IMM_M,UNKNOWN,UNKNOWN,NONE,V05C-contexts.csv,SOURCE_PROVED_NOT_YET_ADMITTED
TP07F491,0C:CE69:0:0:0,0x064E69,22A78004,JSL,ABSL_JUMP,UNKNOWN,0,NONE,V05C-contexts.csv,SOURCE_PROVED_NOT_YET_ADMITTED
TP07F491,0C:CE6D:0:0:0,0x064E6D,A8,TAY,IMP,UNKNOWN,UNKNOWN,NONE,V05C-contexts.csv,SOURCE_PROVED_NOT_YET_ADMITTED
TP07F491,0C:CE6E:0:0:0,0x064E6E,18,CLC,IMP,UNKNOWN,UNKNOWN,NONE,V05C-contexts.csv,SOURCE_PROVED_NOT_YET_ADMITTED
TP07F491,0C:CE6F:0:0:0,0x064E6F,693400,ADC,IMM_M,0,UNKNOWN,NONE,V05C-contexts.csv,SOURCE_PROVED_NOT_YET_ADMITTED
TP07F491,0C:CE72:0:0:0,0x064E72,A8,TAY,IMP,UNKNOWN,UNKNOWN,NONE,V05C-contexts.csv,SOURCE_PROVED_NOT_YET_ADMITTED
TP07F491,0C:CE73:0:0:0,0x064E73,B731,LDA,DP_IND_LONG_Y,UNKNOWN,UNKNOWN,NONE,V05C-contexts.csv,SOURCE_PROVED_NOT_YET_ADMITTED
TP07F491,0C:CE75:0:0:0,0x064E75,18,CLC,IMP,UNKNOWN,UNKNOWN,NONE,V05C-contexts.csv,SOURCE_PROVED_NOT_YET_ADMITTED
TP07F491,0C:CE76:0:0:0,0x064E76,6D1704,ADC,ABS,0,UNKNOWN,DBR:0417,V05C-contexts.csv,SOURCE_PROVED_NOT_YET_ADMITTED
TP07F491,0C:CE79:0:0:0,0x064E79,9731,STA,DP_IND_LONG_Y,UNKNOWN,UNKNOWN,NONE,V05C-contexts.csv,SOURCE_PROVED_NOT_YET_ADMITTED
TP07F491,0C:CE7B:0:0:0,0x064E7B,AD8A07,LDA,ABS,UNKNOWN,UNKNOWN,DBR:078A,V05C-contexts.csv,SOURCE_PROVED_NOT_YET_ADMITTED
TP07F491,0C:CE7E:0:0:0,0x064E7E,18,CLC,IMP,UNKNOWN,UNKNOWN,NONE,V05C-contexts.csv,SOURCE_PROVED_NOT_YET_ADMITTED
TP07F491,0C:CE7F:0:0:0,0x064E7F,693A00,ADC,IMM_M,0,UNKNOWN,NONE,V05C-contexts.csv,SOURCE_PROVED_NOT_YET_ADMITTED
TP07F491,0C:CE82:0:0:0,0x064E82,A8,TAY,IMP,UNKNOWN,UNKNOWN,NONE,V05C-contexts.csv,SOURCE_PROVED_NOT_YET_ADMITTED
TP07F491,0C:CE83:0:0:0,0x064E83,E220,SEP,IMM8,UNKNOWN,UNKNOWN,NONE,V05C-contexts.csv,SOURCE_PROVED_NOT_YET_ADMITTED
TP07F491,0C:CE85:0:1:0,0x064E85,C210,REP,IMM8,UNKNOWN,UNKNOWN,NONE,V05C-contexts.csv,SOURCE_PROVED_NOT_YET_ADMITTED
TP07F491,0C:CE87:0:1:0,0x064E87,AD1704,LDA,ABS,UNKNOWN,UNKNOWN,DBR:0417,V05C-contexts.csv,SOURCE_PROVED_NOT_YET_ADMITTED
TP07F491,0C:CE8A:0:1:0,0x064E8A,9731,STA,DP_IND_LONG_Y,UNKNOWN,UNKNOWN,NONE,V05C-contexts.csv,SOURCE_PROVED_NOT_YET_ADMITTED
TP07F491,0C:CE8C:0:1:0,0x064E8C,C230,REP,IMM8,UNKNOWN,UNKNOWN,NONE,V05C-contexts.csv,SOURCE_PROVED_NOT_YET_ADMITTED
TP07F491,0C:CE8E:0:0:0,0x064E8E,AC1704,LDY,ABS,UNKNOWN,UNKNOWN,DBR:0417,V05C-contexts.csv,SOURCE_PROVED_NOT_YET_ADMITTED
TP07F491,0C:CE91:0:0:0,0x064E91,98,TYA,IMP,UNKNOWN,UNKNOWN,NONE,V05C-contexts.csv,SOURCE_PROVED_NOT_YET_ADMITTED
TP07F491,0C:CE92:0:0:0,0x064E92,A90500,LDA,IMM_M,UNKNOWN,UNKNOWN,NONE,V05C-contexts.csv,SOURCE_PROVED_NOT_YET_ADMITTED
TP07F491,0C:CE95:0:0:0,0x064E95,22A78004,JSL,ABSL_JUMP,UNKNOWN,0,NONE,V05C-contexts.csv,SOURCE_PROVED_NOT_YET_ADMITTED
TP07F491,0C:CE99:0:0:0,0x064E99,A8,TAY,IMP,UNKNOWN,UNKNOWN,NONE,V05C-contexts.csv,SOURCE_PROVED_NOT_YET_ADMITTED
TP07F491,0C:CE9A:0:0:0,0x064E9A,18,CLC,IMP,UNKNOWN,UNKNOWN,NONE,V05C-contexts.csv,SOURCE_PROVED_NOT_YET_ADMITTED
TP07F491,0C:CE9B:0:0:0,0x064E9B,690400,ADC,IMM_M,0,UNKNOWN,NONE,V05C-contexts.csv,SOURCE_PROVED_NOT_YET_ADMITTED
TP07F491,0C:CE9E:0:0:0,0x064E9E,A8,TAY,IMP,UNKNOWN,UNKNOWN,NONE,V05C-contexts.csv,SOURCE_PROVED_NOT_YET_ADMITTED
TP07F491,0C:CE9F:0:0:0,0x064E9F,B71F,LDA,DP_IND_LONG_Y,UNKNOWN,UNKNOWN,NONE,V05C-contexts.csv,SOURCE_PROVED_NOT_YET_ADMITTED
TP07F491,0C:CEA1:0:0:0,0x064EA1,29FF00,AND,IMM_M,UNKNOWN,UNKNOWN,NONE,V05C-contexts.csv,SOURCE_PROVED_NOT_YET_ADMITTED
TP07F491,0C:CEA4:0:0:0,0x064EA4,A8,TAY,IMP,UNKNOWN,UNKNOWN,NONE,V05C-contexts.csv,SOURCE_PROVED_NOT_YET_ADMITTED
TP07F491,0C:CEA5:0:0:0,0x064EA5,98,TYA,IMP,UNKNOWN,UNKNOWN,NONE,V05C-contexts.csv,SOURCE_PROVED_NOT_YET_ADMITTED
TP07F491,0C:CEA6:0:0:0,0x064EA6,A93C00,LDA,IMM_M,UNKNOWN,UNKNOWN,NONE,V05C-contexts.csv,SOURCE_PROVED_NOT_YET_ADMITTED
TP07F491,0C:CEA9:0:0:0,0x064EA9,22A78004,JSL,ABSL_JUMP,UNKNOWN,0,NONE,V05C-contexts.csv,SOURCE_PROVED_NOT_YET_ADMITTED
TP07F491,0C:CEAD:0:0:0,0x064EAD,A8,TAY,IMP,UNKNOWN,UNKNOWN,NONE,V05C-contexts.csv,SOURCE_PROVED_NOT_YET_ADMITTED
TP07F491,0C:CEAE:0:0:0,0x064EAE,18,CLC,IMP,UNKNOWN,UNKNOWN,NONE,V05C-contexts.csv,SOURCE_PROVED_NOT_YET_ADMITTED
TP07F491,0C:CEAF:0:0:0,0x064EAF,693400,ADC,IMM_M,0,UNKNOWN,NONE,V05C-contexts.csv,SOURCE_PROVED_NOT_YET_ADMITTED
TP07F491,0C:CEB2:0:0:0,0x064EB2,A8,TAY,IMP,UNKNOWN,UNKNOWN,NONE,V05C-contexts.csv,SOURCE_PROVED_NOT_YET_ADMITTED
TP07F491,0C:CEB3:0:0:0,0x064EB3,B731,LDA,DP_IND_LONG_Y,UNKNOWN,UNKNOWN,NONE,V05C-contexts.csv,SOURCE_PROVED_NOT_YET_ADMITTED
TP07F491,0C:CEB5:0:0:0,0x064EB5,18,CLC,IMP,UNKNOWN,UNKNOWN,NONE,V05C-contexts.csv,SOURCE_PROVED_NOT_YET_ADMITTED
TP07F491,0C:CEB6:0:0:0,0x064EB6,6D1704,ADC,ABS,0,UNKNOWN,DBR:0417,V05C-contexts.csv,SOURCE_PROVED_NOT_YET_ADMITTED
TP07F491,0C:CEB9:0:0:0,0x064EB9,9731,STA,DP_IND_LONG_Y,UNKNOWN,UNKNOWN,NONE,V05C-contexts.csv,SOURCE_PROVED_NOT_YET_ADMITTED
TP07F491,0C:CEBB:0:0:0,0x064EBB,AD8A07,LDA,ABS,UNKNOWN,UNKNOWN,DBR:078A,V05C-contexts.csv,SOURCE_PROVED_NOT_YET_ADMITTED
TP07F491,0C:CEBE:0:0:0,0x064EBE,18,CLC,IMP,UNKNOWN,UNKNOWN,NONE,V05C-contexts.csv,SOURCE_PROVED_NOT_YET_ADMITTED
TP07F491,0C:CEBF:0:0:0,0x064EBF,693700,ADC,IMM_M,0,UNKNOWN,NONE,V05C-contexts.csv,SOURCE_PROVED_NOT_YET_ADMITTED
TP07F491,0C:CEC2:0:0:0,0x064EC2,A8,TAY,IMP,UNKNOWN,UNKNOWN,NONE,V05C-contexts.csv,SOURCE_PROVED_NOT_YET_ADMITTED
TP07F491,0C:CEC3:0:0:0,0x064EC3,E220,SEP,IMM8,UNKNOWN,UNKNOWN,NONE,V05C-contexts.csv,SOURCE_PROVED_NOT_YET_ADMITTED
TP07F491,0C:CEC5:0:1:0,0x064EC5,C210,REP,IMM8,UNKNOWN,UNKNOWN,NONE,V05C-contexts.csv,SOURCE_PROVED_NOT_YET_ADMITTED
TP07F491,0C:CEC7:0:1:0,0x064EC7,AD1704,LDA,ABS,UNKNOWN,UNKNOWN,DBR:0417,V05C-contexts.csv,SOURCE_PROVED_NOT_YET_ADMITTED
TP07F491,0C:CECA:0:1:0,0x064ECA,9731,STA,DP_IND_LONG_Y,UNKNOWN,UNKNOWN,NONE,V05C-contexts.csv,SOURCE_PROVED_NOT_YET_ADMITTED
TP07F491,0C:CECC:0:1:0,0x064ECC,C230,REP,IMM8,UNKNOWN,UNKNOWN,NONE,V05C-contexts.csv,SOURCE_PROVED_NOT_YET_ADMITTED
TP07F491,0C:CECE:0:0:0,0x064ECE,AC1704,LDY,ABS,UNKNOWN,UNKNOWN,DBR:0417,V05C-contexts.csv,SOURCE_PROVED_NOT_YET_ADMITTED
TP07F491,0C:CED1:0:0:0,0x064ED1,98,TYA,IMP,UNKNOWN,UNKNOWN,NONE,V05C-contexts.csv,SOURCE_PROVED_NOT_YET_ADMITTED
TP07F491,0C:CED2:0:0:0,0x064ED2,A90500,LDA,IMM_M,UNKNOWN,UNKNOWN,NONE,V05C-contexts.csv,SOURCE_PROVED_NOT_YET_ADMITTED
TP07F491,0C:CED5:0:0:0,0x064ED5,22A78004,JSL,ABSL_JUMP,UNKNOWN,0,NONE,V05C-contexts.csv,SOURCE_PROVED_NOT_YET_ADMITTED
TP07F491,0C:CED9:0:0:0,0x064ED9,A8,TAY,IMP,UNKNOWN,UNKNOWN,NONE,V05C-contexts.csv,SOURCE_PROVED_NOT_YET_ADMITTED
TP07F491,0C:CEDA:0:0:0,0x064EDA,18,CLC,IMP,UNKNOWN,UNKNOWN,NONE,V05C-contexts.csv,SOURCE_PROVED_NOT_YET_ADMITTED
TP07F491,0C:CEDB:0:0:0,0x064EDB,690400,ADC,IMM_M,0,UNKNOWN,NONE,V05C-contexts.csv,SOURCE_PROVED_NOT_YET_ADMITTED
TP07F491,0C:CEDE:0:0:0,0x064EDE,A8,TAY,IMP,UNKNOWN,UNKNOWN,NONE,V05C-contexts.csv,SOURCE_PROVED_NOT_YET_ADMITTED
TP07F491,0C:CEDF:0:0:0,0x064EDF,B722,LDA,DP_IND_LONG_Y,UNKNOWN,UNKNOWN,NONE,V05C-contexts.csv,SOURCE_PROVED_NOT_YET_ADMITTED
TP07F491,0C:CEE1:0:0:0,0x064EE1,29FF00,AND,IMM_M,UNKNOWN,UNKNOWN,NONE,V05C-contexts.csv,SOURCE_PROVED_NOT_YET_ADMITTED
TP07F491,0C:CEE4:0:0:0,0x064EE4,A8,TAY,IMP,UNKNOWN,UNKNOWN,NONE,V05C-contexts.csv,SOURCE_PROVED_NOT_YET_ADMITTED
TP07F491,0C:CEE5:0:0:0,0x064EE5,98,TYA,IMP,UNKNOWN,UNKNOWN,NONE,V05C-contexts.csv,SOURCE_PROVED_NOT_YET_ADMITTED
TP07F491,0C:CEE6:0:0:0,0x064EE6,A93C00,LDA,IMM_M,UNKNOWN,UNKNOWN,NONE,V05C-contexts.csv,SOURCE_PROVED_NOT_YET_ADMITTED
TP07F491,0C:CEE9:0:0:0,0x064EE9,22A78004,JSL,ABSL_JUMP,UNKNOWN,0,NONE,V05C-contexts.csv,SOURCE_PROVED_NOT_YET_ADMITTED
TP07F491,0C:CEED:0:0:0,0x064EED,A8,TAY,IMP,UNKNOWN,UNKNOWN,NONE,V05C-contexts.csv,SOURCE_PROVED_NOT_YET_ADMITTED
TP07F491,0C:CEEE:0:0:0,0x064EEE,18,CLC,IMP,UNKNOWN,UNKNOWN,NONE,V05C-contexts.csv,SOURCE_PROVED_NOT_YET_ADMITTED
TP07F491,0C:CEEF:0:0:0,0x064EEF,693400,ADC,IMM_M,0,UNKNOWN,NONE,V05C-contexts.csv,SOURCE_PROVED_NOT_YET_ADMITTED
TP07F491,0C:CEF2:0:0:0,0x064EF2,A8,TAY,IMP,UNKNOWN,UNKNOWN,NONE,V05C-contexts.csv,SOURCE_PROVED_NOT_YET_ADMITTED
TP07F491,0C:CEF3:0:0:0,0x064EF3,B731,LDA,DP_IND_LONG_Y,UNKNOWN,UNKNOWN,NONE,V05C-contexts.csv,SOURCE_PROVED_NOT_YET_ADMITTED
TP07F491,0C:CEF5:0:0:0,0x064EF5,18,CLC,IMP,UNKNOWN,UNKNOWN,NONE,V05C-contexts.csv,SOURCE_PROVED_NOT_YET_ADMITTED
TP07F491,0C:CEF6:0:0:0,0x064EF6,6D1704,ADC,ABS,0,UNKNOWN,DBR:0417,V05C-contexts.csv,SOURCE_PROVED_NOT_YET_ADMITTED
TP07F491,0C:CEF9:0:0:0,0x064EF9,9731,STA,DP_IND_LONG_Y,UNKNOWN,UNKNOWN,NONE,V05C-contexts.csv,SOURCE_PROVED_NOT_YET_ADMITTED
TP07F491,0C:CEFB:0:0:0,0x064EFB,AD8A07,LDA,ABS,UNKNOWN,UNKNOWN,DBR:078A,V05C-contexts.csv,SOURCE_PROVED_NOT_YET_ADMITTED
TP07F491,0C:CEFE:0:0:0,0x064EFE,18,CLC,IMP,UNKNOWN,UNKNOWN,NONE,V05C-contexts.csv,SOURCE_PROVED_NOT_YET_ADMITTED
TP07F491,0C:CEFF:0:0:0,0x064EFF,693800,ADC,IMM_M,0,UNKNOWN,NONE,V05C-contexts.csv,SOURCE_PROVED_NOT_YET_ADMITTED
TP07F491,0C:CF02:0:0:0,0x064F02,A8,TAY,IMP,UNKNOWN,UNKNOWN,NONE,V05C-contexts.csv,SOURCE_PROVED_NOT_YET_ADMITTED
TP07F491,0C:CF03:0:0:0,0x064F03,E220,SEP,IMM8,UNKNOWN,UNKNOWN,NONE,V05C-contexts.csv,SOURCE_PROVED_NOT_YET_ADMITTED
TP07F491,0C:CF05:0:1:0,0x064F05,C210,REP,IMM8,UNKNOWN,UNKNOWN,NONE,V05C-contexts.csv,SOURCE_PROVED_NOT_YET_ADMITTED
TP07F491,0C:CF07:0:1:0,0x064F07,AD1704,LDA,ABS,UNKNOWN,UNKNOWN,DBR:0417,V05C-contexts.csv,SOURCE_PROVED_NOT_YET_ADMITTED
TP07F491,0C:CF0A:0:1:0,0x064F0A,9731,STA,DP_IND_LONG_Y,UNKNOWN,UNKNOWN,NONE,V05C-contexts.csv,SOURCE_PROVED_NOT_YET_ADMITTED
TP07F491,0C:CF0C:0:1:0,0x064F0C,C230,REP,IMM8,UNKNOWN,UNKNOWN,NONE,V05C-contexts.csv,SOURCE_PROVED_NOT_YET_ADMITTED
TP07F491,0C:CF0E:0:0:0,0x064F0E,AC1704,LDY,ABS,UNKNOWN,UNKNOWN,DBR:0417,V05C-contexts.csv,SOURCE_PROVED_NOT_YET_ADMITTED
TP07F491,0C:CF11:0:0:0,0x064F11,98,TYA,IMP,UNKNOWN,UNKNOWN,NONE,V05C-contexts.csv,SOURCE_PROVED_NOT_YET_ADMITTED
TP07F491,0C:CF12:0:0:0,0x064F12,A90500,LDA,IMM_M,UNKNOWN,UNKNOWN,NONE,V05C-contexts.csv,SOURCE_PROVED_NOT_YET_ADMITTED
TP07F491,0C:CF15:0:0:0,0x064F15,22A78004,JSL,ABSL_JUMP,UNKNOWN,0,NONE,V05C-contexts.csv,SOURCE_PROVED_NOT_YET_ADMITTED
TP07F491,0C:CF19:0:0:0,0x064F19,A8,TAY,IMP,UNKNOWN,UNKNOWN,NONE,V05C-contexts.csv,SOURCE_PROVED_NOT_YET_ADMITTED
TP07F491,0C:CF1A:0:0:0,0x064F1A,18,CLC,IMP,UNKNOWN,UNKNOWN,NONE,V05C-contexts.csv,SOURCE_PROVED_NOT_YET_ADMITTED
TP07F491,0C:CF1B:0:0:0,0x064F1B,690400,ADC,IMM_M,0,UNKNOWN,NONE,V05C-contexts.csv,SOURCE_PROVED_NOT_YET_ADMITTED
TP07F491,0C:CF1E:0:0:0,0x064F1E,A8,TAY,IMP,UNKNOWN,UNKNOWN,NONE,V05C-contexts.csv,SOURCE_PROVED_NOT_YET_ADMITTED
TP07F491,0C:CF1F:0:0:0,0x064F1F,B725,LDA,DP_IND_LONG_Y,UNKNOWN,UNKNOWN,NONE,V05C-contexts.csv,SOURCE_PROVED_NOT_YET_ADMITTED
TP07F491,0C:CF21:0:0:0,0x064F21,29FF00,AND,IMM_M,UNKNOWN,UNKNOWN,NONE,V05C-contexts.csv,SOURCE_PROVED_NOT_YET_ADMITTED
TP07F491,0C:CF24:0:0:0,0x064F24,A8,TAY,IMP,UNKNOWN,UNKNOWN,NONE,V05C-contexts.csv,SOURCE_PROVED_NOT_YET_ADMITTED
TP07F491,0C:CF25:0:0:0,0x064F25,98,TYA,IMP,UNKNOWN,UNKNOWN,NONE,V05C-contexts.csv,SOURCE_PROVED_NOT_YET_ADMITTED
TP07F491,0C:CF26:0:0:0,0x064F26,A93C00,LDA,IMM_M,UNKNOWN,UNKNOWN,NONE,V05C-contexts.csv,SOURCE_PROVED_NOT_YET_ADMITTED
TP07F491,0C:CF29:0:0:0,0x064F29,22A78004,JSL,ABSL_JUMP,UNKNOWN,0,NONE,V05C-contexts.csv,SOURCE_PROVED_NOT_YET_ADMITTED
TP07F491,0C:CF2D:0:0:0,0x064F2D,A8,TAY,IMP,UNKNOWN,UNKNOWN,NONE,V05C-contexts.csv,SOURCE_PROVED_NOT_YET_ADMITTED
TP07F491,0C:CF2E:0:0:0,0x064F2E,18,CLC,IMP,UNKNOWN,UNKNOWN,NONE,V05C-contexts.csv,SOURCE_PROVED_NOT_YET_ADMITTED
TP07F491,0C:CF2F:0:0:0,0x064F2F,693400,ADC,IMM_M,0,UNKNOWN,NONE,V05C-contexts.csv,SOURCE_PROVED_NOT_YET_ADMITTED
TP07F491,0C:CF32:0:0:0,0x064F32,A8,TAY,IMP,UNKNOWN,UNKNOWN,NONE,V05C-contexts.csv,SOURCE_PROVED_NOT_YET_ADMITTED
TP07F491,0C:CF33:0:0:0,0x064F33,B731,LDA,DP_IND_LONG_Y,UNKNOWN,UNKNOWN,NONE,V05C-contexts.csv,SOURCE_PROVED_NOT_YET_ADMITTED
TP07F491,0C:CF35:0:0:0,0x064F35,18,CLC,IMP,UNKNOWN,UNKNOWN,NONE,V05C-contexts.csv,SOURCE_PROVED_NOT_YET_ADMITTED
TP07F491,0C:CF36:0:0:0,0x064F36,6D1704,ADC,ABS,0,UNKNOWN,DBR:0417,V05C-contexts.csv,SOURCE_PROVED_NOT_YET_ADMITTED
TP07F491,0C:CF39:0:0:0,0x064F39,9731,STA,DP_IND_LONG_Y,UNKNOWN,UNKNOWN,NONE,V05C-contexts.csv,SOURCE_PROVED_NOT_YET_ADMITTED
TP07F491,0C:CF3B:0:0:0,0x064F3B,AD8A07,LDA,ABS,UNKNOWN,UNKNOWN,DBR:078A,V05C-contexts.csv,SOURCE_PROVED_NOT_YET_ADMITTED
TP07F491,0C:CF3E:0:0:0,0x064F3E,18,CLC,IMP,UNKNOWN,UNKNOWN,NONE,V05C-contexts.csv,SOURCE_PROVED_NOT_YET_ADMITTED
TP07F491,0C:CF3F:0:0:0,0x064F3F,693B00,ADC,IMM_M,0,UNKNOWN,NONE,V05C-contexts.csv,SOURCE_PROVED_NOT_YET_ADMITTED
TP07F491,0C:CF42:0:0:0,0x064F42,A8,TAY,IMP,UNKNOWN,UNKNOWN,NONE,V05C-contexts.csv,SOURCE_PROVED_NOT_YET_ADMITTED
TP07F491,0C:CF43:0:0:0,0x064F43,E220,SEP,IMM8,UNKNOWN,UNKNOWN,NONE,V05C-contexts.csv,SOURCE_PROVED_NOT_YET_ADMITTED
TP07F491,0C:CF45:0:1:0,0x064F45,C210,REP,IMM8,UNKNOWN,UNKNOWN,NONE,V05C-contexts.csv,SOURCE_PROVED_NOT_YET_ADMITTED
TP07F491,0C:CF47:0:1:0,0x064F47,AD1704,LDA,ABS,UNKNOWN,UNKNOWN,DBR:0417,V05C-contexts.csv,SOURCE_PROVED_NOT_YET_ADMITTED
TP07F491,0C:CF4A:0:1:0,0x064F4A,9731,STA,DP_IND_LONG_Y,UNKNOWN,UNKNOWN,NONE,V05C-contexts.csv,SOURCE_PROVED_NOT_YET_ADMITTED
TP07F491,0C:CF4C:0:1:0,0x064F4C,C230,REP,IMM8,UNKNOWN,UNKNOWN,NONE,V05C-contexts.csv,SOURCE_PROVED_NOT_YET_ADMITTED
TP07F491,0C:CF4E:0:0:0,0x064F4E,AC1704,LDY,ABS,UNKNOWN,UNKNOWN,DBR:0417,V05C-contexts.csv,SOURCE_PROVED_NOT_YET_ADMITTED
TP07F491,0C:CF51:0:0:0,0x064F51,98,TYA,IMP,UNKNOWN,UNKNOWN,NONE,V05C-contexts.csv,SOURCE_PROVED_NOT_YET_ADMITTED
TP07F491,0C:CF52:0:0:0,0x064F52,A90500,LDA,IMM_M,UNKNOWN,UNKNOWN,NONE,V05C-contexts.csv,SOURCE_PROVED_NOT_YET_ADMITTED
TP07F491,0C:CF55:0:0:0,0x064F55,22A78004,JSL,ABSL_JUMP,UNKNOWN,0,NONE,V05C-contexts.csv,SOURCE_PROVED_NOT_YET_ADMITTED
TP07F491,0C:CF59:0:0:0,0x064F59,A8,TAY,IMP,UNKNOWN,UNKNOWN,NONE,V05C-contexts.csv,SOURCE_PROVED_NOT_YET_ADMITTED
TP07F491,0C:CF5A:0:0:0,0x064F5A,18,CLC,IMP,UNKNOWN,UNKNOWN,NONE,V05C-contexts.csv,SOURCE_PROVED_NOT_YET_ADMITTED
TP07F491,0C:CF5B:0:0:0,0x064F5B,690400,ADC,IMM_M,0,UNKNOWN,NONE,V05C-contexts.csv,SOURCE_PROVED_NOT_YET_ADMITTED
TP07F491,0C:CF5E:0:0:0,0x064F5E,A8,TAY,IMP,UNKNOWN,UNKNOWN,NONE,V05C-contexts.csv,SOURCE_PROVED_NOT_YET_ADMITTED
TP07F491,0C:CF5F:0:0:0,0x064F5F,B728,LDA,DP_IND_LONG_Y,UNKNOWN,UNKNOWN,NONE,V05C-contexts.csv,SOURCE_PROVED_NOT_YET_ADMITTED
TP07F491,0C:CF61:0:0:0,0x064F61,29FF00,AND,IMM_M,UNKNOWN,UNKNOWN,NONE,V05C-contexts.csv,SOURCE_PROVED_NOT_YET_ADMITTED
TP07F491,0C:CF64:0:0:0,0x064F64,A8,TAY,IMP,UNKNOWN,UNKNOWN,NONE,V05C-contexts.csv,SOURCE_PROVED_NOT_YET_ADMITTED
TP07F491,0C:CF65:0:0:0,0x064F65,98,TYA,IMP,UNKNOWN,UNKNOWN,NONE,V05C-contexts.csv,SOURCE_PROVED_NOT_YET_ADMITTED
TP07F491,0C:CF66:0:0:0,0x064F66,A93C00,LDA,IMM_M,UNKNOWN,UNKNOWN,NONE,V05C-contexts.csv,SOURCE_PROVED_NOT_YET_ADMITTED
TP07F491,0C:CF69:0:0:0,0x064F69,22A78004,JSL,ABSL_JUMP,UNKNOWN,0,NONE,V05C-contexts.csv,SOURCE_PROVED_NOT_YET_ADMITTED
TP07F491,0C:CF6D:0:0:0,0x064F6D,A8,TAY,IMP,UNKNOWN,UNKNOWN,NONE,V05C-contexts.csv,SOURCE_PROVED_NOT_YET_ADMITTED
TP07F491,0C:CF6E:0:0:0,0x064F6E,18,CLC,IMP,UNKNOWN,UNKNOWN,NONE,V05C-contexts.csv,SOURCE_PROVED_NOT_YET_ADMITTED
TP07F491,0C:CF6F:0:0:0,0x064F6F,693400,ADC,IMM_M,0,UNKNOWN,NONE,V05C-contexts.csv,SOURCE_PROVED_NOT_YET_ADMITTED
TP07F491,0C:CF72:0:0:0,0x064F72,A8,TAY,IMP,UNKNOWN,UNKNOWN,NONE,V05C-contexts.csv,SOURCE_PROVED_NOT_YET_ADMITTED
TP07F491,0C:CF73:0:0:0,0x064F73,B731,LDA,DP_IND_LONG_Y,UNKNOWN,UNKNOWN,NONE,V05C-contexts.csv,SOURCE_PROVED_NOT_YET_ADMITTED
TP07F491,0C:CF75:0:0:0,0x064F75,18,CLC,IMP,UNKNOWN,UNKNOWN,NONE,V05C-contexts.csv,SOURCE_PROVED_NOT_YET_ADMITTED
TP07F491,0C:CF76:0:0:0,0x064F76,6D1704,ADC,ABS,0,UNKNOWN,DBR:0417,V05C-contexts.csv,SOURCE_PROVED_NOT_YET_ADMITTED
TP07F491,0C:CF79:0:0:0,0x064F79,9731,STA,DP_IND_LONG_Y,UNKNOWN,UNKNOWN,NONE,V05C-contexts.csv,SOURCE_PROVED_NOT_YET_ADMITTED
TP07F491,0C:CF7B:0:0:0,0x064F7B,AD8A07,LDA,ABS,UNKNOWN,UNKNOWN,DBR:078A,V05C-contexts.csv,SOURCE_PROVED_NOT_YET_ADMITTED
TP07F491,0C:CF7E:0:0:0,0x064F7E,18,CLC,IMP,UNKNOWN,UNKNOWN,NONE,V05C-contexts.csv,SOURCE_PROVED_NOT_YET_ADMITTED
TP07F491,0C:CF7F:0:0:0,0x064F7F,693900,ADC,IMM_M,0,UNKNOWN,NONE,V05C-contexts.csv,SOURCE_PROVED_NOT_YET_ADMITTED
TP07F491,0C:CF82:0:0:0,0x064F82,A8,TAY,IMP,UNKNOWN,UNKNOWN,NONE,V05C-contexts.csv,SOURCE_PROVED_NOT_YET_ADMITTED
TP07F491,0C:CF83:0:0:0,0x064F83,E220,SEP,IMM8,UNKNOWN,UNKNOWN,NONE,V05C-contexts.csv,SOURCE_PROVED_NOT_YET_ADMITTED
TP07F491,0C:CF85:0:1:0,0x064F85,C210,REP,IMM8,UNKNOWN,UNKNOWN,NONE,V05C-contexts.csv,SOURCE_PROVED_NOT_YET_ADMITTED
TP07F491,0C:CF87:0:1:0,0x064F87,AD1704,LDA,ABS,UNKNOWN,UNKNOWN,DBR:0417,V05C-contexts.csv,SOURCE_PROVED_NOT_YET_ADMITTED
TP07F491,0C:CF8A:0:1:0,0x064F8A,9731,STA,DP_IND_LONG_Y,UNKNOWN,UNKNOWN,NONE,V05C-contexts.csv,SOURCE_PROVED_NOT_YET_ADMITTED
TP07F491,0C:CF8C:0:1:0,0x064F8C,C230,REP,IMM8,UNKNOWN,UNKNOWN,NONE,V05C-contexts.csv,SOURCE_PROVED_NOT_YET_ADMITTED
TP07F491,0C:CF8E:0:0:0,0x064F8E,EE1704,INC,ABS,UNKNOWN,UNKNOWN,DBR:0417,V05C-contexts.csv,SOURCE_PROVED_NOT_YET_ADMITTED
TP07F491,0C:CF91:0:0:0,0x064F91,826CFE,BRL,REL16,UNKNOWN,UNKNOWN,NONE,V05C-contexts.csv,SOURCE_PROVED_NOT_YET_ADMITTED
TP07F491,0C:CF94:0:0:0,0x064F94,822301,BRL,REL16,1,UNKNOWN,NONE,V05C-contexts.csv,SOURCE_PROVED_NOT_YET_ADMITTED
TP07F491,0C:CF97:0:1:1,0x064F97,C230,REP,IMM8,UNKNOWN,1,NONE,V05C-contexts.csv,SOURCE_PROVED_NOT_YET_ADMITTED
TP07F491,0C:CF99:0:0:0,0x064F99,A91000,LDA,IMM_M,UNKNOWN,1,NONE,V05C-contexts.csv,SOURCE_PROVED_NOT_YET_ADMITTED
TP07F491,0C:CF9C:0:0:0,0x064F9C,8D1104,STA,ABS,UNKNOWN,0,DBR:0411,V05C-contexts.csv,SOURCE_PROVED_NOT_YET_ADMITTED
TP07F491,0C:CF9F:0:0:0,0x064F9F,2283E10C,JSL,ABSL_JUMP,UNKNOWN,0,NONE,V05C-contexts.csv,SOURCE_PROVED_NOT_YET_ADMITTED
TP07F491,0C:CFA3:0:1:0,0x064FA3,E210,SEP,IMM8,UNKNOWN|1,0,NONE,V05C-contexts.csv,SOURCE_PROVED_NOT_YET_ADMITTED
TP07F491,0C:CFA5:0:1:1,0x064FA5,C220,REP,IMM8,UNKNOWN|1,0,NONE,V05C-contexts.csv,SOURCE_PROVED_NOT_YET_ADMITTED
TP07F491,0C:CFA7:0:0:1,0x064FA7,A940FA,LDA,IMM_M,UNKNOWN|1,0,NONE,V05C-contexts.csv,SOURCE_PROVED_NOT_YET_ADMITTED
TP07F491,0C:CFAA:0:0:1,0x064FAA,A21D,LDX,IMM_X,UNKNOWN|1,0,NONE,V05C-contexts.csv,SOURCE_PROVED_NOT_YET_ADMITTED
TP07F491,0C:CFAC:0:0:1,0x064FAC,22688207,JSL,ABSL_JUMP,UNKNOWN|1,0,NONE,V05C-contexts.csv,SOURCE_PROVED_NOT_YET_ADMITTED
TP07F491,0C:CFB0:0:0:1,0x064FB0,E210,SEP,IMM8,UNKNOWN|0|1,0,NONE,V05C-contexts.csv,SOURCE_PROVED_NOT_YET_ADMITTED
TP07F491,0C:CFB2:0:0:1,0x064FB2,C220,REP,IMM8,UNKNOWN|0|1,0,NONE,V05C-contexts.csv,SOURCE_PROVED_NOT_YET_ADMITTED
TP07F491,0C:CFB4:0:0:1,0x064FB4,A9C099,LDA,IMM_M,UNKNOWN|0|1,0,NONE,V05C-contexts.csv,SOURCE_PROVED_NOT_YET_ADMITTED
TP07F491,0C:CFB7:0:0:1,0x064FB7,8D8A07,STA,ABS,UNKNOWN|0|1,0,DBR:078A,V05C-contexts.csv,SOURCE_PROVED_NOT_YET_ADMITTED
TP07F491,0C:CFBA:0:0:1,0x064FBA,A21A,LDX,IMM_X,UNKNOWN|0|1,0,NONE,V05C-contexts.csv,SOURCE_PROVED_NOT_YET_ADMITTED
TP07F491,0C:CFBC:0:0:1,0x064FBC,8E8C07,STX,ABS,UNKNOWN|0|1,0,DBR:078C,V05C-contexts.csv,SOURCE_PROVED_NOT_YET_ADMITTED
TP07F491,0C:CFBF:0:0:1,0x064FBF,A900F2,LDA,IMM_M,UNKNOWN|0|1,0,NONE,V05C-contexts.csv,SOURCE_PROVED_NOT_YET_ADMITTED
TP07F491,0C:CFC2:0:0:1,0x064FC2,8D8E07,STA,ABS,UNKNOWN|0|1,0,DBR:078E,V05C-contexts.csv,SOURCE_PROVED_NOT_YET_ADMITTED
TP07F491,0C:CFC5:0:0:1,0x064FC5,A219,LDX,IMM_X,UNKNOWN|0|1,0,NONE,V05C-contexts.csv,SOURCE_PROVED_NOT_YET_ADMITTED
TP07F491,0C:CFC7:0:0:1,0x064FC7,8E9007,STX,ABS,UNKNOWN|0|1,0,DBR:0790,V05C-contexts.csv,SOURCE_PROVED_NOT_YET_ADMITTED
TP07F491,0C:CFCA:0:0:1,0x064FCA,22FCE10C,JSL,ABSL_JUMP,UNKNOWN|0|1,0,NONE,V05C-contexts.csv,SOURCE_PROVED_NOT_YET_ADMITTED
TP07F491,0C:CFCE:0:0:1,0x064FCE,E210,SEP,IMM8,UNKNOWN,UNKNOWN,NONE,V05C-contexts.csv,SOURCE_PROVED_NOT_YET_ADMITTED
TP07F491,0C:CFD0:0:0:1,0x064FD0,C220,REP,IMM8,UNKNOWN,UNKNOWN,NONE,V05C-contexts.csv,SOURCE_PROVED_NOT_YET_ADMITTED
TP07F491,0C:CFD2:0:0:1,0x064FD2,AD1900,LDA,ABS,UNKNOWN,UNKNOWN,DBR:0019,V05C-contexts.csv,SOURCE_PROVED_NOT_YET_ADMITTED
TP07F491,0C:CFD5:0:0:1,0x064FD5,8D8A07,STA,ABS,UNKNOWN,UNKNOWN,DBR:078A,V05C-contexts.csv,SOURCE_PROVED_NOT_YET_ADMITTED
TP07F491,0C:CFD8:0:0:1,0x064FD8,AE1B00,LDX,ABS,UNKNOWN,UNKNOWN,DBR:001B,V05C-contexts.csv,SOURCE_PROVED_NOT_YET_ADMITTED
TP07F491,0C:CFDB:0:0:1,0x064FDB,8E8C07,STX,ABS,UNKNOWN,UNKNOWN,DBR:078C,V05C-contexts.csv,SOURCE_PROVED_NOT_YET_ADMITTED
TP07F491,0C:CFDE:0:0:1,0x064FDE,A90800,LDA,IMM_M,UNKNOWN,UNKNOWN,NONE,V05C-contexts.csv,SOURCE_PROVED_NOT_YET_ADMITTED
TP07F491,0C:CFE1:0:0:1,0x064FE1,8D8E07,STA,ABS,UNKNOWN,0,DBR:078E,V05C-contexts.csv,SOURCE_PROVED_NOT_YET_ADMITTED
TP07F491,0C:CFE4:0:0:1,0x064FE4,A90700,LDA,IMM_M,UNKNOWN,0,NONE,V05C-contexts.csv,SOURCE_PROVED_NOT_YET_ADMITTED
TP07F491,0C:CFE7:0:0:1,0x064FE7,8D9207,STA,ABS,UNKNOWN,0,DBR:0792,V05C-contexts.csv,SOURCE_PROVED_NOT_YET_ADMITTED
TP07F491,0C:CFEA:0:0:1,0x064FEA,A92C00,LDA,IMM_M,UNKNOWN,0,NONE,V05C-contexts.csv,SOURCE_PROVED_NOT_YET_ADMITTED
TP07F491,0C:CFED:0:0:1,0x064FED,8D9607,STA,ABS,UNKNOWN,0,DBR:0796,V05C-contexts.csv,SOURCE_PROVED_NOT_YET_ADMITTED
TP07F491,0C:CFF0:0:0:1,0x064FF0,229DD70C,JSL,ABSL_JUMP,UNKNOWN,0,NONE,V05C-contexts.csv,SOURCE_PROVED_NOT_YET_ADMITTED
TP07F491,0C:CFF4:0:0:1,0x064FF4,E210,SEP,IMM8,UNKNOWN|1,UNKNOWN,NONE,V05C-contexts.csv,SOURCE_PROVED_NOT_YET_ADMITTED
TP07F491,0C:CFF6:0:0:1,0x064FF6,C220,REP,IMM8,UNKNOWN|1,UNKNOWN,NONE,V05C-contexts.csv,SOURCE_PROVED_NOT_YET_ADMITTED
TP07F491,0C:CFF8:0:0:1,0x064FF8,AD2800,LDA,ABS,UNKNOWN|1,UNKNOWN,DBR:0028,V05C-contexts.csv,SOURCE_PROVED_NOT_YET_ADMITTED
TP07F491,0C:CFFB:0:0:1,0x064FFB,8D8A07,STA,ABS,UNKNOWN|1,UNKNOWN,DBR:078A,V05C-contexts.csv,SOURCE_PROVED_NOT_YET_ADMITTED
TP07F491,0C:CFFE:0:0:1,0x064FFE,AE2A00,LDX,ABS,UNKNOWN|1,UNKNOWN,DBR:002A,V05C-contexts.csv,SOURCE_PROVED_NOT_YET_ADMITTED
TP07F491,0C:D001:0:0:1,0x065001,8E8C07,STX,ABS,UNKNOWN|1,UNKNOWN,DBR:078C,V05C-contexts.csv,SOURCE_PROVED_NOT_YET_ADMITTED
TP07F491,0C:D004:0:0:1,0x065004,A92800,LDA,IMM_M,UNKNOWN|1,UNKNOWN,NONE,V05C-contexts.csv,SOURCE_PROVED_NOT_YET_ADMITTED
TP07F491,0C:D007:0:0:1,0x065007,8D8E07,STA,ABS,UNKNOWN|1,0,DBR:078E,V05C-contexts.csv,SOURCE_PROVED_NOT_YET_ADMITTED
TP07F491,0C:D00A:0:0:1,0x06500A,A90700,LDA,IMM_M,UNKNOWN|1,0,NONE,V05C-contexts.csv,SOURCE_PROVED_NOT_YET_ADMITTED
TP07F491,0C:D00D:0:0:1,0x06500D,8D9207,STA,ABS,UNKNOWN|1,0,DBR:0792,V05C-contexts.csv,SOURCE_PROVED_NOT_YET_ADMITTED
TP07F491,0C:D010:0:0:1,0x065010,A92E00,LDA,IMM_M,UNKNOWN|1,0,NONE,V05C-contexts.csv,SOURCE_PROVED_NOT_YET_ADMITTED
TP07F491,0C:D013:0:0:1,0x065013,8D9607,STA,ABS,UNKNOWN|1,0,DBR:0796,V05C-contexts.csv,SOURCE_PROVED_NOT_YET_ADMITTED
TP07F491,0C:D016:0:0:1,0x065016,229DD70C,JSL,ABSL_JUMP,UNKNOWN|1,0,NONE,V05C-contexts.csv,SOURCE_PROVED_NOT_YET_ADMITTED
TP07F491,0C:D01A:0:0:1,0x06501A,E210,SEP,IMM8,UNKNOWN|1,UNKNOWN,NONE,V05C-contexts.csv,SOURCE_PROVED_NOT_YET_ADMITTED
TP07F491,0C:D01C:0:0:1,0x06501C,C220,REP,IMM8,UNKNOWN|1,UNKNOWN,NONE,V05C-contexts.csv,SOURCE_PROVED_NOT_YET_ADMITTED
TP07F491,0C:D01E:0:0:1,0x06501E,AD1F00,LDA,ABS,UNKNOWN|1,UNKNOWN,DBR:001F,V05C-contexts.csv,SOURCE_PROVED_NOT_YET_ADMITTED
TP07F491,0C:D021:0:0:1,0x065021,8D8A07,STA,ABS,UNKNOWN|1,UNKNOWN,DBR:078A,V05C-contexts.csv,SOURCE_PROVED_NOT_YET_ADMITTED
TP07F491,0C:D024:0:0:1,0x065024,AE2100,LDX,ABS,UNKNOWN|1,UNKNOWN,DBR:0021,V05C-contexts.csv,SOURCE_PROVED_NOT_YET_ADMITTED
TP07F491,0C:D027:0:0:1,0x065027,8E8C07,STX,ABS,UNKNOWN|1,UNKNOWN,DBR:078C,V05C-contexts.csv,SOURCE_PROVED_NOT_YET_ADMITTED
TP07F491,0C:D02A:0:0:1,0x06502A,A90800,LDA,IMM_M,UNKNOWN|1,UNKNOWN,NONE,V05C-contexts.csv,SOURCE_PROVED_NOT_YET_ADMITTED
TP07F491,0C:D02D:0:0:1,0x06502D,8D8E07,STA,ABS,UNKNOWN|1,0,DBR:078E,V05C-contexts.csv,SOURCE_PROVED_NOT_YET_ADMITTED
TP07F491,0C:D030:0:0:1,0x065030,A90E00,LDA,IMM_M,UNKNOWN|1,0,NONE,V05C-contexts.csv,SOURCE_PROVED_NOT_YET_ADMITTED
TP07F491,0C:D033:0:0:1,0x065033,8D9207,STA,ABS,UNKNOWN|1,0,DBR:0792,V05C-contexts.csv,SOURCE_PROVED_NOT_YET_ADMITTED
TP07F491,0C:D036:0:0:1,0x065036,A93000,LDA,IMM_M,UNKNOWN|1,0,NONE,V05C-contexts.csv,SOURCE_PROVED_NOT_YET_ADMITTED
TP07F491,0C:D039:0:0:1,0x065039,8D9607,STA,ABS,UNKNOWN|1,0,DBR:0796,V05C-contexts.csv,SOURCE_PROVED_NOT_YET_ADMITTED
TP07F491,0C:D03C:0:0:1,0x06503C,229DD70C,JSL,ABSL_JUMP,UNKNOWN|1,0,NONE,V05C-contexts.csv,SOURCE_PROVED_NOT_YET_ADMITTED
TP07F491,0C:D040:0:0:1,0x065040,E210,SEP,IMM8,UNKNOWN|1,UNKNOWN,NONE,V05C-contexts.csv,SOURCE_PROVED_NOT_YET_ADMITTED
TP07F491,0C:D042:0:0:1,0x065042,C220,REP,IMM8,UNKNOWN|1,UNKNOWN,NONE,V05C-contexts.csv,SOURCE_PROVED_NOT_YET_ADMITTED
TP07F491,0C:D044:0:0:1,0x065044,AD1C00,LDA,ABS,UNKNOWN|1,UNKNOWN,DBR:001C,V05C-contexts.csv,SOURCE_PROVED_NOT_YET_ADMITTED
TP07F491,0C:D047:0:0:1,0x065047,8D8A07,STA,ABS,UNKNOWN|1,UNKNOWN,DBR:078A,V05C-contexts.csv,SOURCE_PROVED_NOT_YET_ADMITTED
TP07F491,0C:D04A:0:0:1,0x06504A,AE1E00,LDX,ABS,UNKNOWN|1,UNKNOWN,DBR:001E,V05C-contexts.csv,SOURCE_PROVED_NOT_YET_ADMITTED
TP07F491,0C:D04D:0:0:1,0x06504D,8E8C07,STX,ABS,UNKNOWN|1,UNKNOWN,DBR:078C,V05C-contexts.csv,SOURCE_PROVED_NOT_YET_ADMITTED
TP07F491,0C:D050:0:0:1,0x065050,A92800,LDA,IMM_M,UNKNOWN|1,UNKNOWN,NONE,V05C-contexts.csv,SOURCE_PROVED_NOT_YET_ADMITTED
TP07F491,0C:D053:0:0:1,0x065053,8D8E07,STA,ABS,UNKNOWN|1,0,DBR:078E,V05C-contexts.csv,SOURCE_PROVED_NOT_YET_ADMITTED
TP07F491,0C:D056:0:0:1,0x065056,A90E00,LDA,IMM_M,UNKNOWN|1,0,NONE,V05C-contexts.csv,SOURCE_PROVED_NOT_YET_ADMITTED
TP07F491,0C:D059:0:0:1,0x065059,8D9207,STA,ABS,UNKNOWN|1,0,DBR:0792,V05C-contexts.csv,SOURCE_PROVED_NOT_YET_ADMITTED
TP07F491,0C:D05C:0:0:1,0x06505C,A93200,LDA,IMM_M,UNKNOWN|1,0,NONE,V05C-contexts.csv,SOURCE_PROVED_NOT_YET_ADMITTED
TP07F491,0C:D05F:0:0:1,0x06505F,8D9607,STA,ABS,UNKNOWN|1,0,DBR:0796,V05C-contexts.csv,SOURCE_PROVED_NOT_YET_ADMITTED
TP07F491,0C:D062:0:0:1,0x065062,229DD70C,JSL,ABSL_JUMP,UNKNOWN|1,0,NONE,V05C-contexts.csv,SOURCE_PROVED_NOT_YET_ADMITTED
TP07F491,0C:D066:0:0:1,0x065066,E210,SEP,IMM8,UNKNOWN|1,UNKNOWN,NONE,V05C-contexts.csv,SOURCE_PROVED_NOT_YET_ADMITTED
TP07F491,0C:D068:0:0:1,0x065068,C220,REP,IMM8,UNKNOWN|1,UNKNOWN,NONE,V05C-contexts.csv,SOURCE_PROVED_NOT_YET_ADMITTED
TP07F491,0C:D06A:0:0:1,0x06506A,AD2200,LDA,ABS,UNKNOWN|1,UNKNOWN,DBR:0022,V05C-contexts.csv,SOURCE_PROVED_NOT_YET_ADMITTED
TP07F491,0C:D06D:0:0:1,0x06506D,8D8A07,STA,ABS,UNKNOWN|1,UNKNOWN,DBR:078A,V05C-contexts.csv,SOURCE_PROVED_NOT_YET_ADMITTED
TP07F491,0C:D070:0:0:1,0x065070,AE2400,LDX,ABS,UNKNOWN|1,UNKNOWN,DBR:0024,V05C-contexts.csv,SOURCE_PROVED_NOT_YET_ADMITTED
TP07F491,0C:D073:0:0:1,0x065073,8E8C07,STX,ABS,UNKNOWN|1,UNKNOWN,DBR:078C,V05C-contexts.csv,SOURCE_PROVED_NOT_YET_ADMITTED
TP07F491,0C:D076:0:0:1,0x065076,A90800,LDA,IMM_M,UNKNOWN|1,UNKNOWN,NONE,V05C-contexts.csv,SOURCE_PROVED_NOT_YET_ADMITTED
TP07F491,0C:D079:0:0:1,0x065079,8D8E07,STA,ABS,UNKNOWN|1,0,DBR:078E,V05C-contexts.csv,SOURCE_PROVED_NOT_YET_ADMITTED
TP07F491,0C:D07C:0:0:1,0x06507C,A91500,LDA,IMM_M,UNKNOWN|1,0,NONE,V05C-contexts.csv,SOURCE_PROVED_NOT_YET_ADMITTED
TP07F491,0C:D07F:0:0:1,0x06507F,8D9207,STA,ABS,UNKNOWN|1,0,DBR:0792,V05C-contexts.csv,SOURCE_PROVED_NOT_YET_ADMITTED
TP07F491,0C:D082:0:0:1,0x065082,A93400,LDA,IMM_M,UNKNOWN|1,0,NONE,V05C-contexts.csv,SOURCE_PROVED_NOT_YET_ADMITTED
TP07F491,0C:D085:0:0:1,0x065085,8D9607,STA,ABS,UNKNOWN|1,0,DBR:0796,V05C-contexts.csv,SOURCE_PROVED_NOT_YET_ADMITTED
TP07F491,0C:D088:0:0:1,0x065088,229DD70C,JSL,ABSL_JUMP,UNKNOWN|1,0,NONE,V05C-contexts.csv,SOURCE_PROVED_NOT_YET_ADMITTED
TP07F491,0C:D08C:0:0:1,0x06508C,E210,SEP,IMM8,UNKNOWN|1,UNKNOWN,NONE,V05C-contexts.csv,SOURCE_PROVED_NOT_YET_ADMITTED
TP07F491,0C:D08E:0:0:1,0x06508E,C220,REP,IMM8,UNKNOWN|1,UNKNOWN,NONE,V05C-contexts.csv,SOURCE_PROVED_NOT_YET_ADMITTED
TP07F491,0C:D090:0:0:1,0x065090,AD2500,LDA,ABS,UNKNOWN|1,UNKNOWN,DBR:0025,V05C-contexts.csv,SOURCE_PROVED_NOT_YET_ADMITTED
TP07F491,0C:D093:0:0:1,0x065093,8D8A07,STA,ABS,UNKNOWN|1,UNKNOWN,DBR:078A,V05C-contexts.csv,SOURCE_PROVED_NOT_YET_ADMITTED
TP07F491,0C:D096:0:0:1,0x065096,AE2700,LDX,ABS,UNKNOWN|1,UNKNOWN,DBR:0027,V05C-contexts.csv,SOURCE_PROVED_NOT_YET_ADMITTED
TP07F491,0C:D099:0:0:1,0x065099,8E8C07,STX,ABS,UNKNOWN|1,UNKNOWN,DBR:078C,V05C-contexts.csv,SOURCE_PROVED_NOT_YET_ADMITTED
TP07F491,0C:D09C:0:0:1,0x06509C,A92800,LDA,IMM_M,UNKNOWN|1,UNKNOWN,NONE,V05C-contexts.csv,SOURCE_PROVED_NOT_YET_ADMITTED
TP07F491,0C:D09F:0:0:1,0x06509F,8D8E07,STA,ABS,UNKNOWN|1,0,DBR:078E,V05C-contexts.csv,SOURCE_PROVED_NOT_YET_ADMITTED
TP07F491,0C:D0A2:0:0:1,0x0650A2,A91500,LDA,IMM_M,UNKNOWN|1,0,NONE,V05C-contexts.csv,SOURCE_PROVED_NOT_YET_ADMITTED
TP07F491,0C:D0A5:0:0:1,0x0650A5,8D9207,STA,ABS,UNKNOWN|1,0,DBR:0792,V05C-contexts.csv,SOURCE_PROVED_NOT_YET_ADMITTED
TP07F491,0C:D0A8:0:0:1,0x0650A8,A93600,LDA,IMM_M,UNKNOWN|1,0,NONE,V05C-contexts.csv,SOURCE_PROVED_NOT_YET_ADMITTED
TP07F491,0C:D0AB:0:0:1,0x0650AB,8D9607,STA,ABS,UNKNOWN|1,0,DBR:0796,V05C-contexts.csv,SOURCE_PROVED_NOT_YET_ADMITTED
TP07F491,0C:D0AE:0:0:1,0x0650AE,229DD70C,JSL,ABSL_JUMP,UNKNOWN|1,0,NONE,V05C-contexts.csv,SOURCE_PROVED_NOT_YET_ADMITTED
TP07F491,0C:D0B2:0:0:1,0x0650B2,E230,SEP,IMM8,UNKNOWN|1,UNKNOWN,NONE,V05C-contexts.csv,SOURCE_PROVED_NOT_YET_ADMITTED
TP07F491,0C:D0B4:0:1:1,0x0650B4,9C0B04,STZ,ABS,UNKNOWN|1,UNKNOWN,DBR:040B,V05C-contexts.csv,SOURCE_PROVED_NOT_YET_ADMITTED
TP07F491,0C:D0B7:0:1:1,0x0650B7,82A702,BRL,REL16,UNKNOWN|1,UNKNOWN,NONE,V05C-contexts.csv,SOURCE_PROVED_NOT_YET_ADMITTED
TP07F491,0C:D0BA:0:0:0,0x0650BA,C230,REP,IMM8,1,UNKNOWN,NONE,V05C-contexts.csv,SOURCE_PROVED_NOT_YET_ADMITTED
TP07F491,0C:D0BC:0:0:0,0x0650BC,2283E10C,JSL,ABSL_JUMP,1,UNKNOWN,NONE,V05C-contexts.csv,SOURCE_PROVED_NOT_YET_ADMITTED
TP07F491,0C:D0C0:0:1:0,0x0650C0,E210,SEP,IMM8,UNKNOWN|1,0,NONE,V05C-contexts.csv,SOURCE_PROVED_NOT_YET_ADMITTED
TP07F491,0C:D0C2:0:1:1,0x0650C2,C220,REP,IMM8,UNKNOWN|1,0,NONE,V05C-contexts.csv,SOURCE_PROVED_NOT_YET_ADMITTED
TP07F491,0C:D0C4:0:0:1,0x0650C4,A940A0,LDA,IMM_M,UNKNOWN|1,0,NONE,V05C-contexts.csv,SOURCE_PROVED_NOT_YET_ADMITTED
TP07F491,0C:D0C7:0:0:1,0x0650C7,8D8A07,STA,ABS,UNKNOWN|1,0,DBR:078A,V05C-contexts.csv,SOURCE_PROVED_NOT_YET_ADMITTED
TP07F491,0C:D0CA:0:0:1,0x0650CA,A21A,LDX,IMM_X,UNKNOWN|1,0,NONE,V05C-contexts.csv,SOURCE_PROVED_NOT_YET_ADMITTED
TP07F491,0C:D0CC:0:0:1,0x0650CC,8E8C07,STX,ABS,UNKNOWN|1,0,DBR:078C,V05C-contexts.csv,SOURCE_PROVED_NOT_YET_ADMITTED
TP07F491,0C:D0CF:0:0:1,0x0650CF,A900F9,LDA,IMM_M,UNKNOWN|1,0,NONE,V05C-contexts.csv,SOURCE_PROVED_NOT_YET_ADMITTED
TP07F491,0C:D0D2:0:0:1,0x0650D2,8D8E07,STA,ABS,UNKNOWN|1,0,DBR:078E,V05C-contexts.csv,SOURCE_PROVED_NOT_YET_ADMITTED
TP07F491,0C:D0D5:0:0:1,0x0650D5,A219,LDX,IMM_X,UNKNOWN|1,0,NONE,V05C-contexts.csv,SOURCE_PROVED_NOT_YET_ADMITTED
TP07F491,0C:D0D7:0:0:1,0x0650D7,8E9007,STX,ABS,UNKNOWN|1,0,DBR:0790,V05C-contexts.csv,SOURCE_PROVED_NOT_YET_ADMITTED
TP07F491,0C:D0DA:0:0:1,0x0650DA,22FCE10C,JSL,ABSL_JUMP,UNKNOWN|1,0,NONE,V05C-contexts.csv,SOURCE_PROVED_NOT_YET_ADMITTED
TP07F491,0C:D0DE:0:0:1,0x0650DE,C230,REP,IMM8,UNKNOWN,UNKNOWN,NONE,V05C-contexts.csv,SOURCE_PROVED_NOT_YET_ADMITTED
TP07F491,0C:D0E0:0:0:0,0x0650E0,9C1704,STZ,ABS,UNKNOWN,UNKNOWN,DBR:0417,V05C-contexts.csv,SOURCE_PROVED_NOT_YET_ADMITTED
TP07F491,0C:D0E3:0:0:0,0x0650E3,AD1704,LDA,ABS,UNKNOWN,UNKNOWN,DBR:0417,V05C-contexts.csv,SOURCE_PROVED_NOT_YET_ADMITTED
TP07F491,0C:D0E6:0:0:0,0x0650E6,C91400,CMP,IMM_M,UNKNOWN,UNKNOWN,NONE,V05C-contexts.csv,SOURCE_PROVED_NOT_YET_ADMITTED
TP07F491,0C:D0E9:0:0:0,0x0650E9,9003,BCC,REL8,UNKNOWN,UNKNOWN,NONE,V05C-contexts.csv,SOURCE_PROVED_NOT_YET_ADMITTED
TP07F491,0C:D0EB:0:0:0,0x0650EB,4C45D1,JMP,ABS_JUMP,1,UNKNOWN,NONE,V05C-contexts.csv,SOURCE_PROVED_NOT_YET_ADMITTED
TP07F491,0C:D0EE:0:0:0,0x0650EE,AC1704,LDY,ABS,0,UNKNOWN,DBR:0417,V05C-contexts.csv,SOURCE_PROVED_NOT_YET_ADMITTED
TP07F491,0C:D0F1:0:0:0,0x0650F1,98,TYA,IMP,0,UNKNOWN,NONE,V05C-contexts.csv,SOURCE_PROVED_NOT_YET_ADMITTED
TP07F491,0C:D0F2:0:0:0,0x0650F2,A90500,LDA,IMM_M,0,UNKNOWN,NONE,V05C-contexts.csv,SOURCE_PROVED_NOT_YET_ADMITTED
TP07F491,0C:D0F5:0:0:0,0x0650F5,22A78004,JSL,ABSL_JUMP,0,0,NONE,V05C-contexts.csv,SOURCE_PROVED_NOT_YET_ADMITTED
TP07F491,0C:D0F9:0:0:0,0x0650F9,A8,TAY,IMP,UNKNOWN,UNKNOWN,NONE,V05C-contexts.csv,SOURCE_PROVED_NOT_YET_ADMITTED
TP07F491,0C:D0FA:0:0:0,0x0650FA,8D8A07,STA,ABS,UNKNOWN,UNKNOWN,DBR:078A,V05C-contexts.csv,SOURCE_PROVED_NOT_YET_ADMITTED
TP07F491,0C:D0FD:0:0:0,0x0650FD,18,CLC,IMP,UNKNOWN,UNKNOWN,NONE,V05C-contexts.csv,SOURCE_PROVED_NOT_YET_ADMITTED
TP07F491,0C:D0FE:0:0:0,0x0650FE,690400,ADC,IMM_M,0,UNKNOWN,NONE,V05C-contexts.csv,SOURCE_PROVED_NOT_YET_ADMITTED
TP07F491,0C:D101:0:0:0,0x065101,A8,TAY,IMP,UNKNOWN,UNKNOWN,NONE,V05C-contexts.csv,SOURCE_PROVED_NOT_YET_ADMITTED
TP07F491,0C:D102:0:0:0,0x065102,E220,SEP,IMM8,UNKNOWN,UNKNOWN,NONE,V05C-contexts.csv,SOURCE_PROVED_NOT_YET_ADMITTED
TP07F491,0C:D104:0:1:0,0x065104,C210,REP,IMM8,UNKNOWN,UNKNOWN,NONE,V05C-contexts.csv,SOURCE_PROVED_NOT_YET_ADMITTED
TP07F491,0C:D106:0:1:0,0x065106,AD1704,LDA,ABS,UNKNOWN,UNKNOWN,DBR:0417,V05C-contexts.csv,SOURCE_PROVED_NOT_YET_ADMITTED
TP07F491,0C:D109:0:1:0,0x065109,972B,STA,DP_IND_LONG_Y,UNKNOWN,UNKNOWN,NONE,V05C-contexts.csv,SOURCE_PROVED_NOT_YET_ADMITTED
TP07F491,0C:D10B:0:1:0,0x06510B,C230,REP,IMM8,UNKNOWN,UNKNOWN,NONE,V05C-contexts.csv,SOURCE_PROVED_NOT_YET_ADMITTED
TP07F491,0C:D10D:0:0:0,0x06510D,AC1704,LDY,ABS,UNKNOWN,UNKNOWN,DBR:0417,V05C-contexts.csv,SOURCE_PROVED_NOT_YET_ADMITTED
TP07F491,0C:D110:0:0:0,0x065110,98,TYA,IMP,UNKNOWN,UNKNOWN,NONE,V05C-contexts.csv,SOURCE_PROVED_NOT_YET_ADMITTED
TP07F491,0C:D111:0:0:0,0x065111,A93C00,LDA,IMM_M,UNKNOWN,UNKNOWN,NONE,V05C-contexts.csv,SOURCE_PROVED_NOT_YET_ADMITTED
TP07F491,0C:D114:0:0:0,0x065114,22A78004,JSL,ABSL_JUMP,UNKNOWN,0,NONE,V05C-contexts.csv,SOURCE_PROVED_NOT_YET_ADMITTED
TP07F491,0C:D118:0:0:0,0x065118,A8,TAY,IMP,UNKNOWN,UNKNOWN,NONE,V05C-contexts.csv,SOURCE_PROVED_NOT_YET_ADMITTED
TP07F491,0C:D119:0:0:0,0x065119,18,CLC,IMP,UNKNOWN,UNKNOWN,NONE,V05C-contexts.csv,SOURCE_PROVED_NOT_YET_ADMITTED
TP07F491,0C:D11A:0:0:0,0x06511A,693400,ADC,IMM_M,0,UNKNOWN,NONE,V05C-contexts.csv,SOURCE_PROVED_NOT_YET_ADMITTED
TP07F491,0C:D11D:0:0:0,0x06511D,A8,TAY,IMP,UNKNOWN,UNKNOWN,NONE,V05C-contexts.csv,SOURCE_PROVED_NOT_YET_ADMITTED
TP07F491,0C:D11E:0:0:0,0x06511E,B731,LDA,DP_IND_LONG_Y,UNKNOWN,UNKNOWN,NONE,V05C-contexts.csv,SOURCE_PROVED_NOT_YET_ADMITTED
TP07F491,0C:D120:0:0:0,0x065120,49FFFF,EOR,IMM_M,UNKNOWN,UNKNOWN,NONE,V05C-contexts.csv,SOURCE_PROVED_NOT_YET_ADMITTED
TP07F491,0C:D123:0:0:0,0x065123,1A,INC,ACC,UNKNOWN,UNKNOWN,NONE,V05C-contexts.csv,SOURCE_PROVED_NOT_YET_ADMITTED
TP07F491,0C:D124:0:0:0,0x065124,8D8E07,STA,ABS,UNKNOWN,UNKNOWN,DBR:078E,V05C-contexts.csv,SOURCE_PROVED_NOT_YET_ADMITTED
TP07F491,0C:D127:0:0:0,0x065127,AD8A07,LDA,ABS,UNKNOWN,UNKNOWN,DBR:078A,V05C-contexts.csv,SOURCE_PROVED_NOT_YET_ADMITTED
TP07F491,0C:D12A:0:0:0,0x06512A,18,CLC,IMP,UNKNOWN,UNKNOWN,NONE,V05C-contexts.csv,SOURCE_PROVED_NOT_YET_ADMITTED
TP07F491,0C:D12B:0:0:0,0x06512B,690000,ADC,IMM_M,0,UNKNOWN,NONE,V05C-contexts.csv,SOURCE_PROVED_NOT_YET_ADMITTED
TP07F491,0C:D12E:0:0:0,0x06512E,A8,TAY,IMP,UNKNOWN,UNKNOWN,NONE,V05C-contexts.csv,SOURCE_PROVED_NOT_YET_ADMITTED
TP07F491,0C:D12F:0:0:0,0x06512F,AD8E07,LDA,ABS,UNKNOWN,UNKNOWN,DBR:078E,V05C-contexts.csv,SOURCE_PROVED_NOT_YET_ADMITTED
TP07F491,0C:D132:0:0:0,0x065132,972B,STA,DP_IND_LONG_Y,UNKNOWN,UNKNOWN,NONE,V05C-contexts.csv,SOURCE_PROVED_NOT_YET_ADMITTED
TP07F491,0C:D134:0:0:0,0x065134,F003,BEQ,REL8,UNKNOWN,UNKNOWN,NONE,V05C-contexts.csv,SOURCE_PROVED_NOT_YET_ADMITTED
TP07F491,0C:D136:0:0:0,0x065136,A9FFFF,LDA,IMM_M,UNKNOWN,0,NONE,V05C-contexts.csv,SOURCE_PROVED_NOT_YET_ADMITTED
TP07F491,0C:D139:0:0:0,0x065139,C8,INY,IMP,UNKNOWN,0|1,NONE,V05C-contexts.csv,SOURCE_PROVED_NOT_YET_ADMITTED
TP07F491,0C:D13A:0:0:0,0x06513A,C8,INY,IMP,UNKNOWN,UNKNOWN,NONE,V05C-contexts.csv,SOURCE_PROVED_NOT_YET_ADMITTED
TP07F491,0C:D13B:0:0:0,0x06513B,972B,STA,DP_IND_LONG_Y,UNKNOWN,UNKNOWN,NONE,V05C-contexts.csv,SOURCE_PROVED_NOT_YET_ADMITTED
TP07F491,0C:D13D:0:0:0,0x06513D,C230,REP,IMM8,UNKNOWN,UNKNOWN,NONE,V05C-contexts.csv,SOURCE_PROVED_NOT_YET_ADMITTED
TP07F491,0C:D13F:0:0:0,0x06513F,EE1704,INC,ABS,UNKNOWN,UNKNOWN,DBR:0417,V05C-contexts.csv,SOURCE_PROVED_NOT_YET_ADMITTED
TP07F491,0C:D142:0:0:0,0x065142,829EFF,BRL,REL16,UNKNOWN,UNKNOWN,NONE,V05C-contexts.csv,SOURCE_PROVED_NOT_YET_ADMITTED
TP07F491,0C:D145:0:0:0,0x065145,E210,SEP,IMM8,1,UNKNOWN,NONE,V05C-contexts.csv,SOURCE_PROVED_NOT_YET_ADMITTED
TP07F491,0C:D147:0:0:1,0x065147,C220,REP,IMM8,1,UNKNOWN,NONE,V05C-contexts.csv,SOURCE_PROVED_NOT_YET_ADMITTED
TP07F491,0C:D149:0:0:1,0x065149,AD2B00,LDA,ABS,1,UNKNOWN,DBR:002B,V05C-contexts.csv,SOURCE_PROVED_NOT_YET_ADMITTED
TP07F491,0C:D14C:0:0:1,0x06514C,8D8A07,STA,ABS,1,UNKNOWN,DBR:078A,V05C-contexts.csv,SOURCE_PROVED_NOT_YET_ADMITTED
TP07F491,0C:D14F:0:0:1,0x06514F,AE2D00,LDX,ABS,1,UNKNOWN,DBR:002D,V05C-contexts.csv,SOURCE_PROVED_NOT_YET_ADMITTED
TP07F491,0C:D152:0:0:1,0x065152,8E8C07,STX,ABS,1,UNKNOWN,DBR:078C,V05C-contexts.csv,SOURCE_PROVED_NOT_YET_ADMITTED
TP07F491,0C:D155:0:0:1,0x065155,A91400,LDA,IMM_M,1,UNKNOWN,NONE,V05C-contexts.csv,SOURCE_PROVED_NOT_YET_ADMITTED
TP07F491,0C:D158:0:0:1,0x065158,8D8E07,STA,ABS,1,0,DBR:078E,V05C-contexts.csv,SOURCE_PROVED_NOT_YET_ADMITTED
TP07F491,0C:D15B:0:0:1,0x06515B,2262D60C,JSL,ABSL_JUMP,1,0,NONE,V05C-contexts.csv,SOURCE_PROVED_NOT_YET_ADMITTED
TP07F491,0C:D15F:0:0:1,0x06515F,E210,SEP,IMM8,1,UNKNOWN,NONE,V05C-contexts.csv,SOURCE_PROVED_NOT_YET_ADMITTED
TP07F491,0C:D161:0:0:1,0x065161,C220,REP,IMM8,1,UNKNOWN,NONE,V05C-contexts.csv,SOURCE_PROVED_NOT_YET_ADMITTED
TP07F491,0C:D163:0:0:1,0x065163,A028,LDY,IMM_X,1,UNKNOWN,NONE,V05C-contexts.csv,SOURCE_PROVED_NOT_YET_ADMITTED
TP07F491,0C:D165:0:0:1,0x065165,ADD506,LDA,ABS,1,0,DBR:06D5,V05C-contexts.csv,SOURCE_PROVED_NOT_YET_ADMITTED
TP07F491,0C:D168:0:0:1,0x065168,AED706,LDX,ABS,1,UNKNOWN,DBR:06D7,V05C-contexts.csv,SOURCE_PROVED_NOT_YET_ADMITTED
TP07F491,0C:D16B:0:0:1,0x06516B,8D6400,STA,ABS,1,UNKNOWN,DBR:0064,V05C-contexts.csv,SOURCE_PROVED_NOT_YET_ADMITTED
TP07F491,0C:D16E:0:0:1,0x06516E,8E6600,STX,ABS,1,UNKNOWN,DBR:0066,V05C-contexts.csv,SOURCE_PROVED_NOT_YET_ADMITTED
TP07F491,0C:D171:0:0:1,0x065171,B764,LDA,DP_IND_LONG_Y,1,UNKNOWN,NONE,V05C-contexts.csv,SOURCE_PROVED_NOT_YET_ADMITTED
TP07F491,0C:D173:0:0:1,0x065173,8D9207,STA,ABS,1,UNKNOWN,DBR:0792,V05C-contexts.csv,SOURCE_PROVED_NOT_YET_ADMITTED
TP07F491,0C:D176:0:0:1,0x065176,E210,SEP,IMM8,1,UNKNOWN,NONE,V05C-contexts.csv,SOURCE_PROVED_NOT_YET_ADMITTED
TP07F491,0C:D178:0:0:1,0x065178,C220,REP,IMM8,1,UNKNOWN,NONE,V05C-contexts.csv,SOURCE_PROVED_NOT_YET_ADMITTED
TP07F491,0C:D17A:0:0:1,0x06517A,AE6600,LDX,ABS,1,UNKNOWN,DBR:0066,V05C-contexts.csv,SOURCE_PROVED_NOT_YET_ADMITTED
TP07F491,0C:D17D:0:0:1,0x06517D,8E9407,STX,ABS,1,UNKNOWN,DBR:0794,V05C-contexts.csv,SOURCE_PROVED_NOT_YET_ADMITTED
TP07F491,0C:D180:0:0:1,0x065180,A90C00,LDA,IMM_M,1,UNKNOWN,NONE,V05C-contexts.csv,SOURCE_PROVED_NOT_YET_ADMITTED
TP07F491,0C:D183:0:0:1,0x065183,8D8A07,STA,ABS,1,0,DBR:078A,V05C-contexts.csv,SOURCE_PROVED_NOT_YET_ADMITTED
TP07F491,0C:D186:0:0:1,0x065186,A90200,LDA,IMM_M,1,0,NONE,V05C-contexts.csv,SOURCE_PROVED_NOT_YET_ADMITTED
TP07F491,0C:D189:0:0:1,0x065189,8D8E07,STA,ABS,1,0,DBR:078E,V05C-contexts.csv,SOURCE_PROVED_NOT_YET_ADMITTED
TP07F491,0C:D18C:0:0:1,0x06518C,223CA306,JSL,ABSL_JUMP,1,0,NONE,V05C-contexts.csv,SOURCE_PROVED_NOT_YET_ADMITTED
TP07F491,0C:D190:0:0:0,0x065190,C230,REP,IMM8,UNKNOWN,UNKNOWN,NONE,V05C-contexts.csv,SOURCE_PROVED_NOT_YET_ADMITTED
TP07F491,0C:D192:0:0:0,0x065192,A9B80B,LDA,IMM_M,UNKNOWN,UNKNOWN,NONE,V05C-contexts.csv,SOURCE_PROVED_NOT_YET_ADMITTED
TP07F491,0C:D195:0:0:0,0x065195,8D8E07,STA,ABS,UNKNOWN,0,DBR:078E,V05C-contexts.csv,SOURCE_PROVED_NOT_YET_ADMITTED
TP07F491,0C:D198:0:0:0,0x065198,9C9007,STZ,ABS,UNKNOWN,0,DBR:0790,V05C-contexts.csv,SOURCE_PROVED_NOT_YET_ADMITTED
TP07F491,0C:D19B:0:0:0,0x06519B,AD301F,LDA,ABS,UNKNOWN,0,DBR:1F30,V05C-contexts.csv,SOURCE_PROVED_NOT_YET_ADMITTED
TP07F491,0C:D19E:0:0:0,0x06519E,8D8A07,STA,ABS,UNKNOWN,UNKNOWN,DBR:078A,V05C-contexts.csv,SOURCE_PROVED_NOT_YET_ADMITTED
TP07F491,0C:D1A1:0:0:0,0x0651A1,AD321F,LDA,ABS,UNKNOWN,UNKNOWN,DBR:1F32,V05C-contexts.csv,SOURCE_PROVED_NOT_YET_ADMITTED
TP07F491,0C:D1A4:0:0:0,0x0651A4,8D8C07,STA,ABS,UNKNOWN,UNKNOWN,DBR:078C,V05C-contexts.csv,SOURCE_PROVED_NOT_YET_ADMITTED
TP07F491,0C:D1A7:0:0:0,0x0651A7,227EF807,JSL,ABSL_JUMP,UNKNOWN,UNKNOWN,NONE,V05C-contexts.csv,SOURCE_PROVED_NOT_YET_ADMITTED
TP07F491,0C:D1AB:0:0:0,0x0651AB,C230,REP,IMM8,UNKNOWN|0|1,UNKNOWN,NONE,V05C-contexts.csv,SOURCE_PROVED_NOT_YET_ADMITTED
TP07F491,0C:D1AD:0:0:0,0x0651AD,AD8E07,LDA,ABS,UNKNOWN|0|1,UNKNOWN,DBR:078E,V05C-contexts.csv,SOURCE_PROVED_NOT_YET_ADMITTED
TP07F491,0C:D1B0:0:0:0,0x0651B0,18,CLC,IMP,UNKNOWN|0|1,UNKNOWN,NONE,V05C-contexts.csv,SOURCE_PROVED_NOT_YET_ADMITTED
TP07F491,0C:D1B1:0:0:0,0x0651B1,69CB07,ADC,IMM_M,0,UNKNOWN,NONE,V05C-contexts.csv,SOURCE_PROVED_NOT_YET_ADMITTED
TP07F491,0C:D1B4:0:0:0,0x0651B4,8D8A07,STA,ABS,UNKNOWN,UNKNOWN,DBR:078A,V05C-contexts.csv,SOURCE_PROVED_NOT_YET_ADMITTED
TP07F491,0C:D1B7:0:0:0,0x0651B7,22CDA406,JSL,ABSL_JUMP,UNKNOWN,UNKNOWN,NONE,V05C-contexts.csv,SOURCE_PROVED_NOT_YET_ADMITTED
TP07F491,0C:D1BB:0:0:1,0x0651BB,E230,SEP,IMM8,UNKNOWN|1,UNKNOWN,NONE,V05C-contexts.csv,SOURCE_PROVED_NOT_YET_ADMITTED
TP07F491,0C:D1BD:0:1:1,0x0651BD,AD3500,LDA,ABS,UNKNOWN|1,UNKNOWN,DBR:0035,V05C-contexts.csv,SOURCE_PROVED_NOT_YET_ADMITTED
TP07F491,0C:D1C0:0:1:1,0x0651C0,F007,BEQ,REL8,UNKNOWN|1,UNKNOWN,NONE,V05C-contexts.csv,SOURCE_PROVED_NOT_YET_ADMITTED
TP07F491,0C:D1C2:0:1:1,0x0651C2,C230,REP,IMM8,UNKNOWN|1,0,NONE,V05C-contexts.csv,SOURCE_PROVED_NOT_YET_ADMITTED
TP07F491,0C:D1C4:0:0:0,0x0651C4,A92800,LDA,IMM_M,UNKNOWN|1,0,NONE,V05C-contexts.csv,SOURCE_PROVED_NOT_YET_ADMITTED
TP07F491,0C:D1C7:0:0:0,0x0651C7,8005,BRA,REL8,UNKNOWN|1,0,NONE,V05C-contexts.csv,SOURCE_PROVED_NOT_YET_ADMITTED
TP07F491,0C:D1C9:0:1:1,0x0651C9,C230,REP,IMM8,UNKNOWN|1,1,NONE,V05C-contexts.csv,SOURCE_PROVED_NOT_YET_ADMITTED
TP07F491,0C:D1CB:0:0:0,0x0651CB,A92A00,LDA,IMM_M,UNKNOWN|1,1,NONE,V05C-contexts.csv,SOURCE_PROVED_NOT_YET_ADMITTED
TP07F491,0C:D1CE:0:0:0,0x0651CE,8D8A07,STA,ABS,UNKNOWN|1,0,DBR:078A,V05C-contexts.csv,SOURCE_PROVED_NOT_YET_ADMITTED
TP07F491,0C:D1D1:0:0:0,0x0651D1,A90200,LDA,IMM_M,UNKNOWN|1,0,NONE,V05C-contexts.csv,SOURCE_PROVED_NOT_YET_ADMITTED
TP07F491,0C:D1D4:0:0:0,0x0651D4,8D8E07,STA,ABS,UNKNOWN|1,0,DBR:078E,V05C-contexts.csv,SOURCE_PROVED_NOT_YET_ADMITTED
TP07F491,0C:D1D7:0:0:0,0x0651D7,AD1600,LDA,ABS,UNKNOWN|1,0,DBR:0016,V05C-contexts.csv,SOURCE_PROVED_NOT_YET_ADMITTED
TP07F491,0C:D1DA:0:0:0,0x0651DA,18,CLC,IMP,UNKNOWN|1,UNKNOWN,NONE,V05C-contexts.csv,SOURCE_PROVED_NOT_YET_ADMITTED
TP07F491,0C:D1DB:0:0:0,0x0651DB,696400,ADC,IMM_M,0,UNKNOWN,NONE,V05C-contexts.csv,SOURCE_PROVED_NOT_YET_ADMITTED
TP07F491,0C:D1DE:0:0:0,0x0651DE,AE1800,LDX,ABS,UNKNOWN,UNKNOWN,DBR:0018,V05C-contexts.csv,SOURCE_PROVED_NOT_YET_ADMITTED
TP07F491,0C:D1E1:0:0:0,0x0651E1,8D9207,STA,ABS,UNKNOWN,UNKNOWN,DBR:0792,V05C-contexts.csv,SOURCE_PROVED_NOT_YET_ADMITTED
TP07F491,0C:D1E4:0:0:0,0x0651E4,8E9407,STX,ABS,UNKNOWN,UNKNOWN,DBR:0794,V05C-contexts.csv,SOURCE_PROVED_NOT_YET_ADMITTED
TP07F491,0C:D1E7:0:0:0,0x0651E7,223CA306,JSL,ABSL_JUMP,UNKNOWN,UNKNOWN,NONE,V05C-contexts.csv,SOURCE_PROVED_NOT_YET_ADMITTED
TP07F491,0C:D1EB:0:0:0,0x0651EB,C230,REP,IMM8,UNKNOWN,UNKNOWN,NONE,V05C-contexts.csv,SOURCE_PROVED_NOT_YET_ADMITTED
TP07F491,0C:D1ED:0:0:0,0x0651ED,AD1504,LDA,ABS,UNKNOWN,UNKNOWN,DBR:0415,V05C-contexts.csv,SOURCE_PROVED_NOT_YET_ADMITTED
TP07F491,0C:D1F0:0:0:0,0x0651F0,48,PHA,IMP,UNKNOWN,UNKNOWN,NONE,V05C-contexts.csv,SOURCE_PROVED_NOT_YET_ADMITTED
TP07F491,0C:D1F1:0:0:0,0x0651F1,AD1704,LDA,ABS,UNKNOWN,UNKNOWN,DBR:0417,V05C-contexts.csv,SOURCE_PROVED_NOT_YET_ADMITTED
TP07F491,0C:D1F4:0:0:0,0x0651F4,48,PHA,IMP,UNKNOWN,UNKNOWN,NONE,V05C-contexts.csv,SOURCE_PROVED_NOT_YET_ADMITTED
TP07F491,0C:D1F5:0:0:0,0x0651F5,E210,SEP,IMM8,UNKNOWN,UNKNOWN,NONE,V05C-contexts.csv,SOURCE_PROVED_NOT_YET_ADMITTED
TP07F491,0C:D1F7:0:0:1,0x0651F7,C220,REP,IMM8,UNKNOWN,UNKNOWN,NONE,V05C-contexts.csv,SOURCE_PROVED_NOT_YET_ADMITTED
TP07F491,0C:D1F9:0:0:1,0x0651F9,9C1504,STZ,ABS,UNKNOWN,UNKNOWN,DBR:0415,V05C-contexts.csv,SOURCE_PROVED_NOT_YET_ADMITTED
TP07F491,0C:D1FC:0:0:1,0x0651FC,9CA007,STZ,ABS,UNKNOWN,UNKNOWN,DBR:07A0,V05C-contexts.csv,SOURCE_PROVED_NOT_YET_ADMITTED
TP07F491,0C:D1FF:0:0:1,0x0651FF,A90600,LDA,IMM_M,UNKNOWN,UNKNOWN,NONE,V05C-contexts.csv,SOURCE_PROVED_NOT_YET_ADMITTED
TP07F491,0C:D202:0:0:1,0x065202,8D1704,STA,ABS,UNKNOWN,0,DBR:0417,V05C-contexts.csv,SOURCE_PROVED_NOT_YET_ADMITTED
TP07F491,0C:D205:0:0:1,0x065205,C230,REP,IMM8,UNKNOWN,0,NONE,V05C-contexts.csv,SOURCE_PROVED_NOT_YET_ADMITTED
TP07F491,0C:D207:0:0:0,0x065207,AC1504,LDY,ABS,UNKNOWN,0,DBR:0415,V05C-contexts.csv,SOURCE_PROVED_NOT_YET_ADMITTED
TP07F491,0C:D20A:0:0:0,0x06520A,98,TYA,IMP,UNKNOWN,UNKNOWN,NONE,V05C-contexts.csv,SOURCE_PROVED_NOT_YET_ADMITTED
TP07F491,0C:D20B:0:0:0,0x06520B,A90500,LDA,IMM_M,UNKNOWN,UNKNOWN,NONE,V05C-contexts.csv,SOURCE_PROVED_NOT_YET_ADMITTED
TP07F491,0C:D20E:0:0:0,0x06520E,22A78004,JSL,ABSL_JUMP,UNKNOWN,0,NONE,V05C-contexts.csv,SOURCE_PROVED_NOT_YET_ADMITTED
TP07F491,0C:D212:0:0:0,0x065212,A8,TAY,IMP,UNKNOWN,UNKNOWN,NONE,V05C-contexts.csv,SOURCE_PROVED_NOT_YET_ADMITTED
TP07F491,0C:D213:0:0:0,0x065213,18,CLC,IMP,UNKNOWN,UNKNOWN,NONE,V05C-contexts.csv,SOURCE_PROVED_NOT_YET_ADMITTED
TP07F491,0C:D214:0:0:0,0x065214,690400,ADC,IMM_M,0,UNKNOWN,NONE,V05C-contexts.csv,SOURCE_PROVED_NOT_YET_ADMITTED
TP07F491,0C:D217:0:0:0,0x065217,A8,TAY,IMP,UNKNOWN,UNKNOWN,NONE,V05C-contexts.csv,SOURCE_PROVED_NOT_YET_ADMITTED
TP07F491,0C:D218:0:0:0,0x065218,B72B,LDA,DP_IND_LONG_Y,UNKNOWN,UNKNOWN,NONE,V05C-contexts.csv,SOURCE_PROVED_NOT_YET_ADMITTED
TP07F491,0C:D21A:0:0:0,0x06521A,29FF00,AND,IMM_M,UNKNOWN,UNKNOWN,NONE,V05C-contexts.csv,SOURCE_PROVED_NOT_YET_ADMITTED
TP07F491,0C:D21D:0:0:0,0x06521D,0A,ASL,ACC,UNKNOWN,UNKNOWN,NONE,V05C-contexts.csv,SOURCE_PROVED_NOT_YET_ADMITTED
TP07F491,0C:D21E:0:0:0,0x06521E,A8,TAY,IMP,UNKNOWN,UNKNOWN,NONE,V05C-contexts.csv,SOURCE_PROVED_NOT_YET_ADMITTED
TP07F491,0C:D21F:0:0:0,0x06521F,E210,SEP,IMM8,UNKNOWN,UNKNOWN,NONE,V05C-contexts.csv,SOURCE_PROVED_NOT_YET_ADMITTED
TP07F491,0C:D221:0:0:1,0x065221,C220,REP,IMM8,UNKNOWN,UNKNOWN,NONE,V05C-contexts.csv,SOURCE_PROVED_NOT_YET_ADMITTED
TP07F491,0C:D223:0:0:1,0x065223,D00D,BNE,REL8,UNKNOWN,UNKNOWN,NONE,V05C-contexts.csv,SOURCE_PROVED_NOT_YET_ADMITTED
TP07F491,0C:D225:0:0:1,0x065225,A90030,LDA,IMM_M,UNKNOWN,1,NONE,V05C-contexts.csv,SOURCE_PROVED_NOT_YET_ADMITTED
TP07F491,0C:D228:0:0:1,0x065228,8D9607,STA,ABS,UNKNOWN,0,DBR:0796,V05C-contexts.csv,SOURCE_PROVED_NOT_YET_ADMITTED
TP07F491,0C:D22B:0:0:1,0x06522B,A91507,LDA,IMM_M,UNKNOWN,0,NONE,V05C-contexts.csv,SOURCE_PROVED_NOT_YET_ADMITTED
TP07F491,0C:D22E:0:0:1,0x06522E,A200,LDX,IMM_X,UNKNOWN,0,NONE,V05C-contexts.csv,SOURCE_PROVED_NOT_YET_ADMITTED
TP07F491,0C:D230:0:0:1,0x065230,801B,BRA,REL8,UNKNOWN,1,NONE,V05C-contexts.csv,SOURCE_PROVED_NOT_YET_ADMITTED
TP07F491,0C:D232:0:0:1,0x065232,ADD506,LDA,ABS,UNKNOWN,0,DBR:06D5,V05C-contexts.csv,SOURCE_PROVED_NOT_YET_ADMITTED
TP07F491,0C:D235:0:0:1,0x065235,AED706,LDX,ABS,UNKNOWN,UNKNOWN,DBR:06D7,V05C-contexts.csv,SOURCE_PROVED_NOT_YET_ADMITTED
TP07F491,0C:D238:0:0:1,0x065238,8D6400,STA,ABS,UNKNOWN,UNKNOWN,DBR:0064,V05C-contexts.csv,SOURCE_PROVED_NOT_YET_ADMITTED
TP07F491,0C:D23B:0:0:1,0x06523B,8E6600,STX,ABS,UNKNOWN,UNKNOWN,DBR:0066,V05C-contexts.csv,SOURCE_PROVED_NOT_YET_ADMITTED
TP07F491,0C:D23E:0:0:1,0x06523E,E210,SEP,IMM8,UNKNOWN,UNKNOWN,NONE,V05C-contexts.csv,SOURCE_PROVED_NOT_YET_ADMITTED
TP07F491,0C:D240:0:0:1,0x065240,C220,REP,IMM8,UNKNOWN,UNKNOWN,NONE,V05C-contexts.csv,SOURCE_PROVED_NOT_YET_ADMITTED
TP07F491,0C:D242:0:0:1,0x065242,A9003C,LDA,IMM_M,UNKNOWN,UNKNOWN,NONE,V05C-contexts.csv,SOURCE_PROVED_NOT_YET_ADMITTED
TP07F491,0C:D245:0:0:1,0x065245,8D9607,STA,ABS,UNKNOWN,0,DBR:0796,V05C-contexts.csv,SOURCE_PROVED_NOT_YET_ADMITTED
TP07F491,0C:D248:0:0:1,0x065248,B764,LDA,DP_IND_LONG_Y,UNKNOWN,0,NONE,V05C-contexts.csv,SOURCE_PROVED_NOT_YET_ADMITTED
TP07F491,0C:D24A:0:0:1,0x06524A,AED706,LDX,ABS,UNKNOWN,UNKNOWN,DBR:06D7,V05C-contexts.csv,SOURCE_PROVED_NOT_YET_ADMITTED
TP07F491,0C:D24D:0:0:1,0x06524D,8D9207,STA,ABS,UNKNOWN,UNKNOWN|1,DBR:0792,V05C-contexts.csv,SOURCE_PROVED_NOT_YET_ADMITTED
TP07F491,0C:D250:0:0:1,0x065250,8E9407,STX,ABS,UNKNOWN,UNKNOWN|1,DBR:0794,V05C-contexts.csv,SOURCE_PROVED_NOT_YET_ADMITTED
TP07F491,0C:D253:0:0:1,0x065253,A91800,LDA,IMM_M,UNKNOWN,UNKNOWN|1,NONE,V05C-contexts.csv,SOURCE_PROVED_NOT_YET_ADMITTED
TP07F491,0C:D256:0:0:1,0x065256,8D8A07,STA,ABS,UNKNOWN,0,DBR:078A,V05C-contexts.csv,SOURCE_PROVED_NOT_YET_ADMITTED
TP07F491,0C:D259:0:0:1,0x065259,AD1704,LDA,ABS,UNKNOWN,0,DBR:0417,V05C-contexts.csv,SOURCE_PROVED_NOT_YET_ADMITTED
TP07F491,0C:D25C:0:0:1,0x06525C,8D8E07,STA,ABS,UNKNOWN,UNKNOWN,DBR:078E,V05C-contexts.csv,SOURCE_PROVED_NOT_YET_ADMITTED
TP07F491,0C:D25F:0:0:1,0x06525F,C230,REP,IMM8,UNKNOWN,UNKNOWN,NONE,V05C-contexts.csv,SOURCE_PROVED_NOT_YET_ADMITTED
TP07F491,0C:D261:0:0:0,0x065261,AD9607,LDA,ABS,UNKNOWN,UNKNOWN,DBR:0796,V05C-contexts.csv,SOURCE_PROVED_NOT_YET_ADMITTED
TP07F491,0C:D264:0:0:0,0x065264,48,PHA,IMP,UNKNOWN,UNKNOWN,NONE,V05C-contexts.csv,SOURCE_PROVED_NOT_YET_ADMITTED
TP07F491,0C:D265:0:0:0,0x065265,224AA306,JSL,ABSL_JUMP,UNKNOWN,UNKNOWN,NONE,V05C-contexts.csv,SOURCE_PROVED_NOT_YET_ADMITTED
TP07F491,0C:D269:0:0:0,0x065269,C230,REP,IMM8,UNKNOWN,UNKNOWN,NONE,V05C-contexts.csv,SOURCE_PROVED_NOT_YET_ADMITTED
TP07F491,0C:D26B:0:0:0,0x06526B,68,PLA,IMP,UNKNOWN,UNKNOWN,NONE,V05C-contexts.csv,SOURCE_PROVED_NOT_YET_ADMITTED
TP07F491,0C:D26C:0:0:0,0x06526C,8D9607,STA,ABS,UNKNOWN,UNKNOWN,DBR:0796,V05C-contexts.csv,SOURCE_PROVED_NOT_YET_ADMITTED
TP07F491,0C:D26F:0:0:0,0x06526F,E210,SEP,IMM8,UNKNOWN,UNKNOWN,NONE,V05C-contexts.csv,SOURCE_PROVED_NOT_YET_ADMITTED
TP07F491,0C:D271:0:0:1,0x065271,C220,REP,IMM8,UNKNOWN,UNKNOWN,NONE,V05C-contexts.csv,SOURCE_PROVED_NOT_YET_ADMITTED
TP07F491,0C:D273:0:0:1,0x065273,AD1504,LDA,ABS,UNKNOWN,UNKNOWN,DBR:0415,V05C-contexts.csv,SOURCE_PROVED_NOT_YET_ADMITTED
TP07F491,0C:D276:0:0:1,0x065276,0A,ASL,ACC,UNKNOWN,UNKNOWN,NONE,V05C-contexts.csv,SOURCE_PROVED_NOT_YET_ADMITTED
TP07F491,0C:D277:0:0:1,0x065277,A8,TAY,IMP,UNKNOWN,UNKNOWN,NONE,V05C-contexts.csv,SOURCE_PROVED_NOT_YET_ADMITTED
TP07F491,0C:D278:0:0:1,0x065278,A9DFA9,LDA,IMM_M,UNKNOWN,UNKNOWN,NONE,V05C-contexts.csv,SOURCE_PROVED_NOT_YET_ADMITTED
TP07F491,0C:D27B:0:0:1,0x06527B,8D6400,STA,ABS,UNKNOWN,0,DBR:0064,V05C-contexts.csv,SOURCE_PROVED_NOT_YET_ADMITTED
TP07F491,0C:D27E:0:0:1,0x06527E,A20B,LDX,IMM_X,UNKNOWN,0,NONE,V05C-contexts.csv,SOURCE_PROVED_NOT_YET_ADMITTED
TP07F491,0C:D280:0:0:1,0x065280,8E6600,STX,ABS,UNKNOWN,0,DBR:0066,V05C-contexts.csv,SOURCE_PROVED_NOT_YET_ADMITTED
TP07F491,0C:D283:0:0:1,0x065283,B764,LDA,DP_IND_LONG_Y,UNKNOWN,0,NONE,V05C-contexts.csv,SOURCE_PROVED_NOT_YET_ADMITTED
TP07F491,0C:D285:0:0:1,0x065285,8D9207,STA,ABS,UNKNOWN,UNKNOWN,DBR:0792,V05C-contexts.csv,SOURCE_PROVED_NOT_YET_ADMITTED
TP07F491,0C:D288:0:0:1,0x065288,E210,SEP,IMM8,UNKNOWN,UNKNOWN,NONE,V05C-contexts.csv,SOURCE_PROVED_NOT_YET_ADMITTED
TP07F491,0C:D28A:0:0:1,0x06528A,C220,REP,IMM8,UNKNOWN,UNKNOWN,NONE,V05C-contexts.csv,SOURCE_PROVED_NOT_YET_ADMITTED
TP07F491,0C:D28C:0:0:1,0x06528C,A20B,LDX,IMM_X,UNKNOWN,UNKNOWN,NONE,V05C-contexts.csv,SOURCE_PROVED_NOT_YET_ADMITTED
TP07F491,0C:D28E:0:0:1,0x06528E,8E9407,STX,ABS,UNKNOWN,0,DBR:0794,V05C-contexts.csv,SOURCE_PROVED_NOT_YET_ADMITTED
TP07F491,0C:D291:0:0:1,0x065291,A90E00,LDA,IMM_M,UNKNOWN,0,NONE,V05C-contexts.csv,SOURCE_PROVED_NOT_YET_ADMITTED
TP07F491,0C:D294:0:0:1,0x065294,8D8A07,STA,ABS,UNKNOWN,0,DBR:078A,V05C-contexts.csv,SOURCE_PROVED_NOT_YET_ADMITTED
TP07F491,0C:D297:0:0:1,0x065297,AD1704,LDA,ABS,UNKNOWN,0,DBR:0417,V05C-contexts.csv,SOURCE_PROVED_NOT_YET_ADMITTED
TP07F491,0C:D29A:0:0:1,0x06529A,8D8E07,STA,ABS,UNKNOWN,UNKNOWN,DBR:078E,V05C-contexts.csv,SOURCE_PROVED_NOT_YET_ADMITTED
TP07F491,0C:D29D:0:0:1,0x06529D,EE1704,INC,ABS,UNKNOWN,UNKNOWN,DBR:0417,V05C-contexts.csv,SOURCE_PROVED_NOT_YET_ADMITTED
TP07F491,0C:D2A0:0:0:1,0x0652A0,EE1704,INC,ABS,UNKNOWN,UNKNOWN,DBR:0417,V05C-contexts.csv,SOURCE_PROVED_NOT_YET_ADMITTED
TP07F491,0C:D2A3:0:0:1,0x0652A3,224AA306,JSL,ABSL_JUMP,UNKNOWN,UNKNOWN,NONE,V05C-contexts.csv,SOURCE_PROVED_NOT_YET_ADMITTED
TP07F491,0C:D2A7:0:0:0,0x0652A7,E210,SEP,IMM8,UNKNOWN,UNKNOWN,NONE,V05C-contexts.csv,SOURCE_PROVED_NOT_YET_ADMITTED
TP07F491,0C:D2A9:0:0:1,0x0652A9,C220,REP,IMM8,UNKNOWN,UNKNOWN,NONE,V05C-contexts.csv,SOURCE_PROVED_NOT_YET_ADMITTED
TP07F491,0C:D2AB:0:0:1,0x0652AB,EE1504,INC,ABS,UNKNOWN,UNKNOWN,DBR:0415,V05C-contexts.csv,SOURCE_PROVED_NOT_YET_ADMITTED
TP07F491,0C:D2AE:0:0:1,0x0652AE,AD1504,LDA,ABS,UNKNOWN,UNKNOWN,DBR:0415,V05C-contexts.csv,SOURCE_PROVED_NOT_YET_ADMITTED
TP07F491,0C:D2B1:0:0:1,0x0652B1,C90A00,CMP,IMM_M,UNKNOWN,UNKNOWN,NONE,V05C-contexts.csv,SOURCE_PROVED_NOT_YET_ADMITTED
TP07F491,0C:D2B4:0:0:1,0x0652B4,F003,BEQ,REL8,UNKNOWN,UNKNOWN,NONE,V05C-contexts.csv,SOURCE_PROVED_NOT_YET_ADMITTED
TP07F491,0C:D2B6:0:0:1,0x0652B6,824CFF,BRL,REL16,UNKNOWN,0,NONE,V05C-contexts.csv,SOURCE_PROVED_NOT_YET_ADMITTED
TP07F491,0C:D2B9:0:0:1,0x0652B9,E210,SEP,IMM8,UNKNOWN,1,NONE,V05C-contexts.csv,SOURCE_PROVED_NOT_YET_ADMITTED
TP07F491,0C:D2BB:0:0:1,0x0652BB,C220,REP,IMM8,UNKNOWN,1,NONE,V05C-contexts.csv,SOURCE_PROVED_NOT_YET_ADMITTED
TP07F491,0C:D2BD:0:0:1,0x0652BD,A90000,LDA,IMM_M,UNKNOWN,1,NONE,V05C-contexts.csv,SOURCE_PROVED_NOT_YET_ADMITTED
TP07F491,0C:D2C0:0:0:1,0x0652C0,8D1504,STA,ABS,UNKNOWN,1,DBR:0415,V05C-contexts.csv,SOURCE_PROVED_NOT_YET_ADMITTED
TP07F491,0C:D2C3:0:0:1,0x0652C3,C230,REP,IMM8,UNKNOWN,0|1,NONE,V05C-contexts.csv,SOURCE_PROVED_NOT_YET_ADMITTED
TP07F491,0C:D2C5:0:0:0,0x0652C5,AC1504,LDY,ABS,UNKNOWN,0|1,DBR:0415,V05C-contexts.csv,SOURCE_PROVED_NOT_YET_ADMITTED
TP07F491,0C:D2C8:0:0:0,0x0652C8,98,TYA,IMP,UNKNOWN,UNKNOWN,NONE,V05C-contexts.csv,SOURCE_PROVED_NOT_YET_ADMITTED
TP07F491,0C:D2C9:0:0:0,0x0652C9,A90500,LDA,IMM_M,UNKNOWN,UNKNOWN,NONE,V05C-contexts.csv,SOURCE_PROVED_NOT_YET_ADMITTED
TP07F491,0C:D2CC:0:0:0,0x0652CC,22A78004,JSL,ABSL_JUMP,UNKNOWN,0,NONE,V05C-contexts.csv,SOURCE_PROVED_NOT_YET_ADMITTED
TP07F491,0C:D2D0:0:0:0,0x0652D0,A8,TAY,IMP,UNKNOWN,UNKNOWN,NONE,V05C-contexts.csv,SOURCE_PROVED_NOT_YET_ADMITTED
TP07F491,0C:D2D1:0:0:0,0x0652D1,18,CLC,IMP,UNKNOWN,UNKNOWN,NONE,V05C-contexts.csv,SOURCE_PROVED_NOT_YET_ADMITTED
TP07F491,0C:D2D2:0:0:0,0x0652D2,690400,ADC,IMM_M,0,UNKNOWN,NONE,V05C-contexts.csv,SOURCE_PROVED_NOT_YET_ADMITTED
TP07F491,0C:D2D5:0:0:0,0x0652D5,A8,TAY,IMP,UNKNOWN,UNKNOWN,NONE,V05C-contexts.csv,SOURCE_PROVED_NOT_YET_ADMITTED
TP07F491,0C:D2D6:0:0:0,0x0652D6,B72B,LDA,DP_IND_LONG_Y,UNKNOWN,UNKNOWN,NONE,V05C-contexts.csv,SOURCE_PROVED_NOT_YET_ADMITTED
TP07F491,0C:D2D8:0:0:0,0x0652D8,29FF00,AND,IMM_M,UNKNOWN,UNKNOWN,NONE,V05C-contexts.csv,SOURCE_PROVED_NOT_YET_ADMITTED
TP07F491,0C:D2DB:0:0:0,0x0652DB,D068,BNE,REL8,UNKNOWN,UNKNOWN,NONE,V05C-contexts.csv,SOURCE_PROVED_NOT_YET_ADMITTED
TP07F491,0C:D2DD:0:0:0,0x0652DD,E210,SEP,IMM8,UNKNOWN,1,NONE,V05C-contexts.csv,SOURCE_PROVED_NOT_YET_ADMITTED
TP07F491,0C:D2DF:0:0:1,0x0652DF,C220,REP,IMM8,UNKNOWN,1,NONE,V05C-contexts.csv,SOURCE_PROVED_NOT_YET_ADMITTED
TP07F491,0C:D2E1:0:0:1,0x0652E1,A91507,LDA,IMM_M,UNKNOWN,1,NONE,V05C-contexts.csv,SOURCE_PROVED_NOT_YET_ADMITTED
TP07F491,0C:D2E4:0:0:1,0x0652E4,A200,LDX,IMM_X,UNKNOWN,0,NONE,V05C-contexts.csv,SOURCE_PROVED_NOT_YET_ADMITTED
TP07F491,0C:D2E6:0:0:1,0x0652E6,8D9207,STA,ABS,UNKNOWN,1,DBR:0792,V05C-contexts.csv,SOURCE_PROVED_NOT_YET_ADMITTED
TP07F491,0C:D2E9:0:0:1,0x0652E9,8E9407,STX,ABS,UNKNOWN,1,DBR:0794,V05C-contexts.csv,SOURCE_PROVED_NOT_YET_ADMITTED
TP07F491,0C:D2EC:0:0:1,0x0652EC,A91800,LDA,IMM_M,UNKNOWN,1,NONE,V05C-contexts.csv,SOURCE_PROVED_NOT_YET_ADMITTED
TP07F491,0C:D2EF:0:0:1,0x0652EF,8D8A07,STA,ABS,UNKNOWN,0,DBR:078A,V05C-contexts.csv,SOURCE_PROVED_NOT_YET_ADMITTED
TP07F491,0C:D2F2:0:0:1,0x0652F2,A91A00,LDA,IMM_M,UNKNOWN,0,NONE,V05C-contexts.csv,SOURCE_PROVED_NOT_YET_ADMITTED
TP07F491,0C:D2F5:0:0:1,0x0652F5,8D8E07,STA,ABS,UNKNOWN,0,DBR:078E,V05C-contexts.csv,SOURCE_PROVED_NOT_YET_ADMITTED
TP07F491,0C:D2F8:0:0:1,0x0652F8,A90030,LDA,IMM_M,UNKNOWN,0,NONE,V05C-contexts.csv,SOURCE_PROVED_NOT_YET_ADMITTED
TP07F491,0C:D2FB:0:0:1,0x0652FB,8D9607,STA,ABS,UNKNOWN,0,DBR:0796,V05C-contexts.csv,SOURCE_PROVED_NOT_YET_ADMITTED
TP07F491,0C:D2FE:0:0:1,0x0652FE,224AA306,JSL,ABSL_JUMP,UNKNOWN,0,NONE,V05C-contexts.csv,SOURCE_PROVED_NOT_YET_ADMITTED
TP07F491,0C:D302:0:0:0,0x065302,C230,REP,IMM8,UNKNOWN,UNKNOWN,NONE,V05C-contexts.csv,SOURCE_PROVED_NOT_YET_ADMITTED
TP07F491,0C:D304:0:0:0,0x065304,AD1504,LDA,ABS,UNKNOWN,UNKNOWN,DBR:0415,V05C-contexts.csv,SOURCE_PROVED_NOT_YET_ADMITTED
TP07F491,0C:D307:0:0:0,0x065307,A23400,LDX,IMM_X,UNKNOWN,UNKNOWN,NONE,V05C-contexts.csv,SOURCE_PROVED_NOT_YET_ADMITTED
TP07F491,0C:D30A:0:0:0,0x06530A,9FC7A67E,STA,ABSL_X,UNKNOWN,0,7E:A6C7+X,V05C-contexts.csv,SOURCE_PROVED_NOT_YET_ADMITTED
TP07F491,0C:D30E:0:0:0,0x06530E,0A,ASL,ACC,UNKNOWN,0,NONE,V05C-contexts.csv,SOURCE_PROVED_NOT_YET_ADMITTED
TP07F491,0C:D30F:0:0:0,0x06530F,A8,TAY,IMP,UNKNOWN,UNKNOWN,NONE,V05C-contexts.csv,SOURCE_PROVED_NOT_YET_ADMITTED
TP07F491,0C:D310:0:0:0,0x065310,E210,SEP,IMM8,UNKNOWN,UNKNOWN,NONE,V05C-contexts.csv,SOURCE_PROVED_NOT_YET_ADMITTED
TP07F491,0C:D312:0:0:1,0x065312,C220,REP,IMM8,UNKNOWN,UNKNOWN,NONE,V05C-contexts.csv,SOURCE_PROVED_NOT_YET_ADMITTED
TP07F491,0C:D314:0:0:1,0x065314,A9DFA9,LDA,IMM_M,UNKNOWN,UNKNOWN,NONE,V05C-contexts.csv,SOURCE_PROVED_NOT_YET_ADMITTED
TP07F491,0C:D317:0:0:1,0x065317,8D6400,STA,ABS,UNKNOWN,0,DBR:0064,V05C-contexts.csv,SOURCE_PROVED_NOT_YET_ADMITTED
TP07F491,0C:D31A:0:0:1,0x06531A,A20B,LDX,IMM_X,UNKNOWN,0,NONE,V05C-contexts.csv,SOURCE_PROVED_NOT_YET_ADMITTED
TP07F491,0C:D31C:0:0:1,0x06531C,8E6600,STX,ABS,UNKNOWN,0,DBR:0066,V05C-contexts.csv,SOURCE_PROVED_NOT_YET_ADMITTED
TP07F491,0C:D31F:0:0:1,0x06531F,B764,LDA,DP_IND_LONG_Y,UNKNOWN,0,NONE,V05C-contexts.csv,SOURCE_PROVED_NOT_YET_ADMITTED
TP07F491,0C:D321:0:0:1,0x065321,8D9207,STA,ABS,UNKNOWN,UNKNOWN,DBR:0792,V05C-contexts.csv,SOURCE_PROVED_NOT_YET_ADMITTED
TP07F491,0C:D324:0:0:1,0x065324,E210,SEP,IMM8,UNKNOWN,UNKNOWN,NONE,V05C-contexts.csv,SOURCE_PROVED_NOT_YET_ADMITTED
TP07F491,0C:D326:0:0:1,0x065326,C220,REP,IMM8,UNKNOWN,UNKNOWN,NONE,V05C-contexts.csv,SOURCE_PROVED_NOT_YET_ADMITTED
TP07F491,0C:D328:0:0:1,0x065328,A20B,LDX,IMM_X,UNKNOWN,UNKNOWN,NONE,V05C-contexts.csv,SOURCE_PROVED_NOT_YET_ADMITTED
TP07F491,0C:D32A:0:0:1,0x06532A,8E9407,STX,ABS,UNKNOWN,0,DBR:0794,V05C-contexts.csv,SOURCE_PROVED_NOT_YET_ADMITTED
TP07F491,0C:D32D:0:0:1,0x06532D,A90E00,LDA,IMM_M,UNKNOWN,0,NONE,V05C-contexts.csv,SOURCE_PROVED_NOT_YET_ADMITTED
TP07F491,0C:D330:0:0:1,0x065330,8D8A07,STA,ABS,UNKNOWN,0,DBR:078A,V05C-contexts.csv,SOURCE_PROVED_NOT_YET_ADMITTED
TP07F491,0C:D333:0:0:1,0x065333,A91A00,LDA,IMM_M,UNKNOWN,0,NONE,V05C-contexts.csv,SOURCE_PROVED_NOT_YET_ADMITTED
TP07F491,0C:D336:0:0:1,0x065336,8D8E07,STA,ABS,UNKNOWN,0,DBR:078E,V05C-contexts.csv,SOURCE_PROVED_NOT_YET_ADMITTED
TP07F491,0C:D339:0:0:1,0x065339,A90030,LDA,IMM_M,UNKNOWN,0,NONE,V05C-contexts.csv,SOURCE_PROVED_NOT_YET_ADMITTED
TP07F491,0C:D33C:0:0:1,0x06533C,8D9607,STA,ABS,UNKNOWN,0,DBR:0796,V05C-contexts.csv,SOURCE_PROVED_NOT_YET_ADMITTED
TP07F491,0C:D33F:0:0:1,0x06533F,224AA306,JSL,ABSL_JUMP,UNKNOWN,0,NONE,V05C-contexts.csv,SOURCE_PROVED_NOT_YET_ADMITTED
TP07F491,0C:D343:0:0:0,0x065343,8012,BRA,REL8,UNKNOWN,UNKNOWN,NONE,V05C-contexts.csv,SOURCE_PROVED_NOT_YET_ADMITTED
TP07F491,0C:D345:0:0:0,0x065345,E210,SEP,IMM8,UNKNOWN,0,NONE,V05C-contexts.csv,SOURCE_PROVED_NOT_YET_ADMITTED
TP07F491,0C:D347:0:0:1,0x065347,C220,REP,IMM8,UNKNOWN,0,NONE,V05C-contexts.csv,SOURCE_PROVED_NOT_YET_ADMITTED
TP07F491,0C:D349:0:0:1,0x065349,EE1504,INC,ABS,UNKNOWN,0,DBR:0415,V05C-contexts.csv,SOURCE_PROVED_NOT_YET_ADMITTED
TP07F491,0C:D34C:0:0:1,0x06534C,AD1504,LDA,ABS,UNKNOWN,UNKNOWN,DBR:0415,V05C-contexts.csv,SOURCE_PROVED_NOT_YET_ADMITTED
TP07F491,0C:D34F:0:0:1,0x06534F,C91400,CMP,IMM_M,UNKNOWN,UNKNOWN,NONE,V05C-contexts.csv,SOURCE_PROVED_NOT_YET_ADMITTED
TP07F491,0C:D352:0:0:1,0x065352,F003,BEQ,REL8,UNKNOWN,UNKNOWN,NONE,V05C-contexts.csv,SOURCE_PROVED_NOT_YET_ADMITTED
TP07F491,0C:D354:0:0:1,0x065354,826CFF,BRL,REL16,UNKNOWN,0,NONE,V05C-contexts.csv,SOURCE_PROVED_NOT_YET_ADMITTED
TP07F491,0C:D357:0:0:0,0x065357,C230,REP,IMM8,UNKNOWN,UNKNOWN,NONE,V05C-contexts.csv,SOURCE_PROVED_NOT_YET_ADMITTED
TP07F491,0C:D357:0:0:1,0x065357,C230,REP,IMM8,UNKNOWN,1,NONE,V05C-contexts.csv,SOURCE_PROVED_NOT_YET_ADMITTED
TP07F491,0C:D359:0:0:0,0x065359,68,PLA,IMP,UNKNOWN,UNKNOWN|1,NONE,V05C-contexts.csv,SOURCE_PROVED_NOT_YET_ADMITTED
TP07F491,0C:D35A:0:0:0,0x06535A,8D1704,STA,ABS,UNKNOWN,UNKNOWN,DBR:0417,V05C-contexts.csv,SOURCE_PROVED_NOT_YET_ADMITTED
TP07F491,0C:D35D:0:0:0,0x06535D,68,PLA,IMP,UNKNOWN,UNKNOWN,NONE,V05C-contexts.csv,SOURCE_PROVED_NOT_YET_ADMITTED
TP07F491,0C:D35E:0:0:0,0x06535E,8D1504,STA,ABS,UNKNOWN,UNKNOWN,DBR:0415,V05C-contexts.csv,SOURCE_PROVED_NOT_YET_ADMITTED
TP07F491,0C:D361:0:0:0,0x065361,E230,SEP,IMM8,UNKNOWN,UNKNOWN,NONE,V05C-contexts.csv,SOURCE_PROVED_NOT_YET_ADMITTED
TP07F491,0C:D361:0:1:1,0x065361,E230,SEP,IMM8,UNKNOWN|1,UNKNOWN,NONE,V05C-contexts.csv,SOURCE_PROVED_NOT_YET_ADMITTED
TP07F491,0C:D363:0:1:1,0x065363,AD4A07,LDA,ABS,UNKNOWN|1,UNKNOWN|0,DBR:074A,V05C-contexts.csv,SOURCE_PROVED_NOT_YET_ADMITTED
TP07F491,0C:D366:0:1:1,0x065366,D0FB,BNE,REL8,UNKNOWN|1,UNKNOWN,NONE,V05C-contexts.csv,SOURCE_PROVED_NOT_YET_ADMITTED
TP07F491,0C:D368:0:1:1,0x065368,A901,LDA,IMM_M,UNKNOWN|1,1,NONE,V05C-contexts.csv,SOURCE_PROVED_NOT_YET_ADMITTED
TP07F491,0C:D36A:0:1:1,0x06536A,8D4A07,STA,ABS,UNKNOWN|1,0,DBR:074A,V05C-contexts.csv,SOURCE_PROVED_NOT_YET_ADMITTED
TP07F491,0C:D36D:0:1:1,0x06536D,9C0D04,STZ,ABS,UNKNOWN|1,0,DBR:040D,V05C-contexts.csv,SOURCE_PROVED_NOT_YET_ADMITTED
TP07F491,0C:D370:0:1:1,0x065370,A990,LDA,IMM_M,UNKNOWN|1,0,NONE,V05C-contexts.csv,SOURCE_PROVED_NOT_YET_ADMITTED
TP07F491,0C:D372:0:1:1,0x065372,8D0A07,STA,ABS,UNKNOWN|1,0,DBR:070A,V05C-contexts.csv,SOURCE_PROVED_NOT_YET_ADMITTED
TP07F491,0C:D375:0:1:1,0x065375,C230,REP,IMM8,UNKNOWN|1,0,NONE,V05C-contexts.csv,SOURCE_PROVED_NOT_YET_ADMITTED
TP07F491,0C:D377:0:0:0,0x065377,AD1D04,LDA,ABS,UNKNOWN|1,0,DBR:041D,V05C-contexts.csv,SOURCE_PROVED_NOT_YET_ADMITTED
TP07F491,0C:D37A:0:0:0,0x06537A,F032,BEQ,REL8,UNKNOWN|1,UNKNOWN,NONE,V05C-contexts.csv,SOURCE_PROVED_NOT_YET_ADMITTED
TP07F491,0C:D37C:0:0:0,0x06537C,2242850C,JSL,ABSL_JUMP,UNKNOWN|1,0,NONE,V05C-contexts.csv,SOURCE_PROVED_NOT_YET_ADMITTED
TP07F491,0C:D380:0:1:1,0x065380,2275F30C,JSL,ABSL_JUMP,UNKNOWN|0|1,1,NONE,V05C-contexts.csv,SOURCE_PROVED_NOT_YET_ADMITTED
TP07F491,0C:D384:0:1:1,0x065384,C230,REP,IMM8,UNKNOWN|0|1,0,NONE,V05C-contexts.csv,SOURCE_PROVED_NOT_YET_ADMITTED
TP07F491,0C:D386:0:0:0,0x065386,CE1D04,DEC,ABS,UNKNOWN|0|1,0,DBR:041D,V05C-contexts.csv,SOURCE_PROVED_NOT_YET_ADMITTED
TP07F491,0C:D389:0:0:0,0x065389,F023,BEQ,REL8,UNKNOWN|0|1,UNKNOWN,NONE,V05C-contexts.csv,SOURCE_PROVED_NOT_YET_ADMITTED
TP07F491,0C:D38B:0:0:0,0x06538B,AD4407,LDA,ABS,UNKNOWN|0|1,0,DBR:0744,V05C-contexts.csv,SOURCE_PROVED_NOT_YET_ADMITTED
TP07F491,0C:D38E:0:0:0,0x06538E,8D4607,STA,ABS,UNKNOWN|0|1,UNKNOWN,DBR:0746,V05C-contexts.csv,SOURCE_PROVED_NOT_YET_ADMITTED
TP07F491,0C:D391:0:0:0,0x065391,22989D0C,JSL,ABSL_JUMP,UNKNOWN|0|1,UNKNOWN,NONE,V05C-contexts.csv,SOURCE_PROVED_NOT_YET_ADMITTED
TP07F491,0C:D395:0:1:1,0x065395,E230,SEP,IMM8,UNKNOWN|0|1,UNKNOWN|0|1,NONE,V05C-contexts.csv,SOURCE_PROVED_NOT_YET_ADMITTED
TP07F491,0C:D397:0:1:1,0x065397,AD4607,LDA,ABS,UNKNOWN|0|1,UNKNOWN|0|1,DBR:0746,V05C-contexts.csv,SOURCE_PROVED_NOT_YET_ADMITTED
TP07F491,0C:D39A:0:1:1,0x06539A,2940,AND,IMM_M,UNKNOWN|0|1,UNKNOWN,NONE,V05C-contexts.csv,SOURCE_PROVED_NOT_YET_ADMITTED
TP07F491,0C:D39C:0:1:1,0x06539C,F0E2,BEQ,REL8,UNKNOWN|0|1,UNKNOWN,NONE,V05C-contexts.csv,SOURCE_PROVED_NOT_YET_ADMITTED
TP07F491,0C:D39E:0:1:1,0x06539E,C230,REP,IMM8,UNKNOWN|0|1,0,NONE,V05C-contexts.csv,SOURCE_PROVED_NOT_YET_ADMITTED
TP07F491,0C:D3A0:0:0:0,0x0653A0,A92823,LDA,IMM_M,UNKNOWN|0|1,0,NONE,V05C-contexts.csv,SOURCE_PROVED_NOT_YET_ADMITTED
TP07F491,0C:D3A3:0:0:0,0x0653A3,8D1D04,STA,ABS,UNKNOWN|0|1,0,DBR:041D,V05C-contexts.csv,SOURCE_PROVED_NOT_YET_ADMITTED
TP07F491,0C:D3A6:0:0:0,0x0653A6,E230,SEP,IMM8,UNKNOWN|0|1,0,NONE,V05C-contexts.csv,SOURCE_PROVED_NOT_YET_ADMITTED
TP07F491,0C:D3A8:0:1:1,0x0653A8,A906,LDA,IMM_M,UNKNOWN|0|1,0,NONE,V05C-contexts.csv,SOURCE_PROVED_NOT_YET_ADMITTED
TP07F491,0C:D3AA:0:1:1,0x0653AA,2214ED04,JSL,ABSL_JUMP,UNKNOWN|0|1,0,NONE,V05C-contexts.csv,SOURCE_PROVED_NOT_YET_ADMITTED
TP07F491,0C:D3AE:0:0:0,0x0653AE,2218850C,JSL,ABSL_JUMP,UNKNOWN|0|1,1,NONE,V05C-contexts.csv,SOURCE_PROVED_NOT_YET_ADMITTED
TP07F491,0C:D3AE:0:1:1,0x0653AE,2218850C,JSL,ABSL_JUMP,1,UNKNOWN,NONE,V05C-contexts.csv,SOURCE_PROVED_NOT_YET_ADMITTED
TP07F491,0C:D3B2:0:1:1,0x0653B2,E230,SEP,IMM8,UNKNOWN|0|1,0|1,NONE,V05C-contexts.csv,SOURCE_PROVED_NOT_YET_ADMITTED
TP07F491,0C:D3B4:0:1:1,0x0653B4,AD0B04,LDA,ABS,UNKNOWN|0|1,0|1,DBR:040B,V05C-contexts.csv,SOURCE_PROVED_NOT_YET_ADMITTED
TP07F491,0C:D3B7:0:1:1,0x0653B7,C90E,CMP,IMM_M,UNKNOWN|0|1,UNKNOWN,NONE,V05C-contexts.csv,SOURCE_PROVED_NOT_YET_ADMITTED
TP07F491,0C:D3B9:0:1:1,0x0653B9,D003,BNE,REL8,UNKNOWN,UNKNOWN,NONE,V05C-contexts.csv,SOURCE_PROVED_NOT_YET_ADMITTED
TP07F491,0C:D3BB:0:1:1,0x0653BB,82D9FB,BRL,REL16,UNKNOWN,1,NONE,V05C-contexts.csv,SOURCE_PROVED_NOT_YET_ADMITTED
TP07F491,0C:D3BE:0:1:1,0x0653BE,E210,SEP,IMM8,UNKNOWN,0,NONE,V05C-contexts.csv,SOURCE_PROVED_NOT_YET_ADMITTED
TP07F491,0C:D3C0:0:1:1,0x0653C0,C220,REP,IMM8,UNKNOWN,0,NONE,V05C-contexts.csv,SOURCE_PROVED_NOT_YET_ADMITTED
TP07F491,0C:D3C2:0:0:1,0x0653C2,A90089,LDA,IMM_M,UNKNOWN,0,NONE,V05C-contexts.csv,SOURCE_PROVED_NOT_YET_ADMITTED
TP07F491,0C:D3C5:0:0:1,0x0653C5,8D6400,STA,ABS,UNKNOWN,0,DBR:0064,V05C-contexts.csv,SOURCE_PROVED_NOT_YET_ADMITTED
TP07F491,0C:D3C8:0:0:1,0x0653C8,A27E,LDX,IMM_X,UNKNOWN,0,NONE,V05C-contexts.csv,SOURCE_PROVED_NOT_YET_ADMITTED
TP07F491,0C:D3CA:0:0:1,0x0653CA,8E6600,STX,ABS,UNKNOWN,0,DBR:0066,V05C-contexts.csv,SOURCE_PROVED_NOT_YET_ADMITTED
TP07F491,0C:D3CD:0:0:1,0x0653CD,C230,REP,IMM8,UNKNOWN,0,NONE,V05C-contexts.csv,SOURCE_PROVED_NOT_YET_ADMITTED
TP07F491,0C:D3CF:0:0:0,0x0653CF,A20000,LDX,IMM_X,UNKNOWN,0,NONE,V05C-contexts.csv,SOURCE_PROVED_NOT_YET_ADMITTED
TP07F491,0C:D3D2:0:0:0,0x0653D2,A02300,LDY,IMM_X,UNKNOWN,0|1,NONE,V05C-contexts.csv,SOURCE_PROVED_NOT_YET_ADMITTED
TP07F491,0C:D3D5:0:0:0,0x0653D5,B764,LDA,DP_IND_LONG_Y,UNKNOWN,0,NONE,V05C-contexts.csv,SOURCE_PROVED_NOT_YET_ADMITTED
TP07F491,0C:D3D7:0:0:0,0x0653D7,A02700,LDY,IMM_X,UNKNOWN,UNKNOWN,NONE,V05C-contexts.csv,SOURCE_PROVED_NOT_YET_ADMITTED
TP07F491,0C:D3DA:0:0:0,0x0653DA,9764,STA,DP_IND_LONG_Y,UNKNOWN,0,NONE,V05C-contexts.csv,SOURCE_PROVED_NOT_YET_ADMITTED
TP07F491,0C:D3DC:0:0:0,0x0653DC,A02500,LDY,IMM_X,UNKNOWN,0,NONE,V05C-contexts.csv,SOURCE_PROVED_NOT_YET_ADMITTED
TP07F491,0C:D3DF:0:0:0,0x0653DF,B764,LDA,DP_IND_LONG_Y,UNKNOWN,0,NONE,V05C-contexts.csv,SOURCE_PROVED_NOT_YET_ADMITTED
TP07F491,0C:D3E1:0:0:0,0x0653E1,A02900,LDY,IMM_X,UNKNOWN,UNKNOWN,NONE,V05C-contexts.csv,SOURCE_PROVED_NOT_YET_ADMITTED
TP07F491,0C:D3E4:0:0:0,0x0653E4,9764,STA,DP_IND_LONG_Y,UNKNOWN,0,NONE,V05C-contexts.csv,SOURCE_PROVED_NOT_YET_ADMITTED
TP07F491,0C:D3E6:0:0:0,0x0653E6,A02300,LDY,IMM_X,UNKNOWN,0,NONE,V05C-contexts.csv,SOURCE_PROVED_NOT_YET_ADMITTED
TP07F491,0C:D3E9:0:0:0,0x0653E9,A90000,LDA,IMM_M,UNKNOWN,0,NONE,V05C-contexts.csv,SOURCE_PROVED_NOT_YET_ADMITTED
TP07F491,0C:D3EC:0:0:0,0x0653EC,9764,STA,DP_IND_LONG_Y,UNKNOWN,1,NONE,V05C-contexts.csv,SOURCE_PROVED_NOT_YET_ADMITTED
TP07F491,0C:D3EE:0:0:0,0x0653EE,A02500,LDY,IMM_X,UNKNOWN,1,NONE,V05C-contexts.csv,SOURCE_PROVED_NOT_YET_ADMITTED
TP07F491,0C:D3F1:0:0:0,0x0653F1,9764,STA,DP_IND_LONG_Y,UNKNOWN,0,NONE,V05C-contexts.csv,SOURCE_PROVED_NOT_YET_ADMITTED
TP07F491,0C:D3F3:0:0:0,0x0653F3,A02B00,LDY,IMM_X,UNKNOWN,0,NONE,V05C-contexts.csv,SOURCE_PROVED_NOT_YET_ADMITTED
TP07F491,0C:D3F6:0:0:0,0x0653F6,B764,LDA,DP_IND_LONG_Y,UNKNOWN,0,NONE,V05C-contexts.csv,SOURCE_PROVED_NOT_YET_ADMITTED
TP07F491,0C:D3F8:0:0:0,0x0653F8,A02F00,LDY,IMM_X,UNKNOWN,UNKNOWN,NONE,V05C-contexts.csv,SOURCE_PROVED_NOT_YET_ADMITTED
TP07F491,0C:D3FB:0:0:0,0x0653FB,9764,STA,DP_IND_LONG_Y,UNKNOWN,0,NONE,V05C-contexts.csv,SOURCE_PROVED_NOT_YET_ADMITTED
TP07F491,0C:D3FD:0:0:0,0x0653FD,A02D00,LDY,IMM_X,UNKNOWN,0,NONE,V05C-contexts.csv,SOURCE_PROVED_NOT_YET_ADMITTED
TP07F491,0C:D400:0:0:0,0x065400,B764,LDA,DP_IND_LONG_Y,UNKNOWN,0,NONE,V05C-contexts.csv,SOURCE_PROVED_NOT_YET_ADMITTED
TP07F491,0C:D402:0:0:0,0x065402,A03100,LDY,IMM_X,UNKNOWN,UNKNOWN,NONE,V05C-contexts.csv,SOURCE_PROVED_NOT_YET_ADMITTED
TP07F491,0C:D405:0:0:0,0x065405,9764,STA,DP_IND_LONG_Y,UNKNOWN,0,NONE,V05C-contexts.csv,SOURCE_PROVED_NOT_YET_ADMITTED
TP07F491,0C:D407:0:0:0,0x065407,A02B00,LDY,IMM_X,UNKNOWN,0,NONE,V05C-contexts.csv,SOURCE_PROVED_NOT_YET_ADMITTED
TP07F491,0C:D40A:0:0:0,0x06540A,A90000,LDA,IMM_M,UNKNOWN,0,NONE,V05C-contexts.csv,SOURCE_PROVED_NOT_YET_ADMITTED
TP07F491,0C:D40D:0:0:0,0x06540D,9764,STA,DP_IND_LONG_Y,UNKNOWN,1,NONE,V05C-contexts.csv,SOURCE_PROVED_NOT_YET_ADMITTED
TP07F491,0C:D40F:0:0:0,0x06540F,A02D00,LDY,IMM_X,UNKNOWN,1,NONE,V05C-contexts.csv,SOURCE_PROVED_NOT_YET_ADMITTED
TP07F491,0C:D412:0:0:0,0x065412,9764,STA,DP_IND_LONG_Y,UNKNOWN,0,NONE,V05C-contexts.csv,SOURCE_PROVED_NOT_YET_ADMITTED
TP07F491,0C:D414:0:0:0,0x065414,A04300,LDY,IMM_X,UNKNOWN,0,NONE,V05C-contexts.csv,SOURCE_PROVED_NOT_YET_ADMITTED
TP07F491,0C:D417:0:0:0,0x065417,A90000,LDA,IMM_M,UNKNOWN,0,NONE,V05C-contexts.csv,SOURCE_PROVED_NOT_YET_ADMITTED
TP07F491,0C:D41A:0:0:0,0x06541A,9764,STA,DP_IND_LONG_Y,UNKNOWN,1,NONE,V05C-contexts.csv,SOURCE_PROVED_NOT_YET_ADMITTED
TP07F491,0C:D41C:0:0:0,0x06541C,A04500,LDY,IMM_X,UNKNOWN,1,NONE,V05C-contexts.csv,SOURCE_PROVED_NOT_YET_ADMITTED
TP07F491,0C:D41F:0:0:0,0x06541F,9764,STA,DP_IND_LONG_Y,UNKNOWN,0,NONE,V05C-contexts.csv,SOURCE_PROVED_NOT_YET_ADMITTED
TP07F491,0C:D421:0:0:0,0x065421,A03300,LDY,IMM_X,UNKNOWN,0,NONE,V05C-contexts.csv,SOURCE_PROVED_NOT_YET_ADMITTED
TP07F491,0C:D424:0:0:0,0x065424,B764,LDA,DP_IND_LONG_Y,UNKNOWN,0,NONE,V05C-contexts.csv,SOURCE_PROVED_NOT_YET_ADMITTED
TP07F491,0C:D426:0:0:0,0x065426,A03500,LDY,IMM_X,UNKNOWN,UNKNOWN,NONE,V05C-contexts.csv,SOURCE_PROVED_NOT_YET_ADMITTED
TP07F491,0C:D429:0:0:0,0x065429,9764,STA,DP_IND_LONG_Y,UNKNOWN,0,NONE,V05C-contexts.csv,SOURCE_PROVED_NOT_YET_ADMITTED
TP07F491,0C:D42B:0:0:0,0x06542B,A03500,LDY,IMM_X,UNKNOWN,0,NONE,V05C-contexts.csv,SOURCE_PROVED_NOT_YET_ADMITTED
TP07F491,0C:D42E:0:0:0,0x06542E,B764,LDA,DP_IND_LONG_Y,UNKNOWN,0,NONE,V05C-contexts.csv,SOURCE_PROVED_NOT_YET_ADMITTED
TP07F491,0C:D430:0:0:0,0x065430,A03700,LDY,IMM_X,UNKNOWN,UNKNOWN,NONE,V05C-contexts.csv,SOURCE_PROVED_NOT_YET_ADMITTED
TP07F491,0C:D433:0:0:0,0x065433,9764,STA,DP_IND_LONG_Y,UNKNOWN,0,NONE,V05C-contexts.csv,SOURCE_PROVED_NOT_YET_ADMITTED
TP07F491,0C:D435:0:0:0,0x065435,A03300,LDY,IMM_X,UNKNOWN,0,NONE,V05C-contexts.csv,SOURCE_PROVED_NOT_YET_ADMITTED
TP07F491,0C:D438:0:0:0,0x065438,A90000,LDA,IMM_M,UNKNOWN,0,NONE,V05C-contexts.csv,SOURCE_PROVED_NOT_YET_ADMITTED
TP07F491,0C:D43B:0:0:0,0x06543B,9764,STA,DP_IND_LONG_Y,UNKNOWN,1,NONE,V05C-contexts.csv,SOURCE_PROVED_NOT_YET_ADMITTED
TP07F491,0C:D43D:0:0:0,0x06543D,A03500,LDY,IMM_X,UNKNOWN,1,NONE,V05C-contexts.csv,SOURCE_PROVED_NOT_YET_ADMITTED
TP07F491,0C:D440:0:0:0,0x065440,9764,STA,DP_IND_LONG_Y,UNKNOWN,0,NONE,V05C-contexts.csv,SOURCE_PROVED_NOT_YET_ADMITTED
TP07F491,0C:D442:0:0:0,0x065442,A03700,LDY,IMM_X,UNKNOWN,0,NONE,V05C-contexts.csv,SOURCE_PROVED_NOT_YET_ADMITTED
TP07F491,0C:D445:0:0:0,0x065445,A90000,LDA,IMM_M,UNKNOWN,0,NONE,V05C-contexts.csv,SOURCE_PROVED_NOT_YET_ADMITTED
TP07F491,0C:D448:0:0:0,0x065448,9764,STA,DP_IND_LONG_Y,UNKNOWN,1,NONE,V05C-contexts.csv,SOURCE_PROVED_NOT_YET_ADMITTED
TP07F491,0C:D44A:0:0:0,0x06544A,A03900,LDY,IMM_X,UNKNOWN,1,NONE,V05C-contexts.csv,SOURCE_PROVED_NOT_YET_ADMITTED
TP07F491,0C:D44D:0:0:0,0x06544D,9764,STA,DP_IND_LONG_Y,UNKNOWN,0,NONE,V05C-contexts.csv,SOURCE_PROVED_NOT_YET_ADMITTED
TP07F491,0C:D44F:0:0:0,0x06544F,A03F00,LDY,IMM_X,UNKNOWN,0,NONE,V05C-contexts.csv,SOURCE_PROVED_NOT_YET_ADMITTED
TP07F491,0C:D452:0:0:0,0x065452,A90000,LDA,IMM_M,UNKNOWN,0,NONE,V05C-contexts.csv,SOURCE_PROVED_NOT_YET_ADMITTED
TP07F491,0C:D455:0:0:0,0x065455,9764,STA,DP_IND_LONG_Y,UNKNOWN,1,NONE,V05C-contexts.csv,SOURCE_PROVED_NOT_YET_ADMITTED
TP07F491,0C:D457:0:0:0,0x065457,A04100,LDY,IMM_X,UNKNOWN,1,NONE,V05C-contexts.csv,SOURCE_PROVED_NOT_YET_ADMITTED
TP07F491,0C:D45A:0:0:0,0x06545A,9764,STA,DP_IND_LONG_Y,UNKNOWN,0,NONE,V05C-contexts.csv,SOURCE_PROVED_NOT_YET_ADMITTED
TP07F491,0C:D45C:0:0:0,0x06545C,AD6400,LDA,ABS,UNKNOWN,0,DBR:0064,V05C-contexts.csv,SOURCE_PROVED_NOT_YET_ADMITTED
TP07F491,0C:D45F:0:0:0,0x06545F,18,CLC,IMP,UNKNOWN,UNKNOWN,NONE,V05C-contexts.csv,SOURCE_PROVED_NOT_YET_ADMITTED
TP07F491,0C:D460:0:0:0,0x065460,69F200,ADC,IMM_M,0,UNKNOWN,NONE,V05C-contexts.csv,SOURCE_PROVED_NOT_YET_ADMITTED
TP07F491,0C:D463:0:0:0,0x065463,8D6400,STA,ABS,UNKNOWN,UNKNOWN,DBR:0064,V05C-contexts.csv,SOURCE_PROVED_NOT_YET_ADMITTED
TP07F491,0C:D466:0:0:0,0x065466,E8,INX,IMP,UNKNOWN,UNKNOWN,NONE,V05C-contexts.csv,SOURCE_PROVED_NOT_YET_ADMITTED
TP07F491,0C:D467:0:0:0,0x065467,E01400,CPX,IMM_X,UNKNOWN,UNKNOWN,NONE,V05C-contexts.csv,SOURCE_PROVED_NOT_YET_ADMITTED
TP07F491,0C:D46A:0:0:0,0x06546A,F003,BEQ,REL8,UNKNOWN,UNKNOWN,NONE,V05C-contexts.csv,SOURCE_PROVED_NOT_YET_ADMITTED
TP07F491,0C:D46C:0:0:0,0x06546C,8263FF,BRL,REL16,UNKNOWN,0,NONE,V05C-contexts.csv,SOURCE_PROVED_NOT_YET_ADMITTED
TP07F491,0C:D46F:0:0:0,0x06546F,C230,REP,IMM8,UNKNOWN,1,NONE,V05C-contexts.csv,SOURCE_PROVED_NOT_YET_ADMITTED
TP07F491,0C:D471:0:0:0,0x065471,A0C304,LDY,IMM_X,UNKNOWN,1,NONE,V05C-contexts.csv,SOURCE_PROVED_NOT_YET_ADMITTED
TP07F491,0C:D474:0:0:0,0x065474,ADB81F,LDA,ABS,UNKNOWN,0,DBR:1FB8,V05C-contexts.csv,SOURCE_PROVED_NOT_YET_ADMITTED
TP07F491,0C:D477:0:0:0,0x065477,975E,STA,DP_IND_LONG_Y,UNKNOWN,UNKNOWN,NONE,V05C-contexts.csv,SOURCE_PROVED_NOT_YET_ADMITTED
TP07F491,0C:D479:0:0:0,0x065479,A0C504,LDY,IMM_X,UNKNOWN,UNKNOWN,NONE,V05C-contexts.csv,SOURCE_PROVED_NOT_YET_ADMITTED
TP07F491,0C:D47C:0:0:0,0x06547C,ADBA1F,LDA,ABS,UNKNOWN,0,DBR:1FBA,V05C-contexts.csv,SOURCE_PROVED_NOT_YET_ADMITTED
TP07F491,0C:D47F:0:0:0,0x06547F,975E,STA,DP_IND_LONG_Y,UNKNOWN,UNKNOWN,NONE,V05C-contexts.csv,SOURCE_PROVED_NOT_YET_ADMITTED
TP07F491,0C:D481:0:0:0,0x065481,A0C704,LDY,IMM_X,UNKNOWN,UNKNOWN,NONE,V05C-contexts.csv,SOURCE_PROVED_NOT_YET_ADMITTED
TP07F491,0C:D484:0:0:0,0x065484,B75E,LDA,DP_IND_LONG_Y,UNKNOWN,0,NONE,V05C-contexts.csv,SOURCE_PROVED_NOT_YET_ADMITTED
TP07F491,0C:D486:0:0:0,0x065486,8D8A07,STA,ABS,UNKNOWN,UNKNOWN,DBR:078A,V05C-contexts.csv,SOURCE_PROVED_NOT_YET_ADMITTED
TP07F491,0C:D489:0:0:0,0x065489,A0C904,LDY,IMM_X,UNKNOWN,UNKNOWN,NONE,V05C-contexts.csv,SOURCE_PROVED_NOT_YET_ADMITTED
TP07F491,0C:D48C:0:0:0,0x06548C,B75E,LDA,DP_IND_LONG_Y,UNKNOWN,0,NONE,V05C-contexts.csv,SOURCE_PROVED_NOT_YET_ADMITTED
TP07F491,0C:D48E:0:0:0,0x06548E,8D8C07,STA,ABS,UNKNOWN,UNKNOWN,DBR:078C,V05C-contexts.csv,SOURCE_PROVED_NOT_YET_ADMITTED
TP07F491,0C:D491:0:0:0,0x065491,A0CB04,LDY,IMM_X,UNKNOWN,UNKNOWN,NONE,V05C-contexts.csv,SOURCE_PROVED_NOT_YET_ADMITTED
TP07F491,0C:D494:0:0:0,0x065494,AD8A07,LDA,ABS,UNKNOWN,0,DBR:078A,V05C-contexts.csv,SOURCE_PROVED_NOT_YET_ADMITTED
TP07F491,0C:D497:0:0:0,0x065497,38,SEC,IMP,UNKNOWN,UNKNOWN,NONE,V05C-contexts.csv,SOURCE_PROVED_NOT_YET_ADMITTED
TP07F491,0C:D498:0:0:0,0x065498,F75E,SBC,DP_IND_LONG_Y,1,UNKNOWN,NONE,V05C-contexts.csv,SOURCE_PROVED_NOT_YET_ADMITTED
TP07F491,0C:D49A:0:0:0,0x06549A,8D8A07,STA,ABS,UNKNOWN,UNKNOWN,DBR:078A,V05C-contexts.csv,SOURCE_PROVED_NOT_YET_ADMITTED
TP07F491,0C:D49D:0:0:0,0x06549D,A0CD04,LDY,IMM_X,UNKNOWN,UNKNOWN,NONE,V05C-contexts.csv,SOURCE_PROVED_NOT_YET_ADMITTED
TP07F491,0C:D4A0:0:0:0,0x0654A0,AD8C07,LDA,ABS,UNKNOWN,0,DBR:078C,V05C-contexts.csv,SOURCE_PROVED_NOT_YET_ADMITTED
TP07F491,0C:D4A3:0:0:0,0x0654A3,F75E,SBC,DP_IND_LONG_Y,UNKNOWN,UNKNOWN,NONE,V05C-contexts.csv,SOURCE_PROVED_NOT_YET_ADMITTED
TP07F491,0C:D4A5:0:0:0,0x0654A5,8D8C07,STA,ABS,UNKNOWN,UNKNOWN,DBR:078C,V05C-contexts.csv,SOURCE_PROVED_NOT_YET_ADMITTED
TP07F491,0C:D4A8:0:0:0,0x0654A8,1006,BPL,REL8,UNKNOWN,UNKNOWN,NONE,V05C-contexts.csv,SOURCE_PROVED_NOT_YET_ADMITTED
TP07F491,0C:D4AA:0:0:0,0x0654AA,9C8A07,STZ,ABS,UNKNOWN,UNKNOWN,DBR:078A,V05C-contexts.csv,SOURCE_PROVED_NOT_YET_ADMITTED
TP07F491,0C:D4AD:0:0:0,0x0654AD,9C8C07,STZ,ABS,UNKNOWN,UNKNOWN,DBR:078C,V05C-contexts.csv,SOURCE_PROVED_NOT_YET_ADMITTED
TP07F491,0C:D4B0:0:0:0,0x0654B0,18,CLC,IMP,UNKNOWN,UNKNOWN,NONE,V05C-contexts.csv,SOURCE_PROVED_NOT_YET_ADMITTED
TP07F491,0C:D4B1:0:0:0,0x0654B1,2E8A07,ROL,ABS,0,UNKNOWN,DBR:078A,V05C-contexts.csv,SOURCE_PROVED_NOT_YET_ADMITTED
TP07F491,0C:D4B4:0:0:0,0x0654B4,2E8C07,ROL,ABS,UNKNOWN,UNKNOWN,DBR:078C,V05C-contexts.csv,SOURCE_PROVED_NOT_YET_ADMITTED
TP07F491,0C:D4B7:0:0:0,0x0654B7,18,CLC,IMP,UNKNOWN,UNKNOWN,NONE,V05C-contexts.csv,SOURCE_PROVED_NOT_YET_ADMITTED
TP07F491,0C:D4B8:0:0:0,0x0654B8,2E8A07,ROL,ABS,0,UNKNOWN,DBR:078A,V05C-contexts.csv,SOURCE_PROVED_NOT_YET_ADMITTED
TP07F491,0C:D4BB:0:0:0,0x0654BB,2E8C07,ROL,ABS,UNKNOWN,UNKNOWN,DBR:078C,V05C-contexts.csv,SOURCE_PROVED_NOT_YET_ADMITTED
TP07F491,0C:D4BE:0:0:0,0x0654BE,18,CLC,IMP,UNKNOWN,UNKNOWN,NONE,V05C-contexts.csv,SOURCE_PROVED_NOT_YET_ADMITTED
TP07F491,0C:D4BF:0:0:0,0x0654BF,2E8A07,ROL,ABS,0,UNKNOWN,DBR:078A,V05C-contexts.csv,SOURCE_PROVED_NOT_YET_ADMITTED
TP07F491,0C:D4C2:0:0:0,0x0654C2,2E8C07,ROL,ABS,UNKNOWN,UNKNOWN,DBR:078C,V05C-contexts.csv,SOURCE_PROVED_NOT_YET_ADMITTED
TP07F491,0C:D4C5:0:0:0,0x0654C5,A01900,LDY,IMM_X,UNKNOWN,UNKNOWN,NONE,V05C-contexts.csv,SOURCE_PROVED_NOT_YET_ADMITTED
TP07F491,0C:D4C8:0:0:0,0x0654C8,B75B,LDA,DP_IND_LONG_Y,UNKNOWN,0,NONE,V05C-contexts.csv,SOURCE_PROVED_NOT_YET_ADMITTED
TP07F491,0C:D4CA:0:0:0,0x0654CA,8D8E07,STA,ABS,UNKNOWN,UNKNOWN,DBR:078E,V05C-contexts.csv,SOURCE_PROVED_NOT_YET_ADMITTED
TP07F491,0C:D4CD:0:0:0,0x0654CD,A01B00,LDY,IMM_X,UNKNOWN,UNKNOWN,NONE,V05C-contexts.csv,SOURCE_PROVED_NOT_YET_ADMITTED
TP07F491,0C:D4D0:0:0:0,0x0654D0,B75B,LDA,DP_IND_LONG_Y,UNKNOWN,0,NONE,V05C-contexts.csv,SOURCE_PROVED_NOT_YET_ADMITTED
TP07F491,0C:D4D2:0:0:0,0x0654D2,8D9007,STA,ABS,UNKNOWN,UNKNOWN,DBR:0790,V05C-contexts.csv,SOURCE_PROVED_NOT_YET_ADMITTED
TP07F491,0C:D4D5:0:0:0,0x0654D5,18,CLC,IMP,UNKNOWN,UNKNOWN,NONE,V05C-contexts.csv,SOURCE_PROVED_NOT_YET_ADMITTED
TP07F491,0C:D4D6:0:0:0,0x0654D6,6E9007,ROR,ABS,0,UNKNOWN,DBR:0790,V05C-contexts.csv,SOURCE_PROVED_NOT_YET_ADMITTED
TP07F491,0C:D4D9:0:0:0,0x0654D9,6E8E07,ROR,ABS,UNKNOWN,UNKNOWN,DBR:078E,V05C-contexts.csv,SOURCE_PROVED_NOT_YET_ADMITTED
TP07F491,0C:D4DC:0:0:0,0x0654DC,AD8E07,LDA,ABS,UNKNOWN,UNKNOWN,DBR:078E,V05C-contexts.csv,SOURCE_PROVED_NOT_YET_ADMITTED
TP07F491,0C:D4DF:0:0:0,0x0654DF,18,CLC,IMP,UNKNOWN,UNKNOWN,NONE,V05C-contexts.csv,SOURCE_PROVED_NOT_YET_ADMITTED
TP07F491,0C:D4E0:0:0:0,0x0654E0,6D8A07,ADC,ABS,0,UNKNOWN,DBR:078A,V05C-contexts.csv,SOURCE_PROVED_NOT_YET_ADMITTED
TP07F491,0C:D4E3:0:0:0,0x0654E3,8DB81F,STA,ABS,UNKNOWN,UNKNOWN,DBR:1FB8,V05C-contexts.csv,SOURCE_PROVED_NOT_YET_ADMITTED
TP07F491,0C:D4E6:0:0:0,0x0654E6,AD9007,LDA,ABS,UNKNOWN,UNKNOWN,DBR:0790,V05C-contexts.csv,SOURCE_PROVED_NOT_YET_ADMITTED
TP07F491,0C:D4E9:0:0:0,0x0654E9,6D8C07,ADC,ABS,UNKNOWN,UNKNOWN,DBR:078C,V05C-contexts.csv,SOURCE_PROVED_NOT_YET_ADMITTED
TP07F491,0C:D4EC:0:0:0,0x0654EC,8DBA1F,STA,ABS,UNKNOWN,UNKNOWN,DBR:1FBA,V05C-contexts.csv,SOURCE_PROVED_NOT_YET_ADMITTED
TP07F491,0C:D4EF:0:0:0,0x0654EF,C90200,CMP,IMM_M,UNKNOWN,UNKNOWN,NONE,V05C-contexts.csv,SOURCE_PROVED_NOT_YET_ADMITTED
TP07F491,0C:D4F2:0:0:0,0x0654F2,9018,BCC,REL8,UNKNOWN,UNKNOWN,NONE,V05C-contexts.csv,SOURCE_PROVED_NOT_YET_ADMITTED
TP07F491,0C:D4F4:0:0:0,0x0654F4,F00E,BEQ,REL8,1,UNKNOWN,NONE,V05C-contexts.csv,SOURCE_PROVED_NOT_YET_ADMITTED
TP07F491,0C:D4F6:0:0:0,0x0654F6,A90200,LDA,IMM_M,1,UNKNOWN|0,NONE,V05C-contexts.csv,SOURCE_PROVED_NOT_YET_ADMITTED
TP07F491,0C:D4F9:0:0:0,0x0654F9,8DBA1F,STA,ABS,1,0,DBR:1FBA,V05C-contexts.csv,SOURCE_PROVED_NOT_YET_ADMITTED
TP07F491,0C:D4FC:0:0:0,0x0654FC,A9F049,LDA,IMM_M,1,0,NONE,V05C-contexts.csv,SOURCE_PROVED_NOT_YET_ADMITTED
TP07F491,0C:D4FF:0:0:0,0x0654FF,8DB81F,STA,ABS,1,0,DBR:1FB8,V05C-contexts.csv,SOURCE_PROVED_NOT_YET_ADMITTED
TP07F491,0C:D502:0:0:0,0x065502,8008,BRA,REL8,1,0,NONE,V05C-contexts.csv,SOURCE_PROVED_NOT_YET_ADMITTED
TP07F491,0C:D504:0:0:0,0x065504,ADB81F,LDA,ABS,1,1,DBR:1FB8,V05C-contexts.csv,SOURCE_PROVED_NOT_YET_ADMITTED
TP07F491,0C:D507:0:0:0,0x065507,C9F149,CMP,IMM_M,1,UNKNOWN,NONE,V05C-contexts.csv,SOURCE_PROVED_NOT_YET_ADMITTED
TP07F491,0C:D50A:0:0:0,0x06550A,B0EA,BCS,REL8,UNKNOWN,UNKNOWN,NONE,V05C-contexts.csv,SOURCE_PROVED_NOT_YET_ADMITTED
TP07F491,0C:D50C:0:0:0,0x06550C,ADB81F,LDA,ABS,0|1,UNKNOWN|0,DBR:1FB8,V05C-contexts.csv,SOURCE_PROVED_NOT_YET_ADMITTED
TP07F491,0C:D50F:0:0:0,0x06550F,8D8A07,STA,ABS,0|1,UNKNOWN,DBR:078A,V05C-contexts.csv,SOURCE_PROVED_NOT_YET_ADMITTED
TP07F491,0C:D512:0:0:0,0x065512,ADBA1F,LDA,ABS,0|1,UNKNOWN,DBR:1FBA,V05C-contexts.csv,SOURCE_PROVED_NOT_YET_ADMITTED
TP07F491,0C:D515:0:0:0,0x065515,8D8C07,STA,ABS,0|1,UNKNOWN,DBR:078C,V05C-contexts.csv,SOURCE_PROVED_NOT_YET_ADMITTED
TP07F491,0C:D518:0:0:0,0x065518,A9E803,LDA,IMM_M,0|1,UNKNOWN,NONE,V05C-contexts.csv,SOURCE_PROVED_NOT_YET_ADMITTED
TP07F491,0C:D51B:0:0:0,0x06551B,8D8E07,STA,ABS,0|1,0,DBR:078E,V05C-contexts.csv,SOURCE_PROVED_NOT_YET_ADMITTED
TP07F491,0C:D51E:0:0:0,0x06551E,9C9007,STZ,ABS,0|1,0,DBR:0790,V05C-contexts.csv,SOURCE_PROVED_NOT_YET_ADMITTED
TP07F491,0C:D521:0:0:0,0x065521,227EF807,JSL,ABSL_JUMP,0|1,0,NONE,V05C-contexts.csv,SOURCE_PROVED_NOT_YET_ADMITTED
TP07F491,0C:D525:0:0:0,0x065525,C230,REP,IMM8,UNKNOWN|0|1,UNKNOWN,NONE,V05C-contexts.csv,SOURCE_PROVED_NOT_YET_ADMITTED
TP07F491,0C:D527:0:0:0,0x065527,A9E803,LDA,IMM_M,UNKNOWN|0|1,UNKNOWN,NONE,V05C-contexts.csv,SOURCE_PROVED_NOT_YET_ADMITTED
TP07F491,0C:D52A:0:0:0,0x06552A,8D8A07,STA,ABS,UNKNOWN|0|1,0,DBR:078A,V05C-contexts.csv,SOURCE_PROVED_NOT_YET_ADMITTED
TP07F491,0C:D52D:0:0:0,0x06552D,9C8C07,STZ,ABS,UNKNOWN|0|1,0,DBR:078C,V05C-contexts.csv,SOURCE_PROVED_NOT_YET_ADMITTED
TP07F491,0C:D530:0:0:0,0x065530,229AFA07,JSL,ABSL_JUMP,UNKNOWN|0|1,0,NONE,V05C-contexts.csv,SOURCE_PROVED_NOT_YET_ADMITTED
TP07F491,0C:D534:0:0:0,0x065534,C230,REP,IMM8,UNKNOWN|0|1,1,NONE,V05C-contexts.csv,SOURCE_PROVED_NOT_YET_ADMITTED
TP07F491,0C:D536:0:0:0,0x065536,ADA207,LDA,ABS,UNKNOWN|0|1,1,DBR:07A2,V05C-contexts.csv,SOURCE_PROVED_NOT_YET_ADMITTED
TP07F491,0C:D539:0:0:0,0x065539,8DB81F,STA,ABS,UNKNOWN|0|1,UNKNOWN,DBR:1FB8,V05C-contexts.csv,SOURCE_PROVED_NOT_YET_ADMITTED
TP07F491,0C:D53C:0:0:0,0x06553C,ADA407,LDA,ABS,UNKNOWN|0|1,UNKNOWN,DBR:07A4,V05C-contexts.csv,SOURCE_PROVED_NOT_YET_ADMITTED
TP07F491,0C:D53F:0:0:0,0x06553F,8DBA1F,STA,ABS,UNKNOWN|0|1,UNKNOWN,DBR:1FBA,V05C-contexts.csv,SOURCE_PROVED_NOT_YET_ADMITTED
TP07F491,0C:D542:0:0:0,0x065542,2258DA0C,JSL,ABSL_JUMP,UNKNOWN|0|1,UNKNOWN,NONE,V05C-contexts.csv,SOURCE_PROVED_NOT_YET_ADMITTED
TP07F491,0C:D546:0:0:0,0x065546,22478307,JSL,ABSL_JUMP,UNKNOWN|0|1,UNKNOWN,NONE,V05C-contexts.csv,SOURCE_PROVED_NOT_YET_ADMITTED
TP07F491,0C:D54A:0:0:0,0x06554A,22598007,JSL,ABSL_JUMP,UNKNOWN|0|1,UNKNOWN,NONE,V05C-contexts.csv,SOURCE_PROVED_NOT_YET_ADMITTED
TP07F491,0C:D54E:0:1:1,0x06554E,221C840C,JSL,ABSL_JUMP,UNKNOWN,0,NONE,V05C-contexts.csv,SOURCE_PROVED_NOT_YET_ADMITTED
TP07F491,0C:D552:0:1:0,0x065552,E220,SEP,IMM8,UNKNOWN,0,NONE,V05C-contexts.csv,SOURCE_PROVED_NOT_YET_ADMITTED
TP07F491,0C:D554:0:1:0,0x065554,C210,REP,IMM8,UNKNOWN,0,NONE,V05C-contexts.csv,SOURCE_PROVED_NOT_YET_ADMITTED
TP07F491,0C:D556:0:1:0,0x065556,A901,LDA,IMM_M,UNKNOWN,0,NONE,V05C-contexts.csv,SOURCE_PROVED_NOT_YET_ADMITTED
TP07F491,0C:D558:0:1:0,0x065558,8D4E07,STA,ABS,UNKNOWN,0,DBR:074E,V05C-contexts.csv,SOURCE_PROVED_NOT_YET_ADMITTED
TP07F491,0C:D55B:0:1:0,0x06555B,ADBE07,LDA,ABS,UNKNOWN,0,DBR:07BE,V05C-contexts.csv,SOURCE_PROVED_NOT_YET_ADMITTED
TP07F491,0C:D55E:0:1:0,0x06555E,C902,CMP,IMM_M,UNKNOWN,UNKNOWN,NONE,V05C-contexts.csv,SOURCE_PROVED_NOT_YET_ADMITTED
TP07F491,0C:D560:0:1:0,0x065560,D005,BNE,REL8,UNKNOWN,UNKNOWN,NONE,V05C-contexts.csv,SOURCE_PROVED_NOT_YET_ADMITTED
TP07F491,0C:D562:0:1:0,0x065562,A901,LDA,IMM_M,UNKNOWN,1,NONE,V05C-contexts.csv,SOURCE_PROVED_NOT_YET_ADMITTED
TP07F491,0C:D564:0:1:0,0x065564,8DBE07,STA,ABS,UNKNOWN,0,DBR:07BE,V05C-contexts.csv,SOURCE_PROVED_NOT_YET_ADMITTED
TP07F491,0C:D567:0:1:0,0x065567,22308207,JSL,ABSL_JUMP,UNKNOWN,0,NONE,V05C-contexts.csv,SOURCE_PROVED_NOT_YET_ADMITTED
TP07F491,0C:D56B:0:0:1,0x06556B,2209890C,JSL,ABSL_JUMP,UNKNOWN,0,NONE,V05C-contexts.csv,SOURCE_PROVED_NOT_YET_ADMITTED
TP07F491,0C:D56F:0:1:0,0x06556F,E230,SEP,IMM8,UNKNOWN,0,NONE,V05C-contexts.csv,SOURCE_PROVED_NOT_YET_ADMITTED
TP07F491,0C:D571:0:1:1,0x065571,AD2907,LDA,ABS,UNKNOWN,0,DBR:0729,V05C-contexts.csv,SOURCE_PROVED_NOT_YET_ADMITTED
TP07F491,0C:D574:0:1:1,0x065574,302A,BMI,REL8,UNKNOWN,UNKNOWN,NONE,V05C-contexts.csv,SOURCE_PROVED_NOT_YET_ADMITTED
TP07F491,0C:D576:0:1:1,0x065576,C230,REP,IMM8,UNKNOWN,UNKNOWN,NONE,V05C-contexts.csv,SOURCE_PROVED_NOT_YET_ADMITTED
TP07F491,0C:D578:0:0:0,0x065578,A90000,LDA,IMM_M,UNKNOWN,UNKNOWN,NONE,V05C-contexts.csv,SOURCE_PROVED_NOT_YET_ADMITTED
TP07F491,0C:D57B:0:0:0,0x06557B,8D0A07,STA,ABS,UNKNOWN,1,DBR:070A,V05C-contexts.csv,SOURCE_PROVED_NOT_YET_ADMITTED
TP07F491,0C:D57E:0:0:0,0x06557E,9C421F,STZ,ABS,UNKNOWN,1,DBR:1F42,V05C-contexts.csv,SOURCE_PROVED_NOT_YET_ADMITTED
TP07F491,0C:D581:0:0:0,0x065581,E230,SEP,IMM8,UNKNOWN,1,NONE,V05C-contexts.csv,SOURCE_PROVED_NOT_YET_ADMITTED
TP07F491,0C:D583:0:1:1,0x065583,ADBE07,LDA,ABS,UNKNOWN,1,DBR:07BE,V05C-contexts.csv,SOURCE_PROVED_NOT_YET_ADMITTED
TP07F491,0C:D586:0:1:1,0x065586,C901,CMP,IMM_M,UNKNOWN,UNKNOWN,NONE,V05C-contexts.csv,SOURCE_PROVED_NOT_YET_ADMITTED
TP07F491,0C:D588:0:1:1,0x065588,F00E,BEQ,REL8,UNKNOWN,UNKNOWN,NONE,V05C-contexts.csv,SOURCE_PROVED_NOT_YET_ADMITTED
TP07F491,0C:D58A:0:1:1,0x06558A,E230,SEP,IMM8,UNKNOWN,0,NONE,V05C-contexts.csv,SOURCE_PROVED_NOT_YET_ADMITTED
TP07F491,0C:D58C:0:1:1,0x06558C,A901,LDA,IMM_M,UNKNOWN,0,NONE,V05C-contexts.csv,SOURCE_PROVED_NOT_YET_ADMITTED
TP07F491,0C:D58E:0:1:1,0x06558E,8D4E07,STA,ABS,UNKNOWN,0,DBR:074E,V05C-contexts.csv,SOURCE_PROVED_NOT_YET_ADMITTED
TP07F491,0C:D591:0:1:1,0x065591,A902,LDA,IMM_M,UNKNOWN,0,NONE,V05C-contexts.csv,SOURCE_PROVED_NOT_YET_ADMITTED
TP07F491,0C:D593:0:1:1,0x065593,8DE718,STA,ABS,UNKNOWN,0,DBR:18E7,V05C-contexts.csv,SOURCE_PROVED_NOT_YET_ADMITTED
TP07F491,0C:D596:0:1:1,0x065596,8008,BRA,REL8,UNKNOWN,0,NONE,V05C-contexts.csv,SOURCE_PROVED_NOT_YET_ADMITTED
TP07F491,0C:D598:0:1:1,0x065598,C230,REP,IMM8,UNKNOWN,1,NONE,V05C-contexts.csv,SOURCE_PROVED_NOT_YET_ADMITTED
TP07F491,0C:D59A:0:0:0,0x06559A,A90100,LDA,IMM_M,UNKNOWN,1,NONE,V05C-contexts.csv,SOURCE_PROVED_NOT_YET_ADMITTED
TP07F491,0C:D59D:0:0:0,0x06559D,8D0A07,STA,ABS,UNKNOWN,0,DBR:070A,V05C-contexts.csv,SOURCE_PROVED_NOT_YET_ADMITTED
TP07F491,0C:D5A0:0:0:0,0x0655A0,C230,REP,IMM8,UNKNOWN,0,NONE,V05C-contexts.csv,SOURCE_PROVED_NOT_YET_ADMITTED
TP07F491,0C:D5A0:0:1:1,0x0655A0,C230,REP,IMM8,UNKNOWN,UNKNOWN|0,NONE,V05C-contexts.csv,SOURCE_PROVED_NOT_YET_ADMITTED
TP07F491,0C:D5A2:0:0:0,0x0655A2,A28076,LDX,IMM_X,UNKNOWN,UNKNOWN|0,NONE,V05C-contexts.csv,SOURCE_PROVED_NOT_YET_ADMITTED
TP07F491,0C:D5A5:0:0:0,0x0655A5,8E2F04,STX,ABS,UNKNOWN,0,DBR:042F,V05C-contexts.csv,SOURCE_PROVED_NOT_YET_ADMITTED
TP07F491,0C:D5A8:0:0:0,0x0655A8,A20032,LDX,IMM_X,UNKNOWN,0,NONE,V05C-contexts.csv,SOURCE_PROVED_NOT_YET_ADMITTED
TP07F491,0C:D5AB:0:0:0,0x0655AB,8E3104,STX,ABS,UNKNOWN,0,DBR:0431,V05C-contexts.csv,SOURCE_PROVED_NOT_YET_ADMITTED
TP07F491,0C:D5AE:0:0:0,0x0655AE,E230,SEP,IMM8,UNKNOWN,0,NONE,V05C-contexts.csv,SOURCE_PROVED_NOT_YET_ADMITTED
TP07F491,0C:D5B0:0:1:1,0x0655B0,A901,LDA,IMM_M,UNKNOWN,0,NONE,V05C-contexts.csv,SOURCE_PROVED_NOT_YET_ADMITTED
TP07F491,0C:D5B2:0:1:1,0x0655B2,8D4D07,STA,ABS,UNKNOWN,0,DBR:074D,V05C-contexts.csv,SOURCE_PROVED_NOT_YET_ADMITTED
TP07F491,0C:D5B5:0:1:1,0x0655B5,AD4607,LDA,ABS,UNKNOWN,0,DBR:0746,V05C-contexts.csv,SOURCE_PROVED_NOT_YET_ADMITTED
TP07F491,0C:D5B8:0:1:1,0x0655B8,29BF,AND,IMM_M,UNKNOWN,UNKNOWN,NONE,V05C-contexts.csv,SOURCE_PROVED_NOT_YET_ADMITTED
TP07F491,0C:D5BA:0:1:1,0x0655BA,8D4607,STA,ABS,UNKNOWN,UNKNOWN,DBR:0746,V05C-contexts.csv,SOURCE_PROVED_NOT_YET_ADMITTED
TP07F491,0C:D5BD:0:1:1,0x0655BD,AD0C07,LDA,ABS,UNKNOWN,UNKNOWN,DBR:070C,V05C-contexts.csv,SOURCE_PROVED_NOT_YET_ADMITTED
TP07F491,0C:D5C0:0:1:1,0x0655C0,0940,ORA,IMM_M,UNKNOWN,UNKNOWN,NONE,V05C-contexts.csv,SOURCE_PROVED_NOT_YET_ADMITTED
TP07F491,0C:D5C2:0:1:1,0x0655C2,8D0C07,STA,ABS,UNKNOWN,UNKNOWN,DBR:070C,V05C-contexts.csv,SOURCE_PROVED_NOT_YET_ADMITTED
TP07F491,0C:D5C5:0:1:1,0x0655C5,E210,SEP,IMM8,UNKNOWN,UNKNOWN,NONE,V05C-contexts.csv,SOURCE_PROVED_NOT_YET_ADMITTED
TP07F491,0C:D5C7:0:1:1,0x0655C7,C220,REP,IMM8,UNKNOWN,UNKNOWN,NONE,V05C-contexts.csv,SOURCE_PROVED_NOT_YET_ADMITTED
TP07F491,0C:D5C9:0:0:1,0x0655C9,FA,PLX,IMP,UNKNOWN,UNKNOWN,NONE,V05C-contexts.csv,SOURCE_PROVED_NOT_YET_ADMITTED
TP07F491,0C:D5CA:0:0:1,0x0655CA,8E3300,STX,ABS,UNKNOWN,UNKNOWN,DBR:0033,V05C-contexts.csv,SOURCE_PROVED_NOT_YET_ADMITTED
TP07F491,0C:D5CD:0:0:1,0x0655CD,68,PLA,IMP,UNKNOWN,UNKNOWN,NONE,V05C-contexts.csv,SOURCE_PROVED_NOT_YET_ADMITTED
TP07F491,0C:D5CE:0:0:1,0x0655CE,8D3100,STA,ABS,UNKNOWN,UNKNOWN,DBR:0031,V05C-contexts.csv,SOURCE_PROVED_NOT_YET_ADMITTED
TP07F491,0C:D5D1:0:0:1,0x0655D1,FA,PLX,IMP,UNKNOWN,UNKNOWN,NONE,V05C-contexts.csv,SOURCE_PROVED_NOT_YET_ADMITTED
TP07F491,0C:D5D2:0:0:1,0x0655D2,8E3000,STX,ABS,UNKNOWN,UNKNOWN,DBR:0030,V05C-contexts.csv,SOURCE_PROVED_NOT_YET_ADMITTED
TP07F491,0C:D5D5:0:0:1,0x0655D5,68,PLA,IMP,UNKNOWN,UNKNOWN,NONE,V05C-contexts.csv,SOURCE_PROVED_NOT_YET_ADMITTED
TP07F491,0C:D5D6:0:0:1,0x0655D6,8D2E00,STA,ABS,UNKNOWN,UNKNOWN,DBR:002E,V05C-contexts.csv,SOURCE_PROVED_NOT_YET_ADMITTED
TP07F491,0C:D5D9:0:0:1,0x0655D9,FA,PLX,IMP,UNKNOWN,UNKNOWN,NONE,V05C-contexts.csv,SOURCE_PROVED_NOT_YET_ADMITTED
TP07F491,0C:D5DA:0:0:1,0x0655DA,8E2D00,STX,ABS,UNKNOWN,UNKNOWN,DBR:002D,V05C-contexts.csv,SOURCE_PROVED_NOT_YET_ADMITTED
TP07F491,0C:D5DD:0:0:1,0x0655DD,68,PLA,IMP,UNKNOWN,UNKNOWN,NONE,V05C-contexts.csv,SOURCE_PROVED_NOT_YET_ADMITTED
TP07F491,0C:D5DE:0:0:1,0x0655DE,8D2B00,STA,ABS,UNKNOWN,UNKNOWN,DBR:002B,V05C-contexts.csv,SOURCE_PROVED_NOT_YET_ADMITTED
TP07F491,0C:D5E1:0:0:1,0x0655E1,FA,PLX,IMP,UNKNOWN,UNKNOWN,NONE,V05C-contexts.csv,SOURCE_PROVED_NOT_YET_ADMITTED
TP07F491,0C:D5E2:0:0:1,0x0655E2,8E2A00,STX,ABS,UNKNOWN,UNKNOWN,DBR:002A,V05C-contexts.csv,SOURCE_PROVED_NOT_YET_ADMITTED
TP07F491,0C:D5E5:0:0:1,0x0655E5,68,PLA,IMP,UNKNOWN,UNKNOWN,NONE,V05C-contexts.csv,SOURCE_PROVED_NOT_YET_ADMITTED
TP07F491,0C:D5E6:0:0:1,0x0655E6,8D2800,STA,ABS,UNKNOWN,UNKNOWN,DBR:0028,V05C-contexts.csv,SOURCE_PROVED_NOT_YET_ADMITTED
TP07F491,0C:D5E9:0:0:1,0x0655E9,FA,PLX,IMP,UNKNOWN,UNKNOWN,NONE,V05C-contexts.csv,SOURCE_PROVED_NOT_YET_ADMITTED
TP07F491,0C:D5EA:0:0:1,0x0655EA,8E2700,STX,ABS,UNKNOWN,UNKNOWN,DBR:0027,V05C-contexts.csv,SOURCE_PROVED_NOT_YET_ADMITTED
TP07F491,0C:D5ED:0:0:1,0x0655ED,68,PLA,IMP,UNKNOWN,UNKNOWN,NONE,V05C-contexts.csv,SOURCE_PROVED_NOT_YET_ADMITTED
TP07F491,0C:D5EE:0:0:1,0x0655EE,8D2500,STA,ABS,UNKNOWN,UNKNOWN,DBR:0025,V05C-contexts.csv,SOURCE_PROVED_NOT_YET_ADMITTED
TP07F491,0C:D5F1:0:0:1,0x0655F1,FA,PLX,IMP,UNKNOWN,UNKNOWN,NONE,V05C-contexts.csv,SOURCE_PROVED_NOT_YET_ADMITTED
TP07F491,0C:D5F2:0:0:1,0x0655F2,8E2400,STX,ABS,UNKNOWN,UNKNOWN,DBR:0024,V05C-contexts.csv,SOURCE_PROVED_NOT_YET_ADMITTED
TP07F491,0C:D5F5:0:0:1,0x0655F5,68,PLA,IMP,UNKNOWN,UNKNOWN,NONE,V05C-contexts.csv,SOURCE_PROVED_NOT_YET_ADMITTED
TP07F491,0C:D5F6:0:0:1,0x0655F6,8D2200,STA,ABS,UNKNOWN,UNKNOWN,DBR:0022,V05C-contexts.csv,SOURCE_PROVED_NOT_YET_ADMITTED
TP07F491,0C:D5F9:0:0:1,0x0655F9,FA,PLX,IMP,UNKNOWN,UNKNOWN,NONE,V05C-contexts.csv,SOURCE_PROVED_NOT_YET_ADMITTED
TP07F491,0C:D5FA:0:0:1,0x0655FA,8E2100,STX,ABS,UNKNOWN,UNKNOWN,DBR:0021,V05C-contexts.csv,SOURCE_PROVED_NOT_YET_ADMITTED
TP07F491,0C:D5FD:0:0:1,0x0655FD,68,PLA,IMP,UNKNOWN,UNKNOWN,NONE,V05C-contexts.csv,SOURCE_PROVED_NOT_YET_ADMITTED
TP07F491,0C:D5FE:0:0:1,0x0655FE,8D1F00,STA,ABS,UNKNOWN,UNKNOWN,DBR:001F,V05C-contexts.csv,SOURCE_PROVED_NOT_YET_ADMITTED
TP07F491,0C:D601:0:0:1,0x065601,FA,PLX,IMP,UNKNOWN,UNKNOWN,NONE,V05C-contexts.csv,SOURCE_PROVED_NOT_YET_ADMITTED
TP07F491,0C:D602:0:0:1,0x065602,8E1E00,STX,ABS,UNKNOWN,UNKNOWN,DBR:001E,V05C-contexts.csv,SOURCE_PROVED_NOT_YET_ADMITTED
TP07F491,0C:D605:0:0:1,0x065605,68,PLA,IMP,UNKNOWN,UNKNOWN,NONE,V05C-contexts.csv,SOURCE_PROVED_NOT_YET_ADMITTED
TP07F491,0C:D606:0:0:1,0x065606,8D1C00,STA,ABS,UNKNOWN,UNKNOWN,DBR:001C,V05C-contexts.csv,SOURCE_PROVED_NOT_YET_ADMITTED
TP07F491,0C:D609:0:0:1,0x065609,FA,PLX,IMP,UNKNOWN,UNKNOWN,NONE,V05C-contexts.csv,SOURCE_PROVED_NOT_YET_ADMITTED
TP07F491,0C:D60A:0:0:1,0x06560A,8E1B00,STX,ABS,UNKNOWN,UNKNOWN,DBR:001B,V05C-contexts.csv,SOURCE_PROVED_NOT_YET_ADMITTED
TP07F491,0C:D60D:0:0:1,0x06560D,68,PLA,IMP,UNKNOWN,UNKNOWN,NONE,V05C-contexts.csv,SOURCE_PROVED_NOT_YET_ADMITTED
TP07F491,0C:D60E:0:0:1,0x06560E,8D1900,STA,ABS,UNKNOWN,UNKNOWN,DBR:0019,V05C-contexts.csv,SOURCE_PROVED_NOT_YET_ADMITTED
TP07F491,0C:D611:0:0:1,0x065611,FA,PLX,IMP,UNKNOWN,UNKNOWN,NONE,V05C-contexts.csv,SOURCE_PROVED_NOT_YET_ADMITTED
TP07F491,0C:D612:0:0:1,0x065612,8E1800,STX,ABS,UNKNOWN,UNKNOWN,DBR:0018,V05C-contexts.csv,SOURCE_PROVED_NOT_YET_ADMITTED
TP07F491,0C:D615:0:0:1,0x065615,68,PLA,IMP,UNKNOWN,UNKNOWN,NONE,V05C-contexts.csv,SOURCE_PROVED_NOT_YET_ADMITTED
TP07F491,0C:D616:0:0:1,0x065616,8D1600,STA,ABS,UNKNOWN,UNKNOWN,DBR:0016,V05C-contexts.csv,SOURCE_PROVED_NOT_YET_ADMITTED
TP07F491,0C:D619:0:0:1,0x065619,C230,REP,IMM8,UNKNOWN,UNKNOWN,NONE,V05C-contexts.csv,SOURCE_PROVED_NOT_YET_ADMITTED
TP07F491,0C:D61B:0:0:0,0x06561B,68,PLA,IMP,UNKNOWN,UNKNOWN,NONE,V05C-contexts.csv,SOURCE_PROVED_NOT_YET_ADMITTED
TP07F491,0C:D61C:0:0:0,0x06561C,8D1D04,STA,ABS,UNKNOWN,UNKNOWN,DBR:041D,V05C-contexts.csv,SOURCE_PROVED_NOT_YET_ADMITTED
TP07F491,0C:D61F:0:0:0,0x06561F,68,PLA,IMP,UNKNOWN,UNKNOWN,NONE,V05C-contexts.csv,SOURCE_PROVED_NOT_YET_ADMITTED
TP07F491,0C:D620:0:0:0,0x065620,8D1B04,STA,ABS,UNKNOWN,UNKNOWN,DBR:041B,V05C-contexts.csv,SOURCE_PROVED_NOT_YET_ADMITTED
TP07F491,0C:D623:0:0:0,0x065623,68,PLA,IMP,UNKNOWN,UNKNOWN,NONE,V05C-contexts.csv,SOURCE_PROVED_NOT_YET_ADMITTED
TP07F491,0C:D624:0:0:0,0x065624,8D1904,STA,ABS,UNKNOWN,UNKNOWN,DBR:0419,V05C-contexts.csv,SOURCE_PROVED_NOT_YET_ADMITTED
TP07F491,0C:D627:0:0:0,0x065627,68,PLA,IMP,UNKNOWN,UNKNOWN,NONE,V05C-contexts.csv,SOURCE_PROVED_NOT_YET_ADMITTED
TP07F491,0C:D628:0:0:0,0x065628,8D1704,STA,ABS,UNKNOWN,UNKNOWN,DBR:0417,V05C-contexts.csv,SOURCE_PROVED_NOT_YET_ADMITTED
TP07F491,0C:D62B:0:0:0,0x06562B,68,PLA,IMP,UNKNOWN,UNKNOWN,NONE,V05C-contexts.csv,SOURCE_PROVED_NOT_YET_ADMITTED
TP07F491,0C:D62C:0:0:0,0x06562C,8D1504,STA,ABS,UNKNOWN,UNKNOWN,DBR:0415,V05C-contexts.csv,SOURCE_PROVED_NOT_YET_ADMITTED
TP07F491,0C:D62F:0:0:0,0x06562F,68,PLA,IMP,UNKNOWN,UNKNOWN,NONE,V05C-contexts.csv,SOURCE_PROVED_NOT_YET_ADMITTED
TP07F491,0C:D630:0:0:0,0x065630,8D1104,STA,ABS,UNKNOWN,UNKNOWN,DBR:0411,V05C-contexts.csv,SOURCE_PROVED_NOT_YET_ADMITTED
TP07F491,0C:D633:0:0:0,0x065633,68,PLA,IMP,UNKNOWN,UNKNOWN,NONE,V05C-contexts.csv,SOURCE_PROVED_NOT_YET_ADMITTED
TP07F491,0C:D634:0:0:0,0x065634,8D0F04,STA,ABS,UNKNOWN,UNKNOWN,DBR:040F,V05C-contexts.csv,SOURCE_PROVED_NOT_YET_ADMITTED
TP07F491,0C:D637:0:0:0,0x065637,68,PLA,IMP,UNKNOWN,UNKNOWN,NONE,V05C-contexts.csv,SOURCE_PROVED_NOT_YET_ADMITTED
TP07F491,0C:D638:0:0:0,0x065638,8D0D04,STA,ABS,UNKNOWN,UNKNOWN,DBR:040D,V05C-contexts.csv,SOURCE_PROVED_NOT_YET_ADMITTED
TP07F491,0C:D63B:0:0:0,0x06563B,68,PLA,IMP,UNKNOWN,UNKNOWN,NONE,V05C-contexts.csv,SOURCE_PROVED_NOT_YET_ADMITTED
TP07F491,0C:D63C:0:0:0,0x06563C,8D0B04,STA,ABS,UNKNOWN,UNKNOWN,DBR:040B,V05C-contexts.csv,SOURCE_PROVED_NOT_YET_ADMITTED
TP07F491,0C:D63F:0:0:0,0x06563F,6B,RTL,IMP,UNKNOWN,UNKNOWN,NONE,V05C-contexts.csv,SOURCE_PROVED_NOT_YET_ADMITTED
