Family,Context,ROM_Offset,Bytes,Mnemonic,Mode,Carry_In_Facts,Zero_In_Facts,Access_Expression,Proof_Source,Admission_State
TP07F490,04:8288:0:0:0,0x020288,E210,SEP,IMM8,UNKNOWN,UNKNOWN,NONE,V05C-contexts.csv,SOURCE_PROVED_NOT_YET_ADMITTED
TP07F490,04:828A:0:0:1,0x02028A,C220,REP,IMM8,UNKNOWN,UNKNOWN,NONE,V05C-contexts.csv,SOURCE_PROVED_NOT_YET_ADMITTED
TP07F490,04:828C:0:0:1,0x02028C,AD1600,LDA,ABS,UNKNOWN,UNKNOWN,DBR:0016,V05C-contexts.csv,SOURCE_PROVED_NOT_YET_ADMITTED
TP07F490,04:828F:0:0:1,0x02028F,48,PHA,IMP,UNKNOWN,UNKNOWN,NONE,V05C-contexts.csv,SOURCE_PROVED_NOT_YET_ADMITTED
TP07F490,04:8290:0:0:1,0x020290,AE1800,LDX,ABS,UNKNOWN,UNKNOWN,DBR:0018,V05C-contexts.csv,SOURCE_PROVED_NOT_YET_ADMITTED
TP07F490,04:8293:0:0:1,0x020293,DA,PHX,IMP,UNKNOWN,UNKNOWN,NONE,V05C-contexts.csv,SOURCE_PROVED_NOT_YET_ADMITTED
TP07F490,04:8294:0:0:1,0x020294,AD1900,LDA,ABS,UNKNOWN,UNKNOWN,DBR:0019,V05C-contexts.csv,SOURCE_PROVED_NOT_YET_ADMITTED
TP07F490,04:8297:0:0:1,0x020297,48,PHA,IMP,UNKNOWN,UNKNOWN,NONE,V05C-contexts.csv,SOURCE_PROVED_NOT_YET_ADMITTED
TP07F490,04:8298:0:0:1,0x020298,AE1B00,LDX,ABS,UNKNOWN,UNKNOWN,DBR:001B,V05C-contexts.csv,SOURCE_PROVED_NOT_YET_ADMITTED
TP07F490,04:829B:0:0:1,0x02029B,DA,PHX,IMP,UNKNOWN,UNKNOWN,NONE,V05C-contexts.csv,SOURCE_PROVED_NOT_YET_ADMITTED
TP07F490,04:829C:0:0:1,0x02029C,AD1C00,LDA,ABS,UNKNOWN,UNKNOWN,DBR:001C,V05C-contexts.csv,SOURCE_PROVED_NOT_YET_ADMITTED
TP07F490,04:829F:0:0:1,0x02029F,48,PHA,IMP,UNKNOWN,UNKNOWN,NONE,V05C-contexts.csv,SOURCE_PROVED_NOT_YET_ADMITTED
TP07F490,04:82A0:0:0:1,0x0202A0,AE1E00,LDX,ABS,UNKNOWN,UNKNOWN,DBR:001E,V05C-contexts.csv,SOURCE_PROVED_NOT_YET_ADMITTED
TP07F490,04:82A3:0:0:1,0x0202A3,DA,PHX,IMP,UNKNOWN,UNKNOWN,NONE,V05C-contexts.csv,SOURCE_PROVED_NOT_YET_ADMITTED
TP07F490,04:82A4:0:0:1,0x0202A4,AD1F00,LDA,ABS,UNKNOWN,UNKNOWN,DBR:001F,V05C-contexts.csv,SOURCE_PROVED_NOT_YET_ADMITTED
TP07F490,04:82A7:0:0:1,0x0202A7,48,PHA,IMP,UNKNOWN,UNKNOWN,NONE,V05C-contexts.csv,SOURCE_PROVED_NOT_YET_ADMITTED
TP07F490,04:82A8:0:0:1,0x0202A8,AE2100,LDX,ABS,UNKNOWN,UNKNOWN,DBR:0021,V05C-contexts.csv,SOURCE_PROVED_NOT_YET_ADMITTED
TP07F490,04:82AB:0:0:1,0x0202AB,DA,PHX,IMP,UNKNOWN,UNKNOWN,NONE,V05C-contexts.csv,SOURCE_PROVED_NOT_YET_ADMITTED
TP07F490,04:82AC:0:0:1,0x0202AC,AD4600,LDA,ABS,UNKNOWN,UNKNOWN,DBR:0046,V05C-contexts.csv,SOURCE_PROVED_NOT_YET_ADMITTED
TP07F490,04:82AF:0:0:1,0x0202AF,48,PHA,IMP,UNKNOWN,UNKNOWN,NONE,V05C-contexts.csv,SOURCE_PROVED_NOT_YET_ADMITTED
TP07F490,04:82B0:0:0:1,0x0202B0,AE4800,LDX,ABS,UNKNOWN,UNKNOWN,DBR:0048,V05C-contexts.csv,SOURCE_PROVED_NOT_YET_ADMITTED
TP07F490,04:82B3:0:0:1,0x0202B3,DA,PHX,IMP,UNKNOWN,UNKNOWN,NONE,V05C-contexts.csv,SOURCE_PROVED_NOT_YET_ADMITTED
TP07F490,04:82B4:0:0:1,0x0202B4,C230,REP,IMM8,UNKNOWN,UNKNOWN,NONE,V05C-contexts.csv,SOURCE_PROVED_NOT_YET_ADMITTED
TP07F490,04:82B6:0:0:0,0x0202B6,AD7607,LDA,ABS,UNKNOWN,UNKNOWN,DBR:0776,V05C-contexts.csv,SOURCE_PROVED_NOT_YET_ADMITTED
TP07F490,04:82B9:0:0:0,0x0202B9,48,PHA,IMP,UNKNOWN,UNKNOWN,NONE,V05C-contexts.csv,SOURCE_PROVED_NOT_YET_ADMITTED
TP07F490,04:82BA:0:0:0,0x0202BA,AD0B04,LDA,ABS,UNKNOWN,UNKNOWN,DBR:040B,V05C-contexts.csv,SOURCE_PROVED_NOT_YET_ADMITTED
TP07F490,04:82BD:0:0:0,0x0202BD,48,PHA,IMP,UNKNOWN,UNKNOWN,NONE,V05C-contexts.csv,SOURCE_PROVED_NOT_YET_ADMITTED
TP07F490,04:82BE:0:0:0,0x0202BE,AD0D04,LDA,ABS,UNKNOWN,UNKNOWN,DBR:040D,V05C-contexts.csv,SOURCE_PROVED_NOT_YET_ADMITTED
TP07F490,04:82C1:0:0:0,0x0202C1,48,PHA,IMP,UNKNOWN,UNKNOWN,NONE,V05C-contexts.csv,SOURCE_PROVED_NOT_YET_ADMITTED
TP07F490,04:82C2:0:0:0,0x0202C2,AD0F04,LDA,ABS,UNKNOWN,UNKNOWN,DBR:040F,V05C-contexts.csv,SOURCE_PROVED_NOT_YET_ADMITTED
TP07F490,04:82C5:0:0:0,0x0202C5,48,PHA,IMP,UNKNOWN,UNKNOWN,NONE,V05C-contexts.csv,SOURCE_PROVED_NOT_YET_ADMITTED
TP07F490,04:82C6:0:0:0,0x0202C6,AD1504,LDA,ABS,UNKNOWN,UNKNOWN,DBR:0415,V05C-contexts.csv,SOURCE_PROVED_NOT_YET_ADMITTED
TP07F490,04:82C9:0:0:0,0x0202C9,48,PHA,IMP,UNKNOWN,UNKNOWN,NONE,V05C-contexts.csv,SOURCE_PROVED_NOT_YET_ADMITTED
TP07F490,04:82CA:0:0:0,0x0202CA,AD1704,LDA,ABS,UNKNOWN,UNKNOWN,DBR:0417,V05C-contexts.csv,SOURCE_PROVED_NOT_YET_ADMITTED
TP07F490,04:82CD:0:0:0,0x0202CD,48,PHA,IMP,UNKNOWN,UNKNOWN,NONE,V05C-contexts.csv,SOURCE_PROVED_NOT_YET_ADMITTED
TP07F490,04:82CE:0:0:0,0x0202CE,AD1904,LDA,ABS,UNKNOWN,UNKNOWN,DBR:0419,V05C-contexts.csv,SOURCE_PROVED_NOT_YET_ADMITTED
TP07F490,04:82D1:0:0:0,0x0202D1,48,PHA,IMP,UNKNOWN,UNKNOWN,NONE,V05C-contexts.csv,SOURCE_PROVED_NOT_YET_ADMITTED
TP07F490,04:82D2:0:0:0,0x0202D2,AD1B04,LDA,ABS,UNKNOWN,UNKNOWN,DBR:041B,V05C-contexts.csv,SOURCE_PROVED_NOT_YET_ADMITTED
TP07F490,04:82D5:0:0:0,0x0202D5,48,PHA,IMP,UNKNOWN,UNKNOWN,NONE,V05C-contexts.csv,SOURCE_PROVED_NOT_YET_ADMITTED
TP07F490,04:82D6:0:0:0,0x0202D6,AD1104,LDA,ABS,UNKNOWN,UNKNOWN,DBR:0411,V05C-contexts.csv,SOURCE_PROVED_NOT_YET_ADMITTED
TP07F490,04:82D9:0:0:0,0x0202D9,48,PHA,IMP,UNKNOWN,UNKNOWN,NONE,V05C-contexts.csv,SOURCE_PROVED_NOT_YET_ADMITTED
TP07F490,04:82DA:0:0:0,0x0202DA,AD1304,LDA,ABS,UNKNOWN,UNKNOWN,DBR:0413,V05C-contexts.csv,SOURCE_PROVED_NOT_YET_ADMITTED
TP07F490,04:82DD:0:0:0,0x0202DD,48,PHA,IMP,UNKNOWN,UNKNOWN,NONE,V05C-contexts.csv,SOURCE_PROVED_NOT_YET_ADMITTED
TP07F490,04:82DE:0:0:0,0x0202DE,AD1D04,LDA,ABS,UNKNOWN,UNKNOWN,DBR:041D,V05C-contexts.csv,SOURCE_PROVED_NOT_YET_ADMITTED
TP07F490,04:82E1:0:0:0,0x0202E1,48,PHA,IMP,UNKNOWN,UNKNOWN,NONE,V05C-contexts.csv,SOURCE_PROVED_NOT_YET_ADMITTED
TP07F490,04:82E2:0:0:0,0x0202E2,AD1F04,LDA,ABS,UNKNOWN,UNKNOWN,DBR:041F,V05C-contexts.csv,SOURCE_PROVED_NOT_YET_ADMITTED
TP07F490,04:82E5:0:0:0,0x0202E5,48,PHA,IMP,UNKNOWN,UNKNOWN,NONE,V05C-contexts.csv,SOURCE_PROVED_NOT_YET_ADMITTED
TP07F490,04:82E6:0:0:0,0x0202E6,E230,SEP,IMM8,UNKNOWN,UNKNOWN,NONE,V05C-contexts.csv,SOURCE_PROVED_NOT_YET_ADMITTED
TP07F490,04:82E8:0:1:1,0x0202E8,AD0004,LDA,ABS,UNKNOWN,UNKNOWN,DBR:0400,V05C-contexts.csv,SOURCE_PROVED_NOT_YET_ADMITTED
TP07F490,04:82EB:0:1:1,0x0202EB,48,PHA,IMP,UNKNOWN,UNKNOWN,NONE,V05C-contexts.csv,SOURCE_PROVED_NOT_YET_ADMITTED
TP07F490,04:82EC:0:1:1,0x0202EC,AD0104,LDA,ABS,UNKNOWN,UNKNOWN,DBR:0401,V05C-contexts.csv,SOURCE_PROVED_NOT_YET_ADMITTED
TP07F490,04:82EF:0:1:1,0x0202EF,48,PHA,IMP,UNKNOWN,UNKNOWN,NONE,V05C-contexts.csv,SOURCE_PROVED_NOT_YET_ADMITTED
TP07F490,04:82F0:0:1:1,0x0202F0,E210,SEP,IMM8,UNKNOWN,UNKNOWN,NONE,V05C-contexts.csv,SOURCE_PROVED_NOT_YET_ADMITTED
TP07F490,04:82F2:0:1:1,0x0202F2,C220,REP,IMM8,UNKNOWN,UNKNOWN,NONE,V05C-contexts.csv,SOURCE_PROVED_NOT_YET_ADMITTED
TP07F490,04:82F4:0:0:1,0x0202F4,AD4F00,LDA,ABS,UNKNOWN,UNKNOWN,DBR:004F,V05C-contexts.csv,SOURCE_PROVED_NOT_YET_ADMITTED
TP07F490,04:82F7:0:0:1,0x0202F7,8D1C00,STA,ABS,UNKNOWN,UNKNOWN,DBR:001C,V05C-contexts.csv,SOURCE_PROVED_NOT_YET_ADMITTED
TP07F490,04:82FA:0:0:1,0x0202FA,AE5100,LDX,ABS,UNKNOWN,UNKNOWN,DBR:0051,V05C-contexts.csv,SOURCE_PROVED_NOT_YET_ADMITTED
TP07F490,04:82FD:0:0:1,0x0202FD,8E1E00,STX,ABS,UNKNOWN,UNKNOWN,DBR:001E,V05C-contexts.csv,SOURCE_PROVED_NOT_YET_ADMITTED
TP07F490,04:8300:0:0:1,0x020300,C230,REP,IMM8,UNKNOWN,UNKNOWN,NONE,V05C-contexts.csv,SOURCE_PROVED_NOT_YET_ADMITTED
TP07F490,04:8302:0:0:0,0x020302,AD8A07,LDA,ABS,UNKNOWN,UNKNOWN,DBR:078A,V05C-contexts.csv,SOURCE_PROVED_NOT_YET_ADMITTED
TP07F490,04:8305:0:0:0,0x020305,8D7607,STA,ABS,UNKNOWN,UNKNOWN,DBR:0776,V05C-contexts.csv,SOURCE_PROVED_NOT_YET_ADMITTED
TP07F490,04:8308:0:0:0,0x020308,AD8E07,LDA,ABS,UNKNOWN,UNKNOWN,DBR:078E,V05C-contexts.csv,SOURCE_PROVED_NOT_YET_ADMITTED
TP07F490,04:830B:0:0:0,0x02030B,29FF00,AND,IMM_M,UNKNOWN,UNKNOWN,NONE,V05C-contexts.csv,SOURCE_PROVED_NOT_YET_ADMITTED
TP07F490,04:830E:0:0:0,0x02030E,8D0B04,STA,ABS,UNKNOWN,UNKNOWN,DBR:040B,V05C-contexts.csv,SOURCE_PROVED_NOT_YET_ADMITTED
TP07F490,04:8311:0:0:0,0x020311,9C1904,STZ,ABS,UNKNOWN,UNKNOWN,DBR:0419,V05C-contexts.csv,SOURCE_PROVED_NOT_YET_ADMITTED
TP07F490,04:8314:0:0:0,0x020314,9C1B04,STZ,ABS,UNKNOWN,UNKNOWN,DBR:041B,V05C-contexts.csv,SOURCE_PROVED_NOT_YET_ADMITTED
TP07F490,04:8317:0:0:0,0x020317,9C1D04,STZ,ABS,UNKNOWN,UNKNOWN,DBR:041D,V05C-contexts.csv,SOURCE_PROVED_NOT_YET_ADMITTED
TP07F490,04:831A:0:0:0,0x02031A,9C1F04,STZ,ABS,UNKNOWN,UNKNOWN,DBR:041F,V05C-contexts.csv,SOURCE_PROVED_NOT_YET_ADMITTED
TP07F490,04:831D:0:0:0,0x02031D,E230,SEP,IMM8,UNKNOWN,UNKNOWN,NONE,V05C-contexts.csv,SOURCE_PROVED_NOT_YET_ADMITTED
TP07F490,04:831F:0:1:1,0x02031F,AD5407,LDA,ABS,UNKNOWN,UNKNOWN,DBR:0754,V05C-contexts.csv,SOURCE_PROVED_NOT_YET_ADMITTED
TP07F490,04:8322:0:1:1,0x020322,8D0004,STA,ABS,UNKNOWN,UNKNOWN,DBR:0400,V05C-contexts.csv,SOURCE_PROVED_NOT_YET_ADMITTED
TP07F490,04:8325:0:1:1,0x020325,AD5507,LDA,ABS,UNKNOWN,UNKNOWN,DBR:0755,V05C-contexts.csv,SOURCE_PROVED_NOT_YET_ADMITTED
TP07F490,04:8328:0:1:1,0x020328,8D0104,STA,ABS,UNKNOWN,UNKNOWN,DBR:0401,V05C-contexts.csv,SOURCE_PROVED_NOT_YET_ADMITTED
TP07F490,04:832B:0:1:1,0x02032B,C230,REP,IMM8,UNKNOWN,UNKNOWN,NONE,V05C-contexts.csv,SOURCE_PROVED_NOT_YET_ADMITTED
TP07F490,04:832D:0:0:0,0x02032D,AE0B04,LDX,ABS,UNKNOWN,UNKNOWN,DBR:040B,V05C-contexts.csv,SOURCE_PROVED_NOT_YET_ADMITTED
TP07F490,04:8330:0:0:0,0x020330,BF3DCC01,LDA,ABSL_X,UNKNOWN,UNKNOWN,01:CC3D+X,V05C-contexts.csv,SOURCE_PROVED_NOT_YET_ADMITTED
TP07F490,04:8334:0:0:0,0x020334,29FF00,AND,IMM_M,UNKNOWN,UNKNOWN,NONE,V05C-contexts.csv,SOURCE_PROVED_NOT_YET_ADMITTED
TP07F490,04:8337:0:0:0,0x020337,8D8A07,STA,ABS,UNKNOWN,UNKNOWN,DBR:078A,V05C-contexts.csv,SOURCE_PROVED_NOT_YET_ADMITTED
TP07F490,04:833A:0:0:0,0x02033A,AC0B04,LDY,ABS,UNKNOWN,UNKNOWN,DBR:040B,V05C-contexts.csv,SOURCE_PROVED_NOT_YET_ADMITTED
TP07F490,04:833D:0:0:0,0x02033D,98,TYA,IMP,UNKNOWN,UNKNOWN,NONE,V05C-contexts.csv,SOURCE_PROVED_NOT_YET_ADMITTED
TP07F490,04:833E:0:0:0,0x02033E,A93000,LDA,IMM_M,UNKNOWN,UNKNOWN,NONE,V05C-contexts.csv,SOURCE_PROVED_NOT_YET_ADMITTED
TP07F490,04:8341:0:0:0,0x020341,22A78004,JSL,ABSL_JUMP,UNKNOWN,0,NONE,V05C-contexts.csv,SOURCE_PROVED_NOT_YET_ADMITTED
TP07F490,04:8345:0:0:0,0x020345,A8,TAY,IMP,UNKNOWN,UNKNOWN,NONE,V05C-contexts.csv,SOURCE_PROVED_NOT_YET_ADMITTED
TP07F490,04:8346:0:0:0,0x020346,18,CLC,IMP,UNKNOWN,UNKNOWN,NONE,V05C-contexts.csv,SOURCE_PROVED_NOT_YET_ADMITTED
TP07F490,04:8347:0:0:0,0x020347,691400,ADC,IMM_M,0,UNKNOWN,NONE,V05C-contexts.csv,SOURCE_PROVED_NOT_YET_ADMITTED
TP07F490,04:834A:0:0:0,0x02034A,A8,TAY,IMP,UNKNOWN,UNKNOWN,NONE,V05C-contexts.csv,SOURCE_PROVED_NOT_YET_ADMITTED
TP07F490,04:834B:0:0:0,0x02034B,B94D08,LDA,ABS_Y,UNKNOWN,UNKNOWN,NONE,V05C-contexts.csv,SOURCE_PROVED_NOT_YET_ADMITTED
TP07F490,04:834E:0:0:0,0x02034E,C92000,CMP,IMM_M,UNKNOWN,UNKNOWN,NONE,V05C-contexts.csv,SOURCE_PROVED_NOT_YET_ADMITTED
TP07F490,04:8351:0:0:0,0x020351,D01E,BNE,REL8,UNKNOWN,UNKNOWN,NONE,V05C-contexts.csv,SOURCE_PROVED_NOT_YET_ADMITTED
TP07F490,04:8353:0:0:0,0x020353,E230,SEP,IMM8,UNKNOWN,1,NONE,V05C-contexts.csv,SOURCE_PROVED_NOT_YET_ADMITTED
TP07F490,04:8355:0:1:1,0x020355,AD0004,LDA,ABS,UNKNOWN,1,DBR:0400,V05C-contexts.csv,SOURCE_PROVED_NOT_YET_ADMITTED
TP07F490,04:8358:0:1:1,0x020358,38,SEC,IMP,UNKNOWN,UNKNOWN,NONE,V05C-contexts.csv,SOURCE_PROVED_NOT_YET_ADMITTED
TP07F490,04:8359:0:1:1,0x020359,E901,SBC,IMM_M,1,UNKNOWN,NONE,V05C-contexts.csv,SOURCE_PROVED_NOT_YET_ADMITTED
TP07F490,04:835B:0:1:1,0x02035B,8D0004,STA,ABS,UNKNOWN,UNKNOWN,DBR:0400,V05C-contexts.csv,SOURCE_PROVED_NOT_YET_ADMITTED
TP07F490,04:835E:0:1:1,0x02035E,AD0104,LDA,ABS,UNKNOWN,UNKNOWN,DBR:0401,V05C-contexts.csv,SOURCE_PROVED_NOT_YET_ADMITTED
TP07F490,04:8361:0:1:1,0x020361,38,SEC,IMP,UNKNOWN,UNKNOWN,NONE,V05C-contexts.csv,SOURCE_PROVED_NOT_YET_ADMITTED
TP07F490,04:8362:0:1:1,0x020362,E901,SBC,IMM_M,1,UNKNOWN,NONE,V05C-contexts.csv,SOURCE_PROVED_NOT_YET_ADMITTED
TP07F490,04:8364:0:1:1,0x020364,8D0104,STA,ABS,UNKNOWN,UNKNOWN,DBR:0401,V05C-contexts.csv,SOURCE_PROVED_NOT_YET_ADMITTED
TP07F490,04:8367:0:1:1,0x020367,C230,REP,IMM8,UNKNOWN,UNKNOWN,NONE,V05C-contexts.csv,SOURCE_PROVED_NOT_YET_ADMITTED
TP07F490,04:8369:0:0:0,0x020369,A20200,LDX,IMM_X,UNKNOWN,UNKNOWN,NONE,V05C-contexts.csv,SOURCE_PROVED_NOT_YET_ADMITTED
TP07F490,04:836C:0:0:0,0x02036C,A9F8FF,LDA,IMM_M,UNKNOWN,0,NONE,V05C-contexts.csv,SOURCE_PROVED_NOT_YET_ADMITTED
TP07F490,04:836F:0:0:0,0x02036F,8036,BRA,REL8,UNKNOWN,0,NONE,V05C-contexts.csv,SOURCE_PROVED_NOT_YET_ADMITTED
TP07F490,04:8371:0:0:0,0x020371,C90400,CMP,IMM_M,UNKNOWN,0,NONE,V05C-contexts.csv,SOURCE_PROVED_NOT_YET_ADMITTED
TP07F490,04:8374:0:0:0,0x020374,F00D,BEQ,REL8,UNKNOWN,UNKNOWN,NONE,V05C-contexts.csv,SOURCE_PROVED_NOT_YET_ADMITTED
TP07F490,04:8376:0:0:0,0x020376,C90600,CMP,IMM_M,UNKNOWN,0,NONE,V05C-contexts.csv,SOURCE_PROVED_NOT_YET_ADMITTED
TP07F490,04:8379:0:0:0,0x020379,D003,BNE,REL8,UNKNOWN,UNKNOWN,NONE,V05C-contexts.csv,SOURCE_PROVED_NOT_YET_ADMITTED
TP07F490,04:837B:0:0:0,0x02037B,829300,BRL,REL16,UNKNOWN,1,NONE,V05C-contexts.csv,SOURCE_PROVED_NOT_YET_ADMITTED
TP07F490,04:837E:0:0:0,0x02037E,C91E00,CMP,IMM_M,UNKNOWN,0,NONE,V05C-contexts.csv,SOURCE_PROVED_NOT_YET_ADMITTED
TP07F490,04:8381:0:0:0,0x020381,D008,BNE,REL8,UNKNOWN,UNKNOWN,NONE,V05C-contexts.csv,SOURCE_PROVED_NOT_YET_ADMITTED
TP07F490,04:8383:0:0:0,0x020383,A20000,LDX,IMM_X,UNKNOWN,1,NONE,V05C-contexts.csv,SOURCE_PROVED_NOT_YET_ADMITTED
TP07F490,04:8386:0:0:0,0x020386,A9FDFF,LDA,IMM_M,UNKNOWN,1,NONE,V05C-contexts.csv,SOURCE_PROVED_NOT_YET_ADMITTED
TP07F490,04:8389:0:0:0,0x020389,801C,BRA,REL8,UNKNOWN,0,NONE,V05C-contexts.csv,SOURCE_PROVED_NOT_YET_ADMITTED
TP07F490,04:838B:0:0:0,0x02038B,E230,SEP,IMM8,UNKNOWN,0,NONE,V05C-contexts.csv,SOURCE_PROVED_NOT_YET_ADMITTED
TP07F490,04:838D:0:1:1,0x02038D,AD0004,LDA,ABS,UNKNOWN,0,DBR:0400,V05C-contexts.csv,SOURCE_PROVED_NOT_YET_ADMITTED
TP07F490,04:8390:0:1:1,0x020390,38,SEC,IMP,UNKNOWN,UNKNOWN,NONE,V05C-contexts.csv,SOURCE_PROVED_NOT_YET_ADMITTED
TP07F490,04:8391:0:1:1,0x020391,E901,SBC,IMM_M,1,UNKNOWN,NONE,V05C-contexts.csv,SOURCE_PROVED_NOT_YET_ADMITTED
TP07F490,04:8393:0:1:1,0x020393,8D0004,STA,ABS,UNKNOWN,UNKNOWN,DBR:0400,V05C-contexts.csv,SOURCE_PROVED_NOT_YET_ADMITTED
TP07F490,04:8396:0:1:1,0x020396,AD0104,LDA,ABS,UNKNOWN,UNKNOWN,DBR:0401,V05C-contexts.csv,SOURCE_PROVED_NOT_YET_ADMITTED
TP07F490,04:8399:0:1:1,0x020399,38,SEC,IMP,UNKNOWN,UNKNOWN,NONE,V05C-contexts.csv,SOURCE_PROVED_NOT_YET_ADMITTED
TP07F490,04:839A:0:1:1,0x02039A,E901,SBC,IMM_M,1,UNKNOWN,NONE,V05C-contexts.csv,SOURCE_PROVED_NOT_YET_ADMITTED
TP07F490,04:839C:0:1:1,0x02039C,8D0104,STA,ABS,UNKNOWN,UNKNOWN,DBR:0401,V05C-contexts.csv,SOURCE_PROVED_NOT_YET_ADMITTED
TP07F490,04:839F:0:1:1,0x02039F,C230,REP,IMM8,UNKNOWN,UNKNOWN,NONE,V05C-contexts.csv,SOURCE_PROVED_NOT_YET_ADMITTED
TP07F490,04:83A1:0:0:0,0x0203A1,A2FFFF,LDX,IMM_X,UNKNOWN,UNKNOWN,NONE,V05C-contexts.csv,SOURCE_PROVED_NOT_YET_ADMITTED
TP07F490,04:83A4:0:0:0,0x0203A4,A9FBFF,LDA,IMM_M,UNKNOWN,0,NONE,V05C-contexts.csv,SOURCE_PROVED_NOT_YET_ADMITTED
TP07F490,04:83A7:0:0:0,0x0203A7,8E9E07,STX,ABS,UNKNOWN,0,DBR:079E,V05C-contexts.csv,SOURCE_PROVED_NOT_YET_ADMITTED
TP07F490,04:83AA:0:0:0,0x0203AA,8D9607,STA,ABS,UNKNOWN,0,DBR:0796,V05C-contexts.csv,SOURCE_PROVED_NOT_YET_ADMITTED
TP07F490,04:83AD:0:0:0,0x0203AD,22408605,JSL,ABSL_JUMP,UNKNOWN,0,NONE,V05C-contexts.csv,SOURCE_PROVED_NOT_YET_ADMITTED
TP07F490,04:83B1:0:1:1,0x0203B1,C230,REP,IMM8,UNKNOWN|0|1,UNKNOWN,NONE,V05C-contexts.csv,SOURCE_PROVED_NOT_YET_ADMITTED
TP07F490,04:83B3:0:0:0,0x0203B3,ADA207,LDA,ABS,UNKNOWN|0|1,UNKNOWN,DBR:07A2,V05C-contexts.csv,SOURCE_PROVED_NOT_YET_ADMITTED
TP07F490,04:83B6:0:0:0,0x0203B6,D007,BNE,REL8,UNKNOWN|0|1,UNKNOWN,NONE,V05C-contexts.csv,SOURCE_PROVED_NOT_YET_ADMITTED
TP07F490,04:83B8:0:0:0,0x0203B8,222AED04,JSL,ABSL_JUMP,UNKNOWN|0|1,0|1,NONE,V05C-contexts.csv,SOURCE_PROVED_NOT_YET_ADMITTED
TP07F490,04:83B8:0:1:1,0x0203B8,222AED04,JSL,ABSL_JUMP,1,UNKNOWN,NONE,V05C-contexts.csv,SOURCE_PROVED_NOT_YET_ADMITTED
TP07F490,04:83BC:0:0:0,0x0203BC,82DB08,BRL,REL16,1,1,NONE,V05C-contexts.csv,SOURCE_PROVED_NOT_YET_ADMITTED
TP07F490,04:83BF:0:0:0,0x0203BF,E230,SEP,IMM8,UNKNOWN|0|1,0,NONE,V05C-contexts.csv,SOURCE_PROVED_NOT_YET_ADMITTED
TP07F490,04:83C1:0:1:1,0x0203C1,AD5507,LDA,ABS,UNKNOWN|0|1,0,DBR:0755,V05C-contexts.csv,SOURCE_PROVED_NOT_YET_ADMITTED
TP07F490,04:83C4:0:1:1,0x0203C4,C938,CMP,IMM_M,UNKNOWN|0|1,UNKNOWN,NONE,V05C-contexts.csv,SOURCE_PROVED_NOT_YET_ADMITTED
TP07F490,04:83C6:0:1:1,0x0203C6,B0F0,BCS,REL8,UNKNOWN,UNKNOWN,NONE,V05C-contexts.csv,SOURCE_PROVED_NOT_YET_ADMITTED
TP07F490,04:83C8:0:1:1,0x0203C8,C230,REP,IMM8,0,UNKNOWN,NONE,V05C-contexts.csv,SOURCE_PROVED_NOT_YET_ADMITTED
TP07F490,04:83CA:0:0:0,0x0203CA,AC0B04,LDY,ABS,0,UNKNOWN,DBR:040B,V05C-contexts.csv,SOURCE_PROVED_NOT_YET_ADMITTED
TP07F490,04:83CD:0:0:0,0x0203CD,98,TYA,IMP,0,UNKNOWN,NONE,V05C-contexts.csv,SOURCE_PROVED_NOT_YET_ADMITTED
TP07F490,04:83CE:0:0:0,0x0203CE,A93000,LDA,IMM_M,0,UNKNOWN,NONE,V05C-contexts.csv,SOURCE_PROVED_NOT_YET_ADMITTED
TP07F490,04:83D1:0:0:0,0x0203D1,22A78004,JSL,ABSL_JUMP,0,0,NONE,V05C-contexts.csv,SOURCE_PROVED_NOT_YET_ADMITTED
TP07F490,04:83D5:0:0:0,0x0203D5,A8,TAY,IMP,UNKNOWN,UNKNOWN,NONE,V05C-contexts.csv,SOURCE_PROVED_NOT_YET_ADMITTED
TP07F490,04:83D6:0:0:0,0x0203D6,18,CLC,IMP,UNKNOWN,UNKNOWN,NONE,V05C-contexts.csv,SOURCE_PROVED_NOT_YET_ADMITTED
TP07F490,04:83D7:0:0:0,0x0203D7,691400,ADC,IMM_M,0,UNKNOWN,NONE,V05C-contexts.csv,SOURCE_PROVED_NOT_YET_ADMITTED
TP07F490,04:83DA:0:0:0,0x0203DA,A8,TAY,IMP,UNKNOWN,UNKNOWN,NONE,V05C-contexts.csv,SOURCE_PROVED_NOT_YET_ADMITTED
TP07F490,04:83DB:0:0:0,0x0203DB,B94D08,LDA,ABS_Y,UNKNOWN,UNKNOWN,NONE,V05C-contexts.csv,SOURCE_PROVED_NOT_YET_ADMITTED
TP07F490,04:83DE:0:0:0,0x0203DE,C92000,CMP,IMM_M,UNKNOWN,UNKNOWN,NONE,V05C-contexts.csv,SOURCE_PROVED_NOT_YET_ADMITTED
TP07F490,04:83E1:0:0:0,0x0203E1,F01D,BEQ,REL8,UNKNOWN,UNKNOWN,NONE,V05C-contexts.csv,SOURCE_PROVED_NOT_YET_ADMITTED
TP07F490,04:83E3:0:0:0,0x0203E3,C90400,CMP,IMM_M,UNKNOWN,0,NONE,V05C-contexts.csv,SOURCE_PROVED_NOT_YET_ADMITTED
TP07F490,04:83E6:0:0:0,0x0203E6,F029,BEQ,REL8,UNKNOWN,UNKNOWN,NONE,V05C-contexts.csv,SOURCE_PROVED_NOT_YET_ADMITTED
TP07F490,04:83E8:0:0:0,0x0203E8,C91E00,CMP,IMM_M,UNKNOWN,0,NONE,V05C-contexts.csv,SOURCE_PROVED_NOT_YET_ADMITTED
TP07F490,04:83EB:0:0:0,0x0203EB,F024,BEQ,REL8,UNKNOWN,UNKNOWN,NONE,V05C-contexts.csv,SOURCE_PROVED_NOT_YET_ADMITTED
TP07F490,04:83ED:0:0:0,0x0203ED,AF00707E,LDA,ABSL,UNKNOWN,0,NONE,V05C-contexts.csv,SOURCE_PROVED_NOT_YET_ADMITTED
TP07F490,04:83F1:0:0:0,0x0203F1,0FC0707E,ORA,ABSL,UNKNOWN,UNKNOWN,NONE,V05C-contexts.csv,SOURCE_PROVED_NOT_YET_ADMITTED
TP07F490,04:83F5:0:0:0,0x0203F5,0FC4707E,ORA,ABSL,UNKNOWN,UNKNOWN,NONE,V05C-contexts.csv,SOURCE_PROVED_NOT_YET_ADMITTED
TP07F490,04:83F9:0:0:0,0x0203F9,29FF03,AND,IMM_M,UNKNOWN,UNKNOWN,NONE,V05C-contexts.csv,SOURCE_PROVED_NOT_YET_ADMITTED
TP07F490,04:83FC:0:0:0,0x0203FC,D0BA,BNE,REL8,UNKNOWN,UNKNOWN,NONE,V05C-contexts.csv,SOURCE_PROVED_NOT_YET_ADMITTED
TP07F490,04:83FE:0:0:0,0x0203FE,8011,BRA,REL8,UNKNOWN,1,NONE,V05C-contexts.csv,SOURCE_PROVED_NOT_YET_ADMITTED
TP07F490,04:8400:0:0:0,0x020400,AF1E707E,LDA,ABSL,UNKNOWN,1,NONE,V05C-contexts.csv,SOURCE_PROVED_NOT_YET_ADMITTED
TP07F490,04:8404:0:0:0,0x020404,0F5E707E,ORA,ABSL,UNKNOWN,UNKNOWN,NONE,V05C-contexts.csv,SOURCE_PROVED_NOT_YET_ADMITTED
TP07F490,04:8408:0:0:0,0x020408,0F9E707E,ORA,ABSL,UNKNOWN,UNKNOWN,NONE,V05C-contexts.csv,SOURCE_PROVED_NOT_YET_ADMITTED
TP07F490,04:840C:0:0:0,0x02040C,29FF03,AND,IMM_M,UNKNOWN,UNKNOWN,NONE,V05C-contexts.csv,SOURCE_PROVED_NOT_YET_ADMITTED
TP07F490,04:840F:0:0:0,0x02040F,D0A7,BNE,REL8,UNKNOWN,UNKNOWN,NONE,V05C-contexts.csv,SOURCE_PROVED_NOT_YET_ADMITTED
TP07F490,04:8411:0:0:0,0x020411,E230,SEP,IMM8,UNKNOWN,1,NONE,V05C-contexts.csv,SOURCE_PROVED_NOT_YET_ADMITTED
TP07F490,04:8413:0:1:1,0x020413,AE5100,LDX,ABS,UNKNOWN,1,DBR:0051,V05C-contexts.csv,SOURCE_PROVED_NOT_YET_ADMITTED
TP07F490,04:8416:0:1:1,0x020416,8E4800,STX,ABS,UNKNOWN,UNKNOWN,DBR:0048,V05C-contexts.csv,SOURCE_PROVED_NOT_YET_ADMITTED
TP07F490,04:8419:0:1:1,0x020419,C230,REP,IMM8,UNKNOWN,UNKNOWN,NONE,V05C-contexts.csv,SOURCE_PROVED_NOT_YET_ADMITTED
TP07F490,04:841B:0:0:0,0x02041B,AC7607,LDY,ABS,UNKNOWN,UNKNOWN,DBR:0776,V05C-contexts.csv,SOURCE_PROVED_NOT_YET_ADMITTED
TP07F490,04:841E:0:0:0,0x02041E,98,TYA,IMP,UNKNOWN,UNKNOWN,NONE,V05C-contexts.csv,SOURCE_PROVED_NOT_YET_ADMITTED
TP07F490,04:841F:0:0:0,0x02041F,0A,ASL,ACC,UNKNOWN,UNKNOWN,NONE,V05C-contexts.csv,SOURCE_PROVED_NOT_YET_ADMITTED
TP07F490,04:8420:0:0:0,0x020420,0A,ASL,ACC,UNKNOWN,UNKNOWN,NONE,V05C-contexts.csv,SOURCE_PROVED_NOT_YET_ADMITTED
TP07F490,04:8421:0:0:0,0x020421,A8,TAY,IMP,UNKNOWN,UNKNOWN,NONE,V05C-contexts.csv,SOURCE_PROVED_NOT_YET_ADMITTED
TP07F490,04:8422:0:0:0,0x020422,18,CLC,IMP,UNKNOWN,UNKNOWN,NONE,V05C-contexts.csv,SOURCE_PROVED_NOT_YET_ADMITTED
TP07F490,04:8423:0:0:0,0x020423,6D4F00,ADC,ABS,0,UNKNOWN,DBR:004F,V05C-contexts.csv,SOURCE_PROVED_NOT_YET_ADMITTED
TP07F490,04:8426:0:0:0,0x020426,8D4600,STA,ABS,UNKNOWN,UNKNOWN,DBR:0046,V05C-contexts.csv,SOURCE_PROVED_NOT_YET_ADMITTED
TP07F490,04:8429:0:0:0,0x020429,C230,REP,IMM8,UNKNOWN,UNKNOWN,NONE,V05C-contexts.csv,SOURCE_PROVED_NOT_YET_ADMITTED
TP07F490,04:842B:0:0:0,0x02042B,AC0B04,LDY,ABS,UNKNOWN,UNKNOWN,DBR:040B,V05C-contexts.csv,SOURCE_PROVED_NOT_YET_ADMITTED
TP07F490,04:842E:0:0:0,0x02042E,98,TYA,IMP,UNKNOWN,UNKNOWN,NONE,V05C-contexts.csv,SOURCE_PROVED_NOT_YET_ADMITTED
TP07F490,04:842F:0:0:0,0x02042F,A93000,LDA,IMM_M,UNKNOWN,UNKNOWN,NONE,V05C-contexts.csv,SOURCE_PROVED_NOT_YET_ADMITTED
TP07F490,04:8432:0:0:0,0x020432,22A78004,JSL,ABSL_JUMP,UNKNOWN,0,NONE,V05C-contexts.csv,SOURCE_PROVED_NOT_YET_ADMITTED
TP07F490,04:8436:0:0:0,0x020436,A8,TAY,IMP,UNKNOWN,UNKNOWN,NONE,V05C-contexts.csv,SOURCE_PROVED_NOT_YET_ADMITTED
TP07F490,04:8437:0:0:0,0x020437,18,CLC,IMP,UNKNOWN,UNKNOWN,NONE,V05C-contexts.csv,SOURCE_PROVED_NOT_YET_ADMITTED
TP07F490,04:8438:0:0:0,0x020438,691400,ADC,IMM_M,0,UNKNOWN,NONE,V05C-contexts.csv,SOURCE_PROVED_NOT_YET_ADMITTED
TP07F490,04:843B:0:0:0,0x02043B,A8,TAY,IMP,UNKNOWN,UNKNOWN,NONE,V05C-contexts.csv,SOURCE_PROVED_NOT_YET_ADMITTED
TP07F490,04:843C:0:0:0,0x02043C,B94D08,LDA,ABS_Y,UNKNOWN,UNKNOWN,NONE,V05C-contexts.csv,SOURCE_PROVED_NOT_YET_ADMITTED
TP07F490,04:843F:0:0:0,0x02043F,C92000,CMP,IMM_M,UNKNOWN,UNKNOWN,NONE,V05C-contexts.csv,SOURCE_PROVED_NOT_YET_ADMITTED
TP07F490,04:8442:0:0:0,0x020442,D009,BNE,REL8,UNKNOWN,UNKNOWN,NONE,V05C-contexts.csv,SOURCE_PROVED_NOT_YET_ADMITTED
TP07F490,04:8444:0:0:0,0x020444,A90100,LDA,IMM_M,UNKNOWN,1,NONE,V05C-contexts.csv,SOURCE_PROVED_NOT_YET_ADMITTED
TP07F490,04:8447:0:0:0,0x020447,8D9E07,STA,ABS,UNKNOWN,0,DBR:079E,V05C-contexts.csv,SOURCE_PROVED_NOT_YET_ADMITTED
TP07F490,04:844A:0:0:0,0x02044A,821700,BRL,REL16,UNKNOWN,0,NONE,V05C-contexts.csv,SOURCE_PROVED_NOT_YET_ADMITTED
TP07F490,04:844D:0:0:0,0x02044D,9C9E07,STZ,ABS,UNKNOWN,0,DBR:079E,V05C-contexts.csv,SOURCE_PROVED_NOT_YET_ADMITTED
TP07F490,04:8450:0:0:0,0x020450,C90400,CMP,IMM_M,UNKNOWN,0,NONE,V05C-contexts.csv,SOURCE_PROVED_NOT_YET_ADMITTED
TP07F490,04:8453:0:0:0,0x020453,F00D,BEQ,REL8,UNKNOWN,UNKNOWN,NONE,V05C-contexts.csv,SOURCE_PROVED_NOT_YET_ADMITTED
TP07F490,04:8455:0:0:0,0x020455,C91E00,CMP,IMM_M,UNKNOWN,0,NONE,V05C-contexts.csv,SOURCE_PROVED_NOT_YET_ADMITTED
TP07F490,04:8458:0:0:0,0x020458,F008,BEQ,REL8,UNKNOWN,UNKNOWN,NONE,V05C-contexts.csv,SOURCE_PROVED_NOT_YET_ADMITTED
TP07F490,04:845A:0:0:0,0x02045A,C90600,CMP,IMM_M,UNKNOWN,0,NONE,V05C-contexts.csv,SOURCE_PROVED_NOT_YET_ADMITTED
TP07F490,04:845D:0:0:0,0x02045D,F003,BEQ,REL8,UNKNOWN,UNKNOWN,NONE,V05C-contexts.csv,SOURCE_PROVED_NOT_YET_ADMITTED
TP07F490,04:845F:0:0:0,0x02045F,820200,BRL,REL16,UNKNOWN,0,NONE,V05C-contexts.csv,SOURCE_PROVED_NOT_YET_ADMITTED
TP07F490,04:8462:0:0:0,0x020462,8074,BRA,REL8,UNKNOWN,1,NONE,V05C-contexts.csv,SOURCE_PROVED_NOT_YET_ADMITTED
TP07F490,04:8464:0:0:0,0x020464,C230,REP,IMM8,UNKNOWN,0,NONE,V05C-contexts.csv,SOURCE_PROVED_NOT_YET_ADMITTED
TP07F490,04:8466:0:0:0,0x020466,9C1504,STZ,ABS,UNKNOWN,0,DBR:0415,V05C-contexts.csv,SOURCE_PROVED_NOT_YET_ADMITTED
TP07F490,04:8469:0:0:0,0x020469,AD1504,LDA,ABS,UNKNOWN,UNKNOWN|0,DBR:0415,V05C-contexts.csv,SOURCE_PROVED_NOT_YET_ADMITTED
TP07F490,04:846C:0:0:0,0x02046C,C91400,CMP,IMM_M,UNKNOWN,UNKNOWN,NONE,V05C-contexts.csv,SOURCE_PROVED_NOT_YET_ADMITTED
TP07F490,04:846F:0:0:0,0x02046F,9003,BCC,REL8,UNKNOWN,UNKNOWN,NONE,V05C-contexts.csv,SOURCE_PROVED_NOT_YET_ADMITTED
TP07F490,04:8471:0:0:0,0x020471,826400,BRL,REL16,1,UNKNOWN,NONE,V05C-contexts.csv,SOURCE_PROVED_NOT_YET_ADMITTED
TP07F490,04:8474:0:0:0,0x020474,AD1504,LDA,ABS,0,UNKNOWN,DBR:0415,V05C-contexts.csv,SOURCE_PROVED_NOT_YET_ADMITTED
TP07F490,04:8477:0:0:0,0x020477,0A,ASL,ACC,0,UNKNOWN,NONE,V05C-contexts.csv,SOURCE_PROVED_NOT_YET_ADMITTED
TP07F490,04:8478:0:0:0,0x020478,AA,TAX,IMP,UNKNOWN,UNKNOWN,NONE,V05C-contexts.csv,SOURCE_PROVED_NOT_YET_ADMITTED
TP07F490,04:8479:0:0:0,0x020479,AD9E07,LDA,ABS,UNKNOWN,UNKNOWN,DBR:079E,V05C-contexts.csv,SOURCE_PROVED_NOT_YET_ADMITTED
TP07F490,04:847C:0:0:0,0x02047C,F006,BEQ,REL8,UNKNOWN,UNKNOWN,NONE,V05C-contexts.csv,SOURCE_PROVED_NOT_YET_ADMITTED
TP07F490,04:847E:0:0:0,0x02047E,BFF88E01,LDA,ABSL_X,UNKNOWN,0,01:8EF8+X,V05C-contexts.csv,SOURCE_PROVED_NOT_YET_ADMITTED
TP07F490,04:8482:0:0:0,0x020482,8004,BRA,REL8,UNKNOWN,UNKNOWN,NONE,V05C-contexts.csv,SOURCE_PROVED_NOT_YET_ADMITTED
TP07F490,04:8484:0:0:0,0x020484,BFD08E01,LDA,ABSL_X,UNKNOWN,1,01:8ED0+X,V05C-contexts.csv,SOURCE_PROVED_NOT_YET_ADMITTED
TP07F490,04:8488:0:0:0,0x020488,F046,BEQ,REL8,UNKNOWN,UNKNOWN,NONE,V05C-contexts.csv,SOURCE_PROVED_NOT_YET_ADMITTED
TP07F490,04:848A:0:0:0,0x02048A,AD1504,LDA,ABS,UNKNOWN,0,DBR:0415,V05C-contexts.csv,SOURCE_PROVED_NOT_YET_ADMITTED
TP07F490,04:848D:0:0:0,0x02048D,0A,ASL,ACC,UNKNOWN,UNKNOWN,NONE,V05C-contexts.csv,SOURCE_PROVED_NOT_YET_ADMITTED
TP07F490,04:848E:0:0:0,0x02048E,AA,TAX,IMP,UNKNOWN,UNKNOWN,NONE,V05C-contexts.csv,SOURCE_PROVED_NOT_YET_ADMITTED
TP07F490,04:848F:0:0:0,0x02048F,BF888E01,LDA,ABSL_X,UNKNOWN,UNKNOWN,01:8E88+X,V05C-contexts.csv,SOURCE_PROVED_NOT_YET_ADMITTED
TP07F490,04:8493:0:0:0,0x020493,A8,TAY,IMP,UNKNOWN,UNKNOWN,NONE,V05C-contexts.csv,SOURCE_PROVED_NOT_YET_ADMITTED
TP07F490,04:8494:0:0:0,0x020494,98,TYA,IMP,UNKNOWN,UNKNOWN,NONE,V05C-contexts.csv,SOURCE_PROVED_NOT_YET_ADMITTED
TP07F490,04:8495:0:0:0,0x020495,0A,ASL,ACC,UNKNOWN,UNKNOWN,NONE,V05C-contexts.csv,SOURCE_PROVED_NOT_YET_ADMITTED
TP07F490,04:8496:0:0:0,0x020496,0A,ASL,ACC,UNKNOWN,UNKNOWN,NONE,V05C-contexts.csv,SOURCE_PROVED_NOT_YET_ADMITTED
TP07F490,04:8497:0:0:0,0x020497,A8,TAY,IMP,UNKNOWN,UNKNOWN,NONE,V05C-contexts.csv,SOURCE_PROVED_NOT_YET_ADMITTED
TP07F490,04:8498:0:0:0,0x020498,8D1104,STA,ABS,UNKNOWN,UNKNOWN,DBR:0411,V05C-contexts.csv,SOURCE_PROVED_NOT_YET_ADMITTED
TP07F490,04:849B:0:0:0,0x02049B,AD4600,LDA,ABS,UNKNOWN,UNKNOWN,DBR:0046,V05C-contexts.csv,SOURCE_PROVED_NOT_YET_ADMITTED
TP07F490,04:849E:0:0:0,0x02049E,8D0F04,STA,ABS,UNKNOWN,UNKNOWN,DBR:040F,V05C-contexts.csv,SOURCE_PROVED_NOT_YET_ADMITTED
TP07F490,04:84A1:0:0:0,0x0204A1,18,CLC,IMP,UNKNOWN,UNKNOWN,NONE,V05C-contexts.csv,SOURCE_PROVED_NOT_YET_ADMITTED
TP07F490,04:84A2:0:0:0,0x0204A2,6D1104,ADC,ABS,0,UNKNOWN,DBR:0411,V05C-contexts.csv,SOURCE_PROVED_NOT_YET_ADMITTED
TP07F490,04:84A5:0:0:0,0x0204A5,8D4600,STA,ABS,UNKNOWN,UNKNOWN,DBR:0046,V05C-contexts.csv,SOURCE_PROVED_NOT_YET_ADMITTED
TP07F490,04:84A8:0:0:0,0x0204A8,A746,LDA,DP_IND_LONG,UNKNOWN,UNKNOWN,NONE,V05C-contexts.csv,SOURCE_PROVED_NOT_YET_ADMITTED
TP07F490,04:84AA:0:0:0,0x0204AA,D01D,BNE,REL8,UNKNOWN,UNKNOWN,NONE,V05C-contexts.csv,SOURCE_PROVED_NOT_YET_ADMITTED
TP07F490,04:84AC:0:0:0,0x0204AC,A00200,LDY,IMM_X,UNKNOWN,1,NONE,V05C-contexts.csv,SOURCE_PROVED_NOT_YET_ADMITTED
TP07F490,04:84AF:0:0:0,0x0204AF,B746,LDA,DP_IND_LONG_Y,UNKNOWN,0,NONE,V05C-contexts.csv,SOURCE_PROVED_NOT_YET_ADMITTED
TP07F490,04:84B1:0:0:0,0x0204B1,29FF00,AND,IMM_M,UNKNOWN,UNKNOWN,NONE,V05C-contexts.csv,SOURCE_PROVED_NOT_YET_ADMITTED
TP07F490,04:84B4:0:0:0,0x0204B4,A8,TAY,IMP,UNKNOWN,UNKNOWN,NONE,V05C-contexts.csv,SOURCE_PROVED_NOT_YET_ADMITTED
TP07F490,04:84B5:0:0:0,0x0204B5,AD0F04,LDA,ABS,UNKNOWN,UNKNOWN,DBR:040F,V05C-contexts.csv,SOURCE_PROVED_NOT_YET_ADMITTED
TP07F490,04:84B8:0:0:0,0x0204B8,8D4600,STA,ABS,UNKNOWN,UNKNOWN,DBR:0046,V05C-contexts.csv,SOURCE_PROVED_NOT_YET_ADMITTED
TP07F490,04:84BB:0:0:0,0x0204BB,98,TYA,IMP,UNKNOWN,UNKNOWN,NONE,V05C-contexts.csv,SOURCE_PROVED_NOT_YET_ADMITTED
TP07F490,04:84BC:0:0:0,0x0204BC,0A,ASL,ACC,UNKNOWN,UNKNOWN,NONE,V05C-contexts.csv,SOURCE_PROVED_NOT_YET_ADMITTED
TP07F490,04:84BD:0:0:0,0x0204BD,0A,ASL,ACC,UNKNOWN,UNKNOWN,NONE,V05C-contexts.csv,SOURCE_PROVED_NOT_YET_ADMITTED
TP07F490,04:84BE:0:0:0,0x0204BE,A8,TAY,IMP,UNKNOWN,UNKNOWN,NONE,V05C-contexts.csv,SOURCE_PROVED_NOT_YET_ADMITTED
TP07F490,04:84BF:0:0:0,0x0204BF,BB,TYX,IMP,UNKNOWN,UNKNOWN,NONE,V05C-contexts.csv,SOURCE_PROVED_NOT_YET_ADMITTED
TP07F490,04:84C0:0:0:0,0x0204C0,BFB78801,LDA,ABSL_X,UNKNOWN,UNKNOWN,01:88B7+X,V05C-contexts.csv,SOURCE_PROVED_NOT_YET_ADMITTED
TP07F490,04:84C4:0:0:0,0x0204C4,C90000,CMP,IMM_M,UNKNOWN,UNKNOWN,NONE,V05C-contexts.csv,SOURCE_PROVED_NOT_YET_ADMITTED
TP07F490,04:84C7:0:0:0,0x0204C7,F007,BEQ,REL8,UNKNOWN,UNKNOWN,NONE,V05C-contexts.csv,SOURCE_PROVED_NOT_YET_ADMITTED
TP07F490,04:84C9:0:0:0,0x0204C9,222AED04,JSL,ABSL_JUMP,UNKNOWN,0,NONE,V05C-contexts.csv,SOURCE_PROVED_NOT_YET_ADMITTED
TP07F490,04:84CD:0:0:0,0x0204CD,82CA07,BRL,REL16,1,1,NONE,V05C-contexts.csv,SOURCE_PROVED_NOT_YET_ADMITTED
TP07F490,04:84D0:0:0:0,0x0204D0,C230,REP,IMM8,UNKNOWN,1,NONE,V05C-contexts.csv,SOURCE_PROVED_NOT_YET_ADMITTED
TP07F490,04:84D2:0:0:0,0x0204D2,EE1504,INC,ABS,UNKNOWN,1,DBR:0415,V05C-contexts.csv,SOURCE_PROVED_NOT_YET_ADMITTED
TP07F490,04:84D5:0:0:0,0x0204D5,8291FF,BRL,REL16,UNKNOWN,UNKNOWN,NONE,V05C-contexts.csv,SOURCE_PROVED_NOT_YET_ADMITTED
TP07F490,04:84D8:0:0:0,0x0204D8,C230,REP,IMM8,UNKNOWN|1,UNKNOWN|1,NONE,V05C-contexts.csv,SOURCE_PROVED_NOT_YET_ADMITTED
TP07F490,04:84DA:0:0:0,0x0204DA,A99300,LDA,IMM_M,UNKNOWN|1,UNKNOWN|1,NONE,V05C-contexts.csv,SOURCE_PROVED_NOT_YET_ADMITTED
TP07F490,04:84DD:0:0:0,0x0204DD,18,CLC,IMP,UNKNOWN|1,0,NONE,V05C-contexts.csv,SOURCE_PROVED_NOT_YET_ADMITTED
TP07F490,04:84DE:0:0:0,0x0204DE,6D3A00,ADC,ABS,0,0,DBR:003A,V05C-contexts.csv,SOURCE_PROVED_NOT_YET_ADMITTED
TP07F490,04:84E1:0:0:0,0x0204E1,8D1900,STA,ABS,UNKNOWN,UNKNOWN,DBR:0019,V05C-contexts.csv,SOURCE_PROVED_NOT_YET_ADMITTED
TP07F490,04:84E4:0:0:0,0x0204E4,E230,SEP,IMM8,UNKNOWN,UNKNOWN,NONE,V05C-contexts.csv,SOURCE_PROVED_NOT_YET_ADMITTED
TP07F490,04:84E6:0:1:1,0x0204E6,AD3C00,LDA,ABS,UNKNOWN,UNKNOWN,DBR:003C,V05C-contexts.csv,SOURCE_PROVED_NOT_YET_ADMITTED
TP07F490,04:84E9:0:1:1,0x0204E9,8D1B00,STA,ABS,UNKNOWN,UNKNOWN,DBR:001B,V05C-contexts.csv,SOURCE_PROVED_NOT_YET_ADMITTED
TP07F490,04:84EC:0:1:1,0x0204EC,C230,REP,IMM8,UNKNOWN,UNKNOWN,NONE,V05C-contexts.csv,SOURCE_PROVED_NOT_YET_ADMITTED
TP07F490,04:84EE:0:0:0,0x0204EE,AD1900,LDA,ABS,UNKNOWN,UNKNOWN,DBR:0019,V05C-contexts.csv,SOURCE_PROVED_NOT_YET_ADMITTED
TP07F490,04:84F1:0:0:0,0x0204F1,8D1600,STA,ABS,UNKNOWN,UNKNOWN,DBR:0016,V05C-contexts.csv,SOURCE_PROVED_NOT_YET_ADMITTED
TP07F490,04:84F4:0:0:0,0x0204F4,E230,SEP,IMM8,UNKNOWN,UNKNOWN,NONE,V05C-contexts.csv,SOURCE_PROVED_NOT_YET_ADMITTED
TP07F490,04:84F6:0:1:1,0x0204F6,AD1B00,LDA,ABS,UNKNOWN,UNKNOWN,DBR:001B,V05C-contexts.csv,SOURCE_PROVED_NOT_YET_ADMITTED
TP07F490,04:84F9:0:1:1,0x0204F9,8D1800,STA,ABS,UNKNOWN,UNKNOWN,DBR:0018,V05C-contexts.csv,SOURCE_PROVED_NOT_YET_ADMITTED
TP07F490,04:84FC:0:1:1,0x0204FC,C230,REP,IMM8,UNKNOWN,UNKNOWN,NONE,V05C-contexts.csv,SOURCE_PROVED_NOT_YET_ADMITTED
TP07F490,04:84FE:0:0:0,0x0204FE,AD1600,LDA,ABS,UNKNOWN,UNKNOWN,DBR:0016,V05C-contexts.csv,SOURCE_PROVED_NOT_YET_ADMITTED
TP07F490,04:8501:0:0:0,0x020501,C98E8F,CMP,IMM_M,UNKNOWN,UNKNOWN,NONE,V05C-contexts.csv,SOURCE_PROVED_NOT_YET_ADMITTED
TP07F490,04:8504:0:0:0,0x020504,9003,BCC,REL8,UNKNOWN,UNKNOWN,NONE,V05C-contexts.csv,SOURCE_PROVED_NOT_YET_ADMITTED
TP07F490,04:8506:0:0:0,0x020506,826D07,BRL,REL16,1,UNKNOWN,NONE,V05C-contexts.csv,SOURCE_PROVED_NOT_YET_ADMITTED
TP07F490,04:8509:0:0:0,0x020509,E230,SEP,IMM8,0,UNKNOWN,NONE,V05C-contexts.csv,SOURCE_PROVED_NOT_YET_ADMITTED
TP07F490,04:850B:0:1:1,0x02050B,A008,LDY,IMM_X,0,UNKNOWN,NONE,V05C-contexts.csv,SOURCE_PROVED_NOT_YET_ADMITTED
TP07F490,04:850D:0:1:1,0x02050D,B716,LDA,DP_IND_LONG_Y,0,0,NONE,V05C-contexts.csv,SOURCE_PROVED_NOT_YET_ADMITTED
TP07F490,04:850F:0:1:1,0x02050F,F003,BEQ,REL8,0,UNKNOWN,NONE,V05C-contexts.csv,SOURCE_PROVED_NOT_YET_ADMITTED
TP07F490,04:8511:0:1:1,0x020511,825307,BRL,REL16,0,0,NONE,V05C-contexts.csv,SOURCE_PROVED_NOT_YET_ADMITTED
TP07F490,04:8514:0:1:1,0x020514,C230,REP,IMM8,0,1,NONE,V05C-contexts.csv,SOURCE_PROVED_NOT_YET_ADMITTED
TP07F490,04:8516:0:0:0,0x020516,AC0B04,LDY,ABS,0,1,DBR:040B,V05C-contexts.csv,SOURCE_PROVED_NOT_YET_ADMITTED
TP07F490,04:8519:0:0:0,0x020519,98,TYA,IMP,0,UNKNOWN,NONE,V05C-contexts.csv,SOURCE_PROVED_NOT_YET_ADMITTED
TP07F490,04:851A:0:0:0,0x02051A,A93000,LDA,IMM_M,0,UNKNOWN,NONE,V05C-contexts.csv,SOURCE_PROVED_NOT_YET_ADMITTED
TP07F490,04:851D:0:0:0,0x02051D,22A78004,JSL,ABSL_JUMP,0,0,NONE,V05C-contexts.csv,SOURCE_PROVED_NOT_YET_ADMITTED
TP07F490,04:8521:0:0:0,0x020521,A8,TAY,IMP,UNKNOWN,UNKNOWN,NONE,V05C-contexts.csv,SOURCE_PROVED_NOT_YET_ADMITTED
TP07F490,04:8522:0:0:0,0x020522,18,CLC,IMP,UNKNOWN,UNKNOWN,NONE,V05C-contexts.csv,SOURCE_PROVED_NOT_YET_ADMITTED
TP07F490,04:8523:0:0:0,0x020523,691400,ADC,IMM_M,0,UNKNOWN,NONE,V05C-contexts.csv,SOURCE_PROVED_NOT_YET_ADMITTED
TP07F490,04:8526:0:0:0,0x020526,A8,TAY,IMP,UNKNOWN,UNKNOWN,NONE,V05C-contexts.csv,SOURCE_PROVED_NOT_YET_ADMITTED
TP07F490,04:8527:0:0:0,0x020527,B94D08,LDA,ABS_Y,UNKNOWN,UNKNOWN,NONE,V05C-contexts.csv,SOURCE_PROVED_NOT_YET_ADMITTED
TP07F490,04:852A:0:0:0,0x02052A,C90400,CMP,IMM_M,UNKNOWN,UNKNOWN,NONE,V05C-contexts.csv,SOURCE_PROVED_NOT_YET_ADMITTED
TP07F490,04:852D:0:0:0,0x02052D,F008,BEQ,REL8,UNKNOWN,UNKNOWN,NONE,V05C-contexts.csv,SOURCE_PROVED_NOT_YET_ADMITTED
TP07F490,04:852F:0:0:0,0x02052F,C91E00,CMP,IMM_M,UNKNOWN,0,NONE,V05C-contexts.csv,SOURCE_PROVED_NOT_YET_ADMITTED
TP07F490,04:8532:0:0:0,0x020532,F003,BEQ,REL8,UNKNOWN,UNKNOWN,NONE,V05C-contexts.csv,SOURCE_PROVED_NOT_YET_ADMITTED
TP07F490,04:8534:0:0:0,0x020534,82BC01,BRL,REL16,UNKNOWN,0,NONE,V05C-contexts.csv,SOURCE_PROVED_NOT_YET_ADMITTED
TP07F490,04:8537:0:0:0,0x020537,C230,REP,IMM8,UNKNOWN,1,NONE,V05C-contexts.csv,SOURCE_PROVED_NOT_YET_ADMITTED
TP07F490,04:8539:0:0:0,0x020539,9C1504,STZ,ABS,UNKNOWN,1,DBR:0415,V05C-contexts.csv,SOURCE_PROVED_NOT_YET_ADMITTED
TP07F490,04:853C:0:0:0,0x02053C,C230,REP,IMM8,UNKNOWN,1,NONE,V05C-contexts.csv,SOURCE_PROVED_NOT_YET_ADMITTED
TP07F490,04:853E:0:0:0,0x02053E,AC1504,LDY,ABS,UNKNOWN,1,DBR:0415,V05C-contexts.csv,SOURCE_PROVED_NOT_YET_ADMITTED
TP07F490,04:8541:0:0:0,0x020541,98,TYA,IMP,UNKNOWN,UNKNOWN,NONE,V05C-contexts.csv,SOURCE_PROVED_NOT_YET_ADMITTED
TP07F490,04:8542:0:0:0,0x020542,0A,ASL,ACC,UNKNOWN,UNKNOWN,NONE,V05C-contexts.csv,SOURCE_PROVED_NOT_YET_ADMITTED
TP07F490,04:8543:0:0:0,0x020543,A8,TAY,IMP,UNKNOWN,UNKNOWN,NONE,V05C-contexts.csv,SOURCE_PROVED_NOT_YET_ADMITTED
TP07F490,04:8544:0:0:0,0x020544,BB,TYX,IMP,UNKNOWN,UNKNOWN,NONE,V05C-contexts.csv,SOURCE_PROVED_NOT_YET_ADMITTED
TP07F490,04:8545:0:0:0,0x020545,BF198E01,LDA,ABSL_X,UNKNOWN,UNKNOWN,01:8E19+X,V05C-contexts.csv,SOURCE_PROVED_NOT_YET_ADMITTED
TP07F490,04:8549:0:0:0,0x020549,A8,TAY,IMP,UNKNOWN,UNKNOWN,NONE,V05C-contexts.csv,SOURCE_PROVED_NOT_YET_ADMITTED
TP07F490,04:854A:0:0:0,0x02054A,98,TYA,IMP,UNKNOWN,UNKNOWN,NONE,V05C-contexts.csv,SOURCE_PROVED_NOT_YET_ADMITTED
TP07F490,04:854B:0:0:0,0x02054B,0A,ASL,ACC,UNKNOWN,UNKNOWN,NONE,V05C-contexts.csv,SOURCE_PROVED_NOT_YET_ADMITTED
TP07F490,04:854C:0:0:0,0x02054C,0A,ASL,ACC,UNKNOWN,UNKNOWN,NONE,V05C-contexts.csv,SOURCE_PROVED_NOT_YET_ADMITTED
TP07F490,04:854D:0:0:0,0x02054D,A8,TAY,IMP,UNKNOWN,UNKNOWN,NONE,V05C-contexts.csv,SOURCE_PROVED_NOT_YET_ADMITTED
TP07F490,04:854E:0:0:0,0x02054E,A00200,LDY,IMM_X,UNKNOWN,UNKNOWN,NONE,V05C-contexts.csv,SOURCE_PROVED_NOT_YET_ADMITTED
TP07F490,04:8551:0:0:0,0x020551,18,CLC,IMP,UNKNOWN,0,NONE,V05C-contexts.csv,SOURCE_PROVED_NOT_YET_ADMITTED
TP07F490,04:8552:0:0:0,0x020552,6D4600,ADC,ABS,0,0,DBR:0046,V05C-contexts.csv,SOURCE_PROVED_NOT_YET_ADMITTED
TP07F490,04:8555:0:0:0,0x020555,8D6400,STA,ABS,UNKNOWN,UNKNOWN,DBR:0064,V05C-contexts.csv,SOURCE_PROVED_NOT_YET_ADMITTED
TP07F490,04:8558:0:0:0,0x020558,E230,SEP,IMM8,UNKNOWN,UNKNOWN,NONE,V05C-contexts.csv,SOURCE_PROVED_NOT_YET_ADMITTED
TP07F490,04:855A:0:1:1,0x02055A,AD4800,LDA,ABS,UNKNOWN,UNKNOWN,DBR:0048,V05C-contexts.csv,SOURCE_PROVED_NOT_YET_ADMITTED
TP07F490,04:855D:0:1:1,0x02055D,8D6600,STA,ABS,UNKNOWN,UNKNOWN,DBR:0066,V05C-contexts.csv,SOURCE_PROVED_NOT_YET_ADMITTED
TP07F490,04:8560:0:1:1,0x020560,B764,LDA,DP_IND_LONG_Y,UNKNOWN,UNKNOWN,NONE,V05C-contexts.csv,SOURCE_PROVED_NOT_YET_ADMITTED
TP07F490,04:8562:0:1:1,0x020562,8D0004,STA,ABS,UNKNOWN,UNKNOWN,DBR:0400,V05C-contexts.csv,SOURCE_PROVED_NOT_YET_ADMITTED
TP07F490,04:8565:0:1:1,0x020565,A8,TAY,IMP,UNKNOWN,UNKNOWN,NONE,V05C-contexts.csv,SOURCE_PROVED_NOT_YET_ADMITTED
TP07F490,04:8566:0:1:1,0x020566,C230,REP,IMM8,UNKNOWN,UNKNOWN,NONE,V05C-contexts.csv,SOURCE_PROVED_NOT_YET_ADMITTED
TP07F490,04:8568:0:0:0,0x020568,98,TYA,IMP,UNKNOWN,UNKNOWN,NONE,V05C-contexts.csv,SOURCE_PROVED_NOT_YET_ADMITTED
TP07F490,04:8569:0:0:0,0x020569,0A,ASL,ACC,UNKNOWN,UNKNOWN,NONE,V05C-contexts.csv,SOURCE_PROVED_NOT_YET_ADMITTED
TP07F490,04:856A:0:0:0,0x02056A,0A,ASL,ACC,UNKNOWN,UNKNOWN,NONE,V05C-contexts.csv,SOURCE_PROVED_NOT_YET_ADMITTED
TP07F490,04:856B:0:0:0,0x02056B,A8,TAY,IMP,UNKNOWN,UNKNOWN,NONE,V05C-contexts.csv,SOURCE_PROVED_NOT_YET_ADMITTED
TP07F490,04:856C:0:0:0,0x02056C,BB,TYX,IMP,UNKNOWN,UNKNOWN,NONE,V05C-contexts.csv,SOURCE_PROVED_NOT_YET_ADMITTED
TP07F490,04:856D:0:0:0,0x02056D,BFB78801,LDA,ABSL_X,UNKNOWN,UNKNOWN,01:88B7+X,V05C-contexts.csv,SOURCE_PROVED_NOT_YET_ADMITTED
TP07F490,04:8571:0:0:0,0x020571,294000,AND,IMM_M,UNKNOWN,UNKNOWN,NONE,V05C-contexts.csv,SOURCE_PROVED_NOT_YET_ADMITTED
TP07F490,04:8574:0:0:0,0x020574,D003,BNE,REL8,UNKNOWN,UNKNOWN,NONE,V05C-contexts.csv,SOURCE_PROVED_NOT_YET_ADMITTED
TP07F490,04:8576:0:0:0,0x020576,825D01,BRL,REL16,UNKNOWN,1,NONE,V05C-contexts.csv,SOURCE_PROVED_NOT_YET_ADMITTED
TP07F490,04:8579:0:0:0,0x020579,AD0004,LDA,ABS,UNKNOWN,0,DBR:0400,V05C-contexts.csv,SOURCE_PROVED_NOT_YET_ADMITTED
TP07F490,04:857C:0:0:0,0x02057C,29FF00,AND,IMM_M,UNKNOWN,UNKNOWN,NONE,V05C-contexts.csv,SOURCE_PROVED_NOT_YET_ADMITTED
TP07F490,04:857F:0:0:0,0x02057F,A8,TAY,IMP,UNKNOWN,UNKNOWN,NONE,V05C-contexts.csv,SOURCE_PROVED_NOT_YET_ADMITTED
TP07F490,04:8580:0:0:0,0x020580,98,TYA,IMP,UNKNOWN,UNKNOWN,NONE,V05C-contexts.csv,SOURCE_PROVED_NOT_YET_ADMITTED
TP07F490,04:8581:0:0:0,0x020581,0A,ASL,ACC,UNKNOWN,UNKNOWN,NONE,V05C-contexts.csv,SOURCE_PROVED_NOT_YET_ADMITTED
TP07F490,04:8582:0:0:0,0x020582,0A,ASL,ACC,UNKNOWN,UNKNOWN,NONE,V05C-contexts.csv,SOURCE_PROVED_NOT_YET_ADMITTED
TP07F490,04:8583:0:0:0,0x020583,A8,TAY,IMP,UNKNOWN,UNKNOWN,NONE,V05C-contexts.csv,SOURCE_PROVED_NOT_YET_ADMITTED
TP07F490,04:8584:0:0:0,0x020584,BB,TYX,IMP,UNKNOWN,UNKNOWN,NONE,V05C-contexts.csv,SOURCE_PROVED_NOT_YET_ADMITTED
TP07F490,04:8585:0:0:0,0x020585,BFBA8801,LDA,ABSL_X,UNKNOWN,UNKNOWN,01:88BA+X,V05C-contexts.csv,SOURCE_PROVED_NOT_YET_ADMITTED
TP07F490,04:8589:0:0:0,0x020589,E230,SEP,IMM8,UNKNOWN,UNKNOWN,NONE,V05C-contexts.csv,SOURCE_PROVED_NOT_YET_ADMITTED
TP07F490,04:858B:0:1:1,0x02058B,AA,TAX,IMP,UNKNOWN,UNKNOWN,NONE,V05C-contexts.csv,SOURCE_PROVED_NOT_YET_ADMITTED
TP07F490,04:858C:0:1:1,0x02058C,BF479301,LDA,ABSL_X,UNKNOWN,UNKNOWN,01:9347+X,V05C-contexts.csv,SOURCE_PROVED_NOT_YET_ADMITTED
TP07F490,04:8590:0:1:1,0x020590,8D0004,STA,ABS,UNKNOWN,UNKNOWN,DBR:0400,V05C-contexts.csv,SOURCE_PROVED_NOT_YET_ADMITTED
TP07F490,04:8593:0:1:1,0x020593,D003,BNE,REL8,UNKNOWN,UNKNOWN,NONE,V05C-contexts.csv,SOURCE_PROVED_NOT_YET_ADMITTED
TP07F490,04:8595:0:1:1,0x020595,823E01,BRL,REL16,UNKNOWN,1,NONE,V05C-contexts.csv,SOURCE_PROVED_NOT_YET_ADMITTED
TP07F490,04:8598:0:1:1,0x020598,C9FF,CMP,IMM_M,UNKNOWN,0,NONE,V05C-contexts.csv,SOURCE_PROVED_NOT_YET_ADMITTED
TP07F490,04:859A:0:1:1,0x02059A,D003,BNE,REL8,UNKNOWN,UNKNOWN,NONE,V05C-contexts.csv,SOURCE_PROVED_NOT_YET_ADMITTED
TP07F490,04:859C:0:1:1,0x02059C,823701,BRL,REL16,UNKNOWN,1,NONE,V05C-contexts.csv,SOURCE_PROVED_NOT_YET_ADMITTED
TP07F490,04:859F:0:1:1,0x02059F,C902,CMP,IMM_M,UNKNOWN,0,NONE,V05C-contexts.csv,SOURCE_PROVED_NOT_YET_ADMITTED
TP07F490,04:85A1:0:1:1,0x0205A1,D003,BNE,REL8,UNKNOWN,UNKNOWN,NONE,V05C-contexts.csv,SOURCE_PROVED_NOT_YET_ADMITTED
TP07F490,04:85A3:0:1:1,0x0205A3,823001,BRL,REL16,UNKNOWN,1,NONE,V05C-contexts.csv,SOURCE_PROVED_NOT_YET_ADMITTED
TP07F490,04:85A6:0:1:1,0x0205A6,C230,REP,IMM8,UNKNOWN,0,NONE,V05C-contexts.csv,SOURCE_PROVED_NOT_YET_ADMITTED
TP07F490,04:85A8:0:0:0,0x0205A8,9C1904,STZ,ABS,UNKNOWN,0,DBR:0419,V05C-contexts.csv,SOURCE_PROVED_NOT_YET_ADMITTED
TP07F490,04:85AB:0:0:0,0x0205AB,9C1B04,STZ,ABS,UNKNOWN,0,DBR:041B,V05C-contexts.csv,SOURCE_PROVED_NOT_YET_ADMITTED
TP07F490,04:85AE:0:0:0,0x0205AE,AD0004,LDA,ABS,UNKNOWN,0,DBR:0400,V05C-contexts.csv,SOURCE_PROVED_NOT_YET_ADMITTED
TP07F490,04:85B1:0:0:0,0x0205B1,29FF00,AND,IMM_M,UNKNOWN,UNKNOWN,NONE,V05C-contexts.csv,SOURCE_PROVED_NOT_YET_ADMITTED
TP07F490,04:85B4:0:0:0,0x0205B4,A8,TAY,IMP,UNKNOWN,UNKNOWN,NONE,V05C-contexts.csv,SOURCE_PROVED_NOT_YET_ADMITTED
TP07F490,04:85B5:0:0:0,0x0205B5,98,TYA,IMP,UNKNOWN,UNKNOWN,NONE,V05C-contexts.csv,SOURCE_PROVED_NOT_YET_ADMITTED
TP07F490,04:85B6:0:0:0,0x0205B6,0A,ASL,ACC,UNKNOWN,UNKNOWN,NONE,V05C-contexts.csv,SOURCE_PROVED_NOT_YET_ADMITTED
TP07F490,04:85B7:0:0:0,0x0205B7,A8,TAY,IMP,UNKNOWN,UNKNOWN,NONE,V05C-contexts.csv,SOURCE_PROVED_NOT_YET_ADMITTED
TP07F490,04:85B8:0:0:0,0x0205B8,AA,TAX,IMP,UNKNOWN,UNKNOWN,NONE,V05C-contexts.csv,SOURCE_PROVED_NOT_YET_ADMITTED
TP07F490,04:85B9:0:0:0,0x0205B9,BF198E01,LDA,ABSL_X,UNKNOWN,UNKNOWN,01:8E19+X,V05C-contexts.csv,SOURCE_PROVED_NOT_YET_ADMITTED
TP07F490,04:85BD:0:0:0,0x0205BD,8D8A07,STA,ABS,UNKNOWN,UNKNOWN,DBR:078A,V05C-contexts.csv,SOURCE_PROVED_NOT_YET_ADMITTED
TP07F490,04:85C0:0:0:0,0x0205C0,AC1504,LDY,ABS,UNKNOWN,UNKNOWN,DBR:0415,V05C-contexts.csv,SOURCE_PROVED_NOT_YET_ADMITTED
TP07F490,04:85C3:0:0:0,0x0205C3,98,TYA,IMP,UNKNOWN,UNKNOWN,NONE,V05C-contexts.csv,SOURCE_PROVED_NOT_YET_ADMITTED
TP07F490,04:85C4:0:0:0,0x0205C4,0A,ASL,ACC,UNKNOWN,UNKNOWN,NONE,V05C-contexts.csv,SOURCE_PROVED_NOT_YET_ADMITTED
TP07F490,04:85C5:0:0:0,0x0205C5,A8,TAY,IMP,UNKNOWN,UNKNOWN,NONE,V05C-contexts.csv,SOURCE_PROVED_NOT_YET_ADMITTED
TP07F490,04:85C6:0:0:0,0x0205C6,AA,TAX,IMP,UNKNOWN,UNKNOWN,NONE,V05C-contexts.csv,SOURCE_PROVED_NOT_YET_ADMITTED
TP07F490,04:85C7:0:0:0,0x0205C7,BF198E01,LDA,ABSL_X,UNKNOWN,UNKNOWN,01:8E19+X,V05C-contexts.csv,SOURCE_PROVED_NOT_YET_ADMITTED
TP07F490,04:85CB:0:0:0,0x0205CB,18,CLC,IMP,UNKNOWN,UNKNOWN,NONE,V05C-contexts.csv,SOURCE_PROVED_NOT_YET_ADMITTED
TP07F490,04:85CC:0:0:0,0x0205CC,6D8A07,ADC,ABS,0,UNKNOWN,DBR:078A,V05C-contexts.csv,SOURCE_PROVED_NOT_YET_ADMITTED
TP07F490,04:85CF:0:0:0,0x0205CF,0A,ASL,ACC,UNKNOWN,UNKNOWN,NONE,V05C-contexts.csv,SOURCE_PROVED_NOT_YET_ADMITTED
TP07F490,04:85D0:0:0:0,0x0205D0,0A,ASL,ACC,UNKNOWN,UNKNOWN,NONE,V05C-contexts.csv,SOURCE_PROVED_NOT_YET_ADMITTED
TP07F490,04:85D1:0:0:0,0x0205D1,18,CLC,IMP,UNKNOWN,UNKNOWN,NONE,V05C-contexts.csv,SOURCE_PROVED_NOT_YET_ADMITTED
TP07F490,04:85D2:0:0:0,0x0205D2,6D4600,ADC,ABS,0,UNKNOWN,DBR:0046,V05C-contexts.csv,SOURCE_PROVED_NOT_YET_ADMITTED
TP07F490,04:85D5:0:0:0,0x0205D5,8D1F00,STA,ABS,UNKNOWN,UNKNOWN,DBR:001F,V05C-contexts.csv,SOURCE_PROVED_NOT_YET_ADMITTED
TP07F490,04:85D8:0:0:0,0x0205D8,E230,SEP,IMM8,UNKNOWN,UNKNOWN,NONE,V05C-contexts.csv,SOURCE_PROVED_NOT_YET_ADMITTED
TP07F490,04:85DA:0:1:1,0x0205DA,AD4800,LDA,ABS,UNKNOWN,UNKNOWN,DBR:0048,V05C-contexts.csv,SOURCE_PROVED_NOT_YET_ADMITTED
TP07F490,04:85DD:0:1:1,0x0205DD,8D2100,STA,ABS,UNKNOWN,UNKNOWN,DBR:0021,V05C-contexts.csv,SOURCE_PROVED_NOT_YET_ADMITTED
TP07F490,04:85E0:0:1:1,0x0205E0,A002,LDY,IMM_X,UNKNOWN,UNKNOWN,NONE,V05C-contexts.csv,SOURCE_PROVED_NOT_YET_ADMITTED
TP07F490,04:85E2:0:1:1,0x0205E2,B71F,LDA,DP_IND_LONG_Y,UNKNOWN,0,NONE,V05C-contexts.csv,SOURCE_PROVED_NOT_YET_ADMITTED
TP07F490,04:85E4:0:1:1,0x0205E4,A8,TAY,IMP,UNKNOWN,UNKNOWN,NONE,V05C-contexts.csv,SOURCE_PROVED_NOT_YET_ADMITTED
TP07F490,04:85E5:0:1:1,0x0205E5,C230,REP,IMM8,UNKNOWN,UNKNOWN,NONE,V05C-contexts.csv,SOURCE_PROVED_NOT_YET_ADMITTED
TP07F490,04:85E7:0:0:0,0x0205E7,98,TYA,IMP,UNKNOWN,UNKNOWN,NONE,V05C-contexts.csv,SOURCE_PROVED_NOT_YET_ADMITTED
TP07F490,04:85E8:0:0:0,0x0205E8,0A,ASL,ACC,UNKNOWN,UNKNOWN,NONE,V05C-contexts.csv,SOURCE_PROVED_NOT_YET_ADMITTED
TP07F490,04:85E9:0:0:0,0x0205E9,0A,ASL,ACC,UNKNOWN,UNKNOWN,NONE,V05C-contexts.csv,SOURCE_PROVED_NOT_YET_ADMITTED
TP07F490,04:85EA:0:0:0,0x0205EA,A8,TAY,IMP,UNKNOWN,UNKNOWN,NONE,V05C-contexts.csv,SOURCE_PROVED_NOT_YET_ADMITTED
TP07F490,04:85EB:0:0:0,0x0205EB,AA,TAX,IMP,UNKNOWN,UNKNOWN,NONE,V05C-contexts.csv,SOURCE_PROVED_NOT_YET_ADMITTED
TP07F490,04:85EC:0:0:0,0x0205EC,BFBA8801,LDA,ABSL_X,UNKNOWN,UNKNOWN,01:88BA+X,V05C-contexts.csv,SOURCE_PROVED_NOT_YET_ADMITTED
TP07F490,04:85F0:0:0:0,0x0205F0,E230,SEP,IMM8,UNKNOWN,UNKNOWN,NONE,V05C-contexts.csv,SOURCE_PROVED_NOT_YET_ADMITTED
TP07F490,04:85F2:0:1:1,0x0205F2,AA,TAX,IMP,UNKNOWN,UNKNOWN,NONE,V05C-contexts.csv,SOURCE_PROVED_NOT_YET_ADMITTED
TP07F490,04:85F3:0:1:1,0x0205F3,BFB78D01,LDA,ABSL_X,UNKNOWN,UNKNOWN,01:8DB7+X,V05C-contexts.csv,SOURCE_PROVED_NOT_YET_ADMITTED
TP07F490,04:85F7:0:1:1,0x0205F7,8D1704,STA,ABS,UNKNOWN,UNKNOWN,DBR:0417,V05C-contexts.csv,SOURCE_PROVED_NOT_YET_ADMITTED
TP07F490,04:85FA:0:1:1,0x0205FA,AE0004,LDX,ABS,UNKNOWN,UNKNOWN,DBR:0400,V05C-contexts.csv,SOURCE_PROVED_NOT_YET_ADMITTED
TP07F490,04:85FD:0:1:1,0x0205FD,BF138E01,LDA,ABSL_X,UNKNOWN,UNKNOWN,01:8E13+X,V05C-contexts.csv,SOURCE_PROVED_NOT_YET_ADMITTED
TP07F490,04:8601:0:1:1,0x020601,49FF,EOR,IMM_M,UNKNOWN,UNKNOWN,NONE,V05C-contexts.csv,SOURCE_PROVED_NOT_YET_ADMITTED
TP07F490,04:8603:0:1:1,0x020603,2D1704,AND,ABS,UNKNOWN,UNKNOWN,DBR:0417,V05C-contexts.csv,SOURCE_PROVED_NOT_YET_ADMITTED
TP07F490,04:8606:0:1:1,0x020606,8D1704,STA,ABS,UNKNOWN,UNKNOWN,DBR:0417,V05C-contexts.csv,SOURCE_PROVED_NOT_YET_ADMITTED
TP07F490,04:8609:0:1:1,0x020609,D003,BNE,REL8,UNKNOWN,UNKNOWN,NONE,V05C-contexts.csv,SOURCE_PROVED_NOT_YET_ADMITTED
TP07F490,04:860B:0:1:1,0x02060B,82C800,BRL,REL16,UNKNOWN,1,NONE,V05C-contexts.csv,SOURCE_PROVED_NOT_YET_ADMITTED
TP07F490,04:860E:0:1:1,0x02060E,C230,REP,IMM8,UNKNOWN,0,NONE,V05C-contexts.csv,SOURCE_PROVED_NOT_YET_ADMITTED
TP07F490,04:8610:0:0:0,0x020610,AC1504,LDY,ABS,UNKNOWN,0,DBR:0415,V05C-contexts.csv,SOURCE_PROVED_NOT_YET_ADMITTED
TP07F490,04:8613:0:0:0,0x020613,98,TYA,IMP,UNKNOWN,UNKNOWN,NONE,V05C-contexts.csv,SOURCE_PROVED_NOT_YET_ADMITTED
TP07F490,04:8614:0:0:0,0x020614,0A,ASL,ACC,UNKNOWN,UNKNOWN,NONE,V05C-contexts.csv,SOURCE_PROVED_NOT_YET_ADMITTED
TP07F490,04:8615:0:0:0,0x020615,A8,TAY,IMP,UNKNOWN,UNKNOWN,NONE,V05C-contexts.csv,SOURCE_PROVED_NOT_YET_ADMITTED
TP07F490,04:8616:0:0:0,0x020616,AA,TAX,IMP,UNKNOWN,UNKNOWN,NONE,V05C-contexts.csv,SOURCE_PROVED_NOT_YET_ADMITTED
TP07F490,04:8617:0:0:0,0x020617,BF198E01,LDA,ABSL_X,UNKNOWN,UNKNOWN,01:8E19+X,V05C-contexts.csv,SOURCE_PROVED_NOT_YET_ADMITTED
TP07F490,04:861B:0:0:0,0x02061B,0A,ASL,ACC,UNKNOWN,UNKNOWN,NONE,V05C-contexts.csv,SOURCE_PROVED_NOT_YET_ADMITTED
TP07F490,04:861C:0:0:0,0x02061C,0A,ASL,ACC,UNKNOWN,UNKNOWN,NONE,V05C-contexts.csv,SOURCE_PROVED_NOT_YET_ADMITTED
TP07F490,04:861D:0:0:0,0x02061D,18,CLC,IMP,UNKNOWN,UNKNOWN,NONE,V05C-contexts.csv,SOURCE_PROVED_NOT_YET_ADMITTED
TP07F490,04:861E:0:0:0,0x02061E,6D4600,ADC,ABS,0,UNKNOWN,DBR:0046,V05C-contexts.csv,SOURCE_PROVED_NOT_YET_ADMITTED
TP07F490,04:8621:0:0:0,0x020621,CD1F00,CMP,ABS,UNKNOWN,UNKNOWN,DBR:001F,V05C-contexts.csv,SOURCE_PROVED_NOT_YET_ADMITTED
TP07F490,04:8624:0:0:0,0x020624,D013,BNE,REL8,UNKNOWN,UNKNOWN,NONE,V05C-contexts.csv,SOURCE_PROVED_NOT_YET_ADMITTED
TP07F490,04:8626:0:0:0,0x020626,E220,SEP,IMM8,UNKNOWN,1,NONE,V05C-contexts.csv,SOURCE_PROVED_NOT_YET_ADMITTED
TP07F490,04:8628:0:1:0,0x020628,C210,REP,IMM8,UNKNOWN,1,NONE,V05C-contexts.csv,SOURCE_PROVED_NOT_YET_ADMITTED
TP07F490,04:862A:0:1:0,0x02062A,A900,LDA,IMM_M,UNKNOWN,1,NONE,V05C-contexts.csv,SOURCE_PROVED_NOT_YET_ADMITTED
TP07F490,04:862C:0:1:0,0x02062C,A00A00,LDY,IMM_X,UNKNOWN,1,NONE,V05C-contexts.csv,SOURCE_PROVED_NOT_YET_ADMITTED
TP07F490,04:862F:0:1:0,0x02062F,9716,STA,DP_IND_LONG_Y,UNKNOWN,0,NONE,V05C-contexts.csv,SOURCE_PROVED_NOT_YET_ADMITTED
TP07F490,04:8631:0:1:0,0x020631,A00C00,LDY,IMM_X,UNKNOWN,0,NONE,V05C-contexts.csv,SOURCE_PROVED_NOT_YET_ADMITTED
TP07F490,04:8634:0:1:0,0x020634,9716,STA,DP_IND_LONG_Y,UNKNOWN,0,NONE,V05C-contexts.csv,SOURCE_PROVED_NOT_YET_ADMITTED
TP07F490,04:8636:0:1:0,0x020636,827C01,BRL,REL16,UNKNOWN,0,NONE,V05C-contexts.csv,SOURCE_PROVED_NOT_YET_ADMITTED
TP07F490,04:8639:0:0:0,0x020639,C230,REP,IMM8,UNKNOWN,0,NONE,V05C-contexts.csv,SOURCE_PROVED_NOT_YET_ADMITTED
TP07F490,04:863B:0:0:0,0x02063B,AC0B04,LDY,ABS,UNKNOWN,0,DBR:040B,V05C-contexts.csv,SOURCE_PROVED_NOT_YET_ADMITTED
TP07F490,04:863E:0:0:0,0x02063E,98,TYA,IMP,UNKNOWN,UNKNOWN,NONE,V05C-contexts.csv,SOURCE_PROVED_NOT_YET_ADMITTED
TP07F490,04:863F:0:0:0,0x02063F,A93000,LDA,IMM_M,UNKNOWN,UNKNOWN,NONE,V05C-contexts.csv,SOURCE_PROVED_NOT_YET_ADMITTED
TP07F490,04:8642:0:0:0,0x020642,22A78004,JSL,ABSL_JUMP,UNKNOWN,0,NONE,V05C-contexts.csv,SOURCE_PROVED_NOT_YET_ADMITTED
TP07F490,04:8646:0:0:0,0x020646,A8,TAY,IMP,UNKNOWN,UNKNOWN,NONE,V05C-contexts.csv,SOURCE_PROVED_NOT_YET_ADMITTED
TP07F490,04:8647:0:0:0,0x020647,18,CLC,IMP,UNKNOWN,UNKNOWN,NONE,V05C-contexts.csv,SOURCE_PROVED_NOT_YET_ADMITTED
TP07F490,04:8648:0:0:0,0x020648,691400,ADC,IMM_M,0,UNKNOWN,NONE,V05C-contexts.csv,SOURCE_PROVED_NOT_YET_ADMITTED
TP07F490,04:864B:0:0:0,0x02064B,A8,TAY,IMP,UNKNOWN,UNKNOWN,NONE,V05C-contexts.csv,SOURCE_PROVED_NOT_YET_ADMITTED
TP07F490,04:864C:0:0:0,0x02064C,B94D08,LDA,ABS_Y,UNKNOWN,UNKNOWN,NONE,V05C-contexts.csv,SOURCE_PROVED_NOT_YET_ADMITTED
TP07F490,04:864F:0:0:0,0x02064F,C90400,CMP,IMM_M,UNKNOWN,UNKNOWN,NONE,V05C-contexts.csv,SOURCE_PROVED_NOT_YET_ADMITTED
TP07F490,04:8652:0:0:0,0x020652,D010,BNE,REL8,UNKNOWN,UNKNOWN,NONE,V05C-contexts.csv,SOURCE_PROVED_NOT_YET_ADMITTED
TP07F490,04:8654:0:0:0,0x020654,EE1F04,INC,ABS,UNKNOWN,1,DBR:041F,V05C-contexts.csv,SOURCE_PROVED_NOT_YET_ADMITTED
TP07F490,04:8657:0:0:0,0x020657,AD1F04,LDA,ABS,UNKNOWN,UNKNOWN,DBR:041F,V05C-contexts.csv,SOURCE_PROVED_NOT_YET_ADMITTED
TP07F490,04:865A:0:0:0,0x02065A,C9AC0D,CMP,IMM_M,UNKNOWN,UNKNOWN,NONE,V05C-contexts.csv,SOURCE_PROVED_NOT_YET_ADMITTED
TP07F490,04:865D:0:0:0,0x02065D,9003,BCC,REL8,UNKNOWN,UNKNOWN,NONE,V05C-contexts.csv,SOURCE_PROVED_NOT_YET_ADMITTED
TP07F490,04:865F:0:0:0,0x02065F,4CD686,JMP,ABS_JUMP,1,UNKNOWN,NONE,V05C-contexts.csv,SOURCE_PROVED_NOT_YET_ADMITTED
TP07F490,04:8662:0:0:0,0x020662,8016,BRA,REL8,0,UNKNOWN,NONE,V05C-contexts.csv,SOURCE_PROVED_NOT_YET_ADMITTED
TP07F490,04:8664:0:0:0,0x020664,C91E00,CMP,IMM_M,UNKNOWN,0,NONE,V05C-contexts.csv,SOURCE_PROVED_NOT_YET_ADMITTED
TP07F490,04:8667:0:0:0,0x020667,F003,BEQ,REL8,UNKNOWN,UNKNOWN,NONE,V05C-contexts.csv,SOURCE_PROVED_NOT_YET_ADMITTED
TP07F490,04:8669:0:0:0,0x020669,820E00,BRL,REL16,UNKNOWN,0,NONE,V05C-contexts.csv,SOURCE_PROVED_NOT_YET_ADMITTED
TP07F490,04:866C:0:0:0,0x02066C,EE1D04,INC,ABS,UNKNOWN,1,DBR:041D,V05C-contexts.csv,SOURCE_PROVED_NOT_YET_ADMITTED
TP07F490,04:866F:0:0:0,0x02066F,AD1D04,LDA,ABS,UNKNOWN,UNKNOWN,DBR:041D,V05C-contexts.csv,SOURCE_PROVED_NOT_YET_ADMITTED
TP07F490,04:8672:0:0:0,0x020672,C9AC0D,CMP,IMM_M,UNKNOWN,UNKNOWN,NONE,V05C-contexts.csv,SOURCE_PROVED_NOT_YET_ADMITTED
TP07F490,04:8675:0:0:0,0x020675,9003,BCC,REL8,UNKNOWN,UNKNOWN,NONE,V05C-contexts.csv,SOURCE_PROVED_NOT_YET_ADMITTED
TP07F490,04:8677:0:0:0,0x020677,4CD686,JMP,ABS_JUMP,1,UNKNOWN,NONE,V05C-contexts.csv,SOURCE_PROVED_NOT_YET_ADMITTED
TP07F490,04:867A:0:0:0,0x02067A,AC0B04,LDY,ABS,UNKNOWN|0,UNKNOWN|0,DBR:040B,V05C-contexts.csv,SOURCE_PROVED_NOT_YET_ADMITTED
TP07F490,04:867D:0:0:0,0x02067D,98,TYA,IMP,UNKNOWN|0,UNKNOWN,NONE,V05C-contexts.csv,SOURCE_PROVED_NOT_YET_ADMITTED
TP07F490,04:867E:0:0:0,0x02067E,A93000,LDA,IMM_M,UNKNOWN|0,UNKNOWN,NONE,V05C-contexts.csv,SOURCE_PROVED_NOT_YET_ADMITTED
TP07F490,04:8681:0:0:0,0x020681,22A78004,JSL,ABSL_JUMP,UNKNOWN|0,0,NONE,V05C-contexts.csv,SOURCE_PROVED_NOT_YET_ADMITTED
TP07F490,04:8685:0:0:0,0x020685,A8,TAY,IMP,UNKNOWN,UNKNOWN,NONE,V05C-contexts.csv,SOURCE_PROVED_NOT_YET_ADMITTED
TP07F490,04:8686:0:0:0,0x020686,18,CLC,IMP,UNKNOWN,UNKNOWN,NONE,V05C-contexts.csv,SOURCE_PROVED_NOT_YET_ADMITTED
TP07F490,04:8687:0:0:0,0x020687,694D08,ADC,IMM_M,0,UNKNOWN,NONE,V05C-contexts.csv,SOURCE_PROVED_NOT_YET_ADMITTED
TP07F490,04:868A:0:0:0,0x02068A,8D6400,STA,ABS,UNKNOWN,UNKNOWN,DBR:0064,V05C-contexts.csv,SOURCE_PROVED_NOT_YET_ADMITTED
TP07F490,04:868D:0:0:0,0x02068D,E230,SEP,IMM8,UNKNOWN,UNKNOWN,NONE,V05C-contexts.csv,SOURCE_PROVED_NOT_YET_ADMITTED
TP07F490,04:868F:0:1:1,0x02068F,A900,LDA,IMM_M,UNKNOWN,UNKNOWN,NONE,V05C-contexts.csv,SOURCE_PROVED_NOT_YET_ADMITTED
TP07F490,04:8691:0:1:1,0x020691,8D6600,STA,ABS,UNKNOWN,1,DBR:0066,V05C-contexts.csv,SOURCE_PROVED_NOT_YET_ADMITTED
TP07F490,04:8694:0:1:1,0x020694,C230,REP,IMM8,UNKNOWN,1,NONE,V05C-contexts.csv,SOURCE_PROVED_NOT_YET_ADMITTED
TP07F490,04:8696:0:0:0,0x020696,A01E00,LDY,IMM_X,UNKNOWN,1,NONE,V05C-contexts.csv,SOURCE_PROVED_NOT_YET_ADMITTED
TP07F490,04:8699:0:0:0,0x020699,B764,LDA,DP_IND_LONG_Y,UNKNOWN,0,NONE,V05C-contexts.csv,SOURCE_PROVED_NOT_YET_ADMITTED
TP07F490,04:869B:0:0:0,0x02069B,18,CLC,IMP,UNKNOWN,UNKNOWN,NONE,V05C-contexts.csv,SOURCE_PROVED_NOT_YET_ADMITTED
TP07F490,04:869C:0:0:0,0x02069C,6D1904,ADC,ABS,0,UNKNOWN,DBR:0419,V05C-contexts.csv,SOURCE_PROVED_NOT_YET_ADMITTED
TP07F490,04:869F:0:0:0,0x02069F,8D1904,STA,ABS,UNKNOWN,UNKNOWN,DBR:0419,V05C-contexts.csv,SOURCE_PROVED_NOT_YET_ADMITTED
TP07F490,04:86A2:0:0:0,0x0206A2,AD1B04,LDA,ABS,UNKNOWN,UNKNOWN,DBR:041B,V05C-contexts.csv,SOURCE_PROVED_NOT_YET_ADMITTED
TP07F490,04:86A5:0:0:0,0x0206A5,690000,ADC,IMM_M,UNKNOWN,UNKNOWN,NONE,V05C-contexts.csv,SOURCE_PROVED_NOT_YET_ADMITTED
TP07F490,04:86A8:0:0:0,0x0206A8,8D1B04,STA,ABS,UNKNOWN,UNKNOWN,DBR:041B,V05C-contexts.csv,SOURCE_PROVED_NOT_YET_ADMITTED
TP07F490,04:86AB:0:0:0,0x0206AB,E230,SEP,IMM8,UNKNOWN,UNKNOWN,NONE,V05C-contexts.csv,SOURCE_PROVED_NOT_YET_ADMITTED
TP07F490,04:86AD:0:1:1,0x0206AD,AE1704,LDX,ABS,UNKNOWN,UNKNOWN,DBR:0417,V05C-contexts.csv,SOURCE_PROVED_NOT_YET_ADMITTED
TP07F490,04:86B0:0:1:1,0x0206B0,BF218E01,LDA,ABSL_X,UNKNOWN,UNKNOWN,01:8E21+X,V05C-contexts.csv,SOURCE_PROVED_NOT_YET_ADMITTED
TP07F490,04:86B4:0:1:1,0x0206B4,8D0004,STA,ABS,UNKNOWN,UNKNOWN,DBR:0400,V05C-contexts.csv,SOURCE_PROVED_NOT_YET_ADMITTED
TP07F490,04:86B7:0:1:1,0x0206B7,C230,REP,IMM8,UNKNOWN,UNKNOWN,NONE,V05C-contexts.csv,SOURCE_PROVED_NOT_YET_ADMITTED
TP07F490,04:86B9:0:0:0,0x0206B9,AD0004,LDA,ABS,UNKNOWN,UNKNOWN,DBR:0400,V05C-contexts.csv,SOURCE_PROVED_NOT_YET_ADMITTED
TP07F490,04:86BC:0:0:0,0x0206BC,29FF00,AND,IMM_M,UNKNOWN,UNKNOWN,NONE,V05C-contexts.csv,SOURCE_PROVED_NOT_YET_ADMITTED
TP07F490,04:86BF:0:0:0,0x0206BF,A8,TAY,IMP,UNKNOWN,UNKNOWN,NONE,V05C-contexts.csv,SOURCE_PROVED_NOT_YET_ADMITTED
TP07F490,04:86C0:0:0:0,0x0206C0,98,TYA,IMP,UNKNOWN,UNKNOWN,NONE,V05C-contexts.csv,SOURCE_PROVED_NOT_YET_ADMITTED
TP07F490,04:86C1:0:0:0,0x0206C1,0A,ASL,ACC,UNKNOWN,UNKNOWN,NONE,V05C-contexts.csv,SOURCE_PROVED_NOT_YET_ADMITTED
TP07F490,04:86C2:0:0:0,0x0206C2,A8,TAY,IMP,UNKNOWN,UNKNOWN,NONE,V05C-contexts.csv,SOURCE_PROVED_NOT_YET_ADMITTED
TP07F490,04:86C3:0:0:0,0x0206C3,AA,TAX,IMP,UNKNOWN,UNKNOWN,NONE,V05C-contexts.csv,SOURCE_PROVED_NOT_YET_ADMITTED
TP07F490,04:86C4:0:0:0,0x0206C4,BF198E01,LDA,ABSL_X,UNKNOWN,UNKNOWN,01:8E19+X,V05C-contexts.csv,SOURCE_PROVED_NOT_YET_ADMITTED
TP07F490,04:86C8:0:0:0,0x0206C8,0A,ASL,ACC,UNKNOWN,UNKNOWN,NONE,V05C-contexts.csv,SOURCE_PROVED_NOT_YET_ADMITTED
TP07F490,04:86C9:0:0:0,0x0206C9,0A,ASL,ACC,UNKNOWN,UNKNOWN,NONE,V05C-contexts.csv,SOURCE_PROVED_NOT_YET_ADMITTED
TP07F490,04:86CA:0:0:0,0x0206CA,18,CLC,IMP,UNKNOWN,UNKNOWN,NONE,V05C-contexts.csv,SOURCE_PROVED_NOT_YET_ADMITTED
TP07F490,04:86CB:0:0:0,0x0206CB,6D1F00,ADC,ABS,0,UNKNOWN,DBR:001F,V05C-contexts.csv,SOURCE_PROVED_NOT_YET_ADMITTED
TP07F490,04:86CE:0:0:0,0x0206CE,8D1F00,STA,ABS,UNKNOWN,UNKNOWN,DBR:001F,V05C-contexts.csv,SOURCE_PROVED_NOT_YET_ADMITTED
TP07F490,04:86D1:0:0:0,0x0206D1,E230,SEP,IMM8,UNKNOWN,UNKNOWN,NONE,V05C-contexts.csv,SOURCE_PROVED_NOT_YET_ADMITTED
TP07F490,04:86D3:0:1:1,0x0206D3,820AFF,BRL,REL16,UNKNOWN,UNKNOWN,NONE,V05C-contexts.csv,SOURCE_PROVED_NOT_YET_ADMITTED
TP07F490,04:86D6:0:0:0,0x0206D6,C230,REP,IMM8,UNKNOWN|1,UNKNOWN|1,NONE,V05C-contexts.csv,SOURCE_PROVED_NOT_YET_ADMITTED
TP07F490,04:86D6:0:1:1,0x0206D6,C230,REP,IMM8,UNKNOWN,1,NONE,V05C-contexts.csv,SOURCE_PROVED_NOT_YET_ADMITTED
TP07F490,04:86D8:0:0:0,0x0206D8,A90600,LDA,IMM_M,UNKNOWN|1,UNKNOWN|1,NONE,V05C-contexts.csv,SOURCE_PROVED_NOT_YET_ADMITTED
TP07F490,04:86DB:0:0:0,0x0206DB,8D8A07,STA,ABS,UNKNOWN|1,0,DBR:078A,V05C-contexts.csv,SOURCE_PROVED_NOT_YET_ADMITTED
TP07F490,04:86DE:0:0:0,0x0206DE,9C8E07,STZ,ABS,UNKNOWN|1,0,DBR:078E,V05C-contexts.csv,SOURCE_PROVED_NOT_YET_ADMITTED
TP07F490,04:86E1:0:0:0,0x0206E1,9C9207,STZ,ABS,UNKNOWN|1,0,DBR:0792,V05C-contexts.csv,SOURCE_PROVED_NOT_YET_ADMITTED
TP07F490,04:86E4:0:0:0,0x0206E4,9C9407,STZ,ABS,UNKNOWN|1,0,DBR:0794,V05C-contexts.csv,SOURCE_PROVED_NOT_YET_ADMITTED
TP07F490,04:86E7:0:0:0,0x0206E7,2264F70C,JSL,ABSL_JUMP,UNKNOWN|1,0,NONE,V05C-contexts.csv,SOURCE_PROVED_NOT_YET_ADMITTED
TP07F490,04:86EB:0:0:0,0x0206EB,C230,REP,IMM8,UNKNOWN|0|1,UNKNOWN,NONE,V05C-contexts.csv,SOURCE_PROVED_NOT_YET_ADMITTED
TP07F490,04:86ED:0:0:0,0x0206ED,A90000,LDA,IMM_M,UNKNOWN|0|1,UNKNOWN,NONE,V05C-contexts.csv,SOURCE_PROVED_NOT_YET_ADMITTED
TP07F490,04:86F0:0:0:0,0x0206F0,82A705,BRL,REL16,UNKNOWN|0|1,1,NONE,V05C-contexts.csv,SOURCE_PROVED_NOT_YET_ADMITTED
TP07F490,04:86F3:0:0:0,0x0206F3,C90600,CMP,IMM_M,UNKNOWN,0,NONE,V05C-contexts.csv,SOURCE_PROVED_NOT_YET_ADMITTED
TP07F490,04:86F6:0:0:0,0x0206F6,F003,BEQ,REL8,UNKNOWN,UNKNOWN,NONE,V05C-contexts.csv,SOURCE_PROVED_NOT_YET_ADMITTED
TP07F490,04:86F8:0:0:0,0x0206F8,82BA00,BRL,REL16,UNKNOWN,0,NONE,V05C-contexts.csv,SOURCE_PROVED_NOT_YET_ADMITTED
TP07F490,04:86FB:0:0:0,0x0206FB,AC0B04,LDY,ABS,UNKNOWN,1,DBR:040B,V05C-contexts.csv,SOURCE_PROVED_NOT_YET_ADMITTED
TP07F490,04:86FE:0:0:0,0x0206FE,98,TYA,IMP,UNKNOWN,UNKNOWN,NONE,V05C-contexts.csv,SOURCE_PROVED_NOT_YET_ADMITTED
TP07F490,04:86FF:0:0:0,0x0206FF,A93000,LDA,IMM_M,UNKNOWN,UNKNOWN,NONE,V05C-contexts.csv,SOURCE_PROVED_NOT_YET_ADMITTED
TP07F490,04:8702:0:0:0,0x020702,22A78004,JSL,ABSL_JUMP,UNKNOWN,0,NONE,V05C-contexts.csv,SOURCE_PROVED_NOT_YET_ADMITTED
TP07F490,04:8706:0:0:0,0x020706,A8,TAY,IMP,UNKNOWN,UNKNOWN,NONE,V05C-contexts.csv,SOURCE_PROVED_NOT_YET_ADMITTED
TP07F490,04:8707:0:0:0,0x020707,A8,TAY,IMP,UNKNOWN,UNKNOWN,NONE,V05C-contexts.csv,SOURCE_PROVED_NOT_YET_ADMITTED
TP07F490,04:8708:0:0:0,0x020708,B94D08,LDA,ABS_Y,UNKNOWN,UNKNOWN,NONE,V05C-contexts.csv,SOURCE_PROVED_NOT_YET_ADMITTED
TP07F490,04:870B:0:0:0,0x02070B,C91700,CMP,IMM_M,UNKNOWN,UNKNOWN,NONE,V05C-contexts.csv,SOURCE_PROVED_NOT_YET_ADMITTED
TP07F490,04:870E:0:0:0,0x02070E,D005,BNE,REL8,UNKNOWN,UNKNOWN,NONE,V05C-contexts.csv,SOURCE_PROVED_NOT_YET_ADMITTED
TP07F490,04:8710:0:0:0,0x020710,A9E7FF,LDA,IMM_M,UNKNOWN,1,NONE,V05C-contexts.csv,SOURCE_PROVED_NOT_YET_ADMITTED
TP07F490,04:8713:0:0:0,0x020713,8003,BRA,REL8,UNKNOWN,0,NONE,V05C-contexts.csv,SOURCE_PROVED_NOT_YET_ADMITTED
TP07F490,04:8715:0:0:0,0x020715,A9DCFF,LDA,IMM_M,UNKNOWN,0,NONE,V05C-contexts.csv,SOURCE_PROVED_NOT_YET_ADMITTED
TP07F490,04:8718:0:0:0,0x020718,8D6400,STA,ABS,UNKNOWN,0,DBR:0064,V05C-contexts.csv,SOURCE_PROVED_NOT_YET_ADMITTED
TP07F490,04:871B:0:0:0,0x02071B,AD7607,LDA,ABS,UNKNOWN,0,DBR:0776,V05C-contexts.csv,SOURCE_PROVED_NOT_YET_ADMITTED
TP07F490,04:871E:0:0:0,0x02071E,38,SEC,IMP,UNKNOWN,UNKNOWN,NONE,V05C-contexts.csv,SOURCE_PROVED_NOT_YET_ADMITTED
TP07F490,04:871F:0:0:0,0x02071F,E94100,SBC,IMM_M,1,UNKNOWN,NONE,V05C-contexts.csv,SOURCE_PROVED_NOT_YET_ADMITTED
TP07F490,04:8722:0:0:0,0x020722,A8,TAY,IMP,UNKNOWN,UNKNOWN,NONE,V05C-contexts.csv,SOURCE_PROVED_NOT_YET_ADMITTED
TP07F490,04:8723:0:0:0,0x020723,98,TYA,IMP,UNKNOWN,UNKNOWN,NONE,V05C-contexts.csv,SOURCE_PROVED_NOT_YET_ADMITTED
TP07F490,04:8724:0:0:0,0x020724,0A,ASL,ACC,UNKNOWN,UNKNOWN,NONE,V05C-contexts.csv,SOURCE_PROVED_NOT_YET_ADMITTED
TP07F490,04:8725:0:0:0,0x020725,0A,ASL,ACC,UNKNOWN,UNKNOWN,NONE,V05C-contexts.csv,SOURCE_PROVED_NOT_YET_ADMITTED
TP07F490,04:8726:0:0:0,0x020726,A8,TAY,IMP,UNKNOWN,UNKNOWN,NONE,V05C-contexts.csv,SOURCE_PROVED_NOT_YET_ADMITTED
TP07F490,04:8727:0:0:0,0x020727,B74F,LDA,DP_IND_LONG_Y,UNKNOWN,UNKNOWN,NONE,V05C-contexts.csv,SOURCE_PROVED_NOT_YET_ADMITTED
TP07F490,04:8729:0:0:0,0x020729,CD6400,CMP,ABS,UNKNOWN,UNKNOWN,DBR:0064,V05C-contexts.csv,SOURCE_PROVED_NOT_YET_ADMITTED
TP07F490,04:872C:0:0:0,0x02072C,D005,BNE,REL8,UNKNOWN,UNKNOWN,NONE,V05C-contexts.csv,SOURCE_PROVED_NOT_YET_ADMITTED
TP07F490,04:872E:0:0:0,0x02072E,A9FFFF,LDA,IMM_M,UNKNOWN,1,NONE,V05C-contexts.csv,SOURCE_PROVED_NOT_YET_ADMITTED
TP07F490,04:8731:0:0:0,0x020731,8036,BRA,REL8,UNKNOWN,0,NONE,V05C-contexts.csv,SOURCE_PROVED_NOT_YET_ADMITTED
TP07F490,04:8733:0:0:0,0x020733,AD7607,LDA,ABS,UNKNOWN,0,DBR:0776,V05C-contexts.csv,SOURCE_PROVED_NOT_YET_ADMITTED
TP07F490,04:8736:0:0:0,0x020736,38,SEC,IMP,UNKNOWN,UNKNOWN,NONE,V05C-contexts.csv,SOURCE_PROVED_NOT_YET_ADMITTED
TP07F490,04:8737:0:0:0,0x020737,E93F00,SBC,IMM_M,1,UNKNOWN,NONE,V05C-contexts.csv,SOURCE_PROVED_NOT_YET_ADMITTED
TP07F490,04:873A:0:0:0,0x02073A,A8,TAY,IMP,UNKNOWN,UNKNOWN,NONE,V05C-contexts.csv,SOURCE_PROVED_NOT_YET_ADMITTED
TP07F490,04:873B:0:0:0,0x02073B,98,TYA,IMP,UNKNOWN,UNKNOWN,NONE,V05C-contexts.csv,SOURCE_PROVED_NOT_YET_ADMITTED
TP07F490,04:873C:0:0:0,0x02073C,0A,ASL,ACC,UNKNOWN,UNKNOWN,NONE,V05C-contexts.csv,SOURCE_PROVED_NOT_YET_ADMITTED
TP07F490,04:873D:0:0:0,0x02073D,0A,ASL,ACC,UNKNOWN,UNKNOWN,NONE,V05C-contexts.csv,SOURCE_PROVED_NOT_YET_ADMITTED
TP07F490,04:873E:0:0:0,0x02073E,A8,TAY,IMP,UNKNOWN,UNKNOWN,NONE,V05C-contexts.csv,SOURCE_PROVED_NOT_YET_ADMITTED
TP07F490,04:873F:0:0:0,0x02073F,B74F,LDA,DP_IND_LONG_Y,UNKNOWN,UNKNOWN,NONE,V05C-contexts.csv,SOURCE_PROVED_NOT_YET_ADMITTED
TP07F490,04:8741:0:0:0,0x020741,CD6400,CMP,ABS,UNKNOWN,UNKNOWN,DBR:0064,V05C-contexts.csv,SOURCE_PROVED_NOT_YET_ADMITTED
TP07F490,04:8744:0:0:0,0x020744,D005,BNE,REL8,UNKNOWN,UNKNOWN,NONE,V05C-contexts.csv,SOURCE_PROVED_NOT_YET_ADMITTED
TP07F490,04:8746:0:0:0,0x020746,A90100,LDA,IMM_M,UNKNOWN,1,NONE,V05C-contexts.csv,SOURCE_PROVED_NOT_YET_ADMITTED
TP07F490,04:8749:0:0:0,0x020749,801E,BRA,REL8,UNKNOWN,0,NONE,V05C-contexts.csv,SOURCE_PROVED_NOT_YET_ADMITTED
TP07F490,04:874B:0:0:0,0x02074B,AD7607,LDA,ABS,UNKNOWN,0,DBR:0776,V05C-contexts.csv,SOURCE_PROVED_NOT_YET_ADMITTED
TP07F490,04:874E:0:0:0,0x02074E,38,SEC,IMP,UNKNOWN,UNKNOWN,NONE,V05C-contexts.csv,SOURCE_PROVED_NOT_YET_ADMITTED
TP07F490,04:874F:0:0:0,0x02074F,E94000,SBC,IMM_M,1,UNKNOWN,NONE,V05C-contexts.csv,SOURCE_PROVED_NOT_YET_ADMITTED
TP07F490,04:8752:0:0:0,0x020752,A8,TAY,IMP,UNKNOWN,UNKNOWN,NONE,V05C-contexts.csv,SOURCE_PROVED_NOT_YET_ADMITTED
TP07F490,04:8753:0:0:0,0x020753,98,TYA,IMP,UNKNOWN,UNKNOWN,NONE,V05C-contexts.csv,SOURCE_PROVED_NOT_YET_ADMITTED
TP07F490,04:8754:0:0:0,0x020754,0A,ASL,ACC,UNKNOWN,UNKNOWN,NONE,V05C-contexts.csv,SOURCE_PROVED_NOT_YET_ADMITTED
TP07F490,04:8755:0:0:0,0x020755,0A,ASL,ACC,UNKNOWN,UNKNOWN,NONE,V05C-contexts.csv,SOURCE_PROVED_NOT_YET_ADMITTED
TP07F490,04:8756:0:0:0,0x020756,A8,TAY,IMP,UNKNOWN,UNKNOWN,NONE,V05C-contexts.csv,SOURCE_PROVED_NOT_YET_ADMITTED
TP07F490,04:8757:0:0:0,0x020757,B74F,LDA,DP_IND_LONG_Y,UNKNOWN,UNKNOWN,NONE,V05C-contexts.csv,SOURCE_PROVED_NOT_YET_ADMITTED
TP07F490,04:8759:0:0:0,0x020759,CD6400,CMP,ABS,UNKNOWN,UNKNOWN,DBR:0064,V05C-contexts.csv,SOURCE_PROVED_NOT_YET_ADMITTED
TP07F490,04:875C:0:0:0,0x02075C,D005,BNE,REL8,UNKNOWN,UNKNOWN,NONE,V05C-contexts.csv,SOURCE_PROVED_NOT_YET_ADMITTED
TP07F490,04:875E:0:0:0,0x02075E,A90000,LDA,IMM_M,UNKNOWN,1,NONE,V05C-contexts.csv,SOURCE_PROVED_NOT_YET_ADMITTED
TP07F490,04:8761:0:0:0,0x020761,8006,BRA,REL8,UNKNOWN,1,NONE,V05C-contexts.csv,SOURCE_PROVED_NOT_YET_ADMITTED
TP07F490,04:8763:0:0:0,0x020763,A90000,LDA,IMM_M,UNKNOWN,0,NONE,V05C-contexts.csv,SOURCE_PROVED_NOT_YET_ADMITTED
TP07F490,04:8766:0:0:0,0x020766,821205,BRL,REL16,UNKNOWN,1,NONE,V05C-contexts.csv,SOURCE_PROVED_NOT_YET_ADMITTED
TP07F490,04:8769:0:0:0,0x020769,18,CLC,IMP,UNKNOWN,0|1,NONE,V05C-contexts.csv,SOURCE_PROVED_NOT_YET_ADMITTED
TP07F490,04:876A:0:0:0,0x02076A,6D7607,ADC,ABS,0,0|1,DBR:0776,V05C-contexts.csv,SOURCE_PROVED_NOT_YET_ADMITTED
TP07F490,04:876D:0:0:0,0x02076D,8D7607,STA,ABS,UNKNOWN,UNKNOWN,DBR:0776,V05C-contexts.csv,SOURCE_PROVED_NOT_YET_ADMITTED
TP07F490,04:8770:0:0:0,0x020770,E210,SEP,IMM8,UNKNOWN,UNKNOWN,NONE,V05C-contexts.csv,SOURCE_PROVED_NOT_YET_ADMITTED
TP07F490,04:8772:0:0:1,0x020772,C220,REP,IMM8,UNKNOWN,UNKNOWN,NONE,V05C-contexts.csv,SOURCE_PROVED_NOT_YET_ADMITTED
TP07F490,04:8774:0:0:1,0x020774,AD1600,LDA,ABS,UNKNOWN,UNKNOWN,DBR:0016,V05C-contexts.csv,SOURCE_PROVED_NOT_YET_ADMITTED
TP07F490,04:8777:0:0:1,0x020777,8D8A07,STA,ABS,UNKNOWN,UNKNOWN,DBR:078A,V05C-contexts.csv,SOURCE_PROVED_NOT_YET_ADMITTED
TP07F490,04:877A:0:0:1,0x02077A,AE1800,LDX,ABS,UNKNOWN,UNKNOWN,DBR:0018,V05C-contexts.csv,SOURCE_PROVED_NOT_YET_ADMITTED
TP07F490,04:877D:0:0:1,0x02077D,8E8C07,STX,ABS,UNKNOWN,UNKNOWN,DBR:078C,V05C-contexts.csv,SOURCE_PROVED_NOT_YET_ADMITTED
TP07F490,04:8780:0:0:1,0x020780,AD7607,LDA,ABS,UNKNOWN,UNKNOWN,DBR:0776,V05C-contexts.csv,SOURCE_PROVED_NOT_YET_ADMITTED
TP07F490,04:8783:0:0:1,0x020783,8D8E07,STA,ABS,UNKNOWN,UNKNOWN,DBR:078E,V05C-contexts.csv,SOURCE_PROVED_NOT_YET_ADMITTED
TP07F490,04:8786:0:0:1,0x020786,2256AE0C,JSL,ABSL_JUMP,UNKNOWN,UNKNOWN,NONE,V05C-contexts.csv,SOURCE_PROVED_NOT_YET_ADMITTED
TP07F490,04:878A:0:0:1,0x02078A,C230,REP,IMM8,UNKNOWN|0|1,UNKNOWN,NONE,V05C-contexts.csv,SOURCE_PROVED_NOT_YET_ADMITTED
TP07F490,04:878C:0:0:0,0x02078C,ADA207,LDA,ABS,UNKNOWN|0|1,UNKNOWN,DBR:07A2,V05C-contexts.csv,SOURCE_PROVED_NOT_YET_ADMITTED
TP07F490,04:878F:0:0:0,0x02078F,8D1904,STA,ABS,UNKNOWN|0|1,UNKNOWN,DBR:0419,V05C-contexts.csv,SOURCE_PROVED_NOT_YET_ADMITTED
TP07F490,04:8792:0:0:0,0x020792,ADA407,LDA,ABS,UNKNOWN|0|1,UNKNOWN,DBR:07A4,V05C-contexts.csv,SOURCE_PROVED_NOT_YET_ADMITTED
TP07F490,04:8795:0:0:0,0x020795,8D1B04,STA,ABS,UNKNOWN|0|1,UNKNOWN,DBR:041B,V05C-contexts.csv,SOURCE_PROVED_NOT_YET_ADMITTED
TP07F490,04:8798:0:0:0,0x020798,3003,BMI,REL8,UNKNOWN|0|1,UNKNOWN,NONE,V05C-contexts.csv,SOURCE_PROVED_NOT_YET_ADMITTED
TP07F490,04:879A:0:0:0,0x02079A,4CB587,JMP,ABS_JUMP,UNKNOWN|0|1,UNKNOWN,NONE,V05C-contexts.csv,SOURCE_PROVED_NOT_YET_ADMITTED
TP07F490,04:879D:0:0:0,0x02079D,C230,REP,IMM8,UNKNOWN|0|1,UNKNOWN,NONE,V05C-contexts.csv,SOURCE_PROVED_NOT_YET_ADMITTED
TP07F490,04:879F:0:0:0,0x02079F,A90500,LDA,IMM_M,UNKNOWN|0|1,UNKNOWN,NONE,V05C-contexts.csv,SOURCE_PROVED_NOT_YET_ADMITTED
TP07F490,04:87A2:0:0:0,0x0207A2,8D8A07,STA,ABS,UNKNOWN|0|1,0,DBR:078A,V05C-contexts.csv,SOURCE_PROVED_NOT_YET_ADMITTED
TP07F490,04:87A5:0:0:0,0x0207A5,9C8E07,STZ,ABS,UNKNOWN|0|1,0,DBR:078E,V05C-contexts.csv,SOURCE_PROVED_NOT_YET_ADMITTED
TP07F490,04:87A8:0:0:0,0x0207A8,9C9207,STZ,ABS,UNKNOWN|0|1,0,DBR:0792,V05C-contexts.csv,SOURCE_PROVED_NOT_YET_ADMITTED
TP07F490,04:87AB:0:0:0,0x0207AB,9C9407,STZ,ABS,UNKNOWN|0|1,0,DBR:0794,V05C-contexts.csv,SOURCE_PROVED_NOT_YET_ADMITTED
TP07F490,04:87AE:0:0:0,0x0207AE,2264F70C,JSL,ABSL_JUMP,UNKNOWN|0|1,0,NONE,V05C-contexts.csv,SOURCE_PROVED_NOT_YET_ADMITTED
TP07F490,04:87B2:0:0:0,0x0207B2,82E504,BRL,REL16,UNKNOWN|0|1,UNKNOWN,NONE,V05C-contexts.csv,SOURCE_PROVED_NOT_YET_ADMITTED
TP07F490,04:87B5:0:0:0,0x0207B5,C230,REP,IMM8,UNKNOWN|0|1,UNKNOWN|0,NONE,V05C-contexts.csv,SOURCE_PROVED_NOT_YET_ADMITTED
TP07F490,04:87B5:0:1:0,0x0207B5,C230,REP,IMM8,UNKNOWN,0,NONE,V05C-contexts.csv,SOURCE_PROVED_NOT_YET_ADMITTED
TP07F490,04:87B7:0:0:0,0x0207B7,AC0B04,LDY,ABS,UNKNOWN|0|1,UNKNOWN|0,DBR:040B,V05C-contexts.csv,SOURCE_PROVED_NOT_YET_ADMITTED
TP07F490,04:87BA:0:0:0,0x0207BA,98,TYA,IMP,UNKNOWN|0|1,UNKNOWN,NONE,V05C-contexts.csv,SOURCE_PROVED_NOT_YET_ADMITTED
TP07F490,04:87BB:0:0:0,0x0207BB,A93000,LDA,IMM_M,UNKNOWN|0|1,UNKNOWN,NONE,V05C-contexts.csv,SOURCE_PROVED_NOT_YET_ADMITTED
TP07F490,04:87BE:0:0:0,0x0207BE,22A78004,JSL,ABSL_JUMP,UNKNOWN|0|1,0,NONE,V05C-contexts.csv,SOURCE_PROVED_NOT_YET_ADMITTED
TP07F490,04:87C2:0:0:0,0x0207C2,A8,TAY,IMP,UNKNOWN,UNKNOWN,NONE,V05C-contexts.csv,SOURCE_PROVED_NOT_YET_ADMITTED
TP07F490,04:87C3:0:0:0,0x0207C3,B95508,LDA,ABS_Y,UNKNOWN,UNKNOWN,NONE,V05C-contexts.csv,SOURCE_PROVED_NOT_YET_ADMITTED
TP07F490,04:87C6:0:0:0,0x0207C6,18,CLC,IMP,UNKNOWN,UNKNOWN,NONE,V05C-contexts.csv,SOURCE_PROVED_NOT_YET_ADMITTED
TP07F490,04:87C7:0:0:0,0x0207C7,6D1904,ADC,ABS,0,UNKNOWN,DBR:0419,V05C-contexts.csv,SOURCE_PROVED_NOT_YET_ADMITTED
TP07F490,04:87CA:0:0:0,0x0207CA,8D1904,STA,ABS,UNKNOWN,UNKNOWN,DBR:0419,V05C-contexts.csv,SOURCE_PROVED_NOT_YET_ADMITTED
TP07F490,04:87CD:0:0:0,0x0207CD,AD1B04,LDA,ABS,UNKNOWN,UNKNOWN,DBR:041B,V05C-contexts.csv,SOURCE_PROVED_NOT_YET_ADMITTED
TP07F490,04:87D0:0:0:0,0x0207D0,690000,ADC,IMM_M,UNKNOWN,UNKNOWN,NONE,V05C-contexts.csv,SOURCE_PROVED_NOT_YET_ADMITTED
TP07F490,04:87D3:0:0:0,0x0207D3,8D1B04,STA,ABS,UNKNOWN,UNKNOWN,DBR:041B,V05C-contexts.csv,SOURCE_PROVED_NOT_YET_ADMITTED
TP07F490,04:87D6:0:0:0,0x0207D6,AD1904,LDA,ABS,UNKNOWN,UNKNOWN,DBR:0419,V05C-contexts.csv,SOURCE_PROVED_NOT_YET_ADMITTED
TP07F490,04:87D9:0:0:0,0x0207D9,8D8A07,STA,ABS,UNKNOWN,UNKNOWN,DBR:078A,V05C-contexts.csv,SOURCE_PROVED_NOT_YET_ADMITTED
TP07F490,04:87DC:0:0:0,0x0207DC,AD1B04,LDA,ABS,UNKNOWN,UNKNOWN,DBR:041B,V05C-contexts.csv,SOURCE_PROVED_NOT_YET_ADMITTED
TP07F490,04:87DF:0:0:0,0x0207DF,8D8C07,STA,ABS,UNKNOWN,UNKNOWN,DBR:078C,V05C-contexts.csv,SOURCE_PROVED_NOT_YET_ADMITTED
TP07F490,04:87E2:0:0:0,0x0207E2,2251B10C,JSL,ABSL_JUMP,UNKNOWN,UNKNOWN,NONE,V05C-contexts.csv,SOURCE_PROVED_NOT_YET_ADMITTED
TP07F490,04:87E6:0:0:0,0x0207E6,C230,REP,IMM8,UNKNOWN,0|1,NONE,V05C-contexts.csv,SOURCE_PROVED_NOT_YET_ADMITTED
TP07F490,04:87E8:0:0:0,0x0207E8,ADA207,LDA,ABS,UNKNOWN,0|1,DBR:07A2,V05C-contexts.csv,SOURCE_PROVED_NOT_YET_ADMITTED
TP07F490,04:87EB:0:0:0,0x0207EB,D003,BNE,REL8,UNKNOWN,UNKNOWN,NONE,V05C-contexts.csv,SOURCE_PROVED_NOT_YET_ADMITTED
TP07F490,04:87ED:0:0:0,0x0207ED,825904,BRL,REL16,UNKNOWN,1,NONE,V05C-contexts.csv,SOURCE_PROVED_NOT_YET_ADMITTED
TP07F490,04:87F0:0:0:0,0x0207F0,C230,REP,IMM8,UNKNOWN,0,NONE,V05C-contexts.csv,SOURCE_PROVED_NOT_YET_ADMITTED
TP07F490,04:87F2:0:0:0,0x0207F2,AC0B04,LDY,ABS,UNKNOWN,0,DBR:040B,V05C-contexts.csv,SOURCE_PROVED_NOT_YET_ADMITTED
TP07F490,04:87F5:0:0:0,0x0207F5,98,TYA,IMP,UNKNOWN,UNKNOWN,NONE,V05C-contexts.csv,SOURCE_PROVED_NOT_YET_ADMITTED
TP07F490,04:87F6:0:0:0,0x0207F6,A93000,LDA,IMM_M,UNKNOWN,UNKNOWN,NONE,V05C-contexts.csv,SOURCE_PROVED_NOT_YET_ADMITTED
TP07F490,04:87F9:0:0:0,0x0207F9,22A78004,JSL,ABSL_JUMP,UNKNOWN,0,NONE,V05C-contexts.csv,SOURCE_PROVED_NOT_YET_ADMITTED
TP07F490,04:87FD:0:0:0,0x0207FD,A8,TAY,IMP,UNKNOWN,UNKNOWN,NONE,V05C-contexts.csv,SOURCE_PROVED_NOT_YET_ADMITTED
TP07F490,04:87FE:0:0:0,0x0207FE,18,CLC,IMP,UNKNOWN,UNKNOWN,NONE,V05C-contexts.csv,SOURCE_PROVED_NOT_YET_ADMITTED
TP07F490,04:87FF:0:0:0,0x0207FF,691400,ADC,IMM_M,0,UNKNOWN,NONE,V05C-contexts.csv,SOURCE_PROVED_NOT_YET_ADMITTED
TP07F490,04:8802:0:0:0,0x020802,A8,TAY,IMP,UNKNOWN,UNKNOWN,NONE,V05C-contexts.csv,SOURCE_PROVED_NOT_YET_ADMITTED
TP07F490,04:8803:0:0:0,0x020803,B94D08,LDA,ABS_Y,UNKNOWN,UNKNOWN,NONE,V05C-contexts.csv,SOURCE_PROVED_NOT_YET_ADMITTED
TP07F490,04:8806:0:0:0,0x020806,C90400,CMP,IMM_M,UNKNOWN,UNKNOWN,NONE,V05C-contexts.csv,SOURCE_PROVED_NOT_YET_ADMITTED
TP07F490,04:8809:0:0:0,0x020809,F00D,BEQ,REL8,UNKNOWN,UNKNOWN,NONE,V05C-contexts.csv,SOURCE_PROVED_NOT_YET_ADMITTED
TP07F490,04:880B:0:0:0,0x02080B,C91E00,CMP,IMM_M,UNKNOWN,0,NONE,V05C-contexts.csv,SOURCE_PROVED_NOT_YET_ADMITTED
TP07F490,04:880E:0:0:0,0x02080E,F008,BEQ,REL8,UNKNOWN,UNKNOWN,NONE,V05C-contexts.csv,SOURCE_PROVED_NOT_YET_ADMITTED
TP07F490,04:8810:0:0:0,0x020810,C90600,CMP,IMM_M,UNKNOWN,0,NONE,V05C-contexts.csv,SOURCE_PROVED_NOT_YET_ADMITTED
TP07F490,04:8813:0:0:0,0x020813,F003,BEQ,REL8,UNKNOWN,UNKNOWN,NONE,V05C-contexts.csv,SOURCE_PROVED_NOT_YET_ADMITTED
TP07F490,04:8815:0:0:0,0x020815,82F100,BRL,REL16,UNKNOWN,0,NONE,V05C-contexts.csv,SOURCE_PROVED_NOT_YET_ADMITTED
TP07F490,04:8818:0:0:0,0x020818,C230,REP,IMM8,UNKNOWN,1,NONE,V05C-contexts.csv,SOURCE_PROVED_NOT_YET_ADMITTED
TP07F490,04:881A:0:0:0,0x02081A,A90000,LDA,IMM_M,UNKNOWN,1,NONE,V05C-contexts.csv,SOURCE_PROVED_NOT_YET_ADMITTED
TP07F490,04:881D:0:0:0,0x02081D,18,CLC,IMP,UNKNOWN,1,NONE,V05C-contexts.csv,SOURCE_PROVED_NOT_YET_ADMITTED
TP07F490,04:881E:0:0:0,0x02081E,6D7607,ADC,ABS,0,1,DBR:0776,V05C-contexts.csv,SOURCE_PROVED_NOT_YET_ADMITTED
TP07F490,04:8821:0:0:0,0x020821,A8,TAY,IMP,UNKNOWN,UNKNOWN,NONE,V05C-contexts.csv,SOURCE_PROVED_NOT_YET_ADMITTED
TP07F490,04:8822:0:0:0,0x020822,98,TYA,IMP,UNKNOWN,UNKNOWN,NONE,V05C-contexts.csv,SOURCE_PROVED_NOT_YET_ADMITTED
TP07F490,04:8823:0:0:0,0x020823,0A,ASL,ACC,UNKNOWN,UNKNOWN,NONE,V05C-contexts.csv,SOURCE_PROVED_NOT_YET_ADMITTED
TP07F490,04:8824:0:0:0,0x020824,0A,ASL,ACC,UNKNOWN,UNKNOWN,NONE,V05C-contexts.csv,SOURCE_PROVED_NOT_YET_ADMITTED
TP07F490,04:8825:0:0:0,0x020825,A8,TAY,IMP,UNKNOWN,UNKNOWN,NONE,V05C-contexts.csv,SOURCE_PROVED_NOT_YET_ADMITTED
TP07F490,04:8826:0:0:0,0x020826,18,CLC,IMP,UNKNOWN,UNKNOWN,NONE,V05C-contexts.csv,SOURCE_PROVED_NOT_YET_ADMITTED
TP07F490,04:8827:0:0:0,0x020827,6D4F00,ADC,ABS,0,UNKNOWN,DBR:004F,V05C-contexts.csv,SOURCE_PROVED_NOT_YET_ADMITTED
TP07F490,04:882A:0:0:0,0x02082A,8D4600,STA,ABS,UNKNOWN,UNKNOWN,DBR:0046,V05C-contexts.csv,SOURCE_PROVED_NOT_YET_ADMITTED
TP07F490,04:882D:0:0:0,0x02082D,22CA9E04,JSL,ABSL_JUMP,UNKNOWN,UNKNOWN,NONE,V05C-contexts.csv,SOURCE_PROVED_NOT_YET_ADMITTED
TP07F490,04:8831:0:0:0,0x020831,D003,BNE,REL8,UNKNOWN,0|1,NONE,V05C-contexts.csv,SOURCE_PROVED_NOT_YET_ADMITTED
TP07F490,04:8833:0:0:0,0x020833,824504,BRL,REL16,UNKNOWN,1,NONE,V05C-contexts.csv,SOURCE_PROVED_NOT_YET_ADMITTED
TP07F490,04:8836:0:0:0,0x020836,E230,SEP,IMM8,UNKNOWN,0,NONE,V05C-contexts.csv,SOURCE_PROVED_NOT_YET_ADMITTED
TP07F490,04:8838:0:1:1,0x020838,A08F,LDY,IMM_X,UNKNOWN,0,NONE,V05C-contexts.csv,SOURCE_PROVED_NOT_YET_ADMITTED
TP07F490,04:883A:0:1:1,0x02083A,A902,LDA,IMM_M,UNKNOWN,0,NONE,V05C-contexts.csv,SOURCE_PROVED_NOT_YET_ADMITTED
TP07F490,04:883C:0:1:1,0x02083C,9716,STA,DP_IND_LONG_Y,UNKNOWN,0,NONE,V05C-contexts.csv,SOURCE_PROVED_NOT_YET_ADMITTED
TP07F490,04:883E:0:1:1,0x02083E,A002,LDY,IMM_X,UNKNOWN,0,NONE,V05C-contexts.csv,SOURCE_PROVED_NOT_YET_ADMITTED
TP07F490,04:8840:0:1:1,0x020840,A986,LDA,IMM_M,UNKNOWN,0,NONE,V05C-contexts.csv,SOURCE_PROVED_NOT_YET_ADMITTED
TP07F490,04:8842:0:1:1,0x020842,9746,STA,DP_IND_LONG_Y,UNKNOWN,0,NONE,V05C-contexts.csv,SOURCE_PROVED_NOT_YET_ADMITTED
TP07F490,04:8844:0:1:1,0x020844,C8,INY,IMP,UNKNOWN,0,NONE,V05C-contexts.csv,SOURCE_PROVED_NOT_YET_ADMITTED
TP07F490,04:8845:0:1:1,0x020845,A908,LDA,IMM_M,UNKNOWN,UNKNOWN,NONE,V05C-contexts.csv,SOURCE_PROVED_NOT_YET_ADMITTED
TP07F490,04:8847:0:1:1,0x020847,9746,STA,DP_IND_LONG_Y,UNKNOWN,0,NONE,V05C-contexts.csv,SOURCE_PROVED_NOT_YET_ADMITTED
TP07F490,04:8849:0:1:1,0x020849,88,DEY,IMP,UNKNOWN,0,NONE,V05C-contexts.csv,SOURCE_PROVED_NOT_YET_ADMITTED
TP07F490,04:884A:0:1:1,0x02084A,C230,REP,IMM8,UNKNOWN,UNKNOWN,NONE,V05C-contexts.csv,SOURCE_PROVED_NOT_YET_ADMITTED
TP07F490,04:884C:0:0:0,0x02084C,AD4600,LDA,ABS,UNKNOWN,UNKNOWN,DBR:0046,V05C-contexts.csv,SOURCE_PROVED_NOT_YET_ADMITTED
TP07F490,04:884F:0:0:0,0x02084F,38,SEC,IMP,UNKNOWN,UNKNOWN,NONE,V05C-contexts.csv,SOURCE_PROVED_NOT_YET_ADMITTED
TP07F490,04:8850:0:0:0,0x020850,E90400,SBC,IMM_M,1,UNKNOWN,NONE,V05C-contexts.csv,SOURCE_PROVED_NOT_YET_ADMITTED
TP07F490,04:8853:0:0:0,0x020853,8D4600,STA,ABS,UNKNOWN,UNKNOWN,DBR:0046,V05C-contexts.csv,SOURCE_PROVED_NOT_YET_ADMITTED
TP07F490,04:8856:0:0:0,0x020856,E230,SEP,IMM8,UNKNOWN,UNKNOWN,NONE,V05C-contexts.csv,SOURCE_PROVED_NOT_YET_ADMITTED
TP07F490,04:8858:0:1:1,0x020858,A9AB,LDA,IMM_M,UNKNOWN,UNKNOWN,NONE,V05C-contexts.csv,SOURCE_PROVED_NOT_YET_ADMITTED
TP07F490,04:885A:0:1:1,0x02085A,9746,STA,DP_IND_LONG_Y,UNKNOWN,0,NONE,V05C-contexts.csv,SOURCE_PROVED_NOT_YET_ADMITTED
TP07F490,04:885C:0:1:1,0x02085C,C8,INY,IMP,UNKNOWN,0,NONE,V05C-contexts.csv,SOURCE_PROVED_NOT_YET_ADMITTED
TP07F490,04:885D:0:1:1,0x02085D,A908,LDA,IMM_M,UNKNOWN,UNKNOWN,NONE,V05C-contexts.csv,SOURCE_PROVED_NOT_YET_ADMITTED
TP07F490,04:885F:0:1:1,0x02085F,9746,STA,DP_IND_LONG_Y,UNKNOWN,0,NONE,V05C-contexts.csv,SOURCE_PROVED_NOT_YET_ADMITTED
TP07F490,04:8861:0:1:1,0x020861,A002,LDY,IMM_X,UNKNOWN,0,NONE,V05C-contexts.csv,SOURCE_PROVED_NOT_YET_ADMITTED
TP07F490,04:8863:0:1:1,0x020863,C230,REP,IMM8,UNKNOWN,0,NONE,V05C-contexts.csv,SOURCE_PROVED_NOT_YET_ADMITTED
TP07F490,04:8865:0:0:0,0x020865,AD4600,LDA,ABS,UNKNOWN,0,DBR:0046,V05C-contexts.csv,SOURCE_PROVED_NOT_YET_ADMITTED
TP07F490,04:8868:0:0:0,0x020868,18,CLC,IMP,UNKNOWN,UNKNOWN,NONE,V05C-contexts.csv,SOURCE_PROVED_NOT_YET_ADMITTED
TP07F490,04:8869:0:0:0,0x020869,690001,ADC,IMM_M,0,UNKNOWN,NONE,V05C-contexts.csv,SOURCE_PROVED_NOT_YET_ADMITTED
TP07F490,04:886C:0:0:0,0x02086C,8D4600,STA,ABS,UNKNOWN,UNKNOWN,DBR:0046,V05C-contexts.csv,SOURCE_PROVED_NOT_YET_ADMITTED
TP07F490,04:886F:0:0:0,0x02086F,E230,SEP,IMM8,UNKNOWN,UNKNOWN,NONE,V05C-contexts.csv,SOURCE_PROVED_NOT_YET_ADMITTED
TP07F490,04:8871:0:1:1,0x020871,A955,LDA,IMM_M,UNKNOWN,UNKNOWN,NONE,V05C-contexts.csv,SOURCE_PROVED_NOT_YET_ADMITTED
TP07F490,04:8873:0:1:1,0x020873,9746,STA,DP_IND_LONG_Y,UNKNOWN,0,NONE,V05C-contexts.csv,SOURCE_PROVED_NOT_YET_ADMITTED
TP07F490,04:8875:0:1:1,0x020875,C8,INY,IMP,UNKNOWN,0,NONE,V05C-contexts.csv,SOURCE_PROVED_NOT_YET_ADMITTED
TP07F490,04:8876:0:1:1,0x020876,A908,LDA,IMM_M,UNKNOWN,UNKNOWN,NONE,V05C-contexts.csv,SOURCE_PROVED_NOT_YET_ADMITTED
TP07F490,04:8878:0:1:1,0x020878,9746,STA,DP_IND_LONG_Y,UNKNOWN,0,NONE,V05C-contexts.csv,SOURCE_PROVED_NOT_YET_ADMITTED
TP07F490,04:887A:0:1:1,0x02087A,A002,LDY,IMM_X,UNKNOWN,0,NONE,V05C-contexts.csv,SOURCE_PROVED_NOT_YET_ADMITTED
TP07F490,04:887C:0:1:1,0x02087C,C230,REP,IMM8,UNKNOWN,0,NONE,V05C-contexts.csv,SOURCE_PROVED_NOT_YET_ADMITTED
TP07F490,04:887E:0:0:0,0x02087E,AD4600,LDA,ABS,UNKNOWN,0,DBR:0046,V05C-contexts.csv,SOURCE_PROVED_NOT_YET_ADMITTED
TP07F490,04:8881:0:0:0,0x020881,18,CLC,IMP,UNKNOWN,UNKNOWN,NONE,V05C-contexts.csv,SOURCE_PROVED_NOT_YET_ADMITTED
TP07F490,04:8882:0:0:0,0x020882,690400,ADC,IMM_M,0,UNKNOWN,NONE,V05C-contexts.csv,SOURCE_PROVED_NOT_YET_ADMITTED
TP07F490,04:8885:0:0:0,0x020885,8D4600,STA,ABS,UNKNOWN,UNKNOWN,DBR:0046,V05C-contexts.csv,SOURCE_PROVED_NOT_YET_ADMITTED
TP07F490,04:8888:0:0:0,0x020888,E230,SEP,IMM8,UNKNOWN,UNKNOWN,NONE,V05C-contexts.csv,SOURCE_PROVED_NOT_YET_ADMITTED
TP07F490,04:888A:0:1:1,0x02088A,A983,LDA,IMM_M,UNKNOWN,UNKNOWN,NONE,V05C-contexts.csv,SOURCE_PROVED_NOT_YET_ADMITTED
TP07F490,04:888C:0:1:1,0x02088C,9746,STA,DP_IND_LONG_Y,UNKNOWN,0,NONE,V05C-contexts.csv,SOURCE_PROVED_NOT_YET_ADMITTED
TP07F490,04:888E:0:1:1,0x02088E,C8,INY,IMP,UNKNOWN,0,NONE,V05C-contexts.csv,SOURCE_PROVED_NOT_YET_ADMITTED
TP07F490,04:888F:0:1:1,0x02088F,A908,LDA,IMM_M,UNKNOWN,UNKNOWN,NONE,V05C-contexts.csv,SOURCE_PROVED_NOT_YET_ADMITTED
TP07F490,04:8891:0:1:1,0x020891,9746,STA,DP_IND_LONG_Y,UNKNOWN,0,NONE,V05C-contexts.csv,SOURCE_PROVED_NOT_YET_ADMITTED
TP07F490,04:8893:0:1:1,0x020893,E210,SEP,IMM8,UNKNOWN,0,NONE,V05C-contexts.csv,SOURCE_PROVED_NOT_YET_ADMITTED
TP07F490,04:8895:0:1:1,0x020895,C220,REP,IMM8,UNKNOWN,0,NONE,V05C-contexts.csv,SOURCE_PROVED_NOT_YET_ADMITTED
TP07F490,04:8897:0:0:1,0x020897,AD7607,LDA,ABS,UNKNOWN,0,DBR:0776,V05C-contexts.csv,SOURCE_PROVED_NOT_YET_ADMITTED
TP07F490,04:889A:0:0:1,0x02089A,A240,LDX,IMM_X,UNKNOWN,UNKNOWN,NONE,V05C-contexts.csv,SOURCE_PROVED_NOT_YET_ADMITTED
TP07F490,04:889C:0:0:1,0x02089C,C90000,CMP,IMM_M,UNKNOWN,0,NONE,V05C-contexts.csv,SOURCE_PROVED_NOT_YET_ADMITTED
TP07F490,04:889F:0:0:1,0x02089F,F01C,BEQ,REL8,UNKNOWN,UNKNOWN,NONE,V05C-contexts.csv,SOURCE_PROVED_NOT_YET_ADMITTED
TP07F490,04:88A1:0:0:1,0x0208A1,E000,CPX,IMM_X,UNKNOWN,0,NONE,V05C-contexts.csv,SOURCE_PROVED_NOT_YET_ADMITTED
TP07F490,04:88A3:0:0:1,0x0208A3,F018,BEQ,REL8,UNKNOWN,UNKNOWN,NONE,V05C-contexts.csv,SOURCE_PROVED_NOT_YET_ADMITTED
TP07F490,04:88A5:0:0:1,0x0208A5,8D0442,STA,ABS,UNKNOWN,0,DBR:4204,V05C-contexts.csv,SOURCE_PROVED_NOT_YET_ADMITTED
TP07F490,04:88A8:0:0:1,0x0208A8,8E0642,STX,ABS,UNKNOWN,0,DBR:4206,V05C-contexts.csv,SOURCE_PROVED_NOT_YET_ADMITTED
TP07F490,04:88AB:0:0:1,0x0208AB,EA,NOP,IMP,UNKNOWN,0,NONE,V05C-contexts.csv,SOURCE_PROVED_NOT_YET_ADMITTED
TP07F490,04:88AC:0:0:1,0x0208AC,EA,NOP,IMP,UNKNOWN,0,NONE,V05C-contexts.csv,SOURCE_PROVED_NOT_YET_ADMITTED
TP07F490,04:88AD:0:0:1,0x0208AD,EA,NOP,IMP,UNKNOWN,0,NONE,V05C-contexts.csv,SOURCE_PROVED_NOT_YET_ADMITTED
TP07F490,04:88AE:0:0:1,0x0208AE,EA,NOP,IMP,UNKNOWN,0,NONE,V05C-contexts.csv,SOURCE_PROVED_NOT_YET_ADMITTED
TP07F490,04:88AF:0:0:1,0x0208AF,EA,NOP,IMP,UNKNOWN,0,NONE,V05C-contexts.csv,SOURCE_PROVED_NOT_YET_ADMITTED
TP07F490,04:88B0:0:0:1,0x0208B0,EA,NOP,IMP,UNKNOWN,0,NONE,V05C-contexts.csv,SOURCE_PROVED_NOT_YET_ADMITTED
TP07F490,04:88B1:0:0:1,0x0208B1,EA,NOP,IMP,UNKNOWN,0,NONE,V05C-contexts.csv,SOURCE_PROVED_NOT_YET_ADMITTED
TP07F490,04:88B2:0:0:1,0x0208B2,EA,NOP,IMP,UNKNOWN,0,NONE,V05C-contexts.csv,SOURCE_PROVED_NOT_YET_ADMITTED
TP07F490,04:88B3:0:0:1,0x0208B3,C230,REP,IMM8,UNKNOWN,0,NONE,V05C-contexts.csv,SOURCE_PROVED_NOT_YET_ADMITTED
TP07F490,04:88B5:0:0:0,0x0208B5,AD1442,LDA,ABS,UNKNOWN,0,DBR:4214,V05C-contexts.csv,SOURCE_PROVED_NOT_YET_ADMITTED
TP07F490,04:88B8:0:0:0,0x0208B8,AE1642,LDX,ABS,UNKNOWN,UNKNOWN,DBR:4216,V05C-contexts.csv,SOURCE_PROVED_NOT_YET_ADMITTED
TP07F490,04:88BB:0:0:0,0x0208BB,8006,BRA,REL8,UNKNOWN,UNKNOWN,NONE,V05C-contexts.csv,SOURCE_PROVED_NOT_YET_ADMITTED
TP07F490,04:88BD:0:0:1,0x0208BD,C230,REP,IMM8,UNKNOWN,1,NONE,V05C-contexts.csv,SOURCE_PROVED_NOT_YET_ADMITTED
TP07F490,04:88BF:0:0:0,0x0208BF,A90000,LDA,IMM_M,UNKNOWN,1,NONE,V05C-contexts.csv,SOURCE_PROVED_NOT_YET_ADMITTED
TP07F490,04:88C2:0:0:0,0x0208C2,AA,TAX,IMP,UNKNOWN,1,NONE,V05C-contexts.csv,SOURCE_PROVED_NOT_YET_ADMITTED
TP07F490,04:88C3:0:0:0,0x0208C3,8A,TXA,IMP,UNKNOWN,UNKNOWN,NONE,V05C-contexts.csv,SOURCE_PROVED_NOT_YET_ADMITTED
TP07F490,04:88C4:0:0:0,0x0208C4,E220,SEP,IMM8,UNKNOWN,UNKNOWN,NONE,V05C-contexts.csv,SOURCE_PROVED_NOT_YET_ADMITTED
TP07F490,04:88C6:0:1:0,0x0208C6,C210,REP,IMM8,UNKNOWN,UNKNOWN,NONE,V05C-contexts.csv,SOURCE_PROVED_NOT_YET_ADMITTED
TP07F490,04:88C8:0:1:0,0x0208C8,A00B00,LDY,IMM_X,UNKNOWN,UNKNOWN,NONE,V05C-contexts.csv,SOURCE_PROVED_NOT_YET_ADMITTED
TP07F490,04:88CB:0:1:0,0x0208CB,9716,STA,DP_IND_LONG_Y,UNKNOWN,0,NONE,V05C-contexts.csv,SOURCE_PROVED_NOT_YET_ADMITTED
TP07F490,04:88CD:0:1:0,0x0208CD,E210,SEP,IMM8,UNKNOWN,0,NONE,V05C-contexts.csv,SOURCE_PROVED_NOT_YET_ADMITTED
TP07F490,04:88CF:0:1:1,0x0208CF,C220,REP,IMM8,UNKNOWN,0,NONE,V05C-contexts.csv,SOURCE_PROVED_NOT_YET_ADMITTED
TP07F490,04:88D1:0:0:1,0x0208D1,AD7607,LDA,ABS,UNKNOWN,0,DBR:0776,V05C-contexts.csv,SOURCE_PROVED_NOT_YET_ADMITTED
TP07F490,04:88D4:0:0:1,0x0208D4,A240,LDX,IMM_X,UNKNOWN,UNKNOWN,NONE,V05C-contexts.csv,SOURCE_PROVED_NOT_YET_ADMITTED
TP07F490,04:88D6:0:0:1,0x0208D6,C90000,CMP,IMM_M,UNKNOWN,0,NONE,V05C-contexts.csv,SOURCE_PROVED_NOT_YET_ADMITTED
TP07F490,04:88D9:0:0:1,0x0208D9,F01C,BEQ,REL8,UNKNOWN,UNKNOWN,NONE,V05C-contexts.csv,SOURCE_PROVED_NOT_YET_ADMITTED
TP07F490,04:88DB:0:0:1,0x0208DB,E000,CPX,IMM_X,UNKNOWN,0,NONE,V05C-contexts.csv,SOURCE_PROVED_NOT_YET_ADMITTED
TP07F490,04:88DD:0:0:1,0x0208DD,F018,BEQ,REL8,UNKNOWN,UNKNOWN,NONE,V05C-contexts.csv,SOURCE_PROVED_NOT_YET_ADMITTED
TP07F490,04:88DF:0:0:1,0x0208DF,8D0442,STA,ABS,UNKNOWN,0,DBR:4204,V05C-contexts.csv,SOURCE_PROVED_NOT_YET_ADMITTED
TP07F490,04:88E2:0:0:1,0x0208E2,8E0642,STX,ABS,UNKNOWN,0,DBR:4206,V05C-contexts.csv,SOURCE_PROVED_NOT_YET_ADMITTED
TP07F490,04:88E5:0:0:1,0x0208E5,EA,NOP,IMP,UNKNOWN,0,NONE,V05C-contexts.csv,SOURCE_PROVED_NOT_YET_ADMITTED
TP07F490,04:88E6:0:0:1,0x0208E6,EA,NOP,IMP,UNKNOWN,0,NONE,V05C-contexts.csv,SOURCE_PROVED_NOT_YET_ADMITTED
TP07F490,04:88E7:0:0:1,0x0208E7,EA,NOP,IMP,UNKNOWN,0,NONE,V05C-contexts.csv,SOURCE_PROVED_NOT_YET_ADMITTED
TP07F490,04:88E8:0:0:1,0x0208E8,EA,NOP,IMP,UNKNOWN,0,NONE,V05C-contexts.csv,SOURCE_PROVED_NOT_YET_ADMITTED
TP07F490,04:88E9:0:0:1,0x0208E9,EA,NOP,IMP,UNKNOWN,0,NONE,V05C-contexts.csv,SOURCE_PROVED_NOT_YET_ADMITTED
TP07F490,04:88EA:0:0:1,0x0208EA,EA,NOP,IMP,UNKNOWN,0,NONE,V05C-contexts.csv,SOURCE_PROVED_NOT_YET_ADMITTED
TP07F490,04:88EB:0:0:1,0x0208EB,EA,NOP,IMP,UNKNOWN,0,NONE,V05C-contexts.csv,SOURCE_PROVED_NOT_YET_ADMITTED
TP07F490,04:88EC:0:0:1,0x0208EC,EA,NOP,IMP,UNKNOWN,0,NONE,V05C-contexts.csv,SOURCE_PROVED_NOT_YET_ADMITTED
TP07F490,04:88ED:0:0:1,0x0208ED,C230,REP,IMM8,UNKNOWN,0,NONE,V05C-contexts.csv,SOURCE_PROVED_NOT_YET_ADMITTED
TP07F490,04:88EF:0:0:0,0x0208EF,AD1442,LDA,ABS,UNKNOWN,0,DBR:4214,V05C-contexts.csv,SOURCE_PROVED_NOT_YET_ADMITTED
TP07F490,04:88F2:0:0:0,0x0208F2,AE1642,LDX,ABS,UNKNOWN,UNKNOWN,DBR:4216,V05C-contexts.csv,SOURCE_PROVED_NOT_YET_ADMITTED
TP07F490,04:88F5:0:0:0,0x0208F5,8006,BRA,REL8,UNKNOWN,UNKNOWN,NONE,V05C-contexts.csv,SOURCE_PROVED_NOT_YET_ADMITTED
TP07F490,04:88F7:0:0:1,0x0208F7,C230,REP,IMM8,UNKNOWN,1,NONE,V05C-contexts.csv,SOURCE_PROVED_NOT_YET_ADMITTED
TP07F490,04:88F9:0:0:0,0x0208F9,A90000,LDA,IMM_M,UNKNOWN,1,NONE,V05C-contexts.csv,SOURCE_PROVED_NOT_YET_ADMITTED
TP07F490,04:88FC:0:0:0,0x0208FC,AA,TAX,IMP,UNKNOWN,1,NONE,V05C-contexts.csv,SOURCE_PROVED_NOT_YET_ADMITTED
TP07F490,04:88FD:0:0:0,0x0208FD,E220,SEP,IMM8,UNKNOWN,UNKNOWN,NONE,V05C-contexts.csv,SOURCE_PROVED_NOT_YET_ADMITTED
TP07F490,04:88FF:0:1:0,0x0208FF,C210,REP,IMM8,UNKNOWN,UNKNOWN,NONE,V05C-contexts.csv,SOURCE_PROVED_NOT_YET_ADMITTED
TP07F490,04:8901:0:1:0,0x020901,A00D00,LDY,IMM_X,UNKNOWN,UNKNOWN,NONE,V05C-contexts.csv,SOURCE_PROVED_NOT_YET_ADMITTED
TP07F490,04:8904:0:1:0,0x020904,9716,STA,DP_IND_LONG_Y,UNKNOWN,0,NONE,V05C-contexts.csv,SOURCE_PROVED_NOT_YET_ADMITTED
TP07F490,04:8906:0:1:0,0x020906,822A01,BRL,REL16,UNKNOWN,0,NONE,V05C-contexts.csv,SOURCE_PROVED_NOT_YET_ADMITTED
TP07F490,04:8909:0:0:0,0x020909,C230,REP,IMM8,UNKNOWN,0,NONE,V05C-contexts.csv,SOURCE_PROVED_NOT_YET_ADMITTED
TP07F490,04:890B:0:0:0,0x02090B,9C1504,STZ,ABS,UNKNOWN,0,DBR:0415,V05C-contexts.csv,SOURCE_PROVED_NOT_YET_ADMITTED
TP07F490,04:890E:0:0:0,0x02090E,AD1504,LDA,ABS,UNKNOWN,UNKNOWN|0,DBR:0415,V05C-contexts.csv,SOURCE_PROVED_NOT_YET_ADMITTED
TP07F490,04:8911:0:0:0,0x020911,C91400,CMP,IMM_M,UNKNOWN,UNKNOWN,NONE,V05C-contexts.csv,SOURCE_PROVED_NOT_YET_ADMITTED
TP07F490,04:8914:0:0:0,0x020914,9003,BCC,REL8,UNKNOWN,UNKNOWN,NONE,V05C-contexts.csv,SOURCE_PROVED_NOT_YET_ADMITTED
TP07F490,04:8916:0:0:0,0x020916,827500,BRL,REL16,1,UNKNOWN,NONE,V05C-contexts.csv,SOURCE_PROVED_NOT_YET_ADMITTED
TP07F490,04:8919:0:0:0,0x020919,AD1504,LDA,ABS,0,UNKNOWN,DBR:0415,V05C-contexts.csv,SOURCE_PROVED_NOT_YET_ADMITTED
TP07F490,04:891C:0:0:0,0x02091C,0A,ASL,ACC,0,UNKNOWN,NONE,V05C-contexts.csv,SOURCE_PROVED_NOT_YET_ADMITTED
TP07F490,04:891D:0:0:0,0x02091D,AA,TAX,IMP,UNKNOWN,UNKNOWN,NONE,V05C-contexts.csv,SOURCE_PROVED_NOT_YET_ADMITTED
TP07F490,04:891E:0:0:0,0x02091E,AD9E07,LDA,ABS,UNKNOWN,UNKNOWN,DBR:079E,V05C-contexts.csv,SOURCE_PROVED_NOT_YET_ADMITTED
TP07F490,04:8921:0:0:0,0x020921,F006,BEQ,REL8,UNKNOWN,UNKNOWN,NONE,V05C-contexts.csv,SOURCE_PROVED_NOT_YET_ADMITTED
TP07F490,04:8923:0:0:0,0x020923,BFF88E01,LDA,ABSL_X,UNKNOWN,0,01:8EF8+X,V05C-contexts.csv,SOURCE_PROVED_NOT_YET_ADMITTED
TP07F490,04:8927:0:0:0,0x020927,8004,BRA,REL8,UNKNOWN,UNKNOWN,NONE,V05C-contexts.csv,SOURCE_PROVED_NOT_YET_ADMITTED
TP07F490,04:8929:0:0:0,0x020929,BFD08E01,LDA,ABSL_X,UNKNOWN,1,01:8ED0+X,V05C-contexts.csv,SOURCE_PROVED_NOT_YET_ADMITTED
TP07F490,04:892D:0:0:0,0x02092D,8D0F04,STA,ABS,UNKNOWN,UNKNOWN,DBR:040F,V05C-contexts.csv,SOURCE_PROVED_NOT_YET_ADMITTED
TP07F490,04:8930:0:0:0,0x020930,F054,BEQ,REL8,UNKNOWN,UNKNOWN,NONE,V05C-contexts.csv,SOURCE_PROVED_NOT_YET_ADMITTED
TP07F490,04:8932:0:0:0,0x020932,AD1504,LDA,ABS,UNKNOWN,0,DBR:0415,V05C-contexts.csv,SOURCE_PROVED_NOT_YET_ADMITTED
TP07F490,04:8935:0:0:0,0x020935,0A,ASL,ACC,UNKNOWN,UNKNOWN,NONE,V05C-contexts.csv,SOURCE_PROVED_NOT_YET_ADMITTED
TP07F490,04:8936:0:0:0,0x020936,AA,TAX,IMP,UNKNOWN,UNKNOWN,NONE,V05C-contexts.csv,SOURCE_PROVED_NOT_YET_ADMITTED
TP07F490,04:8937:0:0:0,0x020937,BF888E01,LDA,ABSL_X,UNKNOWN,UNKNOWN,01:8E88+X,V05C-contexts.csv,SOURCE_PROVED_NOT_YET_ADMITTED
TP07F490,04:893B:0:0:0,0x02093B,18,CLC,IMP,UNKNOWN,UNKNOWN,NONE,V05C-contexts.csv,SOURCE_PROVED_NOT_YET_ADMITTED
TP07F490,04:893C:0:0:0,0x02093C,6D7607,ADC,ABS,0,UNKNOWN,DBR:0776,V05C-contexts.csv,SOURCE_PROVED_NOT_YET_ADMITTED
TP07F490,04:893F:0:0:0,0x02093F,8D1104,STA,ABS,UNKNOWN,UNKNOWN,DBR:0411,V05C-contexts.csv,SOURCE_PROVED_NOT_YET_ADMITTED
TP07F490,04:8942:0:0:0,0x020942,8D8A07,STA,ABS,UNKNOWN,UNKNOWN,DBR:078A,V05C-contexts.csv,SOURCE_PROVED_NOT_YET_ADMITTED
TP07F490,04:8945:0:0:0,0x020945,22328700,JSL,ABSL_JUMP,UNKNOWN,UNKNOWN,NONE,V05C-contexts.csv,SOURCE_PROVED_NOT_YET_ADMITTED
TP07F490,04:8949:0:0:1,0x020949,C230,REP,IMM8,UNKNOWN|0|1,UNKNOWN,NONE,V05C-contexts.csv,SOURCE_PROVED_NOT_YET_ADMITTED
TP07F490,04:894B:0:0:0,0x02094B,AC1104,LDY,ABS,UNKNOWN|0|1,UNKNOWN,DBR:0411,V05C-contexts.csv,SOURCE_PROVED_NOT_YET_ADMITTED
TP07F490,04:894E:0:0:0,0x02094E,98,TYA,IMP,UNKNOWN|0|1,UNKNOWN,NONE,V05C-contexts.csv,SOURCE_PROVED_NOT_YET_ADMITTED
TP07F490,04:894F:0:0:0,0x02094F,0A,ASL,ACC,UNKNOWN|0|1,UNKNOWN,NONE,V05C-contexts.csv,SOURCE_PROVED_NOT_YET_ADMITTED
TP07F490,04:8950:0:0:0,0x020950,0A,ASL,ACC,UNKNOWN,UNKNOWN,NONE,V05C-contexts.csv,SOURCE_PROVED_NOT_YET_ADMITTED
TP07F490,04:8951:0:0:0,0x020951,A8,TAY,IMP,UNKNOWN,UNKNOWN,NONE,V05C-contexts.csv,SOURCE_PROVED_NOT_YET_ADMITTED
TP07F490,04:8952:0:0:0,0x020952,18,CLC,IMP,UNKNOWN,UNKNOWN,NONE,V05C-contexts.csv,SOURCE_PROVED_NOT_YET_ADMITTED
TP07F490,04:8953:0:0:0,0x020953,690200,ADC,IMM_M,0,UNKNOWN,NONE,V05C-contexts.csv,SOURCE_PROVED_NOT_YET_ADMITTED
TP07F490,04:8956:0:0:0,0x020956,A8,TAY,IMP,UNKNOWN,UNKNOWN,NONE,V05C-contexts.csv,SOURCE_PROVED_NOT_YET_ADMITTED
TP07F490,04:8957:0:0:0,0x020957,E220,SEP,IMM8,UNKNOWN,UNKNOWN,NONE,V05C-contexts.csv,SOURCE_PROVED_NOT_YET_ADMITTED
TP07F490,04:8959:0:1:0,0x020959,C210,REP,IMM8,UNKNOWN,UNKNOWN,NONE,V05C-contexts.csv,SOURCE_PROVED_NOT_YET_ADMITTED
TP07F490,04:895B:0:1:0,0x02095B,AD0F04,LDA,ABS,UNKNOWN,UNKNOWN,DBR:040F,V05C-contexts.csv,SOURCE_PROVED_NOT_YET_ADMITTED
TP07F490,04:895E:0:1:0,0x02095E,971C,STA,DP_IND_LONG_Y,UNKNOWN,UNKNOWN,NONE,V05C-contexts.csv,SOURCE_PROVED_NOT_YET_ADMITTED
TP07F490,04:8960:0:1:0,0x020960,C8,INY,IMP,UNKNOWN,UNKNOWN,NONE,V05C-contexts.csv,SOURCE_PROVED_NOT_YET_ADMITTED
TP07F490,04:8961:0:1:0,0x020961,AD1504,LDA,ABS,UNKNOWN,UNKNOWN,DBR:0415,V05C-contexts.csv,SOURCE_PROVED_NOT_YET_ADMITTED
TP07F490,04:8964:0:1:0,0x020964,C905,CMP,IMM_M,UNKNOWN,UNKNOWN,NONE,V05C-contexts.csv,SOURCE_PROVED_NOT_YET_ADMITTED
TP07F490,04:8966:0:1:0,0x020966,D009,BNE,REL8,UNKNOWN,UNKNOWN,NONE,V05C-contexts.csv,SOURCE_PROVED_NOT_YET_ADMITTED
TP07F490,04:8968:0:1:0,0x020968,AD9E07,LDA,ABS,UNKNOWN,1,DBR:079E,V05C-contexts.csv,SOURCE_PROVED_NOT_YET_ADMITTED
TP07F490,04:896B:0:1:0,0x02096B,F008,BEQ,REL8,UNKNOWN,UNKNOWN,NONE,V05C-contexts.csv,SOURCE_PROVED_NOT_YET_ADMITTED
TP07F490,04:896D:0:1:0,0x02096D,A909,LDA,IMM_M,UNKNOWN,0,NONE,V05C-contexts.csv,SOURCE_PROVED_NOT_YET_ADMITTED
TP07F490,04:896F:0:1:0,0x02096F,8013,BRA,REL8,UNKNOWN,0,NONE,V05C-contexts.csv,SOURCE_PROVED_NOT_YET_ADMITTED
TP07F490,04:8971:0:1:0,0x020971,C909,CMP,IMM_M,UNKNOWN,0,NONE,V05C-contexts.csv,SOURCE_PROVED_NOT_YET_ADMITTED
TP07F490,04:8973:0:1:0,0x020973,F004,BEQ,REL8,UNKNOWN,UNKNOWN,NONE,V05C-contexts.csv,SOURCE_PROVED_NOT_YET_ADMITTED
TP07F490,04:8975:0:1:0,0x020975,A908,LDA,IMM_M,UNKNOWN,0|1,NONE,V05C-contexts.csv,SOURCE_PROVED_NOT_YET_ADMITTED
TP07F490,04:8977:0:1:0,0x020977,800B,BRA,REL8,UNKNOWN,0,NONE,V05C-contexts.csv,SOURCE_PROVED_NOT_YET_ADMITTED
TP07F490,04:8979:0:1:0,0x020979,AD9E07,LDA,ABS,UNKNOWN,1,DBR:079E,V05C-contexts.csv,SOURCE_PROVED_NOT_YET_ADMITTED
TP07F490,04:897C:0:1:0,0x02097C,F004,BEQ,REL8,UNKNOWN,UNKNOWN,NONE,V05C-contexts.csv,SOURCE_PROVED_NOT_YET_ADMITTED
TP07F490,04:897E:0:1:0,0x02097E,A908,LDA,IMM_M,UNKNOWN,0,NONE,V05C-contexts.csv,SOURCE_PROVED_NOT_YET_ADMITTED
TP07F490,04:8980:0:1:0,0x020980,8002,BRA,REL8,UNKNOWN,0,NONE,V05C-contexts.csv,SOURCE_PROVED_NOT_YET_ADMITTED
TP07F490,04:8982:0:1:0,0x020982,A90A,LDA,IMM_M,UNKNOWN,1,NONE,V05C-contexts.csv,SOURCE_PROVED_NOT_YET_ADMITTED
TP07F490,04:8984:0:1:0,0x020984,971C,STA,DP_IND_LONG_Y,UNKNOWN,0,NONE,V05C-contexts.csv,SOURCE_PROVED_NOT_YET_ADMITTED
TP07F490,04:8986:0:0:0,0x020986,C230,REP,IMM8,UNKNOWN,1,NONE,V05C-contexts.csv,SOURCE_PROVED_NOT_YET_ADMITTED
TP07F490,04:8986:0:1:0,0x020986,C230,REP,IMM8,UNKNOWN,0,NONE,V05C-contexts.csv,SOURCE_PROVED_NOT_YET_ADMITTED
TP07F490,04:8988:0:0:0,0x020988,EE1504,INC,ABS,UNKNOWN,0|1,DBR:0415,V05C-contexts.csv,SOURCE_PROVED_NOT_YET_ADMITTED
TP07F490,04:898B:0:0:0,0x02098B,8280FF,BRL,REL16,UNKNOWN,UNKNOWN,NONE,V05C-contexts.csv,SOURCE_PROVED_NOT_YET_ADMITTED
TP07F490,04:898E:0:0:0,0x02098E,E220,SEP,IMM8,1,UNKNOWN,NONE,V05C-contexts.csv,SOURCE_PROVED_NOT_YET_ADMITTED
TP07F490,04:8990:0:1:0,0x020990,C210,REP,IMM8,1,UNKNOWN,NONE,V05C-contexts.csv,SOURCE_PROVED_NOT_YET_ADMITTED
TP07F490,04:8992:0:1:0,0x020992,A980,LDA,IMM_M,1,UNKNOWN,NONE,V05C-contexts.csv,SOURCE_PROVED_NOT_YET_ADMITTED
TP07F490,04:8994:0:1:0,0x020994,A00A00,LDY,IMM_X,1,0,NONE,V05C-contexts.csv,SOURCE_PROVED_NOT_YET_ADMITTED
TP07F490,04:8997:0:1:0,0x020997,9716,STA,DP_IND_LONG_Y,1,0,NONE,V05C-contexts.csv,SOURCE_PROVED_NOT_YET_ADMITTED
TP07F490,04:8999:0:1:0,0x020999,E220,SEP,IMM8,1,0,NONE,V05C-contexts.csv,SOURCE_PROVED_NOT_YET_ADMITTED
TP07F490,04:899B:0:1:0,0x02099B,C210,REP,IMM8,1,0,NONE,V05C-contexts.csv,SOURCE_PROVED_NOT_YET_ADMITTED
TP07F490,04:899D:0:1:0,0x02099D,A08F00,LDY,IMM_X,1,0,NONE,V05C-contexts.csv,SOURCE_PROVED_NOT_YET_ADMITTED
TP07F490,04:89A0:0:1:0,0x0209A0,AD9E07,LDA,ABS,1,0,DBR:079E,V05C-contexts.csv,SOURCE_PROVED_NOT_YET_ADMITTED
TP07F490,04:89A3:0:1:0,0x0209A3,F004,BEQ,REL8,1,UNKNOWN,NONE,V05C-contexts.csv,SOURCE_PROVED_NOT_YET_ADMITTED
TP07F490,04:89A5:0:1:0,0x0209A5,A903,LDA,IMM_M,1,0,NONE,V05C-contexts.csv,SOURCE_PROVED_NOT_YET_ADMITTED
TP07F490,04:89A7:0:1:0,0x0209A7,8002,BRA,REL8,1,0,NONE,V05C-contexts.csv,SOURCE_PROVED_NOT_YET_ADMITTED
TP07F490,04:89A9:0:1:0,0x0209A9,A902,LDA,IMM_M,1,1,NONE,V05C-contexts.csv,SOURCE_PROVED_NOT_YET_ADMITTED
TP07F490,04:89AB:0:1:0,0x0209AB,9716,STA,DP_IND_LONG_Y,1,0,NONE,V05C-contexts.csv,SOURCE_PROVED_NOT_YET_ADMITTED
TP07F490,04:89AD:0:1:0,0x0209AD,A9FF,LDA,IMM_M,1,0,NONE,V05C-contexts.csv,SOURCE_PROVED_NOT_YET_ADMITTED
TP07F490,04:89AF:0:1:0,0x0209AF,A00C00,LDY,IMM_X,1,0,NONE,V05C-contexts.csv,SOURCE_PROVED_NOT_YET_ADMITTED
TP07F490,04:89B2:0:1:0,0x0209B2,9716,STA,DP_IND_LONG_Y,1,0,NONE,V05C-contexts.csv,SOURCE_PROVED_NOT_YET_ADMITTED
TP07F490,04:89B4:0:1:0,0x0209B4,C230,REP,IMM8,1,0,NONE,V05C-contexts.csv,SOURCE_PROVED_NOT_YET_ADMITTED
TP07F490,04:89B6:0:0:0,0x0209B6,A9BFFF,LDA,IMM_M,1,0,NONE,V05C-contexts.csv,SOURCE_PROVED_NOT_YET_ADMITTED
TP07F490,04:89B9:0:0:0,0x0209B9,18,CLC,IMP,1,0,NONE,V05C-contexts.csv,SOURCE_PROVED_NOT_YET_ADMITTED
TP07F490,04:89BA:0:0:0,0x0209BA,6D7607,ADC,ABS,0,0,DBR:0776,V05C-contexts.csv,SOURCE_PROVED_NOT_YET_ADMITTED
TP07F490,04:89BD:0:0:0,0x0209BD,E210,SEP,IMM8,UNKNOWN,UNKNOWN,NONE,V05C-contexts.csv,SOURCE_PROVED_NOT_YET_ADMITTED
TP07F490,04:89BF:0:0:1,0x0209BF,C220,REP,IMM8,UNKNOWN,UNKNOWN,NONE,V05C-contexts.csv,SOURCE_PROVED_NOT_YET_ADMITTED
TP07F490,04:89C1:0:0:1,0x0209C1,A240,LDX,IMM_X,UNKNOWN,UNKNOWN,NONE,V05C-contexts.csv,SOURCE_PROVED_NOT_YET_ADMITTED
TP07F490,04:89C3:0:0:1,0x0209C3,C90000,CMP,IMM_M,UNKNOWN,0,NONE,V05C-contexts.csv,SOURCE_PROVED_NOT_YET_ADMITTED
TP07F490,04:89C6:0:0:1,0x0209C6,F01C,BEQ,REL8,UNKNOWN,UNKNOWN,NONE,V05C-contexts.csv,SOURCE_PROVED_NOT_YET_ADMITTED
TP07F490,04:89C8:0:0:1,0x0209C8,E000,CPX,IMM_X,UNKNOWN,0,NONE,V05C-contexts.csv,SOURCE_PROVED_NOT_YET_ADMITTED
TP07F490,04:89CA:0:0:1,0x0209CA,F018,BEQ,REL8,UNKNOWN,UNKNOWN,NONE,V05C-contexts.csv,SOURCE_PROVED_NOT_YET_ADMITTED
TP07F490,04:89CC:0:0:1,0x0209CC,8D0442,STA,ABS,UNKNOWN,0,DBR:4204,V05C-contexts.csv,SOURCE_PROVED_NOT_YET_ADMITTED
TP07F490,04:89CF:0:0:1,0x0209CF,8E0642,STX,ABS,UNKNOWN,0,DBR:4206,V05C-contexts.csv,SOURCE_PROVED_NOT_YET_ADMITTED
TP07F490,04:89D2:0:0:1,0x0209D2,EA,NOP,IMP,UNKNOWN,0,NONE,V05C-contexts.csv,SOURCE_PROVED_NOT_YET_ADMITTED
TP07F490,04:89D3:0:0:1,0x0209D3,EA,NOP,IMP,UNKNOWN,0,NONE,V05C-contexts.csv,SOURCE_PROVED_NOT_YET_ADMITTED
TP07F490,04:89D4:0:0:1,0x0209D4,EA,NOP,IMP,UNKNOWN,0,NONE,V05C-contexts.csv,SOURCE_PROVED_NOT_YET_ADMITTED
TP07F490,04:89D5:0:0:1,0x0209D5,EA,NOP,IMP,UNKNOWN,0,NONE,V05C-contexts.csv,SOURCE_PROVED_NOT_YET_ADMITTED
TP07F490,04:89D6:0:0:1,0x0209D6,EA,NOP,IMP,UNKNOWN,0,NONE,V05C-contexts.csv,SOURCE_PROVED_NOT_YET_ADMITTED
TP07F490,04:89D7:0:0:1,0x0209D7,EA,NOP,IMP,UNKNOWN,0,NONE,V05C-contexts.csv,SOURCE_PROVED_NOT_YET_ADMITTED
TP07F490,04:89D8:0:0:1,0x0209D8,EA,NOP,IMP,UNKNOWN,0,NONE,V05C-contexts.csv,SOURCE_PROVED_NOT_YET_ADMITTED
TP07F490,04:89D9:0:0:1,0x0209D9,EA,NOP,IMP,UNKNOWN,0,NONE,V05C-contexts.csv,SOURCE_PROVED_NOT_YET_ADMITTED
TP07F490,04:89DA:0:0:1,0x0209DA,C230,REP,IMM8,UNKNOWN,0,NONE,V05C-contexts.csv,SOURCE_PROVED_NOT_YET_ADMITTED
TP07F490,04:89DC:0:0:0,0x0209DC,AD1442,LDA,ABS,UNKNOWN,0,DBR:4214,V05C-contexts.csv,SOURCE_PROVED_NOT_YET_ADMITTED
TP07F490,04:89DF:0:0:0,0x0209DF,AE1642,LDX,ABS,UNKNOWN,UNKNOWN,DBR:4216,V05C-contexts.csv,SOURCE_PROVED_NOT_YET_ADMITTED
TP07F490,04:89E2:0:0:0,0x0209E2,8006,BRA,REL8,UNKNOWN,UNKNOWN,NONE,V05C-contexts.csv,SOURCE_PROVED_NOT_YET_ADMITTED
TP07F490,04:89E4:0:0:1,0x0209E4,C230,REP,IMM8,UNKNOWN,1,NONE,V05C-contexts.csv,SOURCE_PROVED_NOT_YET_ADMITTED
TP07F490,04:89E6:0:0:0,0x0209E6,A90000,LDA,IMM_M,UNKNOWN,1,NONE,V05C-contexts.csv,SOURCE_PROVED_NOT_YET_ADMITTED
TP07F490,04:89E9:0:0:0,0x0209E9,AA,TAX,IMP,UNKNOWN,1,NONE,V05C-contexts.csv,SOURCE_PROVED_NOT_YET_ADMITTED
TP07F490,04:89EA:0:0:0,0x0209EA,8A,TXA,IMP,UNKNOWN,UNKNOWN,NONE,V05C-contexts.csv,SOURCE_PROVED_NOT_YET_ADMITTED
TP07F490,04:89EB:0:0:0,0x0209EB,E220,SEP,IMM8,UNKNOWN,UNKNOWN,NONE,V05C-contexts.csv,SOURCE_PROVED_NOT_YET_ADMITTED
TP07F490,04:89ED:0:1:0,0x0209ED,C210,REP,IMM8,UNKNOWN,UNKNOWN,NONE,V05C-contexts.csv,SOURCE_PROVED_NOT_YET_ADMITTED
TP07F490,04:89EF:0:1:0,0x0209EF,A00B00,LDY,IMM_X,UNKNOWN,UNKNOWN,NONE,V05C-contexts.csv,SOURCE_PROVED_NOT_YET_ADMITTED
TP07F490,04:89F2:0:1:0,0x0209F2,9716,STA,DP_IND_LONG_Y,UNKNOWN,0,NONE,V05C-contexts.csv,SOURCE_PROVED_NOT_YET_ADMITTED
TP07F490,04:89F4:0:1:0,0x0209F4,C230,REP,IMM8,UNKNOWN,0,NONE,V05C-contexts.csv,SOURCE_PROVED_NOT_YET_ADMITTED
TP07F490,04:89F6:0:0:0,0x0209F6,A9BFFF,LDA,IMM_M,UNKNOWN,0,NONE,V05C-contexts.csv,SOURCE_PROVED_NOT_YET_ADMITTED
TP07F490,04:89F9:0:0:0,0x0209F9,18,CLC,IMP,UNKNOWN,0,NONE,V05C-contexts.csv,SOURCE_PROVED_NOT_YET_ADMITTED
TP07F490,04:89FA:0:0:0,0x0209FA,6D7607,ADC,ABS,0,0,DBR:0776,V05C-contexts.csv,SOURCE_PROVED_NOT_YET_ADMITTED
TP07F490,04:89FD:0:0:0,0x0209FD,E210,SEP,IMM8,UNKNOWN,UNKNOWN,NONE,V05C-contexts.csv,SOURCE_PROVED_NOT_YET_ADMITTED
TP07F490,04:89FF:0:0:1,0x0209FF,C220,REP,IMM8,UNKNOWN,UNKNOWN,NONE,V05C-contexts.csv,SOURCE_PROVED_NOT_YET_ADMITTED
TP07F490,04:8A01:0:0:1,0x020A01,A240,LDX,IMM_X,UNKNOWN,UNKNOWN,NONE,V05C-contexts.csv,SOURCE_PROVED_NOT_YET_ADMITTED
TP07F490,04:8A03:0:0:1,0x020A03,C90000,CMP,IMM_M,UNKNOWN,0,NONE,V05C-contexts.csv,SOURCE_PROVED_NOT_YET_ADMITTED
TP07F490,04:8A06:0:0:1,0x020A06,F01C,BEQ,REL8,UNKNOWN,UNKNOWN,NONE,V05C-contexts.csv,SOURCE_PROVED_NOT_YET_ADMITTED
TP07F490,04:8A08:0:0:1,0x020A08,E000,CPX,IMM_X,UNKNOWN,0,NONE,V05C-contexts.csv,SOURCE_PROVED_NOT_YET_ADMITTED
TP07F490,04:8A0A:0:0:1,0x020A0A,F018,BEQ,REL8,UNKNOWN,UNKNOWN,NONE,V05C-contexts.csv,SOURCE_PROVED_NOT_YET_ADMITTED
TP07F490,04:8A0C:0:0:1,0x020A0C,8D0442,STA,ABS,UNKNOWN,0,DBR:4204,V05C-contexts.csv,SOURCE_PROVED_NOT_YET_ADMITTED
TP07F490,04:8A0F:0:0:1,0x020A0F,8E0642,STX,ABS,UNKNOWN,0,DBR:4206,V05C-contexts.csv,SOURCE_PROVED_NOT_YET_ADMITTED
TP07F490,04:8A12:0:0:1,0x020A12,EA,NOP,IMP,UNKNOWN,0,NONE,V05C-contexts.csv,SOURCE_PROVED_NOT_YET_ADMITTED
TP07F490,04:8A13:0:0:1,0x020A13,EA,NOP,IMP,UNKNOWN,0,NONE,V05C-contexts.csv,SOURCE_PROVED_NOT_YET_ADMITTED
TP07F490,04:8A14:0:0:1,0x020A14,EA,NOP,IMP,UNKNOWN,0,NONE,V05C-contexts.csv,SOURCE_PROVED_NOT_YET_ADMITTED
TP07F490,04:8A15:0:0:1,0x020A15,EA,NOP,IMP,UNKNOWN,0,NONE,V05C-contexts.csv,SOURCE_PROVED_NOT_YET_ADMITTED
TP07F490,04:8A16:0:0:1,0x020A16,EA,NOP,IMP,UNKNOWN,0,NONE,V05C-contexts.csv,SOURCE_PROVED_NOT_YET_ADMITTED
TP07F490,04:8A17:0:0:1,0x020A17,EA,NOP,IMP,UNKNOWN,0,NONE,V05C-contexts.csv,SOURCE_PROVED_NOT_YET_ADMITTED
TP07F490,04:8A18:0:0:1,0x020A18,EA,NOP,IMP,UNKNOWN,0,NONE,V05C-contexts.csv,SOURCE_PROVED_NOT_YET_ADMITTED
TP07F490,04:8A19:0:0:1,0x020A19,EA,NOP,IMP,UNKNOWN,0,NONE,V05C-contexts.csv,SOURCE_PROVED_NOT_YET_ADMITTED
TP07F490,04:8A1A:0:0:1,0x020A1A,C230,REP,IMM8,UNKNOWN,0,NONE,V05C-contexts.csv,SOURCE_PROVED_NOT_YET_ADMITTED
TP07F490,04:8A1C:0:0:0,0x020A1C,AD1442,LDA,ABS,UNKNOWN,0,DBR:4214,V05C-contexts.csv,SOURCE_PROVED_NOT_YET_ADMITTED
TP07F490,04:8A1F:0:0:0,0x020A1F,AE1642,LDX,ABS,UNKNOWN,UNKNOWN,DBR:4216,V05C-contexts.csv,SOURCE_PROVED_NOT_YET_ADMITTED
TP07F490,04:8A22:0:0:0,0x020A22,8006,BRA,REL8,UNKNOWN,UNKNOWN,NONE,V05C-contexts.csv,SOURCE_PROVED_NOT_YET_ADMITTED
TP07F490,04:8A24:0:0:1,0x020A24,C230,REP,IMM8,UNKNOWN,1,NONE,V05C-contexts.csv,SOURCE_PROVED_NOT_YET_ADMITTED
TP07F490,04:8A26:0:0:0,0x020A26,A90000,LDA,IMM_M,UNKNOWN,1,NONE,V05C-contexts.csv,SOURCE_PROVED_NOT_YET_ADMITTED
TP07F490,04:8A29:0:0:0,0x020A29,AA,TAX,IMP,UNKNOWN,1,NONE,V05C-contexts.csv,SOURCE_PROVED_NOT_YET_ADMITTED
TP07F490,04:8A2A:0:0:0,0x020A2A,E220,SEP,IMM8,UNKNOWN,UNKNOWN,NONE,V05C-contexts.csv,SOURCE_PROVED_NOT_YET_ADMITTED
TP07F490,04:8A2C:0:1:0,0x020A2C,C210,REP,IMM8,UNKNOWN,UNKNOWN,NONE,V05C-contexts.csv,SOURCE_PROVED_NOT_YET_ADMITTED
TP07F490,04:8A2E:0:1:0,0x020A2E,A00D00,LDY,IMM_X,UNKNOWN,UNKNOWN,NONE,V05C-contexts.csv,SOURCE_PROVED_NOT_YET_ADMITTED
TP07F490,04:8A31:0:1:0,0x020A31,9716,STA,DP_IND_LONG_Y,UNKNOWN,0,NONE,V05C-contexts.csv,SOURCE_PROVED_NOT_YET_ADMITTED
TP07F490,04:8A33:0:1:0,0x020A33,E220,SEP,IMM8,UNKNOWN,0,NONE,V05C-contexts.csv,SOURCE_PROVED_NOT_YET_ADMITTED
TP07F490,04:8A35:0:1:0,0x020A35,C210,REP,IMM8,UNKNOWN,0,NONE,V05C-contexts.csv,SOURCE_PROVED_NOT_YET_ADMITTED
TP07F490,04:8A37:0:1:0,0x020A37,A00800,LDY,IMM_X,UNKNOWN,0,NONE,V05C-contexts.csv,SOURCE_PROVED_NOT_YET_ADMITTED
TP07F490,04:8A3A:0:1:0,0x020A3A,A904,LDA,IMM_M,UNKNOWN,0,NONE,V05C-contexts.csv,SOURCE_PROVED_NOT_YET_ADMITTED
TP07F490,04:8A3C:0:1:0,0x020A3C,9716,STA,DP_IND_LONG_Y,UNKNOWN,0,NONE,V05C-contexts.csv,SOURCE_PROVED_NOT_YET_ADMITTED
TP07F490,04:8A3E:0:1:0,0x020A3E,C230,REP,IMM8,UNKNOWN,0,NONE,V05C-contexts.csv,SOURCE_PROVED_NOT_YET_ADMITTED
TP07F490,04:8A40:0:0:0,0x020A40,A00000,LDY,IMM_X,UNKNOWN,0,NONE,V05C-contexts.csv,SOURCE_PROVED_NOT_YET_ADMITTED
TP07F490,04:8A43:0:0:0,0x020A43,AE0B04,LDX,ABS,UNKNOWN,1,DBR:040B,V05C-contexts.csv,SOURCE_PROVED_NOT_YET_ADMITTED
TP07F490,04:8A46:0:0:0,0x020A46,BF3DCC01,LDA,ABSL_X,UNKNOWN,UNKNOWN,01:CC3D+X,V05C-contexts.csv,SOURCE_PROVED_NOT_YET_ADMITTED
TP07F490,04:8A4A:0:0:0,0x020A4A,29FF00,AND,IMM_M,UNKNOWN,UNKNOWN,NONE,V05C-contexts.csv,SOURCE_PROVED_NOT_YET_ADMITTED
TP07F490,04:8A4D:0:0:0,0x020A4D,9716,STA,DP_IND_LONG_Y,UNKNOWN,UNKNOWN,NONE,V05C-contexts.csv,SOURCE_PROVED_NOT_YET_ADMITTED
TP07F490,04:8A4F:0:0:0,0x020A4F,AC0B04,LDY,ABS,UNKNOWN,UNKNOWN,DBR:040B,V05C-contexts.csv,SOURCE_PROVED_NOT_YET_ADMITTED
TP07F490,04:8A52:0:0:0,0x020A52,98,TYA,IMP,UNKNOWN,UNKNOWN,NONE,V05C-contexts.csv,SOURCE_PROVED_NOT_YET_ADMITTED
TP07F490,04:8A53:0:0:0,0x020A53,A93000,LDA,IMM_M,UNKNOWN,UNKNOWN,NONE,V05C-contexts.csv,SOURCE_PROVED_NOT_YET_ADMITTED
TP07F490,04:8A56:0:0:0,0x020A56,22A78004,JSL,ABSL_JUMP,UNKNOWN,0,NONE,V05C-contexts.csv,SOURCE_PROVED_NOT_YET_ADMITTED
TP07F490,04:8A5A:0:0:0,0x020A5A,A8,TAY,IMP,UNKNOWN,UNKNOWN,NONE,V05C-contexts.csv,SOURCE_PROVED_NOT_YET_ADMITTED
TP07F490,04:8A5B:0:0:0,0x020A5B,B94F08,LDA,ABS_Y,UNKNOWN,UNKNOWN,NONE,V05C-contexts.csv,SOURCE_PROVED_NOT_YET_ADMITTED
TP07F490,04:8A5E:0:0:0,0x020A5E,F00B,BEQ,REL8,UNKNOWN,UNKNOWN,NONE,V05C-contexts.csv,SOURCE_PROVED_NOT_YET_ADMITTED
TP07F490,04:8A60:0:0:0,0x020A60,0A,ASL,ACC,UNKNOWN,0,NONE,V05C-contexts.csv,SOURCE_PROVED_NOT_YET_ADMITTED
TP07F490,04:8A61:0:0:0,0x020A61,AA,TAX,IMP,UNKNOWN,UNKNOWN,NONE,V05C-contexts.csv,SOURCE_PROVED_NOT_YET_ADMITTED
TP07F490,04:8A62:0:0:0,0x020A62,BFC29305,LDA,ABSL_X,UNKNOWN,UNKNOWN,05:93C2+X,V05C-contexts.csv,SOURCE_PROVED_NOT_YET_ADMITTED
TP07F490,04:8A66:0:0:0,0x020A66,A06700,LDY,IMM_X,UNKNOWN,UNKNOWN,NONE,V05C-contexts.csv,SOURCE_PROVED_NOT_YET_ADMITTED
TP07F490,04:8A69:0:0:0,0x020A69,9716,STA,DP_IND_LONG_Y,UNKNOWN,0,NONE,V05C-contexts.csv,SOURCE_PROVED_NOT_YET_ADMITTED
TP07F490,04:8A6B:0:0:0,0x020A6B,C230,REP,IMM8,UNKNOWN,0|1,NONE,V05C-contexts.csv,SOURCE_PROVED_NOT_YET_ADMITTED
TP07F490,04:8A6D:0:0:0,0x020A6D,AC0B04,LDY,ABS,UNKNOWN,0|1,DBR:040B,V05C-contexts.csv,SOURCE_PROVED_NOT_YET_ADMITTED
TP07F490,04:8A70:0:0:0,0x020A70,98,TYA,IMP,UNKNOWN,UNKNOWN,NONE,V05C-contexts.csv,SOURCE_PROVED_NOT_YET_ADMITTED
TP07F490,04:8A71:0:0:0,0x020A71,A93000,LDA,IMM_M,UNKNOWN,UNKNOWN,NONE,V05C-contexts.csv,SOURCE_PROVED_NOT_YET_ADMITTED
TP07F490,04:8A74:0:0:0,0x020A74,22A78004,JSL,ABSL_JUMP,UNKNOWN,0,NONE,V05C-contexts.csv,SOURCE_PROVED_NOT_YET_ADMITTED
TP07F490,04:8A78:0:0:0,0x020A78,A8,TAY,IMP,UNKNOWN,UNKNOWN,NONE,V05C-contexts.csv,SOURCE_PROVED_NOT_YET_ADMITTED
TP07F490,04:8A79:0:0:0,0x020A79,A01A00,LDY,IMM_X,UNKNOWN,UNKNOWN,NONE,V05C-contexts.csv,SOURCE_PROVED_NOT_YET_ADMITTED
TP07F490,04:8A7C:0:0:0,0x020A7C,9716,STA,DP_IND_LONG_Y,UNKNOWN,0,NONE,V05C-contexts.csv,SOURCE_PROVED_NOT_YET_ADMITTED
TP07F490,04:8A7E:0:0:0,0x020A7E,AA,TAX,IMP,UNKNOWN,0,NONE,V05C-contexts.csv,SOURCE_PROVED_NOT_YET_ADMITTED
TP07F490,04:8A7F:0:0:0,0x020A7F,BD6108,LDA,ABS_X,UNKNOWN,UNKNOWN,DBR:0861+X,V05C-contexts.csv,SOURCE_PROVED_NOT_YET_ADMITTED
TP07F490,04:8A82:0:0:0,0x020A82,E230,SEP,IMM8,UNKNOWN,UNKNOWN,NONE,V05C-contexts.csv,SOURCE_PROVED_NOT_YET_ADMITTED
TP07F490,04:8A84:0:1:1,0x020A84,A010,LDY,IMM_X,UNKNOWN,UNKNOWN,NONE,V05C-contexts.csv,SOURCE_PROVED_NOT_YET_ADMITTED
TP07F490,04:8A86:0:1:1,0x020A86,9716,STA,DP_IND_LONG_Y,UNKNOWN,0,NONE,V05C-contexts.csv,SOURCE_PROVED_NOT_YET_ADMITTED
TP07F490,04:8A88:0:1:1,0x020A88,E230,SEP,IMM8,UNKNOWN,0,NONE,V05C-contexts.csv,SOURCE_PROVED_NOT_YET_ADMITTED
TP07F490,04:8A8A:0:1:1,0x020A8A,A901,LDA,IMM_M,UNKNOWN,0,NONE,V05C-contexts.csv,SOURCE_PROVED_NOT_YET_ADMITTED
TP07F490,04:8A8C:0:1:1,0x020A8C,A04D,LDY,IMM_X,UNKNOWN,0,NONE,V05C-contexts.csv,SOURCE_PROVED_NOT_YET_ADMITTED
TP07F490,04:8A8E:0:1:1,0x020A8E,9716,STA,DP_IND_LONG_Y,UNKNOWN,0,NONE,V05C-contexts.csv,SOURCE_PROVED_NOT_YET_ADMITTED
TP07F490,04:8A90:0:1:1,0x020A90,A90C,LDA,IMM_M,UNKNOWN,0,NONE,V05C-contexts.csv,SOURCE_PROVED_NOT_YET_ADMITTED
TP07F490,04:8A92:0:1:1,0x020A92,8D8C18,STA,ABS,UNKNOWN,0,DBR:188C,V05C-contexts.csv,SOURCE_PROVED_NOT_YET_ADMITTED
TP07F490,04:8A95:0:1:1,0x020A95,C230,REP,IMM8,UNKNOWN,0,NONE,V05C-contexts.csv,SOURCE_PROVED_NOT_YET_ADMITTED
TP07F490,04:8A97:0:0:0,0x020A97,AD1904,LDA,ABS,UNKNOWN,0,DBR:0419,V05C-contexts.csv,SOURCE_PROVED_NOT_YET_ADMITTED
TP07F490,04:8A9A:0:0:0,0x020A9A,8D8A07,STA,ABS,UNKNOWN,UNKNOWN,DBR:078A,V05C-contexts.csv,SOURCE_PROVED_NOT_YET_ADMITTED
TP07F490,04:8A9D:0:0:0,0x020A9D,AD1B04,LDA,ABS,UNKNOWN,UNKNOWN,DBR:041B,V05C-contexts.csv,SOURCE_PROVED_NOT_YET_ADMITTED
TP07F490,04:8AA0:0:0:0,0x020AA0,8D8C07,STA,ABS,UNKNOWN,UNKNOWN,DBR:078C,V05C-contexts.csv,SOURCE_PROVED_NOT_YET_ADMITTED
TP07F490,04:8AA3:0:0:0,0x020AA3,A96400,LDA,IMM_M,UNKNOWN,UNKNOWN,NONE,V05C-contexts.csv,SOURCE_PROVED_NOT_YET_ADMITTED
TP07F490,04:8AA6:0:0:0,0x020AA6,8D8E07,STA,ABS,UNKNOWN,0,DBR:078E,V05C-contexts.csv,SOURCE_PROVED_NOT_YET_ADMITTED
TP07F490,04:8AA9:0:0:0,0x020AA9,9C9007,STZ,ABS,UNKNOWN,0,DBR:0790,V05C-contexts.csv,SOURCE_PROVED_NOT_YET_ADMITTED
TP07F490,04:8AAC:0:0:0,0x020AAC,227EF807,JSL,ABSL_JUMP,UNKNOWN,0,NONE,V05C-contexts.csv,SOURCE_PROVED_NOT_YET_ADMITTED
TP07F490,04:8AB0:0:0:0,0x020AB0,A03B00,LDY,IMM_X,UNKNOWN|0|1,UNKNOWN,NONE,V05C-contexts.csv,SOURCE_PROVED_NOT_YET_ADMITTED
TP07F490,04:8AB3:0:0:0,0x020AB3,AD8E07,LDA,ABS,UNKNOWN|0|1,0,DBR:078E,V05C-contexts.csv,SOURCE_PROVED_NOT_YET_ADMITTED
TP07F490,04:8AB6:0:0:0,0x020AB6,9716,STA,DP_IND_LONG_Y,UNKNOWN|0|1,UNKNOWN,NONE,V05C-contexts.csv,SOURCE_PROVED_NOT_YET_ADMITTED
TP07F490,04:8AB8:0:0:0,0x020AB8,C230,REP,IMM8,UNKNOWN|0|1,UNKNOWN,NONE,V05C-contexts.csv,SOURCE_PROVED_NOT_YET_ADMITTED
TP07F490,04:8ABA:0:0:0,0x020ABA,A03B00,LDY,IMM_X,UNKNOWN|0|1,UNKNOWN,NONE,V05C-contexts.csv,SOURCE_PROVED_NOT_YET_ADMITTED
TP07F490,04:8ABD:0:0:0,0x020ABD,B716,LDA,DP_IND_LONG_Y,UNKNOWN|0|1,0,NONE,V05C-contexts.csv,SOURCE_PROVED_NOT_YET_ADMITTED
TP07F490,04:8ABF:0:0:0,0x020ABF,A26400,LDX,IMM_X,UNKNOWN|0|1,UNKNOWN,NONE,V05C-contexts.csv,SOURCE_PROVED_NOT_YET_ADMITTED
TP07F490,04:8AC2:0:0:0,0x020AC2,226BFA07,JSL,ABSL_JUMP,UNKNOWN|0|1,0,NONE,V05C-contexts.csv,SOURCE_PROVED_NOT_YET_ADMITTED
TP07F490,04:8AC6:0:0:0,0x020AC6,E210,SEP,IMM8,UNKNOWN|0|1,1,NONE,V05C-contexts.csv,SOURCE_PROVED_NOT_YET_ADMITTED
TP07F490,04:8AC8:0:0:1,0x020AC8,C220,REP,IMM8,UNKNOWN|0|1,1,NONE,V05C-contexts.csv,SOURCE_PROVED_NOT_YET_ADMITTED
TP07F490,04:8ACA:0:0:1,0x020ACA,A00E,LDY,IMM_X,UNKNOWN|0|1,1,NONE,V05C-contexts.csv,SOURCE_PROVED_NOT_YET_ADMITTED
TP07F490,04:8ACC:0:0:1,0x020ACC,B758,LDA,DP_IND_LONG_Y,UNKNOWN|0|1,0,NONE,V05C-contexts.csv,SOURCE_PROVED_NOT_YET_ADMITTED
TP07F490,04:8ACE:0:0:1,0x020ACE,18,CLC,IMP,UNKNOWN|0|1,UNKNOWN,NONE,V05C-contexts.csv,SOURCE_PROVED_NOT_YET_ADMITTED
TP07F490,04:8ACF:0:0:1,0x020ACF,6DA207,ADC,ABS,0,UNKNOWN,DBR:07A2,V05C-contexts.csv,SOURCE_PROVED_NOT_YET_ADMITTED
TP07F490,04:8AD2:0:0:1,0x020AD2,9758,STA,DP_IND_LONG_Y,UNKNOWN,UNKNOWN,NONE,V05C-contexts.csv,SOURCE_PROVED_NOT_YET_ADMITTED
TP07F490,04:8AD4:0:0:1,0x020AD4,A010,LDY,IMM_X,UNKNOWN,UNKNOWN,NONE,V05C-contexts.csv,SOURCE_PROVED_NOT_YET_ADMITTED
TP07F490,04:8AD6:0:0:1,0x020AD6,B758,LDA,DP_IND_LONG_Y,UNKNOWN,0,NONE,V05C-contexts.csv,SOURCE_PROVED_NOT_YET_ADMITTED
TP07F490,04:8AD8:0:0:1,0x020AD8,6DA407,ADC,ABS,UNKNOWN,UNKNOWN,DBR:07A4,V05C-contexts.csv,SOURCE_PROVED_NOT_YET_ADMITTED
TP07F490,04:8ADB:0:0:1,0x020ADB,9758,STA,DP_IND_LONG_Y,UNKNOWN,UNKNOWN,NONE,V05C-contexts.csv,SOURCE_PROVED_NOT_YET_ADMITTED
TP07F490,04:8ADD:0:0:1,0x020ADD,C230,REP,IMM8,UNKNOWN,UNKNOWN,NONE,V05C-contexts.csv,SOURCE_PROVED_NOT_YET_ADMITTED
TP07F490,04:8ADF:0:0:0,0x020ADF,AC0B04,LDY,ABS,UNKNOWN,UNKNOWN,DBR:040B,V05C-contexts.csv,SOURCE_PROVED_NOT_YET_ADMITTED
TP07F490,04:8AE2:0:0:0,0x020AE2,98,TYA,IMP,UNKNOWN,UNKNOWN,NONE,V05C-contexts.csv,SOURCE_PROVED_NOT_YET_ADMITTED
TP07F490,04:8AE3:0:0:0,0x020AE3,A93000,LDA,IMM_M,UNKNOWN,UNKNOWN,NONE,V05C-contexts.csv,SOURCE_PROVED_NOT_YET_ADMITTED
TP07F490,04:8AE6:0:0:0,0x020AE6,22A78004,JSL,ABSL_JUMP,UNKNOWN,0,NONE,V05C-contexts.csv,SOURCE_PROVED_NOT_YET_ADMITTED
TP07F490,04:8AEA:0:0:0,0x020AEA,A8,TAY,IMP,UNKNOWN,UNKNOWN,NONE,V05C-contexts.csv,SOURCE_PROVED_NOT_YET_ADMITTED
TP07F490,04:8AEB:0:0:0,0x020AEB,8D8A07,STA,ABS,UNKNOWN,UNKNOWN,DBR:078A,V05C-contexts.csv,SOURCE_PROVED_NOT_YET_ADMITTED
TP07F490,04:8AEE:0:0:0,0x020AEE,B96908,LDA,ABS_Y,UNKNOWN,UNKNOWN,NONE,V05C-contexts.csv,SOURCE_PROVED_NOT_YET_ADMITTED
TP07F490,04:8AF1:0:0:0,0x020AF1,E230,SEP,IMM8,UNKNOWN,UNKNOWN,NONE,V05C-contexts.csv,SOURCE_PROVED_NOT_YET_ADMITTED
TP07F490,04:8AF3:0:1:1,0x020AF3,A017,LDY,IMM_X,UNKNOWN,UNKNOWN,NONE,V05C-contexts.csv,SOURCE_PROVED_NOT_YET_ADMITTED
TP07F490,04:8AF5:0:1:1,0x020AF5,9716,STA,DP_IND_LONG_Y,UNKNOWN,0,NONE,V05C-contexts.csv,SOURCE_PROVED_NOT_YET_ADMITTED
TP07F490,04:8AF7:0:1:1,0x020AF7,C230,REP,IMM8,UNKNOWN,0,NONE,V05C-contexts.csv,SOURCE_PROVED_NOT_YET_ADMITTED
TP07F490,04:8AF9:0:0:0,0x020AF9,29FF00,AND,IMM_M,UNKNOWN,0,NONE,V05C-contexts.csv,SOURCE_PROVED_NOT_YET_ADMITTED
TP07F490,04:8AFC:0:0:0,0x020AFC,A01800,LDY,IMM_X,UNKNOWN,UNKNOWN,NONE,V05C-contexts.csv,SOURCE_PROVED_NOT_YET_ADMITTED
TP07F490,04:8AFF:0:0:0,0x020AFF,9716,STA,DP_IND_LONG_Y,UNKNOWN,0,NONE,V05C-contexts.csv,SOURCE_PROVED_NOT_YET_ADMITTED
TP07F490,04:8B01:0:0:0,0x020B01,AC8A07,LDY,ABS,UNKNOWN,0,DBR:078A,V05C-contexts.csv,SOURCE_PROVED_NOT_YET_ADMITTED
TP07F490,04:8B04:0:0:0,0x020B04,B95D08,LDA,ABS_Y,UNKNOWN,UNKNOWN,NONE,V05C-contexts.csv,SOURCE_PROVED_NOT_YET_ADMITTED
TP07F490,04:8B07:0:0:0,0x020B07,A03700,LDY,IMM_X,UNKNOWN,UNKNOWN,NONE,V05C-contexts.csv,SOURCE_PROVED_NOT_YET_ADMITTED
TP07F490,04:8B0A:0:0:0,0x020B0A,9716,STA,DP_IND_LONG_Y,UNKNOWN,0,NONE,V05C-contexts.csv,SOURCE_PROVED_NOT_YET_ADMITTED
TP07F490,04:8B0C:0:0:0,0x020B0C,AC8A07,LDY,ABS,UNKNOWN,0,DBR:078A,V05C-contexts.csv,SOURCE_PROVED_NOT_YET_ADMITTED
TP07F490,04:8B0F:0:0:0,0x020B0F,B95708,LDA,ABS_Y,UNKNOWN,UNKNOWN,NONE,V05C-contexts.csv,SOURCE_PROVED_NOT_YET_ADMITTED
TP07F490,04:8B12:0:0:0,0x020B12,A02900,LDY,IMM_X,UNKNOWN,UNKNOWN,NONE,V05C-contexts.csv,SOURCE_PROVED_NOT_YET_ADMITTED
TP07F490,04:8B15:0:0:0,0x020B15,9716,STA,DP_IND_LONG_Y,UNKNOWN,0,NONE,V05C-contexts.csv,SOURCE_PROVED_NOT_YET_ADMITTED
TP07F490,04:8B17:0:0:0,0x020B17,A96000,LDA,IMM_M,UNKNOWN,0,NONE,V05C-contexts.csv,SOURCE_PROVED_NOT_YET_ADMITTED
TP07F490,04:8B1A:0:0:0,0x020B1A,A02B00,LDY,IMM_X,UNKNOWN,0,NONE,V05C-contexts.csv,SOURCE_PROVED_NOT_YET_ADMITTED
TP07F490,04:8B1D:0:0:0,0x020B1D,9716,STA,DP_IND_LONG_Y,UNKNOWN,0,NONE,V05C-contexts.csv,SOURCE_PROVED_NOT_YET_ADMITTED
TP07F490,04:8B1F:0:0:0,0x020B1F,AC8A07,LDY,ABS,UNKNOWN,0,DBR:078A,V05C-contexts.csv,SOURCE_PROVED_NOT_YET_ADMITTED
TP07F490,04:8B22:0:0:0,0x020B22,B95F08,LDA,ABS_Y,UNKNOWN,UNKNOWN,NONE,V05C-contexts.csv,SOURCE_PROVED_NOT_YET_ADMITTED
TP07F490,04:8B25:0:0:0,0x020B25,A02F00,LDY,IMM_X,UNKNOWN,UNKNOWN,NONE,V05C-contexts.csv,SOURCE_PROVED_NOT_YET_ADMITTED
TP07F490,04:8B28:0:0:0,0x020B28,9716,STA,DP_IND_LONG_Y,UNKNOWN,0,NONE,V05C-contexts.csv,SOURCE_PROVED_NOT_YET_ADMITTED
TP07F490,04:8B2A:0:0:0,0x020B2A,A90000,LDA,IMM_M,UNKNOWN,0,NONE,V05C-contexts.csv,SOURCE_PROVED_NOT_YET_ADMITTED
TP07F490,04:8B2D:0:0:0,0x020B2D,A03100,LDY,IMM_X,UNKNOWN,1,NONE,V05C-contexts.csv,SOURCE_PROVED_NOT_YET_ADMITTED
TP07F490,04:8B30:0:0:0,0x020B30,9716,STA,DP_IND_LONG_Y,UNKNOWN,0,NONE,V05C-contexts.csv,SOURCE_PROVED_NOT_YET_ADMITTED
TP07F490,04:8B32:0:0:0,0x020B32,A06200,LDY,IMM_X,UNKNOWN,0,NONE,V05C-contexts.csv,SOURCE_PROVED_NOT_YET_ADMITTED
TP07F490,04:8B35:0:0:0,0x020B35,9716,STA,DP_IND_LONG_Y,UNKNOWN,0,NONE,V05C-contexts.csv,SOURCE_PROVED_NOT_YET_ADMITTED
TP07F490,04:8B37:0:0:0,0x020B37,A03D00,LDY,IMM_X,UNKNOWN,0,NONE,V05C-contexts.csv,SOURCE_PROVED_NOT_YET_ADMITTED
TP07F490,04:8B3A:0:0:0,0x020B3A,9716,STA,DP_IND_LONG_Y,UNKNOWN,0,NONE,V05C-contexts.csv,SOURCE_PROVED_NOT_YET_ADMITTED
TP07F490,04:8B3C:0:0:0,0x020B3C,A03F00,LDY,IMM_X,UNKNOWN,0,NONE,V05C-contexts.csv,SOURCE_PROVED_NOT_YET_ADMITTED
TP07F490,04:8B3F:0:0:0,0x020B3F,9716,STA,DP_IND_LONG_Y,UNKNOWN,0,NONE,V05C-contexts.csv,SOURCE_PROVED_NOT_YET_ADMITTED
TP07F490,04:8B41:0:0:0,0x020B41,A04700,LDY,IMM_X,UNKNOWN,0,NONE,V05C-contexts.csv,SOURCE_PROVED_NOT_YET_ADMITTED
TP07F490,04:8B44:0:0:0,0x020B44,9716,STA,DP_IND_LONG_Y,UNKNOWN,0,NONE,V05C-contexts.csv,SOURCE_PROVED_NOT_YET_ADMITTED
TP07F490,04:8B46:0:0:0,0x020B46,A06B00,LDY,IMM_X,UNKNOWN,0,NONE,V05C-contexts.csv,SOURCE_PROVED_NOT_YET_ADMITTED
TP07F490,04:8B49:0:0:0,0x020B49,9716,STA,DP_IND_LONG_Y,UNKNOWN,0,NONE,V05C-contexts.csv,SOURCE_PROVED_NOT_YET_ADMITTED
TP07F490,04:8B4B:0:0:0,0x020B4B,A04100,LDY,IMM_X,UNKNOWN,0,NONE,V05C-contexts.csv,SOURCE_PROVED_NOT_YET_ADMITTED
TP07F490,04:8B4E:0:0:0,0x020B4E,AD301F,LDA,ABS,UNKNOWN,0,DBR:1F30,V05C-contexts.csv,SOURCE_PROVED_NOT_YET_ADMITTED
TP07F490,04:8B51:0:0:0,0x020B51,9716,STA,DP_IND_LONG_Y,UNKNOWN,UNKNOWN,NONE,V05C-contexts.csv,SOURCE_PROVED_NOT_YET_ADMITTED
TP07F490,04:8B53:0:0:0,0x020B53,A04300,LDY,IMM_X,UNKNOWN,UNKNOWN,NONE,V05C-contexts.csv,SOURCE_PROVED_NOT_YET_ADMITTED
TP07F490,04:8B56:0:0:0,0x020B56,AD321F,LDA,ABS,UNKNOWN,0,DBR:1F32,V05C-contexts.csv,SOURCE_PROVED_NOT_YET_ADMITTED
TP07F490,04:8B59:0:0:0,0x020B59,9716,STA,DP_IND_LONG_Y,UNKNOWN,UNKNOWN,NONE,V05C-contexts.csv,SOURCE_PROVED_NOT_YET_ADMITTED
TP07F490,04:8B5B:0:0:0,0x020B5B,A2CE02,LDX,IMM_X,UNKNOWN,UNKNOWN,NONE,V05C-contexts.csv,SOURCE_PROVED_NOT_YET_ADMITTED
TP07F490,04:8B5E:0:0:0,0x020B5E,BFC29305,LDA,ABSL_X,UNKNOWN,0,05:93C2+X,V05C-contexts.csv,SOURCE_PROVED_NOT_YET_ADMITTED
TP07F490,04:8B62:0:0:0,0x020B62,A07600,LDY,IMM_X,UNKNOWN,UNKNOWN,NONE,V05C-contexts.csv,SOURCE_PROVED_NOT_YET_ADMITTED
TP07F490,04:8B65:0:0:0,0x020B65,9716,STA,DP_IND_LONG_Y,UNKNOWN,0,NONE,V05C-contexts.csv,SOURCE_PROVED_NOT_YET_ADMITTED
TP07F490,04:8B67:0:0:0,0x020B67,E210,SEP,IMM8,UNKNOWN,0,NONE,V05C-contexts.csv,SOURCE_PROVED_NOT_YET_ADMITTED
TP07F490,04:8B69:0:0:1,0x020B69,C220,REP,IMM8,UNKNOWN,0,NONE,V05C-contexts.csv,SOURCE_PROVED_NOT_YET_ADMITTED
TP07F490,04:8B6B:0:0:1,0x020B6B,AD1600,LDA,ABS,UNKNOWN,0,DBR:0016,V05C-contexts.csv,SOURCE_PROVED_NOT_YET_ADMITTED
TP07F490,04:8B6E:0:0:1,0x020B6E,8D8A07,STA,ABS,UNKNOWN,UNKNOWN,DBR:078A,V05C-contexts.csv,SOURCE_PROVED_NOT_YET_ADMITTED
TP07F490,04:8B71:0:0:1,0x020B71,AE1800,LDX,ABS,UNKNOWN,UNKNOWN,DBR:0018,V05C-contexts.csv,SOURCE_PROVED_NOT_YET_ADMITTED
TP07F490,04:8B74:0:0:1,0x020B74,8E8C07,STX,ABS,UNKNOWN,UNKNOWN,DBR:078C,V05C-contexts.csv,SOURCE_PROVED_NOT_YET_ADMITTED
TP07F490,04:8B77:0:0:1,0x020B77,A00A,LDY,IMM_X,UNKNOWN,UNKNOWN,NONE,V05C-contexts.csv,SOURCE_PROVED_NOT_YET_ADMITTED
TP07F490,04:8B79:0:0:1,0x020B79,B716,LDA,DP_IND_LONG_Y,UNKNOWN,0,NONE,V05C-contexts.csv,SOURCE_PROVED_NOT_YET_ADMITTED
TP07F490,04:8B7B:0:0:1,0x020B7B,8D8E07,STA,ABS,UNKNOWN,UNKNOWN,DBR:078E,V05C-contexts.csv,SOURCE_PROVED_NOT_YET_ADMITTED
TP07F490,04:8B7E:0:0:1,0x020B7E,A00C,LDY,IMM_X,UNKNOWN,UNKNOWN,NONE,V05C-contexts.csv,SOURCE_PROVED_NOT_YET_ADMITTED
TP07F490,04:8B80:0:0:1,0x020B80,B716,LDA,DP_IND_LONG_Y,UNKNOWN,0,NONE,V05C-contexts.csv,SOURCE_PROVED_NOT_YET_ADMITTED
TP07F490,04:8B82:0:0:1,0x020B82,8D9207,STA,ABS,UNKNOWN,UNKNOWN,DBR:0792,V05C-contexts.csv,SOURCE_PROVED_NOT_YET_ADMITTED
TP07F490,04:8B85:0:0:1,0x020B85,22308507,JSL,ABSL_JUMP,UNKNOWN,UNKNOWN,NONE,V05C-contexts.csv,SOURCE_PROVED_NOT_YET_ADMITTED
TP07F490,04:8B89:0:0:1,0x020B89,E230,SEP,IMM8,UNKNOWN,UNKNOWN,NONE,V05C-contexts.csv,SOURCE_PROVED_NOT_YET_ADMITTED
TP07F490,04:8B8B:0:1:1,0x020B8B,A092,LDY,IMM_X,UNKNOWN,UNKNOWN,NONE,V05C-contexts.csv,SOURCE_PROVED_NOT_YET_ADMITTED
TP07F490,04:8B8D:0:1:1,0x020B8D,A903,LDA,IMM_M,UNKNOWN,0,NONE,V05C-contexts.csv,SOURCE_PROVED_NOT_YET_ADMITTED
TP07F490,04:8B8F:0:1:1,0x020B8F,9716,STA,DP_IND_LONG_Y,UNKNOWN,0,NONE,V05C-contexts.csv,SOURCE_PROVED_NOT_YET_ADMITTED
TP07F490,04:8B91:0:1:1,0x020B91,A000,LDY,IMM_X,UNKNOWN,0,NONE,V05C-contexts.csv,SOURCE_PROVED_NOT_YET_ADMITTED
TP07F490,04:8B93:0:1:1,0x020B93,B716,LDA,DP_IND_LONG_Y,UNKNOWN,1,NONE,V05C-contexts.csv,SOURCE_PROVED_NOT_YET_ADMITTED
TP07F490,04:8B95:0:1:1,0x020B95,C903,CMP,IMM_M,UNKNOWN,UNKNOWN,NONE,V05C-contexts.csv,SOURCE_PROVED_NOT_YET_ADMITTED
TP07F490,04:8B97:0:1:1,0x020B97,F017,BEQ,REL8,UNKNOWN,UNKNOWN,NONE,V05C-contexts.csv,SOURCE_PROVED_NOT_YET_ADMITTED
TP07F490,04:8B99:0:1:1,0x020B99,C93F,CMP,IMM_M,UNKNOWN,0,NONE,V05C-contexts.csv,SOURCE_PROVED_NOT_YET_ADMITTED
TP07F490,04:8B9B:0:1:1,0x020B9B,F013,BEQ,REL8,UNKNOWN,UNKNOWN,NONE,V05C-contexts.csv,SOURCE_PROVED_NOT_YET_ADMITTED
TP07F490,04:8B9D:0:1:1,0x020B9D,A090,LDY,IMM_X,UNKNOWN,0,NONE,V05C-contexts.csv,SOURCE_PROVED_NOT_YET_ADMITTED
TP07F490,04:8B9F:0:1:1,0x020B9F,A901,LDA,IMM_M,UNKNOWN,0,NONE,V05C-contexts.csv,SOURCE_PROVED_NOT_YET_ADMITTED
TP07F490,04:8BA1:0:1:1,0x020BA1,9716,STA,DP_IND_LONG_Y,UNKNOWN,0,NONE,V05C-contexts.csv,SOURCE_PROVED_NOT_YET_ADMITTED
TP07F490,04:8BA3:0:1:1,0x020BA3,A091,LDY,IMM_X,UNKNOWN,0,NONE,V05C-contexts.csv,SOURCE_PROVED_NOT_YET_ADMITTED
TP07F490,04:8BA5:0:1:1,0x020BA5,A901,LDA,IMM_M,UNKNOWN,0,NONE,V05C-contexts.csv,SOURCE_PROVED_NOT_YET_ADMITTED
TP07F490,04:8BA7:0:1:1,0x020BA7,9716,STA,DP_IND_LONG_Y,UNKNOWN,0,NONE,V05C-contexts.csv,SOURCE_PROVED_NOT_YET_ADMITTED
TP07F490,04:8BA9:0:1:1,0x020BA9,C230,REP,IMM8,UNKNOWN,0,NONE,V05C-contexts.csv,SOURCE_PROVED_NOT_YET_ADMITTED
TP07F490,04:8BAB:0:0:0,0x020BAB,A91100,LDA,IMM_M,UNKNOWN,0,NONE,V05C-contexts.csv,SOURCE_PROVED_NOT_YET_ADMITTED
TP07F490,04:8BAE:0:0:0,0x020BAE,8005,BRA,REL8,UNKNOWN,0,NONE,V05C-contexts.csv,SOURCE_PROVED_NOT_YET_ADMITTED
TP07F490,04:8BB0:0:1:1,0x020BB0,C230,REP,IMM8,UNKNOWN,1,NONE,V05C-contexts.csv,SOURCE_PROVED_NOT_YET_ADMITTED
TP07F490,04:8BB2:0:0:0,0x020BB2,A90000,LDA,IMM_M,UNKNOWN,1,NONE,V05C-contexts.csv,SOURCE_PROVED_NOT_YET_ADMITTED
TP07F490,04:8BB5:0:0:0,0x020BB5,8D0A08,STA,ABS,UNKNOWN,0|1,DBR:080A,V05C-contexts.csv,SOURCE_PROVED_NOT_YET_ADMITTED
TP07F490,04:8BB8:0:0:0,0x020BB8,E230,SEP,IMM8,UNKNOWN,0|1,NONE,V05C-contexts.csv,SOURCE_PROVED_NOT_YET_ADMITTED
TP07F490,04:8BBA:0:1:1,0x020BBA,A901,LDA,IMM_M,UNKNOWN,0|1,NONE,V05C-contexts.csv,SOURCE_PROVED_NOT_YET_ADMITTED
TP07F490,04:8BBC:0:1:1,0x020BBC,8D4E07,STA,ABS,UNKNOWN,0,DBR:074E,V05C-contexts.csv,SOURCE_PROVED_NOT_YET_ADMITTED
TP07F490,04:8BBF:0:1:1,0x020BBF,C230,REP,IMM8,UNKNOWN,0,NONE,V05C-contexts.csv,SOURCE_PROVED_NOT_YET_ADMITTED
TP07F490,04:8BC1:0:0:0,0x020BC1,A90100,LDA,IMM_M,UNKNOWN,0,NONE,V05C-contexts.csv,SOURCE_PROVED_NOT_YET_ADMITTED
TP07F490,04:8BC4:0:0:0,0x020BC4,8D0C08,STA,ABS,UNKNOWN,0,DBR:080C,V05C-contexts.csv,SOURCE_PROVED_NOT_YET_ADMITTED
TP07F490,04:8BC7:0:0:0,0x020BC7,E230,SEP,IMM8,UNKNOWN,0,NONE,V05C-contexts.csv,SOURCE_PROVED_NOT_YET_ADMITTED
TP07F490,04:8BC9:0:1:1,0x020BC9,A062,LDY,IMM_X,UNKNOWN,0,NONE,V05C-contexts.csv,SOURCE_PROVED_NOT_YET_ADMITTED
TP07F490,04:8BCB:0:1:1,0x020BCB,B75B,LDA,DP_IND_LONG_Y,UNKNOWN,0,NONE,V05C-contexts.csv,SOURCE_PROVED_NOT_YET_ADMITTED
TP07F490,04:8BCD:0:1:1,0x020BCD,1A,INC,ACC,UNKNOWN,UNKNOWN,NONE,V05C-contexts.csv,SOURCE_PROVED_NOT_YET_ADMITTED
TP07F490,04:8BCE:0:1:1,0x020BCE,975B,STA,DP_IND_LONG_Y,UNKNOWN,UNKNOWN,NONE,V05C-contexts.csv,SOURCE_PROVED_NOT_YET_ADMITTED
TP07F490,04:8BD0:0:1:1,0x020BD0,C230,REP,IMM8,UNKNOWN,UNKNOWN,NONE,V05C-contexts.csv,SOURCE_PROVED_NOT_YET_ADMITTED
TP07F490,04:8BD2:0:0:0,0x020BD2,C230,REP,IMM8,UNKNOWN,UNKNOWN,NONE,V05C-contexts.csv,SOURCE_PROVED_NOT_YET_ADMITTED
TP07F490,04:8BD4:0:0:0,0x020BD4,AC0B04,LDY,ABS,UNKNOWN,UNKNOWN,DBR:040B,V05C-contexts.csv,SOURCE_PROVED_NOT_YET_ADMITTED
TP07F490,04:8BD7:0:0:0,0x020BD7,98,TYA,IMP,UNKNOWN,UNKNOWN,NONE,V05C-contexts.csv,SOURCE_PROVED_NOT_YET_ADMITTED
TP07F490,04:8BD8:0:0:0,0x020BD8,A93000,LDA,IMM_M,UNKNOWN,UNKNOWN,NONE,V05C-contexts.csv,SOURCE_PROVED_NOT_YET_ADMITTED
TP07F490,04:8BDB:0:0:0,0x020BDB,22A78004,JSL,ABSL_JUMP,UNKNOWN,0,NONE,V05C-contexts.csv,SOURCE_PROVED_NOT_YET_ADMITTED
TP07F490,04:8BDF:0:0:0,0x020BDF,A8,TAY,IMP,UNKNOWN,UNKNOWN,NONE,V05C-contexts.csv,SOURCE_PROVED_NOT_YET_ADMITTED
TP07F490,04:8BE0:0:0:0,0x020BE0,AA,TAX,IMP,UNKNOWN,UNKNOWN,NONE,V05C-contexts.csv,SOURCE_PROVED_NOT_YET_ADMITTED
TP07F490,04:8BE1:0:0:0,0x020BE1,BF5A0800,LDA,ABSL_X,UNKNOWN,UNKNOWN,00:085A+X,V05C-contexts.csv,SOURCE_PROVED_NOT_YET_ADMITTED
TP07F490,04:8BE5:0:0:0,0x020BE5,29FF00,AND,IMM_M,UNKNOWN,UNKNOWN,NONE,V05C-contexts.csv,SOURCE_PROVED_NOT_YET_ADMITTED
TP07F490,04:8BE8:0:0:0,0x020BE8,A06A00,LDY,IMM_X,UNKNOWN,UNKNOWN,NONE,V05C-contexts.csv,SOURCE_PROVED_NOT_YET_ADMITTED
TP07F490,04:8BEB:0:0:0,0x020BEB,18,CLC,IMP,UNKNOWN,0,NONE,V05C-contexts.csv,SOURCE_PROVED_NOT_YET_ADMITTED
TP07F490,04:8BEC:0:0:0,0x020BEC,775B,ADC,DP_IND_LONG_Y,0,0,NONE,V05C-contexts.csv,SOURCE_PROVED_NOT_YET_ADMITTED
TP07F490,04:8BEE:0:0:0,0x020BEE,975B,STA,DP_IND_LONG_Y,UNKNOWN,UNKNOWN,NONE,V05C-contexts.csv,SOURCE_PROVED_NOT_YET_ADMITTED
TP07F490,04:8BF0:0:0:0,0x020BF0,A06C00,LDY,IMM_X,UNKNOWN,UNKNOWN,NONE,V05C-contexts.csv,SOURCE_PROVED_NOT_YET_ADMITTED
TP07F490,04:8BF3:0:0:0,0x020BF3,B75B,LDA,DP_IND_LONG_Y,UNKNOWN,0,NONE,V05C-contexts.csv,SOURCE_PROVED_NOT_YET_ADMITTED
TP07F490,04:8BF5:0:0:0,0x020BF5,690000,ADC,IMM_M,UNKNOWN,UNKNOWN,NONE,V05C-contexts.csv,SOURCE_PROVED_NOT_YET_ADMITTED
TP07F490,04:8BF8:0:0:0,0x020BF8,975B,STA,DP_IND_LONG_Y,UNKNOWN,UNKNOWN,NONE,V05C-contexts.csv,SOURCE_PROVED_NOT_YET_ADMITTED
TP07F490,04:8BFA:0:0:0,0x020BFA,AC0B04,LDY,ABS,UNKNOWN,UNKNOWN,DBR:040B,V05C-contexts.csv,SOURCE_PROVED_NOT_YET_ADMITTED
TP07F490,04:8BFD:0:0:0,0x020BFD,98,TYA,IMP,UNKNOWN,UNKNOWN,NONE,V05C-contexts.csv,SOURCE_PROVED_NOT_YET_ADMITTED
TP07F490,04:8BFE:0:0:0,0x020BFE,A93000,LDA,IMM_M,UNKNOWN,UNKNOWN,NONE,V05C-contexts.csv,SOURCE_PROVED_NOT_YET_ADMITTED
TP07F490,04:8C01:0:0:0,0x020C01,22A78004,JSL,ABSL_JUMP,UNKNOWN,0,NONE,V05C-contexts.csv,SOURCE_PROVED_NOT_YET_ADMITTED
TP07F490,04:8C05:0:0:0,0x020C05,A8,TAY,IMP,UNKNOWN,UNKNOWN,NONE,V05C-contexts.csv,SOURCE_PROVED_NOT_YET_ADMITTED
TP07F490,04:8C06:0:0:0,0x020C06,AA,TAX,IMP,UNKNOWN,UNKNOWN,NONE,V05C-contexts.csv,SOURCE_PROVED_NOT_YET_ADMITTED
TP07F490,04:8C07:0:0:0,0x020C07,BF570800,LDA,ABSL_X,UNKNOWN,UNKNOWN,00:0857+X,V05C-contexts.csv,SOURCE_PROVED_NOT_YET_ADMITTED
TP07F490,04:8C0B:0:0:0,0x020C0B,A06E00,LDY,IMM_X,UNKNOWN,UNKNOWN,NONE,V05C-contexts.csv,SOURCE_PROVED_NOT_YET_ADMITTED
TP07F490,04:8C0E:0:0:0,0x020C0E,18,CLC,IMP,UNKNOWN,0,NONE,V05C-contexts.csv,SOURCE_PROVED_NOT_YET_ADMITTED
TP07F490,04:8C0F:0:0:0,0x020C0F,775B,ADC,DP_IND_LONG_Y,0,0,NONE,V05C-contexts.csv,SOURCE_PROVED_NOT_YET_ADMITTED
TP07F490,04:8C11:0:0:0,0x020C11,975B,STA,DP_IND_LONG_Y,UNKNOWN,UNKNOWN,NONE,V05C-contexts.csv,SOURCE_PROVED_NOT_YET_ADMITTED
TP07F490,04:8C13:0:0:0,0x020C13,E210,SEP,IMM8,UNKNOWN,UNKNOWN,NONE,V05C-contexts.csv,SOURCE_PROVED_NOT_YET_ADMITTED
TP07F490,04:8C15:0:0:1,0x020C15,C220,REP,IMM8,UNKNOWN,UNKNOWN,NONE,V05C-contexts.csv,SOURCE_PROVED_NOT_YET_ADMITTED
TP07F490,04:8C17:0:0:1,0x020C17,A01A,LDY,IMM_X,UNKNOWN,UNKNOWN,NONE,V05C-contexts.csv,SOURCE_PROVED_NOT_YET_ADMITTED
TP07F490,04:8C19:0:0:1,0x020C19,B716,LDA,DP_IND_LONG_Y,UNKNOWN,0,NONE,V05C-contexts.csv,SOURCE_PROVED_NOT_YET_ADMITTED
TP07F490,04:8C1B:0:0:1,0x020C1B,2242C300,JSL,ABSL_JUMP,UNKNOWN,UNKNOWN,NONE,V05C-contexts.csv,SOURCE_PROVED_NOT_YET_ADMITTED
TP07F490,04:8C1F:0:0:1,0x020C1F,8D6400,STA,ABS,UNKNOWN,1,DBR:0064,V05C-contexts.csv,SOURCE_PROVED_NOT_YET_ADMITTED
TP07F490,04:8C22:0:0:1,0x020C22,8E6600,STX,ABS,UNKNOWN,1,DBR:0066,V05C-contexts.csv,SOURCE_PROVED_NOT_YET_ADMITTED
TP07F490,04:8C25:0:0:1,0x020C25,E230,SEP,IMM8,UNKNOWN,1,NONE,V05C-contexts.csv,SOURCE_PROVED_NOT_YET_ADMITTED
TP07F490,04:8C27:0:1:1,0x020C27,A02B,LDY,IMM_X,UNKNOWN,1,NONE,V05C-contexts.csv,SOURCE_PROVED_NOT_YET_ADMITTED
TP07F490,04:8C29:0:1:1,0x020C29,B764,LDA,DP_IND_LONG_Y,UNKNOWN,0,NONE,V05C-contexts.csv,SOURCE_PROVED_NOT_YET_ADMITTED
TP07F490,04:8C2B:0:1:1,0x020C2B,1A,INC,ACC,UNKNOWN,UNKNOWN,NONE,V05C-contexts.csv,SOURCE_PROVED_NOT_YET_ADMITTED
TP07F490,04:8C2C:0:1:1,0x020C2C,9764,STA,DP_IND_LONG_Y,UNKNOWN,UNKNOWN,NONE,V05C-contexts.csv,SOURCE_PROVED_NOT_YET_ADMITTED
TP07F490,04:8C2E:0:1:1,0x020C2E,C230,REP,IMM8,UNKNOWN,UNKNOWN,NONE,V05C-contexts.csv,SOURCE_PROVED_NOT_YET_ADMITTED
TP07F490,04:8C30:0:0:0,0x020C30,AD1600,LDA,ABS,UNKNOWN,UNKNOWN,DBR:0016,V05C-contexts.csv,SOURCE_PROVED_NOT_YET_ADMITTED
TP07F490,04:8C33:0:0:0,0x020C33,22E4C200,JSL,ABSL_JUMP,UNKNOWN,UNKNOWN,NONE,V05C-contexts.csv,SOURCE_PROVED_NOT_YET_ADMITTED
TP07F490,04:8C37:0:0:0,0x020C37,8D3414,STA,ABS,UNKNOWN,UNKNOWN,DBR:1434,V05C-contexts.csv,SOURCE_PROVED_NOT_YET_ADMITTED
TP07F490,04:8C3A:0:0:0,0x020C3A,223FC60C,JSL,ABSL_JUMP,UNKNOWN,UNKNOWN,NONE,V05C-contexts.csv,SOURCE_PROVED_NOT_YET_ADMITTED
TP07F490,04:8C3E:0:0:0,0x020C3E,22299507,JSL,ABSL_JUMP,UNKNOWN,0,NONE,V05C-contexts.csv,SOURCE_PROVED_NOT_YET_ADMITTED
TP07F490,04:8C3E:0:0:1,0x020C3E,22299507,JSL,ABSL_JUMP,UNKNOWN|1,UNKNOWN,NONE,V05C-contexts.csv,SOURCE_PROVED_NOT_YET_ADMITTED
TP07F490,04:8C42:0:1:1,0x020C42,C230,REP,IMM8,UNKNOWN|1,0,NONE,V05C-contexts.csv,SOURCE_PROVED_NOT_YET_ADMITTED
TP07F490,04:8C44:0:0:0,0x020C44,A90100,LDA,IMM_M,UNKNOWN|1,0,NONE,V05C-contexts.csv,SOURCE_PROVED_NOT_YET_ADMITTED
TP07F490,04:8C47:0:0:0,0x020C47,8032,BRA,REL8,UNKNOWN|1,0,NONE,V05C-contexts.csv,SOURCE_PROVED_NOT_YET_ADMITTED
TP07F490,04:8C49:0:0:0,0x020C49,E230,SEP,IMM8,UNKNOWN,1,NONE,V05C-contexts.csv,SOURCE_PROVED_NOT_YET_ADMITTED
TP07F490,04:8C4B:0:1:1,0x020C4B,C230,REP,IMM8,UNKNOWN,1,NONE,V05C-contexts.csv,SOURCE_PROVED_NOT_YET_ADMITTED
TP07F490,04:8C4D:0:0:0,0x020C4D,A90200,LDA,IMM_M,UNKNOWN,1,NONE,V05C-contexts.csv,SOURCE_PROVED_NOT_YET_ADMITTED
TP07F490,04:8C50:0:0:0,0x020C50,8D8A07,STA,ABS,UNKNOWN,0,DBR:078A,V05C-contexts.csv,SOURCE_PROVED_NOT_YET_ADMITTED
TP07F490,04:8C53:0:0:0,0x020C53,9C8E07,STZ,ABS,UNKNOWN,0,DBR:078E,V05C-contexts.csv,SOURCE_PROVED_NOT_YET_ADMITTED
TP07F490,04:8C56:0:0:0,0x020C56,9C9207,STZ,ABS,UNKNOWN,0,DBR:0792,V05C-contexts.csv,SOURCE_PROVED_NOT_YET_ADMITTED
TP07F490,04:8C59:0:0:0,0x020C59,9C9407,STZ,ABS,UNKNOWN,0,DBR:0794,V05C-contexts.csv,SOURCE_PROVED_NOT_YET_ADMITTED
TP07F490,04:8C5C:0:0:0,0x020C5C,2264F70C,JSL,ABSL_JUMP,UNKNOWN,0,NONE,V05C-contexts.csv,SOURCE_PROVED_NOT_YET_ADMITTED
TP07F490,04:8C60:0:0:0,0x020C60,C230,REP,IMM8,UNKNOWN|0|1,UNKNOWN,NONE,V05C-contexts.csv,SOURCE_PROVED_NOT_YET_ADMITTED
TP07F490,04:8C62:0:0:0,0x020C62,A90000,LDA,IMM_M,UNKNOWN|0|1,UNKNOWN,NONE,V05C-contexts.csv,SOURCE_PROVED_NOT_YET_ADMITTED
TP07F490,04:8C65:0:0:0,0x020C65,8033,BRA,REL8,UNKNOWN|0|1,1,NONE,V05C-contexts.csv,SOURCE_PROVED_NOT_YET_ADMITTED
TP07F490,04:8C67:0:1:1,0x020C67,C230,REP,IMM8,0,0,NONE,V05C-contexts.csv,SOURCE_PROVED_NOT_YET_ADMITTED
TP07F490,04:8C69:0:0:0,0x020C69,A99300,LDA,IMM_M,0,0,NONE,V05C-contexts.csv,SOURCE_PROVED_NOT_YET_ADMITTED
TP07F490,04:8C6C:0:0:0,0x020C6C,18,CLC,IMP,0,0,NONE,V05C-contexts.csv,SOURCE_PROVED_NOT_YET_ADMITTED
TP07F490,04:8C6D:0:0:0,0x020C6D,6D1600,ADC,ABS,0,0,DBR:0016,V05C-contexts.csv,SOURCE_PROVED_NOT_YET_ADMITTED
TP07F490,04:8C70:0:0:0,0x020C70,8D1600,STA,ABS,UNKNOWN,UNKNOWN,DBR:0016,V05C-contexts.csv,SOURCE_PROVED_NOT_YET_ADMITTED
TP07F490,04:8C73:0:0:0,0x020C73,8288F8,BRL,REL16,UNKNOWN,UNKNOWN,NONE,V05C-contexts.csv,SOURCE_PROVED_NOT_YET_ADMITTED
TP07F490,04:8C76:0:0:0,0x020C76,C230,REP,IMM8,1,UNKNOWN,NONE,V05C-contexts.csv,SOURCE_PROVED_NOT_YET_ADMITTED
TP07F490,04:8C78:0:0:0,0x020C78,A90000,LDA,IMM_M,1,UNKNOWN,NONE,V05C-contexts.csv,SOURCE_PROVED_NOT_YET_ADMITTED
TP07F490,04:8C7B:0:0:0,0x020C7B,C90000,CMP,IMM_M,UNKNOWN|1,0|1,NONE,V05C-contexts.csv,SOURCE_PROVED_NOT_YET_ADMITTED
TP07F490,04:8C7E:0:0:0,0x020C7E,D01A,BNE,REL8,UNKNOWN,UNKNOWN,NONE,V05C-contexts.csv,SOURCE_PROVED_NOT_YET_ADMITTED
TP07F490,04:8C80:0:0:0,0x020C80,C230,REP,IMM8,UNKNOWN,1,NONE,V05C-contexts.csv,SOURCE_PROVED_NOT_YET_ADMITTED
TP07F490,04:8C82:0:0:0,0x020C82,A90700,LDA,IMM_M,UNKNOWN,1,NONE,V05C-contexts.csv,SOURCE_PROVED_NOT_YET_ADMITTED
TP07F490,04:8C85:0:0:0,0x020C85,8D8A07,STA,ABS,UNKNOWN,0,DBR:078A,V05C-contexts.csv,SOURCE_PROVED_NOT_YET_ADMITTED
TP07F490,04:8C88:0:0:0,0x020C88,9C8E07,STZ,ABS,UNKNOWN,0,DBR:078E,V05C-contexts.csv,SOURCE_PROVED_NOT_YET_ADMITTED
TP07F490,04:8C8B:0:0:0,0x020C8B,9C9207,STZ,ABS,UNKNOWN,0,DBR:0792,V05C-contexts.csv,SOURCE_PROVED_NOT_YET_ADMITTED
TP07F490,04:8C8E:0:0:0,0x020C8E,9C9407,STZ,ABS,UNKNOWN,0,DBR:0794,V05C-contexts.csv,SOURCE_PROVED_NOT_YET_ADMITTED
TP07F490,04:8C91:0:0:0,0x020C91,2264F70C,JSL,ABSL_JUMP,UNKNOWN,0,NONE,V05C-contexts.csv,SOURCE_PROVED_NOT_YET_ADMITTED
TP07F490,04:8C95:0:0:0,0x020C95,C230,REP,IMM8,UNKNOWN|0|1,UNKNOWN,NONE,V05C-contexts.csv,SOURCE_PROVED_NOT_YET_ADMITTED
TP07F490,04:8C97:0:0:0,0x020C97,A90000,LDA,IMM_M,UNKNOWN|0|1,UNKNOWN,NONE,V05C-contexts.csv,SOURCE_PROVED_NOT_YET_ADMITTED
TP07F490,04:8C9A:0:0:0,0x020C9A,8DA207,STA,ABS,UNKNOWN|0|1,UNKNOWN|0|1,DBR:07A2,V05C-contexts.csv,SOURCE_PROVED_NOT_YET_ADMITTED
TP07F490,04:8C9D:0:0:0,0x020C9D,E230,SEP,IMM8,UNKNOWN|0|1,UNKNOWN|0|1,NONE,V05C-contexts.csv,SOURCE_PROVED_NOT_YET_ADMITTED
TP07F490,04:8C9F:0:1:1,0x020C9F,68,PLA,IMP,UNKNOWN|0|1,UNKNOWN|0|1,NONE,V05C-contexts.csv,SOURCE_PROVED_NOT_YET_ADMITTED
TP07F490,04:8CA0:0:1:1,0x020CA0,8D0104,STA,ABS,UNKNOWN|0|1,UNKNOWN,DBR:0401,V05C-contexts.csv,SOURCE_PROVED_NOT_YET_ADMITTED
TP07F490,04:8CA3:0:1:1,0x020CA3,68,PLA,IMP,UNKNOWN|0|1,UNKNOWN,NONE,V05C-contexts.csv,SOURCE_PROVED_NOT_YET_ADMITTED
TP07F490,04:8CA4:0:1:1,0x020CA4,8D0004,STA,ABS,UNKNOWN|0|1,UNKNOWN,DBR:0400,V05C-contexts.csv,SOURCE_PROVED_NOT_YET_ADMITTED
TP07F490,04:8CA7:0:1:1,0x020CA7,C230,REP,IMM8,UNKNOWN|0|1,UNKNOWN,NONE,V05C-contexts.csv,SOURCE_PROVED_NOT_YET_ADMITTED
TP07F490,04:8CA9:0:0:0,0x020CA9,68,PLA,IMP,UNKNOWN|0|1,UNKNOWN,NONE,V05C-contexts.csv,SOURCE_PROVED_NOT_YET_ADMITTED
TP07F490,04:8CAA:0:0:0,0x020CAA,8D1F04,STA,ABS,UNKNOWN|0|1,UNKNOWN,DBR:041F,V05C-contexts.csv,SOURCE_PROVED_NOT_YET_ADMITTED
TP07F490,04:8CAD:0:0:0,0x020CAD,68,PLA,IMP,UNKNOWN|0|1,UNKNOWN,NONE,V05C-contexts.csv,SOURCE_PROVED_NOT_YET_ADMITTED
TP07F490,04:8CAE:0:0:0,0x020CAE,8D1D04,STA,ABS,UNKNOWN|0|1,UNKNOWN,DBR:041D,V05C-contexts.csv,SOURCE_PROVED_NOT_YET_ADMITTED
TP07F490,04:8CB1:0:0:0,0x020CB1,68,PLA,IMP,UNKNOWN|0|1,UNKNOWN,NONE,V05C-contexts.csv,SOURCE_PROVED_NOT_YET_ADMITTED
TP07F490,04:8CB2:0:0:0,0x020CB2,8D1304,STA,ABS,UNKNOWN|0|1,UNKNOWN,DBR:0413,V05C-contexts.csv,SOURCE_PROVED_NOT_YET_ADMITTED
TP07F490,04:8CB5:0:0:0,0x020CB5,68,PLA,IMP,UNKNOWN|0|1,UNKNOWN,NONE,V05C-contexts.csv,SOURCE_PROVED_NOT_YET_ADMITTED
TP07F490,04:8CB6:0:0:0,0x020CB6,8D1104,STA,ABS,UNKNOWN|0|1,UNKNOWN,DBR:0411,V05C-contexts.csv,SOURCE_PROVED_NOT_YET_ADMITTED
TP07F490,04:8CB9:0:0:0,0x020CB9,68,PLA,IMP,UNKNOWN|0|1,UNKNOWN,NONE,V05C-contexts.csv,SOURCE_PROVED_NOT_YET_ADMITTED
TP07F490,04:8CBA:0:0:0,0x020CBA,8D1B04,STA,ABS,UNKNOWN|0|1,UNKNOWN,DBR:041B,V05C-contexts.csv,SOURCE_PROVED_NOT_YET_ADMITTED
TP07F490,04:8CBD:0:0:0,0x020CBD,68,PLA,IMP,UNKNOWN|0|1,UNKNOWN,NONE,V05C-contexts.csv,SOURCE_PROVED_NOT_YET_ADMITTED
TP07F490,04:8CBE:0:0:0,0x020CBE,8D1904,STA,ABS,UNKNOWN|0|1,UNKNOWN,DBR:0419,V05C-contexts.csv,SOURCE_PROVED_NOT_YET_ADMITTED
TP07F490,04:8CC1:0:0:0,0x020CC1,68,PLA,IMP,UNKNOWN|0|1,UNKNOWN,NONE,V05C-contexts.csv,SOURCE_PROVED_NOT_YET_ADMITTED
TP07F490,04:8CC2:0:0:0,0x020CC2,8D1704,STA,ABS,UNKNOWN|0|1,UNKNOWN,DBR:0417,V05C-contexts.csv,SOURCE_PROVED_NOT_YET_ADMITTED
TP07F490,04:8CC5:0:0:0,0x020CC5,68,PLA,IMP,UNKNOWN|0|1,UNKNOWN,NONE,V05C-contexts.csv,SOURCE_PROVED_NOT_YET_ADMITTED
TP07F490,04:8CC6:0:0:0,0x020CC6,8D1504,STA,ABS,UNKNOWN|0|1,UNKNOWN,DBR:0415,V05C-contexts.csv,SOURCE_PROVED_NOT_YET_ADMITTED
TP07F490,04:8CC9:0:0:0,0x020CC9,68,PLA,IMP,UNKNOWN|0|1,UNKNOWN,NONE,V05C-contexts.csv,SOURCE_PROVED_NOT_YET_ADMITTED
TP07F490,04:8CCA:0:0:0,0x020CCA,8D0F04,STA,ABS,UNKNOWN|0|1,UNKNOWN,DBR:040F,V05C-contexts.csv,SOURCE_PROVED_NOT_YET_ADMITTED
TP07F490,04:8CCD:0:0:0,0x020CCD,68,PLA,IMP,UNKNOWN|0|1,UNKNOWN,NONE,V05C-contexts.csv,SOURCE_PROVED_NOT_YET_ADMITTED
TP07F490,04:8CCE:0:0:0,0x020CCE,8D0D04,STA,ABS,UNKNOWN|0|1,UNKNOWN,DBR:040D,V05C-contexts.csv,SOURCE_PROVED_NOT_YET_ADMITTED
TP07F490,04:8CD1:0:0:0,0x020CD1,68,PLA,IMP,UNKNOWN|0|1,UNKNOWN,NONE,V05C-contexts.csv,SOURCE_PROVED_NOT_YET_ADMITTED
TP07F490,04:8CD2:0:0:0,0x020CD2,8D0B04,STA,ABS,UNKNOWN|0|1,UNKNOWN,DBR:040B,V05C-contexts.csv,SOURCE_PROVED_NOT_YET_ADMITTED
TP07F490,04:8CD5:0:0:0,0x020CD5,68,PLA,IMP,UNKNOWN|0|1,UNKNOWN,NONE,V05C-contexts.csv,SOURCE_PROVED_NOT_YET_ADMITTED
TP07F490,04:8CD6:0:0:0,0x020CD6,8D7607,STA,ABS,UNKNOWN|0|1,UNKNOWN,DBR:0776,V05C-contexts.csv,SOURCE_PROVED_NOT_YET_ADMITTED
TP07F490,04:8CD9:0:0:0,0x020CD9,E210,SEP,IMM8,UNKNOWN|0|1,UNKNOWN,NONE,V05C-contexts.csv,SOURCE_PROVED_NOT_YET_ADMITTED
TP07F490,04:8CDB:0:0:1,0x020CDB,C220,REP,IMM8,UNKNOWN|0|1,UNKNOWN,NONE,V05C-contexts.csv,SOURCE_PROVED_NOT_YET_ADMITTED
TP07F490,04:8CDD:0:0:1,0x020CDD,FA,PLX,IMP,UNKNOWN|0|1,UNKNOWN,NONE,V05C-contexts.csv,SOURCE_PROVED_NOT_YET_ADMITTED
TP07F490,04:8CDE:0:0:1,0x020CDE,8E4800,STX,ABS,UNKNOWN|0|1,UNKNOWN,DBR:0048,V05C-contexts.csv,SOURCE_PROVED_NOT_YET_ADMITTED
TP07F490,04:8CE1:0:0:1,0x020CE1,68,PLA,IMP,UNKNOWN|0|1,UNKNOWN,NONE,V05C-contexts.csv,SOURCE_PROVED_NOT_YET_ADMITTED
TP07F490,04:8CE2:0:0:1,0x020CE2,8D4600,STA,ABS,UNKNOWN|0|1,UNKNOWN,DBR:0046,V05C-contexts.csv,SOURCE_PROVED_NOT_YET_ADMITTED
TP07F490,04:8CE5:0:0:1,0x020CE5,FA,PLX,IMP,UNKNOWN|0|1,UNKNOWN,NONE,V05C-contexts.csv,SOURCE_PROVED_NOT_YET_ADMITTED
TP07F490,04:8CE6:0:0:1,0x020CE6,8E2100,STX,ABS,UNKNOWN|0|1,UNKNOWN,DBR:0021,V05C-contexts.csv,SOURCE_PROVED_NOT_YET_ADMITTED
TP07F490,04:8CE9:0:0:1,0x020CE9,68,PLA,IMP,UNKNOWN|0|1,UNKNOWN,NONE,V05C-contexts.csv,SOURCE_PROVED_NOT_YET_ADMITTED
TP07F490,04:8CEA:0:0:1,0x020CEA,8D1F00,STA,ABS,UNKNOWN|0|1,UNKNOWN,DBR:001F,V05C-contexts.csv,SOURCE_PROVED_NOT_YET_ADMITTED
TP07F490,04:8CED:0:0:1,0x020CED,FA,PLX,IMP,UNKNOWN|0|1,UNKNOWN,NONE,V05C-contexts.csv,SOURCE_PROVED_NOT_YET_ADMITTED
TP07F490,04:8CEE:0:0:1,0x020CEE,8E1E00,STX,ABS,UNKNOWN|0|1,UNKNOWN,DBR:001E,V05C-contexts.csv,SOURCE_PROVED_NOT_YET_ADMITTED
TP07F490,04:8CF1:0:0:1,0x020CF1,68,PLA,IMP,UNKNOWN|0|1,UNKNOWN,NONE,V05C-contexts.csv,SOURCE_PROVED_NOT_YET_ADMITTED
TP07F490,04:8CF2:0:0:1,0x020CF2,8D1C00,STA,ABS,UNKNOWN|0|1,UNKNOWN,DBR:001C,V05C-contexts.csv,SOURCE_PROVED_NOT_YET_ADMITTED
TP07F490,04:8CF5:0:0:1,0x020CF5,FA,PLX,IMP,UNKNOWN|0|1,UNKNOWN,NONE,V05C-contexts.csv,SOURCE_PROVED_NOT_YET_ADMITTED
TP07F490,04:8CF6:0:0:1,0x020CF6,8E1B00,STX,ABS,UNKNOWN|0|1,UNKNOWN,DBR:001B,V05C-contexts.csv,SOURCE_PROVED_NOT_YET_ADMITTED
TP07F490,04:8CF9:0:0:1,0x020CF9,68,PLA,IMP,UNKNOWN|0|1,UNKNOWN,NONE,V05C-contexts.csv,SOURCE_PROVED_NOT_YET_ADMITTED
TP07F490,04:8CFA:0:0:1,0x020CFA,8D1900,STA,ABS,UNKNOWN|0|1,UNKNOWN,DBR:0019,V05C-contexts.csv,SOURCE_PROVED_NOT_YET_ADMITTED
TP07F490,04:8CFD:0:0:1,0x020CFD,FA,PLX,IMP,UNKNOWN|0|1,UNKNOWN,NONE,V05C-contexts.csv,SOURCE_PROVED_NOT_YET_ADMITTED
TP07F490,04:8CFE:0:0:1,0x020CFE,8E1800,STX,ABS,UNKNOWN|0|1,UNKNOWN,DBR:0018,V05C-contexts.csv,SOURCE_PROVED_NOT_YET_ADMITTED
TP07F490,04:8D01:0:0:1,0x020D01,68,PLA,IMP,UNKNOWN|0|1,UNKNOWN,NONE,V05C-contexts.csv,SOURCE_PROVED_NOT_YET_ADMITTED
TP07F490,04:8D02:0:0:1,0x020D02,8D1600,STA,ABS,UNKNOWN|0|1,UNKNOWN,DBR:0016,V05C-contexts.csv,SOURCE_PROVED_NOT_YET_ADMITTED
TP07F490,04:8D05:0:0:1,0x020D05,6B,RTL,IMP,UNKNOWN|0|1,UNKNOWN,NONE,V05C-contexts.csv,SOURCE_PROVED_NOT_YET_ADMITTED
