Family,Context,ROM_Offset,Bytes,Mnemonic,Mode,Carry_In_Facts,Zero_In_Facts,Access_Expression,Proof_Source,Admission_State
TP07F506,06:993C:0:0:0,0x03193C,E210,SEP,IMM8,UNKNOWN,1,NONE,V05C-contexts.csv,SOURCE_PROVED_NOT_YET_ADMITTED
TP07F506,06:993E:0:0:1,0x03193E,C220,REP,IMM8,UNKNOWN,1,NONE,V05C-contexts.csv,SOURCE_PROVED_NOT_YET_ADMITTED
TP07F506,06:9940:0:0:1,0x031940,AD1600,LDA,ABS,UNKNOWN,1,DBR:0016,V05C-contexts.csv,SOURCE_PROVED_NOT_YET_ADMITTED
TP07F506,06:9943:0:0:1,0x031943,48,PHA,IMP,UNKNOWN,UNKNOWN,NONE,V05C-contexts.csv,SOURCE_PROVED_NOT_YET_ADMITTED
TP07F506,06:9944:0:0:1,0x031944,AE1800,LDX,ABS,UNKNOWN,UNKNOWN,DBR:0018,V05C-contexts.csv,SOURCE_PROVED_NOT_YET_ADMITTED
TP07F506,06:9947:0:0:1,0x031947,DA,PHX,IMP,UNKNOWN,UNKNOWN,NONE,V05C-contexts.csv,SOURCE_PROVED_NOT_YET_ADMITTED
TP07F506,06:9948:0:0:1,0x031948,AD1900,LDA,ABS,UNKNOWN,UNKNOWN,DBR:0019,V05C-contexts.csv,SOURCE_PROVED_NOT_YET_ADMITTED
TP07F506,06:994B:0:0:1,0x03194B,48,PHA,IMP,UNKNOWN,UNKNOWN,NONE,V05C-contexts.csv,SOURCE_PROVED_NOT_YET_ADMITTED
TP07F506,06:994C:0:0:1,0x03194C,AE1B00,LDX,ABS,UNKNOWN,UNKNOWN,DBR:001B,V05C-contexts.csv,SOURCE_PROVED_NOT_YET_ADMITTED
TP07F506,06:994F:0:0:1,0x03194F,DA,PHX,IMP,UNKNOWN,UNKNOWN,NONE,V05C-contexts.csv,SOURCE_PROVED_NOT_YET_ADMITTED
TP07F506,06:9950:0:0:1,0x031950,AD1F00,LDA,ABS,UNKNOWN,UNKNOWN,DBR:001F,V05C-contexts.csv,SOURCE_PROVED_NOT_YET_ADMITTED
TP07F506,06:9953:0:0:1,0x031953,48,PHA,IMP,UNKNOWN,UNKNOWN,NONE,V05C-contexts.csv,SOURCE_PROVED_NOT_YET_ADMITTED
TP07F506,06:9954:0:0:1,0x031954,AE2100,LDX,ABS,UNKNOWN,UNKNOWN,DBR:0021,V05C-contexts.csv,SOURCE_PROVED_NOT_YET_ADMITTED
TP07F506,06:9957:0:0:1,0x031957,DA,PHX,IMP,UNKNOWN,UNKNOWN,NONE,V05C-contexts.csv,SOURCE_PROVED_NOT_YET_ADMITTED
TP07F506,06:9958:0:0:1,0x031958,C230,REP,IMM8,UNKNOWN,UNKNOWN,NONE,V05C-contexts.csv,SOURCE_PROVED_NOT_YET_ADMITTED
TP07F506,06:995A:0:0:0,0x03195A,AD1704,LDA,ABS,UNKNOWN,UNKNOWN,DBR:0417,V05C-contexts.csv,SOURCE_PROVED_NOT_YET_ADMITTED
TP07F506,06:995D:0:0:0,0x03195D,48,PHA,IMP,UNKNOWN,UNKNOWN,NONE,V05C-contexts.csv,SOURCE_PROVED_NOT_YET_ADMITTED
TP07F506,06:995E:0:0:0,0x03195E,AD1504,LDA,ABS,UNKNOWN,UNKNOWN,DBR:0415,V05C-contexts.csv,SOURCE_PROVED_NOT_YET_ADMITTED
TP07F506,06:9961:0:0:0,0x031961,48,PHA,IMP,UNKNOWN,UNKNOWN,NONE,V05C-contexts.csv,SOURCE_PROVED_NOT_YET_ADMITTED
TP07F506,06:9962:0:0:0,0x031962,AD0B04,LDA,ABS,UNKNOWN,UNKNOWN,DBR:040B,V05C-contexts.csv,SOURCE_PROVED_NOT_YET_ADMITTED
TP07F506,06:9965:0:0:0,0x031965,48,PHA,IMP,UNKNOWN,UNKNOWN,NONE,V05C-contexts.csv,SOURCE_PROVED_NOT_YET_ADMITTED
TP07F506,06:9966:0:0:0,0x031966,E210,SEP,IMM8,UNKNOWN,UNKNOWN,NONE,V05C-contexts.csv,SOURCE_PROVED_NOT_YET_ADMITTED
TP07F506,06:9968:0:0:1,0x031968,C220,REP,IMM8,UNKNOWN,UNKNOWN,NONE,V05C-contexts.csv,SOURCE_PROVED_NOT_YET_ADMITTED
TP07F506,06:996A:0:0:1,0x03196A,A90075,LDA,IMM_M,UNKNOWN,UNKNOWN,NONE,V05C-contexts.csv,SOURCE_PROVED_NOT_YET_ADMITTED
TP07F506,06:996D:0:0:1,0x03196D,8D1F00,STA,ABS,UNKNOWN,0,DBR:001F,V05C-contexts.csv,SOURCE_PROVED_NOT_YET_ADMITTED
TP07F506,06:9970:0:0:1,0x031970,A27E,LDX,IMM_X,UNKNOWN,0,NONE,V05C-contexts.csv,SOURCE_PROVED_NOT_YET_ADMITTED
TP07F506,06:9972:0:0:1,0x031972,8E2100,STX,ABS,UNKNOWN,0,DBR:0021,V05C-contexts.csv,SOURCE_PROVED_NOT_YET_ADMITTED
TP07F506,06:9975:0:0:1,0x031975,22069206,JSL,ABSL_JUMP,UNKNOWN,0,NONE,V05C-contexts.csv,SOURCE_PROVED_NOT_YET_ADMITTED
TP07F506,06:9979:0:0:1,0x031979,E210,SEP,IMM8,UNKNOWN|1,UNKNOWN,NONE,V05C-contexts.csv,SOURCE_PROVED_NOT_YET_ADMITTED
TP07F506,06:997B:0:0:1,0x03197B,C220,REP,IMM8,UNKNOWN|1,UNKNOWN,NONE,V05C-contexts.csv,SOURCE_PROVED_NOT_YET_ADMITTED
TP07F506,06:997D:0:0:1,0x03197D,A98300,LDA,IMM_M,UNKNOWN|1,UNKNOWN,NONE,V05C-contexts.csv,SOURCE_PROVED_NOT_YET_ADMITTED
TP07F506,06:9980:0:0:1,0x031980,8D8A07,STA,ABS,UNKNOWN|1,0,DBR:078A,V05C-contexts.csv,SOURCE_PROVED_NOT_YET_ADMITTED
TP07F506,06:9983:0:0:1,0x031983,228A8A06,JSL,ABSL_JUMP,UNKNOWN|1,0,NONE,V05C-contexts.csv,SOURCE_PROVED_NOT_YET_ADMITTED
TP07F506,06:9987:0:0:0,0x031987,E210,SEP,IMM8,UNKNOWN,UNKNOWN,NONE,V05C-contexts.csv,SOURCE_PROVED_NOT_YET_ADMITTED
TP07F506,06:9989:0:0:1,0x031989,C220,REP,IMM8,UNKNOWN,UNKNOWN,NONE,V05C-contexts.csv,SOURCE_PROVED_NOT_YET_ADMITTED
TP07F506,06:998B:0:0:1,0x03198B,ADA207,LDA,ABS,UNKNOWN,UNKNOWN,DBR:07A2,V05C-contexts.csv,SOURCE_PROVED_NOT_YET_ADMITTED
TP07F506,06:998E:0:0:1,0x03198E,AEA407,LDX,ABS,UNKNOWN,UNKNOWN,DBR:07A4,V05C-contexts.csv,SOURCE_PROVED_NOT_YET_ADMITTED
TP07F506,06:9991:0:0:1,0x031991,8D1600,STA,ABS,UNKNOWN,UNKNOWN,DBR:0016,V05C-contexts.csv,SOURCE_PROVED_NOT_YET_ADMITTED
TP07F506,06:9994:0:0:1,0x031994,8E1800,STX,ABS,UNKNOWN,UNKNOWN,DBR:0018,V05C-contexts.csv,SOURCE_PROVED_NOT_YET_ADMITTED
TP07F506,06:9997:0:0:1,0x031997,C230,REP,IMM8,UNKNOWN,UNKNOWN,NONE,V05C-contexts.csv,SOURCE_PROVED_NOT_YET_ADMITTED
TP07F506,06:9999:0:0:0,0x031999,AD351F,LDA,ABS,UNKNOWN,UNKNOWN,DBR:1F35,V05C-contexts.csv,SOURCE_PROVED_NOT_YET_ADMITTED
TP07F506,06:999C:0:0:0,0x03199C,38,SEC,IMP,UNKNOWN,UNKNOWN,NONE,V05C-contexts.csv,SOURCE_PROVED_NOT_YET_ADMITTED
TP07F506,06:999D:0:0:0,0x03199D,E90200,SBC,IMM_M,1,UNKNOWN,NONE,V05C-contexts.csv,SOURCE_PROVED_NOT_YET_ADMITTED
TP07F506,06:99A0:0:0:0,0x0319A0,8D0B04,STA,ABS,UNKNOWN,UNKNOWN,DBR:040B,V05C-contexts.csv,SOURCE_PROVED_NOT_YET_ADMITTED
TP07F506,06:99A3:0:0:0,0x0319A3,AD351F,LDA,ABS,UNKNOWN,UNKNOWN,DBR:1F35,V05C-contexts.csv,SOURCE_PROVED_NOT_YET_ADMITTED
TP07F506,06:99A6:0:0:0,0x0319A6,18,CLC,IMP,UNKNOWN,UNKNOWN,NONE,V05C-contexts.csv,SOURCE_PROVED_NOT_YET_ADMITTED
TP07F506,06:99A7:0:0:0,0x0319A7,690500,ADC,IMM_M,0,UNKNOWN,NONE,V05C-contexts.csv,SOURCE_PROVED_NOT_YET_ADMITTED
TP07F506,06:99AA:0:0:0,0x0319AA,8D1504,STA,ABS,UNKNOWN,UNKNOWN,DBR:0415,V05C-contexts.csv,SOURCE_PROVED_NOT_YET_ADMITTED
TP07F506,06:99AD:0:0:0,0x0319AD,AD0B04,LDA,ABS,UNKNOWN,UNKNOWN,DBR:040B,V05C-contexts.csv,SOURCE_PROVED_NOT_YET_ADMITTED
TP07F506,06:99B0:0:0:0,0x0319B0,18,CLC,IMP,UNKNOWN,UNKNOWN,NONE,V05C-contexts.csv,SOURCE_PROVED_NOT_YET_ADMITTED
TP07F506,06:99B1:0:0:0,0x0319B1,690200,ADC,IMM_M,0,UNKNOWN,NONE,V05C-contexts.csv,SOURCE_PROVED_NOT_YET_ADMITTED
TP07F506,06:99B4:0:0:0,0x0319B4,CD1504,CMP,ABS,UNKNOWN,UNKNOWN,DBR:0415,V05C-contexts.csv,SOURCE_PROVED_NOT_YET_ADMITTED
TP07F506,06:99B7:0:0:0,0x0319B7,9003,BCC,REL8,UNKNOWN,UNKNOWN,NONE,V05C-contexts.csv,SOURCE_PROVED_NOT_YET_ADMITTED
TP07F506,06:99B9:0:0:0,0x0319B9,82B600,BRL,REL16,1,UNKNOWN,NONE,V05C-contexts.csv,SOURCE_PROVED_NOT_YET_ADMITTED
TP07F506,06:99BC:0:0:0,0x0319BC,AD0B04,LDA,ABS,0,UNKNOWN,DBR:040B,V05C-contexts.csv,SOURCE_PROVED_NOT_YET_ADMITTED
TP07F506,06:99BF:0:0:0,0x0319BF,18,CLC,IMP,0,UNKNOWN,NONE,V05C-contexts.csv,SOURCE_PROVED_NOT_YET_ADMITTED
TP07F506,06:99C0:0:0:0,0x0319C0,690200,ADC,IMM_M,0,UNKNOWN,NONE,V05C-contexts.csv,SOURCE_PROVED_NOT_YET_ADMITTED
TP07F506,06:99C3:0:0:0,0x0319C3,C90200,CMP,IMM_M,UNKNOWN,UNKNOWN,NONE,V05C-contexts.csv,SOURCE_PROVED_NOT_YET_ADMITTED
TP07F506,06:99C6:0:0:0,0x0319C6,B003,BCS,REL8,UNKNOWN,UNKNOWN,NONE,V05C-contexts.csv,SOURCE_PROVED_NOT_YET_ADMITTED
TP07F506,06:99C8:0:0:0,0x0319C8,829700,BRL,REL16,0,UNKNOWN,NONE,V05C-contexts.csv,SOURCE_PROVED_NOT_YET_ADMITTED
TP07F506,06:99CB:0:0:0,0x0319CB,A90000,LDA,IMM_M,1,UNKNOWN,NONE,V05C-contexts.csv,SOURCE_PROVED_NOT_YET_ADMITTED
TP07F506,06:99CE:0:0:0,0x0319CE,E230,SEP,IMM8,1,1,NONE,V05C-contexts.csv,SOURCE_PROVED_NOT_YET_ADMITTED
TP07F506,06:99D0:0:1:1,0x0319D0,AD341F,LDA,ABS,1,1,DBR:1F34,V05C-contexts.csv,SOURCE_PROVED_NOT_YET_ADMITTED
TP07F506,06:99D3:0:1:1,0x0319D3,C230,REP,IMM8,1,UNKNOWN,NONE,V05C-contexts.csv,SOURCE_PROVED_NOT_YET_ADMITTED
TP07F506,06:99D5:0:0:0,0x0319D5,18,CLC,IMP,1,UNKNOWN,NONE,V05C-contexts.csv,SOURCE_PROVED_NOT_YET_ADMITTED
TP07F506,06:99D6:0:0:0,0x0319D6,690200,ADC,IMM_M,0,UNKNOWN,NONE,V05C-contexts.csv,SOURCE_PROVED_NOT_YET_ADMITTED
TP07F506,06:99D9:0:0:0,0x0319D9,8D1704,STA,ABS,UNKNOWN,UNKNOWN,DBR:0417,V05C-contexts.csv,SOURCE_PROVED_NOT_YET_ADMITTED
TP07F506,06:99DC:0:0:0,0x0319DC,AD0B04,LDA,ABS,UNKNOWN,UNKNOWN,DBR:040B,V05C-contexts.csv,SOURCE_PROVED_NOT_YET_ADMITTED
TP07F506,06:99DF:0:0:0,0x0319DF,18,CLC,IMP,UNKNOWN,UNKNOWN,NONE,V05C-contexts.csv,SOURCE_PROVED_NOT_YET_ADMITTED
TP07F506,06:99E0:0:0:0,0x0319E0,690200,ADC,IMM_M,0,UNKNOWN,NONE,V05C-contexts.csv,SOURCE_PROVED_NOT_YET_ADMITTED
TP07F506,06:99E3:0:0:0,0x0319E3,CD1704,CMP,ABS,UNKNOWN,UNKNOWN,DBR:0417,V05C-contexts.csv,SOURCE_PROVED_NOT_YET_ADMITTED
TP07F506,06:99E6:0:0:0,0x0319E6,9003,BCC,REL8,UNKNOWN,UNKNOWN,NONE,V05C-contexts.csv,SOURCE_PROVED_NOT_YET_ADMITTED
TP07F506,06:99E8:0:0:0,0x0319E8,827700,BRL,REL16,1,UNKNOWN,NONE,V05C-contexts.csv,SOURCE_PROVED_NOT_YET_ADMITTED
TP07F506,06:99EB:0:0:0,0x0319EB,C230,REP,IMM8,0,UNKNOWN,NONE,V05C-contexts.csv,SOURCE_PROVED_NOT_YET_ADMITTED
TP07F506,06:99ED:0:0:0,0x0319ED,A00000,LDY,IMM_X,0,UNKNOWN,NONE,V05C-contexts.csv,SOURCE_PROVED_NOT_YET_ADMITTED
TP07F506,06:99F0:0:0:0,0x0319F0,B716,LDA,DP_IND_LONG_Y,0,1,NONE,V05C-contexts.csv,SOURCE_PROVED_NOT_YET_ADMITTED
TP07F506,06:99F2:0:0:0,0x0319F2,29FF00,AND,IMM_M,0,UNKNOWN,NONE,V05C-contexts.csv,SOURCE_PROVED_NOT_YET_ADMITTED
TP07F506,06:99F5:0:0:0,0x0319F5,C90A00,CMP,IMM_M,0,UNKNOWN,NONE,V05C-contexts.csv,SOURCE_PROVED_NOT_YET_ADMITTED
TP07F506,06:99F8:0:0:0,0x0319F8,D003,BNE,REL8,UNKNOWN,UNKNOWN,NONE,V05C-contexts.csv,SOURCE_PROVED_NOT_YET_ADMITTED
TP07F506,06:99FA:0:0:0,0x0319FA,820300,BRL,REL16,UNKNOWN,1,NONE,V05C-contexts.csv,SOURCE_PROVED_NOT_YET_ADMITTED
TP07F506,06:99FD:0:0:0,0x0319FD,82FDFF,BRL,REL16,UNKNOWN,0,NONE,V05C-contexts.csv,SOURCE_PROVED_NOT_YET_ADMITTED
TP07F506,06:9A00:0:0:0,0x031A00,C230,REP,IMM8,UNKNOWN,1,NONE,V05C-contexts.csv,SOURCE_PROVED_NOT_YET_ADMITTED
TP07F506,06:9A02:0:0:0,0x031A02,AD0B04,LDA,ABS,UNKNOWN,1,DBR:040B,V05C-contexts.csv,SOURCE_PROVED_NOT_YET_ADMITTED
TP07F506,06:9A05:0:0:0,0x031A05,AC0B04,LDY,ABS,UNKNOWN,UNKNOWN,DBR:040B,V05C-contexts.csv,SOURCE_PROVED_NOT_YET_ADMITTED
TP07F506,06:9A08:0:0:0,0x031A08,98,TYA,IMP,UNKNOWN,UNKNOWN,NONE,V05C-contexts.csv,SOURCE_PROVED_NOT_YET_ADMITTED
TP07F506,06:9A09:0:0:0,0x031A09,A90A00,LDA,IMM_M,UNKNOWN,UNKNOWN,NONE,V05C-contexts.csv,SOURCE_PROVED_NOT_YET_ADMITTED
TP07F506,06:9A0C:0:0:0,0x031A0C,22A78004,JSL,ABSL_JUMP,UNKNOWN,0,NONE,V05C-contexts.csv,SOURCE_PROVED_NOT_YET_ADMITTED
TP07F506,06:9A10:0:0:0,0x031A10,A8,TAY,IMP,UNKNOWN,UNKNOWN,NONE,V05C-contexts.csv,SOURCE_PROVED_NOT_YET_ADMITTED
TP07F506,06:9A11:0:0:0,0x031A11,18,CLC,IMP,UNKNOWN,UNKNOWN,NONE,V05C-contexts.csv,SOURCE_PROVED_NOT_YET_ADMITTED
TP07F506,06:9A12:0:0:0,0x031A12,690200,ADC,IMM_M,0,UNKNOWN,NONE,V05C-contexts.csv,SOURCE_PROVED_NOT_YET_ADMITTED
TP07F506,06:9A15:0:0:0,0x031A15,A8,TAY,IMP,UNKNOWN,UNKNOWN,NONE,V05C-contexts.csv,SOURCE_PROVED_NOT_YET_ADMITTED
TP07F506,06:9A16:0:0:0,0x031A16,B9971D,LDA,ABS_Y,UNKNOWN,UNKNOWN,NONE,V05C-contexts.csv,SOURCE_PROVED_NOT_YET_ADMITTED
TP07F506,06:9A19:0:0:0,0x031A19,8D9207,STA,ABS,UNKNOWN,UNKNOWN,DBR:0792,V05C-contexts.csv,SOURCE_PROVED_NOT_YET_ADMITTED
TP07F506,06:9A1C:0:0:0,0x031A1C,A00100,LDY,IMM_X,UNKNOWN,UNKNOWN,NONE,V05C-contexts.csv,SOURCE_PROVED_NOT_YET_ADMITTED
TP07F506,06:9A1F:0:0:0,0x031A1F,B716,LDA,DP_IND_LONG_Y,UNKNOWN,0,NONE,V05C-contexts.csv,SOURCE_PROVED_NOT_YET_ADMITTED
TP07F506,06:9A21:0:0:0,0x031A21,4A,LSR,ACC,UNKNOWN,UNKNOWN,NONE,V05C-contexts.csv,SOURCE_PROVED_NOT_YET_ADMITTED
TP07F506,06:9A22:0:0:0,0x031A22,1A,INC,ACC,UNKNOWN,UNKNOWN,NONE,V05C-contexts.csv,SOURCE_PROVED_NOT_YET_ADMITTED
TP07F506,06:9A23:0:0:0,0x031A23,8D8A07,STA,ABS,UNKNOWN,UNKNOWN,DBR:078A,V05C-contexts.csv,SOURCE_PROVED_NOT_YET_ADMITTED
TP07F506,06:9A26:0:0:0,0x031A26,A00300,LDY,IMM_X,UNKNOWN,UNKNOWN,NONE,V05C-contexts.csv,SOURCE_PROVED_NOT_YET_ADMITTED
TP07F506,06:9A29:0:0:0,0x031A29,B716,LDA,DP_IND_LONG_Y,UNKNOWN,0,NONE,V05C-contexts.csv,SOURCE_PROVED_NOT_YET_ADMITTED
TP07F506,06:9A2B:0:0:0,0x031A2B,1A,INC,ACC,UNKNOWN,UNKNOWN,NONE,V05C-contexts.csv,SOURCE_PROVED_NOT_YET_ADMITTED
TP07F506,06:9A2C:0:0:0,0x031A2C,8D8E07,STA,ABS,UNKNOWN,UNKNOWN,DBR:078E,V05C-contexts.csv,SOURCE_PROVED_NOT_YET_ADMITTED
TP07F506,06:9A2F:0:0:0,0x031A2F,AD0A07,LDA,ABS,UNKNOWN,UNKNOWN,DBR:070A,V05C-contexts.csv,SOURCE_PROVED_NOT_YET_ADMITTED
TP07F506,06:9A32:0:0:0,0x031A32,C99A00,CMP,IMM_M,UNKNOWN,UNKNOWN,NONE,V05C-contexts.csv,SOURCE_PROVED_NOT_YET_ADMITTED
TP07F506,06:9A35:0:0:0,0x031A35,D006,BNE,REL8,UNKNOWN,UNKNOWN,NONE,V05C-contexts.csv,SOURCE_PROVED_NOT_YET_ADMITTED
TP07F506,06:9A37:0:0:0,0x031A37,A90200,LDA,IMM_M,UNKNOWN,1,NONE,V05C-contexts.csv,SOURCE_PROVED_NOT_YET_ADMITTED
TP07F506,06:9A3A:0:0:0,0x031A3A,821E00,BRL,REL16,UNKNOWN,0,NONE,V05C-contexts.csv,SOURCE_PROVED_NOT_YET_ADMITTED
TP07F506,06:9A3D:0:0:0,0x031A3D,C99E00,CMP,IMM_M,UNKNOWN,0,NONE,V05C-contexts.csv,SOURCE_PROVED_NOT_YET_ADMITTED
TP07F506,06:9A40:0:0:0,0x031A40,D006,BNE,REL8,UNKNOWN,UNKNOWN,NONE,V05C-contexts.csv,SOURCE_PROVED_NOT_YET_ADMITTED
TP07F506,06:9A42:0:0:0,0x031A42,A90300,LDA,IMM_M,UNKNOWN,1,NONE,V05C-contexts.csv,SOURCE_PROVED_NOT_YET_ADMITTED
TP07F506,06:9A45:0:0:0,0x031A45,821300,BRL,REL16,UNKNOWN,0,NONE,V05C-contexts.csv,SOURCE_PROVED_NOT_YET_ADMITTED
TP07F506,06:9A48:0:0:0,0x031A48,C9A000,CMP,IMM_M,UNKNOWN,0,NONE,V05C-contexts.csv,SOURCE_PROVED_NOT_YET_ADMITTED
TP07F506,06:9A4B:0:0:0,0x031A4B,D006,BNE,REL8,UNKNOWN,UNKNOWN,NONE,V05C-contexts.csv,SOURCE_PROVED_NOT_YET_ADMITTED
TP07F506,06:9A4D:0:0:0,0x031A4D,A90500,LDA,IMM_M,UNKNOWN,1,NONE,V05C-contexts.csv,SOURCE_PROVED_NOT_YET_ADMITTED
TP07F506,06:9A50:0:0:0,0x031A50,820800,BRL,REL16,UNKNOWN,0,NONE,V05C-contexts.csv,SOURCE_PROVED_NOT_YET_ADMITTED
TP07F506,06:9A53:0:0:0,0x031A53,C9A200,CMP,IMM_M,UNKNOWN,0,NONE,V05C-contexts.csv,SOURCE_PROVED_NOT_YET_ADMITTED
TP07F506,06:9A56:0:0:0,0x031A56,D003,BNE,REL8,UNKNOWN,UNKNOWN,NONE,V05C-contexts.csv,SOURCE_PROVED_NOT_YET_ADMITTED
TP07F506,06:9A58:0:0:0,0x031A58,A90400,LDA,IMM_M,UNKNOWN,1,NONE,V05C-contexts.csv,SOURCE_PROVED_NOT_YET_ADMITTED
TP07F506,06:9A5B:0:0:0,0x031A5B,8D9607,STA,ABS,UNKNOWN,0,DBR:0796,V05C-contexts.csv,SOURCE_PROVED_NOT_YET_ADMITTED
TP07F506,06:9A5E:0:0:0,0x031A5E,22B6E506,JSL,ABSL_JUMP,UNKNOWN,0,NONE,V05C-contexts.csv,SOURCE_PROVED_NOT_YET_ADMITTED
TP07F506,06:9A62:0:0:0,0x031A62,AD1600,LDA,ABS,0|1,UNKNOWN,DBR:0016,V05C-contexts.csv,SOURCE_PROVED_NOT_YET_ADMITTED
TP07F506,06:9A65:0:0:0,0x031A65,18,CLC,IMP,0|1,UNKNOWN,NONE,V05C-contexts.csv,SOURCE_PROVED_NOT_YET_ADMITTED
TP07F506,06:9A66:0:0:0,0x031A66,690B00,ADC,IMM_M,0,UNKNOWN,NONE,V05C-contexts.csv,SOURCE_PROVED_NOT_YET_ADMITTED
TP07F506,06:9A69:0:0:0,0x031A69,8D1600,STA,ABS,UNKNOWN,UNKNOWN,DBR:0016,V05C-contexts.csv,SOURCE_PROVED_NOT_YET_ADMITTED
TP07F506,06:9A6C:0:0:0,0x031A6C,EE0B04,INC,ABS,UNKNOWN,UNKNOWN,DBR:040B,V05C-contexts.csv,SOURCE_PROVED_NOT_YET_ADMITTED
TP07F506,06:9A6F:0:0:0,0x031A6F,8231FF,BRL,REL16,UNKNOWN,UNKNOWN,NONE,V05C-contexts.csv,SOURCE_PROVED_NOT_YET_ADMITTED
TP07F506,06:9A72:0:0:0,0x031A72,AC351F,LDY,ABS,1,UNKNOWN,DBR:1F35,V05C-contexts.csv,SOURCE_PROVED_NOT_YET_ADMITTED
TP07F506,06:9A75:0:0:0,0x031A75,29FF00,AND,IMM_M,1,UNKNOWN,NONE,V05C-contexts.csv,SOURCE_PROVED_NOT_YET_ADMITTED
TP07F506,06:9A78:0:0:0,0x031A78,98,TYA,IMP,1,UNKNOWN,NONE,V05C-contexts.csv,SOURCE_PROVED_NOT_YET_ADMITTED
TP07F506,06:9A79:0:0:0,0x031A79,A90A00,LDA,IMM_M,1,UNKNOWN,NONE,V05C-contexts.csv,SOURCE_PROVED_NOT_YET_ADMITTED
TP07F506,06:9A7C:0:0:0,0x031A7C,22A78004,JSL,ABSL_JUMP,1,0,NONE,V05C-contexts.csv,SOURCE_PROVED_NOT_YET_ADMITTED
TP07F506,06:9A80:0:0:0,0x031A80,A8,TAY,IMP,UNKNOWN,UNKNOWN,NONE,V05C-contexts.csv,SOURCE_PROVED_NOT_YET_ADMITTED
TP07F506,06:9A81:0:0:0,0x031A81,18,CLC,IMP,UNKNOWN,UNKNOWN,NONE,V05C-contexts.csv,SOURCE_PROVED_NOT_YET_ADMITTED
TP07F506,06:9A82:0:0:0,0x031A82,690800,ADC,IMM_M,0,UNKNOWN,NONE,V05C-contexts.csv,SOURCE_PROVED_NOT_YET_ADMITTED
TP07F506,06:9A85:0:0:0,0x031A85,A8,TAY,IMP,UNKNOWN,UNKNOWN,NONE,V05C-contexts.csv,SOURCE_PROVED_NOT_YET_ADMITTED
TP07F506,06:9A86:0:0:0,0x031A86,B9971D,LDA,ABS_Y,UNKNOWN,UNKNOWN,NONE,V05C-contexts.csv,SOURCE_PROVED_NOT_YET_ADMITTED
TP07F506,06:9A89:0:0:0,0x031A89,29FF00,AND,IMM_M,UNKNOWN,UNKNOWN,NONE,V05C-contexts.csv,SOURCE_PROVED_NOT_YET_ADMITTED
TP07F506,06:9A8C:0:0:0,0x031A8C,A8,TAY,IMP,UNKNOWN,UNKNOWN,NONE,V05C-contexts.csv,SOURCE_PROVED_NOT_YET_ADMITTED
TP07F506,06:9A8D:0:0:0,0x031A8D,98,TYA,IMP,UNKNOWN,UNKNOWN,NONE,V05C-contexts.csv,SOURCE_PROVED_NOT_YET_ADMITTED
TP07F506,06:9A8E:0:0:0,0x031A8E,A93000,LDA,IMM_M,UNKNOWN,UNKNOWN,NONE,V05C-contexts.csv,SOURCE_PROVED_NOT_YET_ADMITTED
TP07F506,06:9A91:0:0:0,0x031A91,22A78004,JSL,ABSL_JUMP,UNKNOWN,0,NONE,V05C-contexts.csv,SOURCE_PROVED_NOT_YET_ADMITTED
TP07F506,06:9A95:0:0:0,0x031A95,A8,TAY,IMP,UNKNOWN,UNKNOWN,NONE,V05C-contexts.csv,SOURCE_PROVED_NOT_YET_ADMITTED
TP07F506,06:9A96:0:0:0,0x031A96,18,CLC,IMP,UNKNOWN,UNKNOWN,NONE,V05C-contexts.csv,SOURCE_PROVED_NOT_YET_ADMITTED
TP07F506,06:9A97:0:0:0,0x031A97,690800,ADC,IMM_M,0,UNKNOWN,NONE,V05C-contexts.csv,SOURCE_PROVED_NOT_YET_ADMITTED
TP07F506,06:9A9A:0:0:0,0x031A9A,A8,TAY,IMP,UNKNOWN,UNKNOWN,NONE,V05C-contexts.csv,SOURCE_PROVED_NOT_YET_ADMITTED
TP07F506,06:9A9B:0:0:0,0x031A9B,B94D08,LDA,ABS_Y,UNKNOWN,UNKNOWN,NONE,V05C-contexts.csv,SOURCE_PROVED_NOT_YET_ADMITTED
TP07F506,06:9A9E:0:0:0,0x031A9E,8D8A07,STA,ABS,UNKNOWN,UNKNOWN,DBR:078A,V05C-contexts.csv,SOURCE_PROVED_NOT_YET_ADMITTED
TP07F506,06:9AA1:0:0:0,0x031AA1,9C8C07,STZ,ABS,UNKNOWN,UNKNOWN,DBR:078C,V05C-contexts.csv,SOURCE_PROVED_NOT_YET_ADMITTED
TP07F506,06:9AA4:0:0:0,0x031AA4,2251B10C,JSL,ABSL_JUMP,UNKNOWN,UNKNOWN,NONE,V05C-contexts.csv,SOURCE_PROVED_NOT_YET_ADMITTED
TP07F506,06:9AA8:0:0:0,0x031AA8,C230,REP,IMM8,UNKNOWN,0|1,NONE,V05C-contexts.csv,SOURCE_PROVED_NOT_YET_ADMITTED
TP07F506,06:9AAA:0:0:0,0x031AAA,A90038,LDA,IMM_M,UNKNOWN,0|1,NONE,V05C-contexts.csv,SOURCE_PROVED_NOT_YET_ADMITTED
TP07F506,06:9AAD:0:0:0,0x031AAD,AEA207,LDX,ABS,UNKNOWN,0,DBR:07A2,V05C-contexts.csv,SOURCE_PROVED_NOT_YET_ADMITTED
TP07F506,06:9AB0:0:0:0,0x031AB0,F003,BEQ,REL8,UNKNOWN,UNKNOWN,NONE,V05C-contexts.csv,SOURCE_PROVED_NOT_YET_ADMITTED
TP07F506,06:9AB2:0:0:0,0x031AB2,A9003C,LDA,IMM_M,UNKNOWN,0,NONE,V05C-contexts.csv,SOURCE_PROVED_NOT_YET_ADMITTED
TP07F506,06:9AB5:0:0:0,0x031AB5,8D9E07,STA,ABS,UNKNOWN,0|1,DBR:079E,V05C-contexts.csv,SOURCE_PROVED_NOT_YET_ADMITTED
TP07F506,06:9AB8:0:0:0,0x031AB8,A00100,LDY,IMM_X,UNKNOWN,0|1,NONE,V05C-contexts.csv,SOURCE_PROVED_NOT_YET_ADMITTED
TP07F506,06:9ABB:0:0:0,0x031ABB,B716,LDA,DP_IND_LONG_Y,UNKNOWN,0,NONE,V05C-contexts.csv,SOURCE_PROVED_NOT_YET_ADMITTED
TP07F506,06:9ABD:0:0:0,0x031ABD,18,CLC,IMP,UNKNOWN,UNKNOWN,NONE,V05C-contexts.csv,SOURCE_PROVED_NOT_YET_ADMITTED
TP07F506,06:9ABE:0:0:0,0x031ABE,690200,ADC,IMM_M,0,UNKNOWN,NONE,V05C-contexts.csv,SOURCE_PROVED_NOT_YET_ADMITTED
TP07F506,06:9AC1:0:0:0,0x031AC1,8D8A07,STA,ABS,UNKNOWN,UNKNOWN,DBR:078A,V05C-contexts.csv,SOURCE_PROVED_NOT_YET_ADMITTED
TP07F506,06:9AC4:0:0:0,0x031AC4,A20B00,LDX,IMM_X,UNKNOWN,UNKNOWN,NONE,V05C-contexts.csv,SOURCE_PROVED_NOT_YET_ADMITTED
TP07F506,06:9AC7:0:0:0,0x031AC7,8E8C07,STX,ABS,UNKNOWN,0,DBR:078C,V05C-contexts.csv,SOURCE_PROVED_NOT_YET_ADMITTED
TP07F506,06:9ACA:0:0:0,0x031ACA,A00300,LDY,IMM_X,UNKNOWN,0,NONE,V05C-contexts.csv,SOURCE_PROVED_NOT_YET_ADMITTED
TP07F506,06:9ACD:0:0:0,0x031ACD,B716,LDA,DP_IND_LONG_Y,UNKNOWN,0,NONE,V05C-contexts.csv,SOURCE_PROVED_NOT_YET_ADMITTED
TP07F506,06:9ACF:0:0:0,0x031ACF,1A,INC,ACC,UNKNOWN,UNKNOWN,NONE,V05C-contexts.csv,SOURCE_PROVED_NOT_YET_ADMITTED
TP07F506,06:9AD0:0:0:0,0x031AD0,8D8E07,STA,ABS,UNKNOWN,UNKNOWN,DBR:078E,V05C-contexts.csv,SOURCE_PROVED_NOT_YET_ADMITTED
TP07F506,06:9AD3:0:0:0,0x031AD3,AC351F,LDY,ABS,UNKNOWN,UNKNOWN,DBR:1F35,V05C-contexts.csv,SOURCE_PROVED_NOT_YET_ADMITTED
TP07F506,06:9AD6:0:0:0,0x031AD6,98,TYA,IMP,UNKNOWN,UNKNOWN,NONE,V05C-contexts.csv,SOURCE_PROVED_NOT_YET_ADMITTED
TP07F506,06:9AD7:0:0:0,0x031AD7,A90A00,LDA,IMM_M,UNKNOWN,UNKNOWN,NONE,V05C-contexts.csv,SOURCE_PROVED_NOT_YET_ADMITTED
TP07F506,06:9ADA:0:0:0,0x031ADA,22A78004,JSL,ABSL_JUMP,UNKNOWN,0,NONE,V05C-contexts.csv,SOURCE_PROVED_NOT_YET_ADMITTED
TP07F506,06:9ADE:0:0:0,0x031ADE,A8,TAY,IMP,UNKNOWN,UNKNOWN,NONE,V05C-contexts.csv,SOURCE_PROVED_NOT_YET_ADMITTED
TP07F506,06:9ADF:0:0:0,0x031ADF,18,CLC,IMP,UNKNOWN,UNKNOWN,NONE,V05C-contexts.csv,SOURCE_PROVED_NOT_YET_ADMITTED
TP07F506,06:9AE0:0:0:0,0x031AE0,690000,ADC,IMM_M,0,UNKNOWN,NONE,V05C-contexts.csv,SOURCE_PROVED_NOT_YET_ADMITTED
TP07F506,06:9AE3:0:0:0,0x031AE3,A8,TAY,IMP,UNKNOWN,UNKNOWN,NONE,V05C-contexts.csv,SOURCE_PROVED_NOT_YET_ADMITTED
TP07F506,06:9AE4:0:0:0,0x031AE4,B9971D,LDA,ABS_Y,UNKNOWN,UNKNOWN,NONE,V05C-contexts.csv,SOURCE_PROVED_NOT_YET_ADMITTED
TP07F506,06:9AE7:0:0:0,0x031AE7,0A,ASL,ACC,UNKNOWN,UNKNOWN,NONE,V05C-contexts.csv,SOURCE_PROVED_NOT_YET_ADMITTED
TP07F506,06:9AE8:0:0:0,0x031AE8,8D9207,STA,ABS,UNKNOWN,UNKNOWN,DBR:0792,V05C-contexts.csv,SOURCE_PROVED_NOT_YET_ADMITTED
TP07F506,06:9AEB:0:0:0,0x031AEB,E210,SEP,IMM8,UNKNOWN,UNKNOWN,NONE,V05C-contexts.csv,SOURCE_PROVED_NOT_YET_ADMITTED
TP07F506,06:9AED:0:0:1,0x031AED,C220,REP,IMM8,UNKNOWN,UNKNOWN,NONE,V05C-contexts.csv,SOURCE_PROVED_NOT_YET_ADMITTED
TP07F506,06:9AEF:0:0:1,0x031AEF,ADCF06,LDA,ABS,UNKNOWN,UNKNOWN,DBR:06CF,V05C-contexts.csv,SOURCE_PROVED_NOT_YET_ADMITTED
TP07F506,06:9AF2:0:0:1,0x031AF2,8D1900,STA,ABS,UNKNOWN,UNKNOWN,DBR:0019,V05C-contexts.csv,SOURCE_PROVED_NOT_YET_ADMITTED
TP07F506,06:9AF5:0:0:1,0x031AF5,AED106,LDX,ABS,UNKNOWN,UNKNOWN,DBR:06D1,V05C-contexts.csv,SOURCE_PROVED_NOT_YET_ADMITTED
TP07F506,06:9AF8:0:0:1,0x031AF8,8E1B00,STX,ABS,UNKNOWN,UNKNOWN,DBR:001B,V05C-contexts.csv,SOURCE_PROVED_NOT_YET_ADMITTED
TP07F506,06:9AFB:0:0:1,0x031AFB,C230,REP,IMM8,UNKNOWN,UNKNOWN,NONE,V05C-contexts.csv,SOURCE_PROVED_NOT_YET_ADMITTED
TP07F506,06:9AFD:0:0:0,0x031AFD,AC9207,LDY,ABS,UNKNOWN,UNKNOWN,DBR:0792,V05C-contexts.csv,SOURCE_PROVED_NOT_YET_ADMITTED
TP07F506,06:9B00:0:0:0,0x031B00,B719,LDA,DP_IND_LONG_Y,UNKNOWN,UNKNOWN,NONE,V05C-contexts.csv,SOURCE_PROVED_NOT_YET_ADMITTED
TP07F506,06:9B02:0:0:0,0x031B02,8D9207,STA,ABS,UNKNOWN,UNKNOWN,DBR:0792,V05C-contexts.csv,SOURCE_PROVED_NOT_YET_ADMITTED
TP07F506,06:9B05:0:0:0,0x031B05,E210,SEP,IMM8,UNKNOWN,UNKNOWN,NONE,V05C-contexts.csv,SOURCE_PROVED_NOT_YET_ADMITTED
TP07F506,06:9B07:0:0:1,0x031B07,C220,REP,IMM8,UNKNOWN,UNKNOWN,NONE,V05C-contexts.csv,SOURCE_PROVED_NOT_YET_ADMITTED
TP07F506,06:9B09:0:0:1,0x031B09,AED106,LDX,ABS,UNKNOWN,UNKNOWN,DBR:06D1,V05C-contexts.csv,SOURCE_PROVED_NOT_YET_ADMITTED
TP07F506,06:9B0C:0:0:1,0x031B0C,8E9407,STX,ABS,UNKNOWN,UNKNOWN,DBR:0794,V05C-contexts.csv,SOURCE_PROVED_NOT_YET_ADMITTED
TP07F506,06:9B0F:0:0:1,0x031B0F,A91100,LDA,IMM_M,UNKNOWN,UNKNOWN,NONE,V05C-contexts.csv,SOURCE_PROVED_NOT_YET_ADMITTED
TP07F506,06:9B12:0:0:1,0x031B12,8D9607,STA,ABS,UNKNOWN,0,DBR:0796,V05C-contexts.csv,SOURCE_PROVED_NOT_YET_ADMITTED
TP07F506,06:9B15:0:0:1,0x031B15,22AFDD01,JSL,ABSL_JUMP,UNKNOWN,0,NONE,V05C-contexts.csv,SOURCE_PROVED_NOT_YET_ADMITTED
TP07F506,06:9B19:0:0:1,0x031B19,AD9E07,LDA,ABS,UNKNOWN,UNKNOWN,DBR:079E,V05C-contexts.csv,SOURCE_PROVED_NOT_YET_ADMITTED
TP07F506,06:9B1C:0:0:1,0x031B1C,8D9607,STA,ABS,UNKNOWN,UNKNOWN,DBR:0796,V05C-contexts.csv,SOURCE_PROVED_NOT_YET_ADMITTED
TP07F506,06:9B1F:0:0:1,0x031B1F,224AA306,JSL,ABSL_JUMP,UNKNOWN,UNKNOWN,NONE,V05C-contexts.csv,SOURCE_PROVED_NOT_YET_ADMITTED
TP07F506,06:9B23:0:0:0,0x031B23,E210,SEP,IMM8,UNKNOWN,UNKNOWN,NONE,V05C-contexts.csv,SOURCE_PROVED_NOT_YET_ADMITTED
TP07F506,06:9B25:0:0:1,0x031B25,C220,REP,IMM8,UNKNOWN,UNKNOWN,NONE,V05C-contexts.csv,SOURCE_PROVED_NOT_YET_ADMITTED
TP07F506,06:9B27:0:0:1,0x031B27,A99900,LDA,IMM_M,UNKNOWN,UNKNOWN,NONE,V05C-contexts.csv,SOURCE_PROVED_NOT_YET_ADMITTED
TP07F506,06:9B2A:0:0:1,0x031B2A,8D8A07,STA,ABS,UNKNOWN,0,DBR:078A,V05C-contexts.csv,SOURCE_PROVED_NOT_YET_ADMITTED
TP07F506,06:9B2D:0:0:1,0x031B2D,228A8A06,JSL,ABSL_JUMP,UNKNOWN,0,NONE,V05C-contexts.csv,SOURCE_PROVED_NOT_YET_ADMITTED
TP07F506,06:9B31:0:0:0,0x031B31,E230,SEP,IMM8,UNKNOWN,UNKNOWN,NONE,V05C-contexts.csv,SOURCE_PROVED_NOT_YET_ADMITTED
TP07F506,06:9B33:0:1:1,0x031B33,AD0A07,LDA,ABS,UNKNOWN,UNKNOWN,DBR:070A,V05C-contexts.csv,SOURCE_PROVED_NOT_YET_ADMITTED
TP07F506,06:9B36:0:1:1,0x031B36,C99A,CMP,IMM_M,UNKNOWN,UNKNOWN,NONE,V05C-contexts.csv,SOURCE_PROVED_NOT_YET_ADMITTED
TP07F506,06:9B38:0:1:1,0x031B38,F003,BEQ,REL8,UNKNOWN,UNKNOWN,NONE,V05C-contexts.csv,SOURCE_PROVED_NOT_YET_ADMITTED
TP07F506,06:9B3A:0:1:1,0x031B3A,825A02,BRL,REL16,UNKNOWN,0,NONE,V05C-contexts.csv,SOURCE_PROVED_NOT_YET_ADMITTED
TP07F506,06:9B3D:0:1:1,0x031B3D,C230,REP,IMM8,UNKNOWN,1,NONE,V05C-contexts.csv,SOURCE_PROVED_NOT_YET_ADMITTED
TP07F506,06:9B3F:0:0:0,0x031B3F,AC351F,LDY,ABS,UNKNOWN,1,DBR:1F35,V05C-contexts.csv,SOURCE_PROVED_NOT_YET_ADMITTED
TP07F506,06:9B42:0:0:0,0x031B42,29FF00,AND,IMM_M,UNKNOWN,UNKNOWN,NONE,V05C-contexts.csv,SOURCE_PROVED_NOT_YET_ADMITTED
TP07F506,06:9B45:0:0:0,0x031B45,98,TYA,IMP,UNKNOWN,UNKNOWN,NONE,V05C-contexts.csv,SOURCE_PROVED_NOT_YET_ADMITTED
TP07F506,06:9B46:0:0:0,0x031B46,A90A00,LDA,IMM_M,UNKNOWN,UNKNOWN,NONE,V05C-contexts.csv,SOURCE_PROVED_NOT_YET_ADMITTED
TP07F506,06:9B49:0:0:0,0x031B49,22A78004,JSL,ABSL_JUMP,UNKNOWN,0,NONE,V05C-contexts.csv,SOURCE_PROVED_NOT_YET_ADMITTED
TP07F506,06:9B4D:0:0:0,0x031B4D,A8,TAY,IMP,UNKNOWN,UNKNOWN,NONE,V05C-contexts.csv,SOURCE_PROVED_NOT_YET_ADMITTED
TP07F506,06:9B4E:0:0:0,0x031B4E,18,CLC,IMP,UNKNOWN,UNKNOWN,NONE,V05C-contexts.csv,SOURCE_PROVED_NOT_YET_ADMITTED
TP07F506,06:9B4F:0:0:0,0x031B4F,690800,ADC,IMM_M,0,UNKNOWN,NONE,V05C-contexts.csv,SOURCE_PROVED_NOT_YET_ADMITTED
TP07F506,06:9B52:0:0:0,0x031B52,A8,TAY,IMP,UNKNOWN,UNKNOWN,NONE,V05C-contexts.csv,SOURCE_PROVED_NOT_YET_ADMITTED
TP07F506,06:9B53:0:0:0,0x031B53,B9971D,LDA,ABS_Y,UNKNOWN,UNKNOWN,NONE,V05C-contexts.csv,SOURCE_PROVED_NOT_YET_ADMITTED
TP07F506,06:9B56:0:0:0,0x031B56,29FF00,AND,IMM_M,UNKNOWN,UNKNOWN,NONE,V05C-contexts.csv,SOURCE_PROVED_NOT_YET_ADMITTED
TP07F506,06:9B59:0:0:0,0x031B59,A8,TAY,IMP,UNKNOWN,UNKNOWN,NONE,V05C-contexts.csv,SOURCE_PROVED_NOT_YET_ADMITTED
TP07F506,06:9B5A:0:0:0,0x031B5A,98,TYA,IMP,UNKNOWN,UNKNOWN,NONE,V05C-contexts.csv,SOURCE_PROVED_NOT_YET_ADMITTED
TP07F506,06:9B5B:0:0:0,0x031B5B,A93000,LDA,IMM_M,UNKNOWN,UNKNOWN,NONE,V05C-contexts.csv,SOURCE_PROVED_NOT_YET_ADMITTED
TP07F506,06:9B5E:0:0:0,0x031B5E,22A78004,JSL,ABSL_JUMP,UNKNOWN,0,NONE,V05C-contexts.csv,SOURCE_PROVED_NOT_YET_ADMITTED
TP07F506,06:9B62:0:0:0,0x031B62,A8,TAY,IMP,UNKNOWN,UNKNOWN,NONE,V05C-contexts.csv,SOURCE_PROVED_NOT_YET_ADMITTED
TP07F506,06:9B63:0:0:0,0x031B63,18,CLC,IMP,UNKNOWN,UNKNOWN,NONE,V05C-contexts.csv,SOURCE_PROVED_NOT_YET_ADMITTED
TP07F506,06:9B64:0:0:0,0x031B64,690800,ADC,IMM_M,0,UNKNOWN,NONE,V05C-contexts.csv,SOURCE_PROVED_NOT_YET_ADMITTED
TP07F506,06:9B67:0:0:0,0x031B67,A8,TAY,IMP,UNKNOWN,UNKNOWN,NONE,V05C-contexts.csv,SOURCE_PROVED_NOT_YET_ADMITTED
TP07F506,06:9B68:0:0:0,0x031B68,B94D08,LDA,ABS_Y,UNKNOWN,UNKNOWN,NONE,V05C-contexts.csv,SOURCE_PROVED_NOT_YET_ADMITTED
TP07F506,06:9B6B:0:0:0,0x031B6B,8D8A07,STA,ABS,UNKNOWN,UNKNOWN,DBR:078A,V05C-contexts.csv,SOURCE_PROVED_NOT_YET_ADMITTED
TP07F506,06:9B6E:0:0:0,0x031B6E,22CDA406,JSL,ABSL_JUMP,UNKNOWN,UNKNOWN,NONE,V05C-contexts.csv,SOURCE_PROVED_NOT_YET_ADMITTED
TP07F506,06:9B72:0:0:1,0x031B72,E210,SEP,IMM8,UNKNOWN|1,UNKNOWN,NONE,V05C-contexts.csv,SOURCE_PROVED_NOT_YET_ADMITTED
TP07F506,06:9B74:0:0:1,0x031B74,C220,REP,IMM8,UNKNOWN|1,UNKNOWN,NONE,V05C-contexts.csv,SOURCE_PROVED_NOT_YET_ADMITTED
TP07F506,06:9B76:0:0:1,0x031B76,A92600,LDA,IMM_M,UNKNOWN|1,UNKNOWN,NONE,V05C-contexts.csv,SOURCE_PROVED_NOT_YET_ADMITTED
TP07F506,06:9B79:0:0:1,0x031B79,8D8A07,STA,ABS,UNKNOWN|1,0,DBR:078A,V05C-contexts.csv,SOURCE_PROVED_NOT_YET_ADMITTED
TP07F506,06:9B7C:0:0:1,0x031B7C,A91800,LDA,IMM_M,UNKNOWN|1,0,NONE,V05C-contexts.csv,SOURCE_PROVED_NOT_YET_ADMITTED
TP07F506,06:9B7F:0:0:1,0x031B7F,1A,INC,ACC,UNKNOWN|1,0,NONE,V05C-contexts.csv,SOURCE_PROVED_NOT_YET_ADMITTED
TP07F506,06:9B80:0:0:1,0x031B80,8D8E07,STA,ABS,UNKNOWN|1,UNKNOWN,DBR:078E,V05C-contexts.csv,SOURCE_PROVED_NOT_YET_ADMITTED
TP07F506,06:9B83:0:0:1,0x031B83,AD1F00,LDA,ABS,UNKNOWN|1,UNKNOWN,DBR:001F,V05C-contexts.csv,SOURCE_PROVED_NOT_YET_ADMITTED
TP07F506,06:9B86:0:0:1,0x031B86,18,CLC,IMP,UNKNOWN|1,UNKNOWN,NONE,V05C-contexts.csv,SOURCE_PROVED_NOT_YET_ADMITTED
TP07F506,06:9B87:0:0:1,0x031B87,696400,ADC,IMM_M,0,UNKNOWN,NONE,V05C-contexts.csv,SOURCE_PROVED_NOT_YET_ADMITTED
TP07F506,06:9B8A:0:0:1,0x031B8A,AE2100,LDX,ABS,UNKNOWN,UNKNOWN,DBR:0021,V05C-contexts.csv,SOURCE_PROVED_NOT_YET_ADMITTED
TP07F506,06:9B8D:0:0:1,0x031B8D,8D9207,STA,ABS,UNKNOWN,UNKNOWN,DBR:0792,V05C-contexts.csv,SOURCE_PROVED_NOT_YET_ADMITTED
TP07F506,06:9B90:0:0:1,0x031B90,8E9407,STX,ABS,UNKNOWN,UNKNOWN,DBR:0794,V05C-contexts.csv,SOURCE_PROVED_NOT_YET_ADMITTED
TP07F506,06:9B93:0:0:1,0x031B93,A90C00,LDA,IMM_M,UNKNOWN,UNKNOWN,NONE,V05C-contexts.csv,SOURCE_PROVED_NOT_YET_ADMITTED
TP07F506,06:9B96:0:0:1,0x031B96,8D9607,STA,ABS,UNKNOWN,0,DBR:0796,V05C-contexts.csv,SOURCE_PROVED_NOT_YET_ADMITTED
TP07F506,06:9B99:0:0:1,0x031B99,22AFDD01,JSL,ABSL_JUMP,UNKNOWN,0,NONE,V05C-contexts.csv,SOURCE_PROVED_NOT_YET_ADMITTED
TP07F506,06:9B9D:0:0:1,0x031B9D,223CA306,JSL,ABSL_JUMP,UNKNOWN,UNKNOWN,NONE,V05C-contexts.csv,SOURCE_PROVED_NOT_YET_ADMITTED
TP07F506,06:9BA1:0:0:0,0x031BA1,C230,REP,IMM8,UNKNOWN,UNKNOWN,NONE,V05C-contexts.csv,SOURCE_PROVED_NOT_YET_ADMITTED
TP07F506,06:9BA3:0:0:0,0x031BA3,AC351F,LDY,ABS,UNKNOWN,UNKNOWN,DBR:1F35,V05C-contexts.csv,SOURCE_PROVED_NOT_YET_ADMITTED
TP07F506,06:9BA6:0:0:0,0x031BA6,29FF00,AND,IMM_M,UNKNOWN,UNKNOWN,NONE,V05C-contexts.csv,SOURCE_PROVED_NOT_YET_ADMITTED
TP07F506,06:9BA9:0:0:0,0x031BA9,98,TYA,IMP,UNKNOWN,UNKNOWN,NONE,V05C-contexts.csv,SOURCE_PROVED_NOT_YET_ADMITTED
TP07F506,06:9BAA:0:0:0,0x031BAA,A90A00,LDA,IMM_M,UNKNOWN,UNKNOWN,NONE,V05C-contexts.csv,SOURCE_PROVED_NOT_YET_ADMITTED
TP07F506,06:9BAD:0:0:0,0x031BAD,22A78004,JSL,ABSL_JUMP,UNKNOWN,0,NONE,V05C-contexts.csv,SOURCE_PROVED_NOT_YET_ADMITTED
TP07F506,06:9BB1:0:0:0,0x031BB1,A8,TAY,IMP,UNKNOWN,UNKNOWN,NONE,V05C-contexts.csv,SOURCE_PROVED_NOT_YET_ADMITTED
TP07F506,06:9BB2:0:0:0,0x031BB2,18,CLC,IMP,UNKNOWN,UNKNOWN,NONE,V05C-contexts.csv,SOURCE_PROVED_NOT_YET_ADMITTED
TP07F506,06:9BB3:0:0:0,0x031BB3,690800,ADC,IMM_M,0,UNKNOWN,NONE,V05C-contexts.csv,SOURCE_PROVED_NOT_YET_ADMITTED
TP07F506,06:9BB6:0:0:0,0x031BB6,A8,TAY,IMP,UNKNOWN,UNKNOWN,NONE,V05C-contexts.csv,SOURCE_PROVED_NOT_YET_ADMITTED
TP07F506,06:9BB7:0:0:0,0x031BB7,B9971D,LDA,ABS_Y,UNKNOWN,UNKNOWN,NONE,V05C-contexts.csv,SOURCE_PROVED_NOT_YET_ADMITTED
TP07F506,06:9BBA:0:0:0,0x031BBA,C230,REP,IMM8,UNKNOWN,UNKNOWN,NONE,V05C-contexts.csv,SOURCE_PROVED_NOT_YET_ADMITTED
TP07F506,06:9BBC:0:0:0,0x031BBC,29FF00,AND,IMM_M,UNKNOWN,UNKNOWN,NONE,V05C-contexts.csv,SOURCE_PROVED_NOT_YET_ADMITTED
TP07F506,06:9BBF:0:0:0,0x031BBF,A8,TAY,IMP,UNKNOWN,UNKNOWN,NONE,V05C-contexts.csv,SOURCE_PROVED_NOT_YET_ADMITTED
TP07F506,06:9BC0:0:0:0,0x031BC0,98,TYA,IMP,UNKNOWN,UNKNOWN,NONE,V05C-contexts.csv,SOURCE_PROVED_NOT_YET_ADMITTED
TP07F506,06:9BC1:0:0:0,0x031BC1,A93000,LDA,IMM_M,UNKNOWN,UNKNOWN,NONE,V05C-contexts.csv,SOURCE_PROVED_NOT_YET_ADMITTED
TP07F506,06:9BC4:0:0:0,0x031BC4,22A78004,JSL,ABSL_JUMP,UNKNOWN,0,NONE,V05C-contexts.csv,SOURCE_PROVED_NOT_YET_ADMITTED
TP07F506,06:9BC8:0:0:0,0x031BC8,A8,TAY,IMP,UNKNOWN,UNKNOWN,NONE,V05C-contexts.csv,SOURCE_PROVED_NOT_YET_ADMITTED
TP07F506,06:9BC9:0:0:0,0x031BC9,18,CLC,IMP,UNKNOWN,UNKNOWN,NONE,V05C-contexts.csv,SOURCE_PROVED_NOT_YET_ADMITTED
TP07F506,06:9BCA:0:0:0,0x031BCA,690A00,ADC,IMM_M,0,UNKNOWN,NONE,V05C-contexts.csv,SOURCE_PROVED_NOT_YET_ADMITTED
TP07F506,06:9BCD:0:0:0,0x031BCD,A8,TAY,IMP,UNKNOWN,UNKNOWN,NONE,V05C-contexts.csv,SOURCE_PROVED_NOT_YET_ADMITTED
TP07F506,06:9BCE:0:0:0,0x031BCE,B94D08,LDA,ABS_Y,UNKNOWN,UNKNOWN,NONE,V05C-contexts.csv,SOURCE_PROVED_NOT_YET_ADMITTED
TP07F506,06:9BD1:0:0:0,0x031BD1,8D8A07,STA,ABS,UNKNOWN,UNKNOWN,DBR:078A,V05C-contexts.csv,SOURCE_PROVED_NOT_YET_ADMITTED
TP07F506,06:9BD4:0:0:0,0x031BD4,22CDA406,JSL,ABSL_JUMP,UNKNOWN,UNKNOWN,NONE,V05C-contexts.csv,SOURCE_PROVED_NOT_YET_ADMITTED
TP07F506,06:9BD8:0:0:1,0x031BD8,C230,REP,IMM8,UNKNOWN|1,UNKNOWN,NONE,V05C-contexts.csv,SOURCE_PROVED_NOT_YET_ADMITTED
TP07F506,06:9BDA:0:0:0,0x031BDA,A92600,LDA,IMM_M,UNKNOWN|1,UNKNOWN,NONE,V05C-contexts.csv,SOURCE_PROVED_NOT_YET_ADMITTED
TP07F506,06:9BDD:0:0:0,0x031BDD,8D8A07,STA,ABS,UNKNOWN|1,0,DBR:078A,V05C-contexts.csv,SOURCE_PROVED_NOT_YET_ADMITTED
TP07F506,06:9BE0:0:0:0,0x031BE0,A91400,LDA,IMM_M,UNKNOWN|1,0,NONE,V05C-contexts.csv,SOURCE_PROVED_NOT_YET_ADMITTED
TP07F506,06:9BE3:0:0:0,0x031BE3,1A,INC,ACC,UNKNOWN|1,0,NONE,V05C-contexts.csv,SOURCE_PROVED_NOT_YET_ADMITTED
TP07F506,06:9BE4:0:0:0,0x031BE4,8D8E07,STA,ABS,UNKNOWN|1,UNKNOWN,DBR:078E,V05C-contexts.csv,SOURCE_PROVED_NOT_YET_ADMITTED
TP07F506,06:9BE7:0:0:0,0x031BE7,AD1F00,LDA,ABS,UNKNOWN|1,UNKNOWN,DBR:001F,V05C-contexts.csv,SOURCE_PROVED_NOT_YET_ADMITTED
TP07F506,06:9BEA:0:0:0,0x031BEA,18,CLC,IMP,UNKNOWN|1,UNKNOWN,NONE,V05C-contexts.csv,SOURCE_PROVED_NOT_YET_ADMITTED
TP07F506,06:9BEB:0:0:0,0x031BEB,696400,ADC,IMM_M,0,UNKNOWN,NONE,V05C-contexts.csv,SOURCE_PROVED_NOT_YET_ADMITTED
TP07F506,06:9BEE:0:0:0,0x031BEE,AE2100,LDX,ABS,UNKNOWN,UNKNOWN,DBR:0021,V05C-contexts.csv,SOURCE_PROVED_NOT_YET_ADMITTED
TP07F506,06:9BF1:0:0:0,0x031BF1,8D9207,STA,ABS,UNKNOWN,UNKNOWN,DBR:0792,V05C-contexts.csv,SOURCE_PROVED_NOT_YET_ADMITTED
TP07F506,06:9BF4:0:0:0,0x031BF4,8E9407,STX,ABS,UNKNOWN,UNKNOWN,DBR:0794,V05C-contexts.csv,SOURCE_PROVED_NOT_YET_ADMITTED
TP07F506,06:9BF7:0:0:0,0x031BF7,A90C00,LDA,IMM_M,UNKNOWN,UNKNOWN,NONE,V05C-contexts.csv,SOURCE_PROVED_NOT_YET_ADMITTED
TP07F506,06:9BFA:0:0:0,0x031BFA,8D9607,STA,ABS,UNKNOWN,0,DBR:0796,V05C-contexts.csv,SOURCE_PROVED_NOT_YET_ADMITTED
TP07F506,06:9BFD:0:0:0,0x031BFD,22AFDD01,JSL,ABSL_JUMP,UNKNOWN,0,NONE,V05C-contexts.csv,SOURCE_PROVED_NOT_YET_ADMITTED
TP07F506,06:9C01:0:0:1,0x031C01,223CA306,JSL,ABSL_JUMP,UNKNOWN,UNKNOWN,NONE,V05C-contexts.csv,SOURCE_PROVED_NOT_YET_ADMITTED
TP07F506,06:9C05:0:0:0,0x031C05,C230,REP,IMM8,UNKNOWN,UNKNOWN,NONE,V05C-contexts.csv,SOURCE_PROVED_NOT_YET_ADMITTED
TP07F506,06:9C07:0:0:0,0x031C07,AC351F,LDY,ABS,UNKNOWN,UNKNOWN,DBR:1F35,V05C-contexts.csv,SOURCE_PROVED_NOT_YET_ADMITTED
TP07F506,06:9C0A:0:0:0,0x031C0A,29FF00,AND,IMM_M,UNKNOWN,UNKNOWN,NONE,V05C-contexts.csv,SOURCE_PROVED_NOT_YET_ADMITTED
TP07F506,06:9C0D:0:0:0,0x031C0D,98,TYA,IMP,UNKNOWN,UNKNOWN,NONE,V05C-contexts.csv,SOURCE_PROVED_NOT_YET_ADMITTED
TP07F506,06:9C0E:0:0:0,0x031C0E,A90A00,LDA,IMM_M,UNKNOWN,UNKNOWN,NONE,V05C-contexts.csv,SOURCE_PROVED_NOT_YET_ADMITTED
TP07F506,06:9C11:0:0:0,0x031C11,22A78004,JSL,ABSL_JUMP,UNKNOWN,0,NONE,V05C-contexts.csv,SOURCE_PROVED_NOT_YET_ADMITTED
TP07F506,06:9C15:0:0:0,0x031C15,A8,TAY,IMP,UNKNOWN,UNKNOWN,NONE,V05C-contexts.csv,SOURCE_PROVED_NOT_YET_ADMITTED
TP07F506,06:9C16:0:0:0,0x031C16,18,CLC,IMP,UNKNOWN,UNKNOWN,NONE,V05C-contexts.csv,SOURCE_PROVED_NOT_YET_ADMITTED
TP07F506,06:9C17:0:0:0,0x031C17,690800,ADC,IMM_M,0,UNKNOWN,NONE,V05C-contexts.csv,SOURCE_PROVED_NOT_YET_ADMITTED
TP07F506,06:9C1A:0:0:0,0x031C1A,A8,TAY,IMP,UNKNOWN,UNKNOWN,NONE,V05C-contexts.csv,SOURCE_PROVED_NOT_YET_ADMITTED
TP07F506,06:9C1B:0:0:0,0x031C1B,B9971D,LDA,ABS_Y,UNKNOWN,UNKNOWN,NONE,V05C-contexts.csv,SOURCE_PROVED_NOT_YET_ADMITTED
TP07F506,06:9C1E:0:0:0,0x031C1E,29FF00,AND,IMM_M,UNKNOWN,UNKNOWN,NONE,V05C-contexts.csv,SOURCE_PROVED_NOT_YET_ADMITTED
TP07F506,06:9C21:0:0:0,0x031C21,A8,TAY,IMP,UNKNOWN,UNKNOWN,NONE,V05C-contexts.csv,SOURCE_PROVED_NOT_YET_ADMITTED
TP07F506,06:9C22:0:0:0,0x031C22,98,TYA,IMP,UNKNOWN,UNKNOWN,NONE,V05C-contexts.csv,SOURCE_PROVED_NOT_YET_ADMITTED
TP07F506,06:9C23:0:0:0,0x031C23,A93000,LDA,IMM_M,UNKNOWN,UNKNOWN,NONE,V05C-contexts.csv,SOURCE_PROVED_NOT_YET_ADMITTED
TP07F506,06:9C26:0:0:0,0x031C26,22A78004,JSL,ABSL_JUMP,UNKNOWN,0,NONE,V05C-contexts.csv,SOURCE_PROVED_NOT_YET_ADMITTED
TP07F506,06:9C2A:0:0:0,0x031C2A,A8,TAY,IMP,UNKNOWN,UNKNOWN,NONE,V05C-contexts.csv,SOURCE_PROVED_NOT_YET_ADMITTED
TP07F506,06:9C2B:0:0:0,0x031C2B,18,CLC,IMP,UNKNOWN,UNKNOWN,NONE,V05C-contexts.csv,SOURCE_PROVED_NOT_YET_ADMITTED
TP07F506,06:9C2C:0:0:0,0x031C2C,690D00,ADC,IMM_M,0,UNKNOWN,NONE,V05C-contexts.csv,SOURCE_PROVED_NOT_YET_ADMITTED
TP07F506,06:9C2F:0:0:0,0x031C2F,A8,TAY,IMP,UNKNOWN,UNKNOWN,NONE,V05C-contexts.csv,SOURCE_PROVED_NOT_YET_ADMITTED
TP07F506,06:9C30:0:0:0,0x031C30,B94D08,LDA,ABS_Y,UNKNOWN,UNKNOWN,NONE,V05C-contexts.csv,SOURCE_PROVED_NOT_YET_ADMITTED
TP07F506,06:9C33:0:0:0,0x031C33,29FF00,AND,IMM_M,UNKNOWN,UNKNOWN,NONE,V05C-contexts.csv,SOURCE_PROVED_NOT_YET_ADMITTED
TP07F506,06:9C36:0:0:0,0x031C36,A20A00,LDX,IMM_X,UNKNOWN,UNKNOWN,NONE,V05C-contexts.csv,SOURCE_PROVED_NOT_YET_ADMITTED
TP07F506,06:9C39:0:0:0,0x031C39,229EA506,JSL,ABSL_JUMP,UNKNOWN,0,NONE,V05C-contexts.csv,SOURCE_PROVED_NOT_YET_ADMITTED
TP07F506,06:9C3D:0:0:0,0x031C3D,0A,ASL,ACC,UNKNOWN|0|1,UNKNOWN,NONE,V05C-contexts.csv,SOURCE_PROVED_NOT_YET_ADMITTED
TP07F506,06:9C3E:0:0:0,0x031C3E,A8,TAY,IMP,UNKNOWN,UNKNOWN,NONE,V05C-contexts.csv,SOURCE_PROVED_NOT_YET_ADMITTED
TP07F506,06:9C3F:0:0:0,0x031C3F,ADDE06,LDA,ABS,UNKNOWN,UNKNOWN,DBR:06DE,V05C-contexts.csv,SOURCE_PROVED_NOT_YET_ADMITTED
TP07F506,06:9C42:0:0:0,0x031C42,8D1900,STA,ABS,UNKNOWN,UNKNOWN,DBR:0019,V05C-contexts.csv,SOURCE_PROVED_NOT_YET_ADMITTED
TP07F506,06:9C45:0:0:0,0x031C45,E220,SEP,IMM8,UNKNOWN,UNKNOWN,NONE,V05C-contexts.csv,SOURCE_PROVED_NOT_YET_ADMITTED
TP07F506,06:9C47:0:1:0,0x031C47,C210,REP,IMM8,UNKNOWN,UNKNOWN,NONE,V05C-contexts.csv,SOURCE_PROVED_NOT_YET_ADMITTED
TP07F506,06:9C49:0:1:0,0x031C49,ADE006,LDA,ABS,UNKNOWN,UNKNOWN,DBR:06E0,V05C-contexts.csv,SOURCE_PROVED_NOT_YET_ADMITTED
TP07F506,06:9C4C:0:1:0,0x031C4C,8D1B00,STA,ABS,UNKNOWN,UNKNOWN,DBR:001B,V05C-contexts.csv,SOURCE_PROVED_NOT_YET_ADMITTED
TP07F506,06:9C4F:0:1:0,0x031C4F,8D9407,STA,ABS,UNKNOWN,UNKNOWN,DBR:0794,V05C-contexts.csv,SOURCE_PROVED_NOT_YET_ADMITTED
TP07F506,06:9C52:0:1:0,0x031C52,C230,REP,IMM8,UNKNOWN,UNKNOWN,NONE,V05C-contexts.csv,SOURCE_PROVED_NOT_YET_ADMITTED
TP07F506,06:9C54:0:0:0,0x031C54,B719,LDA,DP_IND_LONG_Y,UNKNOWN,UNKNOWN,NONE,V05C-contexts.csv,SOURCE_PROVED_NOT_YET_ADMITTED
TP07F506,06:9C56:0:0:0,0x031C56,8D9207,STA,ABS,UNKNOWN,UNKNOWN,DBR:0792,V05C-contexts.csv,SOURCE_PROVED_NOT_YET_ADMITTED
TP07F506,06:9C59:0:0:0,0x031C59,A92600,LDA,IMM_M,UNKNOWN,UNKNOWN,NONE,V05C-contexts.csv,SOURCE_PROVED_NOT_YET_ADMITTED
TP07F506,06:9C5C:0:0:0,0x031C5C,8D8A07,STA,ABS,UNKNOWN,0,DBR:078A,V05C-contexts.csv,SOURCE_PROVED_NOT_YET_ADMITTED
TP07F506,06:9C5F:0:0:0,0x031C5F,A91100,LDA,IMM_M,UNKNOWN,0,NONE,V05C-contexts.csv,SOURCE_PROVED_NOT_YET_ADMITTED
TP07F506,06:9C62:0:0:0,0x031C62,8D8E07,STA,ABS,UNKNOWN,0,DBR:078E,V05C-contexts.csv,SOURCE_PROVED_NOT_YET_ADMITTED
TP07F506,06:9C65:0:0:0,0x031C65,A90C00,LDA,IMM_M,UNKNOWN,0,NONE,V05C-contexts.csv,SOURCE_PROVED_NOT_YET_ADMITTED
TP07F506,06:9C68:0:0:0,0x031C68,8D9607,STA,ABS,UNKNOWN,0,DBR:0796,V05C-contexts.csv,SOURCE_PROVED_NOT_YET_ADMITTED
TP07F506,06:9C6B:0:0:0,0x031C6B,22AFDD01,JSL,ABSL_JUMP,UNKNOWN,0,NONE,V05C-contexts.csv,SOURCE_PROVED_NOT_YET_ADMITTED
TP07F506,06:9C6F:0:0:1,0x031C6F,223CA306,JSL,ABSL_JUMP,UNKNOWN,UNKNOWN,NONE,V05C-contexts.csv,SOURCE_PROVED_NOT_YET_ADMITTED
TP07F506,06:9C73:0:0:0,0x031C73,C230,REP,IMM8,UNKNOWN,UNKNOWN,NONE,V05C-contexts.csv,SOURCE_PROVED_NOT_YET_ADMITTED
TP07F506,06:9C75:0:0:0,0x031C75,AD351F,LDA,ABS,UNKNOWN,UNKNOWN,DBR:1F35,V05C-contexts.csv,SOURCE_PROVED_NOT_YET_ADMITTED
TP07F506,06:9C78:0:0:0,0x031C78,29FF00,AND,IMM_M,UNKNOWN,UNKNOWN,NONE,V05C-contexts.csv,SOURCE_PROVED_NOT_YET_ADMITTED
TP07F506,06:9C7B:0:0:0,0x031C7B,A8,TAY,IMP,UNKNOWN,UNKNOWN,NONE,V05C-contexts.csv,SOURCE_PROVED_NOT_YET_ADMITTED
TP07F506,06:9C7C:0:0:0,0x031C7C,98,TYA,IMP,UNKNOWN,UNKNOWN,NONE,V05C-contexts.csv,SOURCE_PROVED_NOT_YET_ADMITTED
TP07F506,06:9C7D:0:0:0,0x031C7D,A90A00,LDA,IMM_M,UNKNOWN,UNKNOWN,NONE,V05C-contexts.csv,SOURCE_PROVED_NOT_YET_ADMITTED
TP07F506,06:9C80:0:0:0,0x031C80,22A78004,JSL,ABSL_JUMP,UNKNOWN,0,NONE,V05C-contexts.csv,SOURCE_PROVED_NOT_YET_ADMITTED
TP07F506,06:9C84:0:0:0,0x031C84,A8,TAY,IMP,UNKNOWN,UNKNOWN,NONE,V05C-contexts.csv,SOURCE_PROVED_NOT_YET_ADMITTED
TP07F506,06:9C85:0:0:0,0x031C85,18,CLC,IMP,UNKNOWN,UNKNOWN,NONE,V05C-contexts.csv,SOURCE_PROVED_NOT_YET_ADMITTED
TP07F506,06:9C86:0:0:0,0x031C86,690800,ADC,IMM_M,0,UNKNOWN,NONE,V05C-contexts.csv,SOURCE_PROVED_NOT_YET_ADMITTED
TP07F506,06:9C89:0:0:0,0x031C89,A8,TAY,IMP,UNKNOWN,UNKNOWN,NONE,V05C-contexts.csv,SOURCE_PROVED_NOT_YET_ADMITTED
TP07F506,06:9C8A:0:0:0,0x031C8A,B9971D,LDA,ABS_Y,UNKNOWN,UNKNOWN,NONE,V05C-contexts.csv,SOURCE_PROVED_NOT_YET_ADMITTED
TP07F506,06:9C8D:0:0:0,0x031C8D,29FF00,AND,IMM_M,UNKNOWN,UNKNOWN,NONE,V05C-contexts.csv,SOURCE_PROVED_NOT_YET_ADMITTED
TP07F506,06:9C90:0:0:0,0x031C90,A8,TAY,IMP,UNKNOWN,UNKNOWN,NONE,V05C-contexts.csv,SOURCE_PROVED_NOT_YET_ADMITTED
TP07F506,06:9C91:0:0:0,0x031C91,98,TYA,IMP,UNKNOWN,UNKNOWN,NONE,V05C-contexts.csv,SOURCE_PROVED_NOT_YET_ADMITTED
TP07F506,06:9C92:0:0:0,0x031C92,A93000,LDA,IMM_M,UNKNOWN,UNKNOWN,NONE,V05C-contexts.csv,SOURCE_PROVED_NOT_YET_ADMITTED
TP07F506,06:9C95:0:0:0,0x031C95,22A78004,JSL,ABSL_JUMP,UNKNOWN,0,NONE,V05C-contexts.csv,SOURCE_PROVED_NOT_YET_ADMITTED
TP07F506,06:9C99:0:0:0,0x031C99,A8,TAY,IMP,UNKNOWN,UNKNOWN,NONE,V05C-contexts.csv,SOURCE_PROVED_NOT_YET_ADMITTED
TP07F506,06:9C9A:0:0:0,0x031C9A,18,CLC,IMP,UNKNOWN,UNKNOWN,NONE,V05C-contexts.csv,SOURCE_PROVED_NOT_YET_ADMITTED
TP07F506,06:9C9B:0:0:0,0x031C9B,690C00,ADC,IMM_M,0,UNKNOWN,NONE,V05C-contexts.csv,SOURCE_PROVED_NOT_YET_ADMITTED
TP07F506,06:9C9E:0:0:0,0x031C9E,A8,TAY,IMP,UNKNOWN,UNKNOWN,NONE,V05C-contexts.csv,SOURCE_PROVED_NOT_YET_ADMITTED
TP07F506,06:9C9F:0:0:0,0x031C9F,B94D08,LDA,ABS_Y,UNKNOWN,UNKNOWN,NONE,V05C-contexts.csv,SOURCE_PROVED_NOT_YET_ADMITTED
TP07F506,06:9CA2:0:0:0,0x031CA2,29FF00,AND,IMM_M,UNKNOWN,UNKNOWN,NONE,V05C-contexts.csv,SOURCE_PROVED_NOT_YET_ADMITTED
TP07F506,06:9CA5:0:0:0,0x031CA5,8D1504,STA,ABS,UNKNOWN,UNKNOWN,DBR:0415,V05C-contexts.csv,SOURCE_PROVED_NOT_YET_ADMITTED
TP07F506,06:9CA8:0:0:0,0x031CA8,AD351F,LDA,ABS,UNKNOWN,UNKNOWN,DBR:1F35,V05C-contexts.csv,SOURCE_PROVED_NOT_YET_ADMITTED
TP07F506,06:9CAB:0:0:0,0x031CAB,29FF00,AND,IMM_M,UNKNOWN,UNKNOWN,NONE,V05C-contexts.csv,SOURCE_PROVED_NOT_YET_ADMITTED
TP07F506,06:9CAE:0:0:0,0x031CAE,A8,TAY,IMP,UNKNOWN,UNKNOWN,NONE,V05C-contexts.csv,SOURCE_PROVED_NOT_YET_ADMITTED
TP07F506,06:9CAF:0:0:0,0x031CAF,98,TYA,IMP,UNKNOWN,UNKNOWN,NONE,V05C-contexts.csv,SOURCE_PROVED_NOT_YET_ADMITTED
TP07F506,06:9CB0:0:0:0,0x031CB0,A90A00,LDA,IMM_M,UNKNOWN,UNKNOWN,NONE,V05C-contexts.csv,SOURCE_PROVED_NOT_YET_ADMITTED
TP07F506,06:9CB3:0:0:0,0x031CB3,22A78004,JSL,ABSL_JUMP,UNKNOWN,0,NONE,V05C-contexts.csv,SOURCE_PROVED_NOT_YET_ADMITTED
TP07F506,06:9CB7:0:0:0,0x031CB7,A8,TAY,IMP,UNKNOWN,UNKNOWN,NONE,V05C-contexts.csv,SOURCE_PROVED_NOT_YET_ADMITTED
TP07F506,06:9CB8:0:0:0,0x031CB8,18,CLC,IMP,UNKNOWN,UNKNOWN,NONE,V05C-contexts.csv,SOURCE_PROVED_NOT_YET_ADMITTED
TP07F506,06:9CB9:0:0:0,0x031CB9,690800,ADC,IMM_M,0,UNKNOWN,NONE,V05C-contexts.csv,SOURCE_PROVED_NOT_YET_ADMITTED
TP07F506,06:9CBC:0:0:0,0x031CBC,A8,TAY,IMP,UNKNOWN,UNKNOWN,NONE,V05C-contexts.csv,SOURCE_PROVED_NOT_YET_ADMITTED
TP07F506,06:9CBD:0:0:0,0x031CBD,B9971D,LDA,ABS_Y,UNKNOWN,UNKNOWN,NONE,V05C-contexts.csv,SOURCE_PROVED_NOT_YET_ADMITTED
TP07F506,06:9CC0:0:0:0,0x031CC0,29FF00,AND,IMM_M,UNKNOWN,UNKNOWN,NONE,V05C-contexts.csv,SOURCE_PROVED_NOT_YET_ADMITTED
TP07F506,06:9CC3:0:0:0,0x031CC3,A8,TAY,IMP,UNKNOWN,UNKNOWN,NONE,V05C-contexts.csv,SOURCE_PROVED_NOT_YET_ADMITTED
TP07F506,06:9CC4:0:0:0,0x031CC4,98,TYA,IMP,UNKNOWN,UNKNOWN,NONE,V05C-contexts.csv,SOURCE_PROVED_NOT_YET_ADMITTED
TP07F506,06:9CC5:0:0:0,0x031CC5,A93000,LDA,IMM_M,UNKNOWN,UNKNOWN,NONE,V05C-contexts.csv,SOURCE_PROVED_NOT_YET_ADMITTED
TP07F506,06:9CC8:0:0:0,0x031CC8,22A78004,JSL,ABSL_JUMP,UNKNOWN,0,NONE,V05C-contexts.csv,SOURCE_PROVED_NOT_YET_ADMITTED
TP07F506,06:9CCC:0:0:0,0x031CCC,A8,TAY,IMP,UNKNOWN,UNKNOWN,NONE,V05C-contexts.csv,SOURCE_PROVED_NOT_YET_ADMITTED
TP07F506,06:9CCD:0:0:0,0x031CCD,18,CLC,IMP,UNKNOWN,UNKNOWN,NONE,V05C-contexts.csv,SOURCE_PROVED_NOT_YET_ADMITTED
TP07F506,06:9CCE:0:0:0,0x031CCE,691000,ADC,IMM_M,0,UNKNOWN,NONE,V05C-contexts.csv,SOURCE_PROVED_NOT_YET_ADMITTED
TP07F506,06:9CD1:0:0:0,0x031CD1,A8,TAY,IMP,UNKNOWN,UNKNOWN,NONE,V05C-contexts.csv,SOURCE_PROVED_NOT_YET_ADMITTED
TP07F506,06:9CD2:0:0:0,0x031CD2,A90000,LDA,IMM_M,UNKNOWN,UNKNOWN,NONE,V05C-contexts.csv,SOURCE_PROVED_NOT_YET_ADMITTED
TP07F506,06:9CD5:0:0:0,0x031CD5,B94D08,LDA,ABS_Y,UNKNOWN,1,NONE,V05C-contexts.csv,SOURCE_PROVED_NOT_YET_ADMITTED
TP07F506,06:9CD8:0:0:0,0x031CD8,A20500,LDX,IMM_X,UNKNOWN,UNKNOWN,NONE,V05C-contexts.csv,SOURCE_PROVED_NOT_YET_ADMITTED
TP07F506,06:9CDB:0:0:0,0x031CDB,229EA506,JSL,ABSL_JUMP,UNKNOWN,0,NONE,V05C-contexts.csv,SOURCE_PROVED_NOT_YET_ADMITTED
TP07F506,06:9CDF:0:0:0,0x031CDF,AE1504,LDX,ABS,UNKNOWN|0|1,UNKNOWN,DBR:0415,V05C-contexts.csv,SOURCE_PROVED_NOT_YET_ADMITTED
TP07F506,06:9CE2:0:0:0,0x031CE2,226BFA07,JSL,ABSL_JUMP,UNKNOWN|0|1,UNKNOWN,NONE,V05C-contexts.csv,SOURCE_PROVED_NOT_YET_ADMITTED
TP07F506,06:9CE6:0:0:0,0x031CE6,A20800,LDX,IMM_X,UNKNOWN|0|1,1,NONE,V05C-contexts.csv,SOURCE_PROVED_NOT_YET_ADMITTED
TP07F506,06:9CE9:0:0:0,0x031CE9,229EA506,JSL,ABSL_JUMP,UNKNOWN|0|1,0,NONE,V05C-contexts.csv,SOURCE_PROVED_NOT_YET_ADMITTED
TP07F506,06:9CED:0:0:0,0x031CED,A2CD00,LDX,IMM_X,UNKNOWN|0|1,UNKNOWN,NONE,V05C-contexts.csv,SOURCE_PROVED_NOT_YET_ADMITTED
TP07F506,06:9CF0:0:0:0,0x031CF0,229EA506,JSL,ABSL_JUMP,UNKNOWN|0|1,0,NONE,V05C-contexts.csv,SOURCE_PROVED_NOT_YET_ADMITTED
TP07F506,06:9CF4:0:0:0,0x031CF4,0A,ASL,ACC,UNKNOWN|0|1,UNKNOWN,NONE,V05C-contexts.csv,SOURCE_PROVED_NOT_YET_ADMITTED
TP07F506,06:9CF5:0:0:0,0x031CF5,A8,TAY,IMP,UNKNOWN,UNKNOWN,NONE,V05C-contexts.csv,SOURCE_PROVED_NOT_YET_ADMITTED
TP07F506,06:9CF6:0:0:0,0x031CF6,ADDE06,LDA,ABS,UNKNOWN,UNKNOWN,DBR:06DE,V05C-contexts.csv,SOURCE_PROVED_NOT_YET_ADMITTED
TP07F506,06:9CF9:0:0:0,0x031CF9,8D1900,STA,ABS,UNKNOWN,UNKNOWN,DBR:0019,V05C-contexts.csv,SOURCE_PROVED_NOT_YET_ADMITTED
TP07F506,06:9CFC:0:0:0,0x031CFC,E220,SEP,IMM8,UNKNOWN,UNKNOWN,NONE,V05C-contexts.csv,SOURCE_PROVED_NOT_YET_ADMITTED
TP07F506,06:9CFE:0:1:0,0x031CFE,C210,REP,IMM8,UNKNOWN,UNKNOWN,NONE,V05C-contexts.csv,SOURCE_PROVED_NOT_YET_ADMITTED
TP07F506,06:9D00:0:1:0,0x031D00,ADE006,LDA,ABS,UNKNOWN,UNKNOWN,DBR:06E0,V05C-contexts.csv,SOURCE_PROVED_NOT_YET_ADMITTED
TP07F506,06:9D03:0:1:0,0x031D03,8D1B00,STA,ABS,UNKNOWN,UNKNOWN,DBR:001B,V05C-contexts.csv,SOURCE_PROVED_NOT_YET_ADMITTED
TP07F506,06:9D06:0:1:0,0x031D06,8D9407,STA,ABS,UNKNOWN,UNKNOWN,DBR:0794,V05C-contexts.csv,SOURCE_PROVED_NOT_YET_ADMITTED
TP07F506,06:9D09:0:1:0,0x031D09,C230,REP,IMM8,UNKNOWN,UNKNOWN,NONE,V05C-contexts.csv,SOURCE_PROVED_NOT_YET_ADMITTED
TP07F506,06:9D0B:0:0:0,0x031D0B,B719,LDA,DP_IND_LONG_Y,UNKNOWN,UNKNOWN,NONE,V05C-contexts.csv,SOURCE_PROVED_NOT_YET_ADMITTED
TP07F506,06:9D0D:0:0:0,0x031D0D,8D9207,STA,ABS,UNKNOWN,UNKNOWN,DBR:0792,V05C-contexts.csv,SOURCE_PROVED_NOT_YET_ADMITTED
TP07F506,06:9D10:0:0:0,0x031D10,A92600,LDA,IMM_M,UNKNOWN,UNKNOWN,NONE,V05C-contexts.csv,SOURCE_PROVED_NOT_YET_ADMITTED
TP07F506,06:9D13:0:0:0,0x031D13,8D8A07,STA,ABS,UNKNOWN,0,DBR:078A,V05C-contexts.csv,SOURCE_PROVED_NOT_YET_ADMITTED
TP07F506,06:9D16:0:0:0,0x031D16,A91300,LDA,IMM_M,UNKNOWN,0,NONE,V05C-contexts.csv,SOURCE_PROVED_NOT_YET_ADMITTED
TP07F506,06:9D19:0:0:0,0x031D19,8D8E07,STA,ABS,UNKNOWN,0,DBR:078E,V05C-contexts.csv,SOURCE_PROVED_NOT_YET_ADMITTED
TP07F506,06:9D1C:0:0:0,0x031D1C,A90C00,LDA,IMM_M,UNKNOWN,0,NONE,V05C-contexts.csv,SOURCE_PROVED_NOT_YET_ADMITTED
TP07F506,06:9D1F:0:0:0,0x031D1F,8D9607,STA,ABS,UNKNOWN,0,DBR:0796,V05C-contexts.csv,SOURCE_PROVED_NOT_YET_ADMITTED
TP07F506,06:9D22:0:0:0,0x031D22,22AFDD01,JSL,ABSL_JUMP,UNKNOWN,0,NONE,V05C-contexts.csv,SOURCE_PROVED_NOT_YET_ADMITTED
TP07F506,06:9D26:0:0:1,0x031D26,223CA306,JSL,ABSL_JUMP,UNKNOWN,UNKNOWN,NONE,V05C-contexts.csv,SOURCE_PROVED_NOT_YET_ADMITTED
TP07F506,06:9D2A:0:0:0,0x031D2A,C230,REP,IMM8,UNKNOWN,UNKNOWN,NONE,V05C-contexts.csv,SOURCE_PROVED_NOT_YET_ADMITTED
TP07F506,06:9D2C:0:0:0,0x031D2C,AC351F,LDY,ABS,UNKNOWN,UNKNOWN,DBR:1F35,V05C-contexts.csv,SOURCE_PROVED_NOT_YET_ADMITTED
TP07F506,06:9D2F:0:0:0,0x031D2F,29FF00,AND,IMM_M,UNKNOWN,UNKNOWN,NONE,V05C-contexts.csv,SOURCE_PROVED_NOT_YET_ADMITTED
TP07F506,06:9D32:0:0:0,0x031D32,98,TYA,IMP,UNKNOWN,UNKNOWN,NONE,V05C-contexts.csv,SOURCE_PROVED_NOT_YET_ADMITTED
TP07F506,06:9D33:0:0:0,0x031D33,A90A00,LDA,IMM_M,UNKNOWN,UNKNOWN,NONE,V05C-contexts.csv,SOURCE_PROVED_NOT_YET_ADMITTED
TP07F506,06:9D36:0:0:0,0x031D36,22A78004,JSL,ABSL_JUMP,UNKNOWN,0,NONE,V05C-contexts.csv,SOURCE_PROVED_NOT_YET_ADMITTED
TP07F506,06:9D3A:0:0:0,0x031D3A,A8,TAY,IMP,UNKNOWN,UNKNOWN,NONE,V05C-contexts.csv,SOURCE_PROVED_NOT_YET_ADMITTED
TP07F506,06:9D3B:0:0:0,0x031D3B,18,CLC,IMP,UNKNOWN,UNKNOWN,NONE,V05C-contexts.csv,SOURCE_PROVED_NOT_YET_ADMITTED
TP07F506,06:9D3C:0:0:0,0x031D3C,690800,ADC,IMM_M,0,UNKNOWN,NONE,V05C-contexts.csv,SOURCE_PROVED_NOT_YET_ADMITTED
TP07F506,06:9D3F:0:0:0,0x031D3F,A8,TAY,IMP,UNKNOWN,UNKNOWN,NONE,V05C-contexts.csv,SOURCE_PROVED_NOT_YET_ADMITTED
TP07F506,06:9D40:0:0:0,0x031D40,B9971D,LDA,ABS_Y,UNKNOWN,UNKNOWN,NONE,V05C-contexts.csv,SOURCE_PROVED_NOT_YET_ADMITTED
TP07F506,06:9D43:0:0:0,0x031D43,29FF00,AND,IMM_M,UNKNOWN,UNKNOWN,NONE,V05C-contexts.csv,SOURCE_PROVED_NOT_YET_ADMITTED
TP07F506,06:9D46:0:0:0,0x031D46,A8,TAY,IMP,UNKNOWN,UNKNOWN,NONE,V05C-contexts.csv,SOURCE_PROVED_NOT_YET_ADMITTED
TP07F506,06:9D47:0:0:0,0x031D47,98,TYA,IMP,UNKNOWN,UNKNOWN,NONE,V05C-contexts.csv,SOURCE_PROVED_NOT_YET_ADMITTED
TP07F506,06:9D48:0:0:0,0x031D48,A93000,LDA,IMM_M,UNKNOWN,UNKNOWN,NONE,V05C-contexts.csv,SOURCE_PROVED_NOT_YET_ADMITTED
TP07F506,06:9D4B:0:0:0,0x031D4B,22A78004,JSL,ABSL_JUMP,UNKNOWN,0,NONE,V05C-contexts.csv,SOURCE_PROVED_NOT_YET_ADMITTED
TP07F506,06:9D4F:0:0:0,0x031D4F,A8,TAY,IMP,UNKNOWN,UNKNOWN,NONE,V05C-contexts.csv,SOURCE_PROVED_NOT_YET_ADMITTED
TP07F506,06:9D50:0:0:0,0x031D50,18,CLC,IMP,UNKNOWN,UNKNOWN,NONE,V05C-contexts.csv,SOURCE_PROVED_NOT_YET_ADMITTED
TP07F506,06:9D51:0:0:0,0x031D51,692800,ADC,IMM_M,0,UNKNOWN,NONE,V05C-contexts.csv,SOURCE_PROVED_NOT_YET_ADMITTED
TP07F506,06:9D54:0:0:0,0x031D54,A8,TAY,IMP,UNKNOWN,UNKNOWN,NONE,V05C-contexts.csv,SOURCE_PROVED_NOT_YET_ADMITTED
TP07F506,06:9D55:0:0:0,0x031D55,A90000,LDA,IMM_M,UNKNOWN,UNKNOWN,NONE,V05C-contexts.csv,SOURCE_PROVED_NOT_YET_ADMITTED
TP07F506,06:9D58:0:0:0,0x031D58,B94D08,LDA,ABS_Y,UNKNOWN,1,NONE,V05C-contexts.csv,SOURCE_PROVED_NOT_YET_ADMITTED
TP07F506,06:9D5B:0:0:0,0x031D5B,29FF00,AND,IMM_M,UNKNOWN,UNKNOWN,NONE,V05C-contexts.csv,SOURCE_PROVED_NOT_YET_ADMITTED
TP07F506,06:9D5E:0:0:0,0x031D5E,0A,ASL,ACC,UNKNOWN,UNKNOWN,NONE,V05C-contexts.csv,SOURCE_PROVED_NOT_YET_ADMITTED
TP07F506,06:9D5F:0:0:0,0x031D5F,A8,TAY,IMP,UNKNOWN,UNKNOWN,NONE,V05C-contexts.csv,SOURCE_PROVED_NOT_YET_ADMITTED
TP07F506,06:9D60:0:0:0,0x031D60,ADE106,LDA,ABS,UNKNOWN,UNKNOWN,DBR:06E1,V05C-contexts.csv,SOURCE_PROVED_NOT_YET_ADMITTED
TP07F506,06:9D63:0:0:0,0x031D63,8D1900,STA,ABS,UNKNOWN,UNKNOWN,DBR:0019,V05C-contexts.csv,SOURCE_PROVED_NOT_YET_ADMITTED
TP07F506,06:9D66:0:0:0,0x031D66,E220,SEP,IMM8,UNKNOWN,UNKNOWN,NONE,V05C-contexts.csv,SOURCE_PROVED_NOT_YET_ADMITTED
TP07F506,06:9D68:0:1:0,0x031D68,C210,REP,IMM8,UNKNOWN,UNKNOWN,NONE,V05C-contexts.csv,SOURCE_PROVED_NOT_YET_ADMITTED
TP07F506,06:9D6A:0:1:0,0x031D6A,ADE306,LDA,ABS,UNKNOWN,UNKNOWN,DBR:06E3,V05C-contexts.csv,SOURCE_PROVED_NOT_YET_ADMITTED
TP07F506,06:9D6D:0:1:0,0x031D6D,8D1B00,STA,ABS,UNKNOWN,UNKNOWN,DBR:001B,V05C-contexts.csv,SOURCE_PROVED_NOT_YET_ADMITTED
TP07F506,06:9D70:0:1:0,0x031D70,8D9407,STA,ABS,UNKNOWN,UNKNOWN,DBR:0794,V05C-contexts.csv,SOURCE_PROVED_NOT_YET_ADMITTED
TP07F506,06:9D73:0:1:0,0x031D73,C230,REP,IMM8,UNKNOWN,UNKNOWN,NONE,V05C-contexts.csv,SOURCE_PROVED_NOT_YET_ADMITTED
TP07F506,06:9D75:0:0:0,0x031D75,B719,LDA,DP_IND_LONG_Y,UNKNOWN,UNKNOWN,NONE,V05C-contexts.csv,SOURCE_PROVED_NOT_YET_ADMITTED
TP07F506,06:9D77:0:0:0,0x031D77,8D9207,STA,ABS,UNKNOWN,UNKNOWN,DBR:0792,V05C-contexts.csv,SOURCE_PROVED_NOT_YET_ADMITTED
TP07F506,06:9D7A:0:0:0,0x031D7A,A90400,LDA,IMM_M,UNKNOWN,UNKNOWN,NONE,V05C-contexts.csv,SOURCE_PROVED_NOT_YET_ADMITTED
TP07F506,06:9D7D:0:0:0,0x031D7D,8D8A07,STA,ABS,UNKNOWN,0,DBR:078A,V05C-contexts.csv,SOURCE_PROVED_NOT_YET_ADMITTED
TP07F506,06:9D80:0:0:0,0x031D80,A90200,LDA,IMM_M,UNKNOWN,0,NONE,V05C-contexts.csv,SOURCE_PROVED_NOT_YET_ADMITTED
TP07F506,06:9D83:0:0:0,0x031D83,8D8E07,STA,ABS,UNKNOWN,0,DBR:078E,V05C-contexts.csv,SOURCE_PROVED_NOT_YET_ADMITTED
TP07F506,06:9D86:0:0:0,0x031D86,A90C00,LDA,IMM_M,UNKNOWN,0,NONE,V05C-contexts.csv,SOURCE_PROVED_NOT_YET_ADMITTED
TP07F506,06:9D89:0:0:0,0x031D89,8D9607,STA,ABS,UNKNOWN,0,DBR:0796,V05C-contexts.csv,SOURCE_PROVED_NOT_YET_ADMITTED
TP07F506,06:9D8C:0:0:0,0x031D8C,22AFDD01,JSL,ABSL_JUMP,UNKNOWN,0,NONE,V05C-contexts.csv,SOURCE_PROVED_NOT_YET_ADMITTED
TP07F506,06:9D90:0:0:1,0x031D90,223CA306,JSL,ABSL_JUMP,UNKNOWN,UNKNOWN,NONE,V05C-contexts.csv,SOURCE_PROVED_NOT_YET_ADMITTED
TP07F506,06:9D94:0:0:0,0x031D94,826D05,BRL,REL16,UNKNOWN,UNKNOWN,NONE,V05C-contexts.csv,SOURCE_PROVED_NOT_YET_ADMITTED
TP07F506,06:9D97:0:1:1,0x031D97,E230,SEP,IMM8,UNKNOWN,0,NONE,V05C-contexts.csv,SOURCE_PROVED_NOT_YET_ADMITTED
TP07F506,06:9D99:0:1:1,0x031D99,AD0A07,LDA,ABS,UNKNOWN,0,DBR:070A,V05C-contexts.csv,SOURCE_PROVED_NOT_YET_ADMITTED
TP07F506,06:9D9C:0:1:1,0x031D9C,C99E,CMP,IMM_M,UNKNOWN,UNKNOWN,NONE,V05C-contexts.csv,SOURCE_PROVED_NOT_YET_ADMITTED
TP07F506,06:9D9E:0:1:1,0x031D9E,F003,BEQ,REL8,UNKNOWN,UNKNOWN,NONE,V05C-contexts.csv,SOURCE_PROVED_NOT_YET_ADMITTED
TP07F506,06:9DA0:0:1:1,0x031DA0,827A03,BRL,REL16,UNKNOWN,0,NONE,V05C-contexts.csv,SOURCE_PROVED_NOT_YET_ADMITTED
TP07F506,06:9DA3:0:1:1,0x031DA3,C230,REP,IMM8,UNKNOWN,1,NONE,V05C-contexts.csv,SOURCE_PROVED_NOT_YET_ADMITTED
TP07F506,06:9DA5:0:0:0,0x031DA5,AC351F,LDY,ABS,UNKNOWN,1,DBR:1F35,V05C-contexts.csv,SOURCE_PROVED_NOT_YET_ADMITTED
TP07F506,06:9DA8:0:0:0,0x031DA8,29FF00,AND,IMM_M,UNKNOWN,UNKNOWN,NONE,V05C-contexts.csv,SOURCE_PROVED_NOT_YET_ADMITTED
TP07F506,06:9DAB:0:0:0,0x031DAB,98,TYA,IMP,UNKNOWN,UNKNOWN,NONE,V05C-contexts.csv,SOURCE_PROVED_NOT_YET_ADMITTED
TP07F506,06:9DAC:0:0:0,0x031DAC,A90A00,LDA,IMM_M,UNKNOWN,UNKNOWN,NONE,V05C-contexts.csv,SOURCE_PROVED_NOT_YET_ADMITTED
TP07F506,06:9DAF:0:0:0,0x031DAF,22A78004,JSL,ABSL_JUMP,UNKNOWN,0,NONE,V05C-contexts.csv,SOURCE_PROVED_NOT_YET_ADMITTED
TP07F506,06:9DB3:0:0:0,0x031DB3,A8,TAY,IMP,UNKNOWN,UNKNOWN,NONE,V05C-contexts.csv,SOURCE_PROVED_NOT_YET_ADMITTED
TP07F506,06:9DB4:0:0:0,0x031DB4,18,CLC,IMP,UNKNOWN,UNKNOWN,NONE,V05C-contexts.csv,SOURCE_PROVED_NOT_YET_ADMITTED
TP07F506,06:9DB5:0:0:0,0x031DB5,690800,ADC,IMM_M,0,UNKNOWN,NONE,V05C-contexts.csv,SOURCE_PROVED_NOT_YET_ADMITTED
TP07F506,06:9DB8:0:0:0,0x031DB8,A8,TAY,IMP,UNKNOWN,UNKNOWN,NONE,V05C-contexts.csv,SOURCE_PROVED_NOT_YET_ADMITTED
TP07F506,06:9DB9:0:0:0,0x031DB9,B9971D,LDA,ABS_Y,UNKNOWN,UNKNOWN,NONE,V05C-contexts.csv,SOURCE_PROVED_NOT_YET_ADMITTED
TP07F506,06:9DBC:0:0:0,0x031DBC,29FF00,AND,IMM_M,UNKNOWN,UNKNOWN,NONE,V05C-contexts.csv,SOURCE_PROVED_NOT_YET_ADMITTED
TP07F506,06:9DBF:0:0:0,0x031DBF,A8,TAY,IMP,UNKNOWN,UNKNOWN,NONE,V05C-contexts.csv,SOURCE_PROVED_NOT_YET_ADMITTED
TP07F506,06:9DC0:0:0:0,0x031DC0,98,TYA,IMP,UNKNOWN,UNKNOWN,NONE,V05C-contexts.csv,SOURCE_PROVED_NOT_YET_ADMITTED
TP07F506,06:9DC1:0:0:0,0x031DC1,A92700,LDA,IMM_M,UNKNOWN,UNKNOWN,NONE,V05C-contexts.csv,SOURCE_PROVED_NOT_YET_ADMITTED
TP07F506,06:9DC4:0:0:0,0x031DC4,22A78004,JSL,ABSL_JUMP,UNKNOWN,0,NONE,V05C-contexts.csv,SOURCE_PROVED_NOT_YET_ADMITTED
TP07F506,06:9DC8:0:0:0,0x031DC8,A8,TAY,IMP,UNKNOWN,UNKNOWN,NONE,V05C-contexts.csv,SOURCE_PROVED_NOT_YET_ADMITTED
TP07F506,06:9DC9:0:0:0,0x031DC9,18,CLC,IMP,UNKNOWN,UNKNOWN,NONE,V05C-contexts.csv,SOURCE_PROVED_NOT_YET_ADMITTED
TP07F506,06:9DCA:0:0:0,0x031DCA,690200,ADC,IMM_M,0,UNKNOWN,NONE,V05C-contexts.csv,SOURCE_PROVED_NOT_YET_ADMITTED
TP07F506,06:9DCD:0:0:0,0x031DCD,A8,TAY,IMP,UNKNOWN,UNKNOWN,NONE,V05C-contexts.csv,SOURCE_PROVED_NOT_YET_ADMITTED
TP07F506,06:9DCE:0:0:0,0x031DCE,B94D0E,LDA,ABS_Y,UNKNOWN,UNKNOWN,NONE,V05C-contexts.csv,SOURCE_PROVED_NOT_YET_ADMITTED
TP07F506,06:9DD1:0:0:0,0x031DD1,29FF00,AND,IMM_M,UNKNOWN,UNKNOWN,NONE,V05C-contexts.csv,SOURCE_PROVED_NOT_YET_ADMITTED
TP07F506,06:9DD4:0:0:0,0x031DD4,C230,REP,IMM8,UNKNOWN,UNKNOWN,NONE,V05C-contexts.csv,SOURCE_PROVED_NOT_YET_ADMITTED
TP07F506,06:9DD6:0:0:0,0x031DD6,C90800,CMP,IMM_M,UNKNOWN,UNKNOWN,NONE,V05C-contexts.csv,SOURCE_PROVED_NOT_YET_ADMITTED
TP07F506,06:9DD9:0:0:0,0x031DD9,F003,BEQ,REL8,UNKNOWN,UNKNOWN,NONE,V05C-contexts.csv,SOURCE_PROVED_NOT_YET_ADMITTED
TP07F506,06:9DDB:0:0:0,0x031DDB,826801,BRL,REL16,UNKNOWN,0,NONE,V05C-contexts.csv,SOURCE_PROVED_NOT_YET_ADMITTED
TP07F506,06:9DDE:0:0:0,0x031DDE,ADCF06,LDA,ABS,UNKNOWN,1,DBR:06CF,V05C-contexts.csv,SOURCE_PROVED_NOT_YET_ADMITTED
TP07F506,06:9DE1:0:0:0,0x031DE1,8D1900,STA,ABS,UNKNOWN,UNKNOWN,DBR:0019,V05C-contexts.csv,SOURCE_PROVED_NOT_YET_ADMITTED
TP07F506,06:9DE4:0:0:0,0x031DE4,E230,SEP,IMM8,UNKNOWN,UNKNOWN,NONE,V05C-contexts.csv,SOURCE_PROVED_NOT_YET_ADMITTED
TP07F506,06:9DE6:0:1:1,0x031DE6,ADD106,LDA,ABS,UNKNOWN,UNKNOWN,DBR:06D1,V05C-contexts.csv,SOURCE_PROVED_NOT_YET_ADMITTED
TP07F506,06:9DE9:0:1:1,0x031DE9,8D1B00,STA,ABS,UNKNOWN,UNKNOWN,DBR:001B,V05C-contexts.csv,SOURCE_PROVED_NOT_YET_ADMITTED
TP07F506,06:9DEC:0:1:1,0x031DEC,8D9407,STA,ABS,UNKNOWN,UNKNOWN,DBR:0794,V05C-contexts.csv,SOURCE_PROVED_NOT_YET_ADMITTED
TP07F506,06:9DEF:0:1:1,0x031DEF,C230,REP,IMM8,UNKNOWN,UNKNOWN,NONE,V05C-contexts.csv,SOURCE_PROVED_NOT_YET_ADMITTED
TP07F506,06:9DF1:0:0:0,0x031DF1,A01C01,LDY,IMM_X,UNKNOWN,UNKNOWN,NONE,V05C-contexts.csv,SOURCE_PROVED_NOT_YET_ADMITTED
TP07F506,06:9DF4:0:0:0,0x031DF4,B719,LDA,DP_IND_LONG_Y,UNKNOWN,0,NONE,V05C-contexts.csv,SOURCE_PROVED_NOT_YET_ADMITTED
TP07F506,06:9DF6:0:0:0,0x031DF6,8D9207,STA,ABS,UNKNOWN,UNKNOWN,DBR:0792,V05C-contexts.csv,SOURCE_PROVED_NOT_YET_ADMITTED
TP07F506,06:9DF9:0:0:0,0x031DF9,A92600,LDA,IMM_M,UNKNOWN,UNKNOWN,NONE,V05C-contexts.csv,SOURCE_PROVED_NOT_YET_ADMITTED
TP07F506,06:9DFC:0:0:0,0x031DFC,8D8A07,STA,ABS,UNKNOWN,0,DBR:078A,V05C-contexts.csv,SOURCE_PROVED_NOT_YET_ADMITTED
TP07F506,06:9DFF:0:0:0,0x031DFF,A91100,LDA,IMM_M,UNKNOWN,0,NONE,V05C-contexts.csv,SOURCE_PROVED_NOT_YET_ADMITTED
TP07F506,06:9E02:0:0:0,0x031E02,8D8E07,STA,ABS,UNKNOWN,0,DBR:078E,V05C-contexts.csv,SOURCE_PROVED_NOT_YET_ADMITTED
TP07F506,06:9E05:0:0:0,0x031E05,A90C00,LDA,IMM_M,UNKNOWN,0,NONE,V05C-contexts.csv,SOURCE_PROVED_NOT_YET_ADMITTED
TP07F506,06:9E08:0:0:0,0x031E08,8D9607,STA,ABS,UNKNOWN,0,DBR:0796,V05C-contexts.csv,SOURCE_PROVED_NOT_YET_ADMITTED
TP07F506,06:9E0B:0:0:0,0x031E0B,22AFDD01,JSL,ABSL_JUMP,UNKNOWN,0,NONE,V05C-contexts.csv,SOURCE_PROVED_NOT_YET_ADMITTED
TP07F506,06:9E0F:0:0:1,0x031E0F,223CA306,JSL,ABSL_JUMP,UNKNOWN,UNKNOWN,NONE,V05C-contexts.csv,SOURCE_PROVED_NOT_YET_ADMITTED
TP07F506,06:9E13:0:0:0,0x031E13,C230,REP,IMM8,UNKNOWN,UNKNOWN,NONE,V05C-contexts.csv,SOURCE_PROVED_NOT_YET_ADMITTED
TP07F506,06:9E15:0:0:0,0x031E15,AC351F,LDY,ABS,UNKNOWN,UNKNOWN,DBR:1F35,V05C-contexts.csv,SOURCE_PROVED_NOT_YET_ADMITTED
TP07F506,06:9E18:0:0:0,0x031E18,29FF00,AND,IMM_M,UNKNOWN,UNKNOWN,NONE,V05C-contexts.csv,SOURCE_PROVED_NOT_YET_ADMITTED
TP07F506,06:9E1B:0:0:0,0x031E1B,98,TYA,IMP,UNKNOWN,UNKNOWN,NONE,V05C-contexts.csv,SOURCE_PROVED_NOT_YET_ADMITTED
TP07F506,06:9E1C:0:0:0,0x031E1C,A90A00,LDA,IMM_M,UNKNOWN,UNKNOWN,NONE,V05C-contexts.csv,SOURCE_PROVED_NOT_YET_ADMITTED
TP07F506,06:9E1F:0:0:0,0x031E1F,22A78004,JSL,ABSL_JUMP,UNKNOWN,0,NONE,V05C-contexts.csv,SOURCE_PROVED_NOT_YET_ADMITTED
TP07F506,06:9E23:0:0:0,0x031E23,A8,TAY,IMP,UNKNOWN,UNKNOWN,NONE,V05C-contexts.csv,SOURCE_PROVED_NOT_YET_ADMITTED
TP07F506,06:9E24:0:0:0,0x031E24,18,CLC,IMP,UNKNOWN,UNKNOWN,NONE,V05C-contexts.csv,SOURCE_PROVED_NOT_YET_ADMITTED
TP07F506,06:9E25:0:0:0,0x031E25,690800,ADC,IMM_M,0,UNKNOWN,NONE,V05C-contexts.csv,SOURCE_PROVED_NOT_YET_ADMITTED
TP07F506,06:9E28:0:0:0,0x031E28,A8,TAY,IMP,UNKNOWN,UNKNOWN,NONE,V05C-contexts.csv,SOURCE_PROVED_NOT_YET_ADMITTED
TP07F506,06:9E29:0:0:0,0x031E29,B9971D,LDA,ABS_Y,UNKNOWN,UNKNOWN,NONE,V05C-contexts.csv,SOURCE_PROVED_NOT_YET_ADMITTED
TP07F506,06:9E2C:0:0:0,0x031E2C,29FF00,AND,IMM_M,UNKNOWN,UNKNOWN,NONE,V05C-contexts.csv,SOURCE_PROVED_NOT_YET_ADMITTED
TP07F506,06:9E2F:0:0:0,0x031E2F,A8,TAY,IMP,UNKNOWN,UNKNOWN,NONE,V05C-contexts.csv,SOURCE_PROVED_NOT_YET_ADMITTED
TP07F506,06:9E30:0:0:0,0x031E30,98,TYA,IMP,UNKNOWN,UNKNOWN,NONE,V05C-contexts.csv,SOURCE_PROVED_NOT_YET_ADMITTED
TP07F506,06:9E31:0:0:0,0x031E31,A92700,LDA,IMM_M,UNKNOWN,UNKNOWN,NONE,V05C-contexts.csv,SOURCE_PROVED_NOT_YET_ADMITTED
TP07F506,06:9E34:0:0:0,0x031E34,22A78004,JSL,ABSL_JUMP,UNKNOWN,0,NONE,V05C-contexts.csv,SOURCE_PROVED_NOT_YET_ADMITTED
TP07F506,06:9E38:0:0:0,0x031E38,A8,TAY,IMP,UNKNOWN,UNKNOWN,NONE,V05C-contexts.csv,SOURCE_PROVED_NOT_YET_ADMITTED
TP07F506,06:9E39:0:0:0,0x031E39,18,CLC,IMP,UNKNOWN,UNKNOWN,NONE,V05C-contexts.csv,SOURCE_PROVED_NOT_YET_ADMITTED
TP07F506,06:9E3A:0:0:0,0x031E3A,692500,ADC,IMM_M,0,UNKNOWN,NONE,V05C-contexts.csv,SOURCE_PROVED_NOT_YET_ADMITTED
TP07F506,06:9E3D:0:0:0,0x031E3D,A8,TAY,IMP,UNKNOWN,UNKNOWN,NONE,V05C-contexts.csv,SOURCE_PROVED_NOT_YET_ADMITTED
TP07F506,06:9E3E:0:0:0,0x031E3E,B94D0E,LDA,ABS_Y,UNKNOWN,UNKNOWN,NONE,V05C-contexts.csv,SOURCE_PROVED_NOT_YET_ADMITTED
TP07F506,06:9E41:0:0:0,0x031E41,29FF00,AND,IMM_M,UNKNOWN,UNKNOWN,NONE,V05C-contexts.csv,SOURCE_PROVED_NOT_YET_ADMITTED
TP07F506,06:9E44:0:0:0,0x031E44,A20A00,LDX,IMM_X,UNKNOWN,UNKNOWN,NONE,V05C-contexts.csv,SOURCE_PROVED_NOT_YET_ADMITTED
TP07F506,06:9E47:0:0:0,0x031E47,229EA506,JSL,ABSL_JUMP,UNKNOWN,0,NONE,V05C-contexts.csv,SOURCE_PROVED_NOT_YET_ADMITTED
TP07F506,06:9E4B:0:0:0,0x031E4B,0A,ASL,ACC,UNKNOWN|0|1,UNKNOWN,NONE,V05C-contexts.csv,SOURCE_PROVED_NOT_YET_ADMITTED
TP07F506,06:9E4C:0:0:0,0x031E4C,A8,TAY,IMP,UNKNOWN,UNKNOWN,NONE,V05C-contexts.csv,SOURCE_PROVED_NOT_YET_ADMITTED
TP07F506,06:9E4D:0:0:0,0x031E4D,E210,SEP,IMM8,UNKNOWN,UNKNOWN,NONE,V05C-contexts.csv,SOURCE_PROVED_NOT_YET_ADMITTED
TP07F506,06:9E4F:0:0:1,0x031E4F,C220,REP,IMM8,UNKNOWN,UNKNOWN,NONE,V05C-contexts.csv,SOURCE_PROVED_NOT_YET_ADMITTED
TP07F506,06:9E51:0:0:1,0x031E51,ADDE06,LDA,ABS,UNKNOWN,UNKNOWN,DBR:06DE,V05C-contexts.csv,SOURCE_PROVED_NOT_YET_ADMITTED
TP07F506,06:9E54:0:0:1,0x031E54,8D1900,STA,ABS,UNKNOWN,UNKNOWN,DBR:0019,V05C-contexts.csv,SOURCE_PROVED_NOT_YET_ADMITTED
TP07F506,06:9E57:0:0:1,0x031E57,AEE006,LDX,ABS,UNKNOWN,UNKNOWN,DBR:06E0,V05C-contexts.csv,SOURCE_PROVED_NOT_YET_ADMITTED
TP07F506,06:9E5A:0:0:1,0x031E5A,8E1B00,STX,ABS,UNKNOWN,UNKNOWN,DBR:001B,V05C-contexts.csv,SOURCE_PROVED_NOT_YET_ADMITTED
TP07F506,06:9E5D:0:0:1,0x031E5D,8E9407,STX,ABS,UNKNOWN,UNKNOWN,DBR:0794,V05C-contexts.csv,SOURCE_PROVED_NOT_YET_ADMITTED
TP07F506,06:9E60:0:0:1,0x031E60,B719,LDA,DP_IND_LONG_Y,UNKNOWN,UNKNOWN,NONE,V05C-contexts.csv,SOURCE_PROVED_NOT_YET_ADMITTED
TP07F506,06:9E62:0:0:1,0x031E62,8D9207,STA,ABS,UNKNOWN,UNKNOWN,DBR:0792,V05C-contexts.csv,SOURCE_PROVED_NOT_YET_ADMITTED
TP07F506,06:9E65:0:0:1,0x031E65,C230,REP,IMM8,UNKNOWN,UNKNOWN,NONE,V05C-contexts.csv,SOURCE_PROVED_NOT_YET_ADMITTED
TP07F506,06:9E67:0:0:0,0x031E67,A92600,LDA,IMM_M,UNKNOWN,UNKNOWN,NONE,V05C-contexts.csv,SOURCE_PROVED_NOT_YET_ADMITTED
TP07F506,06:9E6A:0:0:0,0x031E6A,8D8A07,STA,ABS,UNKNOWN,0,DBR:078A,V05C-contexts.csv,SOURCE_PROVED_NOT_YET_ADMITTED
TP07F506,06:9E6D:0:0:0,0x031E6D,A91700,LDA,IMM_M,UNKNOWN,0,NONE,V05C-contexts.csv,SOURCE_PROVED_NOT_YET_ADMITTED
TP07F506,06:9E70:0:0:0,0x031E70,8D8E07,STA,ABS,UNKNOWN,0,DBR:078E,V05C-contexts.csv,SOURCE_PROVED_NOT_YET_ADMITTED
TP07F506,06:9E73:0:0:0,0x031E73,A90C00,LDA,IMM_M,UNKNOWN,0,NONE,V05C-contexts.csv,SOURCE_PROVED_NOT_YET_ADMITTED
TP07F506,06:9E76:0:0:0,0x031E76,8D9607,STA,ABS,UNKNOWN,0,DBR:0796,V05C-contexts.csv,SOURCE_PROVED_NOT_YET_ADMITTED
TP07F506,06:9E79:0:0:0,0x031E79,22AFDD01,JSL,ABSL_JUMP,UNKNOWN,0,NONE,V05C-contexts.csv,SOURCE_PROVED_NOT_YET_ADMITTED
TP07F506,06:9E7D:0:0:1,0x031E7D,223CA306,JSL,ABSL_JUMP,UNKNOWN,UNKNOWN,NONE,V05C-contexts.csv,SOURCE_PROVED_NOT_YET_ADMITTED
TP07F506,06:9E81:0:0:0,0x031E81,C230,REP,IMM8,UNKNOWN,UNKNOWN,NONE,V05C-contexts.csv,SOURCE_PROVED_NOT_YET_ADMITTED
TP07F506,06:9E83:0:0:0,0x031E83,AC351F,LDY,ABS,UNKNOWN,UNKNOWN,DBR:1F35,V05C-contexts.csv,SOURCE_PROVED_NOT_YET_ADMITTED
TP07F506,06:9E86:0:0:0,0x031E86,29FF00,AND,IMM_M,UNKNOWN,UNKNOWN,NONE,V05C-contexts.csv,SOURCE_PROVED_NOT_YET_ADMITTED
TP07F506,06:9E89:0:0:0,0x031E89,98,TYA,IMP,UNKNOWN,UNKNOWN,NONE,V05C-contexts.csv,SOURCE_PROVED_NOT_YET_ADMITTED
TP07F506,06:9E8A:0:0:0,0x031E8A,A90A00,LDA,IMM_M,UNKNOWN,UNKNOWN,NONE,V05C-contexts.csv,SOURCE_PROVED_NOT_YET_ADMITTED
TP07F506,06:9E8D:0:0:0,0x031E8D,22A78004,JSL,ABSL_JUMP,UNKNOWN,0,NONE,V05C-contexts.csv,SOURCE_PROVED_NOT_YET_ADMITTED
TP07F506,06:9E91:0:0:0,0x031E91,A8,TAY,IMP,UNKNOWN,UNKNOWN,NONE,V05C-contexts.csv,SOURCE_PROVED_NOT_YET_ADMITTED
TP07F506,06:9E92:0:0:0,0x031E92,18,CLC,IMP,UNKNOWN,UNKNOWN,NONE,V05C-contexts.csv,SOURCE_PROVED_NOT_YET_ADMITTED
TP07F506,06:9E93:0:0:0,0x031E93,690800,ADC,IMM_M,0,UNKNOWN,NONE,V05C-contexts.csv,SOURCE_PROVED_NOT_YET_ADMITTED
TP07F506,06:9E96:0:0:0,0x031E96,A8,TAY,IMP,UNKNOWN,UNKNOWN,NONE,V05C-contexts.csv,SOURCE_PROVED_NOT_YET_ADMITTED
TP07F506,06:9E97:0:0:0,0x031E97,B9971D,LDA,ABS_Y,UNKNOWN,UNKNOWN,NONE,V05C-contexts.csv,SOURCE_PROVED_NOT_YET_ADMITTED
TP07F506,06:9E9A:0:0:0,0x031E9A,29FF00,AND,IMM_M,UNKNOWN,UNKNOWN,NONE,V05C-contexts.csv,SOURCE_PROVED_NOT_YET_ADMITTED
TP07F506,06:9E9D:0:0:0,0x031E9D,A8,TAY,IMP,UNKNOWN,UNKNOWN,NONE,V05C-contexts.csv,SOURCE_PROVED_NOT_YET_ADMITTED
TP07F506,06:9E9E:0:0:0,0x031E9E,98,TYA,IMP,UNKNOWN,UNKNOWN,NONE,V05C-contexts.csv,SOURCE_PROVED_NOT_YET_ADMITTED
TP07F506,06:9E9F:0:0:0,0x031E9F,A92700,LDA,IMM_M,UNKNOWN,UNKNOWN,NONE,V05C-contexts.csv,SOURCE_PROVED_NOT_YET_ADMITTED
TP07F506,06:9EA2:0:0:0,0x031EA2,22A78004,JSL,ABSL_JUMP,UNKNOWN,0,NONE,V05C-contexts.csv,SOURCE_PROVED_NOT_YET_ADMITTED
TP07F506,06:9EA6:0:0:0,0x031EA6,A8,TAY,IMP,UNKNOWN,UNKNOWN,NONE,V05C-contexts.csv,SOURCE_PROVED_NOT_YET_ADMITTED
TP07F506,06:9EA7:0:0:0,0x031EA7,18,CLC,IMP,UNKNOWN,UNKNOWN,NONE,V05C-contexts.csv,SOURCE_PROVED_NOT_YET_ADMITTED
TP07F506,06:9EA8:0:0:0,0x031EA8,690A00,ADC,IMM_M,0,UNKNOWN,NONE,V05C-contexts.csv,SOURCE_PROVED_NOT_YET_ADMITTED
TP07F506,06:9EAB:0:0:0,0x031EAB,A8,TAY,IMP,UNKNOWN,UNKNOWN,NONE,V05C-contexts.csv,SOURCE_PROVED_NOT_YET_ADMITTED
TP07F506,06:9EAC:0:0:0,0x031EAC,B94D0E,LDA,ABS_Y,UNKNOWN,UNKNOWN,NONE,V05C-contexts.csv,SOURCE_PROVED_NOT_YET_ADMITTED
TP07F506,06:9EAF:0:0:0,0x031EAF,8D8A07,STA,ABS,UNKNOWN,UNKNOWN,DBR:078A,V05C-contexts.csv,SOURCE_PROVED_NOT_YET_ADMITTED
TP07F506,06:9EB2:0:0:0,0x031EB2,22CDA406,JSL,ABSL_JUMP,UNKNOWN,UNKNOWN,NONE,V05C-contexts.csv,SOURCE_PROVED_NOT_YET_ADMITTED
TP07F506,06:9EB6:0:0:1,0x031EB6,C230,REP,IMM8,UNKNOWN|1,UNKNOWN,NONE,V05C-contexts.csv,SOURCE_PROVED_NOT_YET_ADMITTED
TP07F506,06:9EB8:0:0:0,0x031EB8,A92600,LDA,IMM_M,UNKNOWN|1,UNKNOWN,NONE,V05C-contexts.csv,SOURCE_PROVED_NOT_YET_ADMITTED
TP07F506,06:9EBB:0:0:0,0x031EBB,8D8A07,STA,ABS,UNKNOWN|1,0,DBR:078A,V05C-contexts.csv,SOURCE_PROVED_NOT_YET_ADMITTED
TP07F506,06:9EBE:0:0:0,0x031EBE,A91300,LDA,IMM_M,UNKNOWN|1,0,NONE,V05C-contexts.csv,SOURCE_PROVED_NOT_YET_ADMITTED
TP07F506,06:9EC1:0:0:0,0x031EC1,8D8E07,STA,ABS,UNKNOWN|1,0,DBR:078E,V05C-contexts.csv,SOURCE_PROVED_NOT_YET_ADMITTED
TP07F506,06:9EC4:0:0:0,0x031EC4,AD1F00,LDA,ABS,UNKNOWN|1,0,DBR:001F,V05C-contexts.csv,SOURCE_PROVED_NOT_YET_ADMITTED
TP07F506,06:9EC7:0:0:0,0x031EC7,18,CLC,IMP,UNKNOWN|1,UNKNOWN,NONE,V05C-contexts.csv,SOURCE_PROVED_NOT_YET_ADMITTED
TP07F506,06:9EC8:0:0:0,0x031EC8,696400,ADC,IMM_M,0,UNKNOWN,NONE,V05C-contexts.csv,SOURCE_PROVED_NOT_YET_ADMITTED
TP07F506,06:9ECB:0:0:0,0x031ECB,AE2100,LDX,ABS,UNKNOWN,UNKNOWN,DBR:0021,V05C-contexts.csv,SOURCE_PROVED_NOT_YET_ADMITTED
TP07F506,06:9ECE:0:0:0,0x031ECE,8D9207,STA,ABS,UNKNOWN,UNKNOWN,DBR:0792,V05C-contexts.csv,SOURCE_PROVED_NOT_YET_ADMITTED
TP07F506,06:9ED1:0:0:0,0x031ED1,8E9407,STX,ABS,UNKNOWN,UNKNOWN,DBR:0794,V05C-contexts.csv,SOURCE_PROVED_NOT_YET_ADMITTED
TP07F506,06:9ED4:0:0:0,0x031ED4,A90C00,LDA,IMM_M,UNKNOWN,UNKNOWN,NONE,V05C-contexts.csv,SOURCE_PROVED_NOT_YET_ADMITTED
TP07F506,06:9ED7:0:0:0,0x031ED7,8D9607,STA,ABS,UNKNOWN,0,DBR:0796,V05C-contexts.csv,SOURCE_PROVED_NOT_YET_ADMITTED
TP07F506,06:9EDA:0:0:0,0x031EDA,22AFDD01,JSL,ABSL_JUMP,UNKNOWN,0,NONE,V05C-contexts.csv,SOURCE_PROVED_NOT_YET_ADMITTED
TP07F506,06:9EDE:0:0:1,0x031EDE,223CA306,JSL,ABSL_JUMP,UNKNOWN,UNKNOWN,NONE,V05C-contexts.csv,SOURCE_PROVED_NOT_YET_ADMITTED
TP07F506,06:9EE2:0:0:0,0x031EE2,C230,REP,IMM8,UNKNOWN,UNKNOWN,NONE,V05C-contexts.csv,SOURCE_PROVED_NOT_YET_ADMITTED
TP07F506,06:9EE4:0:0:0,0x031EE4,AC351F,LDY,ABS,UNKNOWN,UNKNOWN,DBR:1F35,V05C-contexts.csv,SOURCE_PROVED_NOT_YET_ADMITTED
TP07F506,06:9EE7:0:0:0,0x031EE7,29FF00,AND,IMM_M,UNKNOWN,UNKNOWN,NONE,V05C-contexts.csv,SOURCE_PROVED_NOT_YET_ADMITTED
TP07F506,06:9EEA:0:0:0,0x031EEA,98,TYA,IMP,UNKNOWN,UNKNOWN,NONE,V05C-contexts.csv,SOURCE_PROVED_NOT_YET_ADMITTED
TP07F506,06:9EEB:0:0:0,0x031EEB,A90A00,LDA,IMM_M,UNKNOWN,UNKNOWN,NONE,V05C-contexts.csv,SOURCE_PROVED_NOT_YET_ADMITTED
TP07F506,06:9EEE:0:0:0,0x031EEE,22A78004,JSL,ABSL_JUMP,UNKNOWN,0,NONE,V05C-contexts.csv,SOURCE_PROVED_NOT_YET_ADMITTED
TP07F506,06:9EF2:0:0:0,0x031EF2,A8,TAY,IMP,UNKNOWN,UNKNOWN,NONE,V05C-contexts.csv,SOURCE_PROVED_NOT_YET_ADMITTED
TP07F506,06:9EF3:0:0:0,0x031EF3,18,CLC,IMP,UNKNOWN,UNKNOWN,NONE,V05C-contexts.csv,SOURCE_PROVED_NOT_YET_ADMITTED
TP07F506,06:9EF4:0:0:0,0x031EF4,690800,ADC,IMM_M,0,UNKNOWN,NONE,V05C-contexts.csv,SOURCE_PROVED_NOT_YET_ADMITTED
TP07F506,06:9EF7:0:0:0,0x031EF7,A8,TAY,IMP,UNKNOWN,UNKNOWN,NONE,V05C-contexts.csv,SOURCE_PROVED_NOT_YET_ADMITTED
TP07F506,06:9EF8:0:0:0,0x031EF8,B9971D,LDA,ABS_Y,UNKNOWN,UNKNOWN,NONE,V05C-contexts.csv,SOURCE_PROVED_NOT_YET_ADMITTED
TP07F506,06:9EFB:0:0:0,0x031EFB,29FF00,AND,IMM_M,UNKNOWN,UNKNOWN,NONE,V05C-contexts.csv,SOURCE_PROVED_NOT_YET_ADMITTED
TP07F506,06:9EFE:0:0:0,0x031EFE,A8,TAY,IMP,UNKNOWN,UNKNOWN,NONE,V05C-contexts.csv,SOURCE_PROVED_NOT_YET_ADMITTED
TP07F506,06:9EFF:0:0:0,0x031EFF,98,TYA,IMP,UNKNOWN,UNKNOWN,NONE,V05C-contexts.csv,SOURCE_PROVED_NOT_YET_ADMITTED
TP07F506,06:9F00:0:0:0,0x031F00,A92700,LDA,IMM_M,UNKNOWN,UNKNOWN,NONE,V05C-contexts.csv,SOURCE_PROVED_NOT_YET_ADMITTED
TP07F506,06:9F03:0:0:0,0x031F03,22A78004,JSL,ABSL_JUMP,UNKNOWN,0,NONE,V05C-contexts.csv,SOURCE_PROVED_NOT_YET_ADMITTED
TP07F506,06:9F07:0:0:0,0x031F07,A8,TAY,IMP,UNKNOWN,UNKNOWN,NONE,V05C-contexts.csv,SOURCE_PROVED_NOT_YET_ADMITTED
TP07F506,06:9F08:0:0:0,0x031F08,18,CLC,IMP,UNKNOWN,UNKNOWN,NONE,V05C-contexts.csv,SOURCE_PROVED_NOT_YET_ADMITTED
TP07F506,06:9F09:0:0:0,0x031F09,690C00,ADC,IMM_M,0,UNKNOWN,NONE,V05C-contexts.csv,SOURCE_PROVED_NOT_YET_ADMITTED
TP07F506,06:9F0C:0:0:0,0x031F0C,A8,TAY,IMP,UNKNOWN,UNKNOWN,NONE,V05C-contexts.csv,SOURCE_PROVED_NOT_YET_ADMITTED
TP07F506,06:9F0D:0:0:0,0x031F0D,B94D0E,LDA,ABS_Y,UNKNOWN,UNKNOWN,NONE,V05C-contexts.csv,SOURCE_PROVED_NOT_YET_ADMITTED
TP07F506,06:9F10:0:0:0,0x031F10,8D8A07,STA,ABS,UNKNOWN,UNKNOWN,DBR:078A,V05C-contexts.csv,SOURCE_PROVED_NOT_YET_ADMITTED
TP07F506,06:9F13:0:0:0,0x031F13,22CDA406,JSL,ABSL_JUMP,UNKNOWN,UNKNOWN,NONE,V05C-contexts.csv,SOURCE_PROVED_NOT_YET_ADMITTED
TP07F506,06:9F17:0:0:1,0x031F17,C230,REP,IMM8,UNKNOWN|1,UNKNOWN,NONE,V05C-contexts.csv,SOURCE_PROVED_NOT_YET_ADMITTED
TP07F506,06:9F19:0:0:0,0x031F19,A92600,LDA,IMM_M,UNKNOWN|1,UNKNOWN,NONE,V05C-contexts.csv,SOURCE_PROVED_NOT_YET_ADMITTED
TP07F506,06:9F1C:0:0:0,0x031F1C,8D8A07,STA,ABS,UNKNOWN|1,0,DBR:078A,V05C-contexts.csv,SOURCE_PROVED_NOT_YET_ADMITTED
TP07F506,06:9F1F:0:0:0,0x031F1F,A91500,LDA,IMM_M,UNKNOWN|1,0,NONE,V05C-contexts.csv,SOURCE_PROVED_NOT_YET_ADMITTED
TP07F506,06:9F22:0:0:0,0x031F22,8D8E07,STA,ABS,UNKNOWN|1,0,DBR:078E,V05C-contexts.csv,SOURCE_PROVED_NOT_YET_ADMITTED
TP07F506,06:9F25:0:0:0,0x031F25,AD1F00,LDA,ABS,UNKNOWN|1,0,DBR:001F,V05C-contexts.csv,SOURCE_PROVED_NOT_YET_ADMITTED
TP07F506,06:9F28:0:0:0,0x031F28,18,CLC,IMP,UNKNOWN|1,UNKNOWN,NONE,V05C-contexts.csv,SOURCE_PROVED_NOT_YET_ADMITTED
TP07F506,06:9F29:0:0:0,0x031F29,696400,ADC,IMM_M,0,UNKNOWN,NONE,V05C-contexts.csv,SOURCE_PROVED_NOT_YET_ADMITTED
TP07F506,06:9F2C:0:0:0,0x031F2C,AE2100,LDX,ABS,UNKNOWN,UNKNOWN,DBR:0021,V05C-contexts.csv,SOURCE_PROVED_NOT_YET_ADMITTED
TP07F506,06:9F2F:0:0:0,0x031F2F,8D9207,STA,ABS,UNKNOWN,UNKNOWN,DBR:0792,V05C-contexts.csv,SOURCE_PROVED_NOT_YET_ADMITTED
TP07F506,06:9F32:0:0:0,0x031F32,8E9407,STX,ABS,UNKNOWN,UNKNOWN,DBR:0794,V05C-contexts.csv,SOURCE_PROVED_NOT_YET_ADMITTED
TP07F506,06:9F35:0:0:0,0x031F35,A90C00,LDA,IMM_M,UNKNOWN,UNKNOWN,NONE,V05C-contexts.csv,SOURCE_PROVED_NOT_YET_ADMITTED
TP07F506,06:9F38:0:0:0,0x031F38,8D9607,STA,ABS,UNKNOWN,0,DBR:0796,V05C-contexts.csv,SOURCE_PROVED_NOT_YET_ADMITTED
TP07F506,06:9F3B:0:0:0,0x031F3B,22AFDD01,JSL,ABSL_JUMP,UNKNOWN,0,NONE,V05C-contexts.csv,SOURCE_PROVED_NOT_YET_ADMITTED
TP07F506,06:9F3F:0:0:1,0x031F3F,223CA306,JSL,ABSL_JUMP,UNKNOWN,UNKNOWN,NONE,V05C-contexts.csv,SOURCE_PROVED_NOT_YET_ADMITTED
TP07F506,06:9F43:0:0:0,0x031F43,822801,BRL,REL16,UNKNOWN,UNKNOWN,NONE,V05C-contexts.csv,SOURCE_PROVED_NOT_YET_ADMITTED
TP07F506,06:9F46:0:0:0,0x031F46,C230,REP,IMM8,UNKNOWN,0,NONE,V05C-contexts.csv,SOURCE_PROVED_NOT_YET_ADMITTED
TP07F506,06:9F48:0:0:0,0x031F48,AC351F,LDY,ABS,UNKNOWN,0,DBR:1F35,V05C-contexts.csv,SOURCE_PROVED_NOT_YET_ADMITTED
TP07F506,06:9F4B:0:0:0,0x031F4B,29FF00,AND,IMM_M,UNKNOWN,UNKNOWN,NONE,V05C-contexts.csv,SOURCE_PROVED_NOT_YET_ADMITTED
TP07F506,06:9F4E:0:0:0,0x031F4E,98,TYA,IMP,UNKNOWN,UNKNOWN,NONE,V05C-contexts.csv,SOURCE_PROVED_NOT_YET_ADMITTED
TP07F506,06:9F4F:0:0:0,0x031F4F,A90A00,LDA,IMM_M,UNKNOWN,UNKNOWN,NONE,V05C-contexts.csv,SOURCE_PROVED_NOT_YET_ADMITTED
TP07F506,06:9F52:0:0:0,0x031F52,22A78004,JSL,ABSL_JUMP,UNKNOWN,0,NONE,V05C-contexts.csv,SOURCE_PROVED_NOT_YET_ADMITTED
TP07F506,06:9F56:0:0:0,0x031F56,A8,TAY,IMP,UNKNOWN,UNKNOWN,NONE,V05C-contexts.csv,SOURCE_PROVED_NOT_YET_ADMITTED
TP07F506,06:9F57:0:0:0,0x031F57,18,CLC,IMP,UNKNOWN,UNKNOWN,NONE,V05C-contexts.csv,SOURCE_PROVED_NOT_YET_ADMITTED
TP07F506,06:9F58:0:0:0,0x031F58,690800,ADC,IMM_M,0,UNKNOWN,NONE,V05C-contexts.csv,SOURCE_PROVED_NOT_YET_ADMITTED
TP07F506,06:9F5B:0:0:0,0x031F5B,A8,TAY,IMP,UNKNOWN,UNKNOWN,NONE,V05C-contexts.csv,SOURCE_PROVED_NOT_YET_ADMITTED
TP07F506,06:9F5C:0:0:0,0x031F5C,B9971D,LDA,ABS_Y,UNKNOWN,UNKNOWN,NONE,V05C-contexts.csv,SOURCE_PROVED_NOT_YET_ADMITTED
TP07F506,06:9F5F:0:0:0,0x031F5F,29FF00,AND,IMM_M,UNKNOWN,UNKNOWN,NONE,V05C-contexts.csv,SOURCE_PROVED_NOT_YET_ADMITTED
TP07F506,06:9F62:0:0:0,0x031F62,A8,TAY,IMP,UNKNOWN,UNKNOWN,NONE,V05C-contexts.csv,SOURCE_PROVED_NOT_YET_ADMITTED
TP07F506,06:9F63:0:0:0,0x031F63,98,TYA,IMP,UNKNOWN,UNKNOWN,NONE,V05C-contexts.csv,SOURCE_PROVED_NOT_YET_ADMITTED
TP07F506,06:9F64:0:0:0,0x031F64,A92700,LDA,IMM_M,UNKNOWN,UNKNOWN,NONE,V05C-contexts.csv,SOURCE_PROVED_NOT_YET_ADMITTED
TP07F506,06:9F67:0:0:0,0x031F67,22A78004,JSL,ABSL_JUMP,UNKNOWN,0,NONE,V05C-contexts.csv,SOURCE_PROVED_NOT_YET_ADMITTED
TP07F506,06:9F6B:0:0:0,0x031F6B,A8,TAY,IMP,UNKNOWN,UNKNOWN,NONE,V05C-contexts.csv,SOURCE_PROVED_NOT_YET_ADMITTED
TP07F506,06:9F6C:0:0:0,0x031F6C,18,CLC,IMP,UNKNOWN,UNKNOWN,NONE,V05C-contexts.csv,SOURCE_PROVED_NOT_YET_ADMITTED
TP07F506,06:9F6D:0:0:0,0x031F6D,691000,ADC,IMM_M,0,UNKNOWN,NONE,V05C-contexts.csv,SOURCE_PROVED_NOT_YET_ADMITTED
TP07F506,06:9F70:0:0:0,0x031F70,A8,TAY,IMP,UNKNOWN,UNKNOWN,NONE,V05C-contexts.csv,SOURCE_PROVED_NOT_YET_ADMITTED
TP07F506,06:9F71:0:0:0,0x031F71,B94D0E,LDA,ABS_Y,UNKNOWN,UNKNOWN,NONE,V05C-contexts.csv,SOURCE_PROVED_NOT_YET_ADMITTED
TP07F506,06:9F74:0:0:0,0x031F74,0A,ASL,ACC,UNKNOWN,UNKNOWN,NONE,V05C-contexts.csv,SOURCE_PROVED_NOT_YET_ADMITTED
TP07F506,06:9F75:0:0:0,0x031F75,A8,TAY,IMP,UNKNOWN,UNKNOWN,NONE,V05C-contexts.csv,SOURCE_PROVED_NOT_YET_ADMITTED
TP07F506,06:9F76:0:0:0,0x031F76,ADCF06,LDA,ABS,UNKNOWN,UNKNOWN,DBR:06CF,V05C-contexts.csv,SOURCE_PROVED_NOT_YET_ADMITTED
TP07F506,06:9F79:0:0:0,0x031F79,8D1900,STA,ABS,UNKNOWN,UNKNOWN,DBR:0019,V05C-contexts.csv,SOURCE_PROVED_NOT_YET_ADMITTED
TP07F506,06:9F7C:0:0:0,0x031F7C,E220,SEP,IMM8,UNKNOWN,UNKNOWN,NONE,V05C-contexts.csv,SOURCE_PROVED_NOT_YET_ADMITTED
TP07F506,06:9F7E:0:1:0,0x031F7E,C210,REP,IMM8,UNKNOWN,UNKNOWN,NONE,V05C-contexts.csv,SOURCE_PROVED_NOT_YET_ADMITTED
TP07F506,06:9F80:0:1:0,0x031F80,ADD106,LDA,ABS,UNKNOWN,UNKNOWN,DBR:06D1,V05C-contexts.csv,SOURCE_PROVED_NOT_YET_ADMITTED
TP07F506,06:9F83:0:1:0,0x031F83,8D1B00,STA,ABS,UNKNOWN,UNKNOWN,DBR:001B,V05C-contexts.csv,SOURCE_PROVED_NOT_YET_ADMITTED
TP07F506,06:9F86:0:1:0,0x031F86,8D9407,STA,ABS,UNKNOWN,UNKNOWN,DBR:0794,V05C-contexts.csv,SOURCE_PROVED_NOT_YET_ADMITTED
TP07F506,06:9F89:0:1:0,0x031F89,C230,REP,IMM8,UNKNOWN,UNKNOWN,NONE,V05C-contexts.csv,SOURCE_PROVED_NOT_YET_ADMITTED
TP07F506,06:9F8B:0:0:0,0x031F8B,B719,LDA,DP_IND_LONG_Y,UNKNOWN,UNKNOWN,NONE,V05C-contexts.csv,SOURCE_PROVED_NOT_YET_ADMITTED
TP07F506,06:9F8D:0:0:0,0x031F8D,8D9207,STA,ABS,UNKNOWN,UNKNOWN,DBR:0792,V05C-contexts.csv,SOURCE_PROVED_NOT_YET_ADMITTED
TP07F506,06:9F90:0:0:0,0x031F90,A92600,LDA,IMM_M,UNKNOWN,UNKNOWN,NONE,V05C-contexts.csv,SOURCE_PROVED_NOT_YET_ADMITTED
TP07F506,06:9F93:0:0:0,0x031F93,8D8A07,STA,ABS,UNKNOWN,0,DBR:078A,V05C-contexts.csv,SOURCE_PROVED_NOT_YET_ADMITTED
TP07F506,06:9F96:0:0:0,0x031F96,A91100,LDA,IMM_M,UNKNOWN,0,NONE,V05C-contexts.csv,SOURCE_PROVED_NOT_YET_ADMITTED
TP07F506,06:9F99:0:0:0,0x031F99,8D8E07,STA,ABS,UNKNOWN,0,DBR:078E,V05C-contexts.csv,SOURCE_PROVED_NOT_YET_ADMITTED
TP07F506,06:9F9C:0:0:0,0x031F9C,A90C00,LDA,IMM_M,UNKNOWN,0,NONE,V05C-contexts.csv,SOURCE_PROVED_NOT_YET_ADMITTED
TP07F506,06:9F9F:0:0:0,0x031F9F,8D9607,STA,ABS,UNKNOWN,0,DBR:0796,V05C-contexts.csv,SOURCE_PROVED_NOT_YET_ADMITTED
TP07F506,06:9FA2:0:0:0,0x031FA2,22AFDD01,JSL,ABSL_JUMP,UNKNOWN,0,NONE,V05C-contexts.csv,SOURCE_PROVED_NOT_YET_ADMITTED
TP07F506,06:9FA6:0:0:1,0x031FA6,223CA306,JSL,ABSL_JUMP,UNKNOWN,UNKNOWN,NONE,V05C-contexts.csv,SOURCE_PROVED_NOT_YET_ADMITTED
TP07F506,06:9FAA:0:0:0,0x031FAA,C230,REP,IMM8,UNKNOWN,UNKNOWN,NONE,V05C-contexts.csv,SOURCE_PROVED_NOT_YET_ADMITTED
TP07F506,06:9FAC:0:0:0,0x031FAC,AC351F,LDY,ABS,UNKNOWN,UNKNOWN,DBR:1F35,V05C-contexts.csv,SOURCE_PROVED_NOT_YET_ADMITTED
TP07F506,06:9FAF:0:0:0,0x031FAF,29FF00,AND,IMM_M,UNKNOWN,UNKNOWN,NONE,V05C-contexts.csv,SOURCE_PROVED_NOT_YET_ADMITTED
TP07F506,06:9FB2:0:0:0,0x031FB2,98,TYA,IMP,UNKNOWN,UNKNOWN,NONE,V05C-contexts.csv,SOURCE_PROVED_NOT_YET_ADMITTED
TP07F506,06:9FB3:0:0:0,0x031FB3,A90A00,LDA,IMM_M,UNKNOWN,UNKNOWN,NONE,V05C-contexts.csv,SOURCE_PROVED_NOT_YET_ADMITTED
TP07F506,06:9FB6:0:0:0,0x031FB6,22A78004,JSL,ABSL_JUMP,UNKNOWN,0,NONE,V05C-contexts.csv,SOURCE_PROVED_NOT_YET_ADMITTED
TP07F506,06:9FBA:0:0:0,0x031FBA,A8,TAY,IMP,UNKNOWN,UNKNOWN,NONE,V05C-contexts.csv,SOURCE_PROVED_NOT_YET_ADMITTED
TP07F506,06:9FBB:0:0:0,0x031FBB,18,CLC,IMP,UNKNOWN,UNKNOWN,NONE,V05C-contexts.csv,SOURCE_PROVED_NOT_YET_ADMITTED
TP07F506,06:9FBC:0:0:0,0x031FBC,690800,ADC,IMM_M,0,UNKNOWN,NONE,V05C-contexts.csv,SOURCE_PROVED_NOT_YET_ADMITTED
TP07F506,06:9FBF:0:0:0,0x031FBF,A8,TAY,IMP,UNKNOWN,UNKNOWN,NONE,V05C-contexts.csv,SOURCE_PROVED_NOT_YET_ADMITTED
TP07F506,06:9FC0:0:0:0,0x031FC0,B9971D,LDA,ABS_Y,UNKNOWN,UNKNOWN,NONE,V05C-contexts.csv,SOURCE_PROVED_NOT_YET_ADMITTED
TP07F506,06:9FC3:0:0:0,0x031FC3,29FF00,AND,IMM_M,UNKNOWN,UNKNOWN,NONE,V05C-contexts.csv,SOURCE_PROVED_NOT_YET_ADMITTED
TP07F506,06:9FC6:0:0:0,0x031FC6,A8,TAY,IMP,UNKNOWN,UNKNOWN,NONE,V05C-contexts.csv,SOURCE_PROVED_NOT_YET_ADMITTED
TP07F506,06:9FC7:0:0:0,0x031FC7,98,TYA,IMP,UNKNOWN,UNKNOWN,NONE,V05C-contexts.csv,SOURCE_PROVED_NOT_YET_ADMITTED
TP07F506,06:9FC8:0:0:0,0x031FC8,A92700,LDA,IMM_M,UNKNOWN,UNKNOWN,NONE,V05C-contexts.csv,SOURCE_PROVED_NOT_YET_ADMITTED
TP07F506,06:9FCB:0:0:0,0x031FCB,22A78004,JSL,ABSL_JUMP,UNKNOWN,0,NONE,V05C-contexts.csv,SOURCE_PROVED_NOT_YET_ADMITTED
TP07F506,06:9FCF:0:0:0,0x031FCF,A8,TAY,IMP,UNKNOWN,UNKNOWN,NONE,V05C-contexts.csv,SOURCE_PROVED_NOT_YET_ADMITTED
TP07F506,06:9FD0:0:0:0,0x031FD0,18,CLC,IMP,UNKNOWN,UNKNOWN,NONE,V05C-contexts.csv,SOURCE_PROVED_NOT_YET_ADMITTED
TP07F506,06:9FD1:0:0:0,0x031FD1,690A00,ADC,IMM_M,0,UNKNOWN,NONE,V05C-contexts.csv,SOURCE_PROVED_NOT_YET_ADMITTED
TP07F506,06:9FD4:0:0:0,0x031FD4,A8,TAY,IMP,UNKNOWN,UNKNOWN,NONE,V05C-contexts.csv,SOURCE_PROVED_NOT_YET_ADMITTED
TP07F506,06:9FD5:0:0:0,0x031FD5,B94D0E,LDA,ABS_Y,UNKNOWN,UNKNOWN,NONE,V05C-contexts.csv,SOURCE_PROVED_NOT_YET_ADMITTED
TP07F506,06:9FD8:0:0:0,0x031FD8,8D8A07,STA,ABS,UNKNOWN,UNKNOWN,DBR:078A,V05C-contexts.csv,SOURCE_PROVED_NOT_YET_ADMITTED
TP07F506,06:9FDB:0:0:0,0x031FDB,22CDA406,JSL,ABSL_JUMP,UNKNOWN,UNKNOWN,NONE,V05C-contexts.csv,SOURCE_PROVED_NOT_YET_ADMITTED
TP07F506,06:9FDF:0:0:1,0x031FDF,C230,REP,IMM8,UNKNOWN|1,UNKNOWN,NONE,V05C-contexts.csv,SOURCE_PROVED_NOT_YET_ADMITTED
TP07F506,06:9FE1:0:0:0,0x031FE1,A92600,LDA,IMM_M,UNKNOWN|1,UNKNOWN,NONE,V05C-contexts.csv,SOURCE_PROVED_NOT_YET_ADMITTED
TP07F506,06:9FE4:0:0:0,0x031FE4,8D8A07,STA,ABS,UNKNOWN|1,0,DBR:078A,V05C-contexts.csv,SOURCE_PROVED_NOT_YET_ADMITTED
TP07F506,06:9FE7:0:0:0,0x031FE7,A91200,LDA,IMM_M,UNKNOWN|1,0,NONE,V05C-contexts.csv,SOURCE_PROVED_NOT_YET_ADMITTED
TP07F506,06:9FEA:0:0:0,0x031FEA,1A,INC,ACC,UNKNOWN|1,0,NONE,V05C-contexts.csv,SOURCE_PROVED_NOT_YET_ADMITTED
TP07F506,06:9FEB:0:0:0,0x031FEB,8D8E07,STA,ABS,UNKNOWN|1,UNKNOWN,DBR:078E,V05C-contexts.csv,SOURCE_PROVED_NOT_YET_ADMITTED
TP07F506,06:9FEE:0:0:0,0x031FEE,AD1F00,LDA,ABS,UNKNOWN|1,UNKNOWN,DBR:001F,V05C-contexts.csv,SOURCE_PROVED_NOT_YET_ADMITTED
TP07F506,06:9FF1:0:0:0,0x031FF1,18,CLC,IMP,UNKNOWN|1,UNKNOWN,NONE,V05C-contexts.csv,SOURCE_PROVED_NOT_YET_ADMITTED
TP07F506,06:9FF2:0:0:0,0x031FF2,696400,ADC,IMM_M,0,UNKNOWN,NONE,V05C-contexts.csv,SOURCE_PROVED_NOT_YET_ADMITTED
TP07F506,06:9FF5:0:0:0,0x031FF5,AE2100,LDX,ABS,UNKNOWN,UNKNOWN,DBR:0021,V05C-contexts.csv,SOURCE_PROVED_NOT_YET_ADMITTED
TP07F506,06:9FF8:0:0:0,0x031FF8,8D9207,STA,ABS,UNKNOWN,UNKNOWN,DBR:0792,V05C-contexts.csv,SOURCE_PROVED_NOT_YET_ADMITTED
TP07F506,06:9FFB:0:0:0,0x031FFB,8E9407,STX,ABS,UNKNOWN,UNKNOWN,DBR:0794,V05C-contexts.csv,SOURCE_PROVED_NOT_YET_ADMITTED
TP07F506,06:9FFE:0:0:0,0x031FFE,A90C00,LDA,IMM_M,UNKNOWN,UNKNOWN,NONE,V05C-contexts.csv,SOURCE_PROVED_NOT_YET_ADMITTED
TP07F506,06:A001:0:0:0,0x032001,8D9607,STA,ABS,UNKNOWN,0,DBR:0796,V05C-contexts.csv,SOURCE_PROVED_NOT_YET_ADMITTED
TP07F506,06:A004:0:0:0,0x032004,22AFDD01,JSL,ABSL_JUMP,UNKNOWN,0,NONE,V05C-contexts.csv,SOURCE_PROVED_NOT_YET_ADMITTED
TP07F506,06:A008:0:0:1,0x032008,223CA306,JSL,ABSL_JUMP,UNKNOWN,UNKNOWN,NONE,V05C-contexts.csv,SOURCE_PROVED_NOT_YET_ADMITTED
TP07F506,06:A00C:0:0:0,0x03200C,C230,REP,IMM8,UNKNOWN,UNKNOWN,NONE,V05C-contexts.csv,SOURCE_PROVED_NOT_YET_ADMITTED
TP07F506,06:A00E:0:0:0,0x03200E,AC351F,LDY,ABS,UNKNOWN,UNKNOWN,DBR:1F35,V05C-contexts.csv,SOURCE_PROVED_NOT_YET_ADMITTED
TP07F506,06:A011:0:0:0,0x032011,29FF00,AND,IMM_M,UNKNOWN,UNKNOWN,NONE,V05C-contexts.csv,SOURCE_PROVED_NOT_YET_ADMITTED
TP07F506,06:A014:0:0:0,0x032014,98,TYA,IMP,UNKNOWN,UNKNOWN,NONE,V05C-contexts.csv,SOURCE_PROVED_NOT_YET_ADMITTED
TP07F506,06:A015:0:0:0,0x032015,A90A00,LDA,IMM_M,UNKNOWN,UNKNOWN,NONE,V05C-contexts.csv,SOURCE_PROVED_NOT_YET_ADMITTED
TP07F506,06:A018:0:0:0,0x032018,22A78004,JSL,ABSL_JUMP,UNKNOWN,0,NONE,V05C-contexts.csv,SOURCE_PROVED_NOT_YET_ADMITTED
TP07F506,06:A01C:0:0:0,0x03201C,A8,TAY,IMP,UNKNOWN,UNKNOWN,NONE,V05C-contexts.csv,SOURCE_PROVED_NOT_YET_ADMITTED
TP07F506,06:A01D:0:0:0,0x03201D,18,CLC,IMP,UNKNOWN,UNKNOWN,NONE,V05C-contexts.csv,SOURCE_PROVED_NOT_YET_ADMITTED
TP07F506,06:A01E:0:0:0,0x03201E,690800,ADC,IMM_M,0,UNKNOWN,NONE,V05C-contexts.csv,SOURCE_PROVED_NOT_YET_ADMITTED
TP07F506,06:A021:0:0:0,0x032021,A8,TAY,IMP,UNKNOWN,UNKNOWN,NONE,V05C-contexts.csv,SOURCE_PROVED_NOT_YET_ADMITTED
TP07F506,06:A022:0:0:0,0x032022,B9971D,LDA,ABS_Y,UNKNOWN,UNKNOWN,NONE,V05C-contexts.csv,SOURCE_PROVED_NOT_YET_ADMITTED
TP07F506,06:A025:0:0:0,0x032025,29FF00,AND,IMM_M,UNKNOWN,UNKNOWN,NONE,V05C-contexts.csv,SOURCE_PROVED_NOT_YET_ADMITTED
TP07F506,06:A028:0:0:0,0x032028,A8,TAY,IMP,UNKNOWN,UNKNOWN,NONE,V05C-contexts.csv,SOURCE_PROVED_NOT_YET_ADMITTED
TP07F506,06:A029:0:0:0,0x032029,98,TYA,IMP,UNKNOWN,UNKNOWN,NONE,V05C-contexts.csv,SOURCE_PROVED_NOT_YET_ADMITTED
TP07F506,06:A02A:0:0:0,0x03202A,A92700,LDA,IMM_M,UNKNOWN,UNKNOWN,NONE,V05C-contexts.csv,SOURCE_PROVED_NOT_YET_ADMITTED
TP07F506,06:A02D:0:0:0,0x03202D,22A78004,JSL,ABSL_JUMP,UNKNOWN,0,NONE,V05C-contexts.csv,SOURCE_PROVED_NOT_YET_ADMITTED
TP07F506,06:A031:0:0:0,0x032031,A8,TAY,IMP,UNKNOWN,UNKNOWN,NONE,V05C-contexts.csv,SOURCE_PROVED_NOT_YET_ADMITTED
TP07F506,06:A032:0:0:0,0x032032,18,CLC,IMP,UNKNOWN,UNKNOWN,NONE,V05C-contexts.csv,SOURCE_PROVED_NOT_YET_ADMITTED
TP07F506,06:A033:0:0:0,0x032033,690C00,ADC,IMM_M,0,UNKNOWN,NONE,V05C-contexts.csv,SOURCE_PROVED_NOT_YET_ADMITTED
TP07F506,06:A036:0:0:0,0x032036,A8,TAY,IMP,UNKNOWN,UNKNOWN,NONE,V05C-contexts.csv,SOURCE_PROVED_NOT_YET_ADMITTED
TP07F506,06:A037:0:0:0,0x032037,B94D0E,LDA,ABS_Y,UNKNOWN,UNKNOWN,NONE,V05C-contexts.csv,SOURCE_PROVED_NOT_YET_ADMITTED
TP07F506,06:A03A:0:0:0,0x03203A,8D8A07,STA,ABS,UNKNOWN,UNKNOWN,DBR:078A,V05C-contexts.csv,SOURCE_PROVED_NOT_YET_ADMITTED
TP07F506,06:A03D:0:0:0,0x03203D,22CDA406,JSL,ABSL_JUMP,UNKNOWN,UNKNOWN,NONE,V05C-contexts.csv,SOURCE_PROVED_NOT_YET_ADMITTED
TP07F506,06:A041:0:0:1,0x032041,C230,REP,IMM8,UNKNOWN|1,UNKNOWN,NONE,V05C-contexts.csv,SOURCE_PROVED_NOT_YET_ADMITTED
TP07F506,06:A043:0:0:0,0x032043,A92600,LDA,IMM_M,UNKNOWN|1,UNKNOWN,NONE,V05C-contexts.csv,SOURCE_PROVED_NOT_YET_ADMITTED
TP07F506,06:A046:0:0:0,0x032046,8D8A07,STA,ABS,UNKNOWN|1,0,DBR:078A,V05C-contexts.csv,SOURCE_PROVED_NOT_YET_ADMITTED
TP07F506,06:A049:0:0:0,0x032049,A91400,LDA,IMM_M,UNKNOWN|1,0,NONE,V05C-contexts.csv,SOURCE_PROVED_NOT_YET_ADMITTED
TP07F506,06:A04C:0:0:0,0x03204C,1A,INC,ACC,UNKNOWN|1,0,NONE,V05C-contexts.csv,SOURCE_PROVED_NOT_YET_ADMITTED
TP07F506,06:A04D:0:0:0,0x03204D,8D8E07,STA,ABS,UNKNOWN|1,UNKNOWN,DBR:078E,V05C-contexts.csv,SOURCE_PROVED_NOT_YET_ADMITTED
TP07F506,06:A050:0:0:0,0x032050,AD1F00,LDA,ABS,UNKNOWN|1,UNKNOWN,DBR:001F,V05C-contexts.csv,SOURCE_PROVED_NOT_YET_ADMITTED
TP07F506,06:A053:0:0:0,0x032053,18,CLC,IMP,UNKNOWN|1,UNKNOWN,NONE,V05C-contexts.csv,SOURCE_PROVED_NOT_YET_ADMITTED
TP07F506,06:A054:0:0:0,0x032054,696400,ADC,IMM_M,0,UNKNOWN,NONE,V05C-contexts.csv,SOURCE_PROVED_NOT_YET_ADMITTED
TP07F506,06:A057:0:0:0,0x032057,AE2100,LDX,ABS,UNKNOWN,UNKNOWN,DBR:0021,V05C-contexts.csv,SOURCE_PROVED_NOT_YET_ADMITTED
TP07F506,06:A05A:0:0:0,0x03205A,8D9207,STA,ABS,UNKNOWN,UNKNOWN,DBR:0792,V05C-contexts.csv,SOURCE_PROVED_NOT_YET_ADMITTED
TP07F506,06:A05D:0:0:0,0x03205D,8E9407,STX,ABS,UNKNOWN,UNKNOWN,DBR:0794,V05C-contexts.csv,SOURCE_PROVED_NOT_YET_ADMITTED
TP07F506,06:A060:0:0:0,0x032060,A90C00,LDA,IMM_M,UNKNOWN,UNKNOWN,NONE,V05C-contexts.csv,SOURCE_PROVED_NOT_YET_ADMITTED
TP07F506,06:A063:0:0:0,0x032063,8D9607,STA,ABS,UNKNOWN,0,DBR:0796,V05C-contexts.csv,SOURCE_PROVED_NOT_YET_ADMITTED
TP07F506,06:A066:0:0:0,0x032066,22AFDD01,JSL,ABSL_JUMP,UNKNOWN,0,NONE,V05C-contexts.csv,SOURCE_PROVED_NOT_YET_ADMITTED
TP07F506,06:A06A:0:0:1,0x03206A,223CA306,JSL,ABSL_JUMP,UNKNOWN,UNKNOWN,NONE,V05C-contexts.csv,SOURCE_PROVED_NOT_YET_ADMITTED
TP07F506,06:A06E:0:0:0,0x03206E,C230,REP,IMM8,UNKNOWN,UNKNOWN,NONE,V05C-contexts.csv,SOURCE_PROVED_NOT_YET_ADMITTED
TP07F506,06:A070:0:0:0,0x032070,AC351F,LDY,ABS,UNKNOWN,UNKNOWN,DBR:1F35,V05C-contexts.csv,SOURCE_PROVED_NOT_YET_ADMITTED
TP07F506,06:A073:0:0:0,0x032073,98,TYA,IMP,UNKNOWN,UNKNOWN,NONE,V05C-contexts.csv,SOURCE_PROVED_NOT_YET_ADMITTED
TP07F506,06:A074:0:0:0,0x032074,A90A00,LDA,IMM_M,UNKNOWN,UNKNOWN,NONE,V05C-contexts.csv,SOURCE_PROVED_NOT_YET_ADMITTED
TP07F506,06:A077:0:0:0,0x032077,22A78004,JSL,ABSL_JUMP,UNKNOWN,0,NONE,V05C-contexts.csv,SOURCE_PROVED_NOT_YET_ADMITTED
TP07F506,06:A07B:0:0:0,0x03207B,A8,TAY,IMP,UNKNOWN,UNKNOWN,NONE,V05C-contexts.csv,SOURCE_PROVED_NOT_YET_ADMITTED
TP07F506,06:A07C:0:0:0,0x03207C,18,CLC,IMP,UNKNOWN,UNKNOWN,NONE,V05C-contexts.csv,SOURCE_PROVED_NOT_YET_ADMITTED
TP07F506,06:A07D:0:0:0,0x03207D,690400,ADC,IMM_M,0,UNKNOWN,NONE,V05C-contexts.csv,SOURCE_PROVED_NOT_YET_ADMITTED
TP07F506,06:A080:0:0:0,0x032080,A8,TAY,IMP,UNKNOWN,UNKNOWN,NONE,V05C-contexts.csv,SOURCE_PROVED_NOT_YET_ADMITTED
TP07F506,06:A081:0:0:0,0x032081,B9971D,LDA,ABS_Y,UNKNOWN,UNKNOWN,NONE,V05C-contexts.csv,SOURCE_PROVED_NOT_YET_ADMITTED
TP07F506,06:A084:0:0:0,0x032084,8D8A07,STA,ABS,UNKNOWN,UNKNOWN,DBR:078A,V05C-contexts.csv,SOURCE_PROVED_NOT_YET_ADMITTED
TP07F506,06:A087:0:0:0,0x032087,22CDA406,JSL,ABSL_JUMP,UNKNOWN,UNKNOWN,NONE,V05C-contexts.csv,SOURCE_PROVED_NOT_YET_ADMITTED
TP07F506,06:A08B:0:0:1,0x03208B,C230,REP,IMM8,UNKNOWN|1,UNKNOWN,NONE,V05C-contexts.csv,SOURCE_PROVED_NOT_YET_ADMITTED
TP07F506,06:A08D:0:0:0,0x03208D,A92600,LDA,IMM_M,UNKNOWN|1,UNKNOWN,NONE,V05C-contexts.csv,SOURCE_PROVED_NOT_YET_ADMITTED
TP07F506,06:A090:0:0:0,0x032090,8D8A07,STA,ABS,UNKNOWN|1,0,DBR:078A,V05C-contexts.csv,SOURCE_PROVED_NOT_YET_ADMITTED
TP07F506,06:A093:0:0:0,0x032093,A91900,LDA,IMM_M,UNKNOWN|1,0,NONE,V05C-contexts.csv,SOURCE_PROVED_NOT_YET_ADMITTED
TP07F506,06:A096:0:0:0,0x032096,8D8E07,STA,ABS,UNKNOWN|1,0,DBR:078E,V05C-contexts.csv,SOURCE_PROVED_NOT_YET_ADMITTED
TP07F506,06:A099:0:0:0,0x032099,AD1F00,LDA,ABS,UNKNOWN|1,0,DBR:001F,V05C-contexts.csv,SOURCE_PROVED_NOT_YET_ADMITTED
TP07F506,06:A09C:0:0:0,0x03209C,18,CLC,IMP,UNKNOWN|1,UNKNOWN,NONE,V05C-contexts.csv,SOURCE_PROVED_NOT_YET_ADMITTED
TP07F506,06:A09D:0:0:0,0x03209D,696400,ADC,IMM_M,0,UNKNOWN,NONE,V05C-contexts.csv,SOURCE_PROVED_NOT_YET_ADMITTED
TP07F506,06:A0A0:0:0:0,0x0320A0,AE2100,LDX,ABS,UNKNOWN,UNKNOWN,DBR:0021,V05C-contexts.csv,SOURCE_PROVED_NOT_YET_ADMITTED
TP07F506,06:A0A3:0:0:0,0x0320A3,8D9207,STA,ABS,UNKNOWN,UNKNOWN,DBR:0792,V05C-contexts.csv,SOURCE_PROVED_NOT_YET_ADMITTED
TP07F506,06:A0A6:0:0:0,0x0320A6,8E9407,STX,ABS,UNKNOWN,UNKNOWN,DBR:0794,V05C-contexts.csv,SOURCE_PROVED_NOT_YET_ADMITTED
TP07F506,06:A0A9:0:0:0,0x0320A9,A90C00,LDA,IMM_M,UNKNOWN,UNKNOWN,NONE,V05C-contexts.csv,SOURCE_PROVED_NOT_YET_ADMITTED
TP07F506,06:A0AC:0:0:0,0x0320AC,8D9607,STA,ABS,UNKNOWN,0,DBR:0796,V05C-contexts.csv,SOURCE_PROVED_NOT_YET_ADMITTED
TP07F506,06:A0AF:0:0:0,0x0320AF,22AFDD01,JSL,ABSL_JUMP,UNKNOWN,0,NONE,V05C-contexts.csv,SOURCE_PROVED_NOT_YET_ADMITTED
TP07F506,06:A0B3:0:0:1,0x0320B3,223CA306,JSL,ABSL_JUMP,UNKNOWN,UNKNOWN,NONE,V05C-contexts.csv,SOURCE_PROVED_NOT_YET_ADMITTED
TP07F506,06:A0B7:0:0:0,0x0320B7,C230,REP,IMM8,UNKNOWN,UNKNOWN,NONE,V05C-contexts.csv,SOURCE_PROVED_NOT_YET_ADMITTED
TP07F506,06:A0B9:0:0:0,0x0320B9,AC351F,LDY,ABS,UNKNOWN,UNKNOWN,DBR:1F35,V05C-contexts.csv,SOURCE_PROVED_NOT_YET_ADMITTED
TP07F506,06:A0BC:0:0:0,0x0320BC,29FF00,AND,IMM_M,UNKNOWN,UNKNOWN,NONE,V05C-contexts.csv,SOURCE_PROVED_NOT_YET_ADMITTED
TP07F506,06:A0BF:0:0:0,0x0320BF,98,TYA,IMP,UNKNOWN,UNKNOWN,NONE,V05C-contexts.csv,SOURCE_PROVED_NOT_YET_ADMITTED
TP07F506,06:A0C0:0:0:0,0x0320C0,A90A00,LDA,IMM_M,UNKNOWN,UNKNOWN,NONE,V05C-contexts.csv,SOURCE_PROVED_NOT_YET_ADMITTED
TP07F506,06:A0C3:0:0:0,0x0320C3,22A78004,JSL,ABSL_JUMP,UNKNOWN,0,NONE,V05C-contexts.csv,SOURCE_PROVED_NOT_YET_ADMITTED
TP07F506,06:A0C7:0:0:0,0x0320C7,A8,TAY,IMP,UNKNOWN,UNKNOWN,NONE,V05C-contexts.csv,SOURCE_PROVED_NOT_YET_ADMITTED
TP07F506,06:A0C8:0:0:0,0x0320C8,18,CLC,IMP,UNKNOWN,UNKNOWN,NONE,V05C-contexts.csv,SOURCE_PROVED_NOT_YET_ADMITTED
TP07F506,06:A0C9:0:0:0,0x0320C9,690800,ADC,IMM_M,0,UNKNOWN,NONE,V05C-contexts.csv,SOURCE_PROVED_NOT_YET_ADMITTED
TP07F506,06:A0CC:0:0:0,0x0320CC,A8,TAY,IMP,UNKNOWN,UNKNOWN,NONE,V05C-contexts.csv,SOURCE_PROVED_NOT_YET_ADMITTED
TP07F506,06:A0CD:0:0:0,0x0320CD,B9971D,LDA,ABS_Y,UNKNOWN,UNKNOWN,NONE,V05C-contexts.csv,SOURCE_PROVED_NOT_YET_ADMITTED
TP07F506,06:A0D0:0:0:0,0x0320D0,29FF00,AND,IMM_M,UNKNOWN,UNKNOWN,NONE,V05C-contexts.csv,SOURCE_PROVED_NOT_YET_ADMITTED
TP07F506,06:A0D3:0:0:0,0x0320D3,A8,TAY,IMP,UNKNOWN,UNKNOWN,NONE,V05C-contexts.csv,SOURCE_PROVED_NOT_YET_ADMITTED
TP07F506,06:A0D4:0:0:0,0x0320D4,98,TYA,IMP,UNKNOWN,UNKNOWN,NONE,V05C-contexts.csv,SOURCE_PROVED_NOT_YET_ADMITTED
TP07F506,06:A0D5:0:0:0,0x0320D5,A92700,LDA,IMM_M,UNKNOWN,UNKNOWN,NONE,V05C-contexts.csv,SOURCE_PROVED_NOT_YET_ADMITTED
TP07F506,06:A0D8:0:0:0,0x0320D8,22A78004,JSL,ABSL_JUMP,UNKNOWN,0,NONE,V05C-contexts.csv,SOURCE_PROVED_NOT_YET_ADMITTED
TP07F506,06:A0DC:0:0:0,0x0320DC,A8,TAY,IMP,UNKNOWN,UNKNOWN,NONE,V05C-contexts.csv,SOURCE_PROVED_NOT_YET_ADMITTED
TP07F506,06:A0DD:0:0:0,0x0320DD,18,CLC,IMP,UNKNOWN,UNKNOWN,NONE,V05C-contexts.csv,SOURCE_PROVED_NOT_YET_ADMITTED
TP07F506,06:A0DE:0:0:0,0x0320DE,692600,ADC,IMM_M,0,UNKNOWN,NONE,V05C-contexts.csv,SOURCE_PROVED_NOT_YET_ADMITTED
TP07F506,06:A0E1:0:0:0,0x0320E1,A8,TAY,IMP,UNKNOWN,UNKNOWN,NONE,V05C-contexts.csv,SOURCE_PROVED_NOT_YET_ADMITTED
TP07F506,06:A0E2:0:0:0,0x0320E2,A90000,LDA,IMM_M,UNKNOWN,UNKNOWN,NONE,V05C-contexts.csv,SOURCE_PROVED_NOT_YET_ADMITTED
TP07F506,06:A0E5:0:0:0,0x0320E5,E220,SEP,IMM8,UNKNOWN,1,NONE,V05C-contexts.csv,SOURCE_PROVED_NOT_YET_ADMITTED
TP07F506,06:A0E7:0:1:0,0x0320E7,C210,REP,IMM8,UNKNOWN,1,NONE,V05C-contexts.csv,SOURCE_PROVED_NOT_YET_ADMITTED
TP07F506,06:A0E9:0:1:0,0x0320E9,B94D0E,LDA,ABS_Y,UNKNOWN,1,NONE,V05C-contexts.csv,SOURCE_PROVED_NOT_YET_ADMITTED
TP07F506,06:A0EC:0:1:0,0x0320EC,C230,REP,IMM8,UNKNOWN,UNKNOWN,NONE,V05C-contexts.csv,SOURCE_PROVED_NOT_YET_ADMITTED
TP07F506,06:A0EE:0:0:0,0x0320EE,0A,ASL,ACC,UNKNOWN,UNKNOWN,NONE,V05C-contexts.csv,SOURCE_PROVED_NOT_YET_ADMITTED
TP07F506,06:A0EF:0:0:0,0x0320EF,A8,TAY,IMP,UNKNOWN,UNKNOWN,NONE,V05C-contexts.csv,SOURCE_PROVED_NOT_YET_ADMITTED
TP07F506,06:A0F0:0:0:0,0x0320F0,ADE406,LDA,ABS,UNKNOWN,UNKNOWN,DBR:06E4,V05C-contexts.csv,SOURCE_PROVED_NOT_YET_ADMITTED
TP07F506,06:A0F3:0:0:0,0x0320F3,8D1900,STA,ABS,UNKNOWN,UNKNOWN,DBR:0019,V05C-contexts.csv,SOURCE_PROVED_NOT_YET_ADMITTED
TP07F506,06:A0F6:0:0:0,0x0320F6,E220,SEP,IMM8,UNKNOWN,UNKNOWN,NONE,V05C-contexts.csv,SOURCE_PROVED_NOT_YET_ADMITTED
TP07F506,06:A0F8:0:1:0,0x0320F8,C210,REP,IMM8,UNKNOWN,UNKNOWN,NONE,V05C-contexts.csv,SOURCE_PROVED_NOT_YET_ADMITTED
TP07F506,06:A0FA:0:1:0,0x0320FA,ADE606,LDA,ABS,UNKNOWN,UNKNOWN,DBR:06E6,V05C-contexts.csv,SOURCE_PROVED_NOT_YET_ADMITTED
TP07F506,06:A0FD:0:1:0,0x0320FD,8D1B00,STA,ABS,UNKNOWN,UNKNOWN,DBR:001B,V05C-contexts.csv,SOURCE_PROVED_NOT_YET_ADMITTED
TP07F506,06:A100:0:1:0,0x032100,8D9407,STA,ABS,UNKNOWN,UNKNOWN,DBR:0794,V05C-contexts.csv,SOURCE_PROVED_NOT_YET_ADMITTED
TP07F506,06:A103:0:1:0,0x032103,C230,REP,IMM8,UNKNOWN,UNKNOWN,NONE,V05C-contexts.csv,SOURCE_PROVED_NOT_YET_ADMITTED
TP07F506,06:A105:0:0:0,0x032105,B719,LDA,DP_IND_LONG_Y,UNKNOWN,UNKNOWN,NONE,V05C-contexts.csv,SOURCE_PROVED_NOT_YET_ADMITTED
TP07F506,06:A107:0:0:0,0x032107,8D9207,STA,ABS,UNKNOWN,UNKNOWN,DBR:0792,V05C-contexts.csv,SOURCE_PROVED_NOT_YET_ADMITTED
TP07F506,06:A10A:0:0:0,0x03210A,A90400,LDA,IMM_M,UNKNOWN,UNKNOWN,NONE,V05C-contexts.csv,SOURCE_PROVED_NOT_YET_ADMITTED
TP07F506,06:A10D:0:0:0,0x03210D,8D8A07,STA,ABS,UNKNOWN,0,DBR:078A,V05C-contexts.csv,SOURCE_PROVED_NOT_YET_ADMITTED
TP07F506,06:A110:0:0:0,0x032110,A90200,LDA,IMM_M,UNKNOWN,0,NONE,V05C-contexts.csv,SOURCE_PROVED_NOT_YET_ADMITTED
TP07F506,06:A113:0:0:0,0x032113,8D8E07,STA,ABS,UNKNOWN,0,DBR:078E,V05C-contexts.csv,SOURCE_PROVED_NOT_YET_ADMITTED
TP07F506,06:A116:0:0:0,0x032116,223CA306,JSL,ABSL_JUMP,UNKNOWN,0,NONE,V05C-contexts.csv,SOURCE_PROVED_NOT_YET_ADMITTED
TP07F506,06:A11A:0:0:0,0x03211A,82E701,BRL,REL16,UNKNOWN,UNKNOWN,NONE,V05C-contexts.csv,SOURCE_PROVED_NOT_YET_ADMITTED
TP07F506,06:A11D:0:1:1,0x03211D,E230,SEP,IMM8,UNKNOWN,0,NONE,V05C-contexts.csv,SOURCE_PROVED_NOT_YET_ADMITTED
TP07F506,06:A11F:0:1:1,0x03211F,AD0A07,LDA,ABS,UNKNOWN,0,DBR:070A,V05C-contexts.csv,SOURCE_PROVED_NOT_YET_ADMITTED
TP07F506,06:A122:0:1:1,0x032122,C9A0,CMP,IMM_M,UNKNOWN,UNKNOWN,NONE,V05C-contexts.csv,SOURCE_PROVED_NOT_YET_ADMITTED
TP07F506,06:A124:0:1:1,0x032124,F003,BEQ,REL8,UNKNOWN,UNKNOWN,NONE,V05C-contexts.csv,SOURCE_PROVED_NOT_YET_ADMITTED
TP07F506,06:A126:0:1:1,0x032126,822301,BRL,REL16,UNKNOWN,0,NONE,V05C-contexts.csv,SOURCE_PROVED_NOT_YET_ADMITTED
TP07F506,06:A129:0:1:1,0x032129,C230,REP,IMM8,UNKNOWN,1,NONE,V05C-contexts.csv,SOURCE_PROVED_NOT_YET_ADMITTED
TP07F506,06:A12B:0:0:0,0x03212B,A90000,LDA,IMM_M,UNKNOWN,1,NONE,V05C-contexts.csv,SOURCE_PROVED_NOT_YET_ADMITTED
TP07F506,06:A12E:0:0:0,0x03212E,0A,ASL,ACC,UNKNOWN,1,NONE,V05C-contexts.csv,SOURCE_PROVED_NOT_YET_ADMITTED
TP07F506,06:A12F:0:0:0,0x03212F,A8,TAY,IMP,UNKNOWN,UNKNOWN,NONE,V05C-contexts.csv,SOURCE_PROVED_NOT_YET_ADMITTED
TP07F506,06:A130:0:0:0,0x032130,ADE706,LDA,ABS,UNKNOWN,UNKNOWN,DBR:06E7,V05C-contexts.csv,SOURCE_PROVED_NOT_YET_ADMITTED
TP07F506,06:A133:0:0:0,0x032133,8D1900,STA,ABS,UNKNOWN,UNKNOWN,DBR:0019,V05C-contexts.csv,SOURCE_PROVED_NOT_YET_ADMITTED
TP07F506,06:A136:0:0:0,0x032136,E220,SEP,IMM8,UNKNOWN,UNKNOWN,NONE,V05C-contexts.csv,SOURCE_PROVED_NOT_YET_ADMITTED
TP07F506,06:A138:0:1:0,0x032138,C210,REP,IMM8,UNKNOWN,UNKNOWN,NONE,V05C-contexts.csv,SOURCE_PROVED_NOT_YET_ADMITTED
TP07F506,06:A13A:0:1:0,0x03213A,ADE906,LDA,ABS,UNKNOWN,UNKNOWN,DBR:06E9,V05C-contexts.csv,SOURCE_PROVED_NOT_YET_ADMITTED
TP07F506,06:A13D:0:1:0,0x03213D,8D1B00,STA,ABS,UNKNOWN,UNKNOWN,DBR:001B,V05C-contexts.csv,SOURCE_PROVED_NOT_YET_ADMITTED
TP07F506,06:A140:0:1:0,0x032140,8D9407,STA,ABS,UNKNOWN,UNKNOWN,DBR:0794,V05C-contexts.csv,SOURCE_PROVED_NOT_YET_ADMITTED
TP07F506,06:A143:0:1:0,0x032143,C230,REP,IMM8,UNKNOWN,UNKNOWN,NONE,V05C-contexts.csv,SOURCE_PROVED_NOT_YET_ADMITTED
TP07F506,06:A145:0:0:0,0x032145,B719,LDA,DP_IND_LONG_Y,UNKNOWN,UNKNOWN,NONE,V05C-contexts.csv,SOURCE_PROVED_NOT_YET_ADMITTED
TP07F506,06:A147:0:0:0,0x032147,8D9207,STA,ABS,UNKNOWN,UNKNOWN,DBR:0792,V05C-contexts.csv,SOURCE_PROVED_NOT_YET_ADMITTED
TP07F506,06:A14A:0:0:0,0x03214A,A92600,LDA,IMM_M,UNKNOWN,UNKNOWN,NONE,V05C-contexts.csv,SOURCE_PROVED_NOT_YET_ADMITTED
TP07F506,06:A14D:0:0:0,0x03214D,8D8A07,STA,ABS,UNKNOWN,0,DBR:078A,V05C-contexts.csv,SOURCE_PROVED_NOT_YET_ADMITTED
TP07F506,06:A150:0:0:0,0x032150,A91100,LDA,IMM_M,UNKNOWN,0,NONE,V05C-contexts.csv,SOURCE_PROVED_NOT_YET_ADMITTED
TP07F506,06:A153:0:0:0,0x032153,8D8E07,STA,ABS,UNKNOWN,0,DBR:078E,V05C-contexts.csv,SOURCE_PROVED_NOT_YET_ADMITTED
TP07F506,06:A156:0:0:0,0x032156,C230,REP,IMM8,UNKNOWN,0,NONE,V05C-contexts.csv,SOURCE_PROVED_NOT_YET_ADMITTED
TP07F506,06:A158:0:0:0,0x032158,AC351F,LDY,ABS,UNKNOWN,0,DBR:1F35,V05C-contexts.csv,SOURCE_PROVED_NOT_YET_ADMITTED
TP07F506,06:A15B:0:0:0,0x03215B,98,TYA,IMP,UNKNOWN,UNKNOWN,NONE,V05C-contexts.csv,SOURCE_PROVED_NOT_YET_ADMITTED
TP07F506,06:A15C:0:0:0,0x03215C,A90A00,LDA,IMM_M,UNKNOWN,UNKNOWN,NONE,V05C-contexts.csv,SOURCE_PROVED_NOT_YET_ADMITTED
TP07F506,06:A15F:0:0:0,0x03215F,22A78004,JSL,ABSL_JUMP,UNKNOWN,0,NONE,V05C-contexts.csv,SOURCE_PROVED_NOT_YET_ADMITTED
TP07F506,06:A163:0:0:0,0x032163,A8,TAY,IMP,UNKNOWN,UNKNOWN,NONE,V05C-contexts.csv,SOURCE_PROVED_NOT_YET_ADMITTED
TP07F506,06:A164:0:0:0,0x032164,18,CLC,IMP,UNKNOWN,UNKNOWN,NONE,V05C-contexts.csv,SOURCE_PROVED_NOT_YET_ADMITTED
TP07F506,06:A165:0:0:0,0x032165,690400,ADC,IMM_M,0,UNKNOWN,NONE,V05C-contexts.csv,SOURCE_PROVED_NOT_YET_ADMITTED
TP07F506,06:A168:0:0:0,0x032168,A8,TAY,IMP,UNKNOWN,UNKNOWN,NONE,V05C-contexts.csv,SOURCE_PROVED_NOT_YET_ADMITTED
TP07F506,06:A169:0:0:0,0x032169,B9971D,LDA,ABS_Y,UNKNOWN,UNKNOWN,NONE,V05C-contexts.csv,SOURCE_PROVED_NOT_YET_ADMITTED
TP07F506,06:A16C:0:0:0,0x03216C,8D8A07,STA,ABS,UNKNOWN,UNKNOWN,DBR:078A,V05C-contexts.csv,SOURCE_PROVED_NOT_YET_ADMITTED
TP07F506,06:A16F:0:0:0,0x03216F,22CDA406,JSL,ABSL_JUMP,UNKNOWN,UNKNOWN,NONE,V05C-contexts.csv,SOURCE_PROVED_NOT_YET_ADMITTED
TP07F506,06:A173:0:0:1,0x032173,C230,REP,IMM8,UNKNOWN|1,UNKNOWN,NONE,V05C-contexts.csv,SOURCE_PROVED_NOT_YET_ADMITTED
TP07F506,06:A175:0:0:0,0x032175,A92600,LDA,IMM_M,UNKNOWN|1,UNKNOWN,NONE,V05C-contexts.csv,SOURCE_PROVED_NOT_YET_ADMITTED
TP07F506,06:A178:0:0:0,0x032178,8D8A07,STA,ABS,UNKNOWN|1,0,DBR:078A,V05C-contexts.csv,SOURCE_PROVED_NOT_YET_ADMITTED
TP07F506,06:A17B:0:0:0,0x03217B,A91500,LDA,IMM_M,UNKNOWN|1,0,NONE,V05C-contexts.csv,SOURCE_PROVED_NOT_YET_ADMITTED
TP07F506,06:A17E:0:0:0,0x03217E,8D8E07,STA,ABS,UNKNOWN|1,0,DBR:078E,V05C-contexts.csv,SOURCE_PROVED_NOT_YET_ADMITTED
TP07F506,06:A181:0:0:0,0x032181,AD1F00,LDA,ABS,UNKNOWN|1,0,DBR:001F,V05C-contexts.csv,SOURCE_PROVED_NOT_YET_ADMITTED
TP07F506,06:A184:0:0:0,0x032184,18,CLC,IMP,UNKNOWN|1,UNKNOWN,NONE,V05C-contexts.csv,SOURCE_PROVED_NOT_YET_ADMITTED
TP07F506,06:A185:0:0:0,0x032185,696400,ADC,IMM_M,0,UNKNOWN,NONE,V05C-contexts.csv,SOURCE_PROVED_NOT_YET_ADMITTED
TP07F506,06:A188:0:0:0,0x032188,AE2100,LDX,ABS,UNKNOWN,UNKNOWN,DBR:0021,V05C-contexts.csv,SOURCE_PROVED_NOT_YET_ADMITTED
TP07F506,06:A18B:0:0:0,0x03218B,8D9207,STA,ABS,UNKNOWN,UNKNOWN,DBR:0792,V05C-contexts.csv,SOURCE_PROVED_NOT_YET_ADMITTED
TP07F506,06:A18E:0:0:0,0x03218E,8E9407,STX,ABS,UNKNOWN,UNKNOWN,DBR:0794,V05C-contexts.csv,SOURCE_PROVED_NOT_YET_ADMITTED
TP07F506,06:A191:0:0:0,0x032191,A90C00,LDA,IMM_M,UNKNOWN,UNKNOWN,NONE,V05C-contexts.csv,SOURCE_PROVED_NOT_YET_ADMITTED
TP07F506,06:A194:0:0:0,0x032194,8D9607,STA,ABS,UNKNOWN,0,DBR:0796,V05C-contexts.csv,SOURCE_PROVED_NOT_YET_ADMITTED
TP07F506,06:A197:0:0:0,0x032197,22AFDD01,JSL,ABSL_JUMP,UNKNOWN,0,NONE,V05C-contexts.csv,SOURCE_PROVED_NOT_YET_ADMITTED
TP07F506,06:A19B:0:0:1,0x03219B,223CA306,JSL,ABSL_JUMP,UNKNOWN,UNKNOWN,NONE,V05C-contexts.csv,SOURCE_PROVED_NOT_YET_ADMITTED
TP07F506,06:A19F:0:0:0,0x03219F,C230,REP,IMM8,UNKNOWN,UNKNOWN,NONE,V05C-contexts.csv,SOURCE_PROVED_NOT_YET_ADMITTED
TP07F506,06:A1A1:0:0:0,0x0321A1,AC351F,LDY,ABS,UNKNOWN,UNKNOWN,DBR:1F35,V05C-contexts.csv,SOURCE_PROVED_NOT_YET_ADMITTED
TP07F506,06:A1A4:0:0:0,0x0321A4,98,TYA,IMP,UNKNOWN,UNKNOWN,NONE,V05C-contexts.csv,SOURCE_PROVED_NOT_YET_ADMITTED
TP07F506,06:A1A5:0:0:0,0x0321A5,A90A00,LDA,IMM_M,UNKNOWN,UNKNOWN,NONE,V05C-contexts.csv,SOURCE_PROVED_NOT_YET_ADMITTED
TP07F506,06:A1A8:0:0:0,0x0321A8,22A78004,JSL,ABSL_JUMP,UNKNOWN,0,NONE,V05C-contexts.csv,SOURCE_PROVED_NOT_YET_ADMITTED
TP07F506,06:A1AC:0:0:0,0x0321AC,A8,TAY,IMP,UNKNOWN,UNKNOWN,NONE,V05C-contexts.csv,SOURCE_PROVED_NOT_YET_ADMITTED
TP07F506,06:A1AD:0:0:0,0x0321AD,18,CLC,IMP,UNKNOWN,UNKNOWN,NONE,V05C-contexts.csv,SOURCE_PROVED_NOT_YET_ADMITTED
TP07F506,06:A1AE:0:0:0,0x0321AE,690400,ADC,IMM_M,0,UNKNOWN,NONE,V05C-contexts.csv,SOURCE_PROVED_NOT_YET_ADMITTED
TP07F506,06:A1B1:0:0:0,0x0321B1,A8,TAY,IMP,UNKNOWN,UNKNOWN,NONE,V05C-contexts.csv,SOURCE_PROVED_NOT_YET_ADMITTED
TP07F506,06:A1B2:0:0:0,0x0321B2,B9971D,LDA,ABS_Y,UNKNOWN,UNKNOWN,NONE,V05C-contexts.csv,SOURCE_PROVED_NOT_YET_ADMITTED
TP07F506,06:A1B5:0:0:0,0x0321B5,8D8A07,STA,ABS,UNKNOWN,UNKNOWN,DBR:078A,V05C-contexts.csv,SOURCE_PROVED_NOT_YET_ADMITTED
TP07F506,06:A1B8:0:0:0,0x0321B8,22CDA406,JSL,ABSL_JUMP,UNKNOWN,UNKNOWN,NONE,V05C-contexts.csv,SOURCE_PROVED_NOT_YET_ADMITTED
TP07F506,06:A1BC:0:0:1,0x0321BC,C230,REP,IMM8,UNKNOWN|1,UNKNOWN,NONE,V05C-contexts.csv,SOURCE_PROVED_NOT_YET_ADMITTED
TP07F506,06:A1BE:0:0:0,0x0321BE,A92600,LDA,IMM_M,UNKNOWN|1,UNKNOWN,NONE,V05C-contexts.csv,SOURCE_PROVED_NOT_YET_ADMITTED
TP07F506,06:A1C1:0:0:0,0x0321C1,8D8A07,STA,ABS,UNKNOWN|1,0,DBR:078A,V05C-contexts.csv,SOURCE_PROVED_NOT_YET_ADMITTED
TP07F506,06:A1C4:0:0:0,0x0321C4,A91800,LDA,IMM_M,UNKNOWN|1,0,NONE,V05C-contexts.csv,SOURCE_PROVED_NOT_YET_ADMITTED
TP07F506,06:A1C7:0:0:0,0x0321C7,1A,INC,ACC,UNKNOWN|1,0,NONE,V05C-contexts.csv,SOURCE_PROVED_NOT_YET_ADMITTED
TP07F506,06:A1C8:0:0:0,0x0321C8,8D8E07,STA,ABS,UNKNOWN|1,UNKNOWN,DBR:078E,V05C-contexts.csv,SOURCE_PROVED_NOT_YET_ADMITTED
TP07F506,06:A1CB:0:0:0,0x0321CB,AD1F00,LDA,ABS,UNKNOWN|1,UNKNOWN,DBR:001F,V05C-contexts.csv,SOURCE_PROVED_NOT_YET_ADMITTED
TP07F506,06:A1CE:0:0:0,0x0321CE,18,CLC,IMP,UNKNOWN|1,UNKNOWN,NONE,V05C-contexts.csv,SOURCE_PROVED_NOT_YET_ADMITTED
TP07F506,06:A1CF:0:0:0,0x0321CF,696400,ADC,IMM_M,0,UNKNOWN,NONE,V05C-contexts.csv,SOURCE_PROVED_NOT_YET_ADMITTED
TP07F506,06:A1D2:0:0:0,0x0321D2,AE2100,LDX,ABS,UNKNOWN,UNKNOWN,DBR:0021,V05C-contexts.csv,SOURCE_PROVED_NOT_YET_ADMITTED
TP07F506,06:A1D5:0:0:0,0x0321D5,8D9207,STA,ABS,UNKNOWN,UNKNOWN,DBR:0792,V05C-contexts.csv,SOURCE_PROVED_NOT_YET_ADMITTED
TP07F506,06:A1D8:0:0:0,0x0321D8,8E9407,STX,ABS,UNKNOWN,UNKNOWN,DBR:0794,V05C-contexts.csv,SOURCE_PROVED_NOT_YET_ADMITTED
TP07F506,06:A1DB:0:0:0,0x0321DB,A90C00,LDA,IMM_M,UNKNOWN,UNKNOWN,NONE,V05C-contexts.csv,SOURCE_PROVED_NOT_YET_ADMITTED
TP07F506,06:A1DE:0:0:0,0x0321DE,8D9607,STA,ABS,UNKNOWN,0,DBR:0796,V05C-contexts.csv,SOURCE_PROVED_NOT_YET_ADMITTED
TP07F506,06:A1E1:0:0:0,0x0321E1,22AFDD01,JSL,ABSL_JUMP,UNKNOWN,0,NONE,V05C-contexts.csv,SOURCE_PROVED_NOT_YET_ADMITTED
TP07F506,06:A1E5:0:0:1,0x0321E5,223CA306,JSL,ABSL_JUMP,UNKNOWN,UNKNOWN,NONE,V05C-contexts.csv,SOURCE_PROVED_NOT_YET_ADMITTED
TP07F506,06:A1E9:0:0:0,0x0321E9,C230,REP,IMM8,UNKNOWN,UNKNOWN,NONE,V05C-contexts.csv,SOURCE_PROVED_NOT_YET_ADMITTED
TP07F506,06:A1EB:0:0:0,0x0321EB,AC351F,LDY,ABS,UNKNOWN,UNKNOWN,DBR:1F35,V05C-contexts.csv,SOURCE_PROVED_NOT_YET_ADMITTED
TP07F506,06:A1EE:0:0:0,0x0321EE,29FF00,AND,IMM_M,UNKNOWN,UNKNOWN,NONE,V05C-contexts.csv,SOURCE_PROVED_NOT_YET_ADMITTED
TP07F506,06:A1F1:0:0:0,0x0321F1,98,TYA,IMP,UNKNOWN,UNKNOWN,NONE,V05C-contexts.csv,SOURCE_PROVED_NOT_YET_ADMITTED
TP07F506,06:A1F2:0:0:0,0x0321F2,A90A00,LDA,IMM_M,UNKNOWN,UNKNOWN,NONE,V05C-contexts.csv,SOURCE_PROVED_NOT_YET_ADMITTED
TP07F506,06:A1F5:0:0:0,0x0321F5,22A78004,JSL,ABSL_JUMP,UNKNOWN,0,NONE,V05C-contexts.csv,SOURCE_PROVED_NOT_YET_ADMITTED
TP07F506,06:A1F9:0:0:0,0x0321F9,A8,TAY,IMP,UNKNOWN,UNKNOWN,NONE,V05C-contexts.csv,SOURCE_PROVED_NOT_YET_ADMITTED
TP07F506,06:A1FA:0:0:0,0x0321FA,18,CLC,IMP,UNKNOWN,UNKNOWN,NONE,V05C-contexts.csv,SOURCE_PROVED_NOT_YET_ADMITTED
TP07F506,06:A1FB:0:0:0,0x0321FB,690800,ADC,IMM_M,0,UNKNOWN,NONE,V05C-contexts.csv,SOURCE_PROVED_NOT_YET_ADMITTED
TP07F506,06:A1FE:0:0:0,0x0321FE,A8,TAY,IMP,UNKNOWN,UNKNOWN,NONE,V05C-contexts.csv,SOURCE_PROVED_NOT_YET_ADMITTED
TP07F506,06:A1FF:0:0:0,0x0321FF,B9971D,LDA,ABS_Y,UNKNOWN,UNKNOWN,NONE,V05C-contexts.csv,SOURCE_PROVED_NOT_YET_ADMITTED
TP07F506,06:A202:0:0:0,0x032202,29FF00,AND,IMM_M,UNKNOWN,UNKNOWN,NONE,V05C-contexts.csv,SOURCE_PROVED_NOT_YET_ADMITTED
TP07F506,06:A205:0:0:0,0x032205,A8,TAY,IMP,UNKNOWN,UNKNOWN,NONE,V05C-contexts.csv,SOURCE_PROVED_NOT_YET_ADMITTED
TP07F506,06:A206:0:0:0,0x032206,98,TYA,IMP,UNKNOWN,UNKNOWN,NONE,V05C-contexts.csv,SOURCE_PROVED_NOT_YET_ADMITTED
TP07F506,06:A207:0:0:0,0x032207,A91400,LDA,IMM_M,UNKNOWN,UNKNOWN,NONE,V05C-contexts.csv,SOURCE_PROVED_NOT_YET_ADMITTED
TP07F506,06:A20A:0:0:0,0x03220A,22A78004,JSL,ABSL_JUMP,UNKNOWN,0,NONE,V05C-contexts.csv,SOURCE_PROVED_NOT_YET_ADMITTED
TP07F506,06:A20E:0:0:0,0x03220E,A8,TAY,IMP,UNKNOWN,UNKNOWN,NONE,V05C-contexts.csv,SOURCE_PROVED_NOT_YET_ADMITTED
TP07F506,06:A20F:0:0:0,0x03220F,18,CLC,IMP,UNKNOWN,UNKNOWN,NONE,V05C-contexts.csv,SOURCE_PROVED_NOT_YET_ADMITTED
TP07F506,06:A210:0:0:0,0x032210,691000,ADC,IMM_M,0,UNKNOWN,NONE,V05C-contexts.csv,SOURCE_PROVED_NOT_YET_ADMITTED
TP07F506,06:A213:0:0:0,0x032213,A8,TAY,IMP,UNKNOWN,UNKNOWN,NONE,V05C-contexts.csv,SOURCE_PROVED_NOT_YET_ADMITTED
TP07F506,06:A214:0:0:0,0x032214,A90000,LDA,IMM_M,UNKNOWN,UNKNOWN,NONE,V05C-contexts.csv,SOURCE_PROVED_NOT_YET_ADMITTED
TP07F506,06:A217:0:0:0,0x032217,E220,SEP,IMM8,UNKNOWN,1,NONE,V05C-contexts.csv,SOURCE_PROVED_NOT_YET_ADMITTED
TP07F506,06:A219:0:1:0,0x032219,C210,REP,IMM8,UNKNOWN,1,NONE,V05C-contexts.csv,SOURCE_PROVED_NOT_YET_ADMITTED
TP07F506,06:A21B:0:1:0,0x03221B,B9E413,LDA,ABS_Y,UNKNOWN,1,NONE,V05C-contexts.csv,SOURCE_PROVED_NOT_YET_ADMITTED
TP07F506,06:A21E:0:1:0,0x03221E,C230,REP,IMM8,UNKNOWN,UNKNOWN,NONE,V05C-contexts.csv,SOURCE_PROVED_NOT_YET_ADMITTED
TP07F506,06:A220:0:0:0,0x032220,0A,ASL,ACC,UNKNOWN,UNKNOWN,NONE,V05C-contexts.csv,SOURCE_PROVED_NOT_YET_ADMITTED
TP07F506,06:A221:0:0:0,0x032221,A8,TAY,IMP,UNKNOWN,UNKNOWN,NONE,V05C-contexts.csv,SOURCE_PROVED_NOT_YET_ADMITTED
TP07F506,06:A222:0:0:0,0x032222,ADEA06,LDA,ABS,UNKNOWN,UNKNOWN,DBR:06EA,V05C-contexts.csv,SOURCE_PROVED_NOT_YET_ADMITTED
TP07F506,06:A225:0:0:0,0x032225,8D1900,STA,ABS,UNKNOWN,UNKNOWN,DBR:0019,V05C-contexts.csv,SOURCE_PROVED_NOT_YET_ADMITTED
TP07F506,06:A228:0:0:0,0x032228,E220,SEP,IMM8,UNKNOWN,UNKNOWN,NONE,V05C-contexts.csv,SOURCE_PROVED_NOT_YET_ADMITTED
TP07F506,06:A22A:0:1:0,0x03222A,C210,REP,IMM8,UNKNOWN,UNKNOWN,NONE,V05C-contexts.csv,SOURCE_PROVED_NOT_YET_ADMITTED
TP07F506,06:A22C:0:1:0,0x03222C,ADEC06,LDA,ABS,UNKNOWN,UNKNOWN,DBR:06EC,V05C-contexts.csv,SOURCE_PROVED_NOT_YET_ADMITTED
TP07F506,06:A22F:0:1:0,0x03222F,8D1B00,STA,ABS,UNKNOWN,UNKNOWN,DBR:001B,V05C-contexts.csv,SOURCE_PROVED_NOT_YET_ADMITTED
TP07F506,06:A232:0:1:0,0x032232,8D9407,STA,ABS,UNKNOWN,UNKNOWN,DBR:0794,V05C-contexts.csv,SOURCE_PROVED_NOT_YET_ADMITTED
TP07F506,06:A235:0:1:0,0x032235,C230,REP,IMM8,UNKNOWN,UNKNOWN,NONE,V05C-contexts.csv,SOURCE_PROVED_NOT_YET_ADMITTED
TP07F506,06:A237:0:0:0,0x032237,B719,LDA,DP_IND_LONG_Y,UNKNOWN,UNKNOWN,NONE,V05C-contexts.csv,SOURCE_PROVED_NOT_YET_ADMITTED
TP07F506,06:A239:0:0:0,0x032239,8D9207,STA,ABS,UNKNOWN,UNKNOWN,DBR:0792,V05C-contexts.csv,SOURCE_PROVED_NOT_YET_ADMITTED
TP07F506,06:A23C:0:0:0,0x03223C,A90400,LDA,IMM_M,UNKNOWN,UNKNOWN,NONE,V05C-contexts.csv,SOURCE_PROVED_NOT_YET_ADMITTED
TP07F506,06:A23F:0:0:0,0x03223F,8D8A07,STA,ABS,UNKNOWN,0,DBR:078A,V05C-contexts.csv,SOURCE_PROVED_NOT_YET_ADMITTED
TP07F506,06:A242:0:0:0,0x032242,A90200,LDA,IMM_M,UNKNOWN,0,NONE,V05C-contexts.csv,SOURCE_PROVED_NOT_YET_ADMITTED
TP07F506,06:A245:0:0:0,0x032245,8D8E07,STA,ABS,UNKNOWN,0,DBR:078E,V05C-contexts.csv,SOURCE_PROVED_NOT_YET_ADMITTED
TP07F506,06:A248:0:0:0,0x032248,223CA306,JSL,ABSL_JUMP,UNKNOWN,0,NONE,V05C-contexts.csv,SOURCE_PROVED_NOT_YET_ADMITTED
TP07F506,06:A24C:0:0:0,0x03224C,E230,SEP,IMM8,UNKNOWN,UNKNOWN,NONE,V05C-contexts.csv,SOURCE_PROVED_NOT_YET_ADMITTED
TP07F506,06:A24C:0:1:1,0x03224C,E230,SEP,IMM8,UNKNOWN,0,NONE,V05C-contexts.csv,SOURCE_PROVED_NOT_YET_ADMITTED
TP07F506,06:A24E:0:1:1,0x03224E,AD0A07,LDA,ABS,UNKNOWN,UNKNOWN|0,DBR:070A,V05C-contexts.csv,SOURCE_PROVED_NOT_YET_ADMITTED
TP07F506,06:A251:0:1:1,0x032251,C9A2,CMP,IMM_M,UNKNOWN,UNKNOWN,NONE,V05C-contexts.csv,SOURCE_PROVED_NOT_YET_ADMITTED
TP07F506,06:A253:0:1:1,0x032253,F003,BEQ,REL8,UNKNOWN,UNKNOWN,NONE,V05C-contexts.csv,SOURCE_PROVED_NOT_YET_ADMITTED
TP07F506,06:A255:0:1:1,0x032255,82AC00,BRL,REL16,UNKNOWN,0,NONE,V05C-contexts.csv,SOURCE_PROVED_NOT_YET_ADMITTED
TP07F506,06:A258:0:1:1,0x032258,C230,REP,IMM8,UNKNOWN,1,NONE,V05C-contexts.csv,SOURCE_PROVED_NOT_YET_ADMITTED
TP07F506,06:A25A:0:0:0,0x03225A,AC351F,LDY,ABS,UNKNOWN,1,DBR:1F35,V05C-contexts.csv,SOURCE_PROVED_NOT_YET_ADMITTED
TP07F506,06:A25D:0:0:0,0x03225D,98,TYA,IMP,UNKNOWN,UNKNOWN,NONE,V05C-contexts.csv,SOURCE_PROVED_NOT_YET_ADMITTED
TP07F506,06:A25E:0:0:0,0x03225E,A90A00,LDA,IMM_M,UNKNOWN,UNKNOWN,NONE,V05C-contexts.csv,SOURCE_PROVED_NOT_YET_ADMITTED
TP07F506,06:A261:0:0:0,0x032261,22A78004,JSL,ABSL_JUMP,UNKNOWN,0,NONE,V05C-contexts.csv,SOURCE_PROVED_NOT_YET_ADMITTED
TP07F506,06:A265:0:0:0,0x032265,A8,TAY,IMP,UNKNOWN,UNKNOWN,NONE,V05C-contexts.csv,SOURCE_PROVED_NOT_YET_ADMITTED
TP07F506,06:A266:0:0:0,0x032266,18,CLC,IMP,UNKNOWN,UNKNOWN,NONE,V05C-contexts.csv,SOURCE_PROVED_NOT_YET_ADMITTED
TP07F506,06:A267:0:0:0,0x032267,690400,ADC,IMM_M,0,UNKNOWN,NONE,V05C-contexts.csv,SOURCE_PROVED_NOT_YET_ADMITTED
TP07F506,06:A26A:0:0:0,0x03226A,A8,TAY,IMP,UNKNOWN,UNKNOWN,NONE,V05C-contexts.csv,SOURCE_PROVED_NOT_YET_ADMITTED
TP07F506,06:A26B:0:0:0,0x03226B,B9971D,LDA,ABS_Y,UNKNOWN,UNKNOWN,NONE,V05C-contexts.csv,SOURCE_PROVED_NOT_YET_ADMITTED
TP07F506,06:A26E:0:0:0,0x03226E,8D8A07,STA,ABS,UNKNOWN,UNKNOWN,DBR:078A,V05C-contexts.csv,SOURCE_PROVED_NOT_YET_ADMITTED
TP07F506,06:A271:0:0:0,0x032271,22CDA406,JSL,ABSL_JUMP,UNKNOWN,UNKNOWN,NONE,V05C-contexts.csv,SOURCE_PROVED_NOT_YET_ADMITTED
TP07F506,06:A275:0:0:1,0x032275,C230,REP,IMM8,UNKNOWN|1,UNKNOWN,NONE,V05C-contexts.csv,SOURCE_PROVED_NOT_YET_ADMITTED
TP07F506,06:A277:0:0:0,0x032277,A92600,LDA,IMM_M,UNKNOWN|1,UNKNOWN,NONE,V05C-contexts.csv,SOURCE_PROVED_NOT_YET_ADMITTED
TP07F506,06:A27A:0:0:0,0x03227A,8D8A07,STA,ABS,UNKNOWN|1,0,DBR:078A,V05C-contexts.csv,SOURCE_PROVED_NOT_YET_ADMITTED
TP07F506,06:A27D:0:0:0,0x03227D,A91900,LDA,IMM_M,UNKNOWN|1,0,NONE,V05C-contexts.csv,SOURCE_PROVED_NOT_YET_ADMITTED
TP07F506,06:A280:0:0:0,0x032280,8D8E07,STA,ABS,UNKNOWN|1,0,DBR:078E,V05C-contexts.csv,SOURCE_PROVED_NOT_YET_ADMITTED
TP07F506,06:A283:0:0:0,0x032283,AD1F00,LDA,ABS,UNKNOWN|1,0,DBR:001F,V05C-contexts.csv,SOURCE_PROVED_NOT_YET_ADMITTED
TP07F506,06:A286:0:0:0,0x032286,18,CLC,IMP,UNKNOWN|1,UNKNOWN,NONE,V05C-contexts.csv,SOURCE_PROVED_NOT_YET_ADMITTED
TP07F506,06:A287:0:0:0,0x032287,696400,ADC,IMM_M,0,UNKNOWN,NONE,V05C-contexts.csv,SOURCE_PROVED_NOT_YET_ADMITTED
TP07F506,06:A28A:0:0:0,0x03228A,AE2100,LDX,ABS,UNKNOWN,UNKNOWN,DBR:0021,V05C-contexts.csv,SOURCE_PROVED_NOT_YET_ADMITTED
TP07F506,06:A28D:0:0:0,0x03228D,8D9207,STA,ABS,UNKNOWN,UNKNOWN,DBR:0792,V05C-contexts.csv,SOURCE_PROVED_NOT_YET_ADMITTED
TP07F506,06:A290:0:0:0,0x032290,8E9407,STX,ABS,UNKNOWN,UNKNOWN,DBR:0794,V05C-contexts.csv,SOURCE_PROVED_NOT_YET_ADMITTED
TP07F506,06:A293:0:0:0,0x032293,A90C00,LDA,IMM_M,UNKNOWN,UNKNOWN,NONE,V05C-contexts.csv,SOURCE_PROVED_NOT_YET_ADMITTED
TP07F506,06:A296:0:0:0,0x032296,8D9607,STA,ABS,UNKNOWN,0,DBR:0796,V05C-contexts.csv,SOURCE_PROVED_NOT_YET_ADMITTED
TP07F506,06:A299:0:0:0,0x032299,22AFDD01,JSL,ABSL_JUMP,UNKNOWN,0,NONE,V05C-contexts.csv,SOURCE_PROVED_NOT_YET_ADMITTED
TP07F506,06:A29D:0:0:1,0x03229D,223CA306,JSL,ABSL_JUMP,UNKNOWN,UNKNOWN,NONE,V05C-contexts.csv,SOURCE_PROVED_NOT_YET_ADMITTED
TP07F506,06:A2A1:0:0:0,0x0322A1,C230,REP,IMM8,UNKNOWN,UNKNOWN,NONE,V05C-contexts.csv,SOURCE_PROVED_NOT_YET_ADMITTED
TP07F506,06:A2A3:0:0:0,0x0322A3,AC351F,LDY,ABS,UNKNOWN,UNKNOWN,DBR:1F35,V05C-contexts.csv,SOURCE_PROVED_NOT_YET_ADMITTED
TP07F506,06:A2A6:0:0:0,0x0322A6,29FF00,AND,IMM_M,UNKNOWN,UNKNOWN,NONE,V05C-contexts.csv,SOURCE_PROVED_NOT_YET_ADMITTED
TP07F506,06:A2A9:0:0:0,0x0322A9,98,TYA,IMP,UNKNOWN,UNKNOWN,NONE,V05C-contexts.csv,SOURCE_PROVED_NOT_YET_ADMITTED
TP07F506,06:A2AA:0:0:0,0x0322AA,A90A00,LDA,IMM_M,UNKNOWN,UNKNOWN,NONE,V05C-contexts.csv,SOURCE_PROVED_NOT_YET_ADMITTED
TP07F506,06:A2AD:0:0:0,0x0322AD,22A78004,JSL,ABSL_JUMP,UNKNOWN,0,NONE,V05C-contexts.csv,SOURCE_PROVED_NOT_YET_ADMITTED
TP07F506,06:A2B1:0:0:0,0x0322B1,A8,TAY,IMP,UNKNOWN,UNKNOWN,NONE,V05C-contexts.csv,SOURCE_PROVED_NOT_YET_ADMITTED
TP07F506,06:A2B2:0:0:0,0x0322B2,18,CLC,IMP,UNKNOWN,UNKNOWN,NONE,V05C-contexts.csv,SOURCE_PROVED_NOT_YET_ADMITTED
TP07F506,06:A2B3:0:0:0,0x0322B3,690800,ADC,IMM_M,0,UNKNOWN,NONE,V05C-contexts.csv,SOURCE_PROVED_NOT_YET_ADMITTED
TP07F506,06:A2B6:0:0:0,0x0322B6,A8,TAY,IMP,UNKNOWN,UNKNOWN,NONE,V05C-contexts.csv,SOURCE_PROVED_NOT_YET_ADMITTED
TP07F506,06:A2B7:0:0:0,0x0322B7,B9971D,LDA,ABS_Y,UNKNOWN,UNKNOWN,NONE,V05C-contexts.csv,SOURCE_PROVED_NOT_YET_ADMITTED
TP07F506,06:A2BA:0:0:0,0x0322BA,29FF00,AND,IMM_M,UNKNOWN,UNKNOWN,NONE,V05C-contexts.csv,SOURCE_PROVED_NOT_YET_ADMITTED
TP07F506,06:A2BD:0:0:0,0x0322BD,A8,TAY,IMP,UNKNOWN,UNKNOWN,NONE,V05C-contexts.csv,SOURCE_PROVED_NOT_YET_ADMITTED
TP07F506,06:A2BE:0:0:0,0x0322BE,98,TYA,IMP,UNKNOWN,UNKNOWN,NONE,V05C-contexts.csv,SOURCE_PROVED_NOT_YET_ADMITTED
TP07F506,06:A2BF:0:0:0,0x0322BF,A91800,LDA,IMM_M,UNKNOWN,UNKNOWN,NONE,V05C-contexts.csv,SOURCE_PROVED_NOT_YET_ADMITTED
TP07F506,06:A2C2:0:0:0,0x0322C2,22A78004,JSL,ABSL_JUMP,UNKNOWN,0,NONE,V05C-contexts.csv,SOURCE_PROVED_NOT_YET_ADMITTED
TP07F506,06:A2C6:0:0:0,0x0322C6,A8,TAY,IMP,UNKNOWN,UNKNOWN,NONE,V05C-contexts.csv,SOURCE_PROVED_NOT_YET_ADMITTED
TP07F506,06:A2C7:0:0:0,0x0322C7,18,CLC,IMP,UNKNOWN,UNKNOWN,NONE,V05C-contexts.csv,SOURCE_PROVED_NOT_YET_ADMITTED
TP07F506,06:A2C8:0:0:0,0x0322C8,691400,ADC,IMM_M,0,UNKNOWN,NONE,V05C-contexts.csv,SOURCE_PROVED_NOT_YET_ADMITTED
TP07F506,06:A2CB:0:0:0,0x0322CB,A8,TAY,IMP,UNKNOWN,UNKNOWN,NONE,V05C-contexts.csv,SOURCE_PROVED_NOT_YET_ADMITTED
TP07F506,06:A2CC:0:0:0,0x0322CC,A90000,LDA,IMM_M,UNKNOWN,UNKNOWN,NONE,V05C-contexts.csv,SOURCE_PROVED_NOT_YET_ADMITTED
TP07F506,06:A2CF:0:0:0,0x0322CF,E220,SEP,IMM8,UNKNOWN,1,NONE,V05C-contexts.csv,SOURCE_PROVED_NOT_YET_ADMITTED
TP07F506,06:A2D1:0:1:0,0x0322D1,C210,REP,IMM8,UNKNOWN,1,NONE,V05C-contexts.csv,SOURCE_PROVED_NOT_YET_ADMITTED
TP07F506,06:A2D3:0:1:0,0x0322D3,B9E410,LDA,ABS_Y,UNKNOWN,1,NONE,V05C-contexts.csv,SOURCE_PROVED_NOT_YET_ADMITTED
TP07F506,06:A2D6:0:1:0,0x0322D6,C230,REP,IMM8,UNKNOWN,UNKNOWN,NONE,V05C-contexts.csv,SOURCE_PROVED_NOT_YET_ADMITTED
TP07F506,06:A2D8:0:0:0,0x0322D8,0A,ASL,ACC,UNKNOWN,UNKNOWN,NONE,V05C-contexts.csv,SOURCE_PROVED_NOT_YET_ADMITTED
TP07F506,06:A2D9:0:0:0,0x0322D9,A8,TAY,IMP,UNKNOWN,UNKNOWN,NONE,V05C-contexts.csv,SOURCE_PROVED_NOT_YET_ADMITTED
TP07F506,06:A2DA:0:0:0,0x0322DA,ADED06,LDA,ABS,UNKNOWN,UNKNOWN,DBR:06ED,V05C-contexts.csv,SOURCE_PROVED_NOT_YET_ADMITTED
TP07F506,06:A2DD:0:0:0,0x0322DD,8D1900,STA,ABS,UNKNOWN,UNKNOWN,DBR:0019,V05C-contexts.csv,SOURCE_PROVED_NOT_YET_ADMITTED
TP07F506,06:A2E0:0:0:0,0x0322E0,E220,SEP,IMM8,UNKNOWN,UNKNOWN,NONE,V05C-contexts.csv,SOURCE_PROVED_NOT_YET_ADMITTED
TP07F506,06:A2E2:0:1:0,0x0322E2,C210,REP,IMM8,UNKNOWN,UNKNOWN,NONE,V05C-contexts.csv,SOURCE_PROVED_NOT_YET_ADMITTED
TP07F506,06:A2E4:0:1:0,0x0322E4,ADEF06,LDA,ABS,UNKNOWN,UNKNOWN,DBR:06EF,V05C-contexts.csv,SOURCE_PROVED_NOT_YET_ADMITTED
TP07F506,06:A2E7:0:1:0,0x0322E7,8D1B00,STA,ABS,UNKNOWN,UNKNOWN,DBR:001B,V05C-contexts.csv,SOURCE_PROVED_NOT_YET_ADMITTED
TP07F506,06:A2EA:0:1:0,0x0322EA,8D9407,STA,ABS,UNKNOWN,UNKNOWN,DBR:0794,V05C-contexts.csv,SOURCE_PROVED_NOT_YET_ADMITTED
TP07F506,06:A2ED:0:1:0,0x0322ED,C230,REP,IMM8,UNKNOWN,UNKNOWN,NONE,V05C-contexts.csv,SOURCE_PROVED_NOT_YET_ADMITTED
TP07F506,06:A2EF:0:0:0,0x0322EF,B719,LDA,DP_IND_LONG_Y,UNKNOWN,UNKNOWN,NONE,V05C-contexts.csv,SOURCE_PROVED_NOT_YET_ADMITTED
TP07F506,06:A2F1:0:0:0,0x0322F1,8D9207,STA,ABS,UNKNOWN,UNKNOWN,DBR:0792,V05C-contexts.csv,SOURCE_PROVED_NOT_YET_ADMITTED
TP07F506,06:A2F4:0:0:0,0x0322F4,A90400,LDA,IMM_M,UNKNOWN,UNKNOWN,NONE,V05C-contexts.csv,SOURCE_PROVED_NOT_YET_ADMITTED
TP07F506,06:A2F7:0:0:0,0x0322F7,8D8A07,STA,ABS,UNKNOWN,0,DBR:078A,V05C-contexts.csv,SOURCE_PROVED_NOT_YET_ADMITTED
TP07F506,06:A2FA:0:0:0,0x0322FA,A90200,LDA,IMM_M,UNKNOWN,0,NONE,V05C-contexts.csv,SOURCE_PROVED_NOT_YET_ADMITTED
TP07F506,06:A2FD:0:0:0,0x0322FD,8D8E07,STA,ABS,UNKNOWN,0,DBR:078E,V05C-contexts.csv,SOURCE_PROVED_NOT_YET_ADMITTED
TP07F506,06:A300:0:0:0,0x032300,223CA306,JSL,ABSL_JUMP,UNKNOWN,0,NONE,V05C-contexts.csv,SOURCE_PROVED_NOT_YET_ADMITTED
TP07F506,06:A304:0:0:0,0x032304,E230,SEP,IMM8,UNKNOWN,UNKNOWN,NONE,V05C-contexts.csv,SOURCE_PROVED_NOT_YET_ADMITTED
TP07F506,06:A304:0:1:1,0x032304,E230,SEP,IMM8,UNKNOWN,0,NONE,V05C-contexts.csv,SOURCE_PROVED_NOT_YET_ADMITTED
TP07F506,06:A306:0:1:1,0x032306,22B9A506,JSL,ABSL_JUMP,UNKNOWN,UNKNOWN|0,NONE,V05C-contexts.csv,SOURCE_PROVED_NOT_YET_ADMITTED
TP07F506,06:A30A:0:1:0,0x03230A,E230,SEP,IMM8,UNKNOWN|0|1,UNKNOWN,NONE,V05C-contexts.csv,SOURCE_PROVED_NOT_YET_ADMITTED
TP07F506,06:A30C:0:1:1,0x03230C,A901,LDA,IMM_M,UNKNOWN|0|1,UNKNOWN,NONE,V05C-contexts.csv,SOURCE_PROVED_NOT_YET_ADMITTED
TP07F506,06:A30E:0:1:1,0x03230E,8DAA07,STA,ABS,UNKNOWN|0|1,0,DBR:07AA,V05C-contexts.csv,SOURCE_PROVED_NOT_YET_ADMITTED
TP07F506,06:A311:0:1:1,0x032311,C230,REP,IMM8,UNKNOWN|0|1,0,NONE,V05C-contexts.csv,SOURCE_PROVED_NOT_YET_ADMITTED
TP07F506,06:A313:0:0:0,0x032313,68,PLA,IMP,UNKNOWN|0|1,0,NONE,V05C-contexts.csv,SOURCE_PROVED_NOT_YET_ADMITTED
TP07F506,06:A314:0:0:0,0x032314,8D0B04,STA,ABS,UNKNOWN|0|1,UNKNOWN,DBR:040B,V05C-contexts.csv,SOURCE_PROVED_NOT_YET_ADMITTED
TP07F506,06:A317:0:0:0,0x032317,68,PLA,IMP,UNKNOWN|0|1,UNKNOWN,NONE,V05C-contexts.csv,SOURCE_PROVED_NOT_YET_ADMITTED
TP07F506,06:A318:0:0:0,0x032318,8D1504,STA,ABS,UNKNOWN|0|1,UNKNOWN,DBR:0415,V05C-contexts.csv,SOURCE_PROVED_NOT_YET_ADMITTED
TP07F506,06:A31B:0:0:0,0x03231B,68,PLA,IMP,UNKNOWN|0|1,UNKNOWN,NONE,V05C-contexts.csv,SOURCE_PROVED_NOT_YET_ADMITTED
TP07F506,06:A31C:0:0:0,0x03231C,8D1704,STA,ABS,UNKNOWN|0|1,UNKNOWN,DBR:0417,V05C-contexts.csv,SOURCE_PROVED_NOT_YET_ADMITTED
TP07F506,06:A31F:0:0:0,0x03231F,E210,SEP,IMM8,UNKNOWN|0|1,UNKNOWN,NONE,V05C-contexts.csv,SOURCE_PROVED_NOT_YET_ADMITTED
TP07F506,06:A321:0:0:1,0x032321,C220,REP,IMM8,UNKNOWN|0|1,UNKNOWN,NONE,V05C-contexts.csv,SOURCE_PROVED_NOT_YET_ADMITTED
TP07F506,06:A323:0:0:1,0x032323,FA,PLX,IMP,UNKNOWN|0|1,UNKNOWN,NONE,V05C-contexts.csv,SOURCE_PROVED_NOT_YET_ADMITTED
TP07F506,06:A324:0:0:1,0x032324,8E2100,STX,ABS,UNKNOWN|0|1,UNKNOWN,DBR:0021,V05C-contexts.csv,SOURCE_PROVED_NOT_YET_ADMITTED
TP07F506,06:A327:0:0:1,0x032327,68,PLA,IMP,UNKNOWN|0|1,UNKNOWN,NONE,V05C-contexts.csv,SOURCE_PROVED_NOT_YET_ADMITTED
TP07F506,06:A328:0:0:1,0x032328,8D1F00,STA,ABS,UNKNOWN|0|1,UNKNOWN,DBR:001F,V05C-contexts.csv,SOURCE_PROVED_NOT_YET_ADMITTED
TP07F506,06:A32B:0:0:1,0x03232B,FA,PLX,IMP,UNKNOWN|0|1,UNKNOWN,NONE,V05C-contexts.csv,SOURCE_PROVED_NOT_YET_ADMITTED
TP07F506,06:A32C:0:0:1,0x03232C,8E1B00,STX,ABS,UNKNOWN|0|1,UNKNOWN,DBR:001B,V05C-contexts.csv,SOURCE_PROVED_NOT_YET_ADMITTED
TP07F506,06:A32F:0:0:1,0x03232F,68,PLA,IMP,UNKNOWN|0|1,UNKNOWN,NONE,V05C-contexts.csv,SOURCE_PROVED_NOT_YET_ADMITTED
TP07F506,06:A330:0:0:1,0x032330,8D1900,STA,ABS,UNKNOWN|0|1,UNKNOWN,DBR:0019,V05C-contexts.csv,SOURCE_PROVED_NOT_YET_ADMITTED
TP07F506,06:A333:0:0:1,0x032333,FA,PLX,IMP,UNKNOWN|0|1,UNKNOWN,NONE,V05C-contexts.csv,SOURCE_PROVED_NOT_YET_ADMITTED
TP07F506,06:A334:0:0:1,0x032334,8E1800,STX,ABS,UNKNOWN|0|1,UNKNOWN,DBR:0018,V05C-contexts.csv,SOURCE_PROVED_NOT_YET_ADMITTED
TP07F506,06:A337:0:0:1,0x032337,68,PLA,IMP,UNKNOWN|0|1,UNKNOWN,NONE,V05C-contexts.csv,SOURCE_PROVED_NOT_YET_ADMITTED
TP07F506,06:A338:0:0:1,0x032338,8D1600,STA,ABS,UNKNOWN|0|1,UNKNOWN,DBR:0016,V05C-contexts.csv,SOURCE_PROVED_NOT_YET_ADMITTED
TP07F506,06:A33B:0:0:1,0x03233B,6B,RTL,IMP,UNKNOWN|0|1,UNKNOWN,NONE,V05C-contexts.csv,SOURCE_PROVED_NOT_YET_ADMITTED
