Family,Context,ROM_Offset,Bytes,Mnemonic,Mode,Carry_In_Facts,Zero_In_Facts,Access_Expression,Proof_Source,Admission_State
TP07F118,06:C114:0:0:1,0x034114,C230,REP,IMM8,UNKNOWN,UNKNOWN,NONE,V05C-contexts.csv,SOURCE_PROVED_NOT_YET_ADMITTED
TP07F118,06:C116:0:0:0,0x034116,AD1504,LDA,ABS,UNKNOWN,UNKNOWN,DBR:0415,V05C-contexts.csv,SOURCE_PROVED_NOT_YET_ADMITTED
TP07F118,06:C119:0:0:0,0x034119,48,PHA,IMP,UNKNOWN,UNKNOWN,NONE,V05C-contexts.csv,SOURCE_PROVED_NOT_YET_ADMITTED
TP07F118,06:C11A:0:0:0,0x03411A,AD1704,LDA,ABS,UNKNOWN,UNKNOWN,DBR:0417,V05C-contexts.csv,SOURCE_PROVED_NOT_YET_ADMITTED
TP07F118,06:C11D:0:0:0,0x03411D,48,PHA,IMP,UNKNOWN,UNKNOWN,NONE,V05C-contexts.csv,SOURCE_PROVED_NOT_YET_ADMITTED
TP07F118,06:C11E:0:0:0,0x03411E,AD0B04,LDA,ABS,UNKNOWN,UNKNOWN,DBR:040B,V05C-contexts.csv,SOURCE_PROVED_NOT_YET_ADMITTED
TP07F118,06:C121:0:0:0,0x034121,48,PHA,IMP,UNKNOWN,UNKNOWN,NONE,V05C-contexts.csv,SOURCE_PROVED_NOT_YET_ADMITTED
TP07F118,06:C122:0:0:0,0x034122,AD0D04,LDA,ABS,UNKNOWN,UNKNOWN,DBR:040D,V05C-contexts.csv,SOURCE_PROVED_NOT_YET_ADMITTED
TP07F118,06:C125:0:0:0,0x034125,48,PHA,IMP,UNKNOWN,UNKNOWN,NONE,V05C-contexts.csv,SOURCE_PROVED_NOT_YET_ADMITTED
TP07F118,06:C126:0:0:0,0x034126,AD0F04,LDA,ABS,UNKNOWN,UNKNOWN,DBR:040F,V05C-contexts.csv,SOURCE_PROVED_NOT_YET_ADMITTED
TP07F118,06:C129:0:0:0,0x034129,48,PHA,IMP,UNKNOWN,UNKNOWN,NONE,V05C-contexts.csv,SOURCE_PROVED_NOT_YET_ADMITTED
TP07F118,06:C12A:0:0:0,0x03412A,AD1104,LDA,ABS,UNKNOWN,UNKNOWN,DBR:0411,V05C-contexts.csv,SOURCE_PROVED_NOT_YET_ADMITTED
TP07F118,06:C12D:0:0:0,0x03412D,48,PHA,IMP,UNKNOWN,UNKNOWN,NONE,V05C-contexts.csv,SOURCE_PROVED_NOT_YET_ADMITTED
TP07F118,06:C12E:0:0:0,0x03412E,AD1304,LDA,ABS,UNKNOWN,UNKNOWN,DBR:0413,V05C-contexts.csv,SOURCE_PROVED_NOT_YET_ADMITTED
TP07F118,06:C131:0:0:0,0x034131,48,PHA,IMP,UNKNOWN,UNKNOWN,NONE,V05C-contexts.csv,SOURCE_PROVED_NOT_YET_ADMITTED
TP07F118,06:C132:0:0:0,0x034132,E210,SEP,IMM8,UNKNOWN,UNKNOWN,NONE,V05C-contexts.csv,SOURCE_PROVED_NOT_YET_ADMITTED
TP07F118,06:C134:0:0:1,0x034134,C220,REP,IMM8,UNKNOWN,UNKNOWN,NONE,V05C-contexts.csv,SOURCE_PROVED_NOT_YET_ADMITTED
TP07F118,06:C136:0:0:1,0x034136,AD4900,LDA,ABS,UNKNOWN,UNKNOWN,DBR:0049,V05C-contexts.csv,SOURCE_PROVED_NOT_YET_ADMITTED
TP07F118,06:C139:0:0:1,0x034139,48,PHA,IMP,UNKNOWN,UNKNOWN,NONE,V05C-contexts.csv,SOURCE_PROVED_NOT_YET_ADMITTED
TP07F118,06:C13A:0:0:1,0x03413A,AE4B00,LDX,ABS,UNKNOWN,UNKNOWN,DBR:004B,V05C-contexts.csv,SOURCE_PROVED_NOT_YET_ADMITTED
TP07F118,06:C13D:0:0:1,0x03413D,DA,PHX,IMP,UNKNOWN,UNKNOWN,NONE,V05C-contexts.csv,SOURCE_PROVED_NOT_YET_ADMITTED
TP07F118,06:C13E:0:0:1,0x03413E,E230,SEP,IMM8,UNKNOWN,UNKNOWN,NONE,V05C-contexts.csv,SOURCE_PROVED_NOT_YET_ADMITTED
TP07F118,06:C140:0:1:1,0x034140,AD0004,LDA,ABS,UNKNOWN,UNKNOWN,DBR:0400,V05C-contexts.csv,SOURCE_PROVED_NOT_YET_ADMITTED
TP07F118,06:C143:0:1:1,0x034143,48,PHA,IMP,UNKNOWN,UNKNOWN,NONE,V05C-contexts.csv,SOURCE_PROVED_NOT_YET_ADMITTED
TP07F118,06:C144:0:1:1,0x034144,E220,SEP,IMM8,UNKNOWN,UNKNOWN,NONE,V05C-contexts.csv,SOURCE_PROVED_NOT_YET_ADMITTED
TP07F118,06:C146:0:1:1,0x034146,C210,REP,IMM8,UNKNOWN,UNKNOWN,NONE,V05C-contexts.csv,SOURCE_PROVED_NOT_YET_ADMITTED
TP07F118,06:C148:0:1:0,0x034148,A20039,LDX,IMM_X,UNKNOWN,UNKNOWN,NONE,V05C-contexts.csv,SOURCE_PROVED_NOT_YET_ADMITTED
TP07F118,06:C14B:0:1:0,0x03414B,A908,LDA,IMM_M,UNKNOWN,0,NONE,V05C-contexts.csv,SOURCE_PROVED_NOT_YET_ADMITTED
TP07F118,06:C14D:0:1:0,0x03414D,9F03207E,STA,ABSL_X,UNKNOWN,0,7E:2003+X,V05C-contexts.csv,SOURCE_PROVED_NOT_YET_ADMITTED
TP07F118,06:C151:0:1:0,0x034151,E8,INX,IMP,UNKNOWN,0,NONE,V05C-contexts.csv,SOURCE_PROVED_NOT_YET_ADMITTED
TP07F118,06:C152:0:1:0,0x034152,E8,INX,IMP,UNKNOWN,UNKNOWN,NONE,V05C-contexts.csv,SOURCE_PROVED_NOT_YET_ADMITTED
TP07F118,06:C153:0:1:0,0x034153,E8,INX,IMP,UNKNOWN,UNKNOWN,NONE,V05C-contexts.csv,SOURCE_PROVED_NOT_YET_ADMITTED
TP07F118,06:C154:0:1:0,0x034154,E8,INX,IMP,UNKNOWN,UNKNOWN,NONE,V05C-contexts.csv,SOURCE_PROVED_NOT_YET_ADMITTED
TP07F118,06:C155:0:1:0,0x034155,E0003C,CPX,IMM_X,UNKNOWN,UNKNOWN,NONE,V05C-contexts.csv,SOURCE_PROVED_NOT_YET_ADMITTED
TP07F118,06:C158:0:1:0,0x034158,D0F3,BNE,REL8,UNKNOWN,UNKNOWN,NONE,V05C-contexts.csv,SOURCE_PROVED_NOT_YET_ADMITTED
TP07F118,06:C15A:0:1:0,0x03415A,C230,REP,IMM8,UNKNOWN,1,NONE,V05C-contexts.csv,SOURCE_PROVED_NOT_YET_ADMITTED
TP07F118,06:C15C:0:0:0,0x03415C,AD8A07,LDA,ABS,UNKNOWN,1,DBR:078A,V05C-contexts.csv,SOURCE_PROVED_NOT_YET_ADMITTED
TP07F118,06:C15F:0:0:0,0x03415F,8D1304,STA,ABS,UNKNOWN,UNKNOWN,DBR:0413,V05C-contexts.csv,SOURCE_PROVED_NOT_YET_ADMITTED
TP07F118,06:C162:0:0:0,0x034162,A90200,LDA,IMM_M,UNKNOWN,UNKNOWN,NONE,V05C-contexts.csv,SOURCE_PROVED_NOT_YET_ADMITTED
TP07F118,06:C165:0:0:0,0x034165,8D3E1F,STA,ABS,UNKNOWN,0,DBR:1F3E,V05C-contexts.csv,SOURCE_PROVED_NOT_YET_ADMITTED
TP07F118,06:C168:0:0:0,0x034168,A90B00,LDA,IMM_M,UNKNOWN,0,NONE,V05C-contexts.csv,SOURCE_PROVED_NOT_YET_ADMITTED
TP07F118,06:C16B:0:0:0,0x03416B,8D401F,STA,ABS,UNKNOWN,0,DBR:1F40,V05C-contexts.csv,SOURCE_PROVED_NOT_YET_ADMITTED
TP07F118,06:C16E:0:0:0,0x03416E,9C0004,STZ,ABS,UNKNOWN,0,DBR:0400,V05C-contexts.csv,SOURCE_PROVED_NOT_YET_ADMITTED
TP07F118,06:C171:0:0:0,0x034171,9C1504,STZ,ABS,UNKNOWN,0,DBR:0415,V05C-contexts.csv,SOURCE_PROVED_NOT_YET_ADMITTED
TP07F118,06:C174:0:0:0,0x034174,C230,REP,IMM8,UNKNOWN,UNKNOWN|0,NONE,V05C-contexts.csv,SOURCE_PROVED_NOT_YET_ADMITTED
TP07F118,06:C176:0:0:0,0x034176,AC1504,LDY,ABS,UNKNOWN,UNKNOWN|0,DBR:0415,V05C-contexts.csv,SOURCE_PROVED_NOT_YET_ADMITTED
TP07F118,06:C179:0:0:0,0x034179,98,TYA,IMP,UNKNOWN,UNKNOWN,NONE,V05C-contexts.csv,SOURCE_PROVED_NOT_YET_ADMITTED
TP07F118,06:C17A:0:0:0,0x03417A,A90600,LDA,IMM_M,UNKNOWN,UNKNOWN,NONE,V05C-contexts.csv,SOURCE_PROVED_NOT_YET_ADMITTED
TP07F118,06:C17D:0:0:0,0x03417D,22A78004,JSL,ABSL_JUMP,UNKNOWN,0,NONE,V05C-contexts.csv,SOURCE_PROVED_NOT_YET_ADMITTED
TP07F118,06:C181:0:0:0,0x034181,A8,TAY,IMP,UNKNOWN,UNKNOWN,NONE,V05C-contexts.csv,SOURCE_PROVED_NOT_YET_ADMITTED
TP07F118,06:C182:0:0:0,0x034182,18,CLC,IMP,UNKNOWN,UNKNOWN,NONE,V05C-contexts.csv,SOURCE_PROVED_NOT_YET_ADMITTED
TP07F118,06:C183:0:0:0,0x034183,690400,ADC,IMM_M,0,UNKNOWN,NONE,V05C-contexts.csv,SOURCE_PROVED_NOT_YET_ADMITTED
TP07F118,06:C186:0:0:0,0x034186,AA,TAX,IMP,UNKNOWN,UNKNOWN,NONE,V05C-contexts.csv,SOURCE_PROVED_NOT_YET_ADMITTED
TP07F118,06:C187:0:0:0,0x034187,BFADCB01,LDA,ABSL_X,UNKNOWN,UNKNOWN,01:CBAD+X,V05C-contexts.csv,SOURCE_PROVED_NOT_YET_ADMITTED
TP07F118,06:C18B:0:0:0,0x03418B,C99DFF,CMP,IMM_M,UNKNOWN,UNKNOWN,NONE,V05C-contexts.csv,SOURCE_PROVED_NOT_YET_ADMITTED
TP07F118,06:C18E:0:0:0,0x03418E,D003,BNE,REL8,UNKNOWN,UNKNOWN,NONE,V05C-contexts.csv,SOURCE_PROVED_NOT_YET_ADMITTED
TP07F118,06:C190:0:0:0,0x034190,82AD01,BRL,REL16,UNKNOWN,1,NONE,V05C-contexts.csv,SOURCE_PROVED_NOT_YET_ADMITTED
TP07F118,06:C193:0:0:0,0x034193,C230,REP,IMM8,UNKNOWN,0,NONE,V05C-contexts.csv,SOURCE_PROVED_NOT_YET_ADMITTED
TP07F118,06:C195:0:0:0,0x034195,AC1504,LDY,ABS,UNKNOWN,0,DBR:0415,V05C-contexts.csv,SOURCE_PROVED_NOT_YET_ADMITTED
TP07F118,06:C198:0:0:0,0x034198,98,TYA,IMP,UNKNOWN,UNKNOWN,NONE,V05C-contexts.csv,SOURCE_PROVED_NOT_YET_ADMITTED
TP07F118,06:C199:0:0:0,0x034199,A90600,LDA,IMM_M,UNKNOWN,UNKNOWN,NONE,V05C-contexts.csv,SOURCE_PROVED_NOT_YET_ADMITTED
TP07F118,06:C19C:0:0:0,0x03419C,22A78004,JSL,ABSL_JUMP,UNKNOWN,0,NONE,V05C-contexts.csv,SOURCE_PROVED_NOT_YET_ADMITTED
TP07F118,06:C1A0:0:0:0,0x0341A0,A8,TAY,IMP,UNKNOWN,UNKNOWN,NONE,V05C-contexts.csv,SOURCE_PROVED_NOT_YET_ADMITTED
TP07F118,06:C1A1:0:0:0,0x0341A1,18,CLC,IMP,UNKNOWN,UNKNOWN,NONE,V05C-contexts.csv,SOURCE_PROVED_NOT_YET_ADMITTED
TP07F118,06:C1A2:0:0:0,0x0341A2,690000,ADC,IMM_M,0,UNKNOWN,NONE,V05C-contexts.csv,SOURCE_PROVED_NOT_YET_ADMITTED
TP07F118,06:C1A5:0:0:0,0x0341A5,AA,TAX,IMP,UNKNOWN,UNKNOWN,NONE,V05C-contexts.csv,SOURCE_PROVED_NOT_YET_ADMITTED
TP07F118,06:C1A6:0:0:0,0x0341A6,BFADCB01,LDA,ABSL_X,UNKNOWN,UNKNOWN,01:CBAD+X,V05C-contexts.csv,SOURCE_PROVED_NOT_YET_ADMITTED
TP07F118,06:C1AA:0:0:0,0x0341AA,18,CLC,IMP,UNKNOWN,UNKNOWN,NONE,V05C-contexts.csv,SOURCE_PROVED_NOT_YET_ADMITTED
TP07F118,06:C1AB:0:0:0,0x0341AB,6D1304,ADC,ABS,0,UNKNOWN,DBR:0413,V05C-contexts.csv,SOURCE_PROVED_NOT_YET_ADMITTED
TP07F118,06:C1AE:0:0:0,0x0341AE,8D0B04,STA,ABS,UNKNOWN,UNKNOWN,DBR:040B,V05C-contexts.csv,SOURCE_PROVED_NOT_YET_ADMITTED
TP07F118,06:C1B1:0:0:0,0x0341B1,AC1504,LDY,ABS,UNKNOWN,UNKNOWN,DBR:0415,V05C-contexts.csv,SOURCE_PROVED_NOT_YET_ADMITTED
TP07F118,06:C1B4:0:0:0,0x0341B4,98,TYA,IMP,UNKNOWN,UNKNOWN,NONE,V05C-contexts.csv,SOURCE_PROVED_NOT_YET_ADMITTED
TP07F118,06:C1B5:0:0:0,0x0341B5,A90600,LDA,IMM_M,UNKNOWN,UNKNOWN,NONE,V05C-contexts.csv,SOURCE_PROVED_NOT_YET_ADMITTED
TP07F118,06:C1B8:0:0:0,0x0341B8,22A78004,JSL,ABSL_JUMP,UNKNOWN,0,NONE,V05C-contexts.csv,SOURCE_PROVED_NOT_YET_ADMITTED
TP07F118,06:C1BC:0:0:0,0x0341BC,A8,TAY,IMP,UNKNOWN,UNKNOWN,NONE,V05C-contexts.csv,SOURCE_PROVED_NOT_YET_ADMITTED
TP07F118,06:C1BD:0:0:0,0x0341BD,18,CLC,IMP,UNKNOWN,UNKNOWN,NONE,V05C-contexts.csv,SOURCE_PROVED_NOT_YET_ADMITTED
TP07F118,06:C1BE:0:0:0,0x0341BE,690400,ADC,IMM_M,0,UNKNOWN,NONE,V05C-contexts.csv,SOURCE_PROVED_NOT_YET_ADMITTED
TP07F118,06:C1C1:0:0:0,0x0341C1,AA,TAX,IMP,UNKNOWN,UNKNOWN,NONE,V05C-contexts.csv,SOURCE_PROVED_NOT_YET_ADMITTED
TP07F118,06:C1C2:0:0:0,0x0341C2,BFADCB01,LDA,ABSL_X,UNKNOWN,UNKNOWN,01:CBAD+X,V05C-contexts.csv,SOURCE_PROVED_NOT_YET_ADMITTED
TP07F118,06:C1C6:0:0:0,0x0341C6,C95500,CMP,IMM_M,UNKNOWN,UNKNOWN,NONE,V05C-contexts.csv,SOURCE_PROVED_NOT_YET_ADMITTED
TP07F118,06:C1C9:0:0:0,0x0341C9,F003,BEQ,REL8,UNKNOWN,UNKNOWN,NONE,V05C-contexts.csv,SOURCE_PROVED_NOT_YET_ADMITTED
TP07F118,06:C1CB:0:0:0,0x0341CB,82B000,BRL,REL16,UNKNOWN,0,NONE,V05C-contexts.csv,SOURCE_PROVED_NOT_YET_ADMITTED
TP07F118,06:C1CE:0:0:0,0x0341CE,C230,REP,IMM8,UNKNOWN,1,NONE,V05C-contexts.csv,SOURCE_PROVED_NOT_YET_ADMITTED
TP07F118,06:C1D0:0:0:0,0x0341D0,AC0B04,LDY,ABS,UNKNOWN,1,DBR:040B,V05C-contexts.csv,SOURCE_PROVED_NOT_YET_ADMITTED
TP07F118,06:C1D3:0:0:0,0x0341D3,98,TYA,IMP,UNKNOWN,UNKNOWN,NONE,V05C-contexts.csv,SOURCE_PROVED_NOT_YET_ADMITTED
TP07F118,06:C1D4:0:0:0,0x0341D4,0A,ASL,ACC,UNKNOWN,UNKNOWN,NONE,V05C-contexts.csv,SOURCE_PROVED_NOT_YET_ADMITTED
TP07F118,06:C1D5:0:0:0,0x0341D5,0A,ASL,ACC,UNKNOWN,UNKNOWN,NONE,V05C-contexts.csv,SOURCE_PROVED_NOT_YET_ADMITTED
TP07F118,06:C1D6:0:0:0,0x0341D6,A8,TAY,IMP,UNKNOWN,UNKNOWN,NONE,V05C-contexts.csv,SOURCE_PROVED_NOT_YET_ADMITTED
TP07F118,06:C1D7:0:0:0,0x0341D7,AA,TAX,IMP,UNKNOWN,UNKNOWN,NONE,V05C-contexts.csv,SOURCE_PROVED_NOT_YET_ADMITTED
TP07F118,06:C1D8:0:0:0,0x0341D8,18,CLC,IMP,UNKNOWN,UNKNOWN,NONE,V05C-contexts.csv,SOURCE_PROVED_NOT_YET_ADMITTED
TP07F118,06:C1D9:0:0:0,0x0341D9,690200,ADC,IMM_M,0,UNKNOWN,NONE,V05C-contexts.csv,SOURCE_PROVED_NOT_YET_ADMITTED
TP07F118,06:C1DC:0:0:0,0x0341DC,A8,TAY,IMP,UNKNOWN,UNKNOWN,NONE,V05C-contexts.csv,SOURCE_PROVED_NOT_YET_ADMITTED
TP07F118,06:C1DD:0:0:0,0x0341DD,E220,SEP,IMM8,UNKNOWN,UNKNOWN,NONE,V05C-contexts.csv,SOURCE_PROVED_NOT_YET_ADMITTED
TP07F118,06:C1DF:0:1:0,0x0341DF,C210,REP,IMM8,UNKNOWN,UNKNOWN,NONE,V05C-contexts.csv,SOURCE_PROVED_NOT_YET_ADMITTED
TP07F118,06:C1E1:0:1:0,0x0341E1,A900,LDA,IMM_M,UNKNOWN,UNKNOWN,NONE,V05C-contexts.csv,SOURCE_PROVED_NOT_YET_ADMITTED
TP07F118,06:C1E3:0:1:0,0x0341E3,974F,STA,DP_IND_LONG_Y,UNKNOWN,1,NONE,V05C-contexts.csv,SOURCE_PROVED_NOT_YET_ADMITTED
TP07F118,06:C1E5:0:1:0,0x0341E5,C230,REP,IMM8,UNKNOWN,1,NONE,V05C-contexts.csv,SOURCE_PROVED_NOT_YET_ADMITTED
TP07F118,06:C1E7:0:0:0,0x0341E7,8A,TXA,IMP,UNKNOWN,1,NONE,V05C-contexts.csv,SOURCE_PROVED_NOT_YET_ADMITTED
TP07F118,06:C1E8:0:0:0,0x0341E8,18,CLC,IMP,UNKNOWN,UNKNOWN,NONE,V05C-contexts.csv,SOURCE_PROVED_NOT_YET_ADMITTED
TP07F118,06:C1E9:0:0:0,0x0341E9,690300,ADC,IMM_M,0,UNKNOWN,NONE,V05C-contexts.csv,SOURCE_PROVED_NOT_YET_ADMITTED
TP07F118,06:C1EC:0:0:0,0x0341EC,A8,TAY,IMP,UNKNOWN,UNKNOWN,NONE,V05C-contexts.csv,SOURCE_PROVED_NOT_YET_ADMITTED
TP07F118,06:C1ED:0:0:0,0x0341ED,E220,SEP,IMM8,UNKNOWN,UNKNOWN,NONE,V05C-contexts.csv,SOURCE_PROVED_NOT_YET_ADMITTED
TP07F118,06:C1EF:0:1:0,0x0341EF,C210,REP,IMM8,UNKNOWN,UNKNOWN,NONE,V05C-contexts.csv,SOURCE_PROVED_NOT_YET_ADMITTED
TP07F118,06:C1F1:0:1:0,0x0341F1,A900,LDA,IMM_M,UNKNOWN,UNKNOWN,NONE,V05C-contexts.csv,SOURCE_PROVED_NOT_YET_ADMITTED
TP07F118,06:C1F3:0:1:0,0x0341F3,974F,STA,DP_IND_LONG_Y,UNKNOWN,1,NONE,V05C-contexts.csv,SOURCE_PROVED_NOT_YET_ADMITTED
TP07F118,06:C1F5:0:1:0,0x0341F5,C230,REP,IMM8,UNKNOWN,1,NONE,V05C-contexts.csv,SOURCE_PROVED_NOT_YET_ADMITTED
TP07F118,06:C1F7:0:0:0,0x0341F7,A90000,LDA,IMM_M,UNKNOWN,1,NONE,V05C-contexts.csv,SOURCE_PROVED_NOT_YET_ADMITTED
TP07F118,06:C1FA:0:0:0,0x0341FA,8D8A07,STA,ABS,UNKNOWN,1,DBR:078A,V05C-contexts.csv,SOURCE_PROVED_NOT_YET_ADMITTED
TP07F118,06:C1FD:0:0:0,0x0341FD,AD0B04,LDA,ABS,UNKNOWN,1,DBR:040B,V05C-contexts.csv,SOURCE_PROVED_NOT_YET_ADMITTED
TP07F118,06:C200:0:0:0,0x034200,8D8E07,STA,ABS,UNKNOWN,UNKNOWN,DBR:078E,V05C-contexts.csv,SOURCE_PROVED_NOT_YET_ADMITTED
TP07F118,06:C203:0:0:0,0x034203,A90100,LDA,IMM_M,UNKNOWN,UNKNOWN,NONE,V05C-contexts.csv,SOURCE_PROVED_NOT_YET_ADMITTED
TP07F118,06:C206:0:0:0,0x034206,8D9207,STA,ABS,UNKNOWN,0,DBR:0792,V05C-contexts.csv,SOURCE_PROVED_NOT_YET_ADMITTED
TP07F118,06:C209:0:0:0,0x034209,C230,REP,IMM8,UNKNOWN,0,NONE,V05C-contexts.csv,SOURCE_PROVED_NOT_YET_ADMITTED
TP07F118,06:C20B:0:0:0,0x03420B,AD1504,LDA,ABS,UNKNOWN,0,DBR:0415,V05C-contexts.csv,SOURCE_PROVED_NOT_YET_ADMITTED
TP07F118,06:C20E:0:0:0,0x03420E,48,PHA,IMP,UNKNOWN,UNKNOWN,NONE,V05C-contexts.csv,SOURCE_PROVED_NOT_YET_ADMITTED
TP07F118,06:C20F:0:0:0,0x03420F,AD0B04,LDA,ABS,UNKNOWN,UNKNOWN,DBR:040B,V05C-contexts.csv,SOURCE_PROVED_NOT_YET_ADMITTED
TP07F118,06:C212:0:0:0,0x034212,48,PHA,IMP,UNKNOWN,UNKNOWN,NONE,V05C-contexts.csv,SOURCE_PROVED_NOT_YET_ADMITTED
TP07F118,06:C213:0:0:0,0x034213,AD0D04,LDA,ABS,UNKNOWN,UNKNOWN,DBR:040D,V05C-contexts.csv,SOURCE_PROVED_NOT_YET_ADMITTED
TP07F118,06:C216:0:0:0,0x034216,48,PHA,IMP,UNKNOWN,UNKNOWN,NONE,V05C-contexts.csv,SOURCE_PROVED_NOT_YET_ADMITTED
TP07F118,06:C217:0:0:0,0x034217,AD0F04,LDA,ABS,UNKNOWN,UNKNOWN,DBR:040F,V05C-contexts.csv,SOURCE_PROVED_NOT_YET_ADMITTED
TP07F118,06:C21A:0:0:0,0x03421A,48,PHA,IMP,UNKNOWN,UNKNOWN,NONE,V05C-contexts.csv,SOURCE_PROVED_NOT_YET_ADMITTED
TP07F118,06:C21B:0:0:0,0x03421B,AD1104,LDA,ABS,UNKNOWN,UNKNOWN,DBR:0411,V05C-contexts.csv,SOURCE_PROVED_NOT_YET_ADMITTED
TP07F118,06:C21E:0:0:0,0x03421E,48,PHA,IMP,UNKNOWN,UNKNOWN,NONE,V05C-contexts.csv,SOURCE_PROVED_NOT_YET_ADMITTED
TP07F118,06:C21F:0:0:0,0x03421F,AD1304,LDA,ABS,UNKNOWN,UNKNOWN,DBR:0413,V05C-contexts.csv,SOURCE_PROVED_NOT_YET_ADMITTED
TP07F118,06:C222:0:0:0,0x034222,48,PHA,IMP,UNKNOWN,UNKNOWN,NONE,V05C-contexts.csv,SOURCE_PROVED_NOT_YET_ADMITTED
TP07F118,06:C223:0:0:0,0x034223,E210,SEP,IMM8,UNKNOWN,UNKNOWN,NONE,V05C-contexts.csv,SOURCE_PROVED_NOT_YET_ADMITTED
TP07F118,06:C225:0:0:1,0x034225,C220,REP,IMM8,UNKNOWN,UNKNOWN,NONE,V05C-contexts.csv,SOURCE_PROVED_NOT_YET_ADMITTED
TP07F118,06:C227:0:0:1,0x034227,AD4900,LDA,ABS,UNKNOWN,UNKNOWN,DBR:0049,V05C-contexts.csv,SOURCE_PROVED_NOT_YET_ADMITTED
TP07F118,06:C22A:0:0:1,0x03422A,48,PHA,IMP,UNKNOWN,UNKNOWN,NONE,V05C-contexts.csv,SOURCE_PROVED_NOT_YET_ADMITTED
TP07F118,06:C22B:0:0:1,0x03422B,AE4B00,LDX,ABS,UNKNOWN,UNKNOWN,DBR:004B,V05C-contexts.csv,SOURCE_PROVED_NOT_YET_ADMITTED
TP07F118,06:C22E:0:0:1,0x03422E,DA,PHX,IMP,UNKNOWN,UNKNOWN,NONE,V05C-contexts.csv,SOURCE_PROVED_NOT_YET_ADMITTED
TP07F118,06:C22F:0:0:1,0x03422F,E230,SEP,IMM8,UNKNOWN,UNKNOWN,NONE,V05C-contexts.csv,SOURCE_PROVED_NOT_YET_ADMITTED
TP07F118,06:C231:0:1:1,0x034231,AD0004,LDA,ABS,UNKNOWN,UNKNOWN,DBR:0400,V05C-contexts.csv,SOURCE_PROVED_NOT_YET_ADMITTED
TP07F118,06:C234:0:1:1,0x034234,48,PHA,IMP,UNKNOWN,UNKNOWN,NONE,V05C-contexts.csv,SOURCE_PROVED_NOT_YET_ADMITTED
TP07F118,06:C235:0:1:1,0x034235,220DB400,JSL,ABSL_JUMP,UNKNOWN,UNKNOWN,NONE,V05C-contexts.csv,SOURCE_PROVED_NOT_YET_ADMITTED
TP07F118,06:C239:0:0:0,0x034239,E230,SEP,IMM8,UNKNOWN|0|1,UNKNOWN,NONE,V05C-contexts.csv,SOURCE_PROVED_NOT_YET_ADMITTED
TP07F118,06:C23B:0:1:1,0x03423B,68,PLA,IMP,UNKNOWN|0|1,UNKNOWN,NONE,V05C-contexts.csv,SOURCE_PROVED_NOT_YET_ADMITTED
TP07F118,06:C23C:0:1:1,0x03423C,8D0004,STA,ABS,UNKNOWN|0|1,UNKNOWN,DBR:0400,V05C-contexts.csv,SOURCE_PROVED_NOT_YET_ADMITTED
TP07F118,06:C23F:0:1:1,0x03423F,E210,SEP,IMM8,UNKNOWN|0|1,UNKNOWN,NONE,V05C-contexts.csv,SOURCE_PROVED_NOT_YET_ADMITTED
TP07F118,06:C241:0:1:1,0x034241,C220,REP,IMM8,UNKNOWN|0|1,UNKNOWN,NONE,V05C-contexts.csv,SOURCE_PROVED_NOT_YET_ADMITTED
TP07F118,06:C243:0:0:1,0x034243,FA,PLX,IMP,UNKNOWN|0|1,UNKNOWN,NONE,V05C-contexts.csv,SOURCE_PROVED_NOT_YET_ADMITTED
TP07F118,06:C244:0:0:1,0x034244,8E4B00,STX,ABS,UNKNOWN|0|1,UNKNOWN,DBR:004B,V05C-contexts.csv,SOURCE_PROVED_NOT_YET_ADMITTED
TP07F118,06:C247:0:0:1,0x034247,68,PLA,IMP,UNKNOWN|0|1,UNKNOWN,NONE,V05C-contexts.csv,SOURCE_PROVED_NOT_YET_ADMITTED
TP07F118,06:C248:0:0:1,0x034248,8D4900,STA,ABS,UNKNOWN|0|1,UNKNOWN,DBR:0049,V05C-contexts.csv,SOURCE_PROVED_NOT_YET_ADMITTED
TP07F118,06:C24B:0:0:1,0x03424B,C230,REP,IMM8,UNKNOWN|0|1,UNKNOWN,NONE,V05C-contexts.csv,SOURCE_PROVED_NOT_YET_ADMITTED
TP07F118,06:C24D:0:0:0,0x03424D,68,PLA,IMP,UNKNOWN|0|1,UNKNOWN,NONE,V05C-contexts.csv,SOURCE_PROVED_NOT_YET_ADMITTED
TP07F118,06:C24E:0:0:0,0x03424E,8D1304,STA,ABS,UNKNOWN|0|1,UNKNOWN,DBR:0413,V05C-contexts.csv,SOURCE_PROVED_NOT_YET_ADMITTED
TP07F118,06:C251:0:0:0,0x034251,68,PLA,IMP,UNKNOWN|0|1,UNKNOWN,NONE,V05C-contexts.csv,SOURCE_PROVED_NOT_YET_ADMITTED
TP07F118,06:C252:0:0:0,0x034252,8D1104,STA,ABS,UNKNOWN|0|1,UNKNOWN,DBR:0411,V05C-contexts.csv,SOURCE_PROVED_NOT_YET_ADMITTED
TP07F118,06:C255:0:0:0,0x034255,68,PLA,IMP,UNKNOWN|0|1,UNKNOWN,NONE,V05C-contexts.csv,SOURCE_PROVED_NOT_YET_ADMITTED
TP07F118,06:C256:0:0:0,0x034256,8D0F04,STA,ABS,UNKNOWN|0|1,UNKNOWN,DBR:040F,V05C-contexts.csv,SOURCE_PROVED_NOT_YET_ADMITTED
TP07F118,06:C259:0:0:0,0x034259,68,PLA,IMP,UNKNOWN|0|1,UNKNOWN,NONE,V05C-contexts.csv,SOURCE_PROVED_NOT_YET_ADMITTED
TP07F118,06:C25A:0:0:0,0x03425A,8D0D04,STA,ABS,UNKNOWN|0|1,UNKNOWN,DBR:040D,V05C-contexts.csv,SOURCE_PROVED_NOT_YET_ADMITTED
TP07F118,06:C25D:0:0:0,0x03425D,68,PLA,IMP,UNKNOWN|0|1,UNKNOWN,NONE,V05C-contexts.csv,SOURCE_PROVED_NOT_YET_ADMITTED
TP07F118,06:C25E:0:0:0,0x03425E,8D0B04,STA,ABS,UNKNOWN|0|1,UNKNOWN,DBR:040B,V05C-contexts.csv,SOURCE_PROVED_NOT_YET_ADMITTED
TP07F118,06:C261:0:0:0,0x034261,68,PLA,IMP,UNKNOWN|0|1,UNKNOWN,NONE,V05C-contexts.csv,SOURCE_PROVED_NOT_YET_ADMITTED
TP07F118,06:C262:0:0:0,0x034262,8D1504,STA,ABS,UNKNOWN|0|1,UNKNOWN,DBR:0415,V05C-contexts.csv,SOURCE_PROVED_NOT_YET_ADMITTED
TP07F118,06:C265:0:0:0,0x034265,C230,REP,IMM8,UNKNOWN|0|1,UNKNOWN,NONE,V05C-contexts.csv,SOURCE_PROVED_NOT_YET_ADMITTED
TP07F118,06:C267:0:0:0,0x034267,AC0B04,LDY,ABS,UNKNOWN|0|1,UNKNOWN,DBR:040B,V05C-contexts.csv,SOURCE_PROVED_NOT_YET_ADMITTED
TP07F118,06:C26A:0:0:0,0x03426A,98,TYA,IMP,UNKNOWN|0|1,UNKNOWN,NONE,V05C-contexts.csv,SOURCE_PROVED_NOT_YET_ADMITTED
TP07F118,06:C26B:0:0:0,0x03426B,0A,ASL,ACC,UNKNOWN|0|1,UNKNOWN,NONE,V05C-contexts.csv,SOURCE_PROVED_NOT_YET_ADMITTED
TP07F118,06:C26C:0:0:0,0x03426C,0A,ASL,ACC,UNKNOWN,UNKNOWN,NONE,V05C-contexts.csv,SOURCE_PROVED_NOT_YET_ADMITTED
TP07F118,06:C26D:0:0:0,0x03426D,A8,TAY,IMP,UNKNOWN,UNKNOWN,NONE,V05C-contexts.csv,SOURCE_PROVED_NOT_YET_ADMITTED
TP07F118,06:C26E:0:0:0,0x03426E,18,CLC,IMP,UNKNOWN,UNKNOWN,NONE,V05C-contexts.csv,SOURCE_PROVED_NOT_YET_ADMITTED
TP07F118,06:C26F:0:0:0,0x03426F,690300,ADC,IMM_M,0,UNKNOWN,NONE,V05C-contexts.csv,SOURCE_PROVED_NOT_YET_ADMITTED
TP07F118,06:C272:0:0:0,0x034272,A8,TAY,IMP,UNKNOWN,UNKNOWN,NONE,V05C-contexts.csv,SOURCE_PROVED_NOT_YET_ADMITTED
TP07F118,06:C273:0:0:0,0x034273,E220,SEP,IMM8,UNKNOWN,UNKNOWN,NONE,V05C-contexts.csv,SOURCE_PROVED_NOT_YET_ADMITTED
TP07F118,06:C275:0:1:0,0x034275,C210,REP,IMM8,UNKNOWN,UNKNOWN,NONE,V05C-contexts.csv,SOURCE_PROVED_NOT_YET_ADMITTED
TP07F118,06:C277:0:1:0,0x034277,A908,LDA,IMM_M,UNKNOWN,UNKNOWN,NONE,V05C-contexts.csv,SOURCE_PROVED_NOT_YET_ADMITTED
TP07F118,06:C279:0:1:0,0x034279,974F,STA,DP_IND_LONG_Y,UNKNOWN,0,NONE,V05C-contexts.csv,SOURCE_PROVED_NOT_YET_ADMITTED
TP07F118,06:C27B:0:1:0,0x03427B,824700,BRL,REL16,UNKNOWN,0,NONE,V05C-contexts.csv,SOURCE_PROVED_NOT_YET_ADMITTED
TP07F118,06:C27E:0:0:0,0x03427E,C230,REP,IMM8,UNKNOWN,0,NONE,V05C-contexts.csv,SOURCE_PROVED_NOT_YET_ADMITTED
TP07F118,06:C280:0:0:0,0x034280,C90000,CMP,IMM_M,UNKNOWN,0,NONE,V05C-contexts.csv,SOURCE_PROVED_NOT_YET_ADMITTED
TP07F118,06:C283:0:0:0,0x034283,AC1504,LDY,ABS,UNKNOWN,UNKNOWN,DBR:0415,V05C-contexts.csv,SOURCE_PROVED_NOT_YET_ADMITTED
TP07F118,06:C286:0:0:0,0x034286,98,TYA,IMP,UNKNOWN,UNKNOWN,NONE,V05C-contexts.csv,SOURCE_PROVED_NOT_YET_ADMITTED
TP07F118,06:C287:0:0:0,0x034287,A90600,LDA,IMM_M,UNKNOWN,UNKNOWN,NONE,V05C-contexts.csv,SOURCE_PROVED_NOT_YET_ADMITTED
TP07F118,06:C28A:0:0:0,0x03428A,22A78004,JSL,ABSL_JUMP,UNKNOWN,0,NONE,V05C-contexts.csv,SOURCE_PROVED_NOT_YET_ADMITTED
TP07F118,06:C28E:0:0:0,0x03428E,A8,TAY,IMP,UNKNOWN,UNKNOWN,NONE,V05C-contexts.csv,SOURCE_PROVED_NOT_YET_ADMITTED
TP07F118,06:C28F:0:0:0,0x03428F,18,CLC,IMP,UNKNOWN,UNKNOWN,NONE,V05C-contexts.csv,SOURCE_PROVED_NOT_YET_ADMITTED
TP07F118,06:C290:0:0:0,0x034290,690400,ADC,IMM_M,0,UNKNOWN,NONE,V05C-contexts.csv,SOURCE_PROVED_NOT_YET_ADMITTED
TP07F118,06:C293:0:0:0,0x034293,AA,TAX,IMP,UNKNOWN,UNKNOWN,NONE,V05C-contexts.csv,SOURCE_PROVED_NOT_YET_ADMITTED
TP07F118,06:C294:0:0:0,0x034294,BFADCB01,LDA,ABSL_X,UNKNOWN,UNKNOWN,01:CBAD+X,V05C-contexts.csv,SOURCE_PROVED_NOT_YET_ADMITTED
TP07F118,06:C298:0:0:0,0x034298,8D0F04,STA,ABS,UNKNOWN,UNKNOWN,DBR:040F,V05C-contexts.csv,SOURCE_PROVED_NOT_YET_ADMITTED
TP07F118,06:C29B:0:0:0,0x03429B,C230,REP,IMM8,UNKNOWN,UNKNOWN,NONE,V05C-contexts.csv,SOURCE_PROVED_NOT_YET_ADMITTED
TP07F118,06:C29D:0:0:0,0x03429D,AC0B04,LDY,ABS,UNKNOWN,UNKNOWN,DBR:040B,V05C-contexts.csv,SOURCE_PROVED_NOT_YET_ADMITTED
TP07F118,06:C2A0:0:0:0,0x0342A0,98,TYA,IMP,UNKNOWN,UNKNOWN,NONE,V05C-contexts.csv,SOURCE_PROVED_NOT_YET_ADMITTED
TP07F118,06:C2A1:0:0:0,0x0342A1,0A,ASL,ACC,UNKNOWN,UNKNOWN,NONE,V05C-contexts.csv,SOURCE_PROVED_NOT_YET_ADMITTED
TP07F118,06:C2A2:0:0:0,0x0342A2,0A,ASL,ACC,UNKNOWN,UNKNOWN,NONE,V05C-contexts.csv,SOURCE_PROVED_NOT_YET_ADMITTED
TP07F118,06:C2A3:0:0:0,0x0342A3,A8,TAY,IMP,UNKNOWN,UNKNOWN,NONE,V05C-contexts.csv,SOURCE_PROVED_NOT_YET_ADMITTED
TP07F118,06:C2A4:0:0:0,0x0342A4,AA,TAX,IMP,UNKNOWN,UNKNOWN,NONE,V05C-contexts.csv,SOURCE_PROVED_NOT_YET_ADMITTED
TP07F118,06:C2A5:0:0:0,0x0342A5,18,CLC,IMP,UNKNOWN,UNKNOWN,NONE,V05C-contexts.csv,SOURCE_PROVED_NOT_YET_ADMITTED
TP07F118,06:C2A6:0:0:0,0x0342A6,690200,ADC,IMM_M,0,UNKNOWN,NONE,V05C-contexts.csv,SOURCE_PROVED_NOT_YET_ADMITTED
TP07F118,06:C2A9:0:0:0,0x0342A9,A8,TAY,IMP,UNKNOWN,UNKNOWN,NONE,V05C-contexts.csv,SOURCE_PROVED_NOT_YET_ADMITTED
TP07F118,06:C2AA:0:0:0,0x0342AA,E220,SEP,IMM8,UNKNOWN,UNKNOWN,NONE,V05C-contexts.csv,SOURCE_PROVED_NOT_YET_ADMITTED
TP07F118,06:C2AC:0:1:0,0x0342AC,C210,REP,IMM8,UNKNOWN,UNKNOWN,NONE,V05C-contexts.csv,SOURCE_PROVED_NOT_YET_ADMITTED
TP07F118,06:C2AE:0:1:0,0x0342AE,AD0F04,LDA,ABS,UNKNOWN,UNKNOWN,DBR:040F,V05C-contexts.csv,SOURCE_PROVED_NOT_YET_ADMITTED
TP07F118,06:C2B1:0:1:0,0x0342B1,974F,STA,DP_IND_LONG_Y,UNKNOWN,UNKNOWN,NONE,V05C-contexts.csv,SOURCE_PROVED_NOT_YET_ADMITTED
TP07F118,06:C2B3:0:1:0,0x0342B3,C230,REP,IMM8,UNKNOWN,UNKNOWN,NONE,V05C-contexts.csv,SOURCE_PROVED_NOT_YET_ADMITTED
TP07F118,06:C2B5:0:0:0,0x0342B5,8A,TXA,IMP,UNKNOWN,UNKNOWN,NONE,V05C-contexts.csv,SOURCE_PROVED_NOT_YET_ADMITTED
TP07F118,06:C2B6:0:0:0,0x0342B6,18,CLC,IMP,UNKNOWN,UNKNOWN,NONE,V05C-contexts.csv,SOURCE_PROVED_NOT_YET_ADMITTED
TP07F118,06:C2B7:0:0:0,0x0342B7,690300,ADC,IMM_M,0,UNKNOWN,NONE,V05C-contexts.csv,SOURCE_PROVED_NOT_YET_ADMITTED
TP07F118,06:C2BA:0:0:0,0x0342BA,A8,TAY,IMP,UNKNOWN,UNKNOWN,NONE,V05C-contexts.csv,SOURCE_PROVED_NOT_YET_ADMITTED
TP07F118,06:C2BB:0:0:0,0x0342BB,E220,SEP,IMM8,UNKNOWN,UNKNOWN,NONE,V05C-contexts.csv,SOURCE_PROVED_NOT_YET_ADMITTED
TP07F118,06:C2BD:0:1:0,0x0342BD,C210,REP,IMM8,UNKNOWN,UNKNOWN,NONE,V05C-contexts.csv,SOURCE_PROVED_NOT_YET_ADMITTED
TP07F118,06:C2BF:0:1:0,0x0342BF,B74F,LDA,DP_IND_LONG_Y,UNKNOWN,UNKNOWN,NONE,V05C-contexts.csv,SOURCE_PROVED_NOT_YET_ADMITTED
TP07F118,06:C2C1:0:1:0,0x0342C1,0908,ORA,IMM_M,UNKNOWN,UNKNOWN,NONE,V05C-contexts.csv,SOURCE_PROVED_NOT_YET_ADMITTED
TP07F118,06:C2C3:0:1:0,0x0342C3,974F,STA,DP_IND_LONG_Y,UNKNOWN,UNKNOWN,NONE,V05C-contexts.csv,SOURCE_PROVED_NOT_YET_ADMITTED
TP07F118,06:C2C5:0:1:0,0x0342C5,C230,REP,IMM8,UNKNOWN,UNKNOWN|0,NONE,V05C-contexts.csv,SOURCE_PROVED_NOT_YET_ADMITTED
TP07F118,06:C2C7:0:0:0,0x0342C7,AC1504,LDY,ABS,UNKNOWN,UNKNOWN|0,DBR:0415,V05C-contexts.csv,SOURCE_PROVED_NOT_YET_ADMITTED
TP07F118,06:C2CA:0:0:0,0x0342CA,98,TYA,IMP,UNKNOWN,UNKNOWN,NONE,V05C-contexts.csv,SOURCE_PROVED_NOT_YET_ADMITTED
TP07F118,06:C2CB:0:0:0,0x0342CB,A90600,LDA,IMM_M,UNKNOWN,UNKNOWN,NONE,V05C-contexts.csv,SOURCE_PROVED_NOT_YET_ADMITTED
TP07F118,06:C2CE:0:0:0,0x0342CE,22A78004,JSL,ABSL_JUMP,UNKNOWN,0,NONE,V05C-contexts.csv,SOURCE_PROVED_NOT_YET_ADMITTED
TP07F118,06:C2D2:0:0:0,0x0342D2,A8,TAY,IMP,UNKNOWN,UNKNOWN,NONE,V05C-contexts.csv,SOURCE_PROVED_NOT_YET_ADMITTED
TP07F118,06:C2D3:0:0:0,0x0342D3,AA,TAX,IMP,UNKNOWN,UNKNOWN,NONE,V05C-contexts.csv,SOURCE_PROVED_NOT_YET_ADMITTED
TP07F118,06:C2D4:0:0:0,0x0342D4,BFAFCB01,LDA,ABSL_X,UNKNOWN,UNKNOWN,01:CBAF+X,V05C-contexts.csv,SOURCE_PROVED_NOT_YET_ADMITTED
TP07F118,06:C2D8:0:0:0,0x0342D8,C91F02,CMP,IMM_M,UNKNOWN,UNKNOWN,NONE,V05C-contexts.csv,SOURCE_PROVED_NOT_YET_ADMITTED
TP07F118,06:C2DB:0:0:0,0x0342DB,F003,BEQ,REL8,UNKNOWN,UNKNOWN,NONE,V05C-contexts.csv,SOURCE_PROVED_NOT_YET_ADMITTED
TP07F118,06:C2DD:0:0:0,0x0342DD,825800,BRL,REL16,UNKNOWN,0,NONE,V05C-contexts.csv,SOURCE_PROVED_NOT_YET_ADMITTED
TP07F118,06:C2E0:0:0:0,0x0342E0,A99300,LDA,IMM_M,UNKNOWN,1,NONE,V05C-contexts.csv,SOURCE_PROVED_NOT_YET_ADMITTED
TP07F118,06:C2E3:0:0:0,0x0342E3,18,CLC,IMP,UNKNOWN,0,NONE,V05C-contexts.csv,SOURCE_PROVED_NOT_YET_ADMITTED
TP07F118,06:C2E4:0:0:0,0x0342E4,6D3A00,ADC,ABS,0,0,DBR:003A,V05C-contexts.csv,SOURCE_PROVED_NOT_YET_ADMITTED
TP07F118,06:C2E7:0:0:0,0x0342E7,8D4900,STA,ABS,UNKNOWN,UNKNOWN,DBR:0049,V05C-contexts.csv,SOURCE_PROVED_NOT_YET_ADMITTED
TP07F118,06:C2EA:0:0:0,0x0342EA,E230,SEP,IMM8,UNKNOWN,UNKNOWN,NONE,V05C-contexts.csv,SOURCE_PROVED_NOT_YET_ADMITTED
TP07F118,06:C2EC:0:1:1,0x0342EC,AD3C00,LDA,ABS,UNKNOWN,UNKNOWN,DBR:003C,V05C-contexts.csv,SOURCE_PROVED_NOT_YET_ADMITTED
TP07F118,06:C2EF:0:1:1,0x0342EF,8D4B00,STA,ABS,UNKNOWN,UNKNOWN,DBR:004B,V05C-contexts.csv,SOURCE_PROVED_NOT_YET_ADMITTED
TP07F118,06:C2F2:0:1:1,0x0342F2,E230,SEP,IMM8,UNKNOWN,UNKNOWN,NONE,V05C-contexts.csv,SOURCE_PROVED_NOT_YET_ADMITTED
TP07F118,06:C2F4:0:1:1,0x0342F4,A00C,LDY,IMM_X,UNKNOWN,UNKNOWN,NONE,V05C-contexts.csv,SOURCE_PROVED_NOT_YET_ADMITTED
TP07F118,06:C2F6:0:1:1,0x0342F6,A980,LDA,IMM_M,UNKNOWN,0,NONE,V05C-contexts.csv,SOURCE_PROVED_NOT_YET_ADMITTED
TP07F118,06:C2F8:0:1:1,0x0342F8,9749,STA,DP_IND_LONG_Y,UNKNOWN,0,NONE,V05C-contexts.csv,SOURCE_PROVED_NOT_YET_ADMITTED
TP07F118,06:C2FA:0:1:1,0x0342FA,A00A,LDY,IMM_X,UNKNOWN,0,NONE,V05C-contexts.csv,SOURCE_PROVED_NOT_YET_ADMITTED
TP07F118,06:C2FC:0:1:1,0x0342FC,9749,STA,DP_IND_LONG_Y,UNKNOWN,0,NONE,V05C-contexts.csv,SOURCE_PROVED_NOT_YET_ADMITTED
TP07F118,06:C2FE:0:1:1,0x0342FE,A93A,LDA,IMM_M,UNKNOWN,0,NONE,V05C-contexts.csv,SOURCE_PROVED_NOT_YET_ADMITTED
TP07F118,06:C300:0:1:1,0x034300,A00D,LDY,IMM_X,UNKNOWN,0,NONE,V05C-contexts.csv,SOURCE_PROVED_NOT_YET_ADMITTED
TP07F118,06:C302:0:1:1,0x034302,9749,STA,DP_IND_LONG_Y,UNKNOWN,0,NONE,V05C-contexts.csv,SOURCE_PROVED_NOT_YET_ADMITTED
TP07F118,06:C304:0:1:1,0x034304,A920,LDA,IMM_M,UNKNOWN,0,NONE,V05C-contexts.csv,SOURCE_PROVED_NOT_YET_ADMITTED
TP07F118,06:C306:0:1:1,0x034306,A00B,LDY,IMM_X,UNKNOWN,0,NONE,V05C-contexts.csv,SOURCE_PROVED_NOT_YET_ADMITTED
TP07F118,06:C308:0:1:1,0x034308,9749,STA,DP_IND_LONG_Y,UNKNOWN,0,NONE,V05C-contexts.csv,SOURCE_PROVED_NOT_YET_ADMITTED
TP07F118,06:C30A:0:1:1,0x03430A,A010,LDY,IMM_X,UNKNOWN,0,NONE,V05C-contexts.csv,SOURCE_PROVED_NOT_YET_ADMITTED
TP07F118,06:C30C:0:1:1,0x03430C,A906,LDA,IMM_M,UNKNOWN,0,NONE,V05C-contexts.csv,SOURCE_PROVED_NOT_YET_ADMITTED
TP07F118,06:C30E:0:1:1,0x03430E,9749,STA,DP_IND_LONG_Y,UNKNOWN,0,NONE,V05C-contexts.csv,SOURCE_PROVED_NOT_YET_ADMITTED
TP07F118,06:C310:0:1:1,0x034310,A008,LDY,IMM_X,UNKNOWN,0,NONE,V05C-contexts.csv,SOURCE_PROVED_NOT_YET_ADMITTED
TP07F118,06:C312:0:1:1,0x034312,A914,LDA,IMM_M,UNKNOWN,0,NONE,V05C-contexts.csv,SOURCE_PROVED_NOT_YET_ADMITTED
TP07F118,06:C314:0:1:1,0x034314,9749,STA,DP_IND_LONG_Y,UNKNOWN,0,NONE,V05C-contexts.csv,SOURCE_PROVED_NOT_YET_ADMITTED
TP07F118,06:C316:0:1:1,0x034316,E210,SEP,IMM8,UNKNOWN,0,NONE,V05C-contexts.csv,SOURCE_PROVED_NOT_YET_ADMITTED
TP07F118,06:C318:0:1:1,0x034318,C220,REP,IMM8,UNKNOWN,0,NONE,V05C-contexts.csv,SOURCE_PROVED_NOT_YET_ADMITTED
TP07F118,06:C31A:0:0:1,0x03431A,AD4900,LDA,ABS,UNKNOWN,0,DBR:0049,V05C-contexts.csv,SOURCE_PROVED_NOT_YET_ADMITTED
TP07F118,06:C31D:0:0:1,0x03431D,8D8A07,STA,ABS,UNKNOWN,UNKNOWN,DBR:078A,V05C-contexts.csv,SOURCE_PROVED_NOT_YET_ADMITTED
TP07F118,06:C320:0:0:1,0x034320,AE4B00,LDX,ABS,UNKNOWN,UNKNOWN,DBR:004B,V05C-contexts.csv,SOURCE_PROVED_NOT_YET_ADMITTED
TP07F118,06:C323:0:0:1,0x034323,8E8C07,STX,ABS,UNKNOWN,UNKNOWN,DBR:078C,V05C-contexts.csv,SOURCE_PROVED_NOT_YET_ADMITTED
TP07F118,06:C326:0:0:1,0x034326,A00A,LDY,IMM_X,UNKNOWN,UNKNOWN,NONE,V05C-contexts.csv,SOURCE_PROVED_NOT_YET_ADMITTED
TP07F118,06:C328:0:0:1,0x034328,B749,LDA,DP_IND_LONG_Y,UNKNOWN,0,NONE,V05C-contexts.csv,SOURCE_PROVED_NOT_YET_ADMITTED
TP07F118,06:C32A:0:0:1,0x03432A,8D8E07,STA,ABS,UNKNOWN,UNKNOWN,DBR:078E,V05C-contexts.csv,SOURCE_PROVED_NOT_YET_ADMITTED
TP07F118,06:C32D:0:0:1,0x03432D,A00C,LDY,IMM_X,UNKNOWN,UNKNOWN,NONE,V05C-contexts.csv,SOURCE_PROVED_NOT_YET_ADMITTED
TP07F118,06:C32F:0:0:1,0x03432F,B749,LDA,DP_IND_LONG_Y,UNKNOWN,0,NONE,V05C-contexts.csv,SOURCE_PROVED_NOT_YET_ADMITTED
TP07F118,06:C331:0:0:1,0x034331,8D9207,STA,ABS,UNKNOWN,UNKNOWN,DBR:0792,V05C-contexts.csv,SOURCE_PROVED_NOT_YET_ADMITTED
TP07F118,06:C334:0:0:1,0x034334,22308507,JSL,ABSL_JUMP,UNKNOWN,UNKNOWN,NONE,V05C-contexts.csv,SOURCE_PROVED_NOT_YET_ADMITTED
TP07F118,06:C338:0:0:0,0x034338,C230,REP,IMM8,UNKNOWN,0,NONE,V05C-contexts.csv,SOURCE_PROVED_NOT_YET_ADMITTED
TP07F118,06:C338:0:0:1,0x034338,C230,REP,IMM8,UNKNOWN,UNKNOWN,NONE,V05C-contexts.csv,SOURCE_PROVED_NOT_YET_ADMITTED
TP07F118,06:C33A:0:0:0,0x03433A,EE1504,INC,ABS,UNKNOWN,UNKNOWN|0,DBR:0415,V05C-contexts.csv,SOURCE_PROVED_NOT_YET_ADMITTED
TP07F118,06:C33D:0:0:0,0x03433D,8234FE,BRL,REL16,UNKNOWN,UNKNOWN,NONE,V05C-contexts.csv,SOURCE_PROVED_NOT_YET_ADMITTED
TP07F118,06:C340:0:0:0,0x034340,9C1504,STZ,ABS,UNKNOWN,1,DBR:0415,V05C-contexts.csv,SOURCE_PROVED_NOT_YET_ADMITTED
TP07F118,06:C343:0:0:0,0x034343,A90300,LDA,IMM_M,UNKNOWN,1,NONE,V05C-contexts.csv,SOURCE_PROVED_NOT_YET_ADMITTED
TP07F118,06:C346:0:0:0,0x034346,8D1704,STA,ABS,UNKNOWN,0,DBR:0417,V05C-contexts.csv,SOURCE_PROVED_NOT_YET_ADMITTED
TP07F118,06:C349:0:0:0,0x034349,C230,REP,IMM8,UNKNOWN,0,NONE,V05C-contexts.csv,SOURCE_PROVED_NOT_YET_ADMITTED
TP07F118,06:C349:0:1:0,0x034349,C230,REP,IMM8,UNKNOWN,UNKNOWN,NONE,V05C-contexts.csv,SOURCE_PROVED_NOT_YET_ADMITTED
TP07F118,06:C34B:0:0:0,0x03434B,AD1504,LDA,ABS,UNKNOWN,UNKNOWN|0,DBR:0415,V05C-contexts.csv,SOURCE_PROVED_NOT_YET_ADMITTED
TP07F118,06:C34E:0:0:0,0x03434E,C94000,CMP,IMM_M,UNKNOWN,UNKNOWN,NONE,V05C-contexts.csv,SOURCE_PROVED_NOT_YET_ADMITTED
TP07F118,06:C351:0:0:0,0x034351,9003,BCC,REL8,UNKNOWN,UNKNOWN,NONE,V05C-contexts.csv,SOURCE_PROVED_NOT_YET_ADMITTED
TP07F118,06:C353:0:0:0,0x034353,824902,BRL,REL16,1,UNKNOWN,NONE,V05C-contexts.csv,SOURCE_PROVED_NOT_YET_ADMITTED
TP07F118,06:C356:0:0:0,0x034356,E210,SEP,IMM8,0,UNKNOWN,NONE,V05C-contexts.csv,SOURCE_PROVED_NOT_YET_ADMITTED
TP07F118,06:C358:0:0:1,0x034358,C220,REP,IMM8,0,UNKNOWN,NONE,V05C-contexts.csv,SOURCE_PROVED_NOT_YET_ADMITTED
TP07F118,06:C35A:0:0:1,0x03435A,A90000,LDA,IMM_M,0,UNKNOWN,NONE,V05C-contexts.csv,SOURCE_PROVED_NOT_YET_ADMITTED
TP07F118,06:C35D:0:0:1,0x03435D,8D1104,STA,ABS,0,1,DBR:0411,V05C-contexts.csv,SOURCE_PROVED_NOT_YET_ADMITTED
TP07F118,06:C360:0:0:1,0x034360,AD1104,LDA,ABS,0,1,DBR:0411,V05C-contexts.csv,SOURCE_PROVED_NOT_YET_ADMITTED
TP07F118,06:C363:0:0:1,0x034363,A240,LDX,IMM_X,0,UNKNOWN,NONE,V05C-contexts.csv,SOURCE_PROVED_NOT_YET_ADMITTED
TP07F118,06:C365:0:0:1,0x034365,E230,SEP,IMM8,0,0,NONE,V05C-contexts.csv,SOURCE_PROVED_NOT_YET_ADMITTED
TP07F118,06:C367:0:1:1,0x034367,8D1B21,STA,ABS,0,0,DBR:211B,V05C-contexts.csv,SOURCE_PROVED_NOT_YET_ADMITTED
TP07F118,06:C36A:0:1:1,0x03436A,EB,XBA,IMP,0,0,NONE,V05C-contexts.csv,SOURCE_PROVED_NOT_YET_ADMITTED
TP07F118,06:C36B:0:1:1,0x03436B,8D1B21,STA,ABS,0,UNKNOWN,DBR:211B,V05C-contexts.csv,SOURCE_PROVED_NOT_YET_ADMITTED
TP07F118,06:C36E:0:1:1,0x03436E,8E1C21,STX,ABS,0,UNKNOWN,DBR:211C,V05C-contexts.csv,SOURCE_PROVED_NOT_YET_ADMITTED
TP07F118,06:C371:0:1:1,0x034371,E210,SEP,IMM8,0,UNKNOWN,NONE,V05C-contexts.csv,SOURCE_PROVED_NOT_YET_ADMITTED
TP07F118,06:C373:0:1:1,0x034373,C220,REP,IMM8,0,UNKNOWN,NONE,V05C-contexts.csv,SOURCE_PROVED_NOT_YET_ADMITTED
TP07F118,06:C375:0:0:1,0x034375,AD3421,LDA,ABS,0,UNKNOWN,DBR:2134,V05C-contexts.csv,SOURCE_PROVED_NOT_YET_ADMITTED
TP07F118,06:C378:0:0:1,0x034378,AE3621,LDX,ABS,0,UNKNOWN,DBR:2136,V05C-contexts.csv,SOURCE_PROVED_NOT_YET_ADMITTED
TP07F118,06:C37B:0:0:1,0x03437B,18,CLC,IMP,0,UNKNOWN,NONE,V05C-contexts.csv,SOURCE_PROVED_NOT_YET_ADMITTED
TP07F118,06:C37C:0:0:1,0x03437C,6D1504,ADC,ABS,0,UNKNOWN,DBR:0415,V05C-contexts.csv,SOURCE_PROVED_NOT_YET_ADMITTED
TP07F118,06:C37F:0:0:1,0x03437F,C230,REP,IMM8,UNKNOWN,UNKNOWN,NONE,V05C-contexts.csv,SOURCE_PROVED_NOT_YET_ADMITTED
TP07F118,06:C381:0:0:0,0x034381,A8,TAY,IMP,UNKNOWN,UNKNOWN,NONE,V05C-contexts.csv,SOURCE_PROVED_NOT_YET_ADMITTED
TP07F118,06:C382:0:0:0,0x034382,98,TYA,IMP,UNKNOWN,UNKNOWN,NONE,V05C-contexts.csv,SOURCE_PROVED_NOT_YET_ADMITTED
TP07F118,06:C383:0:0:0,0x034383,0A,ASL,ACC,UNKNOWN,UNKNOWN,NONE,V05C-contexts.csv,SOURCE_PROVED_NOT_YET_ADMITTED
TP07F118,06:C384:0:0:0,0x034384,0A,ASL,ACC,UNKNOWN,UNKNOWN,NONE,V05C-contexts.csv,SOURCE_PROVED_NOT_YET_ADMITTED
TP07F118,06:C385:0:0:0,0x034385,A8,TAY,IMP,UNKNOWN,UNKNOWN,NONE,V05C-contexts.csv,SOURCE_PROVED_NOT_YET_ADMITTED
TP07F118,06:C386:0:0:0,0x034386,AA,TAX,IMP,UNKNOWN,UNKNOWN,NONE,V05C-contexts.csv,SOURCE_PROVED_NOT_YET_ADMITTED
TP07F118,06:C387:0:0:0,0x034387,18,CLC,IMP,UNKNOWN,UNKNOWN,NONE,V05C-contexts.csv,SOURCE_PROVED_NOT_YET_ADMITTED
TP07F118,06:C388:0:0:0,0x034388,690200,ADC,IMM_M,0,UNKNOWN,NONE,V05C-contexts.csv,SOURCE_PROVED_NOT_YET_ADMITTED
TP07F118,06:C38B:0:0:0,0x03438B,A8,TAY,IMP,UNKNOWN,UNKNOWN,NONE,V05C-contexts.csv,SOURCE_PROVED_NOT_YET_ADMITTED
TP07F118,06:C38C:0:0:0,0x03438C,E220,SEP,IMM8,UNKNOWN,UNKNOWN,NONE,V05C-contexts.csv,SOURCE_PROVED_NOT_YET_ADMITTED
TP07F118,06:C38E:0:1:0,0x03438E,C210,REP,IMM8,UNKNOWN,UNKNOWN,NONE,V05C-contexts.csv,SOURCE_PROVED_NOT_YET_ADMITTED
TP07F118,06:C390:0:1:0,0x034390,A9CB,LDA,IMM_M,UNKNOWN,UNKNOWN,NONE,V05C-contexts.csv,SOURCE_PROVED_NOT_YET_ADMITTED
TP07F118,06:C392:0:1:0,0x034392,974F,STA,DP_IND_LONG_Y,UNKNOWN,0,NONE,V05C-contexts.csv,SOURCE_PROVED_NOT_YET_ADMITTED
TP07F118,06:C394:0:1:0,0x034394,C230,REP,IMM8,UNKNOWN,0,NONE,V05C-contexts.csv,SOURCE_PROVED_NOT_YET_ADMITTED
TP07F118,06:C396:0:0:0,0x034396,8A,TXA,IMP,UNKNOWN,0,NONE,V05C-contexts.csv,SOURCE_PROVED_NOT_YET_ADMITTED
TP07F118,06:C397:0:0:0,0x034397,18,CLC,IMP,UNKNOWN,UNKNOWN,NONE,V05C-contexts.csv,SOURCE_PROVED_NOT_YET_ADMITTED
TP07F118,06:C398:0:0:0,0x034398,690300,ADC,IMM_M,0,UNKNOWN,NONE,V05C-contexts.csv,SOURCE_PROVED_NOT_YET_ADMITTED
TP07F118,06:C39B:0:0:0,0x03439B,A8,TAY,IMP,UNKNOWN,UNKNOWN,NONE,V05C-contexts.csv,SOURCE_PROVED_NOT_YET_ADMITTED
TP07F118,06:C39C:0:0:0,0x03439C,E220,SEP,IMM8,UNKNOWN,UNKNOWN,NONE,V05C-contexts.csv,SOURCE_PROVED_NOT_YET_ADMITTED
TP07F118,06:C39E:0:1:0,0x03439E,C210,REP,IMM8,UNKNOWN,UNKNOWN,NONE,V05C-contexts.csv,SOURCE_PROVED_NOT_YET_ADMITTED
TP07F118,06:C3A0:0:1:0,0x0343A0,B74F,LDA,DP_IND_LONG_Y,UNKNOWN,UNKNOWN,NONE,V05C-contexts.csv,SOURCE_PROVED_NOT_YET_ADMITTED
TP07F118,06:C3A2:0:1:0,0x0343A2,0908,ORA,IMM_M,UNKNOWN,UNKNOWN,NONE,V05C-contexts.csv,SOURCE_PROVED_NOT_YET_ADMITTED
TP07F118,06:C3A4:0:1:0,0x0343A4,974F,STA,DP_IND_LONG_Y,UNKNOWN,UNKNOWN,NONE,V05C-contexts.csv,SOURCE_PROVED_NOT_YET_ADMITTED
TP07F118,06:C3A6:0:1:0,0x0343A6,AD1504,LDA,ABS,UNKNOWN,UNKNOWN,DBR:0415,V05C-contexts.csv,SOURCE_PROVED_NOT_YET_ADMITTED
TP07F118,06:C3A9:0:1:0,0x0343A9,C91E,CMP,IMM_M,UNKNOWN,UNKNOWN,NONE,V05C-contexts.csv,SOURCE_PROVED_NOT_YET_ADMITTED
TP07F118,06:C3AB:0:1:0,0x0343AB,9009,BCC,REL8,UNKNOWN,UNKNOWN,NONE,V05C-contexts.csv,SOURCE_PROVED_NOT_YET_ADMITTED
TP07F118,06:C3AD:0:1:0,0x0343AD,C922,CMP,IMM_M,1,UNKNOWN,NONE,V05C-contexts.csv,SOURCE_PROVED_NOT_YET_ADMITTED
TP07F118,06:C3AF:0:1:0,0x0343AF,F002,BEQ,REL8,UNKNOWN,UNKNOWN,NONE,V05C-contexts.csv,SOURCE_PROVED_NOT_YET_ADMITTED
TP07F118,06:C3B1:0:1:0,0x0343B1,B003,BCS,REL8,UNKNOWN,0,NONE,V05C-contexts.csv,SOURCE_PROVED_NOT_YET_ADMITTED
TP07F118,06:C3B3:0:1:0,0x0343B3,825000,BRL,REL16,UNKNOWN|0,0|1,NONE,V05C-contexts.csv,SOURCE_PROVED_NOT_YET_ADMITTED
TP07F118,06:C3B6:0:1:0,0x0343B6,E210,SEP,IMM8,0|1,UNKNOWN|0,NONE,V05C-contexts.csv,SOURCE_PROVED_NOT_YET_ADMITTED
TP07F118,06:C3B8:0:1:1,0x0343B8,C220,REP,IMM8,0|1,UNKNOWN|0,NONE,V05C-contexts.csv,SOURCE_PROVED_NOT_YET_ADMITTED
TP07F118,06:C3BA:0:0:1,0x0343BA,A93800,LDA,IMM_M,0|1,UNKNOWN|0,NONE,V05C-contexts.csv,SOURCE_PROVED_NOT_YET_ADMITTED
TP07F118,06:C3BD:0:0:1,0x0343BD,8D1104,STA,ABS,0|1,0,DBR:0411,V05C-contexts.csv,SOURCE_PROVED_NOT_YET_ADMITTED
TP07F118,06:C3C0:0:0:1,0x0343C0,AD1104,LDA,ABS,0|1,0,DBR:0411,V05C-contexts.csv,SOURCE_PROVED_NOT_YET_ADMITTED
TP07F118,06:C3C3:0:0:1,0x0343C3,A240,LDX,IMM_X,0|1,UNKNOWN,NONE,V05C-contexts.csv,SOURCE_PROVED_NOT_YET_ADMITTED
TP07F118,06:C3C5:0:0:1,0x0343C5,E230,SEP,IMM8,0|1,0,NONE,V05C-contexts.csv,SOURCE_PROVED_NOT_YET_ADMITTED
TP07F118,06:C3C7:0:1:1,0x0343C7,8D1B21,STA,ABS,0|1,0,DBR:211B,V05C-contexts.csv,SOURCE_PROVED_NOT_YET_ADMITTED
TP07F118,06:C3CA:0:1:1,0x0343CA,EB,XBA,IMP,0|1,0,NONE,V05C-contexts.csv,SOURCE_PROVED_NOT_YET_ADMITTED
TP07F118,06:C3CB:0:1:1,0x0343CB,8D1B21,STA,ABS,0|1,UNKNOWN,DBR:211B,V05C-contexts.csv,SOURCE_PROVED_NOT_YET_ADMITTED
TP07F118,06:C3CE:0:1:1,0x0343CE,8E1C21,STX,ABS,0|1,UNKNOWN,DBR:211C,V05C-contexts.csv,SOURCE_PROVED_NOT_YET_ADMITTED
TP07F118,06:C3D1:0:1:1,0x0343D1,E210,SEP,IMM8,0|1,UNKNOWN,NONE,V05C-contexts.csv,SOURCE_PROVED_NOT_YET_ADMITTED
TP07F118,06:C3D3:0:1:1,0x0343D3,C220,REP,IMM8,0|1,UNKNOWN,NONE,V05C-contexts.csv,SOURCE_PROVED_NOT_YET_ADMITTED
TP07F118,06:C3D5:0:0:1,0x0343D5,AD3421,LDA,ABS,0|1,UNKNOWN,DBR:2134,V05C-contexts.csv,SOURCE_PROVED_NOT_YET_ADMITTED
TP07F118,06:C3D8:0:0:1,0x0343D8,AE3621,LDX,ABS,0|1,UNKNOWN,DBR:2136,V05C-contexts.csv,SOURCE_PROVED_NOT_YET_ADMITTED
TP07F118,06:C3DB:0:0:1,0x0343DB,18,CLC,IMP,0|1,UNKNOWN,NONE,V05C-contexts.csv,SOURCE_PROVED_NOT_YET_ADMITTED
TP07F118,06:C3DC:0:0:1,0x0343DC,6D1504,ADC,ABS,0,UNKNOWN,DBR:0415,V05C-contexts.csv,SOURCE_PROVED_NOT_YET_ADMITTED
TP07F118,06:C3DF:0:0:1,0x0343DF,C230,REP,IMM8,UNKNOWN,UNKNOWN,NONE,V05C-contexts.csv,SOURCE_PROVED_NOT_YET_ADMITTED
TP07F118,06:C3E1:0:0:0,0x0343E1,A8,TAY,IMP,UNKNOWN,UNKNOWN,NONE,V05C-contexts.csv,SOURCE_PROVED_NOT_YET_ADMITTED
TP07F118,06:C3E2:0:0:0,0x0343E2,98,TYA,IMP,UNKNOWN,UNKNOWN,NONE,V05C-contexts.csv,SOURCE_PROVED_NOT_YET_ADMITTED
TP07F118,06:C3E3:0:0:0,0x0343E3,0A,ASL,ACC,UNKNOWN,UNKNOWN,NONE,V05C-contexts.csv,SOURCE_PROVED_NOT_YET_ADMITTED
TP07F118,06:C3E4:0:0:0,0x0343E4,0A,ASL,ACC,UNKNOWN,UNKNOWN,NONE,V05C-contexts.csv,SOURCE_PROVED_NOT_YET_ADMITTED
TP07F118,06:C3E5:0:0:0,0x0343E5,A8,TAY,IMP,UNKNOWN,UNKNOWN,NONE,V05C-contexts.csv,SOURCE_PROVED_NOT_YET_ADMITTED
TP07F118,06:C3E6:0:0:0,0x0343E6,AA,TAX,IMP,UNKNOWN,UNKNOWN,NONE,V05C-contexts.csv,SOURCE_PROVED_NOT_YET_ADMITTED
TP07F118,06:C3E7:0:0:0,0x0343E7,18,CLC,IMP,UNKNOWN,UNKNOWN,NONE,V05C-contexts.csv,SOURCE_PROVED_NOT_YET_ADMITTED
TP07F118,06:C3E8:0:0:0,0x0343E8,690200,ADC,IMM_M,0,UNKNOWN,NONE,V05C-contexts.csv,SOURCE_PROVED_NOT_YET_ADMITTED
TP07F118,06:C3EB:0:0:0,0x0343EB,A8,TAY,IMP,UNKNOWN,UNKNOWN,NONE,V05C-contexts.csv,SOURCE_PROVED_NOT_YET_ADMITTED
TP07F118,06:C3EC:0:0:0,0x0343EC,E220,SEP,IMM8,UNKNOWN,UNKNOWN,NONE,V05C-contexts.csv,SOURCE_PROVED_NOT_YET_ADMITTED
TP07F118,06:C3EE:0:1:0,0x0343EE,C210,REP,IMM8,UNKNOWN,UNKNOWN,NONE,V05C-contexts.csv,SOURCE_PROVED_NOT_YET_ADMITTED
TP07F118,06:C3F0:0:1:0,0x0343F0,A9CB,LDA,IMM_M,UNKNOWN,UNKNOWN,NONE,V05C-contexts.csv,SOURCE_PROVED_NOT_YET_ADMITTED
TP07F118,06:C3F2:0:1:0,0x0343F2,974F,STA,DP_IND_LONG_Y,UNKNOWN,0,NONE,V05C-contexts.csv,SOURCE_PROVED_NOT_YET_ADMITTED
TP07F118,06:C3F4:0:1:0,0x0343F4,C230,REP,IMM8,UNKNOWN,0,NONE,V05C-contexts.csv,SOURCE_PROVED_NOT_YET_ADMITTED
TP07F118,06:C3F6:0:0:0,0x0343F6,8A,TXA,IMP,UNKNOWN,0,NONE,V05C-contexts.csv,SOURCE_PROVED_NOT_YET_ADMITTED
TP07F118,06:C3F7:0:0:0,0x0343F7,18,CLC,IMP,UNKNOWN,UNKNOWN,NONE,V05C-contexts.csv,SOURCE_PROVED_NOT_YET_ADMITTED
TP07F118,06:C3F8:0:0:0,0x0343F8,690300,ADC,IMM_M,0,UNKNOWN,NONE,V05C-contexts.csv,SOURCE_PROVED_NOT_YET_ADMITTED
TP07F118,06:C3FB:0:0:0,0x0343FB,A8,TAY,IMP,UNKNOWN,UNKNOWN,NONE,V05C-contexts.csv,SOURCE_PROVED_NOT_YET_ADMITTED
TP07F118,06:C3FC:0:0:0,0x0343FC,E220,SEP,IMM8,UNKNOWN,UNKNOWN,NONE,V05C-contexts.csv,SOURCE_PROVED_NOT_YET_ADMITTED
TP07F118,06:C3FE:0:1:0,0x0343FE,C210,REP,IMM8,UNKNOWN,UNKNOWN,NONE,V05C-contexts.csv,SOURCE_PROVED_NOT_YET_ADMITTED
TP07F118,06:C400:0:1:0,0x034400,B74F,LDA,DP_IND_LONG_Y,UNKNOWN,UNKNOWN,NONE,V05C-contexts.csv,SOURCE_PROVED_NOT_YET_ADMITTED
TP07F118,06:C402:0:1:0,0x034402,0908,ORA,IMM_M,UNKNOWN,UNKNOWN,NONE,V05C-contexts.csv,SOURCE_PROVED_NOT_YET_ADMITTED
TP07F118,06:C404:0:1:0,0x034404,974F,STA,DP_IND_LONG_Y,UNKNOWN,UNKNOWN,NONE,V05C-contexts.csv,SOURCE_PROVED_NOT_YET_ADMITTED
TP07F118,06:C406:0:1:0,0x034406,E210,SEP,IMM8,UNKNOWN|0,UNKNOWN|0|1,NONE,V05C-contexts.csv,SOURCE_PROVED_NOT_YET_ADMITTED
TP07F118,06:C408:0:1:1,0x034408,C220,REP,IMM8,UNKNOWN|0,UNKNOWN|0|1,NONE,V05C-contexts.csv,SOURCE_PROVED_NOT_YET_ADMITTED
TP07F118,06:C40A:0:0:1,0x03440A,A93F00,LDA,IMM_M,UNKNOWN|0,UNKNOWN|0|1,NONE,V05C-contexts.csv,SOURCE_PROVED_NOT_YET_ADMITTED
TP07F118,06:C40D:0:0:1,0x03440D,8D1104,STA,ABS,UNKNOWN|0,0,DBR:0411,V05C-contexts.csv,SOURCE_PROVED_NOT_YET_ADMITTED
TP07F118,06:C410:0:0:1,0x034410,AD1104,LDA,ABS,UNKNOWN|0,0,DBR:0411,V05C-contexts.csv,SOURCE_PROVED_NOT_YET_ADMITTED
TP07F118,06:C413:0:0:1,0x034413,A240,LDX,IMM_X,UNKNOWN|0,UNKNOWN,NONE,V05C-contexts.csv,SOURCE_PROVED_NOT_YET_ADMITTED
TP07F118,06:C415:0:0:1,0x034415,E230,SEP,IMM8,UNKNOWN|0,0,NONE,V05C-contexts.csv,SOURCE_PROVED_NOT_YET_ADMITTED
TP07F118,06:C417:0:1:1,0x034417,8D1B21,STA,ABS,UNKNOWN|0,0,DBR:211B,V05C-contexts.csv,SOURCE_PROVED_NOT_YET_ADMITTED
TP07F118,06:C41A:0:1:1,0x03441A,EB,XBA,IMP,UNKNOWN|0,0,NONE,V05C-contexts.csv,SOURCE_PROVED_NOT_YET_ADMITTED
TP07F118,06:C41B:0:1:1,0x03441B,8D1B21,STA,ABS,UNKNOWN|0,UNKNOWN,DBR:211B,V05C-contexts.csv,SOURCE_PROVED_NOT_YET_ADMITTED
TP07F118,06:C41E:0:1:1,0x03441E,8E1C21,STX,ABS,UNKNOWN|0,UNKNOWN,DBR:211C,V05C-contexts.csv,SOURCE_PROVED_NOT_YET_ADMITTED
TP07F118,06:C421:0:1:1,0x034421,E210,SEP,IMM8,UNKNOWN|0,UNKNOWN,NONE,V05C-contexts.csv,SOURCE_PROVED_NOT_YET_ADMITTED
TP07F118,06:C423:0:1:1,0x034423,C220,REP,IMM8,UNKNOWN|0,UNKNOWN,NONE,V05C-contexts.csv,SOURCE_PROVED_NOT_YET_ADMITTED
TP07F118,06:C425:0:0:1,0x034425,AD3421,LDA,ABS,UNKNOWN|0,UNKNOWN,DBR:2134,V05C-contexts.csv,SOURCE_PROVED_NOT_YET_ADMITTED
TP07F118,06:C428:0:0:1,0x034428,AE3621,LDX,ABS,UNKNOWN|0,UNKNOWN,DBR:2136,V05C-contexts.csv,SOURCE_PROVED_NOT_YET_ADMITTED
TP07F118,06:C42B:0:0:1,0x03442B,18,CLC,IMP,UNKNOWN|0,UNKNOWN,NONE,V05C-contexts.csv,SOURCE_PROVED_NOT_YET_ADMITTED
TP07F118,06:C42C:0:0:1,0x03442C,6D1504,ADC,ABS,0,UNKNOWN,DBR:0415,V05C-contexts.csv,SOURCE_PROVED_NOT_YET_ADMITTED
TP07F118,06:C42F:0:0:1,0x03442F,C230,REP,IMM8,UNKNOWN,UNKNOWN,NONE,V05C-contexts.csv,SOURCE_PROVED_NOT_YET_ADMITTED
TP07F118,06:C431:0:0:0,0x034431,A8,TAY,IMP,UNKNOWN,UNKNOWN,NONE,V05C-contexts.csv,SOURCE_PROVED_NOT_YET_ADMITTED
TP07F118,06:C432:0:0:0,0x034432,98,TYA,IMP,UNKNOWN,UNKNOWN,NONE,V05C-contexts.csv,SOURCE_PROVED_NOT_YET_ADMITTED
TP07F118,06:C433:0:0:0,0x034433,0A,ASL,ACC,UNKNOWN,UNKNOWN,NONE,V05C-contexts.csv,SOURCE_PROVED_NOT_YET_ADMITTED
TP07F118,06:C434:0:0:0,0x034434,0A,ASL,ACC,UNKNOWN,UNKNOWN,NONE,V05C-contexts.csv,SOURCE_PROVED_NOT_YET_ADMITTED
TP07F118,06:C435:0:0:0,0x034435,A8,TAY,IMP,UNKNOWN,UNKNOWN,NONE,V05C-contexts.csv,SOURCE_PROVED_NOT_YET_ADMITTED
TP07F118,06:C436:0:0:0,0x034436,AA,TAX,IMP,UNKNOWN,UNKNOWN,NONE,V05C-contexts.csv,SOURCE_PROVED_NOT_YET_ADMITTED
TP07F118,06:C437:0:0:0,0x034437,18,CLC,IMP,UNKNOWN,UNKNOWN,NONE,V05C-contexts.csv,SOURCE_PROVED_NOT_YET_ADMITTED
TP07F118,06:C438:0:0:0,0x034438,690200,ADC,IMM_M,0,UNKNOWN,NONE,V05C-contexts.csv,SOURCE_PROVED_NOT_YET_ADMITTED
TP07F118,06:C43B:0:0:0,0x03443B,A8,TAY,IMP,UNKNOWN,UNKNOWN,NONE,V05C-contexts.csv,SOURCE_PROVED_NOT_YET_ADMITTED
TP07F118,06:C43C:0:0:0,0x03443C,E220,SEP,IMM8,UNKNOWN,UNKNOWN,NONE,V05C-contexts.csv,SOURCE_PROVED_NOT_YET_ADMITTED
TP07F118,06:C43E:0:1:0,0x03443E,C210,REP,IMM8,UNKNOWN,UNKNOWN,NONE,V05C-contexts.csv,SOURCE_PROVED_NOT_YET_ADMITTED
TP07F118,06:C440:0:1:0,0x034440,A9F0,LDA,IMM_M,UNKNOWN,UNKNOWN,NONE,V05C-contexts.csv,SOURCE_PROVED_NOT_YET_ADMITTED
TP07F118,06:C442:0:1:0,0x034442,974F,STA,DP_IND_LONG_Y,UNKNOWN,0,NONE,V05C-contexts.csv,SOURCE_PROVED_NOT_YET_ADMITTED
TP07F118,06:C444:0:1:0,0x034444,C230,REP,IMM8,UNKNOWN,0,NONE,V05C-contexts.csv,SOURCE_PROVED_NOT_YET_ADMITTED
TP07F118,06:C446:0:0:0,0x034446,8A,TXA,IMP,UNKNOWN,0,NONE,V05C-contexts.csv,SOURCE_PROVED_NOT_YET_ADMITTED
TP07F118,06:C447:0:0:0,0x034447,18,CLC,IMP,UNKNOWN,UNKNOWN,NONE,V05C-contexts.csv,SOURCE_PROVED_NOT_YET_ADMITTED
TP07F118,06:C448:0:0:0,0x034448,690300,ADC,IMM_M,0,UNKNOWN,NONE,V05C-contexts.csv,SOURCE_PROVED_NOT_YET_ADMITTED
TP07F118,06:C44B:0:0:0,0x03444B,A8,TAY,IMP,UNKNOWN,UNKNOWN,NONE,V05C-contexts.csv,SOURCE_PROVED_NOT_YET_ADMITTED
TP07F118,06:C44C:0:0:0,0x03444C,E220,SEP,IMM8,UNKNOWN,UNKNOWN,NONE,V05C-contexts.csv,SOURCE_PROVED_NOT_YET_ADMITTED
TP07F118,06:C44E:0:1:0,0x03444E,C210,REP,IMM8,UNKNOWN,UNKNOWN,NONE,V05C-contexts.csv,SOURCE_PROVED_NOT_YET_ADMITTED
TP07F118,06:C450:0:1:0,0x034450,B74F,LDA,DP_IND_LONG_Y,UNKNOWN,UNKNOWN,NONE,V05C-contexts.csv,SOURCE_PROVED_NOT_YET_ADMITTED
TP07F118,06:C452:0:1:0,0x034452,0908,ORA,IMM_M,UNKNOWN,UNKNOWN,NONE,V05C-contexts.csv,SOURCE_PROVED_NOT_YET_ADMITTED
TP07F118,06:C454:0:1:0,0x034454,974F,STA,DP_IND_LONG_Y,UNKNOWN,UNKNOWN,NONE,V05C-contexts.csv,SOURCE_PROVED_NOT_YET_ADMITTED
TP07F118,06:C456:0:1:0,0x034456,E210,SEP,IMM8,UNKNOWN,UNKNOWN,NONE,V05C-contexts.csv,SOURCE_PROVED_NOT_YET_ADMITTED
TP07F118,06:C458:0:1:1,0x034458,C220,REP,IMM8,UNKNOWN,UNKNOWN,NONE,V05C-contexts.csv,SOURCE_PROVED_NOT_YET_ADMITTED
TP07F118,06:C45A:0:0:1,0x03445A,A93E00,LDA,IMM_M,UNKNOWN,UNKNOWN,NONE,V05C-contexts.csv,SOURCE_PROVED_NOT_YET_ADMITTED
TP07F118,06:C45D:0:0:1,0x03445D,8D1104,STA,ABS,UNKNOWN,0,DBR:0411,V05C-contexts.csv,SOURCE_PROVED_NOT_YET_ADMITTED
TP07F118,06:C460:0:0:1,0x034460,AD1104,LDA,ABS,UNKNOWN,0,DBR:0411,V05C-contexts.csv,SOURCE_PROVED_NOT_YET_ADMITTED
TP07F118,06:C463:0:0:1,0x034463,A240,LDX,IMM_X,UNKNOWN,UNKNOWN,NONE,V05C-contexts.csv,SOURCE_PROVED_NOT_YET_ADMITTED
TP07F118,06:C465:0:0:1,0x034465,E230,SEP,IMM8,UNKNOWN,0,NONE,V05C-contexts.csv,SOURCE_PROVED_NOT_YET_ADMITTED
TP07F118,06:C467:0:1:1,0x034467,8D1B21,STA,ABS,UNKNOWN,0,DBR:211B,V05C-contexts.csv,SOURCE_PROVED_NOT_YET_ADMITTED
TP07F118,06:C46A:0:1:1,0x03446A,EB,XBA,IMP,UNKNOWN,0,NONE,V05C-contexts.csv,SOURCE_PROVED_NOT_YET_ADMITTED
TP07F118,06:C46B:0:1:1,0x03446B,8D1B21,STA,ABS,UNKNOWN,UNKNOWN,DBR:211B,V05C-contexts.csv,SOURCE_PROVED_NOT_YET_ADMITTED
TP07F118,06:C46E:0:1:1,0x03446E,8E1C21,STX,ABS,UNKNOWN,UNKNOWN,DBR:211C,V05C-contexts.csv,SOURCE_PROVED_NOT_YET_ADMITTED
TP07F118,06:C471:0:1:1,0x034471,E210,SEP,IMM8,UNKNOWN,UNKNOWN,NONE,V05C-contexts.csv,SOURCE_PROVED_NOT_YET_ADMITTED
TP07F118,06:C473:0:1:1,0x034473,C220,REP,IMM8,UNKNOWN,UNKNOWN,NONE,V05C-contexts.csv,SOURCE_PROVED_NOT_YET_ADMITTED
TP07F118,06:C475:0:0:1,0x034475,AD3421,LDA,ABS,UNKNOWN,UNKNOWN,DBR:2134,V05C-contexts.csv,SOURCE_PROVED_NOT_YET_ADMITTED
TP07F118,06:C478:0:0:1,0x034478,AE3621,LDX,ABS,UNKNOWN,UNKNOWN,DBR:2136,V05C-contexts.csv,SOURCE_PROVED_NOT_YET_ADMITTED
TP07F118,06:C47B:0:0:1,0x03447B,18,CLC,IMP,UNKNOWN,UNKNOWN,NONE,V05C-contexts.csv,SOURCE_PROVED_NOT_YET_ADMITTED
TP07F118,06:C47C:0:0:1,0x03447C,6D1504,ADC,ABS,0,UNKNOWN,DBR:0415,V05C-contexts.csv,SOURCE_PROVED_NOT_YET_ADMITTED
TP07F118,06:C47F:0:0:1,0x03447F,C230,REP,IMM8,UNKNOWN,UNKNOWN,NONE,V05C-contexts.csv,SOURCE_PROVED_NOT_YET_ADMITTED
TP07F118,06:C481:0:0:0,0x034481,A8,TAY,IMP,UNKNOWN,UNKNOWN,NONE,V05C-contexts.csv,SOURCE_PROVED_NOT_YET_ADMITTED
TP07F118,06:C482:0:0:0,0x034482,98,TYA,IMP,UNKNOWN,UNKNOWN,NONE,V05C-contexts.csv,SOURCE_PROVED_NOT_YET_ADMITTED
TP07F118,06:C483:0:0:0,0x034483,0A,ASL,ACC,UNKNOWN,UNKNOWN,NONE,V05C-contexts.csv,SOURCE_PROVED_NOT_YET_ADMITTED
TP07F118,06:C484:0:0:0,0x034484,0A,ASL,ACC,UNKNOWN,UNKNOWN,NONE,V05C-contexts.csv,SOURCE_PROVED_NOT_YET_ADMITTED
TP07F118,06:C485:0:0:0,0x034485,A8,TAY,IMP,UNKNOWN,UNKNOWN,NONE,V05C-contexts.csv,SOURCE_PROVED_NOT_YET_ADMITTED
TP07F118,06:C486:0:0:0,0x034486,AA,TAX,IMP,UNKNOWN,UNKNOWN,NONE,V05C-contexts.csv,SOURCE_PROVED_NOT_YET_ADMITTED
TP07F118,06:C487:0:0:0,0x034487,18,CLC,IMP,UNKNOWN,UNKNOWN,NONE,V05C-contexts.csv,SOURCE_PROVED_NOT_YET_ADMITTED
TP07F118,06:C488:0:0:0,0x034488,690200,ADC,IMM_M,0,UNKNOWN,NONE,V05C-contexts.csv,SOURCE_PROVED_NOT_YET_ADMITTED
TP07F118,06:C48B:0:0:0,0x03448B,A8,TAY,IMP,UNKNOWN,UNKNOWN,NONE,V05C-contexts.csv,SOURCE_PROVED_NOT_YET_ADMITTED
TP07F118,06:C48C:0:0:0,0x03448C,E220,SEP,IMM8,UNKNOWN,UNKNOWN,NONE,V05C-contexts.csv,SOURCE_PROVED_NOT_YET_ADMITTED
TP07F118,06:C48E:0:1:0,0x03448E,C210,REP,IMM8,UNKNOWN,UNKNOWN,NONE,V05C-contexts.csv,SOURCE_PROVED_NOT_YET_ADMITTED
TP07F118,06:C490:0:1:0,0x034490,A9F0,LDA,IMM_M,UNKNOWN,UNKNOWN,NONE,V05C-contexts.csv,SOURCE_PROVED_NOT_YET_ADMITTED
TP07F118,06:C492:0:1:0,0x034492,974F,STA,DP_IND_LONG_Y,UNKNOWN,0,NONE,V05C-contexts.csv,SOURCE_PROVED_NOT_YET_ADMITTED
TP07F118,06:C494:0:1:0,0x034494,C230,REP,IMM8,UNKNOWN,0,NONE,V05C-contexts.csv,SOURCE_PROVED_NOT_YET_ADMITTED
TP07F118,06:C496:0:0:0,0x034496,8A,TXA,IMP,UNKNOWN,0,NONE,V05C-contexts.csv,SOURCE_PROVED_NOT_YET_ADMITTED
TP07F118,06:C497:0:0:0,0x034497,18,CLC,IMP,UNKNOWN,UNKNOWN,NONE,V05C-contexts.csv,SOURCE_PROVED_NOT_YET_ADMITTED
TP07F118,06:C498:0:0:0,0x034498,690300,ADC,IMM_M,0,UNKNOWN,NONE,V05C-contexts.csv,SOURCE_PROVED_NOT_YET_ADMITTED
TP07F118,06:C49B:0:0:0,0x03449B,A8,TAY,IMP,UNKNOWN,UNKNOWN,NONE,V05C-contexts.csv,SOURCE_PROVED_NOT_YET_ADMITTED
TP07F118,06:C49C:0:0:0,0x03449C,E220,SEP,IMM8,UNKNOWN,UNKNOWN,NONE,V05C-contexts.csv,SOURCE_PROVED_NOT_YET_ADMITTED
TP07F118,06:C49E:0:1:0,0x03449E,C210,REP,IMM8,UNKNOWN,UNKNOWN,NONE,V05C-contexts.csv,SOURCE_PROVED_NOT_YET_ADMITTED
TP07F118,06:C4A0:0:1:0,0x0344A0,B74F,LDA,DP_IND_LONG_Y,UNKNOWN,UNKNOWN,NONE,V05C-contexts.csv,SOURCE_PROVED_NOT_YET_ADMITTED
TP07F118,06:C4A2:0:1:0,0x0344A2,0908,ORA,IMM_M,UNKNOWN,UNKNOWN,NONE,V05C-contexts.csv,SOURCE_PROVED_NOT_YET_ADMITTED
TP07F118,06:C4A4:0:1:0,0x0344A4,974F,STA,DP_IND_LONG_Y,UNKNOWN,UNKNOWN,NONE,V05C-contexts.csv,SOURCE_PROVED_NOT_YET_ADMITTED
TP07F118,06:C4A6:0:1:0,0x0344A6,CE1704,DEC,ABS,UNKNOWN,UNKNOWN,DBR:0417,V05C-contexts.csv,SOURCE_PROVED_NOT_YET_ADMITTED
TP07F118,06:C4A9:0:1:0,0x0344A9,AD1704,LDA,ABS,UNKNOWN,UNKNOWN,DBR:0417,V05C-contexts.csv,SOURCE_PROVED_NOT_YET_ADMITTED
TP07F118,06:C4AC:0:1:0,0x0344AC,C900,CMP,IMM_M,UNKNOWN,UNKNOWN,NONE,V05C-contexts.csv,SOURCE_PROVED_NOT_YET_ADMITTED
TP07F118,06:C4AE:0:1:0,0x0344AE,F003,BEQ,REL8,UNKNOWN,UNKNOWN,NONE,V05C-contexts.csv,SOURCE_PROVED_NOT_YET_ADMITTED
TP07F118,06:C4B0:0:1:0,0x0344B0,824600,BRL,REL16,UNKNOWN,0,NONE,V05C-contexts.csv,SOURCE_PROVED_NOT_YET_ADMITTED
TP07F118,06:C4B3:0:1:0,0x0344B3,A906,LDA,IMM_M,UNKNOWN,1,NONE,V05C-contexts.csv,SOURCE_PROVED_NOT_YET_ADMITTED
TP07F118,06:C4B5:0:1:0,0x0344B5,8D1704,STA,ABS,UNKNOWN,0,DBR:0417,V05C-contexts.csv,SOURCE_PROVED_NOT_YET_ADMITTED
TP07F118,06:C4B8:0:1:0,0x0344B8,E210,SEP,IMM8,UNKNOWN,0,NONE,V05C-contexts.csv,SOURCE_PROVED_NOT_YET_ADMITTED
TP07F118,06:C4BA:0:1:1,0x0344BA,C220,REP,IMM8,UNKNOWN,0,NONE,V05C-contexts.csv,SOURCE_PROVED_NOT_YET_ADMITTED
TP07F118,06:C4BC:0:0:1,0x0344BC,A93D00,LDA,IMM_M,UNKNOWN,0,NONE,V05C-contexts.csv,SOURCE_PROVED_NOT_YET_ADMITTED
TP07F118,06:C4BF:0:0:1,0x0344BF,8D1104,STA,ABS,UNKNOWN,0,DBR:0411,V05C-contexts.csv,SOURCE_PROVED_NOT_YET_ADMITTED
TP07F118,06:C4C2:0:0:1,0x0344C2,AD1104,LDA,ABS,UNKNOWN,0,DBR:0411,V05C-contexts.csv,SOURCE_PROVED_NOT_YET_ADMITTED
TP07F118,06:C4C5:0:0:1,0x0344C5,A240,LDX,IMM_X,UNKNOWN,UNKNOWN,NONE,V05C-contexts.csv,SOURCE_PROVED_NOT_YET_ADMITTED
TP07F118,06:C4C7:0:0:1,0x0344C7,E230,SEP,IMM8,UNKNOWN,0,NONE,V05C-contexts.csv,SOURCE_PROVED_NOT_YET_ADMITTED
TP07F118,06:C4C9:0:1:1,0x0344C9,8D1B21,STA,ABS,UNKNOWN,0,DBR:211B,V05C-contexts.csv,SOURCE_PROVED_NOT_YET_ADMITTED
TP07F118,06:C4CC:0:1:1,0x0344CC,EB,XBA,IMP,UNKNOWN,0,NONE,V05C-contexts.csv,SOURCE_PROVED_NOT_YET_ADMITTED
TP07F118,06:C4CD:0:1:1,0x0344CD,8D1B21,STA,ABS,UNKNOWN,UNKNOWN,DBR:211B,V05C-contexts.csv,SOURCE_PROVED_NOT_YET_ADMITTED
TP07F118,06:C4D0:0:1:1,0x0344D0,8E1C21,STX,ABS,UNKNOWN,UNKNOWN,DBR:211C,V05C-contexts.csv,SOURCE_PROVED_NOT_YET_ADMITTED
TP07F118,06:C4D3:0:1:1,0x0344D3,E210,SEP,IMM8,UNKNOWN,UNKNOWN,NONE,V05C-contexts.csv,SOURCE_PROVED_NOT_YET_ADMITTED
TP07F118,06:C4D5:0:1:1,0x0344D5,C220,REP,IMM8,UNKNOWN,UNKNOWN,NONE,V05C-contexts.csv,SOURCE_PROVED_NOT_YET_ADMITTED
TP07F118,06:C4D7:0:0:1,0x0344D7,AD3421,LDA,ABS,UNKNOWN,UNKNOWN,DBR:2134,V05C-contexts.csv,SOURCE_PROVED_NOT_YET_ADMITTED
TP07F118,06:C4DA:0:0:1,0x0344DA,AE3621,LDX,ABS,UNKNOWN,UNKNOWN,DBR:2136,V05C-contexts.csv,SOURCE_PROVED_NOT_YET_ADMITTED
TP07F118,06:C4DD:0:0:1,0x0344DD,18,CLC,IMP,UNKNOWN,UNKNOWN,NONE,V05C-contexts.csv,SOURCE_PROVED_NOT_YET_ADMITTED
TP07F118,06:C4DE:0:0:1,0x0344DE,6D1504,ADC,ABS,0,UNKNOWN,DBR:0415,V05C-contexts.csv,SOURCE_PROVED_NOT_YET_ADMITTED
TP07F118,06:C4E1:0:0:1,0x0344E1,C230,REP,IMM8,UNKNOWN,UNKNOWN,NONE,V05C-contexts.csv,SOURCE_PROVED_NOT_YET_ADMITTED
TP07F118,06:C4E3:0:0:0,0x0344E3,A8,TAY,IMP,UNKNOWN,UNKNOWN,NONE,V05C-contexts.csv,SOURCE_PROVED_NOT_YET_ADMITTED
TP07F118,06:C4E4:0:0:0,0x0344E4,98,TYA,IMP,UNKNOWN,UNKNOWN,NONE,V05C-contexts.csv,SOURCE_PROVED_NOT_YET_ADMITTED
TP07F118,06:C4E5:0:0:0,0x0344E5,0A,ASL,ACC,UNKNOWN,UNKNOWN,NONE,V05C-contexts.csv,SOURCE_PROVED_NOT_YET_ADMITTED
TP07F118,06:C4E6:0:0:0,0x0344E6,0A,ASL,ACC,UNKNOWN,UNKNOWN,NONE,V05C-contexts.csv,SOURCE_PROVED_NOT_YET_ADMITTED
TP07F118,06:C4E7:0:0:0,0x0344E7,A8,TAY,IMP,UNKNOWN,UNKNOWN,NONE,V05C-contexts.csv,SOURCE_PROVED_NOT_YET_ADMITTED
TP07F118,06:C4E8:0:0:0,0x0344E8,AA,TAX,IMP,UNKNOWN,UNKNOWN,NONE,V05C-contexts.csv,SOURCE_PROVED_NOT_YET_ADMITTED
TP07F118,06:C4E9:0:0:0,0x0344E9,18,CLC,IMP,UNKNOWN,UNKNOWN,NONE,V05C-contexts.csv,SOURCE_PROVED_NOT_YET_ADMITTED
TP07F118,06:C4EA:0:0:0,0x0344EA,690200,ADC,IMM_M,0,UNKNOWN,NONE,V05C-contexts.csv,SOURCE_PROVED_NOT_YET_ADMITTED
TP07F118,06:C4ED:0:0:0,0x0344ED,A8,TAY,IMP,UNKNOWN,UNKNOWN,NONE,V05C-contexts.csv,SOURCE_PROVED_NOT_YET_ADMITTED
TP07F118,06:C4EE:0:0:0,0x0344EE,E220,SEP,IMM8,UNKNOWN,UNKNOWN,NONE,V05C-contexts.csv,SOURCE_PROVED_NOT_YET_ADMITTED
TP07F118,06:C4F0:0:1:0,0x0344F0,C210,REP,IMM8,UNKNOWN,UNKNOWN,NONE,V05C-contexts.csv,SOURCE_PROVED_NOT_YET_ADMITTED
TP07F118,06:C4F2:0:1:0,0x0344F2,A9EE,LDA,IMM_M,UNKNOWN,UNKNOWN,NONE,V05C-contexts.csv,SOURCE_PROVED_NOT_YET_ADMITTED
TP07F118,06:C4F4:0:1:0,0x0344F4,974F,STA,DP_IND_LONG_Y,UNKNOWN,0,NONE,V05C-contexts.csv,SOURCE_PROVED_NOT_YET_ADMITTED
TP07F118,06:C4F6:0:1:0,0x0344F6,823E00,BRL,REL16,UNKNOWN,0,NONE,V05C-contexts.csv,SOURCE_PROVED_NOT_YET_ADMITTED
TP07F118,06:C4F9:0:1:0,0x0344F9,E210,SEP,IMM8,UNKNOWN,0,NONE,V05C-contexts.csv,SOURCE_PROVED_NOT_YET_ADMITTED
TP07F118,06:C4FB:0:1:1,0x0344FB,C220,REP,IMM8,UNKNOWN,0,NONE,V05C-contexts.csv,SOURCE_PROVED_NOT_YET_ADMITTED
TP07F118,06:C4FD:0:0:1,0x0344FD,A93D00,LDA,IMM_M,UNKNOWN,0,NONE,V05C-contexts.csv,SOURCE_PROVED_NOT_YET_ADMITTED
TP07F118,06:C500:0:0:1,0x034500,8D1104,STA,ABS,UNKNOWN,0,DBR:0411,V05C-contexts.csv,SOURCE_PROVED_NOT_YET_ADMITTED
TP07F118,06:C503:0:0:1,0x034503,AD1104,LDA,ABS,UNKNOWN,0,DBR:0411,V05C-contexts.csv,SOURCE_PROVED_NOT_YET_ADMITTED
TP07F118,06:C506:0:0:1,0x034506,A240,LDX,IMM_X,UNKNOWN,UNKNOWN,NONE,V05C-contexts.csv,SOURCE_PROVED_NOT_YET_ADMITTED
TP07F118,06:C508:0:0:1,0x034508,E230,SEP,IMM8,UNKNOWN,0,NONE,V05C-contexts.csv,SOURCE_PROVED_NOT_YET_ADMITTED
TP07F118,06:C50A:0:1:1,0x03450A,8D1B21,STA,ABS,UNKNOWN,0,DBR:211B,V05C-contexts.csv,SOURCE_PROVED_NOT_YET_ADMITTED
TP07F118,06:C50D:0:1:1,0x03450D,EB,XBA,IMP,UNKNOWN,0,NONE,V05C-contexts.csv,SOURCE_PROVED_NOT_YET_ADMITTED
TP07F118,06:C50E:0:1:1,0x03450E,8D1B21,STA,ABS,UNKNOWN,UNKNOWN,DBR:211B,V05C-contexts.csv,SOURCE_PROVED_NOT_YET_ADMITTED
TP07F118,06:C511:0:1:1,0x034511,8E1C21,STX,ABS,UNKNOWN,UNKNOWN,DBR:211C,V05C-contexts.csv,SOURCE_PROVED_NOT_YET_ADMITTED
TP07F118,06:C514:0:1:1,0x034514,E210,SEP,IMM8,UNKNOWN,UNKNOWN,NONE,V05C-contexts.csv,SOURCE_PROVED_NOT_YET_ADMITTED
TP07F118,06:C516:0:1:1,0x034516,C220,REP,IMM8,UNKNOWN,UNKNOWN,NONE,V05C-contexts.csv,SOURCE_PROVED_NOT_YET_ADMITTED
TP07F118,06:C518:0:0:1,0x034518,AD3421,LDA,ABS,UNKNOWN,UNKNOWN,DBR:2134,V05C-contexts.csv,SOURCE_PROVED_NOT_YET_ADMITTED
TP07F118,06:C51B:0:0:1,0x03451B,AE3621,LDX,ABS,UNKNOWN,UNKNOWN,DBR:2136,V05C-contexts.csv,SOURCE_PROVED_NOT_YET_ADMITTED
TP07F118,06:C51E:0:0:1,0x03451E,18,CLC,IMP,UNKNOWN,UNKNOWN,NONE,V05C-contexts.csv,SOURCE_PROVED_NOT_YET_ADMITTED
TP07F118,06:C51F:0:0:1,0x03451F,6D1504,ADC,ABS,0,UNKNOWN,DBR:0415,V05C-contexts.csv,SOURCE_PROVED_NOT_YET_ADMITTED
TP07F118,06:C522:0:0:1,0x034522,C230,REP,IMM8,UNKNOWN,UNKNOWN,NONE,V05C-contexts.csv,SOURCE_PROVED_NOT_YET_ADMITTED
TP07F118,06:C524:0:0:0,0x034524,A8,TAY,IMP,UNKNOWN,UNKNOWN,NONE,V05C-contexts.csv,SOURCE_PROVED_NOT_YET_ADMITTED
TP07F118,06:C525:0:0:0,0x034525,98,TYA,IMP,UNKNOWN,UNKNOWN,NONE,V05C-contexts.csv,SOURCE_PROVED_NOT_YET_ADMITTED
TP07F118,06:C526:0:0:0,0x034526,0A,ASL,ACC,UNKNOWN,UNKNOWN,NONE,V05C-contexts.csv,SOURCE_PROVED_NOT_YET_ADMITTED
TP07F118,06:C527:0:0:0,0x034527,0A,ASL,ACC,UNKNOWN,UNKNOWN,NONE,V05C-contexts.csv,SOURCE_PROVED_NOT_YET_ADMITTED
TP07F118,06:C528:0:0:0,0x034528,A8,TAY,IMP,UNKNOWN,UNKNOWN,NONE,V05C-contexts.csv,SOURCE_PROVED_NOT_YET_ADMITTED
TP07F118,06:C529:0:0:0,0x034529,AA,TAX,IMP,UNKNOWN,UNKNOWN,NONE,V05C-contexts.csv,SOURCE_PROVED_NOT_YET_ADMITTED
TP07F118,06:C52A:0:0:0,0x03452A,18,CLC,IMP,UNKNOWN,UNKNOWN,NONE,V05C-contexts.csv,SOURCE_PROVED_NOT_YET_ADMITTED
TP07F118,06:C52B:0:0:0,0x03452B,690200,ADC,IMM_M,0,UNKNOWN,NONE,V05C-contexts.csv,SOURCE_PROVED_NOT_YET_ADMITTED
TP07F118,06:C52E:0:0:0,0x03452E,A8,TAY,IMP,UNKNOWN,UNKNOWN,NONE,V05C-contexts.csv,SOURCE_PROVED_NOT_YET_ADMITTED
TP07F118,06:C52F:0:0:0,0x03452F,E220,SEP,IMM8,UNKNOWN,UNKNOWN,NONE,V05C-contexts.csv,SOURCE_PROVED_NOT_YET_ADMITTED
TP07F118,06:C531:0:1:0,0x034531,C210,REP,IMM8,UNKNOWN,UNKNOWN,NONE,V05C-contexts.csv,SOURCE_PROVED_NOT_YET_ADMITTED
TP07F118,06:C533:0:1:0,0x034533,A9EF,LDA,IMM_M,UNKNOWN,UNKNOWN,NONE,V05C-contexts.csv,SOURCE_PROVED_NOT_YET_ADMITTED
TP07F118,06:C535:0:1:0,0x034535,974F,STA,DP_IND_LONG_Y,UNKNOWN,0,NONE,V05C-contexts.csv,SOURCE_PROVED_NOT_YET_ADMITTED
TP07F118,06:C537:0:1:0,0x034537,C230,REP,IMM8,UNKNOWN,0,NONE,V05C-contexts.csv,SOURCE_PROVED_NOT_YET_ADMITTED
TP07F118,06:C539:0:0:0,0x034539,8A,TXA,IMP,UNKNOWN,0,NONE,V05C-contexts.csv,SOURCE_PROVED_NOT_YET_ADMITTED
TP07F118,06:C53A:0:0:0,0x03453A,18,CLC,IMP,UNKNOWN,UNKNOWN,NONE,V05C-contexts.csv,SOURCE_PROVED_NOT_YET_ADMITTED
TP07F118,06:C53B:0:0:0,0x03453B,690300,ADC,IMM_M,0,UNKNOWN,NONE,V05C-contexts.csv,SOURCE_PROVED_NOT_YET_ADMITTED
TP07F118,06:C53E:0:0:0,0x03453E,A8,TAY,IMP,UNKNOWN,UNKNOWN,NONE,V05C-contexts.csv,SOURCE_PROVED_NOT_YET_ADMITTED
TP07F118,06:C53F:0:0:0,0x03453F,E220,SEP,IMM8,UNKNOWN,UNKNOWN,NONE,V05C-contexts.csv,SOURCE_PROVED_NOT_YET_ADMITTED
TP07F118,06:C541:0:1:0,0x034541,C210,REP,IMM8,UNKNOWN,UNKNOWN,NONE,V05C-contexts.csv,SOURCE_PROVED_NOT_YET_ADMITTED
TP07F118,06:C543:0:1:0,0x034543,B74F,LDA,DP_IND_LONG_Y,UNKNOWN,UNKNOWN,NONE,V05C-contexts.csv,SOURCE_PROVED_NOT_YET_ADMITTED
TP07F118,06:C545:0:1:0,0x034545,0908,ORA,IMM_M,UNKNOWN,UNKNOWN,NONE,V05C-contexts.csv,SOURCE_PROVED_NOT_YET_ADMITTED
TP07F118,06:C547:0:1:0,0x034547,974F,STA,DP_IND_LONG_Y,UNKNOWN,UNKNOWN,NONE,V05C-contexts.csv,SOURCE_PROVED_NOT_YET_ADMITTED
TP07F118,06:C549:0:1:0,0x034549,E210,SEP,IMM8,UNKNOWN,UNKNOWN,NONE,V05C-contexts.csv,SOURCE_PROVED_NOT_YET_ADMITTED
TP07F118,06:C54B:0:1:1,0x03454B,C220,REP,IMM8,UNKNOWN,UNKNOWN,NONE,V05C-contexts.csv,SOURCE_PROVED_NOT_YET_ADMITTED
TP07F118,06:C54D:0:0:1,0x03454D,A93C00,LDA,IMM_M,UNKNOWN,UNKNOWN,NONE,V05C-contexts.csv,SOURCE_PROVED_NOT_YET_ADMITTED
TP07F118,06:C550:0:0:1,0x034550,8D1104,STA,ABS,UNKNOWN,0,DBR:0411,V05C-contexts.csv,SOURCE_PROVED_NOT_YET_ADMITTED
TP07F118,06:C553:0:0:1,0x034553,AD1104,LDA,ABS,UNKNOWN,0,DBR:0411,V05C-contexts.csv,SOURCE_PROVED_NOT_YET_ADMITTED
TP07F118,06:C556:0:0:1,0x034556,A240,LDX,IMM_X,UNKNOWN,UNKNOWN,NONE,V05C-contexts.csv,SOURCE_PROVED_NOT_YET_ADMITTED
TP07F118,06:C558:0:0:1,0x034558,E230,SEP,IMM8,UNKNOWN,0,NONE,V05C-contexts.csv,SOURCE_PROVED_NOT_YET_ADMITTED
TP07F118,06:C55A:0:1:1,0x03455A,8D1B21,STA,ABS,UNKNOWN,0,DBR:211B,V05C-contexts.csv,SOURCE_PROVED_NOT_YET_ADMITTED
TP07F118,06:C55D:0:1:1,0x03455D,EB,XBA,IMP,UNKNOWN,0,NONE,V05C-contexts.csv,SOURCE_PROVED_NOT_YET_ADMITTED
TP07F118,06:C55E:0:1:1,0x03455E,8D1B21,STA,ABS,UNKNOWN,UNKNOWN,DBR:211B,V05C-contexts.csv,SOURCE_PROVED_NOT_YET_ADMITTED
TP07F118,06:C561:0:1:1,0x034561,8E1C21,STX,ABS,UNKNOWN,UNKNOWN,DBR:211C,V05C-contexts.csv,SOURCE_PROVED_NOT_YET_ADMITTED
TP07F118,06:C564:0:1:1,0x034564,E210,SEP,IMM8,UNKNOWN,UNKNOWN,NONE,V05C-contexts.csv,SOURCE_PROVED_NOT_YET_ADMITTED
TP07F118,06:C566:0:1:1,0x034566,C220,REP,IMM8,UNKNOWN,UNKNOWN,NONE,V05C-contexts.csv,SOURCE_PROVED_NOT_YET_ADMITTED
TP07F118,06:C568:0:0:1,0x034568,AD3421,LDA,ABS,UNKNOWN,UNKNOWN,DBR:2134,V05C-contexts.csv,SOURCE_PROVED_NOT_YET_ADMITTED
TP07F118,06:C56B:0:0:1,0x03456B,AE3621,LDX,ABS,UNKNOWN,UNKNOWN,DBR:2136,V05C-contexts.csv,SOURCE_PROVED_NOT_YET_ADMITTED
TP07F118,06:C56E:0:0:1,0x03456E,18,CLC,IMP,UNKNOWN,UNKNOWN,NONE,V05C-contexts.csv,SOURCE_PROVED_NOT_YET_ADMITTED
TP07F118,06:C56F:0:0:1,0x03456F,6D1504,ADC,ABS,0,UNKNOWN,DBR:0415,V05C-contexts.csv,SOURCE_PROVED_NOT_YET_ADMITTED
TP07F118,06:C572:0:0:1,0x034572,C230,REP,IMM8,UNKNOWN,UNKNOWN,NONE,V05C-contexts.csv,SOURCE_PROVED_NOT_YET_ADMITTED
TP07F118,06:C574:0:0:0,0x034574,A8,TAY,IMP,UNKNOWN,UNKNOWN,NONE,V05C-contexts.csv,SOURCE_PROVED_NOT_YET_ADMITTED
TP07F118,06:C575:0:0:0,0x034575,98,TYA,IMP,UNKNOWN,UNKNOWN,NONE,V05C-contexts.csv,SOURCE_PROVED_NOT_YET_ADMITTED
TP07F118,06:C576:0:0:0,0x034576,0A,ASL,ACC,UNKNOWN,UNKNOWN,NONE,V05C-contexts.csv,SOURCE_PROVED_NOT_YET_ADMITTED
TP07F118,06:C577:0:0:0,0x034577,0A,ASL,ACC,UNKNOWN,UNKNOWN,NONE,V05C-contexts.csv,SOURCE_PROVED_NOT_YET_ADMITTED
TP07F118,06:C578:0:0:0,0x034578,A8,TAY,IMP,UNKNOWN,UNKNOWN,NONE,V05C-contexts.csv,SOURCE_PROVED_NOT_YET_ADMITTED
TP07F118,06:C579:0:0:0,0x034579,AA,TAX,IMP,UNKNOWN,UNKNOWN,NONE,V05C-contexts.csv,SOURCE_PROVED_NOT_YET_ADMITTED
TP07F118,06:C57A:0:0:0,0x03457A,18,CLC,IMP,UNKNOWN,UNKNOWN,NONE,V05C-contexts.csv,SOURCE_PROVED_NOT_YET_ADMITTED
TP07F118,06:C57B:0:0:0,0x03457B,690200,ADC,IMM_M,0,UNKNOWN,NONE,V05C-contexts.csv,SOURCE_PROVED_NOT_YET_ADMITTED
TP07F118,06:C57E:0:0:0,0x03457E,A8,TAY,IMP,UNKNOWN,UNKNOWN,NONE,V05C-contexts.csv,SOURCE_PROVED_NOT_YET_ADMITTED
TP07F118,06:C57F:0:0:0,0x03457F,E220,SEP,IMM8,UNKNOWN,UNKNOWN,NONE,V05C-contexts.csv,SOURCE_PROVED_NOT_YET_ADMITTED
TP07F118,06:C581:0:1:0,0x034581,C210,REP,IMM8,UNKNOWN,UNKNOWN,NONE,V05C-contexts.csv,SOURCE_PROVED_NOT_YET_ADMITTED
TP07F118,06:C583:0:1:0,0x034583,A9ED,LDA,IMM_M,UNKNOWN,UNKNOWN,NONE,V05C-contexts.csv,SOURCE_PROVED_NOT_YET_ADMITTED
TP07F118,06:C585:0:1:0,0x034585,974F,STA,DP_IND_LONG_Y,UNKNOWN,0,NONE,V05C-contexts.csv,SOURCE_PROVED_NOT_YET_ADMITTED
TP07F118,06:C587:0:1:0,0x034587,C230,REP,IMM8,UNKNOWN,0,NONE,V05C-contexts.csv,SOURCE_PROVED_NOT_YET_ADMITTED
TP07F118,06:C589:0:0:0,0x034589,8A,TXA,IMP,UNKNOWN,0,NONE,V05C-contexts.csv,SOURCE_PROVED_NOT_YET_ADMITTED
TP07F118,06:C58A:0:0:0,0x03458A,18,CLC,IMP,UNKNOWN,UNKNOWN,NONE,V05C-contexts.csv,SOURCE_PROVED_NOT_YET_ADMITTED
TP07F118,06:C58B:0:0:0,0x03458B,690300,ADC,IMM_M,0,UNKNOWN,NONE,V05C-contexts.csv,SOURCE_PROVED_NOT_YET_ADMITTED
TP07F118,06:C58E:0:0:0,0x03458E,A8,TAY,IMP,UNKNOWN,UNKNOWN,NONE,V05C-contexts.csv,SOURCE_PROVED_NOT_YET_ADMITTED
TP07F118,06:C58F:0:0:0,0x03458F,E220,SEP,IMM8,UNKNOWN,UNKNOWN,NONE,V05C-contexts.csv,SOURCE_PROVED_NOT_YET_ADMITTED
TP07F118,06:C591:0:1:0,0x034591,C210,REP,IMM8,UNKNOWN,UNKNOWN,NONE,V05C-contexts.csv,SOURCE_PROVED_NOT_YET_ADMITTED
TP07F118,06:C593:0:1:0,0x034593,B74F,LDA,DP_IND_LONG_Y,UNKNOWN,UNKNOWN,NONE,V05C-contexts.csv,SOURCE_PROVED_NOT_YET_ADMITTED
TP07F118,06:C595:0:1:0,0x034595,0908,ORA,IMM_M,UNKNOWN,UNKNOWN,NONE,V05C-contexts.csv,SOURCE_PROVED_NOT_YET_ADMITTED
TP07F118,06:C597:0:1:0,0x034597,974F,STA,DP_IND_LONG_Y,UNKNOWN,UNKNOWN,NONE,V05C-contexts.csv,SOURCE_PROVED_NOT_YET_ADMITTED
TP07F118,06:C599:0:1:0,0x034599,EE1504,INC,ABS,UNKNOWN,UNKNOWN,DBR:0415,V05C-contexts.csv,SOURCE_PROVED_NOT_YET_ADMITTED
TP07F118,06:C59C:0:1:0,0x03459C,82AAFD,BRL,REL16,UNKNOWN,UNKNOWN,NONE,V05C-contexts.csv,SOURCE_PROVED_NOT_YET_ADMITTED
TP07F118,06:C59F:0:0:0,0x03459F,C230,REP,IMM8,1,UNKNOWN,NONE,V05C-contexts.csv,SOURCE_PROVED_NOT_YET_ADMITTED
TP07F118,06:C5A1:0:0:0,0x0345A1,A90100,LDA,IMM_M,1,UNKNOWN,NONE,V05C-contexts.csv,SOURCE_PROVED_NOT_YET_ADMITTED
TP07F118,06:C5A4:0:0:0,0x0345A4,8D1504,STA,ABS,1,0,DBR:0415,V05C-contexts.csv,SOURCE_PROVED_NOT_YET_ADMITTED
TP07F118,06:C5A7:0:0:0,0x0345A7,C230,REP,IMM8,1,0,NONE,V05C-contexts.csv,SOURCE_PROVED_NOT_YET_ADMITTED
TP07F118,06:C5A7:0:1:0,0x0345A7,C230,REP,IMM8,UNKNOWN,UNKNOWN,NONE,V05C-contexts.csv,SOURCE_PROVED_NOT_YET_ADMITTED
TP07F118,06:C5A9:0:0:0,0x0345A9,AD1504,LDA,ABS,UNKNOWN|1,UNKNOWN|0,DBR:0415,V05C-contexts.csv,SOURCE_PROVED_NOT_YET_ADMITTED
TP07F118,06:C5AC:0:0:0,0x0345AC,C93800,CMP,IMM_M,UNKNOWN|1,UNKNOWN,NONE,V05C-contexts.csv,SOURCE_PROVED_NOT_YET_ADMITTED
TP07F118,06:C5AF:0:0:0,0x0345AF,9003,BCC,REL8,UNKNOWN,UNKNOWN,NONE,V05C-contexts.csv,SOURCE_PROVED_NOT_YET_ADMITTED
TP07F118,06:C5B1:0:0:0,0x0345B1,82A600,BRL,REL16,1,UNKNOWN,NONE,V05C-contexts.csv,SOURCE_PROVED_NOT_YET_ADMITTED
TP07F118,06:C5B4:0:0:0,0x0345B4,E210,SEP,IMM8,0,UNKNOWN,NONE,V05C-contexts.csv,SOURCE_PROVED_NOT_YET_ADMITTED
TP07F118,06:C5B6:0:0:1,0x0345B6,C220,REP,IMM8,0,UNKNOWN,NONE,V05C-contexts.csv,SOURCE_PROVED_NOT_YET_ADMITTED
TP07F118,06:C5B8:0:0:1,0x0345B8,A90000,LDA,IMM_M,0,UNKNOWN,NONE,V05C-contexts.csv,SOURCE_PROVED_NOT_YET_ADMITTED
TP07F118,06:C5BB:0:0:1,0x0345BB,8D0F04,STA,ABS,0,1,DBR:040F,V05C-contexts.csv,SOURCE_PROVED_NOT_YET_ADMITTED
TP07F118,06:C5BE:0:0:1,0x0345BE,AD1504,LDA,ABS,0,1,DBR:0415,V05C-contexts.csv,SOURCE_PROVED_NOT_YET_ADMITTED
TP07F118,06:C5C1:0:0:1,0x0345C1,A240,LDX,IMM_X,0,UNKNOWN,NONE,V05C-contexts.csv,SOURCE_PROVED_NOT_YET_ADMITTED
TP07F118,06:C5C3:0:0:1,0x0345C3,E230,SEP,IMM8,0,0,NONE,V05C-contexts.csv,SOURCE_PROVED_NOT_YET_ADMITTED
TP07F118,06:C5C5:0:1:1,0x0345C5,8D1B21,STA,ABS,0,0,DBR:211B,V05C-contexts.csv,SOURCE_PROVED_NOT_YET_ADMITTED
TP07F118,06:C5C8:0:1:1,0x0345C8,EB,XBA,IMP,0,0,NONE,V05C-contexts.csv,SOURCE_PROVED_NOT_YET_ADMITTED
TP07F118,06:C5C9:0:1:1,0x0345C9,8D1B21,STA,ABS,0,UNKNOWN,DBR:211B,V05C-contexts.csv,SOURCE_PROVED_NOT_YET_ADMITTED
TP07F118,06:C5CC:0:1:1,0x0345CC,8E1C21,STX,ABS,0,UNKNOWN,DBR:211C,V05C-contexts.csv,SOURCE_PROVED_NOT_YET_ADMITTED
TP07F118,06:C5CF:0:1:1,0x0345CF,E210,SEP,IMM8,0,UNKNOWN,NONE,V05C-contexts.csv,SOURCE_PROVED_NOT_YET_ADMITTED
TP07F118,06:C5D1:0:1:1,0x0345D1,C220,REP,IMM8,0,UNKNOWN,NONE,V05C-contexts.csv,SOURCE_PROVED_NOT_YET_ADMITTED
TP07F118,06:C5D3:0:0:1,0x0345D3,AD3421,LDA,ABS,0,UNKNOWN,DBR:2134,V05C-contexts.csv,SOURCE_PROVED_NOT_YET_ADMITTED
TP07F118,06:C5D6:0:0:1,0x0345D6,AE3621,LDX,ABS,0,UNKNOWN,DBR:2136,V05C-contexts.csv,SOURCE_PROVED_NOT_YET_ADMITTED
TP07F118,06:C5D9:0:0:1,0x0345D9,18,CLC,IMP,0,UNKNOWN,NONE,V05C-contexts.csv,SOURCE_PROVED_NOT_YET_ADMITTED
TP07F118,06:C5DA:0:0:1,0x0345DA,6D0F04,ADC,ABS,0,UNKNOWN,DBR:040F,V05C-contexts.csv,SOURCE_PROVED_NOT_YET_ADMITTED
TP07F118,06:C5DD:0:0:1,0x0345DD,C230,REP,IMM8,UNKNOWN,UNKNOWN,NONE,V05C-contexts.csv,SOURCE_PROVED_NOT_YET_ADMITTED
TP07F118,06:C5DF:0:0:0,0x0345DF,A8,TAY,IMP,UNKNOWN,UNKNOWN,NONE,V05C-contexts.csv,SOURCE_PROVED_NOT_YET_ADMITTED
TP07F118,06:C5E0:0:0:0,0x0345E0,98,TYA,IMP,UNKNOWN,UNKNOWN,NONE,V05C-contexts.csv,SOURCE_PROVED_NOT_YET_ADMITTED
TP07F118,06:C5E1:0:0:0,0x0345E1,0A,ASL,ACC,UNKNOWN,UNKNOWN,NONE,V05C-contexts.csv,SOURCE_PROVED_NOT_YET_ADMITTED
TP07F118,06:C5E2:0:0:0,0x0345E2,0A,ASL,ACC,UNKNOWN,UNKNOWN,NONE,V05C-contexts.csv,SOURCE_PROVED_NOT_YET_ADMITTED
TP07F118,06:C5E3:0:0:0,0x0345E3,A8,TAY,IMP,UNKNOWN,UNKNOWN,NONE,V05C-contexts.csv,SOURCE_PROVED_NOT_YET_ADMITTED
TP07F118,06:C5E4:0:0:0,0x0345E4,AA,TAX,IMP,UNKNOWN,UNKNOWN,NONE,V05C-contexts.csv,SOURCE_PROVED_NOT_YET_ADMITTED
TP07F118,06:C5E5:0:0:0,0x0345E5,18,CLC,IMP,UNKNOWN,UNKNOWN,NONE,V05C-contexts.csv,SOURCE_PROVED_NOT_YET_ADMITTED
TP07F118,06:C5E6:0:0:0,0x0345E6,690200,ADC,IMM_M,0,UNKNOWN,NONE,V05C-contexts.csv,SOURCE_PROVED_NOT_YET_ADMITTED
TP07F118,06:C5E9:0:0:0,0x0345E9,A8,TAY,IMP,UNKNOWN,UNKNOWN,NONE,V05C-contexts.csv,SOURCE_PROVED_NOT_YET_ADMITTED
TP07F118,06:C5EA:0:0:0,0x0345EA,E220,SEP,IMM8,UNKNOWN,UNKNOWN,NONE,V05C-contexts.csv,SOURCE_PROVED_NOT_YET_ADMITTED
TP07F118,06:C5EC:0:1:0,0x0345EC,C210,REP,IMM8,UNKNOWN,UNKNOWN,NONE,V05C-contexts.csv,SOURCE_PROVED_NOT_YET_ADMITTED
TP07F118,06:C5EE:0:1:0,0x0345EE,A9CC,LDA,IMM_M,UNKNOWN,UNKNOWN,NONE,V05C-contexts.csv,SOURCE_PROVED_NOT_YET_ADMITTED
TP07F118,06:C5F0:0:1:0,0x0345F0,974F,STA,DP_IND_LONG_Y,UNKNOWN,0,NONE,V05C-contexts.csv,SOURCE_PROVED_NOT_YET_ADMITTED
TP07F118,06:C5F2:0:1:0,0x0345F2,C230,REP,IMM8,UNKNOWN,0,NONE,V05C-contexts.csv,SOURCE_PROVED_NOT_YET_ADMITTED
TP07F118,06:C5F4:0:0:0,0x0345F4,8A,TXA,IMP,UNKNOWN,0,NONE,V05C-contexts.csv,SOURCE_PROVED_NOT_YET_ADMITTED
TP07F118,06:C5F5:0:0:0,0x0345F5,18,CLC,IMP,UNKNOWN,UNKNOWN,NONE,V05C-contexts.csv,SOURCE_PROVED_NOT_YET_ADMITTED
TP07F118,06:C5F6:0:0:0,0x0345F6,690300,ADC,IMM_M,0,UNKNOWN,NONE,V05C-contexts.csv,SOURCE_PROVED_NOT_YET_ADMITTED
TP07F118,06:C5F9:0:0:0,0x0345F9,A8,TAY,IMP,UNKNOWN,UNKNOWN,NONE,V05C-contexts.csv,SOURCE_PROVED_NOT_YET_ADMITTED
TP07F118,06:C5FA:0:0:0,0x0345FA,E220,SEP,IMM8,UNKNOWN,UNKNOWN,NONE,V05C-contexts.csv,SOURCE_PROVED_NOT_YET_ADMITTED
TP07F118,06:C5FC:0:1:0,0x0345FC,C210,REP,IMM8,UNKNOWN,UNKNOWN,NONE,V05C-contexts.csv,SOURCE_PROVED_NOT_YET_ADMITTED
TP07F118,06:C5FE:0:1:0,0x0345FE,B74F,LDA,DP_IND_LONG_Y,UNKNOWN,UNKNOWN,NONE,V05C-contexts.csv,SOURCE_PROVED_NOT_YET_ADMITTED
TP07F118,06:C600:0:1:0,0x034600,0908,ORA,IMM_M,UNKNOWN,UNKNOWN,NONE,V05C-contexts.csv,SOURCE_PROVED_NOT_YET_ADMITTED
TP07F118,06:C602:0:1:0,0x034602,974F,STA,DP_IND_LONG_Y,UNKNOWN,UNKNOWN,NONE,V05C-contexts.csv,SOURCE_PROVED_NOT_YET_ADMITTED
TP07F118,06:C604:0:1:0,0x034604,E210,SEP,IMM8,UNKNOWN,UNKNOWN,NONE,V05C-contexts.csv,SOURCE_PROVED_NOT_YET_ADMITTED
TP07F118,06:C606:0:1:1,0x034606,C220,REP,IMM8,UNKNOWN,UNKNOWN,NONE,V05C-contexts.csv,SOURCE_PROVED_NOT_YET_ADMITTED
TP07F118,06:C608:0:0:1,0x034608,A93F00,LDA,IMM_M,UNKNOWN,UNKNOWN,NONE,V05C-contexts.csv,SOURCE_PROVED_NOT_YET_ADMITTED
TP07F118,06:C60B:0:0:1,0x03460B,8D0F04,STA,ABS,UNKNOWN,0,DBR:040F,V05C-contexts.csv,SOURCE_PROVED_NOT_YET_ADMITTED
TP07F118,06:C60E:0:0:1,0x03460E,AD1504,LDA,ABS,UNKNOWN,0,DBR:0415,V05C-contexts.csv,SOURCE_PROVED_NOT_YET_ADMITTED
TP07F118,06:C611:0:0:1,0x034611,A240,LDX,IMM_X,UNKNOWN,UNKNOWN,NONE,V05C-contexts.csv,SOURCE_PROVED_NOT_YET_ADMITTED
TP07F118,06:C613:0:0:1,0x034613,E230,SEP,IMM8,UNKNOWN,0,NONE,V05C-contexts.csv,SOURCE_PROVED_NOT_YET_ADMITTED
TP07F118,06:C615:0:1:1,0x034615,8D1B21,STA,ABS,UNKNOWN,0,DBR:211B,V05C-contexts.csv,SOURCE_PROVED_NOT_YET_ADMITTED
TP07F118,06:C618:0:1:1,0x034618,EB,XBA,IMP,UNKNOWN,0,NONE,V05C-contexts.csv,SOURCE_PROVED_NOT_YET_ADMITTED
TP07F118,06:C619:0:1:1,0x034619,8D1B21,STA,ABS,UNKNOWN,UNKNOWN,DBR:211B,V05C-contexts.csv,SOURCE_PROVED_NOT_YET_ADMITTED
TP07F118,06:C61C:0:1:1,0x03461C,8E1C21,STX,ABS,UNKNOWN,UNKNOWN,DBR:211C,V05C-contexts.csv,SOURCE_PROVED_NOT_YET_ADMITTED
TP07F118,06:C61F:0:1:1,0x03461F,E210,SEP,IMM8,UNKNOWN,UNKNOWN,NONE,V05C-contexts.csv,SOURCE_PROVED_NOT_YET_ADMITTED
TP07F118,06:C621:0:1:1,0x034621,C220,REP,IMM8,UNKNOWN,UNKNOWN,NONE,V05C-contexts.csv,SOURCE_PROVED_NOT_YET_ADMITTED
TP07F118,06:C623:0:0:1,0x034623,AD3421,LDA,ABS,UNKNOWN,UNKNOWN,DBR:2134,V05C-contexts.csv,SOURCE_PROVED_NOT_YET_ADMITTED
TP07F118,06:C626:0:0:1,0x034626,AE3621,LDX,ABS,UNKNOWN,UNKNOWN,DBR:2136,V05C-contexts.csv,SOURCE_PROVED_NOT_YET_ADMITTED
TP07F118,06:C629:0:0:1,0x034629,18,CLC,IMP,UNKNOWN,UNKNOWN,NONE,V05C-contexts.csv,SOURCE_PROVED_NOT_YET_ADMITTED
TP07F118,06:C62A:0:0:1,0x03462A,6D0F04,ADC,ABS,0,UNKNOWN,DBR:040F,V05C-contexts.csv,SOURCE_PROVED_NOT_YET_ADMITTED
TP07F118,06:C62D:0:0:1,0x03462D,C230,REP,IMM8,UNKNOWN,UNKNOWN,NONE,V05C-contexts.csv,SOURCE_PROVED_NOT_YET_ADMITTED
TP07F118,06:C62F:0:0:0,0x03462F,A8,TAY,IMP,UNKNOWN,UNKNOWN,NONE,V05C-contexts.csv,SOURCE_PROVED_NOT_YET_ADMITTED
TP07F118,06:C630:0:0:0,0x034630,98,TYA,IMP,UNKNOWN,UNKNOWN,NONE,V05C-contexts.csv,SOURCE_PROVED_NOT_YET_ADMITTED
TP07F118,06:C631:0:0:0,0x034631,0A,ASL,ACC,UNKNOWN,UNKNOWN,NONE,V05C-contexts.csv,SOURCE_PROVED_NOT_YET_ADMITTED
TP07F118,06:C632:0:0:0,0x034632,0A,ASL,ACC,UNKNOWN,UNKNOWN,NONE,V05C-contexts.csv,SOURCE_PROVED_NOT_YET_ADMITTED
TP07F118,06:C633:0:0:0,0x034633,A8,TAY,IMP,UNKNOWN,UNKNOWN,NONE,V05C-contexts.csv,SOURCE_PROVED_NOT_YET_ADMITTED
TP07F118,06:C634:0:0:0,0x034634,AA,TAX,IMP,UNKNOWN,UNKNOWN,NONE,V05C-contexts.csv,SOURCE_PROVED_NOT_YET_ADMITTED
TP07F118,06:C635:0:0:0,0x034635,18,CLC,IMP,UNKNOWN,UNKNOWN,NONE,V05C-contexts.csv,SOURCE_PROVED_NOT_YET_ADMITTED
TP07F118,06:C636:0:0:0,0x034636,690200,ADC,IMM_M,0,UNKNOWN,NONE,V05C-contexts.csv,SOURCE_PROVED_NOT_YET_ADMITTED
TP07F118,06:C639:0:0:0,0x034639,A8,TAY,IMP,UNKNOWN,UNKNOWN,NONE,V05C-contexts.csv,SOURCE_PROVED_NOT_YET_ADMITTED
TP07F118,06:C63A:0:0:0,0x03463A,E220,SEP,IMM8,UNKNOWN,UNKNOWN,NONE,V05C-contexts.csv,SOURCE_PROVED_NOT_YET_ADMITTED
TP07F118,06:C63C:0:1:0,0x03463C,C210,REP,IMM8,UNKNOWN,UNKNOWN,NONE,V05C-contexts.csv,SOURCE_PROVED_NOT_YET_ADMITTED
TP07F118,06:C63E:0:1:0,0x03463E,A9CC,LDA,IMM_M,UNKNOWN,UNKNOWN,NONE,V05C-contexts.csv,SOURCE_PROVED_NOT_YET_ADMITTED
TP07F118,06:C640:0:1:0,0x034640,974F,STA,DP_IND_LONG_Y,UNKNOWN,0,NONE,V05C-contexts.csv,SOURCE_PROVED_NOT_YET_ADMITTED
TP07F118,06:C642:0:1:0,0x034642,C230,REP,IMM8,UNKNOWN,0,NONE,V05C-contexts.csv,SOURCE_PROVED_NOT_YET_ADMITTED
TP07F118,06:C644:0:0:0,0x034644,8A,TXA,IMP,UNKNOWN,0,NONE,V05C-contexts.csv,SOURCE_PROVED_NOT_YET_ADMITTED
TP07F118,06:C645:0:0:0,0x034645,18,CLC,IMP,UNKNOWN,UNKNOWN,NONE,V05C-contexts.csv,SOURCE_PROVED_NOT_YET_ADMITTED
TP07F118,06:C646:0:0:0,0x034646,690300,ADC,IMM_M,0,UNKNOWN,NONE,V05C-contexts.csv,SOURCE_PROVED_NOT_YET_ADMITTED
TP07F118,06:C649:0:0:0,0x034649,A8,TAY,IMP,UNKNOWN,UNKNOWN,NONE,V05C-contexts.csv,SOURCE_PROVED_NOT_YET_ADMITTED
TP07F118,06:C64A:0:0:0,0x03464A,E220,SEP,IMM8,UNKNOWN,UNKNOWN,NONE,V05C-contexts.csv,SOURCE_PROVED_NOT_YET_ADMITTED
TP07F118,06:C64C:0:1:0,0x03464C,C210,REP,IMM8,UNKNOWN,UNKNOWN,NONE,V05C-contexts.csv,SOURCE_PROVED_NOT_YET_ADMITTED
TP07F118,06:C64E:0:1:0,0x03464E,B74F,LDA,DP_IND_LONG_Y,UNKNOWN,UNKNOWN,NONE,V05C-contexts.csv,SOURCE_PROVED_NOT_YET_ADMITTED
TP07F118,06:C650:0:1:0,0x034650,0908,ORA,IMM_M,UNKNOWN,UNKNOWN,NONE,V05C-contexts.csv,SOURCE_PROVED_NOT_YET_ADMITTED
TP07F118,06:C652:0:1:0,0x034652,974F,STA,DP_IND_LONG_Y,UNKNOWN,UNKNOWN,NONE,V05C-contexts.csv,SOURCE_PROVED_NOT_YET_ADMITTED
TP07F118,06:C654:0:1:0,0x034654,EE1504,INC,ABS,UNKNOWN,UNKNOWN,DBR:0415,V05C-contexts.csv,SOURCE_PROVED_NOT_YET_ADMITTED
TP07F118,06:C657:0:1:0,0x034657,824DFF,BRL,REL16,UNKNOWN,UNKNOWN,NONE,V05C-contexts.csv,SOURCE_PROVED_NOT_YET_ADMITTED
TP07F118,06:C65A:0:0:0,0x03465A,E210,SEP,IMM8,1,UNKNOWN,NONE,V05C-contexts.csv,SOURCE_PROVED_NOT_YET_ADMITTED
TP07F118,06:C65C:0:0:1,0x03465C,C220,REP,IMM8,1,UNKNOWN,NONE,V05C-contexts.csv,SOURCE_PROVED_NOT_YET_ADMITTED
TP07F118,06:C65E:0:0:1,0x03465E,A90000,LDA,IMM_M,1,UNKNOWN,NONE,V05C-contexts.csv,SOURCE_PROVED_NOT_YET_ADMITTED
TP07F118,06:C661:0:0:1,0x034661,8D0F04,STA,ABS,1,1,DBR:040F,V05C-contexts.csv,SOURCE_PROVED_NOT_YET_ADMITTED
TP07F118,06:C664:0:0:1,0x034664,A90000,LDA,IMM_M,1,1,NONE,V05C-contexts.csv,SOURCE_PROVED_NOT_YET_ADMITTED
TP07F118,06:C667:0:0:1,0x034667,8D1104,STA,ABS,1,1,DBR:0411,V05C-contexts.csv,SOURCE_PROVED_NOT_YET_ADMITTED
TP07F118,06:C66A:0:0:1,0x03466A,AD1104,LDA,ABS,1,1,DBR:0411,V05C-contexts.csv,SOURCE_PROVED_NOT_YET_ADMITTED
TP07F118,06:C66D:0:0:1,0x03466D,A240,LDX,IMM_X,1,UNKNOWN,NONE,V05C-contexts.csv,SOURCE_PROVED_NOT_YET_ADMITTED
TP07F118,06:C66F:0:0:1,0x03466F,E230,SEP,IMM8,1,0,NONE,V05C-contexts.csv,SOURCE_PROVED_NOT_YET_ADMITTED
TP07F118,06:C671:0:1:1,0x034671,8D1B21,STA,ABS,1,0,DBR:211B,V05C-contexts.csv,SOURCE_PROVED_NOT_YET_ADMITTED
TP07F118,06:C674:0:1:1,0x034674,EB,XBA,IMP,1,0,NONE,V05C-contexts.csv,SOURCE_PROVED_NOT_YET_ADMITTED
TP07F118,06:C675:0:1:1,0x034675,8D1B21,STA,ABS,1,UNKNOWN,DBR:211B,V05C-contexts.csv,SOURCE_PROVED_NOT_YET_ADMITTED
TP07F118,06:C678:0:1:1,0x034678,8E1C21,STX,ABS,1,UNKNOWN,DBR:211C,V05C-contexts.csv,SOURCE_PROVED_NOT_YET_ADMITTED
TP07F118,06:C67B:0:1:1,0x03467B,E210,SEP,IMM8,1,UNKNOWN,NONE,V05C-contexts.csv,SOURCE_PROVED_NOT_YET_ADMITTED
TP07F118,06:C67D:0:1:1,0x03467D,C220,REP,IMM8,1,UNKNOWN,NONE,V05C-contexts.csv,SOURCE_PROVED_NOT_YET_ADMITTED
TP07F118,06:C67F:0:0:1,0x03467F,AD3421,LDA,ABS,1,UNKNOWN,DBR:2134,V05C-contexts.csv,SOURCE_PROVED_NOT_YET_ADMITTED
TP07F118,06:C682:0:0:1,0x034682,AE3621,LDX,ABS,1,UNKNOWN,DBR:2136,V05C-contexts.csv,SOURCE_PROVED_NOT_YET_ADMITTED
TP07F118,06:C685:0:0:1,0x034685,18,CLC,IMP,1,UNKNOWN,NONE,V05C-contexts.csv,SOURCE_PROVED_NOT_YET_ADMITTED
TP07F118,06:C686:0:0:1,0x034686,6D0F04,ADC,ABS,0,UNKNOWN,DBR:040F,V05C-contexts.csv,SOURCE_PROVED_NOT_YET_ADMITTED
TP07F118,06:C689:0:0:1,0x034689,C230,REP,IMM8,UNKNOWN,UNKNOWN,NONE,V05C-contexts.csv,SOURCE_PROVED_NOT_YET_ADMITTED
TP07F118,06:C68B:0:0:0,0x03468B,A8,TAY,IMP,UNKNOWN,UNKNOWN,NONE,V05C-contexts.csv,SOURCE_PROVED_NOT_YET_ADMITTED
TP07F118,06:C68C:0:0:0,0x03468C,98,TYA,IMP,UNKNOWN,UNKNOWN,NONE,V05C-contexts.csv,SOURCE_PROVED_NOT_YET_ADMITTED
TP07F118,06:C68D:0:0:0,0x03468D,0A,ASL,ACC,UNKNOWN,UNKNOWN,NONE,V05C-contexts.csv,SOURCE_PROVED_NOT_YET_ADMITTED
TP07F118,06:C68E:0:0:0,0x03468E,0A,ASL,ACC,UNKNOWN,UNKNOWN,NONE,V05C-contexts.csv,SOURCE_PROVED_NOT_YET_ADMITTED
TP07F118,06:C68F:0:0:0,0x03468F,A8,TAY,IMP,UNKNOWN,UNKNOWN,NONE,V05C-contexts.csv,SOURCE_PROVED_NOT_YET_ADMITTED
TP07F118,06:C690:0:0:0,0x034690,18,CLC,IMP,UNKNOWN,UNKNOWN,NONE,V05C-contexts.csv,SOURCE_PROVED_NOT_YET_ADMITTED
TP07F118,06:C691:0:0:0,0x034691,690200,ADC,IMM_M,0,UNKNOWN,NONE,V05C-contexts.csv,SOURCE_PROVED_NOT_YET_ADMITTED
TP07F118,06:C694:0:0:0,0x034694,A8,TAY,IMP,UNKNOWN,UNKNOWN,NONE,V05C-contexts.csv,SOURCE_PROVED_NOT_YET_ADMITTED
TP07F118,06:C695:0:0:0,0x034695,E220,SEP,IMM8,UNKNOWN,UNKNOWN,NONE,V05C-contexts.csv,SOURCE_PROVED_NOT_YET_ADMITTED
TP07F118,06:C697:0:1:0,0x034697,C210,REP,IMM8,UNKNOWN,UNKNOWN,NONE,V05C-contexts.csv,SOURCE_PROVED_NOT_YET_ADMITTED
TP07F118,06:C699:0:1:0,0x034699,A9C8,LDA,IMM_M,UNKNOWN,UNKNOWN,NONE,V05C-contexts.csv,SOURCE_PROVED_NOT_YET_ADMITTED
TP07F118,06:C69B:0:1:0,0x03469B,974F,STA,DP_IND_LONG_Y,UNKNOWN,0,NONE,V05C-contexts.csv,SOURCE_PROVED_NOT_YET_ADMITTED
TP07F118,06:C69D:0:1:0,0x03469D,E210,SEP,IMM8,UNKNOWN,0,NONE,V05C-contexts.csv,SOURCE_PROVED_NOT_YET_ADMITTED
TP07F118,06:C69F:0:1:1,0x03469F,C220,REP,IMM8,UNKNOWN,0,NONE,V05C-contexts.csv,SOURCE_PROVED_NOT_YET_ADMITTED
TP07F118,06:C6A1:0:0:1,0x0346A1,A93F00,LDA,IMM_M,UNKNOWN,0,NONE,V05C-contexts.csv,SOURCE_PROVED_NOT_YET_ADMITTED
TP07F118,06:C6A4:0:0:1,0x0346A4,8D0F04,STA,ABS,UNKNOWN,0,DBR:040F,V05C-contexts.csv,SOURCE_PROVED_NOT_YET_ADMITTED
TP07F118,06:C6A7:0:0:1,0x0346A7,A90000,LDA,IMM_M,UNKNOWN,0,NONE,V05C-contexts.csv,SOURCE_PROVED_NOT_YET_ADMITTED
TP07F118,06:C6AA:0:0:1,0x0346AA,8D1104,STA,ABS,UNKNOWN,1,DBR:0411,V05C-contexts.csv,SOURCE_PROVED_NOT_YET_ADMITTED
TP07F118,06:C6AD:0:0:1,0x0346AD,AD1104,LDA,ABS,UNKNOWN,1,DBR:0411,V05C-contexts.csv,SOURCE_PROVED_NOT_YET_ADMITTED
TP07F118,06:C6B0:0:0:1,0x0346B0,A240,LDX,IMM_X,UNKNOWN,UNKNOWN,NONE,V05C-contexts.csv,SOURCE_PROVED_NOT_YET_ADMITTED
TP07F118,06:C6B2:0:0:1,0x0346B2,E230,SEP,IMM8,UNKNOWN,0,NONE,V05C-contexts.csv,SOURCE_PROVED_NOT_YET_ADMITTED
TP07F118,06:C6B4:0:1:1,0x0346B4,8D1B21,STA,ABS,UNKNOWN,0,DBR:211B,V05C-contexts.csv,SOURCE_PROVED_NOT_YET_ADMITTED
TP07F118,06:C6B7:0:1:1,0x0346B7,EB,XBA,IMP,UNKNOWN,0,NONE,V05C-contexts.csv,SOURCE_PROVED_NOT_YET_ADMITTED
TP07F118,06:C6B8:0:1:1,0x0346B8,8D1B21,STA,ABS,UNKNOWN,UNKNOWN,DBR:211B,V05C-contexts.csv,SOURCE_PROVED_NOT_YET_ADMITTED
TP07F118,06:C6BB:0:1:1,0x0346BB,8E1C21,STX,ABS,UNKNOWN,UNKNOWN,DBR:211C,V05C-contexts.csv,SOURCE_PROVED_NOT_YET_ADMITTED
TP07F118,06:C6BE:0:1:1,0x0346BE,E210,SEP,IMM8,UNKNOWN,UNKNOWN,NONE,V05C-contexts.csv,SOURCE_PROVED_NOT_YET_ADMITTED
TP07F118,06:C6C0:0:1:1,0x0346C0,C220,REP,IMM8,UNKNOWN,UNKNOWN,NONE,V05C-contexts.csv,SOURCE_PROVED_NOT_YET_ADMITTED
TP07F118,06:C6C2:0:0:1,0x0346C2,AD3421,LDA,ABS,UNKNOWN,UNKNOWN,DBR:2134,V05C-contexts.csv,SOURCE_PROVED_NOT_YET_ADMITTED
TP07F118,06:C6C5:0:0:1,0x0346C5,AE3621,LDX,ABS,UNKNOWN,UNKNOWN,DBR:2136,V05C-contexts.csv,SOURCE_PROVED_NOT_YET_ADMITTED
TP07F118,06:C6C8:0:0:1,0x0346C8,18,CLC,IMP,UNKNOWN,UNKNOWN,NONE,V05C-contexts.csv,SOURCE_PROVED_NOT_YET_ADMITTED
TP07F118,06:C6C9:0:0:1,0x0346C9,6D0F04,ADC,ABS,0,UNKNOWN,DBR:040F,V05C-contexts.csv,SOURCE_PROVED_NOT_YET_ADMITTED
TP07F118,06:C6CC:0:0:1,0x0346CC,C230,REP,IMM8,UNKNOWN,UNKNOWN,NONE,V05C-contexts.csv,SOURCE_PROVED_NOT_YET_ADMITTED
TP07F118,06:C6CE:0:0:0,0x0346CE,A8,TAY,IMP,UNKNOWN,UNKNOWN,NONE,V05C-contexts.csv,SOURCE_PROVED_NOT_YET_ADMITTED
TP07F118,06:C6CF:0:0:0,0x0346CF,98,TYA,IMP,UNKNOWN,UNKNOWN,NONE,V05C-contexts.csv,SOURCE_PROVED_NOT_YET_ADMITTED
TP07F118,06:C6D0:0:0:0,0x0346D0,0A,ASL,ACC,UNKNOWN,UNKNOWN,NONE,V05C-contexts.csv,SOURCE_PROVED_NOT_YET_ADMITTED
TP07F118,06:C6D1:0:0:0,0x0346D1,0A,ASL,ACC,UNKNOWN,UNKNOWN,NONE,V05C-contexts.csv,SOURCE_PROVED_NOT_YET_ADMITTED
TP07F118,06:C6D2:0:0:0,0x0346D2,A8,TAY,IMP,UNKNOWN,UNKNOWN,NONE,V05C-contexts.csv,SOURCE_PROVED_NOT_YET_ADMITTED
TP07F118,06:C6D3:0:0:0,0x0346D3,18,CLC,IMP,UNKNOWN,UNKNOWN,NONE,V05C-contexts.csv,SOURCE_PROVED_NOT_YET_ADMITTED
TP07F118,06:C6D4:0:0:0,0x0346D4,690200,ADC,IMM_M,0,UNKNOWN,NONE,V05C-contexts.csv,SOURCE_PROVED_NOT_YET_ADMITTED
TP07F118,06:C6D7:0:0:0,0x0346D7,A8,TAY,IMP,UNKNOWN,UNKNOWN,NONE,V05C-contexts.csv,SOURCE_PROVED_NOT_YET_ADMITTED
TP07F118,06:C6D8:0:0:0,0x0346D8,E220,SEP,IMM8,UNKNOWN,UNKNOWN,NONE,V05C-contexts.csv,SOURCE_PROVED_NOT_YET_ADMITTED
TP07F118,06:C6DA:0:1:0,0x0346DA,C210,REP,IMM8,UNKNOWN,UNKNOWN,NONE,V05C-contexts.csv,SOURCE_PROVED_NOT_YET_ADMITTED
TP07F118,06:C6DC:0:1:0,0x0346DC,A9C9,LDA,IMM_M,UNKNOWN,UNKNOWN,NONE,V05C-contexts.csv,SOURCE_PROVED_NOT_YET_ADMITTED
TP07F118,06:C6DE:0:1:0,0x0346DE,974F,STA,DP_IND_LONG_Y,UNKNOWN,0,NONE,V05C-contexts.csv,SOURCE_PROVED_NOT_YET_ADMITTED
TP07F118,06:C6E0:0:1:0,0x0346E0,E210,SEP,IMM8,UNKNOWN,0,NONE,V05C-contexts.csv,SOURCE_PROVED_NOT_YET_ADMITTED
TP07F118,06:C6E2:0:1:1,0x0346E2,C220,REP,IMM8,UNKNOWN,0,NONE,V05C-contexts.csv,SOURCE_PROVED_NOT_YET_ADMITTED
TP07F118,06:C6E4:0:0:1,0x0346E4,A90000,LDA,IMM_M,UNKNOWN,0,NONE,V05C-contexts.csv,SOURCE_PROVED_NOT_YET_ADMITTED
TP07F118,06:C6E7:0:0:1,0x0346E7,8D0F04,STA,ABS,UNKNOWN,1,DBR:040F,V05C-contexts.csv,SOURCE_PROVED_NOT_YET_ADMITTED
TP07F118,06:C6EA:0:0:1,0x0346EA,A93800,LDA,IMM_M,UNKNOWN,1,NONE,V05C-contexts.csv,SOURCE_PROVED_NOT_YET_ADMITTED
TP07F118,06:C6ED:0:0:1,0x0346ED,8D1104,STA,ABS,UNKNOWN,0,DBR:0411,V05C-contexts.csv,SOURCE_PROVED_NOT_YET_ADMITTED
TP07F118,06:C6F0:0:0:1,0x0346F0,AD1104,LDA,ABS,UNKNOWN,0,DBR:0411,V05C-contexts.csv,SOURCE_PROVED_NOT_YET_ADMITTED
TP07F118,06:C6F3:0:0:1,0x0346F3,A240,LDX,IMM_X,UNKNOWN,UNKNOWN,NONE,V05C-contexts.csv,SOURCE_PROVED_NOT_YET_ADMITTED
TP07F118,06:C6F5:0:0:1,0x0346F5,E230,SEP,IMM8,UNKNOWN,0,NONE,V05C-contexts.csv,SOURCE_PROVED_NOT_YET_ADMITTED
TP07F118,06:C6F7:0:1:1,0x0346F7,8D1B21,STA,ABS,UNKNOWN,0,DBR:211B,V05C-contexts.csv,SOURCE_PROVED_NOT_YET_ADMITTED
TP07F118,06:C6FA:0:1:1,0x0346FA,EB,XBA,IMP,UNKNOWN,0,NONE,V05C-contexts.csv,SOURCE_PROVED_NOT_YET_ADMITTED
TP07F118,06:C6FB:0:1:1,0x0346FB,8D1B21,STA,ABS,UNKNOWN,UNKNOWN,DBR:211B,V05C-contexts.csv,SOURCE_PROVED_NOT_YET_ADMITTED
TP07F118,06:C6FE:0:1:1,0x0346FE,8E1C21,STX,ABS,UNKNOWN,UNKNOWN,DBR:211C,V05C-contexts.csv,SOURCE_PROVED_NOT_YET_ADMITTED
TP07F118,06:C701:0:1:1,0x034701,E210,SEP,IMM8,UNKNOWN,UNKNOWN,NONE,V05C-contexts.csv,SOURCE_PROVED_NOT_YET_ADMITTED
TP07F118,06:C703:0:1:1,0x034703,C220,REP,IMM8,UNKNOWN,UNKNOWN,NONE,V05C-contexts.csv,SOURCE_PROVED_NOT_YET_ADMITTED
TP07F118,06:C705:0:0:1,0x034705,AD3421,LDA,ABS,UNKNOWN,UNKNOWN,DBR:2134,V05C-contexts.csv,SOURCE_PROVED_NOT_YET_ADMITTED
TP07F118,06:C708:0:0:1,0x034708,AE3621,LDX,ABS,UNKNOWN,UNKNOWN,DBR:2136,V05C-contexts.csv,SOURCE_PROVED_NOT_YET_ADMITTED
TP07F118,06:C70B:0:0:1,0x03470B,18,CLC,IMP,UNKNOWN,UNKNOWN,NONE,V05C-contexts.csv,SOURCE_PROVED_NOT_YET_ADMITTED
TP07F118,06:C70C:0:0:1,0x03470C,6D0F04,ADC,ABS,0,UNKNOWN,DBR:040F,V05C-contexts.csv,SOURCE_PROVED_NOT_YET_ADMITTED
TP07F118,06:C70F:0:0:1,0x03470F,C230,REP,IMM8,UNKNOWN,UNKNOWN,NONE,V05C-contexts.csv,SOURCE_PROVED_NOT_YET_ADMITTED
TP07F118,06:C711:0:0:0,0x034711,A8,TAY,IMP,UNKNOWN,UNKNOWN,NONE,V05C-contexts.csv,SOURCE_PROVED_NOT_YET_ADMITTED
TP07F118,06:C712:0:0:0,0x034712,98,TYA,IMP,UNKNOWN,UNKNOWN,NONE,V05C-contexts.csv,SOURCE_PROVED_NOT_YET_ADMITTED
TP07F118,06:C713:0:0:0,0x034713,0A,ASL,ACC,UNKNOWN,UNKNOWN,NONE,V05C-contexts.csv,SOURCE_PROVED_NOT_YET_ADMITTED
TP07F118,06:C714:0:0:0,0x034714,0A,ASL,ACC,UNKNOWN,UNKNOWN,NONE,V05C-contexts.csv,SOURCE_PROVED_NOT_YET_ADMITTED
TP07F118,06:C715:0:0:0,0x034715,A8,TAY,IMP,UNKNOWN,UNKNOWN,NONE,V05C-contexts.csv,SOURCE_PROVED_NOT_YET_ADMITTED
TP07F118,06:C716:0:0:0,0x034716,18,CLC,IMP,UNKNOWN,UNKNOWN,NONE,V05C-contexts.csv,SOURCE_PROVED_NOT_YET_ADMITTED
TP07F118,06:C717:0:0:0,0x034717,690200,ADC,IMM_M,0,UNKNOWN,NONE,V05C-contexts.csv,SOURCE_PROVED_NOT_YET_ADMITTED
TP07F118,06:C71A:0:0:0,0x03471A,A8,TAY,IMP,UNKNOWN,UNKNOWN,NONE,V05C-contexts.csv,SOURCE_PROVED_NOT_YET_ADMITTED
TP07F118,06:C71B:0:0:0,0x03471B,E220,SEP,IMM8,UNKNOWN,UNKNOWN,NONE,V05C-contexts.csv,SOURCE_PROVED_NOT_YET_ADMITTED
TP07F118,06:C71D:0:1:0,0x03471D,C210,REP,IMM8,UNKNOWN,UNKNOWN,NONE,V05C-contexts.csv,SOURCE_PROVED_NOT_YET_ADMITTED
TP07F118,06:C71F:0:1:0,0x03471F,A9C7,LDA,IMM_M,UNKNOWN,UNKNOWN,NONE,V05C-contexts.csv,SOURCE_PROVED_NOT_YET_ADMITTED
TP07F118,06:C721:0:1:0,0x034721,974F,STA,DP_IND_LONG_Y,UNKNOWN,0,NONE,V05C-contexts.csv,SOURCE_PROVED_NOT_YET_ADMITTED
TP07F118,06:C723:0:1:0,0x034723,E210,SEP,IMM8,UNKNOWN,0,NONE,V05C-contexts.csv,SOURCE_PROVED_NOT_YET_ADMITTED
TP07F118,06:C725:0:1:1,0x034725,C220,REP,IMM8,UNKNOWN,0,NONE,V05C-contexts.csv,SOURCE_PROVED_NOT_YET_ADMITTED
TP07F118,06:C727:0:0:1,0x034727,A93F00,LDA,IMM_M,UNKNOWN,0,NONE,V05C-contexts.csv,SOURCE_PROVED_NOT_YET_ADMITTED
TP07F118,06:C72A:0:0:1,0x03472A,8D0F04,STA,ABS,UNKNOWN,0,DBR:040F,V05C-contexts.csv,SOURCE_PROVED_NOT_YET_ADMITTED
TP07F118,06:C72D:0:0:1,0x03472D,A93800,LDA,IMM_M,UNKNOWN,0,NONE,V05C-contexts.csv,SOURCE_PROVED_NOT_YET_ADMITTED
TP07F118,06:C730:0:0:1,0x034730,8D1104,STA,ABS,UNKNOWN,0,DBR:0411,V05C-contexts.csv,SOURCE_PROVED_NOT_YET_ADMITTED
TP07F118,06:C733:0:0:1,0x034733,AD1104,LDA,ABS,UNKNOWN,0,DBR:0411,V05C-contexts.csv,SOURCE_PROVED_NOT_YET_ADMITTED
TP07F118,06:C736:0:0:1,0x034736,A240,LDX,IMM_X,UNKNOWN,UNKNOWN,NONE,V05C-contexts.csv,SOURCE_PROVED_NOT_YET_ADMITTED
TP07F118,06:C738:0:0:1,0x034738,E230,SEP,IMM8,UNKNOWN,0,NONE,V05C-contexts.csv,SOURCE_PROVED_NOT_YET_ADMITTED
TP07F118,06:C73A:0:1:1,0x03473A,8D1B21,STA,ABS,UNKNOWN,0,DBR:211B,V05C-contexts.csv,SOURCE_PROVED_NOT_YET_ADMITTED
TP07F118,06:C73D:0:1:1,0x03473D,EB,XBA,IMP,UNKNOWN,0,NONE,V05C-contexts.csv,SOURCE_PROVED_NOT_YET_ADMITTED
TP07F118,06:C73E:0:1:1,0x03473E,8D1B21,STA,ABS,UNKNOWN,UNKNOWN,DBR:211B,V05C-contexts.csv,SOURCE_PROVED_NOT_YET_ADMITTED
TP07F118,06:C741:0:1:1,0x034741,8E1C21,STX,ABS,UNKNOWN,UNKNOWN,DBR:211C,V05C-contexts.csv,SOURCE_PROVED_NOT_YET_ADMITTED
TP07F118,06:C744:0:1:1,0x034744,E210,SEP,IMM8,UNKNOWN,UNKNOWN,NONE,V05C-contexts.csv,SOURCE_PROVED_NOT_YET_ADMITTED
TP07F118,06:C746:0:1:1,0x034746,C220,REP,IMM8,UNKNOWN,UNKNOWN,NONE,V05C-contexts.csv,SOURCE_PROVED_NOT_YET_ADMITTED
TP07F118,06:C748:0:0:1,0x034748,AD3421,LDA,ABS,UNKNOWN,UNKNOWN,DBR:2134,V05C-contexts.csv,SOURCE_PROVED_NOT_YET_ADMITTED
TP07F118,06:C74B:0:0:1,0x03474B,AE3621,LDX,ABS,UNKNOWN,UNKNOWN,DBR:2136,V05C-contexts.csv,SOURCE_PROVED_NOT_YET_ADMITTED
TP07F118,06:C74E:0:0:1,0x03474E,18,CLC,IMP,UNKNOWN,UNKNOWN,NONE,V05C-contexts.csv,SOURCE_PROVED_NOT_YET_ADMITTED
TP07F118,06:C74F:0:0:1,0x03474F,6D0F04,ADC,ABS,0,UNKNOWN,DBR:040F,V05C-contexts.csv,SOURCE_PROVED_NOT_YET_ADMITTED
TP07F118,06:C752:0:0:1,0x034752,C230,REP,IMM8,UNKNOWN,UNKNOWN,NONE,V05C-contexts.csv,SOURCE_PROVED_NOT_YET_ADMITTED
TP07F118,06:C754:0:0:0,0x034754,A8,TAY,IMP,UNKNOWN,UNKNOWN,NONE,V05C-contexts.csv,SOURCE_PROVED_NOT_YET_ADMITTED
TP07F118,06:C755:0:0:0,0x034755,98,TYA,IMP,UNKNOWN,UNKNOWN,NONE,V05C-contexts.csv,SOURCE_PROVED_NOT_YET_ADMITTED
TP07F118,06:C756:0:0:0,0x034756,0A,ASL,ACC,UNKNOWN,UNKNOWN,NONE,V05C-contexts.csv,SOURCE_PROVED_NOT_YET_ADMITTED
TP07F118,06:C757:0:0:0,0x034757,0A,ASL,ACC,UNKNOWN,UNKNOWN,NONE,V05C-contexts.csv,SOURCE_PROVED_NOT_YET_ADMITTED
TP07F118,06:C758:0:0:0,0x034758,A8,TAY,IMP,UNKNOWN,UNKNOWN,NONE,V05C-contexts.csv,SOURCE_PROVED_NOT_YET_ADMITTED
TP07F118,06:C759:0:0:0,0x034759,18,CLC,IMP,UNKNOWN,UNKNOWN,NONE,V05C-contexts.csv,SOURCE_PROVED_NOT_YET_ADMITTED
TP07F118,06:C75A:0:0:0,0x03475A,690200,ADC,IMM_M,0,UNKNOWN,NONE,V05C-contexts.csv,SOURCE_PROVED_NOT_YET_ADMITTED
TP07F118,06:C75D:0:0:0,0x03475D,A8,TAY,IMP,UNKNOWN,UNKNOWN,NONE,V05C-contexts.csv,SOURCE_PROVED_NOT_YET_ADMITTED
TP07F118,06:C75E:0:0:0,0x03475E,E220,SEP,IMM8,UNKNOWN,UNKNOWN,NONE,V05C-contexts.csv,SOURCE_PROVED_NOT_YET_ADMITTED
TP07F118,06:C760:0:1:0,0x034760,C210,REP,IMM8,UNKNOWN,UNKNOWN,NONE,V05C-contexts.csv,SOURCE_PROVED_NOT_YET_ADMITTED
TP07F118,06:C762:0:1:0,0x034762,A9CA,LDA,IMM_M,UNKNOWN,UNKNOWN,NONE,V05C-contexts.csv,SOURCE_PROVED_NOT_YET_ADMITTED
TP07F118,06:C764:0:1:0,0x034764,974F,STA,DP_IND_LONG_Y,UNKNOWN,0,NONE,V05C-contexts.csv,SOURCE_PROVED_NOT_YET_ADMITTED
TP07F118,06:C766:0:1:0,0x034766,E210,SEP,IMM8,UNKNOWN,0,NONE,V05C-contexts.csv,SOURCE_PROVED_NOT_YET_ADMITTED
TP07F118,06:C768:0:1:1,0x034768,C220,REP,IMM8,UNKNOWN,0,NONE,V05C-contexts.csv,SOURCE_PROVED_NOT_YET_ADMITTED
TP07F118,06:C76A:0:0:1,0x03476A,A93900,LDA,IMM_M,UNKNOWN,0,NONE,V05C-contexts.csv,SOURCE_PROVED_NOT_YET_ADMITTED
TP07F118,06:C76D:0:0:1,0x03476D,8D1104,STA,ABS,UNKNOWN,0,DBR:0411,V05C-contexts.csv,SOURCE_PROVED_NOT_YET_ADMITTED
TP07F118,06:C770:0:0:1,0x034770,A90300,LDA,IMM_M,UNKNOWN,0,NONE,V05C-contexts.csv,SOURCE_PROVED_NOT_YET_ADMITTED
TP07F118,06:C773:0:0:1,0x034773,8D1704,STA,ABS,UNKNOWN,0,DBR:0417,V05C-contexts.csv,SOURCE_PROVED_NOT_YET_ADMITTED
TP07F118,06:C776:0:0:1,0x034776,A90000,LDA,IMM_M,UNKNOWN,0,NONE,V05C-contexts.csv,SOURCE_PROVED_NOT_YET_ADMITTED
TP07F118,06:C779:0:0:1,0x034779,8D1504,STA,ABS,UNKNOWN,1,DBR:0415,V05C-contexts.csv,SOURCE_PROVED_NOT_YET_ADMITTED
TP07F118,06:C77C:0:0:1,0x03477C,AD1104,LDA,ABS,UNKNOWN,1,DBR:0411,V05C-contexts.csv,SOURCE_PROVED_NOT_YET_ADMITTED
TP07F118,06:C77F:0:0:1,0x03477F,A240,LDX,IMM_X,UNKNOWN,UNKNOWN,NONE,V05C-contexts.csv,SOURCE_PROVED_NOT_YET_ADMITTED
TP07F118,06:C781:0:0:1,0x034781,E230,SEP,IMM8,UNKNOWN,0,NONE,V05C-contexts.csv,SOURCE_PROVED_NOT_YET_ADMITTED
TP07F118,06:C783:0:1:1,0x034783,8D1B21,STA,ABS,UNKNOWN,0,DBR:211B,V05C-contexts.csv,SOURCE_PROVED_NOT_YET_ADMITTED
TP07F118,06:C786:0:1:1,0x034786,EB,XBA,IMP,UNKNOWN,0,NONE,V05C-contexts.csv,SOURCE_PROVED_NOT_YET_ADMITTED
TP07F118,06:C787:0:1:1,0x034787,8D1B21,STA,ABS,UNKNOWN,UNKNOWN,DBR:211B,V05C-contexts.csv,SOURCE_PROVED_NOT_YET_ADMITTED
TP07F118,06:C78A:0:1:1,0x03478A,8E1C21,STX,ABS,UNKNOWN,UNKNOWN,DBR:211C,V05C-contexts.csv,SOURCE_PROVED_NOT_YET_ADMITTED
TP07F118,06:C78D:0:1:1,0x03478D,E210,SEP,IMM8,UNKNOWN,UNKNOWN,NONE,V05C-contexts.csv,SOURCE_PROVED_NOT_YET_ADMITTED
TP07F118,06:C78F:0:1:1,0x03478F,C220,REP,IMM8,UNKNOWN,UNKNOWN,NONE,V05C-contexts.csv,SOURCE_PROVED_NOT_YET_ADMITTED
TP07F118,06:C791:0:0:1,0x034791,AD3421,LDA,ABS,UNKNOWN,UNKNOWN,DBR:2134,V05C-contexts.csv,SOURCE_PROVED_NOT_YET_ADMITTED
TP07F118,06:C794:0:0:1,0x034794,AE3621,LDX,ABS,UNKNOWN,UNKNOWN,DBR:2136,V05C-contexts.csv,SOURCE_PROVED_NOT_YET_ADMITTED
TP07F118,06:C797:0:0:1,0x034797,18,CLC,IMP,UNKNOWN,UNKNOWN,NONE,V05C-contexts.csv,SOURCE_PROVED_NOT_YET_ADMITTED
TP07F118,06:C798:0:0:1,0x034798,6D1504,ADC,ABS,0,UNKNOWN,DBR:0415,V05C-contexts.csv,SOURCE_PROVED_NOT_YET_ADMITTED
TP07F118,06:C79B:0:0:1,0x03479B,C230,REP,IMM8,UNKNOWN,UNKNOWN,NONE,V05C-contexts.csv,SOURCE_PROVED_NOT_YET_ADMITTED
TP07F118,06:C79D:0:0:0,0x03479D,A8,TAY,IMP,UNKNOWN,UNKNOWN,NONE,V05C-contexts.csv,SOURCE_PROVED_NOT_YET_ADMITTED
TP07F118,06:C79E:0:0:0,0x03479E,98,TYA,IMP,UNKNOWN,UNKNOWN,NONE,V05C-contexts.csv,SOURCE_PROVED_NOT_YET_ADMITTED
TP07F118,06:C79F:0:0:0,0x03479F,0A,ASL,ACC,UNKNOWN,UNKNOWN,NONE,V05C-contexts.csv,SOURCE_PROVED_NOT_YET_ADMITTED
TP07F118,06:C7A0:0:0:0,0x0347A0,0A,ASL,ACC,UNKNOWN,UNKNOWN,NONE,V05C-contexts.csv,SOURCE_PROVED_NOT_YET_ADMITTED
TP07F118,06:C7A1:0:0:0,0x0347A1,A8,TAY,IMP,UNKNOWN,UNKNOWN,NONE,V05C-contexts.csv,SOURCE_PROVED_NOT_YET_ADMITTED
TP07F118,06:C7A2:0:0:0,0x0347A2,18,CLC,IMP,UNKNOWN,UNKNOWN,NONE,V05C-contexts.csv,SOURCE_PROVED_NOT_YET_ADMITTED
TP07F118,06:C7A3:0:0:0,0x0347A3,690200,ADC,IMM_M,0,UNKNOWN,NONE,V05C-contexts.csv,SOURCE_PROVED_NOT_YET_ADMITTED
TP07F118,06:C7A6:0:0:0,0x0347A6,A8,TAY,IMP,UNKNOWN,UNKNOWN,NONE,V05C-contexts.csv,SOURCE_PROVED_NOT_YET_ADMITTED
TP07F118,06:C7A7:0:0:0,0x0347A7,E220,SEP,IMM8,UNKNOWN,UNKNOWN,NONE,V05C-contexts.csv,SOURCE_PROVED_NOT_YET_ADMITTED
TP07F118,06:C7A9:0:1:0,0x0347A9,C210,REP,IMM8,UNKNOWN,UNKNOWN,NONE,V05C-contexts.csv,SOURCE_PROVED_NOT_YET_ADMITTED
TP07F118,06:C7AB:0:1:0,0x0347AB,A967,LDA,IMM_M,UNKNOWN,UNKNOWN,NONE,V05C-contexts.csv,SOURCE_PROVED_NOT_YET_ADMITTED
TP07F118,06:C7AD:0:1:0,0x0347AD,974F,STA,DP_IND_LONG_Y,UNKNOWN,0,NONE,V05C-contexts.csv,SOURCE_PROVED_NOT_YET_ADMITTED
TP07F118,06:C7AF:0:1:0,0x0347AF,C8,INY,IMP,UNKNOWN,0,NONE,V05C-contexts.csv,SOURCE_PROVED_NOT_YET_ADMITTED
TP07F118,06:C7B0:0:1:0,0x0347B0,A908,LDA,IMM_M,UNKNOWN,UNKNOWN,NONE,V05C-contexts.csv,SOURCE_PROVED_NOT_YET_ADMITTED
TP07F118,06:C7B2:0:1:0,0x0347B2,974F,STA,DP_IND_LONG_Y,UNKNOWN,0,NONE,V05C-contexts.csv,SOURCE_PROVED_NOT_YET_ADMITTED
TP07F118,06:C7B4:0:1:0,0x0347B4,E210,SEP,IMM8,UNKNOWN,0,NONE,V05C-contexts.csv,SOURCE_PROVED_NOT_YET_ADMITTED
TP07F118,06:C7B6:0:1:1,0x0347B6,C220,REP,IMM8,UNKNOWN,0,NONE,V05C-contexts.csv,SOURCE_PROVED_NOT_YET_ADMITTED
TP07F118,06:C7B8:0:0:1,0x0347B8,A93F00,LDA,IMM_M,UNKNOWN,0,NONE,V05C-contexts.csv,SOURCE_PROVED_NOT_YET_ADMITTED
TP07F118,06:C7BB:0:0:1,0x0347BB,8D1504,STA,ABS,UNKNOWN,0,DBR:0415,V05C-contexts.csv,SOURCE_PROVED_NOT_YET_ADMITTED
TP07F118,06:C7BE:0:0:1,0x0347BE,AD1104,LDA,ABS,UNKNOWN,0,DBR:0411,V05C-contexts.csv,SOURCE_PROVED_NOT_YET_ADMITTED
TP07F118,06:C7C1:0:0:1,0x0347C1,A240,LDX,IMM_X,UNKNOWN,UNKNOWN,NONE,V05C-contexts.csv,SOURCE_PROVED_NOT_YET_ADMITTED
TP07F118,06:C7C3:0:0:1,0x0347C3,E230,SEP,IMM8,UNKNOWN,0,NONE,V05C-contexts.csv,SOURCE_PROVED_NOT_YET_ADMITTED
TP07F118,06:C7C5:0:1:1,0x0347C5,8D1B21,STA,ABS,UNKNOWN,0,DBR:211B,V05C-contexts.csv,SOURCE_PROVED_NOT_YET_ADMITTED
TP07F118,06:C7C8:0:1:1,0x0347C8,EB,XBA,IMP,UNKNOWN,0,NONE,V05C-contexts.csv,SOURCE_PROVED_NOT_YET_ADMITTED
TP07F118,06:C7C9:0:1:1,0x0347C9,8D1B21,STA,ABS,UNKNOWN,UNKNOWN,DBR:211B,V05C-contexts.csv,SOURCE_PROVED_NOT_YET_ADMITTED
TP07F118,06:C7CC:0:1:1,0x0347CC,8E1C21,STX,ABS,UNKNOWN,UNKNOWN,DBR:211C,V05C-contexts.csv,SOURCE_PROVED_NOT_YET_ADMITTED
TP07F118,06:C7CF:0:1:1,0x0347CF,E210,SEP,IMM8,UNKNOWN,UNKNOWN,NONE,V05C-contexts.csv,SOURCE_PROVED_NOT_YET_ADMITTED
TP07F118,06:C7D1:0:1:1,0x0347D1,C220,REP,IMM8,UNKNOWN,UNKNOWN,NONE,V05C-contexts.csv,SOURCE_PROVED_NOT_YET_ADMITTED
TP07F118,06:C7D3:0:0:1,0x0347D3,AD3421,LDA,ABS,UNKNOWN,UNKNOWN,DBR:2134,V05C-contexts.csv,SOURCE_PROVED_NOT_YET_ADMITTED
TP07F118,06:C7D6:0:0:1,0x0347D6,AE3621,LDX,ABS,UNKNOWN,UNKNOWN,DBR:2136,V05C-contexts.csv,SOURCE_PROVED_NOT_YET_ADMITTED
TP07F118,06:C7D9:0:0:1,0x0347D9,18,CLC,IMP,UNKNOWN,UNKNOWN,NONE,V05C-contexts.csv,SOURCE_PROVED_NOT_YET_ADMITTED
TP07F118,06:C7DA:0:0:1,0x0347DA,6D1504,ADC,ABS,0,UNKNOWN,DBR:0415,V05C-contexts.csv,SOURCE_PROVED_NOT_YET_ADMITTED
TP07F118,06:C7DD:0:0:1,0x0347DD,C230,REP,IMM8,UNKNOWN,UNKNOWN,NONE,V05C-contexts.csv,SOURCE_PROVED_NOT_YET_ADMITTED
TP07F118,06:C7DF:0:0:0,0x0347DF,A8,TAY,IMP,UNKNOWN,UNKNOWN,NONE,V05C-contexts.csv,SOURCE_PROVED_NOT_YET_ADMITTED
TP07F118,06:C7E0:0:0:0,0x0347E0,98,TYA,IMP,UNKNOWN,UNKNOWN,NONE,V05C-contexts.csv,SOURCE_PROVED_NOT_YET_ADMITTED
TP07F118,06:C7E1:0:0:0,0x0347E1,0A,ASL,ACC,UNKNOWN,UNKNOWN,NONE,V05C-contexts.csv,SOURCE_PROVED_NOT_YET_ADMITTED
TP07F118,06:C7E2:0:0:0,0x0347E2,0A,ASL,ACC,UNKNOWN,UNKNOWN,NONE,V05C-contexts.csv,SOURCE_PROVED_NOT_YET_ADMITTED
TP07F118,06:C7E3:0:0:0,0x0347E3,A8,TAY,IMP,UNKNOWN,UNKNOWN,NONE,V05C-contexts.csv,SOURCE_PROVED_NOT_YET_ADMITTED
TP07F118,06:C7E4:0:0:0,0x0347E4,18,CLC,IMP,UNKNOWN,UNKNOWN,NONE,V05C-contexts.csv,SOURCE_PROVED_NOT_YET_ADMITTED
TP07F118,06:C7E5:0:0:0,0x0347E5,690200,ADC,IMM_M,0,UNKNOWN,NONE,V05C-contexts.csv,SOURCE_PROVED_NOT_YET_ADMITTED
TP07F118,06:C7E8:0:0:0,0x0347E8,A8,TAY,IMP,UNKNOWN,UNKNOWN,NONE,V05C-contexts.csv,SOURCE_PROVED_NOT_YET_ADMITTED
TP07F118,06:C7E9:0:0:0,0x0347E9,E220,SEP,IMM8,UNKNOWN,UNKNOWN,NONE,V05C-contexts.csv,SOURCE_PROVED_NOT_YET_ADMITTED
TP07F118,06:C7EB:0:1:0,0x0347EB,C210,REP,IMM8,UNKNOWN,UNKNOWN,NONE,V05C-contexts.csv,SOURCE_PROVED_NOT_YET_ADMITTED
TP07F118,06:C7ED:0:1:0,0x0347ED,A967,LDA,IMM_M,UNKNOWN,UNKNOWN,NONE,V05C-contexts.csv,SOURCE_PROVED_NOT_YET_ADMITTED
TP07F118,06:C7EF:0:1:0,0x0347EF,974F,STA,DP_IND_LONG_Y,UNKNOWN,0,NONE,V05C-contexts.csv,SOURCE_PROVED_NOT_YET_ADMITTED
TP07F118,06:C7F1:0:1:0,0x0347F1,C8,INY,IMP,UNKNOWN,0,NONE,V05C-contexts.csv,SOURCE_PROVED_NOT_YET_ADMITTED
TP07F118,06:C7F2:0:1:0,0x0347F2,A908,LDA,IMM_M,UNKNOWN,UNKNOWN,NONE,V05C-contexts.csv,SOURCE_PROVED_NOT_YET_ADMITTED
TP07F118,06:C7F4:0:1:0,0x0347F4,974F,STA,DP_IND_LONG_Y,UNKNOWN,0,NONE,V05C-contexts.csv,SOURCE_PROVED_NOT_YET_ADMITTED
TP07F118,06:C7F6:0:1:0,0x0347F6,E210,SEP,IMM8,UNKNOWN,0,NONE,V05C-contexts.csv,SOURCE_PROVED_NOT_YET_ADMITTED
TP07F118,06:C7F8:0:1:1,0x0347F8,C220,REP,IMM8,UNKNOWN,0,NONE,V05C-contexts.csv,SOURCE_PROVED_NOT_YET_ADMITTED
TP07F118,06:C7FA:0:0:1,0x0347FA,EE1104,INC,ABS,UNKNOWN,0,DBR:0411,V05C-contexts.csv,SOURCE_PROVED_NOT_YET_ADMITTED
TP07F118,06:C7FD:0:0:1,0x0347FD,CE1704,DEC,ABS,UNKNOWN,UNKNOWN,DBR:0417,V05C-contexts.csv,SOURCE_PROVED_NOT_YET_ADMITTED
TP07F118,06:C800:0:0:1,0x034800,F003,BEQ,REL8,UNKNOWN,UNKNOWN,NONE,V05C-contexts.csv,SOURCE_PROVED_NOT_YET_ADMITTED
TP07F118,06:C802:0:0:1,0x034802,8271FF,BRL,REL16,UNKNOWN,0,NONE,V05C-contexts.csv,SOURCE_PROVED_NOT_YET_ADMITTED
TP07F118,06:C805:0:0:1,0x034805,A92601,LDA,IMM_M,UNKNOWN,1,NONE,V05C-contexts.csv,SOURCE_PROVED_NOT_YET_ADMITTED
TP07F118,06:C808:0:0:1,0x034808,18,CLC,IMP,UNKNOWN,0,NONE,V05C-contexts.csv,SOURCE_PROVED_NOT_YET_ADMITTED
TP07F118,06:C809:0:0:1,0x034809,6D3A00,ADC,ABS,0,0,DBR:003A,V05C-contexts.csv,SOURCE_PROVED_NOT_YET_ADMITTED
TP07F118,06:C80C:0:0:1,0x03480C,8D4900,STA,ABS,UNKNOWN,UNKNOWN,DBR:0049,V05C-contexts.csv,SOURCE_PROVED_NOT_YET_ADMITTED
TP07F118,06:C80F:0:0:1,0x03480F,E230,SEP,IMM8,UNKNOWN,UNKNOWN,NONE,V05C-contexts.csv,SOURCE_PROVED_NOT_YET_ADMITTED
TP07F118,06:C811:0:1:1,0x034811,AD3C00,LDA,ABS,UNKNOWN,UNKNOWN,DBR:003C,V05C-contexts.csv,SOURCE_PROVED_NOT_YET_ADMITTED
TP07F118,06:C814:0:1:1,0x034814,8D4B00,STA,ABS,UNKNOWN,UNKNOWN,DBR:004B,V05C-contexts.csv,SOURCE_PROVED_NOT_YET_ADMITTED
TP07F118,06:C817:0:1:1,0x034817,A00C,LDY,IMM_X,UNKNOWN,UNKNOWN,NONE,V05C-contexts.csv,SOURCE_PROVED_NOT_YET_ADMITTED
TP07F118,06:C819:0:1:1,0x034819,A980,LDA,IMM_M,UNKNOWN,0,NONE,V05C-contexts.csv,SOURCE_PROVED_NOT_YET_ADMITTED
TP07F118,06:C81B:0:1:1,0x03481B,9749,STA,DP_IND_LONG_Y,UNKNOWN,0,NONE,V05C-contexts.csv,SOURCE_PROVED_NOT_YET_ADMITTED
TP07F118,06:C81D:0:1:1,0x03481D,A00A,LDY,IMM_X,UNKNOWN,0,NONE,V05C-contexts.csv,SOURCE_PROVED_NOT_YET_ADMITTED
TP07F118,06:C81F:0:1:1,0x03481F,9749,STA,DP_IND_LONG_Y,UNKNOWN,0,NONE,V05C-contexts.csv,SOURCE_PROVED_NOT_YET_ADMITTED
TP07F118,06:C821:0:1:1,0x034821,A93D,LDA,IMM_M,UNKNOWN,0,NONE,V05C-contexts.csv,SOURCE_PROVED_NOT_YET_ADMITTED
TP07F118,06:C823:0:1:1,0x034823,A00D,LDY,IMM_X,UNKNOWN,0,NONE,V05C-contexts.csv,SOURCE_PROVED_NOT_YET_ADMITTED
TP07F118,06:C825:0:1:1,0x034825,9749,STA,DP_IND_LONG_Y,UNKNOWN,0,NONE,V05C-contexts.csv,SOURCE_PROVED_NOT_YET_ADMITTED
TP07F118,06:C827:0:1:1,0x034827,A93F,LDA,IMM_M,UNKNOWN,0,NONE,V05C-contexts.csv,SOURCE_PROVED_NOT_YET_ADMITTED
TP07F118,06:C829:0:1:1,0x034829,A00B,LDY,IMM_X,UNKNOWN,0,NONE,V05C-contexts.csv,SOURCE_PROVED_NOT_YET_ADMITTED
TP07F118,06:C82B:0:1:1,0x03482B,9749,STA,DP_IND_LONG_Y,UNKNOWN,0,NONE,V05C-contexts.csv,SOURCE_PROVED_NOT_YET_ADMITTED
TP07F118,06:C82D:0:1:1,0x03482D,A010,LDY,IMM_X,UNKNOWN,0,NONE,V05C-contexts.csv,SOURCE_PROVED_NOT_YET_ADMITTED
TP07F118,06:C82F:0:1:1,0x03482F,A9FF,LDA,IMM_M,UNKNOWN,0,NONE,V05C-contexts.csv,SOURCE_PROVED_NOT_YET_ADMITTED
TP07F118,06:C831:0:1:1,0x034831,9749,STA,DP_IND_LONG_Y,UNKNOWN,0,NONE,V05C-contexts.csv,SOURCE_PROVED_NOT_YET_ADMITTED
TP07F118,06:C833:0:1:1,0x034833,A008,LDY,IMM_X,UNKNOWN,0,NONE,V05C-contexts.csv,SOURCE_PROVED_NOT_YET_ADMITTED
TP07F118,06:C835:0:1:1,0x034835,A91A,LDA,IMM_M,UNKNOWN,0,NONE,V05C-contexts.csv,SOURCE_PROVED_NOT_YET_ADMITTED
TP07F118,06:C837:0:1:1,0x034837,9749,STA,DP_IND_LONG_Y,UNKNOWN,0,NONE,V05C-contexts.csv,SOURCE_PROVED_NOT_YET_ADMITTED
TP07F118,06:C839:0:1:1,0x034839,E210,SEP,IMM8,UNKNOWN,0,NONE,V05C-contexts.csv,SOURCE_PROVED_NOT_YET_ADMITTED
TP07F118,06:C83B:0:1:1,0x03483B,C220,REP,IMM8,UNKNOWN,0,NONE,V05C-contexts.csv,SOURCE_PROVED_NOT_YET_ADMITTED
TP07F118,06:C83D:0:0:1,0x03483D,AD4900,LDA,ABS,UNKNOWN,0,DBR:0049,V05C-contexts.csv,SOURCE_PROVED_NOT_YET_ADMITTED
TP07F118,06:C840:0:0:1,0x034840,8D8A07,STA,ABS,UNKNOWN,UNKNOWN,DBR:078A,V05C-contexts.csv,SOURCE_PROVED_NOT_YET_ADMITTED
TP07F118,06:C843:0:0:1,0x034843,AE4B00,LDX,ABS,UNKNOWN,UNKNOWN,DBR:004B,V05C-contexts.csv,SOURCE_PROVED_NOT_YET_ADMITTED
TP07F118,06:C846:0:0:1,0x034846,8E8C07,STX,ABS,UNKNOWN,UNKNOWN,DBR:078C,V05C-contexts.csv,SOURCE_PROVED_NOT_YET_ADMITTED
TP07F118,06:C849:0:0:1,0x034849,A00A,LDY,IMM_X,UNKNOWN,UNKNOWN,NONE,V05C-contexts.csv,SOURCE_PROVED_NOT_YET_ADMITTED
TP07F118,06:C84B:0:0:1,0x03484B,B749,LDA,DP_IND_LONG_Y,UNKNOWN,0,NONE,V05C-contexts.csv,SOURCE_PROVED_NOT_YET_ADMITTED
TP07F118,06:C84D:0:0:1,0x03484D,8D8E07,STA,ABS,UNKNOWN,UNKNOWN,DBR:078E,V05C-contexts.csv,SOURCE_PROVED_NOT_YET_ADMITTED
TP07F118,06:C850:0:0:1,0x034850,A00C,LDY,IMM_X,UNKNOWN,UNKNOWN,NONE,V05C-contexts.csv,SOURCE_PROVED_NOT_YET_ADMITTED
TP07F118,06:C852:0:0:1,0x034852,B749,LDA,DP_IND_LONG_Y,UNKNOWN,0,NONE,V05C-contexts.csv,SOURCE_PROVED_NOT_YET_ADMITTED
TP07F118,06:C854:0:0:1,0x034854,8D9207,STA,ABS,UNKNOWN,UNKNOWN,DBR:0792,V05C-contexts.csv,SOURCE_PROVED_NOT_YET_ADMITTED
TP07F118,06:C857:0:0:1,0x034857,22308507,JSL,ABSL_JUMP,UNKNOWN,UNKNOWN,NONE,V05C-contexts.csv,SOURCE_PROVED_NOT_YET_ADMITTED
TP07F118,06:C85B:0:0:1,0x03485B,A9B901,LDA,IMM_M,UNKNOWN,UNKNOWN,NONE,V05C-contexts.csv,SOURCE_PROVED_NOT_YET_ADMITTED
TP07F118,06:C85E:0:0:1,0x03485E,18,CLC,IMP,UNKNOWN,0,NONE,V05C-contexts.csv,SOURCE_PROVED_NOT_YET_ADMITTED
TP07F118,06:C85F:0:0:1,0x03485F,6D3A00,ADC,ABS,0,0,DBR:003A,V05C-contexts.csv,SOURCE_PROVED_NOT_YET_ADMITTED
TP07F118,06:C862:0:0:1,0x034862,8D4900,STA,ABS,UNKNOWN,UNKNOWN,DBR:0049,V05C-contexts.csv,SOURCE_PROVED_NOT_YET_ADMITTED
TP07F118,06:C865:0:0:1,0x034865,E230,SEP,IMM8,UNKNOWN,UNKNOWN,NONE,V05C-contexts.csv,SOURCE_PROVED_NOT_YET_ADMITTED
TP07F118,06:C867:0:1:1,0x034867,AD3C00,LDA,ABS,UNKNOWN,UNKNOWN,DBR:003C,V05C-contexts.csv,SOURCE_PROVED_NOT_YET_ADMITTED
TP07F118,06:C86A:0:1:1,0x03486A,8D4B00,STA,ABS,UNKNOWN,UNKNOWN,DBR:004B,V05C-contexts.csv,SOURCE_PROVED_NOT_YET_ADMITTED
TP07F118,06:C86D:0:1:1,0x03486D,A00C,LDY,IMM_X,UNKNOWN,UNKNOWN,NONE,V05C-contexts.csv,SOURCE_PROVED_NOT_YET_ADMITTED
TP07F118,06:C86F:0:1:1,0x03486F,A980,LDA,IMM_M,UNKNOWN,0,NONE,V05C-contexts.csv,SOURCE_PROVED_NOT_YET_ADMITTED
TP07F118,06:C871:0:1:1,0x034871,9749,STA,DP_IND_LONG_Y,UNKNOWN,0,NONE,V05C-contexts.csv,SOURCE_PROVED_NOT_YET_ADMITTED
TP07F118,06:C873:0:1:1,0x034873,A00A,LDY,IMM_X,UNKNOWN,0,NONE,V05C-contexts.csv,SOURCE_PROVED_NOT_YET_ADMITTED
TP07F118,06:C875:0:1:1,0x034875,9749,STA,DP_IND_LONG_Y,UNKNOWN,0,NONE,V05C-contexts.csv,SOURCE_PROVED_NOT_YET_ADMITTED
TP07F118,06:C877:0:1:1,0x034877,A93C,LDA,IMM_M,UNKNOWN,0,NONE,V05C-contexts.csv,SOURCE_PROVED_NOT_YET_ADMITTED
TP07F118,06:C879:0:1:1,0x034879,A00D,LDY,IMM_X,UNKNOWN,0,NONE,V05C-contexts.csv,SOURCE_PROVED_NOT_YET_ADMITTED
TP07F118,06:C87B:0:1:1,0x03487B,9749,STA,DP_IND_LONG_Y,UNKNOWN,0,NONE,V05C-contexts.csv,SOURCE_PROVED_NOT_YET_ADMITTED
TP07F118,06:C87D:0:1:1,0x03487D,A91F,LDA,IMM_M,UNKNOWN,0,NONE,V05C-contexts.csv,SOURCE_PROVED_NOT_YET_ADMITTED
TP07F118,06:C87F:0:1:1,0x03487F,A00B,LDY,IMM_X,UNKNOWN,0,NONE,V05C-contexts.csv,SOURCE_PROVED_NOT_YET_ADMITTED
TP07F118,06:C881:0:1:1,0x034881,9749,STA,DP_IND_LONG_Y,UNKNOWN,0,NONE,V05C-contexts.csv,SOURCE_PROVED_NOT_YET_ADMITTED
TP07F118,06:C883:0:1:1,0x034883,A010,LDY,IMM_X,UNKNOWN,0,NONE,V05C-contexts.csv,SOURCE_PROVED_NOT_YET_ADMITTED
TP07F118,06:C885:0:1:1,0x034885,A9FF,LDA,IMM_M,UNKNOWN,0,NONE,V05C-contexts.csv,SOURCE_PROVED_NOT_YET_ADMITTED
TP07F118,06:C887:0:1:1,0x034887,9749,STA,DP_IND_LONG_Y,UNKNOWN,0,NONE,V05C-contexts.csv,SOURCE_PROVED_NOT_YET_ADMITTED
TP07F118,06:C889:0:1:1,0x034889,A008,LDY,IMM_X,UNKNOWN,0,NONE,V05C-contexts.csv,SOURCE_PROVED_NOT_YET_ADMITTED
TP07F118,06:C88B:0:1:1,0x03488B,A916,LDA,IMM_M,UNKNOWN,0,NONE,V05C-contexts.csv,SOURCE_PROVED_NOT_YET_ADMITTED
TP07F118,06:C88D:0:1:1,0x03488D,9749,STA,DP_IND_LONG_Y,UNKNOWN,0,NONE,V05C-contexts.csv,SOURCE_PROVED_NOT_YET_ADMITTED
TP07F118,06:C88F:0:1:1,0x03488F,E210,SEP,IMM8,UNKNOWN,0,NONE,V05C-contexts.csv,SOURCE_PROVED_NOT_YET_ADMITTED
TP07F118,06:C891:0:1:1,0x034891,C220,REP,IMM8,UNKNOWN,0,NONE,V05C-contexts.csv,SOURCE_PROVED_NOT_YET_ADMITTED
TP07F118,06:C893:0:0:1,0x034893,AD4900,LDA,ABS,UNKNOWN,0,DBR:0049,V05C-contexts.csv,SOURCE_PROVED_NOT_YET_ADMITTED
TP07F118,06:C896:0:0:1,0x034896,8D8A07,STA,ABS,UNKNOWN,UNKNOWN,DBR:078A,V05C-contexts.csv,SOURCE_PROVED_NOT_YET_ADMITTED
TP07F118,06:C899:0:0:1,0x034899,AE4B00,LDX,ABS,UNKNOWN,UNKNOWN,DBR:004B,V05C-contexts.csv,SOURCE_PROVED_NOT_YET_ADMITTED
TP07F118,06:C89C:0:0:1,0x03489C,8E8C07,STX,ABS,UNKNOWN,UNKNOWN,DBR:078C,V05C-contexts.csv,SOURCE_PROVED_NOT_YET_ADMITTED
TP07F118,06:C89F:0:0:1,0x03489F,A00A,LDY,IMM_X,UNKNOWN,UNKNOWN,NONE,V05C-contexts.csv,SOURCE_PROVED_NOT_YET_ADMITTED
TP07F118,06:C8A1:0:0:1,0x0348A1,B749,LDA,DP_IND_LONG_Y,UNKNOWN,0,NONE,V05C-contexts.csv,SOURCE_PROVED_NOT_YET_ADMITTED
TP07F118,06:C8A3:0:0:1,0x0348A3,8D8E07,STA,ABS,UNKNOWN,UNKNOWN,DBR:078E,V05C-contexts.csv,SOURCE_PROVED_NOT_YET_ADMITTED
TP07F118,06:C8A6:0:0:1,0x0348A6,A00C,LDY,IMM_X,UNKNOWN,UNKNOWN,NONE,V05C-contexts.csv,SOURCE_PROVED_NOT_YET_ADMITTED
TP07F118,06:C8A8:0:0:1,0x0348A8,B749,LDA,DP_IND_LONG_Y,UNKNOWN,0,NONE,V05C-contexts.csv,SOURCE_PROVED_NOT_YET_ADMITTED
TP07F118,06:C8AA:0:0:1,0x0348AA,8D9207,STA,ABS,UNKNOWN,UNKNOWN,DBR:0792,V05C-contexts.csv,SOURCE_PROVED_NOT_YET_ADMITTED
TP07F118,06:C8AD:0:0:1,0x0348AD,22308507,JSL,ABSL_JUMP,UNKNOWN,UNKNOWN,NONE,V05C-contexts.csv,SOURCE_PROVED_NOT_YET_ADMITTED
TP07F118,06:C8B1:0:0:1,0x0348B1,E230,SEP,IMM8,UNKNOWN,UNKNOWN,NONE,V05C-contexts.csv,SOURCE_PROVED_NOT_YET_ADMITTED
TP07F118,06:C8B3:0:1:1,0x0348B3,68,PLA,IMP,UNKNOWN,UNKNOWN,NONE,V05C-contexts.csv,SOURCE_PROVED_NOT_YET_ADMITTED
TP07F118,06:C8B4:0:1:1,0x0348B4,8D0004,STA,ABS,UNKNOWN,UNKNOWN,DBR:0400,V05C-contexts.csv,SOURCE_PROVED_NOT_YET_ADMITTED
TP07F118,06:C8B7:0:1:1,0x0348B7,E210,SEP,IMM8,UNKNOWN,UNKNOWN,NONE,V05C-contexts.csv,SOURCE_PROVED_NOT_YET_ADMITTED
TP07F118,06:C8B9:0:1:1,0x0348B9,C220,REP,IMM8,UNKNOWN,UNKNOWN,NONE,V05C-contexts.csv,SOURCE_PROVED_NOT_YET_ADMITTED
TP07F118,06:C8BB:0:0:1,0x0348BB,FA,PLX,IMP,UNKNOWN,UNKNOWN,NONE,V05C-contexts.csv,SOURCE_PROVED_NOT_YET_ADMITTED
TP07F118,06:C8BC:0:0:1,0x0348BC,8E4B00,STX,ABS,UNKNOWN,UNKNOWN,DBR:004B,V05C-contexts.csv,SOURCE_PROVED_NOT_YET_ADMITTED
TP07F118,06:C8BF:0:0:1,0x0348BF,68,PLA,IMP,UNKNOWN,UNKNOWN,NONE,V05C-contexts.csv,SOURCE_PROVED_NOT_YET_ADMITTED
TP07F118,06:C8C0:0:0:1,0x0348C0,8D4900,STA,ABS,UNKNOWN,UNKNOWN,DBR:0049,V05C-contexts.csv,SOURCE_PROVED_NOT_YET_ADMITTED
TP07F118,06:C8C3:0:0:1,0x0348C3,C230,REP,IMM8,UNKNOWN,UNKNOWN,NONE,V05C-contexts.csv,SOURCE_PROVED_NOT_YET_ADMITTED
TP07F118,06:C8C5:0:0:0,0x0348C5,68,PLA,IMP,UNKNOWN,UNKNOWN,NONE,V05C-contexts.csv,SOURCE_PROVED_NOT_YET_ADMITTED
TP07F118,06:C8C6:0:0:0,0x0348C6,8D1304,STA,ABS,UNKNOWN,UNKNOWN,DBR:0413,V05C-contexts.csv,SOURCE_PROVED_NOT_YET_ADMITTED
TP07F118,06:C8C9:0:0:0,0x0348C9,68,PLA,IMP,UNKNOWN,UNKNOWN,NONE,V05C-contexts.csv,SOURCE_PROVED_NOT_YET_ADMITTED
TP07F118,06:C8CA:0:0:0,0x0348CA,8D1104,STA,ABS,UNKNOWN,UNKNOWN,DBR:0411,V05C-contexts.csv,SOURCE_PROVED_NOT_YET_ADMITTED
TP07F118,06:C8CD:0:0:0,0x0348CD,68,PLA,IMP,UNKNOWN,UNKNOWN,NONE,V05C-contexts.csv,SOURCE_PROVED_NOT_YET_ADMITTED
TP07F118,06:C8CE:0:0:0,0x0348CE,8D0F04,STA,ABS,UNKNOWN,UNKNOWN,DBR:040F,V05C-contexts.csv,SOURCE_PROVED_NOT_YET_ADMITTED
TP07F118,06:C8D1:0:0:0,0x0348D1,68,PLA,IMP,UNKNOWN,UNKNOWN,NONE,V05C-contexts.csv,SOURCE_PROVED_NOT_YET_ADMITTED
TP07F118,06:C8D2:0:0:0,0x0348D2,8D0D04,STA,ABS,UNKNOWN,UNKNOWN,DBR:040D,V05C-contexts.csv,SOURCE_PROVED_NOT_YET_ADMITTED
TP07F118,06:C8D5:0:0:0,0x0348D5,68,PLA,IMP,UNKNOWN,UNKNOWN,NONE,V05C-contexts.csv,SOURCE_PROVED_NOT_YET_ADMITTED
TP07F118,06:C8D6:0:0:0,0x0348D6,8D0B04,STA,ABS,UNKNOWN,UNKNOWN,DBR:040B,V05C-contexts.csv,SOURCE_PROVED_NOT_YET_ADMITTED
TP07F118,06:C8D9:0:0:0,0x0348D9,68,PLA,IMP,UNKNOWN,UNKNOWN,NONE,V05C-contexts.csv,SOURCE_PROVED_NOT_YET_ADMITTED
TP07F118,06:C8DA:0:0:0,0x0348DA,8D1704,STA,ABS,UNKNOWN,UNKNOWN,DBR:0417,V05C-contexts.csv,SOURCE_PROVED_NOT_YET_ADMITTED
TP07F118,06:C8DD:0:0:0,0x0348DD,68,PLA,IMP,UNKNOWN,UNKNOWN,NONE,V05C-contexts.csv,SOURCE_PROVED_NOT_YET_ADMITTED
TP07F118,06:C8DE:0:0:0,0x0348DE,8D1504,STA,ABS,UNKNOWN,UNKNOWN,DBR:0415,V05C-contexts.csv,SOURCE_PROVED_NOT_YET_ADMITTED
TP07F118,06:C8E1:0:0:0,0x0348E1,6B,RTL,IMP,UNKNOWN,UNKNOWN,NONE,V05C-contexts.csv,SOURCE_PROVED_NOT_YET_ADMITTED
