Family,Source,Kind,Target,Proof_Source
TP07F491,0C:C7F6:0:0:0,FALLTHROUGH_STATUS,0C:C7F8:0:0:0,V05C-edges.csv
TP07F491,0C:C7F8:0:0:0,FALLTHROUGH,0C:C7FB:0:0:0,V05C-edges.csv
TP07F491,0C:C7FB:0:0:0,FALLTHROUGH,0C:C7FC:0:0:0,V05C-edges.csv
TP07F491,0C:C7FC:0:0:0,FALLTHROUGH,0C:C7FF:0:0:0,V05C-edges.csv
TP07F491,0C:C7FF:0:0:0,FALLTHROUGH,0C:C800:0:0:0,V05C-edges.csv
TP07F491,0C:C800:0:0:0,FALLTHROUGH,0C:C803:0:0:0,V05C-edges.csv
TP07F491,0C:C803:0:0:0,FALLTHROUGH,0C:C804:0:0:0,V05C-edges.csv
TP07F491,0C:C804:0:0:0,FALLTHROUGH,0C:C807:0:0:0,V05C-edges.csv
TP07F491,0C:C807:0:0:0,FALLTHROUGH,0C:C808:0:0:0,V05C-edges.csv
TP07F491,0C:C808:0:0:0,FALLTHROUGH,0C:C80B:0:0:0,V05C-edges.csv
TP07F491,0C:C80B:0:0:0,FALLTHROUGH,0C:C80C:0:0:0,V05C-edges.csv
TP07F491,0C:C80C:0:0:0,FALLTHROUGH,0C:C80F:0:0:0,V05C-edges.csv
TP07F491,0C:C80F:0:0:0,FALLTHROUGH,0C:C810:0:0:0,V05C-edges.csv
TP07F491,0C:C810:0:0:0,FALLTHROUGH,0C:C813:0:0:0,V05C-edges.csv
TP07F491,0C:C813:0:0:0,FALLTHROUGH,0C:C814:0:0:0,V05C-edges.csv
TP07F491,0C:C814:0:0:0,FALLTHROUGH,0C:C817:0:0:0,V05C-edges.csv
TP07F491,0C:C817:0:0:0,FALLTHROUGH,0C:C818:0:0:0,V05C-edges.csv
TP07F491,0C:C818:0:0:0,FALLTHROUGH,0C:C81B:0:0:0,V05C-edges.csv
TP07F491,0C:C81B:0:0:0,FALLTHROUGH,0C:C81C:0:0:0,V05C-edges.csv
TP07F491,0C:C81C:0:0:0,FALLTHROUGH_STATUS,0C:C81E:0:0:1,V05C-edges.csv
TP07F491,0C:C81E:0:0:1,FALLTHROUGH_STATUS,0C:C820:0:0:1,V05C-edges.csv
TP07F491,0C:C820:0:0:1,FALLTHROUGH,0C:C823:0:0:1,V05C-edges.csv
TP07F491,0C:C823:0:0:1,FALLTHROUGH,0C:C824:0:0:1,V05C-edges.csv
TP07F491,0C:C824:0:0:1,FALLTHROUGH,0C:C827:0:0:1,V05C-edges.csv
TP07F491,0C:C827:0:0:1,FALLTHROUGH,0C:C828:0:0:1,V05C-edges.csv
TP07F491,0C:C828:0:0:1,FALLTHROUGH,0C:C82B:0:0:1,V05C-edges.csv
TP07F491,0C:C82B:0:0:1,FALLTHROUGH,0C:C82C:0:0:1,V05C-edges.csv
TP07F491,0C:C82C:0:0:1,FALLTHROUGH,0C:C82F:0:0:1,V05C-edges.csv
TP07F491,0C:C82F:0:0:1,FALLTHROUGH,0C:C830:0:0:1,V05C-edges.csv
TP07F491,0C:C830:0:0:1,FALLTHROUGH,0C:C833:0:0:1,V05C-edges.csv
TP07F491,0C:C833:0:0:1,FALLTHROUGH,0C:C834:0:0:1,V05C-edges.csv
TP07F491,0C:C834:0:0:1,FALLTHROUGH,0C:C837:0:0:1,V05C-edges.csv
TP07F491,0C:C837:0:0:1,FALLTHROUGH,0C:C838:0:0:1,V05C-edges.csv
TP07F491,0C:C838:0:0:1,FALLTHROUGH,0C:C83B:0:0:1,V05C-edges.csv
TP07F491,0C:C83B:0:0:1,FALLTHROUGH,0C:C83C:0:0:1,V05C-edges.csv
TP07F491,0C:C83C:0:0:1,FALLTHROUGH,0C:C83F:0:0:1,V05C-edges.csv
TP07F491,0C:C83F:0:0:1,FALLTHROUGH,0C:C840:0:0:1,V05C-edges.csv
TP07F491,0C:C840:0:0:1,FALLTHROUGH,0C:C843:0:0:1,V05C-edges.csv
TP07F491,0C:C843:0:0:1,FALLTHROUGH,0C:C844:0:0:1,V05C-edges.csv
TP07F491,0C:C844:0:0:1,FALLTHROUGH,0C:C847:0:0:1,V05C-edges.csv
TP07F491,0C:C847:0:0:1,FALLTHROUGH,0C:C848:0:0:1,V05C-edges.csv
TP07F491,0C:C848:0:0:1,FALLTHROUGH,0C:C84B:0:0:1,V05C-edges.csv
TP07F491,0C:C84B:0:0:1,FALLTHROUGH,0C:C84C:0:0:1,V05C-edges.csv
TP07F491,0C:C84C:0:0:1,FALLTHROUGH,0C:C84F:0:0:1,V05C-edges.csv
TP07F491,0C:C84F:0:0:1,FALLTHROUGH,0C:C850:0:0:1,V05C-edges.csv
TP07F491,0C:C850:0:0:1,FALLTHROUGH,0C:C853:0:0:1,V05C-edges.csv
TP07F491,0C:C853:0:0:1,FALLTHROUGH,0C:C854:0:0:1,V05C-edges.csv
TP07F491,0C:C854:0:0:1,FALLTHROUGH,0C:C857:0:0:1,V05C-edges.csv
TP07F491,0C:C857:0:0:1,FALLTHROUGH,0C:C858:0:0:1,V05C-edges.csv
TP07F491,0C:C858:0:0:1,FALLTHROUGH,0C:C85B:0:0:1,V05C-edges.csv
TP07F491,0C:C85B:0:0:1,FALLTHROUGH,0C:C85C:0:0:1,V05C-edges.csv
TP07F491,0C:C85C:0:0:1,FALLTHROUGH,0C:C85F:0:0:1,V05C-edges.csv
TP07F491,0C:C85F:0:0:1,FALLTHROUGH,0C:C860:0:0:1,V05C-edges.csv
TP07F491,0C:C860:0:0:1,FALLTHROUGH,0C:C863:0:0:1,V05C-edges.csv
TP07F491,0C:C863:0:0:1,FALLTHROUGH,0C:C864:0:0:1,V05C-edges.csv
TP07F491,0C:C864:0:0:1,FALLTHROUGH,0C:C867:0:0:1,V05C-edges.csv
TP07F491,0C:C867:0:0:1,FALLTHROUGH,0C:C868:0:0:1,V05C-edges.csv
TP07F491,0C:C868:0:0:1,FALLTHROUGH,0C:C86B:0:0:1,V05C-edges.csv
TP07F491,0C:C86B:0:0:1,FALLTHROUGH,0C:C86C:0:0:1,V05C-edges.csv
TP07F491,0C:C86C:0:0:1,FALLTHROUGH,0C:C86F:0:0:1,V05C-edges.csv
TP07F491,0C:C86F:0:0:1,FALLTHROUGH,0C:C870:0:0:1,V05C-edges.csv
TP07F491,0C:C870:0:0:1,FALLTHROUGH_STATUS,0C:C872:0:0:0,V05C-edges.csv
TP07F491,0C:C872:0:0:0,FALLTHROUGH,0C:C875:0:0:0,V05C-edges.csv
TP07F491,0C:C875:0:0:0,FALLTHROUGH,0C:C878:0:0:0,V05C-edges.csv
TP07F491,0C:C878:0:0:0,FALLTHROUGH,0C:C87B:0:0:0,V05C-edges.csv
TP07F491,0C:C87B:0:0:0,FALLTHROUGH,0C:C87E:0:0:0,V05C-edges.csv
TP07F491,0C:C87E:0:0:0,FALLTHROUGH,0C:C881:0:0:0,V05C-edges.csv
TP07F491,0C:C881:0:0:0,FALLTHROUGH,0C:C884:0:0:0,V05C-edges.csv
TP07F491,0C:C884:0:0:0,FALLTHROUGH_STATUS,0C:C886:0:0:0,V05C-edges.csv
TP07F491,0C:C886:0:0:0,FALLTHROUGH,0C:C889:0:0:0,V05C-edges.csv
TP07F491,0C:C889:0:0:0,BRANCH_NOT_TAKEN,0C:C88B:0:0:0,V05C-edges.csv
TP07F491,0C:C889:0:0:0,BRANCH_TAKEN,0C:C88E:0:0:0,V05C-edges.csv
TP07F491,0C:C88B:0:0:0,BRANCH_ALWAYS,0C:C93C:0:0:0,V05C-edges.csv
TP07F491,0C:C88E:0:0:0,FALLTHROUGH_STATUS,0C:C890:0:0:0,V05C-edges.csv
TP07F491,0C:C890:0:0:0,FALLTHROUGH,0C:C893:0:0:0,V05C-edges.csv
TP07F491,0C:C893:0:0:0,FALLTHROUGH,0C:C896:0:0:0,V05C-edges.csv
TP07F491,0C:C896:0:0:0,FALLTHROUGH,0C:C899:0:0:0,V05C-edges.csv
TP07F491,0C:C899:0:0:0,FALLTHROUGH,0C:C89C:0:0:0,V05C-edges.csv
TP07F491,0C:C89C:0:0:0,FALLTHROUGH,0C:C89F:0:0:0,V05C-edges.csv
TP07F491,0C:C89F:0:0:0,FALLTHROUGH,0C:C8A2:0:0:0,V05C-edges.csv
TP07F491,0C:C8A2:0:0:0,DIRECT_CALL,07:FA9A:0:0:0,V05C-dynamic-proofs.csv
TP07F491,0C:C8A6:0:0:0,FALLTHROUGH_STATUS,0C:C8A8:0:0:0,V05C-edges.csv
TP07F491,0C:C8A8:0:0:0,FALLTHROUGH,0C:C8AB:0:0:0,V05C-edges.csv
TP07F491,0C:C8AB:0:0:0,FALLTHROUGH,0C:C8AE:0:0:0,V05C-edges.csv
TP07F491,0C:C8AE:0:0:0,FALLTHROUGH,0C:C8B1:0:0:0,V05C-edges.csv
TP07F491,0C:C8B1:0:0:0,FALLTHROUGH,0C:C8B4:0:0:0,V05C-edges.csv
TP07F491,0C:C8B4:0:0:0,DIRECT_CALL,0C:B151:0:0:0,V05C-dynamic-proofs.csv
TP07F491,0C:C8B8:0:0:0,FALLTHROUGH_STATUS,0C:C8BA:0:0:0,V05C-edges.csv
TP07F491,0C:C8BA:0:0:0,FALLTHROUGH,0C:C8BD:0:0:0,V05C-edges.csv
TP07F491,0C:C8BD:0:0:0,BRANCH_NOT_TAKEN,0C:C8BF:0:0:0,V05C-edges.csv
TP07F491,0C:C8BD:0:0:0,BRANCH_TAKEN,0C:C8C2:0:0:0,V05C-edges.csv
TP07F491,0C:C8BF:0:0:0,BRANCH_ALWAYS,0C:C93C:0:0:0,V05C-edges.csv
TP07F491,0C:C8C2:0:0:0,FALLTHROUGH_STATUS,0C:C8C4:0:0:0,V05C-edges.csv
TP07F491,0C:C8C4:0:0:0,FALLTHROUGH,0C:C8C7:0:0:0,V05C-edges.csv
TP07F491,0C:C8C7:0:0:0,FALLTHROUGH,0C:C8CA:0:0:0,V05C-edges.csv
TP07F491,0C:C8CA:0:0:0,FALLTHROUGH,0C:C8CD:0:0:0,V05C-edges.csv
TP07F491,0C:C8CD:0:0:0,FALLTHROUGH,0C:C8D0:0:0:0,V05C-edges.csv
TP07F491,0C:C8D0:0:0:0,FALLTHROUGH,0C:C8D3:0:0:0,V05C-edges.csv
TP07F491,0C:C8D3:0:0:0,FALLTHROUGH,0C:C8D6:0:0:0,V05C-edges.csv
TP07F491,0C:C8D6:0:0:0,DIRECT_CALL,07:FA9A:0:0:0,V05C-dynamic-proofs.csv
TP07F491,0C:C8DA:0:0:0,FALLTHROUGH_STATUS,0C:C8DC:0:0:0,V05C-edges.csv
TP07F491,0C:C8DC:0:0:0,FALLTHROUGH,0C:C8DF:0:0:0,V05C-edges.csv
TP07F491,0C:C8DF:0:0:0,FALLTHROUGH,0C:C8E2:0:0:0,V05C-edges.csv
TP07F491,0C:C8E2:0:0:0,FALLTHROUGH,0C:C8E5:0:0:0,V05C-edges.csv
TP07F491,0C:C8E5:0:0:0,FALLTHROUGH,0C:C8E8:0:0:0,V05C-edges.csv
TP07F491,0C:C8E8:0:0:0,FALLTHROUGH,0C:C8EB:0:0:0,V05C-edges.csv
TP07F491,0C:C8EB:0:0:0,FALLTHROUGH,0C:C8EE:0:0:0,V05C-edges.csv
TP07F491,0C:C8EE:0:0:0,FALLTHROUGH,0C:C8F1:0:0:0,V05C-edges.csv
TP07F491,0C:C8F1:0:0:0,FALLTHROUGH_STATUS,0C:C8F3:0:0:0,V05C-edges.csv
TP07F491,0C:C8F3:0:0:0,FALLTHROUGH,0C:C8F6:0:0:0,V05C-edges.csv
TP07F491,0C:C8F6:0:0:0,FALLTHROUGH,0C:C8F7:0:0:0,V05C-edges.csv
TP07F491,0C:C8F7:0:0:0,FALLTHROUGH,0C:C8FA:0:0:0,V05C-edges.csv
TP07F491,0C:C8FA:0:0:0,FALLTHROUGH,0C:C8FB:0:0:0,V05C-edges.csv
TP07F491,0C:C8FB:0:0:0,DIRECT_CALL,0C:F764:0:0:0,V05C-dynamic-proofs.csv
TP07F491,0C:C8FF:0:0:0,FALLTHROUGH_STATUS,0C:C901:0:0:0,V05C-edges.csv
TP07F491,0C:C901:0:0:0,FALLTHROUGH,0C:C902:0:0:0,V05C-edges.csv
TP07F491,0C:C902:0:0:0,FALLTHROUGH,0C:C905:0:0:0,V05C-edges.csv
TP07F491,0C:C905:0:0:0,FALLTHROUGH,0C:C906:0:0:0,V05C-edges.csv
TP07F491,0C:C906:0:0:0,FALLTHROUGH,0C:C909:0:0:0,V05C-edges.csv
TP07F491,0C:C909:0:0:0,FALLTHROUGH_STATUS,0C:C90B:0:0:0,V05C-edges.csv
TP07F491,0C:C90B:0:0:0,FALLTHROUGH,0C:C90E:0:0:0,V05C-edges.csv
TP07F491,0C:C90E:0:0:0,FALLTHROUGH,0C:C911:0:0:0,V05C-edges.csv
TP07F491,0C:C911:0:0:0,BRANCH_NOT_TAKEN,0C:C913:0:0:0,V05C-edges.csv
TP07F491,0C:C911:0:0:0,BRANCH_TAKEN,0C:C93C:0:0:0,V05C-edges.csv
TP07F491,0C:C913:0:0:0,FALLTHROUGH,0C:C916:0:0:0,V05C-edges.csv
TP07F491,0C:C916:0:0:0,FALLTHROUGH,0C:C919:0:0:0,V05C-edges.csv
TP07F491,0C:C919:0:0:0,FALLTHROUGH,0C:C91C:0:0:0,V05C-edges.csv
TP07F491,0C:C91C:0:0:0,FALLTHROUGH,0C:C91F:0:0:0,V05C-edges.csv
TP07F491,0C:C91F:0:0:0,FALLTHROUGH,0C:C922:0:0:0,V05C-edges.csv
TP07F491,0C:C922:0:0:0,FALLTHROUGH,0C:C923:0:0:0,V05C-edges.csv
TP07F491,0C:C923:0:0:0,FALLTHROUGH,0C:C926:0:0:0,V05C-edges.csv
TP07F491,0C:C926:0:0:0,FALLTHROUGH,0C:C929:0:0:0,V05C-edges.csv
TP07F491,0C:C929:0:0:0,FALLTHROUGH,0C:C92C:0:0:0,V05C-edges.csv
TP07F491,0C:C92C:0:0:0,FALLTHROUGH,0C:C92F:0:0:0,V05C-edges.csv
TP07F491,0C:C92F:0:0:0,FALLTHROUGH,0C:C932:0:0:0,V05C-edges.csv
TP07F491,0C:C932:0:0:0,FALLTHROUGH,0C:C935:0:0:0,V05C-edges.csv
TP07F491,0C:C935:0:0:0,FALLTHROUGH,0C:C938:0:0:0,V05C-edges.csv
TP07F491,0C:C938:0:0:0,DIRECT_CALL,0C:C7CA:0:0:0,V05C-dynamic-proofs.csv
TP07F491,0C:C93C:0:0:0,FALLTHROUGH_STATUS,0C:C93E:0:0:0,V05C-edges.csv
TP07F491,0C:C93E:0:0:0,FALLTHROUGH,0C:C941:0:0:0,V05C-edges.csv
TP07F491,0C:C941:0:0:0,FALLTHROUGH,0C:C944:0:0:0,V05C-edges.csv
TP07F491,0C:C944:0:0:0,FALLTHROUGH_STATUS,0C:C946:0:1:1,V05C-edges.csv
TP07F491,0C:C946:0:1:1,FALLTHROUGH,0C:C948:0:1:1,V05C-edges.csv
TP07F491,0C:C948:0:1:1,FALLTHROUGH,0C:C94B:0:1:1,V05C-edges.csv
TP07F491,0C:C94B:0:1:1,DIRECT_CALL,0C:8518:0:1:1,V05C-dynamic-proofs.csv
TP07F491,0C:C94F:0:1:1,FALLTHROUGH_STATUS,0C:C951:0:1:1,V05C-edges.csv
TP07F491,0C:C951:0:1:1,FALLTHROUGH_STATUS,0C:C953:0:0:1,V05C-edges.csv
TP07F491,0C:C953:0:0:1,FALLTHROUGH,0C:C956:0:0:1,V05C-edges.csv
TP07F491,0C:C956:0:0:1,FALLTHROUGH,0C:C959:0:0:1,V05C-edges.csv
TP07F491,0C:C959:0:0:1,FALLTHROUGH,0C:C95B:0:0:1,V05C-edges.csv
TP07F491,0C:C95B:0:0:1,FALLTHROUGH,0C:C95E:0:0:1,V05C-edges.csv
TP07F491,0C:C95E:0:0:1,FALLTHROUGH,0C:C961:0:0:1,V05C-edges.csv
TP07F491,0C:C961:0:0:1,FALLTHROUGH,0C:C964:0:0:1,V05C-edges.csv
TP07F491,0C:C964:0:0:1,FALLTHROUGH,0C:C966:0:0:1,V05C-edges.csv
TP07F491,0C:C966:0:0:1,FALLTHROUGH,0C:C969:0:0:1,V05C-edges.csv
TP07F491,0C:C969:0:0:1,FALLTHROUGH,0C:C96C:0:0:1,V05C-edges.csv
TP07F491,0C:C96C:0:0:1,FALLTHROUGH,0C:C96F:0:0:1,V05C-edges.csv
TP07F491,0C:C96F:0:0:1,FALLTHROUGH,0C:C971:0:0:1,V05C-edges.csv
TP07F491,0C:C971:0:0:1,FALLTHROUGH,0C:C974:0:0:1,V05C-edges.csv
TP07F491,0C:C974:0:0:1,FALLTHROUGH,0C:C977:0:0:1,V05C-edges.csv
TP07F491,0C:C977:0:0:1,FALLTHROUGH,0C:C97A:0:0:1,V05C-edges.csv
TP07F491,0C:C97A:0:0:1,FALLTHROUGH,0C:C97D:0:0:1,V05C-edges.csv
TP07F491,0C:C97D:0:0:1,FALLTHROUGH,0C:C980:0:0:1,V05C-edges.csv
TP07F491,0C:C980:0:0:1,FALLTHROUGH,0C:C983:0:0:1,V05C-edges.csv
TP07F491,0C:C983:0:0:1,FALLTHROUGH,0C:C986:0:0:1,V05C-edges.csv
TP07F491,0C:C986:0:0:1,FALLTHROUGH,0C:C989:0:0:1,V05C-edges.csv
TP07F491,0C:C989:0:0:1,FALLTHROUGH,0C:C98C:0:0:1,V05C-edges.csv
TP07F491,0C:C98C:0:0:1,FALLTHROUGH,0C:C98F:0:0:1,V05C-edges.csv
TP07F491,0C:C98F:0:0:1,FALLTHROUGH,0C:C992:0:0:1,V05C-edges.csv
TP07F491,0C:C992:0:0:1,FALLTHROUGH,0C:C995:0:0:1,V05C-edges.csv
TP07F491,0C:C995:0:0:1,FALLTHROUGH,0C:C998:0:0:1,V05C-edges.csv
TP07F491,0C:C998:0:0:1,FALLTHROUGH,0C:C99B:0:0:1,V05C-edges.csv
TP07F491,0C:C99B:0:0:1,FALLTHROUGH,0C:C99E:0:0:1,V05C-edges.csv
TP07F491,0C:C99E:0:0:1,FALLTHROUGH,0C:C9A1:0:0:1,V05C-edges.csv
TP07F491,0C:C9A1:0:0:1,FALLTHROUGH,0C:C9A4:0:0:1,V05C-edges.csv
TP07F491,0C:C9A4:0:0:1,FALLTHROUGH,0C:C9A7:0:0:1,V05C-edges.csv
TP07F491,0C:C9A7:0:0:1,FALLTHROUGH,0C:C9AA:0:0:1,V05C-edges.csv
TP07F491,0C:C9AA:0:0:1,FALLTHROUGH,0C:C9AD:0:0:1,V05C-edges.csv
TP07F491,0C:C9AD:0:0:1,FALLTHROUGH,0C:C9B0:0:0:1,V05C-edges.csv
TP07F491,0C:C9B0:0:0:1,FALLTHROUGH,0C:C9B3:0:0:1,V05C-edges.csv
TP07F491,0C:C9B3:0:0:1,FALLTHROUGH,0C:C9B6:0:0:1,V05C-edges.csv
TP07F491,0C:C9B6:0:0:1,FALLTHROUGH,0C:C9B9:0:0:1,V05C-edges.csv
TP07F491,0C:C9B9:0:0:1,FALLTHROUGH,0C:C9BC:0:0:1,V05C-edges.csv
TP07F491,0C:C9BC:0:0:1,FALLTHROUGH_STATUS,0C:C9BE:0:0:0,V05C-edges.csv
TP07F491,0C:C9BE:0:0:0,FALLTHROUGH,0C:C9C1:0:0:0,V05C-edges.csv
TP07F491,0C:C9C1:0:0:0,FALLTHROUGH,0C:C9C4:0:0:0,V05C-edges.csv
TP07F491,0C:C9C4:0:0:0,FALLTHROUGH,0C:C9C7:0:0:0,V05C-edges.csv
TP07F491,0C:C9C7:0:0:0,BRANCH_NOT_TAKEN,0C:C9C9:0:0:0,V05C-edges.csv
TP07F491,0C:C9C7:0:0:0,BRANCH_TAKEN,0C:C9E5:0:0:0,V05C-edges.csv
TP07F491,0C:C9C9:0:0:0,FALLTHROUGH,0C:C9CC:0:0:0,V05C-edges.csv
TP07F491,0C:C9CC:0:0:0,FALLTHROUGH,0C:C9CD:0:0:0,V05C-edges.csv
TP07F491,0C:C9CD:0:0:0,FALLTHROUGH,0C:C9D0:0:0:0,V05C-edges.csv
TP07F491,0C:C9D0:0:0:0,DIRECT_CALL,04:80A7:0:0:0,V05C-dynamic-proofs.csv
TP07F491,0C:C9D4:0:0:0,FALLTHROUGH,0C:C9D5:0:0:0,V05C-edges.csv
TP07F491,0C:C9D5:0:0:0,FALLTHROUGH,0C:C9D6:0:0:0,V05C-edges.csv
TP07F491,0C:C9D6:0:0:0,FALLTHROUGH,0C:C9D9:0:0:0,V05C-edges.csv
TP07F491,0C:C9D9:0:0:0,FALLTHROUGH,0C:C9DA:0:0:0,V05C-edges.csv
TP07F491,0C:C9DA:0:0:0,FALLTHROUGH,0C:C9DD:0:0:0,V05C-edges.csv
TP07F491,0C:C9DD:0:0:0,FALLTHROUGH,0C:C9DF:0:0:0,V05C-edges.csv
TP07F491,0C:C9DF:0:0:0,FALLTHROUGH,0C:C9E2:0:0:0,V05C-edges.csv
TP07F491,0C:C9E2:0:0:0,BRANCH_ALWAYS,0C:C9C1:0:0:0,V05C-edges.csv
TP07F491,0C:C9E5:0:0:0,DIRECT_CALL,0C:E497:0:0:0,V05C-dynamic-proofs.csv
TP07F491,0C:C9E9:0:0:0,DIRECT_CALL,0C:D640:0:0:0,V05C-dynamic-proofs.csv
TP07F491,0C:C9ED:0:0:0,DIRECT_CALL,04:F56F:0:0:0,V05C-dynamic-proofs.csv
TP07F491,0C:C9F1:0:0:1,DIRECT_CALL,07:82C8:0:0:1,V05C-dynamic-proofs.csv
TP07F491,0C:C9F5:0:0:0,FALLTHROUGH_STATUS,0C:C9F7:0:1:1,V05C-edges.csv
TP07F491,0C:C9F7:0:1:1,FALLTHROUGH,0C:C9F9:0:1:1,V05C-edges.csv
TP07F491,0C:C9F9:0:1:1,FALLTHROUGH,0C:C9FC:0:1:1,V05C-edges.csv
TP07F491,0C:C9FC:0:1:1,FALLTHROUGH_STATUS,0C:C9FE:0:0:0,V05C-edges.csv
TP07F491,0C:C9FE:0:0:0,FALLTHROUGH,0C:CA01:0:0:0,V05C-edges.csv
TP07F491,0C:CA01:0:0:0,FALLTHROUGH,0C:CA04:0:0:0,V05C-edges.csv
TP07F491,0C:CA04:0:0:0,FALLTHROUGH,0C:CA07:0:0:0,V05C-edges.csv
TP07F491,0C:CA07:0:0:0,FALLTHROUGH,0C:CA0A:0:0:0,V05C-edges.csv
TP07F491,0C:CA0A:0:0:0,FALLTHROUGH,0C:CA0B:0:0:0,V05C-edges.csv
TP07F491,0C:CA0B:0:0:0,FALLTHROUGH,0C:CA0C:0:0:0,V05C-edges.csv
TP07F491,0C:CA0C:0:0:0,FALLTHROUGH,0C:CA0D:0:0:0,V05C-edges.csv
TP07F491,0C:CA0D:0:0:0,FALLTHROUGH,0C:CA0E:0:0:0,V05C-edges.csv
TP07F491,0C:CA0E:0:0:0,FALLTHROUGH,0C:CA0F:0:0:0,V05C-edges.csv
TP07F491,0C:CA0F:0:0:0,BRANCH_NOT_TAKEN,0C:CA11:0:0:0,V05C-edges.csv
TP07F491,0C:CA0F:0:0:0,BRANCH_TAKEN,0C:CA04:0:0:0,V05C-edges.csv
TP07F491,0C:CA11:0:0:0,FALLTHROUGH_STATUS,0C:CA13:0:1:1,V05C-edges.csv
TP07F491,0C:CA13:0:1:1,FALLTHROUGH,0C:CA15:0:1:1,V05C-edges.csv
TP07F491,0C:CA15:0:1:1,FALLTHROUGH,0C:CA18:0:1:1,V05C-edges.csv
TP07F491,0C:CA18:0:1:1,FALLTHROUGH_STATUS,0C:CA1A:0:1:1,V05C-edges.csv
TP07F491,0C:CA1A:0:1:1,FALLTHROUGH,0C:CA1D:0:1:1,V05C-edges.csv
TP07F491,0C:CA1D:0:1:1,BRANCH_NOT_TAKEN,0C:CA1F:0:1:1,V05C-edges.csv
TP07F491,0C:CA1D:0:1:1,BRANCH_TAKEN,0C:CA1A:0:1:1,V05C-edges.csv
TP07F491,0C:CA1F:0:1:1,FALLTHROUGH,0C:CA22:0:1:1,V05C-edges.csv
TP07F491,0C:CA22:0:1:1,FALLTHROUGH_STATUS,0C:CA24:0:1:1,V05C-edges.csv
TP07F491,0C:CA24:0:1:1,FALLTHROUGH_STATUS,0C:CA26:0:0:1,V05C-edges.csv
TP07F491,0C:CA26:0:0:1,FALLTHROUGH,0C:CA29:0:0:1,V05C-edges.csv
TP07F491,0C:CA29:0:0:1,FALLTHROUGH,0C:CA2B:0:0:1,V05C-edges.csv
TP07F491,0C:CA2B:0:0:1,DIRECT_CALL,07:8268:0:0:1,V05C-dynamic-proofs.csv
TP07F491,0C:CA2F:0:0:1,FALLTHROUGH_STATUS,0C:CA31:0:1:1,V05C-edges.csv
TP07F491,0C:CA31:0:1:1,FALLTHROUGH,0C:CA33:0:1:1,V05C-edges.csv
TP07F491,0C:CA33:0:1:1,FALLTHROUGH,0C:CA36:0:1:1,V05C-edges.csv
TP07F491,0C:CA36:0:1:1,FALLTHROUGH,0C:CA38:0:1:1,V05C-edges.csv
TP07F491,0C:CA38:0:1:1,FALLTHROUGH,0C:CA3B:0:1:1,V05C-edges.csv
TP07F491,0C:CA3B:0:1:1,FALLTHROUGH_STATUS,0C:CA3D:0:0:0,V05C-edges.csv
TP07F491,0C:CA3D:0:0:0,FALLTHROUGH,0C:CA40:0:0:0,V05C-edges.csv
TP07F491,0C:CA40:0:0:0,FALLTHROUGH,0C:CA43:0:0:0,V05C-edges.csv
TP07F491,0C:CA43:0:0:0,FALLTHROUGH,0C:CA46:0:0:0,V05C-edges.csv
TP07F491,0C:CA46:0:0:0,BRANCH_NOT_TAKEN,0C:CA48:0:0:0,V05C-edges.csv
TP07F491,0C:CA46:0:0:0,BRANCH_TAKEN,0C:CA4B:0:0:0,V05C-edges.csv
TP07F491,0C:CA48:0:0:0,DIRECT_JUMP,0C:CD5F:0:0:0,V05C-edges.csv
TP07F491,0C:CA4B:0:0:0,FALLTHROUGH,0C:CA4E:0:0:0,V05C-edges.csv
TP07F491,0C:CA4E:0:0:0,FALLTHROUGH,0C:CA51:0:0:0,V05C-edges.csv
TP07F491,0C:CA51:0:0:0,FALLTHROUGH,0C:CA53:0:0:0,V05C-edges.csv
TP07F491,0C:CA53:0:0:0,FALLTHROUGH,0C:CA56:0:0:0,V05C-edges.csv
TP07F491,0C:CA56:0:0:0,FALLTHROUGH,0C:CA57:0:0:0,V05C-edges.csv
TP07F491,0C:CA57:0:0:0,FALLTHROUGH,0C:CA5A:0:0:0,V05C-edges.csv
TP07F491,0C:CA5A:0:0:0,DIRECT_CALL,04:80A7:0:0:0,V05C-dynamic-proofs.csv
TP07F491,0C:CA5E:0:0:0,FALLTHROUGH,0C:CA5F:0:0:0,V05C-edges.csv
TP07F491,0C:CA5F:0:0:0,FALLTHROUGH,0C:CA62:0:0:0,V05C-edges.csv
TP07F491,0C:CA62:0:0:0,FALLTHROUGH,0C:CA63:0:0:0,V05C-edges.csv
TP07F491,0C:CA63:0:0:0,FALLTHROUGH,0C:CA66:0:0:0,V05C-edges.csv
TP07F491,0C:CA66:0:0:0,FALLTHROUGH,0C:CA67:0:0:0,V05C-edges.csv
TP07F491,0C:CA67:0:0:0,FALLTHROUGH_STATUS,0C:CA69:0:1:1,V05C-edges.csv
TP07F491,0C:CA69:0:1:1,FALLTHROUGH,0C:CA6C:0:1:1,V05C-edges.csv
TP07F491,0C:CA6C:0:1:1,FALLTHROUGH,0C:CA6E:0:1:1,V05C-edges.csv
TP07F491,0C:CA6E:0:1:1,FALLTHROUGH,0C:CA70:0:1:1,V05C-edges.csv
TP07F491,0C:CA70:0:1:1,FALLTHROUGH,0C:CA72:0:1:1,V05C-edges.csv
TP07F491,0C:CA72:0:1:1,FALLTHROUGH,0C:CA74:0:1:1,V05C-edges.csv
TP07F491,0C:CA74:0:1:1,FALLTHROUGH,0C:CA76:0:1:1,V05C-edges.csv
TP07F491,0C:CA76:0:1:1,FALLTHROUGH,0C:CA78:0:1:1,V05C-edges.csv
TP07F491,0C:CA78:0:1:1,FALLTHROUGH_STATUS,0C:CA7A:0:0:0,V05C-edges.csv
TP07F491,0C:CA7A:0:0:0,FALLTHROUGH,0C:CA7D:0:0:0,V05C-edges.csv
TP07F491,0C:CA7D:0:0:0,FALLTHROUGH,0C:CA7E:0:0:0,V05C-edges.csv
TP07F491,0C:CA7E:0:0:0,FALLTHROUGH,0C:CA81:0:0:0,V05C-edges.csv
TP07F491,0C:CA81:0:0:0,DIRECT_CALL,04:80A7:0:0:0,V05C-dynamic-proofs.csv
TP07F491,0C:CA85:0:0:0,FALLTHROUGH,0C:CA86:0:0:0,V05C-edges.csv
TP07F491,0C:CA86:0:0:0,FALLTHROUGH,0C:CA89:0:0:0,V05C-edges.csv
TP07F491,0C:CA89:0:0:0,FALLTHROUGH,0C:CA8A:0:0:0,V05C-edges.csv
TP07F491,0C:CA8A:0:0:0,FALLTHROUGH,0C:CA8D:0:0:0,V05C-edges.csv
TP07F491,0C:CA8D:0:0:0,FALLTHROUGH,0C:CA8E:0:0:0,V05C-edges.csv
TP07F491,0C:CA8E:0:0:0,FALLTHROUGH,0C:CA90:0:0:0,V05C-edges.csv
TP07F491,0C:CA90:0:0:0,FALLTHROUGH,0C:CA93:0:0:0,V05C-edges.csv
TP07F491,0C:CA93:0:0:0,FALLTHROUGH,0C:CA94:0:0:0,V05C-edges.csv
TP07F491,0C:CA94:0:0:0,FALLTHROUGH,0C:CA95:0:0:0,V05C-edges.csv
TP07F491,0C:CA95:0:0:0,FALLTHROUGH,0C:CA97:0:0:0,V05C-edges.csv
TP07F491,0C:CA97:0:0:0,FALLTHROUGH,0C:CA9A:0:0:0,V05C-edges.csv
TP07F491,0C:CA9A:0:0:0,FALLTHROUGH,0C:CA9D:0:0:0,V05C-edges.csv
TP07F491,0C:CA9D:0:0:0,FALLTHROUGH,0C:CA9E:0:0:0,V05C-edges.csv
TP07F491,0C:CA9E:0:0:0,FALLTHROUGH,0C:CAA1:0:0:0,V05C-edges.csv
TP07F491,0C:CAA1:0:0:0,FALLTHROUGH,0C:CAA2:0:0:0,V05C-edges.csv
TP07F491,0C:CAA2:0:0:0,FALLTHROUGH,0C:CAA4:0:0:0,V05C-edges.csv
TP07F491,0C:CAA4:0:0:0,FALLTHROUGH,0C:CAA7:0:0:0,V05C-edges.csv
TP07F491,0C:CAA7:0:0:0,FALLTHROUGH,0C:CAA8:0:0:0,V05C-edges.csv
TP07F491,0C:CAA8:0:0:0,FALLTHROUGH,0C:CAA9:0:0:0,V05C-edges.csv
TP07F491,0C:CAA9:0:0:0,FALLTHROUGH,0C:CAAB:0:0:0,V05C-edges.csv
TP07F491,0C:CAAB:0:0:0,FALLTHROUGH,0C:CAAE:0:0:0,V05C-edges.csv
TP07F491,0C:CAAE:0:0:0,FALLTHROUGH,0C:CAB1:0:0:0,V05C-edges.csv
TP07F491,0C:CAB1:0:0:0,FALLTHROUGH,0C:CAB2:0:0:0,V05C-edges.csv
TP07F491,0C:CAB2:0:0:0,FALLTHROUGH,0C:CAB5:0:0:0,V05C-edges.csv
TP07F491,0C:CAB5:0:0:0,FALLTHROUGH,0C:CAB8:0:0:0,V05C-edges.csv
TP07F491,0C:CAB8:0:0:0,FALLTHROUGH,0C:CABB:0:0:0,V05C-edges.csv
TP07F491,0C:CABB:0:0:0,FALLTHROUGH,0C:CABE:0:0:0,V05C-edges.csv
TP07F491,0C:CABE:0:0:0,FALLTHROUGH,0C:CAC1:0:0:0,V05C-edges.csv
TP07F491,0C:CAC1:0:0:0,FALLTHROUGH,0C:CAC4:0:0:0,V05C-edges.csv
TP07F491,0C:CAC4:0:0:0,FALLTHROUGH,0C:CAC5:0:0:0,V05C-edges.csv
TP07F491,0C:CAC5:0:0:0,FALLTHROUGH,0C:CAC8:0:0:0,V05C-edges.csv
TP07F491,0C:CAC8:0:0:0,FALLTHROUGH,0C:CAC9:0:0:0,V05C-edges.csv
TP07F491,0C:CAC9:0:0:0,FALLTHROUGH,0C:CACC:0:0:0,V05C-edges.csv
TP07F491,0C:CACC:0:0:0,FALLTHROUGH,0C:CACE:0:0:0,V05C-edges.csv
TP07F491,0C:CACE:0:0:0,FALLTHROUGH,0C:CACF:0:0:0,V05C-edges.csv
TP07F491,0C:CACF:0:0:0,FALLTHROUGH,0C:CAD0:0:0:0,V05C-edges.csv
TP07F491,0C:CAD0:0:0:0,FALLTHROUGH,0C:CAD3:0:0:0,V05C-edges.csv
TP07F491,0C:CAD3:0:0:0,FALLTHROUGH,0C:CAD5:0:0:0,V05C-edges.csv
TP07F491,0C:CAD5:0:0:0,FALLTHROUGH,0C:CAD8:0:0:0,V05C-edges.csv
TP07F491,0C:CAD8:0:0:0,FALLTHROUGH,0C:CAD9:0:0:0,V05C-edges.csv
TP07F491,0C:CAD9:0:0:0,FALLTHROUGH,0C:CADC:0:0:0,V05C-edges.csv
TP07F491,0C:CADC:0:0:0,DIRECT_CALL,04:80A7:0:0:0,V05C-dynamic-proofs.csv
TP07F491,0C:CAE0:0:0:0,FALLTHROUGH,0C:CAE1:0:0:0,V05C-edges.csv
TP07F491,0C:CAE1:0:0:0,FALLTHROUGH,0C:CAE4:0:0:0,V05C-edges.csv
TP07F491,0C:CAE4:0:0:0,FALLTHROUGH,0C:CAE5:0:0:0,V05C-edges.csv
TP07F491,0C:CAE5:0:0:0,FALLTHROUGH,0C:CAE8:0:0:0,V05C-edges.csv
TP07F491,0C:CAE8:0:0:0,FALLTHROUGH,0C:CAE9:0:0:0,V05C-edges.csv
TP07F491,0C:CAE9:0:0:0,FALLTHROUGH,0C:CAEB:0:0:0,V05C-edges.csv
TP07F491,0C:CAEB:0:0:0,FALLTHROUGH,0C:CAEE:0:0:0,V05C-edges.csv
TP07F491,0C:CAEE:0:0:0,FALLTHROUGH,0C:CAEF:0:0:0,V05C-edges.csv
TP07F491,0C:CAEF:0:0:0,FALLTHROUGH,0C:CAF0:0:0:0,V05C-edges.csv
TP07F491,0C:CAF0:0:0:0,FALLTHROUGH,0C:CAF1:0:0:0,V05C-edges.csv
TP07F491,0C:CAF1:0:0:0,FALLTHROUGH,0C:CAF2:0:0:0,V05C-edges.csv
TP07F491,0C:CAF2:0:0:0,FALLTHROUGH,0C:CAF5:0:0:0,V05C-edges.csv
TP07F491,0C:CAF5:0:0:0,FALLTHROUGH,0C:CAF8:0:0:0,V05C-edges.csv
TP07F491,0C:CAF8:0:0:0,FALLTHROUGH,0C:CAFB:0:0:0,V05C-edges.csv
TP07F491,0C:CAFB:0:0:0,FALLTHROUGH,0C:CAFE:0:0:0,V05C-edges.csv
TP07F491,0C:CAFE:0:0:0,FALLTHROUGH,0C:CAFF:0:0:0,V05C-edges.csv
TP07F491,0C:CAFF:0:0:0,FALLTHROUGH,0C:CB02:0:0:0,V05C-edges.csv
TP07F491,0C:CB02:0:0:0,FALLTHROUGH,0C:CB03:0:0:0,V05C-edges.csv
TP07F491,0C:CB03:0:0:0,FALLTHROUGH,0C:CB05:0:0:0,V05C-edges.csv
TP07F491,0C:CB05:0:0:0,FALLTHROUGH,0C:CB08:0:0:0,V05C-edges.csv
TP07F491,0C:CB08:0:0:0,FALLTHROUGH,0C:CB09:0:0:0,V05C-edges.csv
TP07F491,0C:CB09:0:0:0,FALLTHROUGH,0C:CB0A:0:0:0,V05C-edges.csv
TP07F491,0C:CB0A:0:0:0,FALLTHROUGH,0C:CB0B:0:0:0,V05C-edges.csv
TP07F491,0C:CB0B:0:0:0,FALLTHROUGH,0C:CB0C:0:0:0,V05C-edges.csv
TP07F491,0C:CB0C:0:0:0,FALLTHROUGH,0C:CB0F:0:0:0,V05C-edges.csv
TP07F491,0C:CB0F:0:0:0,FALLTHROUGH,0C:CB12:0:0:0,V05C-edges.csv
TP07F491,0C:CB12:0:0:0,FALLTHROUGH,0C:CB15:0:0:0,V05C-edges.csv
TP07F491,0C:CB15:0:0:0,FALLTHROUGH,0C:CB18:0:0:0,V05C-edges.csv
TP07F491,0C:CB18:0:0:0,FALLTHROUGH,0C:CB1B:0:0:0,V05C-edges.csv
TP07F491,0C:CB1B:0:0:0,FALLTHROUGH,0C:CB1E:0:0:0,V05C-edges.csv
TP07F491,0C:CB1E:0:0:0,FALLTHROUGH,0C:CB1F:0:0:0,V05C-edges.csv
TP07F491,0C:CB1F:0:0:0,FALLTHROUGH,0C:CB22:0:0:0,V05C-edges.csv
TP07F491,0C:CB22:0:0:0,FALLTHROUGH,0C:CB23:0:0:0,V05C-edges.csv
TP07F491,0C:CB23:0:0:0,FALLTHROUGH,0C:CB25:0:0:0,V05C-edges.csv
TP07F491,0C:CB25:0:0:0,FALLTHROUGH,0C:CB26:0:0:0,V05C-edges.csv
TP07F491,0C:CB26:0:0:0,FALLTHROUGH,0C:CB27:0:0:0,V05C-edges.csv
TP07F491,0C:CB27:0:0:0,FALLTHROUGH,0C:CB2A:0:0:0,V05C-edges.csv
TP07F491,0C:CB2A:0:0:0,FALLTHROUGH,0C:CB2D:0:0:0,V05C-edges.csv
TP07F491,0C:CB2D:0:0:0,FALLTHROUGH,0C:CB30:0:0:0,V05C-edges.csv
TP07F491,0C:CB30:0:0:0,FALLTHROUGH,0C:CB33:0:0:0,V05C-edges.csv
TP07F491,0C:CB33:0:0:0,FALLTHROUGH,0C:CB36:0:0:0,V05C-edges.csv
TP07F491,0C:CB36:0:0:0,FALLTHROUGH,0C:CB39:0:0:0,V05C-edges.csv
TP07F491,0C:CB39:0:0:0,FALLTHROUGH,0C:CB3A:0:0:0,V05C-edges.csv
TP07F491,0C:CB3A:0:0:0,FALLTHROUGH,0C:CB3D:0:0:0,V05C-edges.csv
TP07F491,0C:CB3D:0:0:0,FALLTHROUGH,0C:CB3E:0:0:0,V05C-edges.csv
TP07F491,0C:CB3E:0:0:0,FALLTHROUGH,0C:CB40:0:0:0,V05C-edges.csv
TP07F491,0C:CB40:0:0:0,FALLTHROUGH,0C:CB41:0:0:0,V05C-edges.csv
TP07F491,0C:CB41:0:0:0,FALLTHROUGH,0C:CB44:0:0:0,V05C-edges.csv
TP07F491,0C:CB44:0:0:0,FALLTHROUGH,0C:CB47:0:0:0,V05C-edges.csv
TP07F491,0C:CB47:0:0:0,FALLTHROUGH,0C:CB4A:0:0:0,V05C-edges.csv
TP07F491,0C:CB4A:0:0:0,FALLTHROUGH,0C:CB4D:0:0:0,V05C-edges.csv
TP07F491,0C:CB4D:0:0:0,FALLTHROUGH,0C:CB50:0:0:0,V05C-edges.csv
TP07F491,0C:CB50:0:0:0,FALLTHROUGH,0C:CB53:0:0:0,V05C-edges.csv
TP07F491,0C:CB53:0:0:0,FALLTHROUGH,0C:CB54:0:0:0,V05C-edges.csv
TP07F491,0C:CB54:0:0:0,FALLTHROUGH,0C:CB57:0:0:0,V05C-edges.csv
TP07F491,0C:CB57:0:0:0,DIRECT_CALL,04:80A7:0:0:0,V05C-dynamic-proofs.csv
TP07F491,0C:CB5B:0:0:0,FALLTHROUGH,0C:CB5C:0:0:0,V05C-edges.csv
TP07F491,0C:CB5C:0:0:0,FALLTHROUGH,0C:CB5D:0:0:0,V05C-edges.csv
TP07F491,0C:CB5D:0:0:0,FALLTHROUGH,0C:CB60:0:0:0,V05C-edges.csv
TP07F491,0C:CB60:0:0:0,FALLTHROUGH,0C:CB61:0:0:0,V05C-edges.csv
TP07F491,0C:CB61:0:0:0,FALLTHROUGH,0C:CB64:0:0:0,V05C-edges.csv
TP07F491,0C:CB64:0:0:0,FALLTHROUGH,0C:CB66:0:0:0,V05C-edges.csv
TP07F491,0C:CB66:0:0:0,FALLTHROUGH,0C:CB67:0:0:0,V05C-edges.csv
TP07F491,0C:CB67:0:0:0,FALLTHROUGH,0C:CB68:0:0:0,V05C-edges.csv
TP07F491,0C:CB68:0:0:0,FALLTHROUGH,0C:CB6B:0:0:0,V05C-edges.csv
TP07F491,0C:CB6B:0:0:0,FALLTHROUGH,0C:CB6D:0:0:0,V05C-edges.csv
TP07F491,0C:CB6D:0:0:0,FALLTHROUGH,0C:CB70:0:0:0,V05C-edges.csv
TP07F491,0C:CB70:0:0:0,FALLTHROUGH,0C:CB71:0:0:0,V05C-edges.csv
TP07F491,0C:CB71:0:0:0,FALLTHROUGH,0C:CB74:0:0:0,V05C-edges.csv
TP07F491,0C:CB74:0:0:0,FALLTHROUGH,0C:CB75:0:0:0,V05C-edges.csv
TP07F491,0C:CB75:0:0:0,FALLTHROUGH,0C:CB77:0:0:0,V05C-edges.csv
TP07F491,0C:CB77:0:0:0,FALLTHROUGH,0C:CB7A:0:0:0,V05C-edges.csv
TP07F491,0C:CB7A:0:0:0,FALLTHROUGH,0C:CB7B:0:0:0,V05C-edges.csv
TP07F491,0C:CB7B:0:0:0,FALLTHROUGH,0C:CB7C:0:0:0,V05C-edges.csv
TP07F491,0C:CB7C:0:0:0,FALLTHROUGH,0C:CB7E:0:0:0,V05C-edges.csv
TP07F491,0C:CB7E:0:0:0,FALLTHROUGH,0C:CB81:0:0:0,V05C-edges.csv
TP07F491,0C:CB81:0:0:0,FALLTHROUGH,0C:CB84:0:0:0,V05C-edges.csv
TP07F491,0C:CB84:0:0:0,FALLTHROUGH,0C:CB85:0:0:0,V05C-edges.csv
TP07F491,0C:CB85:0:0:0,FALLTHROUGH,0C:CB88:0:0:0,V05C-edges.csv
TP07F491,0C:CB88:0:0:0,FALLTHROUGH,0C:CB89:0:0:0,V05C-edges.csv
TP07F491,0C:CB89:0:0:0,FALLTHROUGH,0C:CB8B:0:0:0,V05C-edges.csv
TP07F491,0C:CB8B:0:0:0,FALLTHROUGH,0C:CB8E:0:0:0,V05C-edges.csv
TP07F491,0C:CB8E:0:0:0,FALLTHROUGH,0C:CB91:0:0:0,V05C-edges.csv
TP07F491,0C:CB91:0:0:0,FALLTHROUGH,0C:CB92:0:0:0,V05C-edges.csv
TP07F491,0C:CB92:0:0:0,FALLTHROUGH,0C:CB95:0:0:0,V05C-edges.csv
TP07F491,0C:CB95:0:0:0,FALLTHROUGH,0C:CB96:0:0:0,V05C-edges.csv
TP07F491,0C:CB96:0:0:0,FALLTHROUGH,0C:CB98:0:0:0,V05C-edges.csv
TP07F491,0C:CB98:0:0:0,FALLTHROUGH,0C:CB9B:0:0:0,V05C-edges.csv
TP07F491,0C:CB9B:0:0:0,FALLTHROUGH_STATUS,0C:CB9D:0:1:1,V05C-edges.csv
TP07F491,0C:CB9D:0:1:1,FALLTHROUGH,0C:CBA0:0:1:1,V05C-edges.csv
TP07F491,0C:CBA0:0:1:1,FALLTHROUGH,0C:CBA3:0:1:1,V05C-edges.csv
TP07F491,0C:CBA3:0:1:1,FALLTHROUGH,0C:CBA4:0:1:1,V05C-edges.csv
TP07F491,0C:CBA4:0:1:1,FALLTHROUGH,0C:CBA5:0:1:1,V05C-edges.csv
TP07F491,0C:CBA5:0:1:1,FALLTHROUGH,0C:CBA6:0:1:1,V05C-edges.csv
TP07F491,0C:CBA6:0:1:1,FALLTHROUGH,0C:CBA7:0:1:1,V05C-edges.csv
TP07F491,0C:CBA7:0:1:1,FALLTHROUGH_STATUS,0C:CBA9:0:0:0,V05C-edges.csv
TP07F491,0C:CBA9:0:0:0,FALLTHROUGH,0C:CBAC:0:0:0,V05C-edges.csv
TP07F491,0C:CBAC:0:0:0,FALLTHROUGH,0C:CBAD:0:0:0,V05C-edges.csv
TP07F491,0C:CBAD:0:0:0,FALLTHROUGH,0C:CBB0:0:0:0,V05C-edges.csv
TP07F491,0C:CBB0:0:0:0,FALLTHROUGH,0C:CBB3:0:0:0,V05C-edges.csv
TP07F491,0C:CBB3:0:0:0,FALLTHROUGH,0C:CBB6:0:0:0,V05C-edges.csv
TP07F491,0C:CBB6:0:0:0,FALLTHROUGH,0C:CBB9:0:0:0,V05C-edges.csv
TP07F491,0C:CBB9:0:0:0,FALLTHROUGH,0C:CBBC:0:0:0,V05C-edges.csv
TP07F491,0C:CBBC:0:0:0,FALLTHROUGH,0C:CBBF:0:0:0,V05C-edges.csv
TP07F491,0C:CBBF:0:0:0,FALLTHROUGH,0C:CBC0:0:0:0,V05C-edges.csv
TP07F491,0C:CBC0:0:0:0,FALLTHROUGH,0C:CBC3:0:0:0,V05C-edges.csv
TP07F491,0C:CBC3:0:0:0,FALLTHROUGH,0C:CBC4:0:0:0,V05C-edges.csv
TP07F491,0C:CBC4:0:0:0,FALLTHROUGH,0C:CBC6:0:0:0,V05C-edges.csv
TP07F491,0C:CBC6:0:0:0,FALLTHROUGH,0C:CBC7:0:0:0,V05C-edges.csv
TP07F491,0C:CBC7:0:0:0,FALLTHROUGH,0C:CBC8:0:0:0,V05C-edges.csv
TP07F491,0C:CBC8:0:0:0,FALLTHROUGH,0C:CBCB:0:0:0,V05C-edges.csv
TP07F491,0C:CBCB:0:0:0,FALLTHROUGH,0C:CBCE:0:0:0,V05C-edges.csv
TP07F491,0C:CBCE:0:0:0,FALLTHROUGH,0C:CBD1:0:0:0,V05C-edges.csv
TP07F491,0C:CBD1:0:0:0,FALLTHROUGH,0C:CBD4:0:0:0,V05C-edges.csv
TP07F491,0C:CBD4:0:0:0,FALLTHROUGH,0C:CBD7:0:0:0,V05C-edges.csv
TP07F491,0C:CBD7:0:0:0,FALLTHROUGH,0C:CBDA:0:0:0,V05C-edges.csv
TP07F491,0C:CBDA:0:0:0,FALLTHROUGH,0C:CBDB:0:0:0,V05C-edges.csv
TP07F491,0C:CBDB:0:0:0,FALLTHROUGH,0C:CBDE:0:0:0,V05C-edges.csv
TP07F491,0C:CBDE:0:0:0,DIRECT_CALL,04:80A7:0:0:0,V05C-dynamic-proofs.csv
TP07F491,0C:CBE2:0:0:0,FALLTHROUGH,0C:CBE3:0:0:0,V05C-edges.csv
TP07F491,0C:CBE3:0:0:0,FALLTHROUGH,0C:CBE4:0:0:0,V05C-edges.csv
TP07F491,0C:CBE4:0:0:0,FALLTHROUGH,0C:CBE7:0:0:0,V05C-edges.csv
TP07F491,0C:CBE7:0:0:0,FALLTHROUGH,0C:CBE8:0:0:0,V05C-edges.csv
TP07F491,0C:CBE8:0:0:0,FALLTHROUGH,0C:CBEB:0:0:0,V05C-edges.csv
TP07F491,0C:CBEB:0:0:0,FALLTHROUGH,0C:CBED:0:0:0,V05C-edges.csv
TP07F491,0C:CBED:0:0:0,FALLTHROUGH,0C:CBEE:0:0:0,V05C-edges.csv
TP07F491,0C:CBEE:0:0:0,FALLTHROUGH,0C:CBEF:0:0:0,V05C-edges.csv
TP07F491,0C:CBEF:0:0:0,FALLTHROUGH,0C:CBF2:0:0:0,V05C-edges.csv
TP07F491,0C:CBF2:0:0:0,FALLTHROUGH,0C:CBF4:0:0:0,V05C-edges.csv
TP07F491,0C:CBF4:0:0:0,FALLTHROUGH,0C:CBF7:0:0:0,V05C-edges.csv
TP07F491,0C:CBF7:0:0:0,FALLTHROUGH,0C:CBF8:0:0:0,V05C-edges.csv
TP07F491,0C:CBF8:0:0:0,FALLTHROUGH,0C:CBFB:0:0:0,V05C-edges.csv
TP07F491,0C:CBFB:0:0:0,DIRECT_CALL,04:80A7:0:0:0,V05C-dynamic-proofs.csv
TP07F491,0C:CBFF:0:0:0,FALLTHROUGH,0C:CC00:0:0:0,V05C-edges.csv
TP07F491,0C:CC00:0:0:0,FALLTHROUGH,0C:CC03:0:0:0,V05C-edges.csv
TP07F491,0C:CC03:0:0:0,FALLTHROUGH,0C:CC04:0:0:0,V05C-edges.csv
TP07F491,0C:CC04:0:0:0,FALLTHROUGH,0C:CC07:0:0:0,V05C-edges.csv
TP07F491,0C:CC07:0:0:0,FALLTHROUGH,0C:CC08:0:0:0,V05C-edges.csv
TP07F491,0C:CC08:0:0:0,FALLTHROUGH,0C:CC0A:0:0:0,V05C-edges.csv
TP07F491,0C:CC0A:0:0:0,FALLTHROUGH,0C:CC0D:0:0:0,V05C-edges.csv
TP07F491,0C:CC0D:0:0:0,FALLTHROUGH,0C:CC0E:0:0:0,V05C-edges.csv
TP07F491,0C:CC0E:0:0:0,FALLTHROUGH,0C:CC0F:0:0:0,V05C-edges.csv
TP07F491,0C:CC0F:0:0:0,FALLTHROUGH,0C:CC10:0:0:0,V05C-edges.csv
TP07F491,0C:CC10:0:0:0,FALLTHROUGH,0C:CC13:0:0:0,V05C-edges.csv
TP07F491,0C:CC13:0:0:0,FALLTHROUGH,0C:CC16:0:0:0,V05C-edges.csv
TP07F491,0C:CC16:0:0:0,FALLTHROUGH,0C:CC17:0:0:0,V05C-edges.csv
TP07F491,0C:CC17:0:0:0,FALLTHROUGH,0C:CC1A:0:0:0,V05C-edges.csv
TP07F491,0C:CC1A:0:0:0,FALLTHROUGH,0C:CC1B:0:0:0,V05C-edges.csv
TP07F491,0C:CC1B:0:0:0,FALLTHROUGH,0C:CC1D:0:0:0,V05C-edges.csv
TP07F491,0C:CC1D:0:0:0,FALLTHROUGH,0C:CC1E:0:0:0,V05C-edges.csv
TP07F491,0C:CC1E:0:0:0,FALLTHROUGH,0C:CC21:0:0:0,V05C-edges.csv
TP07F491,0C:CC21:0:0:0,FALLTHROUGH,0C:CC24:0:0:0,V05C-edges.csv
TP07F491,0C:CC24:0:0:0,FALLTHROUGH,0C:CC27:0:0:0,V05C-edges.csv
TP07F491,0C:CC27:0:0:0,FALLTHROUGH,0C:CC28:0:0:0,V05C-edges.csv
TP07F491,0C:CC28:0:0:0,FALLTHROUGH,0C:CC2B:0:0:0,V05C-edges.csv
TP07F491,0C:CC2B:0:0:0,DIRECT_CALL,04:80A7:0:0:0,V05C-dynamic-proofs.csv
TP07F491,0C:CC2F:0:0:0,FALLTHROUGH,0C:CC30:0:0:0,V05C-edges.csv
TP07F491,0C:CC30:0:0:0,FALLTHROUGH,0C:CC31:0:0:0,V05C-edges.csv
TP07F491,0C:CC31:0:0:0,FALLTHROUGH,0C:CC34:0:0:0,V05C-edges.csv
TP07F491,0C:CC34:0:0:0,FALLTHROUGH,0C:CC35:0:0:0,V05C-edges.csv
TP07F491,0C:CC35:0:0:0,FALLTHROUGH,0C:CC38:0:0:0,V05C-edges.csv
TP07F491,0C:CC38:0:0:0,FALLTHROUGH,0C:CC3A:0:0:0,V05C-edges.csv
TP07F491,0C:CC3A:0:0:0,FALLTHROUGH,0C:CC3B:0:0:0,V05C-edges.csv
TP07F491,0C:CC3B:0:0:0,FALLTHROUGH,0C:CC3C:0:0:0,V05C-edges.csv
TP07F491,0C:CC3C:0:0:0,FALLTHROUGH,0C:CC3F:0:0:0,V05C-edges.csv
TP07F491,0C:CC3F:0:0:0,FALLTHROUGH,0C:CC41:0:0:0,V05C-edges.csv
TP07F491,0C:CC41:0:0:0,FALLTHROUGH,0C:CC44:0:0:0,V05C-edges.csv
TP07F491,0C:CC44:0:0:0,FALLTHROUGH,0C:CC45:0:0:0,V05C-edges.csv
TP07F491,0C:CC45:0:0:0,FALLTHROUGH,0C:CC48:0:0:0,V05C-edges.csv
TP07F491,0C:CC48:0:0:0,DIRECT_CALL,04:80A7:0:0:0,V05C-dynamic-proofs.csv
TP07F491,0C:CC4C:0:0:0,FALLTHROUGH,0C:CC4D:0:0:0,V05C-edges.csv
TP07F491,0C:CC4D:0:0:0,FALLTHROUGH,0C:CC50:0:0:0,V05C-edges.csv
TP07F491,0C:CC50:0:0:0,FALLTHROUGH,0C:CC51:0:0:0,V05C-edges.csv
TP07F491,0C:CC51:0:0:0,FALLTHROUGH,0C:CC54:0:0:0,V05C-edges.csv
TP07F491,0C:CC54:0:0:0,FALLTHROUGH,0C:CC55:0:0:0,V05C-edges.csv
TP07F491,0C:CC55:0:0:0,FALLTHROUGH,0C:CC57:0:0:0,V05C-edges.csv
TP07F491,0C:CC57:0:0:0,FALLTHROUGH,0C:CC58:0:0:0,V05C-edges.csv
TP07F491,0C:CC58:0:0:0,FALLTHROUGH,0C:CC5B:0:0:0,V05C-edges.csv
TP07F491,0C:CC5B:0:0:0,FALLTHROUGH,0C:CC5C:0:0:0,V05C-edges.csv
TP07F491,0C:CC5C:0:0:0,FALLTHROUGH,0C:CC5F:0:0:0,V05C-edges.csv
TP07F491,0C:CC5F:0:0:0,FALLTHROUGH,0C:CC62:0:0:0,V05C-edges.csv
TP07F491,0C:CC62:0:0:0,FALLTHROUGH,0C:CC65:0:0:0,V05C-edges.csv
TP07F491,0C:CC65:0:0:0,FALLTHROUGH,0C:CC68:0:0:0,V05C-edges.csv
TP07F491,0C:CC68:0:0:0,FALLTHROUGH,0C:CC6B:0:0:0,V05C-edges.csv
TP07F491,0C:CC6B:0:0:0,FALLTHROUGH,0C:CC6E:0:0:0,V05C-edges.csv
TP07F491,0C:CC6E:0:0:0,FALLTHROUGH,0C:CC6F:0:0:0,V05C-edges.csv
TP07F491,0C:CC6F:0:0:0,FALLTHROUGH,0C:CC72:0:0:0,V05C-edges.csv
TP07F491,0C:CC72:0:0:0,FALLTHROUGH,0C:CC73:0:0:0,V05C-edges.csv
TP07F491,0C:CC73:0:0:0,FALLTHROUGH,0C:CC75:0:0:0,V05C-edges.csv
TP07F491,0C:CC75:0:0:0,FALLTHROUGH,0C:CC78:0:0:0,V05C-edges.csv
TP07F491,0C:CC78:0:0:0,FALLTHROUGH,0C:CC79:0:0:0,V05C-edges.csv
TP07F491,0C:CC79:0:0:0,FALLTHROUGH,0C:CC7A:0:0:0,V05C-edges.csv
TP07F491,0C:CC7A:0:0:0,FALLTHROUGH,0C:CC7C:0:0:0,V05C-edges.csv
TP07F491,0C:CC7C:0:0:0,FALLTHROUGH,0C:CC7F:0:0:0,V05C-edges.csv
TP07F491,0C:CC7F:0:0:0,FALLTHROUGH,0C:CC82:0:0:0,V05C-edges.csv
TP07F491,0C:CC82:0:0:0,FALLTHROUGH,0C:CC83:0:0:0,V05C-edges.csv
TP07F491,0C:CC83:0:0:0,FALLTHROUGH,0C:CC86:0:0:0,V05C-edges.csv
TP07F491,0C:CC86:0:0:0,FALLTHROUGH,0C:CC89:0:0:0,V05C-edges.csv
TP07F491,0C:CC89:0:0:0,FALLTHROUGH,0C:CC8C:0:0:0,V05C-edges.csv
TP07F491,0C:CC8C:0:0:0,FALLTHROUGH,0C:CC8F:0:0:0,V05C-edges.csv
TP07F491,0C:CC8F:0:0:0,FALLTHROUGH,0C:CC92:0:0:0,V05C-edges.csv
TP07F491,0C:CC92:0:0:0,FALLTHROUGH,0C:CC95:0:0:0,V05C-edges.csv
TP07F491,0C:CC95:0:0:0,FALLTHROUGH,0C:CC96:0:0:0,V05C-edges.csv
TP07F491,0C:CC96:0:0:0,FALLTHROUGH,0C:CC99:0:0:0,V05C-edges.csv
TP07F491,0C:CC99:0:0:0,FALLTHROUGH,0C:CC9A:0:0:0,V05C-edges.csv
TP07F491,0C:CC9A:0:0:0,FALLTHROUGH,0C:CC9C:0:0:0,V05C-edges.csv
TP07F491,0C:CC9C:0:0:0,FALLTHROUGH,0C:CC9D:0:0:0,V05C-edges.csv
TP07F491,0C:CC9D:0:0:0,FALLTHROUGH,0C:CC9E:0:0:0,V05C-edges.csv
TP07F491,0C:CC9E:0:0:0,FALLTHROUGH,0C:CC9F:0:0:0,V05C-edges.csv
TP07F491,0C:CC9F:0:0:0,FALLTHROUGH,0C:CCA2:0:0:0,V05C-edges.csv
TP07F491,0C:CCA2:0:0:0,FALLTHROUGH,0C:CCA5:0:0:0,V05C-edges.csv
TP07F491,0C:CCA5:0:0:0,FALLTHROUGH,0C:CCA8:0:0:0,V05C-edges.csv
TP07F491,0C:CCA8:0:0:0,FALLTHROUGH,0C:CCAB:0:0:0,V05C-edges.csv
TP07F491,0C:CCAB:0:0:0,FALLTHROUGH,0C:CCAE:0:0:0,V05C-edges.csv
TP07F491,0C:CCAE:0:0:0,FALLTHROUGH,0C:CCB1:0:0:0,V05C-edges.csv
TP07F491,0C:CCB1:0:0:0,FALLTHROUGH,0C:CCB2:0:0:0,V05C-edges.csv
TP07F491,0C:CCB2:0:0:0,FALLTHROUGH,0C:CCB5:0:0:0,V05C-edges.csv
TP07F491,0C:CCB5:0:0:0,FALLTHROUGH,0C:CCB6:0:0:0,V05C-edges.csv
TP07F491,0C:CCB6:0:0:0,FALLTHROUGH,0C:CCB8:0:0:0,V05C-edges.csv
TP07F491,0C:CCB8:0:0:0,FALLTHROUGH,0C:CCB9:0:0:0,V05C-edges.csv
TP07F491,0C:CCB9:0:0:0,FALLTHROUGH,0C:CCBA:0:0:0,V05C-edges.csv
TP07F491,0C:CCBA:0:0:0,FALLTHROUGH,0C:CCBB:0:0:0,V05C-edges.csv
TP07F491,0C:CCBB:0:0:0,FALLTHROUGH,0C:CCBC:0:0:0,V05C-edges.csv
TP07F491,0C:CCBC:0:0:0,FALLTHROUGH,0C:CCBD:0:0:0,V05C-edges.csv
TP07F491,0C:CCBD:0:0:0,FALLTHROUGH,0C:CCBE:0:0:0,V05C-edges.csv
TP07F491,0C:CCBE:0:0:0,FALLTHROUGH,0C:CCC1:0:0:0,V05C-edges.csv
TP07F491,0C:CCC1:0:0:0,FALLTHROUGH,0C:CCC4:0:0:0,V05C-edges.csv
TP07F491,0C:CCC4:0:0:0,FALLTHROUGH,0C:CCC7:0:0:0,V05C-edges.csv
TP07F491,0C:CCC7:0:0:0,FALLTHROUGH,0C:CCCA:0:0:0,V05C-edges.csv
TP07F491,0C:CCCA:0:0:0,FALLTHROUGH,0C:CCCD:0:0:0,V05C-edges.csv
TP07F491,0C:CCCD:0:0:0,FALLTHROUGH,0C:CCD0:0:0:0,V05C-edges.csv
TP07F491,0C:CCD0:0:0:0,FALLTHROUGH,0C:CCD1:0:0:0,V05C-edges.csv
TP07F491,0C:CCD1:0:0:0,FALLTHROUGH,0C:CCD4:0:0:0,V05C-edges.csv
TP07F491,0C:CCD4:0:0:0,FALLTHROUGH,0C:CCD5:0:0:0,V05C-edges.csv
TP07F491,0C:CCD5:0:0:0,FALLTHROUGH,0C:CCD7:0:0:0,V05C-edges.csv
TP07F491,0C:CCD7:0:0:0,FALLTHROUGH,0C:CCD8:0:0:0,V05C-edges.csv
TP07F491,0C:CCD8:0:0:0,FALLTHROUGH,0C:CCD9:0:0:0,V05C-edges.csv
TP07F491,0C:CCD9:0:0:0,FALLTHROUGH,0C:CCDC:0:0:0,V05C-edges.csv
TP07F491,0C:CCDC:0:0:0,FALLTHROUGH,0C:CCDF:0:0:0,V05C-edges.csv
TP07F491,0C:CCDF:0:0:0,FALLTHROUGH,0C:CCE2:0:0:0,V05C-edges.csv
TP07F491,0C:CCE2:0:0:0,FALLTHROUGH,0C:CCE5:0:0:0,V05C-edges.csv
TP07F491,0C:CCE5:0:0:0,FALLTHROUGH,0C:CCE8:0:0:0,V05C-edges.csv
TP07F491,0C:CCE8:0:0:0,FALLTHROUGH,0C:CCEB:0:0:0,V05C-edges.csv
TP07F491,0C:CCEB:0:0:0,FALLTHROUGH,0C:CCEC:0:0:0,V05C-edges.csv
TP07F491,0C:CCEC:0:0:0,FALLTHROUGH,0C:CCEF:0:0:0,V05C-edges.csv
TP07F491,0C:CCEF:0:0:0,FALLTHROUGH,0C:CCF0:0:0:0,V05C-edges.csv
TP07F491,0C:CCF0:0:0:0,FALLTHROUGH,0C:CCF2:0:0:0,V05C-edges.csv
TP07F491,0C:CCF2:0:0:0,FALLTHROUGH,0C:CCF3:0:0:0,V05C-edges.csv
TP07F491,0C:CCF3:0:0:0,FALLTHROUGH,0C:CCF4:0:0:0,V05C-edges.csv
TP07F491,0C:CCF4:0:0:0,FALLTHROUGH,0C:CCF5:0:0:0,V05C-edges.csv
TP07F491,0C:CCF5:0:0:0,FALLTHROUGH,0C:CCF6:0:0:0,V05C-edges.csv
TP07F491,0C:CCF6:0:0:0,FALLTHROUGH,0C:CCF7:0:0:0,V05C-edges.csv
TP07F491,0C:CCF7:0:0:0,FALLTHROUGH,0C:CCF8:0:0:0,V05C-edges.csv
TP07F491,0C:CCF8:0:0:0,FALLTHROUGH,0C:CCF9:0:0:0,V05C-edges.csv
TP07F491,0C:CCF9:0:0:0,FALLTHROUGH,0C:CCFC:0:0:0,V05C-edges.csv
TP07F491,0C:CCFC:0:0:0,FALLTHROUGH,0C:CCFF:0:0:0,V05C-edges.csv
TP07F491,0C:CCFF:0:0:0,FALLTHROUGH,0C:CD00:0:0:0,V05C-edges.csv
TP07F491,0C:CD00:0:0:0,FALLTHROUGH,0C:CD01:0:0:0,V05C-edges.csv
TP07F491,0C:CD01:0:0:0,FALLTHROUGH,0C:CD03:0:0:0,V05C-edges.csv
TP07F491,0C:CD03:0:0:0,FALLTHROUGH,0C:CD06:0:0:0,V05C-edges.csv
TP07F491,0C:CD06:0:0:0,FALLTHROUGH,0C:CD09:0:0:0,V05C-edges.csv
TP07F491,0C:CD09:0:0:0,FALLTHROUGH,0C:CD0C:0:0:0,V05C-edges.csv
TP07F491,0C:CD0C:0:0:0,FALLTHROUGH,0C:CD0D:0:0:0,V05C-edges.csv
TP07F491,0C:CD0D:0:0:0,FALLTHROUGH,0C:CD10:0:0:0,V05C-edges.csv
TP07F491,0C:CD10:0:0:0,DIRECT_CALL,04:80A7:0:0:0,V05C-dynamic-proofs.csv
TP07F491,0C:CD14:0:0:0,FALLTHROUGH,0C:CD15:0:0:0,V05C-edges.csv
TP07F491,0C:CD15:0:0:0,FALLTHROUGH,0C:CD16:0:0:0,V05C-edges.csv
TP07F491,0C:CD16:0:0:0,FALLTHROUGH,0C:CD19:0:0:0,V05C-edges.csv
TP07F491,0C:CD19:0:0:0,FALLTHROUGH,0C:CD1A:0:0:0,V05C-edges.csv
TP07F491,0C:CD1A:0:0:0,FALLTHROUGH,0C:CD1D:0:0:0,V05C-edges.csv
TP07F491,0C:CD1D:0:0:0,FALLTHROUGH,0C:CD1F:0:0:0,V05C-edges.csv
TP07F491,0C:CD1F:0:0:0,FALLTHROUGH,0C:CD20:0:0:0,V05C-edges.csv
TP07F491,0C:CD20:0:0:0,FALLTHROUGH,0C:CD21:0:0:0,V05C-edges.csv
TP07F491,0C:CD21:0:0:0,FALLTHROUGH,0C:CD24:0:0:0,V05C-edges.csv
TP07F491,0C:CD24:0:0:0,FALLTHROUGH,0C:CD26:0:0:0,V05C-edges.csv
TP07F491,0C:CD26:0:0:0,FALLTHROUGH,0C:CD29:0:0:0,V05C-edges.csv
TP07F491,0C:CD29:0:0:0,FALLTHROUGH,0C:CD2A:0:0:0,V05C-edges.csv
TP07F491,0C:CD2A:0:0:0,FALLTHROUGH,0C:CD2D:0:0:0,V05C-edges.csv
TP07F491,0C:CD2D:0:0:0,FALLTHROUGH,0C:CD2E:0:0:0,V05C-edges.csv
TP07F491,0C:CD2E:0:0:0,FALLTHROUGH,0C:CD30:0:0:0,V05C-edges.csv
TP07F491,0C:CD30:0:0:0,FALLTHROUGH,0C:CD33:0:0:0,V05C-edges.csv
TP07F491,0C:CD33:0:0:0,FALLTHROUGH,0C:CD34:0:0:0,V05C-edges.csv
TP07F491,0C:CD34:0:0:0,FALLTHROUGH,0C:CD35:0:0:0,V05C-edges.csv
TP07F491,0C:CD35:0:0:0,FALLTHROUGH,0C:CD37:0:0:0,V05C-edges.csv
TP07F491,0C:CD37:0:0:0,FALLTHROUGH,0C:CD3A:0:0:0,V05C-edges.csv
TP07F491,0C:CD3A:0:0:0,FALLTHROUGH,0C:CD3D:0:0:0,V05C-edges.csv
TP07F491,0C:CD3D:0:0:0,FALLTHROUGH,0C:CD3E:0:0:0,V05C-edges.csv
TP07F491,0C:CD3E:0:0:0,FALLTHROUGH,0C:CD41:0:0:0,V05C-edges.csv
TP07F491,0C:CD41:0:0:0,DIRECT_CALL,04:80A7:0:0:0,V05C-dynamic-proofs.csv
TP07F491,0C:CD45:0:0:0,FALLTHROUGH,0C:CD46:0:0:0,V05C-edges.csv
TP07F491,0C:CD46:0:0:0,FALLTHROUGH,0C:CD47:0:0:0,V05C-edges.csv
TP07F491,0C:CD47:0:0:0,FALLTHROUGH,0C:CD4A:0:0:0,V05C-edges.csv
TP07F491,0C:CD4A:0:0:0,FALLTHROUGH,0C:CD4B:0:0:0,V05C-edges.csv
TP07F491,0C:CD4B:0:0:0,FALLTHROUGH,0C:CD4E:0:0:0,V05C-edges.csv
TP07F491,0C:CD4E:0:0:0,FALLTHROUGH,0C:CD50:0:0:0,V05C-edges.csv
TP07F491,0C:CD50:0:0:0,FALLTHROUGH,0C:CD51:0:0:0,V05C-edges.csv
TP07F491,0C:CD51:0:0:0,FALLTHROUGH,0C:CD52:0:0:0,V05C-edges.csv
TP07F491,0C:CD52:0:0:0,FALLTHROUGH,0C:CD55:0:0:0,V05C-edges.csv
TP07F491,0C:CD55:0:0:0,FALLTHROUGH,0C:CD57:0:0:0,V05C-edges.csv
TP07F491,0C:CD57:0:0:0,FALLTHROUGH_STATUS,0C:CD59:0:0:0,V05C-edges.csv
TP07F491,0C:CD59:0:0:0,FALLTHROUGH,0C:CD5C:0:0:0,V05C-edges.csv
TP07F491,0C:CD5C:0:0:0,BRANCH_ALWAYS,0C:CA40:0:0:0,V05C-edges.csv
TP07F491,0C:CD5F:0:0:0,FALLTHROUGH_STATUS,0C:CD61:0:0:1,V05C-edges.csv
TP07F491,0C:CD61:0:0:1,FALLTHROUGH_STATUS,0C:CD63:0:0:1,V05C-edges.csv
TP07F491,0C:CD63:0:0:1,FALLTHROUGH,0C:CD66:0:0:1,V05C-edges.csv
TP07F491,0C:CD66:0:0:1,FALLTHROUGH,0C:CD69:0:0:1,V05C-edges.csv
TP07F491,0C:CD69:0:0:1,FALLTHROUGH,0C:CD6C:0:0:1,V05C-edges.csv
TP07F491,0C:CD6C:0:0:1,FALLTHROUGH,0C:CD6F:0:0:1,V05C-edges.csv
TP07F491,0C:CD6F:0:0:1,FALLTHROUGH,0C:CD72:0:0:1,V05C-edges.csv
TP07F491,0C:CD72:0:0:1,FALLTHROUGH,0C:CD75:0:0:1,V05C-edges.csv
TP07F491,0C:CD75:0:0:1,DIRECT_CALL,0C:D662:0:0:1,V05C-dynamic-proofs.csv
TP07F491,0C:CD79:0:0:1,FALLTHROUGH_STATUS,0C:CD7B:0:0:1,V05C-edges.csv
TP07F491,0C:CD7B:0:0:1,FALLTHROUGH_STATUS,0C:CD7D:0:0:1,V05C-edges.csv
TP07F491,0C:CD7D:0:0:1,FALLTHROUGH,0C:CD80:0:0:1,V05C-edges.csv
TP07F491,0C:CD80:0:0:1,FALLTHROUGH,0C:CD83:0:0:1,V05C-edges.csv
TP07F491,0C:CD83:0:0:1,FALLTHROUGH,0C:CD86:0:0:1,V05C-edges.csv
TP07F491,0C:CD86:0:0:1,FALLTHROUGH,0C:CD89:0:0:1,V05C-edges.csv
TP07F491,0C:CD89:0:0:1,FALLTHROUGH,0C:CD8C:0:0:1,V05C-edges.csv
TP07F491,0C:CD8C:0:0:1,FALLTHROUGH,0C:CD8F:0:0:1,V05C-edges.csv
TP07F491,0C:CD8F:0:0:1,DIRECT_CALL,0C:D662:0:0:1,V05C-dynamic-proofs.csv
TP07F491,0C:CD93:0:0:1,FALLTHROUGH_STATUS,0C:CD95:0:0:1,V05C-edges.csv
TP07F491,0C:CD95:0:0:1,FALLTHROUGH_STATUS,0C:CD97:0:0:1,V05C-edges.csv
TP07F491,0C:CD97:0:0:1,FALLTHROUGH,0C:CD9A:0:0:1,V05C-edges.csv
TP07F491,0C:CD9A:0:0:1,FALLTHROUGH,0C:CD9D:0:0:1,V05C-edges.csv
TP07F491,0C:CD9D:0:0:1,FALLTHROUGH,0C:CDA0:0:0:1,V05C-edges.csv
TP07F491,0C:CDA0:0:0:1,FALLTHROUGH,0C:CDA3:0:0:1,V05C-edges.csv
TP07F491,0C:CDA3:0:0:1,FALLTHROUGH,0C:CDA6:0:0:1,V05C-edges.csv
TP07F491,0C:CDA6:0:0:1,FALLTHROUGH,0C:CDA9:0:0:1,V05C-edges.csv
TP07F491,0C:CDA9:0:0:1,DIRECT_CALL,0C:D662:0:0:1,V05C-dynamic-proofs.csv
TP07F491,0C:CDAD:0:0:1,FALLTHROUGH_STATUS,0C:CDAF:0:0:1,V05C-edges.csv
TP07F491,0C:CDAF:0:0:1,FALLTHROUGH_STATUS,0C:CDB1:0:0:1,V05C-edges.csv
TP07F491,0C:CDB1:0:0:1,FALLTHROUGH,0C:CDB4:0:0:1,V05C-edges.csv
TP07F491,0C:CDB4:0:0:1,FALLTHROUGH,0C:CDB7:0:0:1,V05C-edges.csv
TP07F491,0C:CDB7:0:0:1,FALLTHROUGH,0C:CDBA:0:0:1,V05C-edges.csv
TP07F491,0C:CDBA:0:0:1,FALLTHROUGH,0C:CDBD:0:0:1,V05C-edges.csv
TP07F491,0C:CDBD:0:0:1,FALLTHROUGH,0C:CDC0:0:0:1,V05C-edges.csv
TP07F491,0C:CDC0:0:0:1,FALLTHROUGH,0C:CDC3:0:0:1,V05C-edges.csv
TP07F491,0C:CDC3:0:0:1,DIRECT_CALL,0C:D662:0:0:1,V05C-dynamic-proofs.csv
TP07F491,0C:CDC7:0:0:1,FALLTHROUGH_STATUS,0C:CDC9:0:0:1,V05C-edges.csv
TP07F491,0C:CDC9:0:0:1,FALLTHROUGH_STATUS,0C:CDCB:0:0:1,V05C-edges.csv
TP07F491,0C:CDCB:0:0:1,FALLTHROUGH,0C:CDCE:0:0:1,V05C-edges.csv
TP07F491,0C:CDCE:0:0:1,FALLTHROUGH,0C:CDD1:0:0:1,V05C-edges.csv
TP07F491,0C:CDD1:0:0:1,FALLTHROUGH,0C:CDD4:0:0:1,V05C-edges.csv
TP07F491,0C:CDD4:0:0:1,FALLTHROUGH,0C:CDD7:0:0:1,V05C-edges.csv
TP07F491,0C:CDD7:0:0:1,FALLTHROUGH,0C:CDDA:0:0:1,V05C-edges.csv
TP07F491,0C:CDDA:0:0:1,FALLTHROUGH,0C:CDDD:0:0:1,V05C-edges.csv
TP07F491,0C:CDDD:0:0:1,DIRECT_CALL,0C:D662:0:0:1,V05C-dynamic-proofs.csv
TP07F491,0C:CDE1:0:0:1,FALLTHROUGH_STATUS,0C:CDE3:0:0:1,V05C-edges.csv
TP07F491,0C:CDE3:0:0:1,FALLTHROUGH_STATUS,0C:CDE5:0:0:1,V05C-edges.csv
TP07F491,0C:CDE5:0:0:1,FALLTHROUGH,0C:CDE8:0:0:1,V05C-edges.csv
TP07F491,0C:CDE8:0:0:1,FALLTHROUGH,0C:CDEB:0:0:1,V05C-edges.csv
TP07F491,0C:CDEB:0:0:1,FALLTHROUGH,0C:CDEE:0:0:1,V05C-edges.csv
TP07F491,0C:CDEE:0:0:1,FALLTHROUGH,0C:CDF1:0:0:1,V05C-edges.csv
TP07F491,0C:CDF1:0:0:1,FALLTHROUGH,0C:CDF4:0:0:1,V05C-edges.csv
TP07F491,0C:CDF4:0:0:1,FALLTHROUGH,0C:CDF7:0:0:1,V05C-edges.csv
TP07F491,0C:CDF7:0:0:1,DIRECT_CALL,0C:D662:0:0:1,V05C-dynamic-proofs.csv
TP07F491,0C:CDFB:0:0:1,FALLTHROUGH_STATUS,0C:CDFD:0:0:0,V05C-edges.csv
TP07F491,0C:CDFD:0:0:0,FALLTHROUGH,0C:CE00:0:0:0,V05C-edges.csv
TP07F491,0C:CE00:0:0:0,FALLTHROUGH,0C:CE03:0:0:0,V05C-edges.csv
TP07F491,0C:CE03:0:0:0,FALLTHROUGH,0C:CE06:0:0:0,V05C-edges.csv
TP07F491,0C:CE06:0:0:0,BRANCH_NOT_TAKEN,0C:CE08:0:0:0,V05C-edges.csv
TP07F491,0C:CE06:0:0:0,BRANCH_TAKEN,0C:CE0B:0:0:0,V05C-edges.csv
TP07F491,0C:CE08:0:0:0,DIRECT_JUMP,0C:CF94:0:0:0,V05C-edges.csv
TP07F491,0C:CE0B:0:0:0,FALLTHROUGH,0C:CE0E:0:0:0,V05C-edges.csv
TP07F491,0C:CE0E:0:0:0,FALLTHROUGH,0C:CE0F:0:0:0,V05C-edges.csv
TP07F491,0C:CE0F:0:0:0,FALLTHROUGH,0C:CE12:0:0:0,V05C-edges.csv
TP07F491,0C:CE12:0:0:0,DIRECT_CALL,04:80A7:0:0:0,V05C-dynamic-proofs.csv
TP07F491,0C:CE16:0:0:0,FALLTHROUGH,0C:CE17:0:0:0,V05C-edges.csv
TP07F491,0C:CE17:0:0:0,FALLTHROUGH,0C:CE18:0:0:0,V05C-edges.csv
TP07F491,0C:CE18:0:0:0,FALLTHROUGH,0C:CE1B:0:0:0,V05C-edges.csv
TP07F491,0C:CE1B:0:0:0,FALLTHROUGH,0C:CE1C:0:0:0,V05C-edges.csv
TP07F491,0C:CE1C:0:0:0,FALLTHROUGH,0C:CE1E:0:0:0,V05C-edges.csv
TP07F491,0C:CE1E:0:0:0,FALLTHROUGH,0C:CE21:0:0:0,V05C-edges.csv
TP07F491,0C:CE21:0:0:0,FALLTHROUGH,0C:CE22:0:0:0,V05C-edges.csv
TP07F491,0C:CE22:0:0:0,FALLTHROUGH,0C:CE23:0:0:0,V05C-edges.csv
TP07F491,0C:CE23:0:0:0,FALLTHROUGH,0C:CE26:0:0:0,V05C-edges.csv
TP07F491,0C:CE26:0:0:0,DIRECT_CALL,04:80A7:0:0:0,V05C-dynamic-proofs.csv
TP07F491,0C:CE2A:0:0:0,FALLTHROUGH,0C:CE2B:0:0:0,V05C-edges.csv
TP07F491,0C:CE2B:0:0:0,FALLTHROUGH,0C:CE2E:0:0:0,V05C-edges.csv
TP07F491,0C:CE2E:0:0:0,FALLTHROUGH,0C:CE2F:0:0:0,V05C-edges.csv
TP07F491,0C:CE2F:0:0:0,FALLTHROUGH,0C:CE32:0:0:0,V05C-edges.csv
TP07F491,0C:CE32:0:0:0,FALLTHROUGH,0C:CE33:0:0:0,V05C-edges.csv
TP07F491,0C:CE33:0:0:0,FALLTHROUGH,0C:CE35:0:0:0,V05C-edges.csv
TP07F491,0C:CE35:0:0:0,FALLTHROUGH,0C:CE36:0:0:0,V05C-edges.csv
TP07F491,0C:CE36:0:0:0,FALLTHROUGH,0C:CE39:0:0:0,V05C-edges.csv
TP07F491,0C:CE39:0:0:0,FALLTHROUGH,0C:CE3B:0:0:0,V05C-edges.csv
TP07F491,0C:CE3B:0:0:0,FALLTHROUGH,0C:CE3E:0:0:0,V05C-edges.csv
TP07F491,0C:CE3E:0:0:0,FALLTHROUGH,0C:CE3F:0:0:0,V05C-edges.csv
TP07F491,0C:CE3F:0:0:0,FALLTHROUGH,0C:CE42:0:0:0,V05C-edges.csv
TP07F491,0C:CE42:0:0:0,FALLTHROUGH,0C:CE43:0:0:0,V05C-edges.csv
TP07F491,0C:CE43:0:0:0,FALLTHROUGH_STATUS,0C:CE45:0:1:0,V05C-edges.csv
TP07F491,0C:CE45:0:1:0,FALLTHROUGH_STATUS,0C:CE47:0:1:0,V05C-edges.csv
TP07F491,0C:CE47:0:1:0,FALLTHROUGH,0C:CE4A:0:1:0,V05C-edges.csv
TP07F491,0C:CE4A:0:1:0,FALLTHROUGH,0C:CE4C:0:1:0,V05C-edges.csv
TP07F491,0C:CE4C:0:1:0,FALLTHROUGH_STATUS,0C:CE4E:0:0:0,V05C-edges.csv
TP07F491,0C:CE4E:0:0:0,FALLTHROUGH,0C:CE51:0:0:0,V05C-edges.csv
TP07F491,0C:CE51:0:0:0,FALLTHROUGH,0C:CE52:0:0:0,V05C-edges.csv
TP07F491,0C:CE52:0:0:0,FALLTHROUGH,0C:CE55:0:0:0,V05C-edges.csv
TP07F491,0C:CE55:0:0:0,DIRECT_CALL,04:80A7:0:0:0,V05C-dynamic-proofs.csv
TP07F491,0C:CE59:0:0:0,FALLTHROUGH,0C:CE5A:0:0:0,V05C-edges.csv
TP07F491,0C:CE5A:0:0:0,FALLTHROUGH,0C:CE5B:0:0:0,V05C-edges.csv
TP07F491,0C:CE5B:0:0:0,FALLTHROUGH,0C:CE5E:0:0:0,V05C-edges.csv
TP07F491,0C:CE5E:0:0:0,FALLTHROUGH,0C:CE5F:0:0:0,V05C-edges.csv
TP07F491,0C:CE5F:0:0:0,FALLTHROUGH,0C:CE61:0:0:0,V05C-edges.csv
TP07F491,0C:CE61:0:0:0,FALLTHROUGH,0C:CE64:0:0:0,V05C-edges.csv
TP07F491,0C:CE64:0:0:0,FALLTHROUGH,0C:CE65:0:0:0,V05C-edges.csv
TP07F491,0C:CE65:0:0:0,FALLTHROUGH,0C:CE66:0:0:0,V05C-edges.csv
TP07F491,0C:CE66:0:0:0,FALLTHROUGH,0C:CE69:0:0:0,V05C-edges.csv
TP07F491,0C:CE69:0:0:0,DIRECT_CALL,04:80A7:0:0:0,V05C-dynamic-proofs.csv
TP07F491,0C:CE6D:0:0:0,FALLTHROUGH,0C:CE6E:0:0:0,V05C-edges.csv
TP07F491,0C:CE6E:0:0:0,FALLTHROUGH,0C:CE6F:0:0:0,V05C-edges.csv
TP07F491,0C:CE6F:0:0:0,FALLTHROUGH,0C:CE72:0:0:0,V05C-edges.csv
TP07F491,0C:CE72:0:0:0,FALLTHROUGH,0C:CE73:0:0:0,V05C-edges.csv
TP07F491,0C:CE73:0:0:0,FALLTHROUGH,0C:CE75:0:0:0,V05C-edges.csv
TP07F491,0C:CE75:0:0:0,FALLTHROUGH,0C:CE76:0:0:0,V05C-edges.csv
TP07F491,0C:CE76:0:0:0,FALLTHROUGH,0C:CE79:0:0:0,V05C-edges.csv
TP07F491,0C:CE79:0:0:0,FALLTHROUGH,0C:CE7B:0:0:0,V05C-edges.csv
TP07F491,0C:CE7B:0:0:0,FALLTHROUGH,0C:CE7E:0:0:0,V05C-edges.csv
TP07F491,0C:CE7E:0:0:0,FALLTHROUGH,0C:CE7F:0:0:0,V05C-edges.csv
TP07F491,0C:CE7F:0:0:0,FALLTHROUGH,0C:CE82:0:0:0,V05C-edges.csv
TP07F491,0C:CE82:0:0:0,FALLTHROUGH,0C:CE83:0:0:0,V05C-edges.csv
TP07F491,0C:CE83:0:0:0,FALLTHROUGH_STATUS,0C:CE85:0:1:0,V05C-edges.csv
TP07F491,0C:CE85:0:1:0,FALLTHROUGH_STATUS,0C:CE87:0:1:0,V05C-edges.csv
TP07F491,0C:CE87:0:1:0,FALLTHROUGH,0C:CE8A:0:1:0,V05C-edges.csv
TP07F491,0C:CE8A:0:1:0,FALLTHROUGH,0C:CE8C:0:1:0,V05C-edges.csv
TP07F491,0C:CE8C:0:1:0,FALLTHROUGH_STATUS,0C:CE8E:0:0:0,V05C-edges.csv
TP07F491,0C:CE8E:0:0:0,FALLTHROUGH,0C:CE91:0:0:0,V05C-edges.csv
TP07F491,0C:CE91:0:0:0,FALLTHROUGH,0C:CE92:0:0:0,V05C-edges.csv
TP07F491,0C:CE92:0:0:0,FALLTHROUGH,0C:CE95:0:0:0,V05C-edges.csv
TP07F491,0C:CE95:0:0:0,DIRECT_CALL,04:80A7:0:0:0,V05C-dynamic-proofs.csv
TP07F491,0C:CE99:0:0:0,FALLTHROUGH,0C:CE9A:0:0:0,V05C-edges.csv
TP07F491,0C:CE9A:0:0:0,FALLTHROUGH,0C:CE9B:0:0:0,V05C-edges.csv
TP07F491,0C:CE9B:0:0:0,FALLTHROUGH,0C:CE9E:0:0:0,V05C-edges.csv
TP07F491,0C:CE9E:0:0:0,FALLTHROUGH,0C:CE9F:0:0:0,V05C-edges.csv
TP07F491,0C:CE9F:0:0:0,FALLTHROUGH,0C:CEA1:0:0:0,V05C-edges.csv
TP07F491,0C:CEA1:0:0:0,FALLTHROUGH,0C:CEA4:0:0:0,V05C-edges.csv
TP07F491,0C:CEA4:0:0:0,FALLTHROUGH,0C:CEA5:0:0:0,V05C-edges.csv
TP07F491,0C:CEA5:0:0:0,FALLTHROUGH,0C:CEA6:0:0:0,V05C-edges.csv
TP07F491,0C:CEA6:0:0:0,FALLTHROUGH,0C:CEA9:0:0:0,V05C-edges.csv
TP07F491,0C:CEA9:0:0:0,DIRECT_CALL,04:80A7:0:0:0,V05C-dynamic-proofs.csv
TP07F491,0C:CEAD:0:0:0,FALLTHROUGH,0C:CEAE:0:0:0,V05C-edges.csv
TP07F491,0C:CEAE:0:0:0,FALLTHROUGH,0C:CEAF:0:0:0,V05C-edges.csv
TP07F491,0C:CEAF:0:0:0,FALLTHROUGH,0C:CEB2:0:0:0,V05C-edges.csv
TP07F491,0C:CEB2:0:0:0,FALLTHROUGH,0C:CEB3:0:0:0,V05C-edges.csv
TP07F491,0C:CEB3:0:0:0,FALLTHROUGH,0C:CEB5:0:0:0,V05C-edges.csv
TP07F491,0C:CEB5:0:0:0,FALLTHROUGH,0C:CEB6:0:0:0,V05C-edges.csv
TP07F491,0C:CEB6:0:0:0,FALLTHROUGH,0C:CEB9:0:0:0,V05C-edges.csv
TP07F491,0C:CEB9:0:0:0,FALLTHROUGH,0C:CEBB:0:0:0,V05C-edges.csv
TP07F491,0C:CEBB:0:0:0,FALLTHROUGH,0C:CEBE:0:0:0,V05C-edges.csv
TP07F491,0C:CEBE:0:0:0,FALLTHROUGH,0C:CEBF:0:0:0,V05C-edges.csv
TP07F491,0C:CEBF:0:0:0,FALLTHROUGH,0C:CEC2:0:0:0,V05C-edges.csv
TP07F491,0C:CEC2:0:0:0,FALLTHROUGH,0C:CEC3:0:0:0,V05C-edges.csv
TP07F491,0C:CEC3:0:0:0,FALLTHROUGH_STATUS,0C:CEC5:0:1:0,V05C-edges.csv
TP07F491,0C:CEC5:0:1:0,FALLTHROUGH_STATUS,0C:CEC7:0:1:0,V05C-edges.csv
TP07F491,0C:CEC7:0:1:0,FALLTHROUGH,0C:CECA:0:1:0,V05C-edges.csv
TP07F491,0C:CECA:0:1:0,FALLTHROUGH,0C:CECC:0:1:0,V05C-edges.csv
TP07F491,0C:CECC:0:1:0,FALLTHROUGH_STATUS,0C:CECE:0:0:0,V05C-edges.csv
TP07F491,0C:CECE:0:0:0,FALLTHROUGH,0C:CED1:0:0:0,V05C-edges.csv
TP07F491,0C:CED1:0:0:0,FALLTHROUGH,0C:CED2:0:0:0,V05C-edges.csv
TP07F491,0C:CED2:0:0:0,FALLTHROUGH,0C:CED5:0:0:0,V05C-edges.csv
TP07F491,0C:CED5:0:0:0,DIRECT_CALL,04:80A7:0:0:0,V05C-dynamic-proofs.csv
TP07F491,0C:CED9:0:0:0,FALLTHROUGH,0C:CEDA:0:0:0,V05C-edges.csv
TP07F491,0C:CEDA:0:0:0,FALLTHROUGH,0C:CEDB:0:0:0,V05C-edges.csv
TP07F491,0C:CEDB:0:0:0,FALLTHROUGH,0C:CEDE:0:0:0,V05C-edges.csv
TP07F491,0C:CEDE:0:0:0,FALLTHROUGH,0C:CEDF:0:0:0,V05C-edges.csv
TP07F491,0C:CEDF:0:0:0,FALLTHROUGH,0C:CEE1:0:0:0,V05C-edges.csv
TP07F491,0C:CEE1:0:0:0,FALLTHROUGH,0C:CEE4:0:0:0,V05C-edges.csv
TP07F491,0C:CEE4:0:0:0,FALLTHROUGH,0C:CEE5:0:0:0,V05C-edges.csv
TP07F491,0C:CEE5:0:0:0,FALLTHROUGH,0C:CEE6:0:0:0,V05C-edges.csv
TP07F491,0C:CEE6:0:0:0,FALLTHROUGH,0C:CEE9:0:0:0,V05C-edges.csv
TP07F491,0C:CEE9:0:0:0,DIRECT_CALL,04:80A7:0:0:0,V05C-dynamic-proofs.csv
TP07F491,0C:CEED:0:0:0,FALLTHROUGH,0C:CEEE:0:0:0,V05C-edges.csv
TP07F491,0C:CEEE:0:0:0,FALLTHROUGH,0C:CEEF:0:0:0,V05C-edges.csv
TP07F491,0C:CEEF:0:0:0,FALLTHROUGH,0C:CEF2:0:0:0,V05C-edges.csv
TP07F491,0C:CEF2:0:0:0,FALLTHROUGH,0C:CEF3:0:0:0,V05C-edges.csv
TP07F491,0C:CEF3:0:0:0,FALLTHROUGH,0C:CEF5:0:0:0,V05C-edges.csv
TP07F491,0C:CEF5:0:0:0,FALLTHROUGH,0C:CEF6:0:0:0,V05C-edges.csv
TP07F491,0C:CEF6:0:0:0,FALLTHROUGH,0C:CEF9:0:0:0,V05C-edges.csv
TP07F491,0C:CEF9:0:0:0,FALLTHROUGH,0C:CEFB:0:0:0,V05C-edges.csv
TP07F491,0C:CEFB:0:0:0,FALLTHROUGH,0C:CEFE:0:0:0,V05C-edges.csv
TP07F491,0C:CEFE:0:0:0,FALLTHROUGH,0C:CEFF:0:0:0,V05C-edges.csv
TP07F491,0C:CEFF:0:0:0,FALLTHROUGH,0C:CF02:0:0:0,V05C-edges.csv
TP07F491,0C:CF02:0:0:0,FALLTHROUGH,0C:CF03:0:0:0,V05C-edges.csv
TP07F491,0C:CF03:0:0:0,FALLTHROUGH_STATUS,0C:CF05:0:1:0,V05C-edges.csv
TP07F491,0C:CF05:0:1:0,FALLTHROUGH_STATUS,0C:CF07:0:1:0,V05C-edges.csv
TP07F491,0C:CF07:0:1:0,FALLTHROUGH,0C:CF0A:0:1:0,V05C-edges.csv
TP07F491,0C:CF0A:0:1:0,FALLTHROUGH,0C:CF0C:0:1:0,V05C-edges.csv
TP07F491,0C:CF0C:0:1:0,FALLTHROUGH_STATUS,0C:CF0E:0:0:0,V05C-edges.csv
TP07F491,0C:CF0E:0:0:0,FALLTHROUGH,0C:CF11:0:0:0,V05C-edges.csv
TP07F491,0C:CF11:0:0:0,FALLTHROUGH,0C:CF12:0:0:0,V05C-edges.csv
TP07F491,0C:CF12:0:0:0,FALLTHROUGH,0C:CF15:0:0:0,V05C-edges.csv
TP07F491,0C:CF15:0:0:0,DIRECT_CALL,04:80A7:0:0:0,V05C-dynamic-proofs.csv
TP07F491,0C:CF19:0:0:0,FALLTHROUGH,0C:CF1A:0:0:0,V05C-edges.csv
TP07F491,0C:CF1A:0:0:0,FALLTHROUGH,0C:CF1B:0:0:0,V05C-edges.csv
TP07F491,0C:CF1B:0:0:0,FALLTHROUGH,0C:CF1E:0:0:0,V05C-edges.csv
TP07F491,0C:CF1E:0:0:0,FALLTHROUGH,0C:CF1F:0:0:0,V05C-edges.csv
TP07F491,0C:CF1F:0:0:0,FALLTHROUGH,0C:CF21:0:0:0,V05C-edges.csv
TP07F491,0C:CF21:0:0:0,FALLTHROUGH,0C:CF24:0:0:0,V05C-edges.csv
TP07F491,0C:CF24:0:0:0,FALLTHROUGH,0C:CF25:0:0:0,V05C-edges.csv
TP07F491,0C:CF25:0:0:0,FALLTHROUGH,0C:CF26:0:0:0,V05C-edges.csv
TP07F491,0C:CF26:0:0:0,FALLTHROUGH,0C:CF29:0:0:0,V05C-edges.csv
TP07F491,0C:CF29:0:0:0,DIRECT_CALL,04:80A7:0:0:0,V05C-dynamic-proofs.csv
TP07F491,0C:CF2D:0:0:0,FALLTHROUGH,0C:CF2E:0:0:0,V05C-edges.csv
TP07F491,0C:CF2E:0:0:0,FALLTHROUGH,0C:CF2F:0:0:0,V05C-edges.csv
TP07F491,0C:CF2F:0:0:0,FALLTHROUGH,0C:CF32:0:0:0,V05C-edges.csv
TP07F491,0C:CF32:0:0:0,FALLTHROUGH,0C:CF33:0:0:0,V05C-edges.csv
TP07F491,0C:CF33:0:0:0,FALLTHROUGH,0C:CF35:0:0:0,V05C-edges.csv
TP07F491,0C:CF35:0:0:0,FALLTHROUGH,0C:CF36:0:0:0,V05C-edges.csv
TP07F491,0C:CF36:0:0:0,FALLTHROUGH,0C:CF39:0:0:0,V05C-edges.csv
TP07F491,0C:CF39:0:0:0,FALLTHROUGH,0C:CF3B:0:0:0,V05C-edges.csv
TP07F491,0C:CF3B:0:0:0,FALLTHROUGH,0C:CF3E:0:0:0,V05C-edges.csv
TP07F491,0C:CF3E:0:0:0,FALLTHROUGH,0C:CF3F:0:0:0,V05C-edges.csv
TP07F491,0C:CF3F:0:0:0,FALLTHROUGH,0C:CF42:0:0:0,V05C-edges.csv
TP07F491,0C:CF42:0:0:0,FALLTHROUGH,0C:CF43:0:0:0,V05C-edges.csv
TP07F491,0C:CF43:0:0:0,FALLTHROUGH_STATUS,0C:CF45:0:1:0,V05C-edges.csv
TP07F491,0C:CF45:0:1:0,FALLTHROUGH_STATUS,0C:CF47:0:1:0,V05C-edges.csv
TP07F491,0C:CF47:0:1:0,FALLTHROUGH,0C:CF4A:0:1:0,V05C-edges.csv
TP07F491,0C:CF4A:0:1:0,FALLTHROUGH,0C:CF4C:0:1:0,V05C-edges.csv
TP07F491,0C:CF4C:0:1:0,FALLTHROUGH_STATUS,0C:CF4E:0:0:0,V05C-edges.csv
TP07F491,0C:CF4E:0:0:0,FALLTHROUGH,0C:CF51:0:0:0,V05C-edges.csv
TP07F491,0C:CF51:0:0:0,FALLTHROUGH,0C:CF52:0:0:0,V05C-edges.csv
TP07F491,0C:CF52:0:0:0,FALLTHROUGH,0C:CF55:0:0:0,V05C-edges.csv
TP07F491,0C:CF55:0:0:0,DIRECT_CALL,04:80A7:0:0:0,V05C-dynamic-proofs.csv
TP07F491,0C:CF59:0:0:0,FALLTHROUGH,0C:CF5A:0:0:0,V05C-edges.csv
TP07F491,0C:CF5A:0:0:0,FALLTHROUGH,0C:CF5B:0:0:0,V05C-edges.csv
TP07F491,0C:CF5B:0:0:0,FALLTHROUGH,0C:CF5E:0:0:0,V05C-edges.csv
TP07F491,0C:CF5E:0:0:0,FALLTHROUGH,0C:CF5F:0:0:0,V05C-edges.csv
TP07F491,0C:CF5F:0:0:0,FALLTHROUGH,0C:CF61:0:0:0,V05C-edges.csv
TP07F491,0C:CF61:0:0:0,FALLTHROUGH,0C:CF64:0:0:0,V05C-edges.csv
TP07F491,0C:CF64:0:0:0,FALLTHROUGH,0C:CF65:0:0:0,V05C-edges.csv
TP07F491,0C:CF65:0:0:0,FALLTHROUGH,0C:CF66:0:0:0,V05C-edges.csv
TP07F491,0C:CF66:0:0:0,FALLTHROUGH,0C:CF69:0:0:0,V05C-edges.csv
TP07F491,0C:CF69:0:0:0,DIRECT_CALL,04:80A7:0:0:0,V05C-dynamic-proofs.csv
TP07F491,0C:CF6D:0:0:0,FALLTHROUGH,0C:CF6E:0:0:0,V05C-edges.csv
TP07F491,0C:CF6E:0:0:0,FALLTHROUGH,0C:CF6F:0:0:0,V05C-edges.csv
TP07F491,0C:CF6F:0:0:0,FALLTHROUGH,0C:CF72:0:0:0,V05C-edges.csv
TP07F491,0C:CF72:0:0:0,FALLTHROUGH,0C:CF73:0:0:0,V05C-edges.csv
TP07F491,0C:CF73:0:0:0,FALLTHROUGH,0C:CF75:0:0:0,V05C-edges.csv
TP07F491,0C:CF75:0:0:0,FALLTHROUGH,0C:CF76:0:0:0,V05C-edges.csv
TP07F491,0C:CF76:0:0:0,FALLTHROUGH,0C:CF79:0:0:0,V05C-edges.csv
TP07F491,0C:CF79:0:0:0,FALLTHROUGH,0C:CF7B:0:0:0,V05C-edges.csv
TP07F491,0C:CF7B:0:0:0,FALLTHROUGH,0C:CF7E:0:0:0,V05C-edges.csv
TP07F491,0C:CF7E:0:0:0,FALLTHROUGH,0C:CF7F:0:0:0,V05C-edges.csv
TP07F491,0C:CF7F:0:0:0,FALLTHROUGH,0C:CF82:0:0:0,V05C-edges.csv
TP07F491,0C:CF82:0:0:0,FALLTHROUGH,0C:CF83:0:0:0,V05C-edges.csv
TP07F491,0C:CF83:0:0:0,FALLTHROUGH_STATUS,0C:CF85:0:1:0,V05C-edges.csv
TP07F491,0C:CF85:0:1:0,FALLTHROUGH_STATUS,0C:CF87:0:1:0,V05C-edges.csv
TP07F491,0C:CF87:0:1:0,FALLTHROUGH,0C:CF8A:0:1:0,V05C-edges.csv
TP07F491,0C:CF8A:0:1:0,FALLTHROUGH,0C:CF8C:0:1:0,V05C-edges.csv
TP07F491,0C:CF8C:0:1:0,FALLTHROUGH_STATUS,0C:CF8E:0:0:0,V05C-edges.csv
TP07F491,0C:CF8E:0:0:0,FALLTHROUGH,0C:CF91:0:0:0,V05C-edges.csv
TP07F491,0C:CF91:0:0:0,BRANCH_ALWAYS,0C:CE00:0:0:0,V05C-edges.csv
TP07F491,0C:CF94:0:0:0,BRANCH_ALWAYS,0C:D0BA:0:0:0,V05C-edges.csv
TP07F491,0C:CF97:0:1:1,FALLTHROUGH_STATUS,0C:CF99:0:0:0,V05C-edges.csv
TP07F491,0C:CF99:0:0:0,FALLTHROUGH,0C:CF9C:0:0:0,V05C-edges.csv
TP07F491,0C:CF9C:0:0:0,FALLTHROUGH,0C:CF9F:0:0:0,V05C-edges.csv
TP07F491,0C:CF9F:0:0:0,DIRECT_CALL,0C:E183:0:0:0,V05C-dynamic-proofs.csv
TP07F491,0C:CFA3:0:1:0,FALLTHROUGH_STATUS,0C:CFA5:0:1:1,V05C-edges.csv
TP07F491,0C:CFA5:0:1:1,FALLTHROUGH_STATUS,0C:CFA7:0:0:1,V05C-edges.csv
TP07F491,0C:CFA7:0:0:1,FALLTHROUGH,0C:CFAA:0:0:1,V05C-edges.csv
TP07F491,0C:CFAA:0:0:1,FALLTHROUGH,0C:CFAC:0:0:1,V05C-edges.csv
TP07F491,0C:CFAC:0:0:1,DIRECT_CALL,07:8268:0:0:1,V05C-dynamic-proofs.csv
TP07F491,0C:CFB0:0:0:1,FALLTHROUGH_STATUS,0C:CFB2:0:0:1,V05C-edges.csv
TP07F491,0C:CFB2:0:0:1,FALLTHROUGH_STATUS,0C:CFB4:0:0:1,V05C-edges.csv
TP07F491,0C:CFB4:0:0:1,FALLTHROUGH,0C:CFB7:0:0:1,V05C-edges.csv
TP07F491,0C:CFB7:0:0:1,FALLTHROUGH,0C:CFBA:0:0:1,V05C-edges.csv
TP07F491,0C:CFBA:0:0:1,FALLTHROUGH,0C:CFBC:0:0:1,V05C-edges.csv
TP07F491,0C:CFBC:0:0:1,FALLTHROUGH,0C:CFBF:0:0:1,V05C-edges.csv
TP07F491,0C:CFBF:0:0:1,FALLTHROUGH,0C:CFC2:0:0:1,V05C-edges.csv
TP07F491,0C:CFC2:0:0:1,FALLTHROUGH,0C:CFC5:0:0:1,V05C-edges.csv
TP07F491,0C:CFC5:0:0:1,FALLTHROUGH,0C:CFC7:0:0:1,V05C-edges.csv
TP07F491,0C:CFC7:0:0:1,FALLTHROUGH,0C:CFCA:0:0:1,V05C-edges.csv
TP07F491,0C:CFCA:0:0:1,DIRECT_CALL,0C:E1FC:0:0:1,V05C-dynamic-proofs.csv
TP07F491,0C:CFCE:0:0:1,FALLTHROUGH_STATUS,0C:CFD0:0:0:1,V05C-edges.csv
TP07F491,0C:CFD0:0:0:1,FALLTHROUGH_STATUS,0C:CFD2:0:0:1,V05C-edges.csv
TP07F491,0C:CFD2:0:0:1,FALLTHROUGH,0C:CFD5:0:0:1,V05C-edges.csv
TP07F491,0C:CFD5:0:0:1,FALLTHROUGH,0C:CFD8:0:0:1,V05C-edges.csv
TP07F491,0C:CFD8:0:0:1,FALLTHROUGH,0C:CFDB:0:0:1,V05C-edges.csv
TP07F491,0C:CFDB:0:0:1,FALLTHROUGH,0C:CFDE:0:0:1,V05C-edges.csv
TP07F491,0C:CFDE:0:0:1,FALLTHROUGH,0C:CFE1:0:0:1,V05C-edges.csv
TP07F491,0C:CFE1:0:0:1,FALLTHROUGH,0C:CFE4:0:0:1,V05C-edges.csv
TP07F491,0C:CFE4:0:0:1,FALLTHROUGH,0C:CFE7:0:0:1,V05C-edges.csv
TP07F491,0C:CFE7:0:0:1,FALLTHROUGH,0C:CFEA:0:0:1,V05C-edges.csv
TP07F491,0C:CFEA:0:0:1,FALLTHROUGH,0C:CFED:0:0:1,V05C-edges.csv
TP07F491,0C:CFED:0:0:1,FALLTHROUGH,0C:CFF0:0:0:1,V05C-edges.csv
TP07F491,0C:CFF0:0:0:1,DIRECT_CALL,0C:D79D:0:0:1,V05C-dynamic-proofs.csv
TP07F491,0C:CFF4:0:0:1,FALLTHROUGH_STATUS,0C:CFF6:0:0:1,V05C-edges.csv
TP07F491,0C:CFF6:0:0:1,FALLTHROUGH_STATUS,0C:CFF8:0:0:1,V05C-edges.csv
TP07F491,0C:CFF8:0:0:1,FALLTHROUGH,0C:CFFB:0:0:1,V05C-edges.csv
TP07F491,0C:CFFB:0:0:1,FALLTHROUGH,0C:CFFE:0:0:1,V05C-edges.csv
TP07F491,0C:CFFE:0:0:1,FALLTHROUGH,0C:D001:0:0:1,V05C-edges.csv
TP07F491,0C:D001:0:0:1,FALLTHROUGH,0C:D004:0:0:1,V05C-edges.csv
TP07F491,0C:D004:0:0:1,FALLTHROUGH,0C:D007:0:0:1,V05C-edges.csv
TP07F491,0C:D007:0:0:1,FALLTHROUGH,0C:D00A:0:0:1,V05C-edges.csv
TP07F491,0C:D00A:0:0:1,FALLTHROUGH,0C:D00D:0:0:1,V05C-edges.csv
TP07F491,0C:D00D:0:0:1,FALLTHROUGH,0C:D010:0:0:1,V05C-edges.csv
TP07F491,0C:D010:0:0:1,FALLTHROUGH,0C:D013:0:0:1,V05C-edges.csv
TP07F491,0C:D013:0:0:1,FALLTHROUGH,0C:D016:0:0:1,V05C-edges.csv
TP07F491,0C:D016:0:0:1,DIRECT_CALL,0C:D79D:0:0:1,V05C-dynamic-proofs.csv
TP07F491,0C:D01A:0:0:1,FALLTHROUGH_STATUS,0C:D01C:0:0:1,V05C-edges.csv
TP07F491,0C:D01C:0:0:1,FALLTHROUGH_STATUS,0C:D01E:0:0:1,V05C-edges.csv
TP07F491,0C:D01E:0:0:1,FALLTHROUGH,0C:D021:0:0:1,V05C-edges.csv
TP07F491,0C:D021:0:0:1,FALLTHROUGH,0C:D024:0:0:1,V05C-edges.csv
TP07F491,0C:D024:0:0:1,FALLTHROUGH,0C:D027:0:0:1,V05C-edges.csv
TP07F491,0C:D027:0:0:1,FALLTHROUGH,0C:D02A:0:0:1,V05C-edges.csv
TP07F491,0C:D02A:0:0:1,FALLTHROUGH,0C:D02D:0:0:1,V05C-edges.csv
TP07F491,0C:D02D:0:0:1,FALLTHROUGH,0C:D030:0:0:1,V05C-edges.csv
TP07F491,0C:D030:0:0:1,FALLTHROUGH,0C:D033:0:0:1,V05C-edges.csv
TP07F491,0C:D033:0:0:1,FALLTHROUGH,0C:D036:0:0:1,V05C-edges.csv
TP07F491,0C:D036:0:0:1,FALLTHROUGH,0C:D039:0:0:1,V05C-edges.csv
TP07F491,0C:D039:0:0:1,FALLTHROUGH,0C:D03C:0:0:1,V05C-edges.csv
TP07F491,0C:D03C:0:0:1,DIRECT_CALL,0C:D79D:0:0:1,V05C-dynamic-proofs.csv
TP07F491,0C:D040:0:0:1,FALLTHROUGH_STATUS,0C:D042:0:0:1,V05C-edges.csv
TP07F491,0C:D042:0:0:1,FALLTHROUGH_STATUS,0C:D044:0:0:1,V05C-edges.csv
TP07F491,0C:D044:0:0:1,FALLTHROUGH,0C:D047:0:0:1,V05C-edges.csv
TP07F491,0C:D047:0:0:1,FALLTHROUGH,0C:D04A:0:0:1,V05C-edges.csv
TP07F491,0C:D04A:0:0:1,FALLTHROUGH,0C:D04D:0:0:1,V05C-edges.csv
TP07F491,0C:D04D:0:0:1,FALLTHROUGH,0C:D050:0:0:1,V05C-edges.csv
TP07F491,0C:D050:0:0:1,FALLTHROUGH,0C:D053:0:0:1,V05C-edges.csv
TP07F491,0C:D053:0:0:1,FALLTHROUGH,0C:D056:0:0:1,V05C-edges.csv
TP07F491,0C:D056:0:0:1,FALLTHROUGH,0C:D059:0:0:1,V05C-edges.csv
TP07F491,0C:D059:0:0:1,FALLTHROUGH,0C:D05C:0:0:1,V05C-edges.csv
TP07F491,0C:D05C:0:0:1,FALLTHROUGH,0C:D05F:0:0:1,V05C-edges.csv
TP07F491,0C:D05F:0:0:1,FALLTHROUGH,0C:D062:0:0:1,V05C-edges.csv
TP07F491,0C:D062:0:0:1,DIRECT_CALL,0C:D79D:0:0:1,V05C-dynamic-proofs.csv
TP07F491,0C:D066:0:0:1,FALLTHROUGH_STATUS,0C:D068:0:0:1,V05C-edges.csv
TP07F491,0C:D068:0:0:1,FALLTHROUGH_STATUS,0C:D06A:0:0:1,V05C-edges.csv
TP07F491,0C:D06A:0:0:1,FALLTHROUGH,0C:D06D:0:0:1,V05C-edges.csv
TP07F491,0C:D06D:0:0:1,FALLTHROUGH,0C:D070:0:0:1,V05C-edges.csv
TP07F491,0C:D070:0:0:1,FALLTHROUGH,0C:D073:0:0:1,V05C-edges.csv
TP07F491,0C:D073:0:0:1,FALLTHROUGH,0C:D076:0:0:1,V05C-edges.csv
TP07F491,0C:D076:0:0:1,FALLTHROUGH,0C:D079:0:0:1,V05C-edges.csv
TP07F491,0C:D079:0:0:1,FALLTHROUGH,0C:D07C:0:0:1,V05C-edges.csv
TP07F491,0C:D07C:0:0:1,FALLTHROUGH,0C:D07F:0:0:1,V05C-edges.csv
TP07F491,0C:D07F:0:0:1,FALLTHROUGH,0C:D082:0:0:1,V05C-edges.csv
TP07F491,0C:D082:0:0:1,FALLTHROUGH,0C:D085:0:0:1,V05C-edges.csv
TP07F491,0C:D085:0:0:1,FALLTHROUGH,0C:D088:0:0:1,V05C-edges.csv
TP07F491,0C:D088:0:0:1,DIRECT_CALL,0C:D79D:0:0:1,V05C-dynamic-proofs.csv
TP07F491,0C:D08C:0:0:1,FALLTHROUGH_STATUS,0C:D08E:0:0:1,V05C-edges.csv
TP07F491,0C:D08E:0:0:1,FALLTHROUGH_STATUS,0C:D090:0:0:1,V05C-edges.csv
TP07F491,0C:D090:0:0:1,FALLTHROUGH,0C:D093:0:0:1,V05C-edges.csv
TP07F491,0C:D093:0:0:1,FALLTHROUGH,0C:D096:0:0:1,V05C-edges.csv
TP07F491,0C:D096:0:0:1,FALLTHROUGH,0C:D099:0:0:1,V05C-edges.csv
TP07F491,0C:D099:0:0:1,FALLTHROUGH,0C:D09C:0:0:1,V05C-edges.csv
TP07F491,0C:D09C:0:0:1,FALLTHROUGH,0C:D09F:0:0:1,V05C-edges.csv
TP07F491,0C:D09F:0:0:1,FALLTHROUGH,0C:D0A2:0:0:1,V05C-edges.csv
TP07F491,0C:D0A2:0:0:1,FALLTHROUGH,0C:D0A5:0:0:1,V05C-edges.csv
TP07F491,0C:D0A5:0:0:1,FALLTHROUGH,0C:D0A8:0:0:1,V05C-edges.csv
TP07F491,0C:D0A8:0:0:1,FALLTHROUGH,0C:D0AB:0:0:1,V05C-edges.csv
TP07F491,0C:D0AB:0:0:1,FALLTHROUGH,0C:D0AE:0:0:1,V05C-edges.csv
TP07F491,0C:D0AE:0:0:1,DIRECT_CALL,0C:D79D:0:0:1,V05C-dynamic-proofs.csv
TP07F491,0C:D0B2:0:0:1,FALLTHROUGH_STATUS,0C:D0B4:0:1:1,V05C-edges.csv
TP07F491,0C:D0B4:0:1:1,FALLTHROUGH,0C:D0B7:0:1:1,V05C-edges.csv
TP07F491,0C:D0B7:0:1:1,BRANCH_ALWAYS,0C:D361:0:1:1,V05C-edges.csv
TP07F491,0C:D0BA:0:0:0,FALLTHROUGH_STATUS,0C:D0BC:0:0:0,V05C-edges.csv
TP07F491,0C:D0BC:0:0:0,DIRECT_CALL,0C:E183:0:0:0,V05C-dynamic-proofs.csv
TP07F491,0C:D0C0:0:1:0,FALLTHROUGH_STATUS,0C:D0C2:0:1:1,V05C-edges.csv
TP07F491,0C:D0C2:0:1:1,FALLTHROUGH_STATUS,0C:D0C4:0:0:1,V05C-edges.csv
TP07F491,0C:D0C4:0:0:1,FALLTHROUGH,0C:D0C7:0:0:1,V05C-edges.csv
TP07F491,0C:D0C7:0:0:1,FALLTHROUGH,0C:D0CA:0:0:1,V05C-edges.csv
TP07F491,0C:D0CA:0:0:1,FALLTHROUGH,0C:D0CC:0:0:1,V05C-edges.csv
TP07F491,0C:D0CC:0:0:1,FALLTHROUGH,0C:D0CF:0:0:1,V05C-edges.csv
TP07F491,0C:D0CF:0:0:1,FALLTHROUGH,0C:D0D2:0:0:1,V05C-edges.csv
TP07F491,0C:D0D2:0:0:1,FALLTHROUGH,0C:D0D5:0:0:1,V05C-edges.csv
TP07F491,0C:D0D5:0:0:1,FALLTHROUGH,0C:D0D7:0:0:1,V05C-edges.csv
TP07F491,0C:D0D7:0:0:1,FALLTHROUGH,0C:D0DA:0:0:1,V05C-edges.csv
TP07F491,0C:D0DA:0:0:1,DIRECT_CALL,0C:E1FC:0:0:1,V05C-dynamic-proofs.csv
TP07F491,0C:D0DE:0:0:1,FALLTHROUGH_STATUS,0C:D0E0:0:0:0,V05C-edges.csv
TP07F491,0C:D0E0:0:0:0,FALLTHROUGH,0C:D0E3:0:0:0,V05C-edges.csv
TP07F491,0C:D0E3:0:0:0,FALLTHROUGH,0C:D0E6:0:0:0,V05C-edges.csv
TP07F491,0C:D0E6:0:0:0,FALLTHROUGH,0C:D0E9:0:0:0,V05C-edges.csv
TP07F491,0C:D0E9:0:0:0,BRANCH_NOT_TAKEN,0C:D0EB:0:0:0,V05C-edges.csv
TP07F491,0C:D0E9:0:0:0,BRANCH_TAKEN,0C:D0EE:0:0:0,V05C-edges.csv
TP07F491,0C:D0EB:0:0:0,DIRECT_JUMP,0C:D145:0:0:0,V05C-edges.csv
TP07F491,0C:D0EE:0:0:0,FALLTHROUGH,0C:D0F1:0:0:0,V05C-edges.csv
TP07F491,0C:D0F1:0:0:0,FALLTHROUGH,0C:D0F2:0:0:0,V05C-edges.csv
TP07F491,0C:D0F2:0:0:0,FALLTHROUGH,0C:D0F5:0:0:0,V05C-edges.csv
TP07F491,0C:D0F5:0:0:0,DIRECT_CALL,04:80A7:0:0:0,V05C-dynamic-proofs.csv
TP07F491,0C:D0F9:0:0:0,FALLTHROUGH,0C:D0FA:0:0:0,V05C-edges.csv
TP07F491,0C:D0FA:0:0:0,FALLTHROUGH,0C:D0FD:0:0:0,V05C-edges.csv
TP07F491,0C:D0FD:0:0:0,FALLTHROUGH,0C:D0FE:0:0:0,V05C-edges.csv
TP07F491,0C:D0FE:0:0:0,FALLTHROUGH,0C:D101:0:0:0,V05C-edges.csv
TP07F491,0C:D101:0:0:0,FALLTHROUGH,0C:D102:0:0:0,V05C-edges.csv
TP07F491,0C:D102:0:0:0,FALLTHROUGH_STATUS,0C:D104:0:1:0,V05C-edges.csv
TP07F491,0C:D104:0:1:0,FALLTHROUGH_STATUS,0C:D106:0:1:0,V05C-edges.csv
TP07F491,0C:D106:0:1:0,FALLTHROUGH,0C:D109:0:1:0,V05C-edges.csv
TP07F491,0C:D109:0:1:0,FALLTHROUGH,0C:D10B:0:1:0,V05C-edges.csv
TP07F491,0C:D10B:0:1:0,FALLTHROUGH_STATUS,0C:D10D:0:0:0,V05C-edges.csv
TP07F491,0C:D10D:0:0:0,FALLTHROUGH,0C:D110:0:0:0,V05C-edges.csv
TP07F491,0C:D110:0:0:0,FALLTHROUGH,0C:D111:0:0:0,V05C-edges.csv
TP07F491,0C:D111:0:0:0,FALLTHROUGH,0C:D114:0:0:0,V05C-edges.csv
TP07F491,0C:D114:0:0:0,DIRECT_CALL,04:80A7:0:0:0,V05C-dynamic-proofs.csv
TP07F491,0C:D118:0:0:0,FALLTHROUGH,0C:D119:0:0:0,V05C-edges.csv
TP07F491,0C:D119:0:0:0,FALLTHROUGH,0C:D11A:0:0:0,V05C-edges.csv
TP07F491,0C:D11A:0:0:0,FALLTHROUGH,0C:D11D:0:0:0,V05C-edges.csv
TP07F491,0C:D11D:0:0:0,FALLTHROUGH,0C:D11E:0:0:0,V05C-edges.csv
TP07F491,0C:D11E:0:0:0,FALLTHROUGH,0C:D120:0:0:0,V05C-edges.csv
TP07F491,0C:D120:0:0:0,FALLTHROUGH,0C:D123:0:0:0,V05C-edges.csv
TP07F491,0C:D123:0:0:0,FALLTHROUGH,0C:D124:0:0:0,V05C-edges.csv
TP07F491,0C:D124:0:0:0,FALLTHROUGH,0C:D127:0:0:0,V05C-edges.csv
TP07F491,0C:D127:0:0:0,FALLTHROUGH,0C:D12A:0:0:0,V05C-edges.csv
TP07F491,0C:D12A:0:0:0,FALLTHROUGH,0C:D12B:0:0:0,V05C-edges.csv
TP07F491,0C:D12B:0:0:0,FALLTHROUGH,0C:D12E:0:0:0,V05C-edges.csv
TP07F491,0C:D12E:0:0:0,FALLTHROUGH,0C:D12F:0:0:0,V05C-edges.csv
TP07F491,0C:D12F:0:0:0,FALLTHROUGH,0C:D132:0:0:0,V05C-edges.csv
TP07F491,0C:D132:0:0:0,FALLTHROUGH,0C:D134:0:0:0,V05C-edges.csv
TP07F491,0C:D134:0:0:0,BRANCH_NOT_TAKEN,0C:D136:0:0:0,V05C-edges.csv
TP07F491,0C:D134:0:0:0,BRANCH_TAKEN,0C:D139:0:0:0,V05C-edges.csv
TP07F491,0C:D136:0:0:0,FALLTHROUGH,0C:D139:0:0:0,V05C-edges.csv
TP07F491,0C:D139:0:0:0,FALLTHROUGH,0C:D13A:0:0:0,V05C-edges.csv
TP07F491,0C:D13A:0:0:0,FALLTHROUGH,0C:D13B:0:0:0,V05C-edges.csv
TP07F491,0C:D13B:0:0:0,FALLTHROUGH,0C:D13D:0:0:0,V05C-edges.csv
TP07F491,0C:D13D:0:0:0,FALLTHROUGH_STATUS,0C:D13F:0:0:0,V05C-edges.csv
TP07F491,0C:D13F:0:0:0,FALLTHROUGH,0C:D142:0:0:0,V05C-edges.csv
TP07F491,0C:D142:0:0:0,BRANCH_ALWAYS,0C:D0E3:0:0:0,V05C-edges.csv
TP07F491,0C:D145:0:0:0,FALLTHROUGH_STATUS,0C:D147:0:0:1,V05C-edges.csv
TP07F491,0C:D147:0:0:1,FALLTHROUGH_STATUS,0C:D149:0:0:1,V05C-edges.csv
TP07F491,0C:D149:0:0:1,FALLTHROUGH,0C:D14C:0:0:1,V05C-edges.csv
TP07F491,0C:D14C:0:0:1,FALLTHROUGH,0C:D14F:0:0:1,V05C-edges.csv
TP07F491,0C:D14F:0:0:1,FALLTHROUGH,0C:D152:0:0:1,V05C-edges.csv
TP07F491,0C:D152:0:0:1,FALLTHROUGH,0C:D155:0:0:1,V05C-edges.csv
TP07F491,0C:D155:0:0:1,FALLTHROUGH,0C:D158:0:0:1,V05C-edges.csv
TP07F491,0C:D158:0:0:1,FALLTHROUGH,0C:D15B:0:0:1,V05C-edges.csv
TP07F491,0C:D15B:0:0:1,DIRECT_CALL,0C:D662:0:0:1,V05C-dynamic-proofs.csv
TP07F491,0C:D15F:0:0:1,FALLTHROUGH_STATUS,0C:D161:0:0:1,V05C-edges.csv
TP07F491,0C:D161:0:0:1,FALLTHROUGH_STATUS,0C:D163:0:0:1,V05C-edges.csv
TP07F491,0C:D163:0:0:1,FALLTHROUGH,0C:D165:0:0:1,V05C-edges.csv
TP07F491,0C:D165:0:0:1,FALLTHROUGH,0C:D168:0:0:1,V05C-edges.csv
TP07F491,0C:D168:0:0:1,FALLTHROUGH,0C:D16B:0:0:1,V05C-edges.csv
TP07F491,0C:D16B:0:0:1,FALLTHROUGH,0C:D16E:0:0:1,V05C-edges.csv
TP07F491,0C:D16E:0:0:1,FALLTHROUGH,0C:D171:0:0:1,V05C-edges.csv
TP07F491,0C:D171:0:0:1,FALLTHROUGH,0C:D173:0:0:1,V05C-edges.csv
TP07F491,0C:D173:0:0:1,FALLTHROUGH,0C:D176:0:0:1,V05C-edges.csv
TP07F491,0C:D176:0:0:1,FALLTHROUGH_STATUS,0C:D178:0:0:1,V05C-edges.csv
TP07F491,0C:D178:0:0:1,FALLTHROUGH_STATUS,0C:D17A:0:0:1,V05C-edges.csv
TP07F491,0C:D17A:0:0:1,FALLTHROUGH,0C:D17D:0:0:1,V05C-edges.csv
TP07F491,0C:D17D:0:0:1,FALLTHROUGH,0C:D180:0:0:1,V05C-edges.csv
TP07F491,0C:D180:0:0:1,FALLTHROUGH,0C:D183:0:0:1,V05C-edges.csv
TP07F491,0C:D183:0:0:1,FALLTHROUGH,0C:D186:0:0:1,V05C-edges.csv
TP07F491,0C:D186:0:0:1,FALLTHROUGH,0C:D189:0:0:1,V05C-edges.csv
TP07F491,0C:D189:0:0:1,FALLTHROUGH,0C:D18C:0:0:1,V05C-edges.csv
TP07F491,0C:D18C:0:0:1,DIRECT_CALL,06:A33C:0:0:1,V05C-dynamic-proofs.csv
TP07F491,0C:D190:0:0:0,FALLTHROUGH_STATUS,0C:D192:0:0:0,V05C-edges.csv
TP07F491,0C:D192:0:0:0,FALLTHROUGH,0C:D195:0:0:0,V05C-edges.csv
TP07F491,0C:D195:0:0:0,FALLTHROUGH,0C:D198:0:0:0,V05C-edges.csv
TP07F491,0C:D198:0:0:0,FALLTHROUGH,0C:D19B:0:0:0,V05C-edges.csv
TP07F491,0C:D19B:0:0:0,FALLTHROUGH,0C:D19E:0:0:0,V05C-edges.csv
TP07F491,0C:D19E:0:0:0,FALLTHROUGH,0C:D1A1:0:0:0,V05C-edges.csv
TP07F491,0C:D1A1:0:0:0,FALLTHROUGH,0C:D1A4:0:0:0,V05C-edges.csv
TP07F491,0C:D1A4:0:0:0,FALLTHROUGH,0C:D1A7:0:0:0,V05C-edges.csv
TP07F491,0C:D1A7:0:0:0,DIRECT_CALL,07:F87E:0:0:0,V05C-dynamic-proofs.csv
TP07F491,0C:D1AB:0:0:0,FALLTHROUGH_STATUS,0C:D1AD:0:0:0,V05C-edges.csv
TP07F491,0C:D1AD:0:0:0,FALLTHROUGH,0C:D1B0:0:0:0,V05C-edges.csv
TP07F491,0C:D1B0:0:0:0,FALLTHROUGH,0C:D1B1:0:0:0,V05C-edges.csv
TP07F491,0C:D1B1:0:0:0,FALLTHROUGH,0C:D1B4:0:0:0,V05C-edges.csv
TP07F491,0C:D1B4:0:0:0,FALLTHROUGH,0C:D1B7:0:0:0,V05C-edges.csv
TP07F491,0C:D1B7:0:0:0,DIRECT_CALL,06:A4CD:0:0:0,V05C-dynamic-proofs.csv
TP07F491,0C:D1BB:0:0:1,FALLTHROUGH_STATUS,0C:D1BD:0:1:1,V05C-edges.csv
TP07F491,0C:D1BD:0:1:1,FALLTHROUGH,0C:D1C0:0:1:1,V05C-edges.csv
TP07F491,0C:D1C0:0:1:1,BRANCH_NOT_TAKEN,0C:D1C2:0:1:1,V05C-edges.csv
TP07F491,0C:D1C0:0:1:1,BRANCH_TAKEN,0C:D1C9:0:1:1,V05C-edges.csv
TP07F491,0C:D1C2:0:1:1,FALLTHROUGH_STATUS,0C:D1C4:0:0:0,V05C-edges.csv
TP07F491,0C:D1C4:0:0:0,FALLTHROUGH,0C:D1C7:0:0:0,V05C-edges.csv
TP07F491,0C:D1C7:0:0:0,BRANCH_ALWAYS,0C:D1CE:0:0:0,V05C-edges.csv
TP07F491,0C:D1C9:0:1:1,FALLTHROUGH_STATUS,0C:D1CB:0:0:0,V05C-edges.csv
TP07F491,0C:D1CB:0:0:0,FALLTHROUGH,0C:D1CE:0:0:0,V05C-edges.csv
TP07F491,0C:D1CE:0:0:0,FALLTHROUGH,0C:D1D1:0:0:0,V05C-edges.csv
TP07F491,0C:D1D1:0:0:0,FALLTHROUGH,0C:D1D4:0:0:0,V05C-edges.csv
TP07F491,0C:D1D4:0:0:0,FALLTHROUGH,0C:D1D7:0:0:0,V05C-edges.csv
TP07F491,0C:D1D7:0:0:0,FALLTHROUGH,0C:D1DA:0:0:0,V05C-edges.csv
TP07F491,0C:D1DA:0:0:0,FALLTHROUGH,0C:D1DB:0:0:0,V05C-edges.csv
TP07F491,0C:D1DB:0:0:0,FALLTHROUGH,0C:D1DE:0:0:0,V05C-edges.csv
TP07F491,0C:D1DE:0:0:0,FALLTHROUGH,0C:D1E1:0:0:0,V05C-edges.csv
TP07F491,0C:D1E1:0:0:0,FALLTHROUGH,0C:D1E4:0:0:0,V05C-edges.csv
TP07F491,0C:D1E4:0:0:0,FALLTHROUGH,0C:D1E7:0:0:0,V05C-edges.csv
TP07F491,0C:D1E7:0:0:0,DIRECT_CALL,06:A33C:0:0:0,V05C-dynamic-proofs.csv
TP07F491,0C:D1EB:0:0:0,FALLTHROUGH_STATUS,0C:D1ED:0:0:0,V05C-edges.csv
TP07F491,0C:D1ED:0:0:0,FALLTHROUGH,0C:D1F0:0:0:0,V05C-edges.csv
TP07F491,0C:D1F0:0:0:0,FALLTHROUGH,0C:D1F1:0:0:0,V05C-edges.csv
TP07F491,0C:D1F1:0:0:0,FALLTHROUGH,0C:D1F4:0:0:0,V05C-edges.csv
TP07F491,0C:D1F4:0:0:0,FALLTHROUGH,0C:D1F5:0:0:0,V05C-edges.csv
TP07F491,0C:D1F5:0:0:0,FALLTHROUGH_STATUS,0C:D1F7:0:0:1,V05C-edges.csv
TP07F491,0C:D1F7:0:0:1,FALLTHROUGH_STATUS,0C:D1F9:0:0:1,V05C-edges.csv
TP07F491,0C:D1F9:0:0:1,FALLTHROUGH,0C:D1FC:0:0:1,V05C-edges.csv
TP07F491,0C:D1FC:0:0:1,FALLTHROUGH,0C:D1FF:0:0:1,V05C-edges.csv
TP07F491,0C:D1FF:0:0:1,FALLTHROUGH,0C:D202:0:0:1,V05C-edges.csv
TP07F491,0C:D202:0:0:1,FALLTHROUGH,0C:D205:0:0:1,V05C-edges.csv
TP07F491,0C:D205:0:0:1,FALLTHROUGH_STATUS,0C:D207:0:0:0,V05C-edges.csv
TP07F491,0C:D207:0:0:0,FALLTHROUGH,0C:D20A:0:0:0,V05C-edges.csv
TP07F491,0C:D20A:0:0:0,FALLTHROUGH,0C:D20B:0:0:0,V05C-edges.csv
TP07F491,0C:D20B:0:0:0,FALLTHROUGH,0C:D20E:0:0:0,V05C-edges.csv
TP07F491,0C:D20E:0:0:0,DIRECT_CALL,04:80A7:0:0:0,V05C-dynamic-proofs.csv
TP07F491,0C:D212:0:0:0,FALLTHROUGH,0C:D213:0:0:0,V05C-edges.csv
TP07F491,0C:D213:0:0:0,FALLTHROUGH,0C:D214:0:0:0,V05C-edges.csv
TP07F491,0C:D214:0:0:0,FALLTHROUGH,0C:D217:0:0:0,V05C-edges.csv
TP07F491,0C:D217:0:0:0,FALLTHROUGH,0C:D218:0:0:0,V05C-edges.csv
TP07F491,0C:D218:0:0:0,FALLTHROUGH,0C:D21A:0:0:0,V05C-edges.csv
TP07F491,0C:D21A:0:0:0,FALLTHROUGH,0C:D21D:0:0:0,V05C-edges.csv
TP07F491,0C:D21D:0:0:0,FALLTHROUGH,0C:D21E:0:0:0,V05C-edges.csv
TP07F491,0C:D21E:0:0:0,FALLTHROUGH,0C:D21F:0:0:0,V05C-edges.csv
TP07F491,0C:D21F:0:0:0,FALLTHROUGH_STATUS,0C:D221:0:0:1,V05C-edges.csv
TP07F491,0C:D221:0:0:1,FALLTHROUGH_STATUS,0C:D223:0:0:1,V05C-edges.csv
TP07F491,0C:D223:0:0:1,BRANCH_NOT_TAKEN,0C:D225:0:0:1,V05C-edges.csv
TP07F491,0C:D223:0:0:1,BRANCH_TAKEN,0C:D232:0:0:1,V05C-edges.csv
TP07F491,0C:D225:0:0:1,FALLTHROUGH,0C:D228:0:0:1,V05C-edges.csv
TP07F491,0C:D228:0:0:1,FALLTHROUGH,0C:D22B:0:0:1,V05C-edges.csv
TP07F491,0C:D22B:0:0:1,FALLTHROUGH,0C:D22E:0:0:1,V05C-edges.csv
TP07F491,0C:D22E:0:0:1,FALLTHROUGH,0C:D230:0:0:1,V05C-edges.csv
TP07F491,0C:D230:0:0:1,BRANCH_ALWAYS,0C:D24D:0:0:1,V05C-edges.csv
TP07F491,0C:D232:0:0:1,FALLTHROUGH,0C:D235:0:0:1,V05C-edges.csv
TP07F491,0C:D235:0:0:1,FALLTHROUGH,0C:D238:0:0:1,V05C-edges.csv
TP07F491,0C:D238:0:0:1,FALLTHROUGH,0C:D23B:0:0:1,V05C-edges.csv
TP07F491,0C:D23B:0:0:1,FALLTHROUGH,0C:D23E:0:0:1,V05C-edges.csv
TP07F491,0C:D23E:0:0:1,FALLTHROUGH_STATUS,0C:D240:0:0:1,V05C-edges.csv
TP07F491,0C:D240:0:0:1,FALLTHROUGH_STATUS,0C:D242:0:0:1,V05C-edges.csv
TP07F491,0C:D242:0:0:1,FALLTHROUGH,0C:D245:0:0:1,V05C-edges.csv
TP07F491,0C:D245:0:0:1,FALLTHROUGH,0C:D248:0:0:1,V05C-edges.csv
TP07F491,0C:D248:0:0:1,FALLTHROUGH,0C:D24A:0:0:1,V05C-edges.csv
TP07F491,0C:D24A:0:0:1,FALLTHROUGH,0C:D24D:0:0:1,V05C-edges.csv
TP07F491,0C:D24D:0:0:1,FALLTHROUGH,0C:D250:0:0:1,V05C-edges.csv
TP07F491,0C:D250:0:0:1,FALLTHROUGH,0C:D253:0:0:1,V05C-edges.csv
TP07F491,0C:D253:0:0:1,FALLTHROUGH,0C:D256:0:0:1,V05C-edges.csv
TP07F491,0C:D256:0:0:1,FALLTHROUGH,0C:D259:0:0:1,V05C-edges.csv
TP07F491,0C:D259:0:0:1,FALLTHROUGH,0C:D25C:0:0:1,V05C-edges.csv
TP07F491,0C:D25C:0:0:1,FALLTHROUGH,0C:D25F:0:0:1,V05C-edges.csv
TP07F491,0C:D25F:0:0:1,FALLTHROUGH_STATUS,0C:D261:0:0:0,V05C-edges.csv
TP07F491,0C:D261:0:0:0,FALLTHROUGH,0C:D264:0:0:0,V05C-edges.csv
TP07F491,0C:D264:0:0:0,FALLTHROUGH,0C:D265:0:0:0,V05C-edges.csv
TP07F491,0C:D265:0:0:0,DIRECT_CALL,06:A34A:0:0:0,V05C-dynamic-proofs.csv
TP07F491,0C:D269:0:0:0,FALLTHROUGH_STATUS,0C:D26B:0:0:0,V05C-edges.csv
TP07F491,0C:D26B:0:0:0,FALLTHROUGH,0C:D26C:0:0:0,V05C-edges.csv
TP07F491,0C:D26C:0:0:0,FALLTHROUGH,0C:D26F:0:0:0,V05C-edges.csv
TP07F491,0C:D26F:0:0:0,FALLTHROUGH_STATUS,0C:D271:0:0:1,V05C-edges.csv
TP07F491,0C:D271:0:0:1,FALLTHROUGH_STATUS,0C:D273:0:0:1,V05C-edges.csv
TP07F491,0C:D273:0:0:1,FALLTHROUGH,0C:D276:0:0:1,V05C-edges.csv
TP07F491,0C:D276:0:0:1,FALLTHROUGH,0C:D277:0:0:1,V05C-edges.csv
TP07F491,0C:D277:0:0:1,FALLTHROUGH,0C:D278:0:0:1,V05C-edges.csv
TP07F491,0C:D278:0:0:1,FALLTHROUGH,0C:D27B:0:0:1,V05C-edges.csv
TP07F491,0C:D27B:0:0:1,FALLTHROUGH,0C:D27E:0:0:1,V05C-edges.csv
TP07F491,0C:D27E:0:0:1,FALLTHROUGH,0C:D280:0:0:1,V05C-edges.csv
TP07F491,0C:D280:0:0:1,FALLTHROUGH,0C:D283:0:0:1,V05C-edges.csv
TP07F491,0C:D283:0:0:1,FALLTHROUGH,0C:D285:0:0:1,V05C-edges.csv
TP07F491,0C:D285:0:0:1,FALLTHROUGH,0C:D288:0:0:1,V05C-edges.csv
TP07F491,0C:D288:0:0:1,FALLTHROUGH_STATUS,0C:D28A:0:0:1,V05C-edges.csv
TP07F491,0C:D28A:0:0:1,FALLTHROUGH_STATUS,0C:D28C:0:0:1,V05C-edges.csv
TP07F491,0C:D28C:0:0:1,FALLTHROUGH,0C:D28E:0:0:1,V05C-edges.csv
TP07F491,0C:D28E:0:0:1,FALLTHROUGH,0C:D291:0:0:1,V05C-edges.csv
TP07F491,0C:D291:0:0:1,FALLTHROUGH,0C:D294:0:0:1,V05C-edges.csv
TP07F491,0C:D294:0:0:1,FALLTHROUGH,0C:D297:0:0:1,V05C-edges.csv
TP07F491,0C:D297:0:0:1,FALLTHROUGH,0C:D29A:0:0:1,V05C-edges.csv
TP07F491,0C:D29A:0:0:1,FALLTHROUGH,0C:D29D:0:0:1,V05C-edges.csv
TP07F491,0C:D29D:0:0:1,FALLTHROUGH,0C:D2A0:0:0:1,V05C-edges.csv
TP07F491,0C:D2A0:0:0:1,FALLTHROUGH,0C:D2A3:0:0:1,V05C-edges.csv
TP07F491,0C:D2A3:0:0:1,DIRECT_CALL,06:A34A:0:0:1,V05C-dynamic-proofs.csv
TP07F491,0C:D2A7:0:0:0,FALLTHROUGH_STATUS,0C:D2A9:0:0:1,V05C-edges.csv
TP07F491,0C:D2A9:0:0:1,FALLTHROUGH_STATUS,0C:D2AB:0:0:1,V05C-edges.csv
TP07F491,0C:D2AB:0:0:1,FALLTHROUGH,0C:D2AE:0:0:1,V05C-edges.csv
TP07F491,0C:D2AE:0:0:1,FALLTHROUGH,0C:D2B1:0:0:1,V05C-edges.csv
TP07F491,0C:D2B1:0:0:1,FALLTHROUGH,0C:D2B4:0:0:1,V05C-edges.csv
TP07F491,0C:D2B4:0:0:1,BRANCH_NOT_TAKEN,0C:D2B6:0:0:1,V05C-edges.csv
TP07F491,0C:D2B4:0:0:1,BRANCH_TAKEN,0C:D2B9:0:0:1,V05C-edges.csv
TP07F491,0C:D2B6:0:0:1,BRANCH_ALWAYS,0C:D205:0:0:1,V05C-edges.csv
TP07F491,0C:D2B9:0:0:1,FALLTHROUGH_STATUS,0C:D2BB:0:0:1,V05C-edges.csv
TP07F491,0C:D2BB:0:0:1,FALLTHROUGH_STATUS,0C:D2BD:0:0:1,V05C-edges.csv
TP07F491,0C:D2BD:0:0:1,FALLTHROUGH,0C:D2C0:0:0:1,V05C-edges.csv
TP07F491,0C:D2C0:0:0:1,FALLTHROUGH,0C:D2C3:0:0:1,V05C-edges.csv
TP07F491,0C:D2C3:0:0:1,FALLTHROUGH_STATUS,0C:D2C5:0:0:0,V05C-edges.csv
TP07F491,0C:D2C5:0:0:0,FALLTHROUGH,0C:D2C8:0:0:0,V05C-edges.csv
TP07F491,0C:D2C8:0:0:0,FALLTHROUGH,0C:D2C9:0:0:0,V05C-edges.csv
TP07F491,0C:D2C9:0:0:0,FALLTHROUGH,0C:D2CC:0:0:0,V05C-edges.csv
TP07F491,0C:D2CC:0:0:0,DIRECT_CALL,04:80A7:0:0:0,V05C-dynamic-proofs.csv
TP07F491,0C:D2D0:0:0:0,FALLTHROUGH,0C:D2D1:0:0:0,V05C-edges.csv
TP07F491,0C:D2D1:0:0:0,FALLTHROUGH,0C:D2D2:0:0:0,V05C-edges.csv
TP07F491,0C:D2D2:0:0:0,FALLTHROUGH,0C:D2D5:0:0:0,V05C-edges.csv
TP07F491,0C:D2D5:0:0:0,FALLTHROUGH,0C:D2D6:0:0:0,V05C-edges.csv
TP07F491,0C:D2D6:0:0:0,FALLTHROUGH,0C:D2D8:0:0:0,V05C-edges.csv
TP07F491,0C:D2D8:0:0:0,FALLTHROUGH,0C:D2DB:0:0:0,V05C-edges.csv
TP07F491,0C:D2DB:0:0:0,BRANCH_NOT_TAKEN,0C:D2DD:0:0:0,V05C-edges.csv
TP07F491,0C:D2DB:0:0:0,BRANCH_TAKEN,0C:D345:0:0:0,V05C-edges.csv
TP07F491,0C:D2DD:0:0:0,FALLTHROUGH_STATUS,0C:D2DF:0:0:1,V05C-edges.csv
TP07F491,0C:D2DF:0:0:1,FALLTHROUGH_STATUS,0C:D2E1:0:0:1,V05C-edges.csv
TP07F491,0C:D2E1:0:0:1,FALLTHROUGH,0C:D2E4:0:0:1,V05C-edges.csv
TP07F491,0C:D2E4:0:0:1,FALLTHROUGH,0C:D2E6:0:0:1,V05C-edges.csv
TP07F491,0C:D2E6:0:0:1,FALLTHROUGH,0C:D2E9:0:0:1,V05C-edges.csv
TP07F491,0C:D2E9:0:0:1,FALLTHROUGH,0C:D2EC:0:0:1,V05C-edges.csv
TP07F491,0C:D2EC:0:0:1,FALLTHROUGH,0C:D2EF:0:0:1,V05C-edges.csv
TP07F491,0C:D2EF:0:0:1,FALLTHROUGH,0C:D2F2:0:0:1,V05C-edges.csv
TP07F491,0C:D2F2:0:0:1,FALLTHROUGH,0C:D2F5:0:0:1,V05C-edges.csv
TP07F491,0C:D2F5:0:0:1,FALLTHROUGH,0C:D2F8:0:0:1,V05C-edges.csv
TP07F491,0C:D2F8:0:0:1,FALLTHROUGH,0C:D2FB:0:0:1,V05C-edges.csv
TP07F491,0C:D2FB:0:0:1,FALLTHROUGH,0C:D2FE:0:0:1,V05C-edges.csv
TP07F491,0C:D2FE:0:0:1,DIRECT_CALL,06:A34A:0:0:1,V05C-dynamic-proofs.csv
TP07F491,0C:D302:0:0:0,FALLTHROUGH_STATUS,0C:D304:0:0:0,V05C-edges.csv
TP07F491,0C:D304:0:0:0,FALLTHROUGH,0C:D307:0:0:0,V05C-edges.csv
TP07F491,0C:D307:0:0:0,FALLTHROUGH,0C:D30A:0:0:0,V05C-edges.csv
TP07F491,0C:D30A:0:0:0,FALLTHROUGH,0C:D30E:0:0:0,V05C-edges.csv
TP07F491,0C:D30E:0:0:0,FALLTHROUGH,0C:D30F:0:0:0,V05C-edges.csv
TP07F491,0C:D30F:0:0:0,FALLTHROUGH,0C:D310:0:0:0,V05C-edges.csv
TP07F491,0C:D310:0:0:0,FALLTHROUGH_STATUS,0C:D312:0:0:1,V05C-edges.csv
TP07F491,0C:D312:0:0:1,FALLTHROUGH_STATUS,0C:D314:0:0:1,V05C-edges.csv
TP07F491,0C:D314:0:0:1,FALLTHROUGH,0C:D317:0:0:1,V05C-edges.csv
TP07F491,0C:D317:0:0:1,FALLTHROUGH,0C:D31A:0:0:1,V05C-edges.csv
TP07F491,0C:D31A:0:0:1,FALLTHROUGH,0C:D31C:0:0:1,V05C-edges.csv
TP07F491,0C:D31C:0:0:1,FALLTHROUGH,0C:D31F:0:0:1,V05C-edges.csv
TP07F491,0C:D31F:0:0:1,FALLTHROUGH,0C:D321:0:0:1,V05C-edges.csv
TP07F491,0C:D321:0:0:1,FALLTHROUGH,0C:D324:0:0:1,V05C-edges.csv
TP07F491,0C:D324:0:0:1,FALLTHROUGH_STATUS,0C:D326:0:0:1,V05C-edges.csv
TP07F491,0C:D326:0:0:1,FALLTHROUGH_STATUS,0C:D328:0:0:1,V05C-edges.csv
TP07F491,0C:D328:0:0:1,FALLTHROUGH,0C:D32A:0:0:1,V05C-edges.csv
TP07F491,0C:D32A:0:0:1,FALLTHROUGH,0C:D32D:0:0:1,V05C-edges.csv
TP07F491,0C:D32D:0:0:1,FALLTHROUGH,0C:D330:0:0:1,V05C-edges.csv
TP07F491,0C:D330:0:0:1,FALLTHROUGH,0C:D333:0:0:1,V05C-edges.csv
TP07F491,0C:D333:0:0:1,FALLTHROUGH,0C:D336:0:0:1,V05C-edges.csv
TP07F491,0C:D336:0:0:1,FALLTHROUGH,0C:D339:0:0:1,V05C-edges.csv
TP07F491,0C:D339:0:0:1,FALLTHROUGH,0C:D33C:0:0:1,V05C-edges.csv
TP07F491,0C:D33C:0:0:1,FALLTHROUGH,0C:D33F:0:0:1,V05C-edges.csv
TP07F491,0C:D33F:0:0:1,DIRECT_CALL,06:A34A:0:0:1,V05C-dynamic-proofs.csv
TP07F491,0C:D343:0:0:0,BRANCH_ALWAYS,0C:D357:0:0:0,V05C-edges.csv
TP07F491,0C:D345:0:0:0,FALLTHROUGH_STATUS,0C:D347:0:0:1,V05C-edges.csv
TP07F491,0C:D347:0:0:1,FALLTHROUGH_STATUS,0C:D349:0:0:1,V05C-edges.csv
TP07F491,0C:D349:0:0:1,FALLTHROUGH,0C:D34C:0:0:1,V05C-edges.csv
TP07F491,0C:D34C:0:0:1,FALLTHROUGH,0C:D34F:0:0:1,V05C-edges.csv
TP07F491,0C:D34F:0:0:1,FALLTHROUGH,0C:D352:0:0:1,V05C-edges.csv
TP07F491,0C:D352:0:0:1,BRANCH_NOT_TAKEN,0C:D354:0:0:1,V05C-edges.csv
TP07F491,0C:D352:0:0:1,BRANCH_TAKEN,0C:D357:0:0:1,V05C-edges.csv
TP07F491,0C:D354:0:0:1,BRANCH_ALWAYS,0C:D2C3:0:0:1,V05C-edges.csv
TP07F491,0C:D357:0:0:0,FALLTHROUGH_STATUS,0C:D359:0:0:0,V05C-edges.csv
TP07F491,0C:D357:0:0:1,FALLTHROUGH_STATUS,0C:D359:0:0:0,V05C-edges.csv
TP07F491,0C:D359:0:0:0,FALLTHROUGH,0C:D35A:0:0:0,V05C-edges.csv
TP07F491,0C:D35A:0:0:0,FALLTHROUGH,0C:D35D:0:0:0,V05C-edges.csv
TP07F491,0C:D35D:0:0:0,FALLTHROUGH,0C:D35E:0:0:0,V05C-edges.csv
TP07F491,0C:D35E:0:0:0,FALLTHROUGH,0C:D361:0:0:0,V05C-edges.csv
TP07F491,0C:D361:0:0:0,FALLTHROUGH_STATUS,0C:D363:0:1:1,V05C-edges.csv
TP07F491,0C:D361:0:1:1,FALLTHROUGH_STATUS,0C:D363:0:1:1,V05C-edges.csv
TP07F491,0C:D363:0:1:1,FALLTHROUGH,0C:D366:0:1:1,V05C-edges.csv
TP07F491,0C:D366:0:1:1,BRANCH_NOT_TAKEN,0C:D368:0:1:1,V05C-edges.csv
TP07F491,0C:D366:0:1:1,BRANCH_TAKEN,0C:D363:0:1:1,V05C-edges.csv
TP07F491,0C:D368:0:1:1,FALLTHROUGH,0C:D36A:0:1:1,V05C-edges.csv
TP07F491,0C:D36A:0:1:1,FALLTHROUGH,0C:D36D:0:1:1,V05C-edges.csv
TP07F491,0C:D36D:0:1:1,FALLTHROUGH,0C:D370:0:1:1,V05C-edges.csv
TP07F491,0C:D370:0:1:1,FALLTHROUGH,0C:D372:0:1:1,V05C-edges.csv
TP07F491,0C:D372:0:1:1,FALLTHROUGH,0C:D375:0:1:1,V05C-edges.csv
TP07F491,0C:D375:0:1:1,FALLTHROUGH_STATUS,0C:D377:0:0:0,V05C-edges.csv
TP07F491,0C:D377:0:0:0,FALLTHROUGH,0C:D37A:0:0:0,V05C-edges.csv
TP07F491,0C:D37A:0:0:0,BRANCH_NOT_TAKEN,0C:D37C:0:0:0,V05C-edges.csv
TP07F491,0C:D37A:0:0:0,BRANCH_TAKEN,0C:D3AE:0:0:0,V05C-edges.csv
TP07F491,0C:D37C:0:0:0,DIRECT_CALL,0C:8542:0:0:0,V05C-dynamic-proofs.csv
TP07F491,0C:D380:0:1:1,DIRECT_CALL,0C:F375:0:1:1,V05C-dynamic-proofs.csv
TP07F491,0C:D384:0:1:1,FALLTHROUGH_STATUS,0C:D386:0:0:0,V05C-edges.csv
TP07F491,0C:D386:0:0:0,FALLTHROUGH,0C:D389:0:0:0,V05C-edges.csv
TP07F491,0C:D389:0:0:0,BRANCH_NOT_TAKEN,0C:D38B:0:0:0,V05C-edges.csv
TP07F491,0C:D389:0:0:0,BRANCH_TAKEN,0C:D3AE:0:0:0,V05C-edges.csv
TP07F491,0C:D38B:0:0:0,FALLTHROUGH,0C:D38E:0:0:0,V05C-edges.csv
TP07F491,0C:D38E:0:0:0,FALLTHROUGH,0C:D391:0:0:0,V05C-edges.csv
TP07F491,0C:D391:0:0:0,DIRECT_CALL,0C:9D98:0:0:0,V05C-dynamic-proofs.csv
TP07F491,0C:D395:0:1:1,FALLTHROUGH_STATUS,0C:D397:0:1:1,V05C-edges.csv
TP07F491,0C:D397:0:1:1,FALLTHROUGH,0C:D39A:0:1:1,V05C-edges.csv
TP07F491,0C:D39A:0:1:1,FALLTHROUGH,0C:D39C:0:1:1,V05C-edges.csv
TP07F491,0C:D39C:0:1:1,BRANCH_NOT_TAKEN,0C:D39E:0:1:1,V05C-edges.csv
TP07F491,0C:D39C:0:1:1,BRANCH_TAKEN,0C:D380:0:1:1,V05C-edges.csv
TP07F491,0C:D39E:0:1:1,FALLTHROUGH_STATUS,0C:D3A0:0:0:0,V05C-edges.csv
TP07F491,0C:D3A0:0:0:0,FALLTHROUGH,0C:D3A3:0:0:0,V05C-edges.csv
TP07F491,0C:D3A3:0:0:0,FALLTHROUGH,0C:D3A6:0:0:0,V05C-edges.csv
TP07F491,0C:D3A6:0:0:0,FALLTHROUGH_STATUS,0C:D3A8:0:1:1,V05C-edges.csv
TP07F491,0C:D3A8:0:1:1,FALLTHROUGH,0C:D3AA:0:1:1,V05C-edges.csv
TP07F491,0C:D3AA:0:1:1,DIRECT_CALL,04:ED14:0:1:1,V05C-dynamic-proofs.csv
TP07F491,0C:D3AE:0:0:0,DIRECT_CALL,0C:8518:0:0:0,V05C-dynamic-proofs.csv
TP07F491,0C:D3AE:0:1:1,DIRECT_CALL,0C:8518:0:1:1,V05C-dynamic-proofs.csv
TP07F491,0C:D3B2:0:1:1,FALLTHROUGH_STATUS,0C:D3B4:0:1:1,V05C-edges.csv
TP07F491,0C:D3B4:0:1:1,FALLTHROUGH,0C:D3B7:0:1:1,V05C-edges.csv
TP07F491,0C:D3B7:0:1:1,FALLTHROUGH,0C:D3B9:0:1:1,V05C-edges.csv
TP07F491,0C:D3B9:0:1:1,BRANCH_NOT_TAKEN,0C:D3BB:0:1:1,V05C-edges.csv
TP07F491,0C:D3B9:0:1:1,BRANCH_TAKEN,0C:D3BE:0:1:1,V05C-edges.csv
TP07F491,0C:D3BB:0:1:1,BRANCH_ALWAYS,0C:CF97:0:1:1,V05C-edges.csv
TP07F491,0C:D3BE:0:1:1,FALLTHROUGH_STATUS,0C:D3C0:0:1:1,V05C-edges.csv
TP07F491,0C:D3C0:0:1:1,FALLTHROUGH_STATUS,0C:D3C2:0:0:1,V05C-edges.csv
TP07F491,0C:D3C2:0:0:1,FALLTHROUGH,0C:D3C5:0:0:1,V05C-edges.csv
TP07F491,0C:D3C5:0:0:1,FALLTHROUGH,0C:D3C8:0:0:1,V05C-edges.csv
TP07F491,0C:D3C8:0:0:1,FALLTHROUGH,0C:D3CA:0:0:1,V05C-edges.csv
TP07F491,0C:D3CA:0:0:1,FALLTHROUGH,0C:D3CD:0:0:1,V05C-edges.csv
TP07F491,0C:D3CD:0:0:1,FALLTHROUGH_STATUS,0C:D3CF:0:0:0,V05C-edges.csv
TP07F491,0C:D3CF:0:0:0,FALLTHROUGH,0C:D3D2:0:0:0,V05C-edges.csv
TP07F491,0C:D3D2:0:0:0,FALLTHROUGH,0C:D3D5:0:0:0,V05C-edges.csv
TP07F491,0C:D3D5:0:0:0,FALLTHROUGH,0C:D3D7:0:0:0,V05C-edges.csv
TP07F491,0C:D3D7:0:0:0,FALLTHROUGH,0C:D3DA:0:0:0,V05C-edges.csv
TP07F491,0C:D3DA:0:0:0,FALLTHROUGH,0C:D3DC:0:0:0,V05C-edges.csv
TP07F491,0C:D3DC:0:0:0,FALLTHROUGH,0C:D3DF:0:0:0,V05C-edges.csv
TP07F491,0C:D3DF:0:0:0,FALLTHROUGH,0C:D3E1:0:0:0,V05C-edges.csv
TP07F491,0C:D3E1:0:0:0,FALLTHROUGH,0C:D3E4:0:0:0,V05C-edges.csv
TP07F491,0C:D3E4:0:0:0,FALLTHROUGH,0C:D3E6:0:0:0,V05C-edges.csv
TP07F491,0C:D3E6:0:0:0,FALLTHROUGH,0C:D3E9:0:0:0,V05C-edges.csv
TP07F491,0C:D3E9:0:0:0,FALLTHROUGH,0C:D3EC:0:0:0,V05C-edges.csv
TP07F491,0C:D3EC:0:0:0,FALLTHROUGH,0C:D3EE:0:0:0,V05C-edges.csv
TP07F491,0C:D3EE:0:0:0,FALLTHROUGH,0C:D3F1:0:0:0,V05C-edges.csv
TP07F491,0C:D3F1:0:0:0,FALLTHROUGH,0C:D3F3:0:0:0,V05C-edges.csv
TP07F491,0C:D3F3:0:0:0,FALLTHROUGH,0C:D3F6:0:0:0,V05C-edges.csv
TP07F491,0C:D3F6:0:0:0,FALLTHROUGH,0C:D3F8:0:0:0,V05C-edges.csv
TP07F491,0C:D3F8:0:0:0,FALLTHROUGH,0C:D3FB:0:0:0,V05C-edges.csv
TP07F491,0C:D3FB:0:0:0,FALLTHROUGH,0C:D3FD:0:0:0,V05C-edges.csv
TP07F491,0C:D3FD:0:0:0,FALLTHROUGH,0C:D400:0:0:0,V05C-edges.csv
TP07F491,0C:D400:0:0:0,FALLTHROUGH,0C:D402:0:0:0,V05C-edges.csv
TP07F491,0C:D402:0:0:0,FALLTHROUGH,0C:D405:0:0:0,V05C-edges.csv
TP07F491,0C:D405:0:0:0,FALLTHROUGH,0C:D407:0:0:0,V05C-edges.csv
TP07F491,0C:D407:0:0:0,FALLTHROUGH,0C:D40A:0:0:0,V05C-edges.csv
TP07F491,0C:D40A:0:0:0,FALLTHROUGH,0C:D40D:0:0:0,V05C-edges.csv
TP07F491,0C:D40D:0:0:0,FALLTHROUGH,0C:D40F:0:0:0,V05C-edges.csv
TP07F491,0C:D40F:0:0:0,FALLTHROUGH,0C:D412:0:0:0,V05C-edges.csv
TP07F491,0C:D412:0:0:0,FALLTHROUGH,0C:D414:0:0:0,V05C-edges.csv
TP07F491,0C:D414:0:0:0,FALLTHROUGH,0C:D417:0:0:0,V05C-edges.csv
TP07F491,0C:D417:0:0:0,FALLTHROUGH,0C:D41A:0:0:0,V05C-edges.csv
TP07F491,0C:D41A:0:0:0,FALLTHROUGH,0C:D41C:0:0:0,V05C-edges.csv
TP07F491,0C:D41C:0:0:0,FALLTHROUGH,0C:D41F:0:0:0,V05C-edges.csv
TP07F491,0C:D41F:0:0:0,FALLTHROUGH,0C:D421:0:0:0,V05C-edges.csv
TP07F491,0C:D421:0:0:0,FALLTHROUGH,0C:D424:0:0:0,V05C-edges.csv
TP07F491,0C:D424:0:0:0,FALLTHROUGH,0C:D426:0:0:0,V05C-edges.csv
TP07F491,0C:D426:0:0:0,FALLTHROUGH,0C:D429:0:0:0,V05C-edges.csv
TP07F491,0C:D429:0:0:0,FALLTHROUGH,0C:D42B:0:0:0,V05C-edges.csv
TP07F491,0C:D42B:0:0:0,FALLTHROUGH,0C:D42E:0:0:0,V05C-edges.csv
TP07F491,0C:D42E:0:0:0,FALLTHROUGH,0C:D430:0:0:0,V05C-edges.csv
TP07F491,0C:D430:0:0:0,FALLTHROUGH,0C:D433:0:0:0,V05C-edges.csv
TP07F491,0C:D433:0:0:0,FALLTHROUGH,0C:D435:0:0:0,V05C-edges.csv
TP07F491,0C:D435:0:0:0,FALLTHROUGH,0C:D438:0:0:0,V05C-edges.csv
TP07F491,0C:D438:0:0:0,FALLTHROUGH,0C:D43B:0:0:0,V05C-edges.csv
TP07F491,0C:D43B:0:0:0,FALLTHROUGH,0C:D43D:0:0:0,V05C-edges.csv
TP07F491,0C:D43D:0:0:0,FALLTHROUGH,0C:D440:0:0:0,V05C-edges.csv
TP07F491,0C:D440:0:0:0,FALLTHROUGH,0C:D442:0:0:0,V05C-edges.csv
TP07F491,0C:D442:0:0:0,FALLTHROUGH,0C:D445:0:0:0,V05C-edges.csv
TP07F491,0C:D445:0:0:0,FALLTHROUGH,0C:D448:0:0:0,V05C-edges.csv
TP07F491,0C:D448:0:0:0,FALLTHROUGH,0C:D44A:0:0:0,V05C-edges.csv
TP07F491,0C:D44A:0:0:0,FALLTHROUGH,0C:D44D:0:0:0,V05C-edges.csv
TP07F491,0C:D44D:0:0:0,FALLTHROUGH,0C:D44F:0:0:0,V05C-edges.csv
TP07F491,0C:D44F:0:0:0,FALLTHROUGH,0C:D452:0:0:0,V05C-edges.csv
TP07F491,0C:D452:0:0:0,FALLTHROUGH,0C:D455:0:0:0,V05C-edges.csv
TP07F491,0C:D455:0:0:0,FALLTHROUGH,0C:D457:0:0:0,V05C-edges.csv
TP07F491,0C:D457:0:0:0,FALLTHROUGH,0C:D45A:0:0:0,V05C-edges.csv
TP07F491,0C:D45A:0:0:0,FALLTHROUGH,0C:D45C:0:0:0,V05C-edges.csv
TP07F491,0C:D45C:0:0:0,FALLTHROUGH,0C:D45F:0:0:0,V05C-edges.csv
TP07F491,0C:D45F:0:0:0,FALLTHROUGH,0C:D460:0:0:0,V05C-edges.csv
TP07F491,0C:D460:0:0:0,FALLTHROUGH,0C:D463:0:0:0,V05C-edges.csv
TP07F491,0C:D463:0:0:0,FALLTHROUGH,0C:D466:0:0:0,V05C-edges.csv
TP07F491,0C:D466:0:0:0,FALLTHROUGH,0C:D467:0:0:0,V05C-edges.csv
TP07F491,0C:D467:0:0:0,FALLTHROUGH,0C:D46A:0:0:0,V05C-edges.csv
TP07F491,0C:D46A:0:0:0,BRANCH_NOT_TAKEN,0C:D46C:0:0:0,V05C-edges.csv
TP07F491,0C:D46A:0:0:0,BRANCH_TAKEN,0C:D46F:0:0:0,V05C-edges.csv
TP07F491,0C:D46C:0:0:0,BRANCH_ALWAYS,0C:D3D2:0:0:0,V05C-edges.csv
TP07F491,0C:D46F:0:0:0,FALLTHROUGH_STATUS,0C:D471:0:0:0,V05C-edges.csv
TP07F491,0C:D471:0:0:0,FALLTHROUGH,0C:D474:0:0:0,V05C-edges.csv
TP07F491,0C:D474:0:0:0,FALLTHROUGH,0C:D477:0:0:0,V05C-edges.csv
TP07F491,0C:D477:0:0:0,FALLTHROUGH,0C:D479:0:0:0,V05C-edges.csv
TP07F491,0C:D479:0:0:0,FALLTHROUGH,0C:D47C:0:0:0,V05C-edges.csv
TP07F491,0C:D47C:0:0:0,FALLTHROUGH,0C:D47F:0:0:0,V05C-edges.csv
TP07F491,0C:D47F:0:0:0,FALLTHROUGH,0C:D481:0:0:0,V05C-edges.csv
TP07F491,0C:D481:0:0:0,FALLTHROUGH,0C:D484:0:0:0,V05C-edges.csv
TP07F491,0C:D484:0:0:0,FALLTHROUGH,0C:D486:0:0:0,V05C-edges.csv
TP07F491,0C:D486:0:0:0,FALLTHROUGH,0C:D489:0:0:0,V05C-edges.csv
TP07F491,0C:D489:0:0:0,FALLTHROUGH,0C:D48C:0:0:0,V05C-edges.csv
TP07F491,0C:D48C:0:0:0,FALLTHROUGH,0C:D48E:0:0:0,V05C-edges.csv
TP07F491,0C:D48E:0:0:0,FALLTHROUGH,0C:D491:0:0:0,V05C-edges.csv
TP07F491,0C:D491:0:0:0,FALLTHROUGH,0C:D494:0:0:0,V05C-edges.csv
TP07F491,0C:D494:0:0:0,FALLTHROUGH,0C:D497:0:0:0,V05C-edges.csv
TP07F491,0C:D497:0:0:0,FALLTHROUGH,0C:D498:0:0:0,V05C-edges.csv
TP07F491,0C:D498:0:0:0,FALLTHROUGH,0C:D49A:0:0:0,V05C-edges.csv
TP07F491,0C:D49A:0:0:0,FALLTHROUGH,0C:D49D:0:0:0,V05C-edges.csv
TP07F491,0C:D49D:0:0:0,FALLTHROUGH,0C:D4A0:0:0:0,V05C-edges.csv
TP07F491,0C:D4A0:0:0:0,FALLTHROUGH,0C:D4A3:0:0:0,V05C-edges.csv
TP07F491,0C:D4A3:0:0:0,FALLTHROUGH,0C:D4A5:0:0:0,V05C-edges.csv
TP07F491,0C:D4A5:0:0:0,FALLTHROUGH,0C:D4A8:0:0:0,V05C-edges.csv
TP07F491,0C:D4A8:0:0:0,BRANCH_NOT_TAKEN,0C:D4AA:0:0:0,V05C-edges.csv
TP07F491,0C:D4A8:0:0:0,BRANCH_TAKEN,0C:D4B0:0:0:0,V05C-edges.csv
TP07F491,0C:D4AA:0:0:0,FALLTHROUGH,0C:D4AD:0:0:0,V05C-edges.csv
TP07F491,0C:D4AD:0:0:0,FALLTHROUGH,0C:D4B0:0:0:0,V05C-edges.csv
TP07F491,0C:D4B0:0:0:0,FALLTHROUGH,0C:D4B1:0:0:0,V05C-edges.csv
TP07F491,0C:D4B1:0:0:0,FALLTHROUGH,0C:D4B4:0:0:0,V05C-edges.csv
TP07F491,0C:D4B4:0:0:0,FALLTHROUGH,0C:D4B7:0:0:0,V05C-edges.csv
TP07F491,0C:D4B7:0:0:0,FALLTHROUGH,0C:D4B8:0:0:0,V05C-edges.csv
TP07F491,0C:D4B8:0:0:0,FALLTHROUGH,0C:D4BB:0:0:0,V05C-edges.csv
TP07F491,0C:D4BB:0:0:0,FALLTHROUGH,0C:D4BE:0:0:0,V05C-edges.csv
TP07F491,0C:D4BE:0:0:0,FALLTHROUGH,0C:D4BF:0:0:0,V05C-edges.csv
TP07F491,0C:D4BF:0:0:0,FALLTHROUGH,0C:D4C2:0:0:0,V05C-edges.csv
TP07F491,0C:D4C2:0:0:0,FALLTHROUGH,0C:D4C5:0:0:0,V05C-edges.csv
TP07F491,0C:D4C5:0:0:0,FALLTHROUGH,0C:D4C8:0:0:0,V05C-edges.csv
TP07F491,0C:D4C8:0:0:0,FALLTHROUGH,0C:D4CA:0:0:0,V05C-edges.csv
TP07F491,0C:D4CA:0:0:0,FALLTHROUGH,0C:D4CD:0:0:0,V05C-edges.csv
TP07F491,0C:D4CD:0:0:0,FALLTHROUGH,0C:D4D0:0:0:0,V05C-edges.csv
TP07F491,0C:D4D0:0:0:0,FALLTHROUGH,0C:D4D2:0:0:0,V05C-edges.csv
TP07F491,0C:D4D2:0:0:0,FALLTHROUGH,0C:D4D5:0:0:0,V05C-edges.csv
TP07F491,0C:D4D5:0:0:0,FALLTHROUGH,0C:D4D6:0:0:0,V05C-edges.csv
TP07F491,0C:D4D6:0:0:0,FALLTHROUGH,0C:D4D9:0:0:0,V05C-edges.csv
TP07F491,0C:D4D9:0:0:0,FALLTHROUGH,0C:D4DC:0:0:0,V05C-edges.csv
TP07F491,0C:D4DC:0:0:0,FALLTHROUGH,0C:D4DF:0:0:0,V05C-edges.csv
TP07F491,0C:D4DF:0:0:0,FALLTHROUGH,0C:D4E0:0:0:0,V05C-edges.csv
TP07F491,0C:D4E0:0:0:0,FALLTHROUGH,0C:D4E3:0:0:0,V05C-edges.csv
TP07F491,0C:D4E3:0:0:0,FALLTHROUGH,0C:D4E6:0:0:0,V05C-edges.csv
TP07F491,0C:D4E6:0:0:0,FALLTHROUGH,0C:D4E9:0:0:0,V05C-edges.csv
TP07F491,0C:D4E9:0:0:0,FALLTHROUGH,0C:D4EC:0:0:0,V05C-edges.csv
TP07F491,0C:D4EC:0:0:0,FALLTHROUGH,0C:D4EF:0:0:0,V05C-edges.csv
TP07F491,0C:D4EF:0:0:0,FALLTHROUGH,0C:D4F2:0:0:0,V05C-edges.csv
TP07F491,0C:D4F2:0:0:0,BRANCH_NOT_TAKEN,0C:D4F4:0:0:0,V05C-edges.csv
TP07F491,0C:D4F2:0:0:0,BRANCH_TAKEN,0C:D50C:0:0:0,V05C-edges.csv
TP07F491,0C:D4F4:0:0:0,BRANCH_NOT_TAKEN,0C:D4F6:0:0:0,V05C-edges.csv
TP07F491,0C:D4F4:0:0:0,BRANCH_TAKEN,0C:D504:0:0:0,V05C-edges.csv
TP07F491,0C:D4F6:0:0:0,FALLTHROUGH,0C:D4F9:0:0:0,V05C-edges.csv
TP07F491,0C:D4F9:0:0:0,FALLTHROUGH,0C:D4FC:0:0:0,V05C-edges.csv
TP07F491,0C:D4FC:0:0:0,FALLTHROUGH,0C:D4FF:0:0:0,V05C-edges.csv
TP07F491,0C:D4FF:0:0:0,FALLTHROUGH,0C:D502:0:0:0,V05C-edges.csv
TP07F491,0C:D502:0:0:0,BRANCH_ALWAYS,0C:D50C:0:0:0,V05C-edges.csv
TP07F491,0C:D504:0:0:0,FALLTHROUGH,0C:D507:0:0:0,V05C-edges.csv
TP07F491,0C:D507:0:0:0,FALLTHROUGH,0C:D50A:0:0:0,V05C-edges.csv
TP07F491,0C:D50A:0:0:0,BRANCH_NOT_TAKEN,0C:D50C:0:0:0,V05C-edges.csv
TP07F491,0C:D50A:0:0:0,BRANCH_TAKEN,0C:D4F6:0:0:0,V05C-edges.csv
TP07F491,0C:D50C:0:0:0,FALLTHROUGH,0C:D50F:0:0:0,V05C-edges.csv
TP07F491,0C:D50F:0:0:0,FALLTHROUGH,0C:D512:0:0:0,V05C-edges.csv
TP07F491,0C:D512:0:0:0,FALLTHROUGH,0C:D515:0:0:0,V05C-edges.csv
TP07F491,0C:D515:0:0:0,FALLTHROUGH,0C:D518:0:0:0,V05C-edges.csv
TP07F491,0C:D518:0:0:0,FALLTHROUGH,0C:D51B:0:0:0,V05C-edges.csv
TP07F491,0C:D51B:0:0:0,FALLTHROUGH,0C:D51E:0:0:0,V05C-edges.csv
TP07F491,0C:D51E:0:0:0,FALLTHROUGH,0C:D521:0:0:0,V05C-edges.csv
TP07F491,0C:D521:0:0:0,DIRECT_CALL,07:F87E:0:0:0,V05C-dynamic-proofs.csv
TP07F491,0C:D525:0:0:0,FALLTHROUGH_STATUS,0C:D527:0:0:0,V05C-edges.csv
TP07F491,0C:D527:0:0:0,FALLTHROUGH,0C:D52A:0:0:0,V05C-edges.csv
TP07F491,0C:D52A:0:0:0,FALLTHROUGH,0C:D52D:0:0:0,V05C-edges.csv
TP07F491,0C:D52D:0:0:0,FALLTHROUGH,0C:D530:0:0:0,V05C-edges.csv
TP07F491,0C:D530:0:0:0,DIRECT_CALL,07:FA9A:0:0:0,V05C-dynamic-proofs.csv
TP07F491,0C:D534:0:0:0,FALLTHROUGH_STATUS,0C:D536:0:0:0,V05C-edges.csv
TP07F491,0C:D536:0:0:0,FALLTHROUGH,0C:D539:0:0:0,V05C-edges.csv
TP07F491,0C:D539:0:0:0,FALLTHROUGH,0C:D53C:0:0:0,V05C-edges.csv
TP07F491,0C:D53C:0:0:0,FALLTHROUGH,0C:D53F:0:0:0,V05C-edges.csv
TP07F491,0C:D53F:0:0:0,FALLTHROUGH,0C:D542:0:0:0,V05C-edges.csv
TP07F491,0C:D542:0:0:0,DIRECT_CALL,0C:DA58:0:0:0,V05C-dynamic-proofs.csv
TP07F491,0C:D546:0:0:0,DIRECT_CALL,07:8347:0:0:0,V05C-dynamic-proofs.csv
TP07F491,0C:D54A:0:0:0,DIRECT_CALL,07:8059:0:0:0,V05C-dynamic-proofs.csv
TP07F491,0C:D54E:0:1:1,DIRECT_CALL,0C:841C:0:1:1,V05C-dynamic-proofs.csv
TP07F491,0C:D552:0:1:0,FALLTHROUGH_STATUS,0C:D554:0:1:0,V05C-edges.csv
TP07F491,0C:D554:0:1:0,FALLTHROUGH_STATUS,0C:D556:0:1:0,V05C-edges.csv
TP07F491,0C:D556:0:1:0,FALLTHROUGH,0C:D558:0:1:0,V05C-edges.csv
TP07F491,0C:D558:0:1:0,FALLTHROUGH,0C:D55B:0:1:0,V05C-edges.csv
TP07F491,0C:D55B:0:1:0,FALLTHROUGH,0C:D55E:0:1:0,V05C-edges.csv
TP07F491,0C:D55E:0:1:0,FALLTHROUGH,0C:D560:0:1:0,V05C-edges.csv
TP07F491,0C:D560:0:1:0,BRANCH_NOT_TAKEN,0C:D562:0:1:0,V05C-edges.csv
TP07F491,0C:D560:0:1:0,BRANCH_TAKEN,0C:D567:0:1:0,V05C-edges.csv
TP07F491,0C:D562:0:1:0,FALLTHROUGH,0C:D564:0:1:0,V05C-edges.csv
TP07F491,0C:D564:0:1:0,FALLTHROUGH,0C:D567:0:1:0,V05C-edges.csv
TP07F491,0C:D567:0:1:0,DIRECT_CALL,07:8230:0:1:0,V05C-dynamic-proofs.csv
TP07F491,0C:D56B:0:0:1,DIRECT_CALL,0C:8909:0:0:1,V05C-dynamic-proofs.csv
TP07F491,0C:D56F:0:1:0,FALLTHROUGH_STATUS,0C:D571:0:1:1,V05C-edges.csv
TP07F491,0C:D571:0:1:1,FALLTHROUGH,0C:D574:0:1:1,V05C-edges.csv
TP07F491,0C:D574:0:1:1,BRANCH_NOT_TAKEN,0C:D576:0:1:1,V05C-edges.csv
TP07F491,0C:D574:0:1:1,BRANCH_TAKEN,0C:D5A0:0:1:1,V05C-edges.csv
TP07F491,0C:D576:0:1:1,FALLTHROUGH_STATUS,0C:D578:0:0:0,V05C-edges.csv
TP07F491,0C:D578:0:0:0,FALLTHROUGH,0C:D57B:0:0:0,V05C-edges.csv
TP07F491,0C:D57B:0:0:0,FALLTHROUGH,0C:D57E:0:0:0,V05C-edges.csv
TP07F491,0C:D57E:0:0:0,FALLTHROUGH,0C:D581:0:0:0,V05C-edges.csv
TP07F491,0C:D581:0:0:0,FALLTHROUGH_STATUS,0C:D583:0:1:1,V05C-edges.csv
TP07F491,0C:D583:0:1:1,FALLTHROUGH,0C:D586:0:1:1,V05C-edges.csv
TP07F491,0C:D586:0:1:1,FALLTHROUGH,0C:D588:0:1:1,V05C-edges.csv
TP07F491,0C:D588:0:1:1,BRANCH_NOT_TAKEN,0C:D58A:0:1:1,V05C-edges.csv
TP07F491,0C:D588:0:1:1,BRANCH_TAKEN,0C:D598:0:1:1,V05C-edges.csv
TP07F491,0C:D58A:0:1:1,FALLTHROUGH_STATUS,0C:D58C:0:1:1,V05C-edges.csv
TP07F491,0C:D58C:0:1:1,FALLTHROUGH,0C:D58E:0:1:1,V05C-edges.csv
TP07F491,0C:D58E:0:1:1,FALLTHROUGH,0C:D591:0:1:1,V05C-edges.csv
TP07F491,0C:D591:0:1:1,FALLTHROUGH,0C:D593:0:1:1,V05C-edges.csv
TP07F491,0C:D593:0:1:1,FALLTHROUGH,0C:D596:0:1:1,V05C-edges.csv
TP07F491,0C:D596:0:1:1,BRANCH_ALWAYS,0C:D5A0:0:1:1,V05C-edges.csv
TP07F491,0C:D598:0:1:1,FALLTHROUGH_STATUS,0C:D59A:0:0:0,V05C-edges.csv
TP07F491,0C:D59A:0:0:0,FALLTHROUGH,0C:D59D:0:0:0,V05C-edges.csv
TP07F491,0C:D59D:0:0:0,FALLTHROUGH,0C:D5A0:0:0:0,V05C-edges.csv
TP07F491,0C:D5A0:0:0:0,FALLTHROUGH_STATUS,0C:D5A2:0:0:0,V05C-edges.csv
TP07F491,0C:D5A0:0:1:1,FALLTHROUGH_STATUS,0C:D5A2:0:0:0,V05C-edges.csv
TP07F491,0C:D5A2:0:0:0,FALLTHROUGH,0C:D5A5:0:0:0,V05C-edges.csv
TP07F491,0C:D5A5:0:0:0,FALLTHROUGH,0C:D5A8:0:0:0,V05C-edges.csv
TP07F491,0C:D5A8:0:0:0,FALLTHROUGH,0C:D5AB:0:0:0,V05C-edges.csv
TP07F491,0C:D5AB:0:0:0,FALLTHROUGH,0C:D5AE:0:0:0,V05C-edges.csv
TP07F491,0C:D5AE:0:0:0,FALLTHROUGH_STATUS,0C:D5B0:0:1:1,V05C-edges.csv
TP07F491,0C:D5B0:0:1:1,FALLTHROUGH,0C:D5B2:0:1:1,V05C-edges.csv
TP07F491,0C:D5B2:0:1:1,FALLTHROUGH,0C:D5B5:0:1:1,V05C-edges.csv
TP07F491,0C:D5B5:0:1:1,FALLTHROUGH,0C:D5B8:0:1:1,V05C-edges.csv
TP07F491,0C:D5B8:0:1:1,FALLTHROUGH,0C:D5BA:0:1:1,V05C-edges.csv
TP07F491,0C:D5BA:0:1:1,FALLTHROUGH,0C:D5BD:0:1:1,V05C-edges.csv
TP07F491,0C:D5BD:0:1:1,FALLTHROUGH,0C:D5C0:0:1:1,V05C-edges.csv
TP07F491,0C:D5C0:0:1:1,FALLTHROUGH,0C:D5C2:0:1:1,V05C-edges.csv
TP07F491,0C:D5C2:0:1:1,FALLTHROUGH,0C:D5C5:0:1:1,V05C-edges.csv
TP07F491,0C:D5C5:0:1:1,FALLTHROUGH_STATUS,0C:D5C7:0:1:1,V05C-edges.csv
TP07F491,0C:D5C7:0:1:1,FALLTHROUGH_STATUS,0C:D5C9:0:0:1,V05C-edges.csv
TP07F491,0C:D5C9:0:0:1,FALLTHROUGH,0C:D5CA:0:0:1,V05C-edges.csv
TP07F491,0C:D5CA:0:0:1,FALLTHROUGH,0C:D5CD:0:0:1,V05C-edges.csv
TP07F491,0C:D5CD:0:0:1,FALLTHROUGH,0C:D5CE:0:0:1,V05C-edges.csv
TP07F491,0C:D5CE:0:0:1,FALLTHROUGH,0C:D5D1:0:0:1,V05C-edges.csv
TP07F491,0C:D5D1:0:0:1,FALLTHROUGH,0C:D5D2:0:0:1,V05C-edges.csv
TP07F491,0C:D5D2:0:0:1,FALLTHROUGH,0C:D5D5:0:0:1,V05C-edges.csv
TP07F491,0C:D5D5:0:0:1,FALLTHROUGH,0C:D5D6:0:0:1,V05C-edges.csv
TP07F491,0C:D5D6:0:0:1,FALLTHROUGH,0C:D5D9:0:0:1,V05C-edges.csv
TP07F491,0C:D5D9:0:0:1,FALLTHROUGH,0C:D5DA:0:0:1,V05C-edges.csv
TP07F491,0C:D5DA:0:0:1,FALLTHROUGH,0C:D5DD:0:0:1,V05C-edges.csv
TP07F491,0C:D5DD:0:0:1,FALLTHROUGH,0C:D5DE:0:0:1,V05C-edges.csv
TP07F491,0C:D5DE:0:0:1,FALLTHROUGH,0C:D5E1:0:0:1,V05C-edges.csv
TP07F491,0C:D5E1:0:0:1,FALLTHROUGH,0C:D5E2:0:0:1,V05C-edges.csv
TP07F491,0C:D5E2:0:0:1,FALLTHROUGH,0C:D5E5:0:0:1,V05C-edges.csv
TP07F491,0C:D5E5:0:0:1,FALLTHROUGH,0C:D5E6:0:0:1,V05C-edges.csv
TP07F491,0C:D5E6:0:0:1,FALLTHROUGH,0C:D5E9:0:0:1,V05C-edges.csv
TP07F491,0C:D5E9:0:0:1,FALLTHROUGH,0C:D5EA:0:0:1,V05C-edges.csv
TP07F491,0C:D5EA:0:0:1,FALLTHROUGH,0C:D5ED:0:0:1,V05C-edges.csv
TP07F491,0C:D5ED:0:0:1,FALLTHROUGH,0C:D5EE:0:0:1,V05C-edges.csv
TP07F491,0C:D5EE:0:0:1,FALLTHROUGH,0C:D5F1:0:0:1,V05C-edges.csv
TP07F491,0C:D5F1:0:0:1,FALLTHROUGH,0C:D5F2:0:0:1,V05C-edges.csv
TP07F491,0C:D5F2:0:0:1,FALLTHROUGH,0C:D5F5:0:0:1,V05C-edges.csv
TP07F491,0C:D5F5:0:0:1,FALLTHROUGH,0C:D5F6:0:0:1,V05C-edges.csv
TP07F491,0C:D5F6:0:0:1,FALLTHROUGH,0C:D5F9:0:0:1,V05C-edges.csv
TP07F491,0C:D5F9:0:0:1,FALLTHROUGH,0C:D5FA:0:0:1,V05C-edges.csv
TP07F491,0C:D5FA:0:0:1,FALLTHROUGH,0C:D5FD:0:0:1,V05C-edges.csv
TP07F491,0C:D5FD:0:0:1,FALLTHROUGH,0C:D5FE:0:0:1,V05C-edges.csv
TP07F491,0C:D5FE:0:0:1,FALLTHROUGH,0C:D601:0:0:1,V05C-edges.csv
TP07F491,0C:D601:0:0:1,FALLTHROUGH,0C:D602:0:0:1,V05C-edges.csv
TP07F491,0C:D602:0:0:1,FALLTHROUGH,0C:D605:0:0:1,V05C-edges.csv
TP07F491,0C:D605:0:0:1,FALLTHROUGH,0C:D606:0:0:1,V05C-edges.csv
TP07F491,0C:D606:0:0:1,FALLTHROUGH,0C:D609:0:0:1,V05C-edges.csv
TP07F491,0C:D609:0:0:1,FALLTHROUGH,0C:D60A:0:0:1,V05C-edges.csv
TP07F491,0C:D60A:0:0:1,FALLTHROUGH,0C:D60D:0:0:1,V05C-edges.csv
TP07F491,0C:D60D:0:0:1,FALLTHROUGH,0C:D60E:0:0:1,V05C-edges.csv
TP07F491,0C:D60E:0:0:1,FALLTHROUGH,0C:D611:0:0:1,V05C-edges.csv
TP07F491,0C:D611:0:0:1,FALLTHROUGH,0C:D612:0:0:1,V05C-edges.csv
TP07F491,0C:D612:0:0:1,FALLTHROUGH,0C:D615:0:0:1,V05C-edges.csv
TP07F491,0C:D615:0:0:1,FALLTHROUGH,0C:D616:0:0:1,V05C-edges.csv
TP07F491,0C:D616:0:0:1,FALLTHROUGH,0C:D619:0:0:1,V05C-edges.csv
TP07F491,0C:D619:0:0:1,FALLTHROUGH_STATUS,0C:D61B:0:0:0,V05C-edges.csv
TP07F491,0C:D61B:0:0:0,FALLTHROUGH,0C:D61C:0:0:0,V05C-edges.csv
TP07F491,0C:D61C:0:0:0,FALLTHROUGH,0C:D61F:0:0:0,V05C-edges.csv
TP07F491,0C:D61F:0:0:0,FALLTHROUGH,0C:D620:0:0:0,V05C-edges.csv
TP07F491,0C:D620:0:0:0,FALLTHROUGH,0C:D623:0:0:0,V05C-edges.csv
TP07F491,0C:D623:0:0:0,FALLTHROUGH,0C:D624:0:0:0,V05C-edges.csv
TP07F491,0C:D624:0:0:0,FALLTHROUGH,0C:D627:0:0:0,V05C-edges.csv
TP07F491,0C:D627:0:0:0,FALLTHROUGH,0C:D628:0:0:0,V05C-edges.csv
TP07F491,0C:D628:0:0:0,FALLTHROUGH,0C:D62B:0:0:0,V05C-edges.csv
TP07F491,0C:D62B:0:0:0,FALLTHROUGH,0C:D62C:0:0:0,V05C-edges.csv
TP07F491,0C:D62C:0:0:0,FALLTHROUGH,0C:D62F:0:0:0,V05C-edges.csv
TP07F491,0C:D62F:0:0:0,FALLTHROUGH,0C:D630:0:0:0,V05C-edges.csv
TP07F491,0C:D630:0:0:0,FALLTHROUGH,0C:D633:0:0:0,V05C-edges.csv
TP07F491,0C:D633:0:0:0,FALLTHROUGH,0C:D634:0:0:0,V05C-edges.csv
TP07F491,0C:D634:0:0:0,FALLTHROUGH,0C:D637:0:0:0,V05C-edges.csv
TP07F491,0C:D637:0:0:0,FALLTHROUGH,0C:D638:0:0:0,V05C-edges.csv
TP07F491,0C:D638:0:0:0,FALLTHROUGH,0C:D63B:0:0:0,V05C-edges.csv
TP07F491,0C:D63B:0:0:0,FALLTHROUGH,0C:D63C:0:0:0,V05C-edges.csv
TP07F491,0C:D63C:0:0:0,FALLTHROUGH,0C:D63F:0:0:0,V05C-edges.csv
TP07F491,0C:D63F:0:0:0,RETURN_PROVED,04:CB98:0:0:0,V05C-edges.csv
