Family,Context,ROM_Offset,Bytes,Mnemonic,Mode,Carry_In_Facts,Zero_In_Facts,Access_Expression,Proof_Source,Admission_State
TP07F497,06:AC04:0:1:0,0x032C04,E210,SEP,IMM8,UNKNOWN,0,NONE,V05C-contexts.csv,SOURCE_PROVED_NOT_YET_ADMITTED
TP07F497,06:AC06:0:1:1,0x032C06,C220,REP,IMM8,UNKNOWN,0,NONE,V05C-contexts.csv,SOURCE_PROVED_NOT_YET_ADMITTED
TP07F497,06:AC08:0:0:1,0x032C08,AD1600,LDA,ABS,UNKNOWN,0,DBR:0016,V05C-contexts.csv,SOURCE_PROVED_NOT_YET_ADMITTED
TP07F497,06:AC0B:0:0:1,0x032C0B,48,PHA,IMP,UNKNOWN,UNKNOWN,NONE,V05C-contexts.csv,SOURCE_PROVED_NOT_YET_ADMITTED
TP07F497,06:AC0C:0:0:1,0x032C0C,AE1800,LDX,ABS,UNKNOWN,UNKNOWN,DBR:0018,V05C-contexts.csv,SOURCE_PROVED_NOT_YET_ADMITTED
TP07F497,06:AC0F:0:0:1,0x032C0F,DA,PHX,IMP,UNKNOWN,UNKNOWN,NONE,V05C-contexts.csv,SOURCE_PROVED_NOT_YET_ADMITTED
TP07F497,06:AC10:0:0:1,0x032C10,AD1900,LDA,ABS,UNKNOWN,UNKNOWN,DBR:0019,V05C-contexts.csv,SOURCE_PROVED_NOT_YET_ADMITTED
TP07F497,06:AC13:0:0:1,0x032C13,48,PHA,IMP,UNKNOWN,UNKNOWN,NONE,V05C-contexts.csv,SOURCE_PROVED_NOT_YET_ADMITTED
TP07F497,06:AC14:0:0:1,0x032C14,AE1B00,LDX,ABS,UNKNOWN,UNKNOWN,DBR:001B,V05C-contexts.csv,SOURCE_PROVED_NOT_YET_ADMITTED
TP07F497,06:AC17:0:0:1,0x032C17,DA,PHX,IMP,UNKNOWN,UNKNOWN,NONE,V05C-contexts.csv,SOURCE_PROVED_NOT_YET_ADMITTED
TP07F497,06:AC18:0:0:1,0x032C18,AD4900,LDA,ABS,UNKNOWN,UNKNOWN,DBR:0049,V05C-contexts.csv,SOURCE_PROVED_NOT_YET_ADMITTED
TP07F497,06:AC1B:0:0:1,0x032C1B,48,PHA,IMP,UNKNOWN,UNKNOWN,NONE,V05C-contexts.csv,SOURCE_PROVED_NOT_YET_ADMITTED
TP07F497,06:AC1C:0:0:1,0x032C1C,AE4B00,LDX,ABS,UNKNOWN,UNKNOWN,DBR:004B,V05C-contexts.csv,SOURCE_PROVED_NOT_YET_ADMITTED
TP07F497,06:AC1F:0:0:1,0x032C1F,DA,PHX,IMP,UNKNOWN,UNKNOWN,NONE,V05C-contexts.csv,SOURCE_PROVED_NOT_YET_ADMITTED
TP07F497,06:AC20:0:0:1,0x032C20,AD1F00,LDA,ABS,UNKNOWN,UNKNOWN,DBR:001F,V05C-contexts.csv,SOURCE_PROVED_NOT_YET_ADMITTED
TP07F497,06:AC23:0:0:1,0x032C23,48,PHA,IMP,UNKNOWN,UNKNOWN,NONE,V05C-contexts.csv,SOURCE_PROVED_NOT_YET_ADMITTED
TP07F497,06:AC24:0:0:1,0x032C24,AE2100,LDX,ABS,UNKNOWN,UNKNOWN,DBR:0021,V05C-contexts.csv,SOURCE_PROVED_NOT_YET_ADMITTED
TP07F497,06:AC27:0:0:1,0x032C27,DA,PHX,IMP,UNKNOWN,UNKNOWN,NONE,V05C-contexts.csv,SOURCE_PROVED_NOT_YET_ADMITTED
TP07F497,06:AC28:0:0:1,0x032C28,AD2200,LDA,ABS,UNKNOWN,UNKNOWN,DBR:0022,V05C-contexts.csv,SOURCE_PROVED_NOT_YET_ADMITTED
TP07F497,06:AC2B:0:0:1,0x032C2B,48,PHA,IMP,UNKNOWN,UNKNOWN,NONE,V05C-contexts.csv,SOURCE_PROVED_NOT_YET_ADMITTED
TP07F497,06:AC2C:0:0:1,0x032C2C,AE2400,LDX,ABS,UNKNOWN,UNKNOWN,DBR:0024,V05C-contexts.csv,SOURCE_PROVED_NOT_YET_ADMITTED
TP07F497,06:AC2F:0:0:1,0x032C2F,DA,PHX,IMP,UNKNOWN,UNKNOWN,NONE,V05C-contexts.csv,SOURCE_PROVED_NOT_YET_ADMITTED
TP07F497,06:AC30:0:0:1,0x032C30,C230,REP,IMM8,UNKNOWN,UNKNOWN,NONE,V05C-contexts.csv,SOURCE_PROVED_NOT_YET_ADMITTED
TP07F497,06:AC32:0:0:0,0x032C32,AD0B04,LDA,ABS,UNKNOWN,UNKNOWN,DBR:040B,V05C-contexts.csv,SOURCE_PROVED_NOT_YET_ADMITTED
TP07F497,06:AC35:0:0:0,0x032C35,48,PHA,IMP,UNKNOWN,UNKNOWN,NONE,V05C-contexts.csv,SOURCE_PROVED_NOT_YET_ADMITTED
TP07F497,06:AC36:0:0:0,0x032C36,AD0D04,LDA,ABS,UNKNOWN,UNKNOWN,DBR:040D,V05C-contexts.csv,SOURCE_PROVED_NOT_YET_ADMITTED
TP07F497,06:AC39:0:0:0,0x032C39,48,PHA,IMP,UNKNOWN,UNKNOWN,NONE,V05C-contexts.csv,SOURCE_PROVED_NOT_YET_ADMITTED
TP07F497,06:AC3A:0:0:0,0x032C3A,AD0F04,LDA,ABS,UNKNOWN,UNKNOWN,DBR:040F,V05C-contexts.csv,SOURCE_PROVED_NOT_YET_ADMITTED
TP07F497,06:AC3D:0:0:0,0x032C3D,48,PHA,IMP,UNKNOWN,UNKNOWN,NONE,V05C-contexts.csv,SOURCE_PROVED_NOT_YET_ADMITTED
TP07F497,06:AC3E:0:0:0,0x032C3E,AD1504,LDA,ABS,UNKNOWN,UNKNOWN,DBR:0415,V05C-contexts.csv,SOURCE_PROVED_NOT_YET_ADMITTED
TP07F497,06:AC41:0:0:0,0x032C41,48,PHA,IMP,UNKNOWN,UNKNOWN,NONE,V05C-contexts.csv,SOURCE_PROVED_NOT_YET_ADMITTED
TP07F497,06:AC42:0:0:0,0x032C42,E230,SEP,IMM8,UNKNOWN,UNKNOWN,NONE,V05C-contexts.csv,SOURCE_PROVED_NOT_YET_ADMITTED
TP07F497,06:AC44:0:1:1,0x032C44,AD0A07,LDA,ABS,UNKNOWN,UNKNOWN,DBR:070A,V05C-contexts.csv,SOURCE_PROVED_NOT_YET_ADMITTED
TP07F497,06:AC47:0:1:1,0x032C47,D003,BNE,REL8,UNKNOWN,UNKNOWN,NONE,V05C-contexts.csv,SOURCE_PROVED_NOT_YET_ADMITTED
TP07F497,06:AC49:0:1:1,0x032C49,82F00B,BRL,REL16,UNKNOWN,1,NONE,V05C-contexts.csv,SOURCE_PROVED_NOT_YET_ADMITTED
TP07F497,06:AC4C:0:1:1,0x032C4C,E230,SEP,IMM8,UNKNOWN,0,NONE,V05C-contexts.csv,SOURCE_PROVED_NOT_YET_ADMITTED
TP07F497,06:AC4E:0:1:1,0x032C4E,AD4607,LDA,ABS,UNKNOWN,0,DBR:0746,V05C-contexts.csv,SOURCE_PROVED_NOT_YET_ADMITTED
TP07F497,06:AC51:0:1:1,0x032C51,29C0,AND,IMM_M,UNKNOWN,UNKNOWN,NONE,V05C-contexts.csv,SOURCE_PROVED_NOT_YET_ADMITTED
TP07F497,06:AC53:0:1:1,0x032C53,F017,BEQ,REL8,UNKNOWN,UNKNOWN,NONE,V05C-contexts.csv,SOURCE_PROVED_NOT_YET_ADMITTED
TP07F497,06:AC55:0:1:1,0x032C55,A906,LDA,IMM_M,UNKNOWN,0|1,NONE,V05C-contexts.csv,SOURCE_PROVED_NOT_YET_ADMITTED
TP07F497,06:AC57:0:1:1,0x032C57,2214ED04,JSL,ABSL_JUMP,UNKNOWN,0,NONE,V05C-contexts.csv,SOURCE_PROVED_NOT_YET_ADMITTED
TP07F497,06:AC5B:0:1:1,0x032C5B,C230,REP,IMM8,1,UNKNOWN,NONE,V05C-contexts.csv,SOURCE_PROVED_NOT_YET_ADMITTED
TP07F497,06:AC5D:0:0:0,0x032C5D,A90100,LDA,IMM_M,1,UNKNOWN,NONE,V05C-contexts.csv,SOURCE_PROVED_NOT_YET_ADMITTED
TP07F497,06:AC60:0:0:0,0x032C60,8D0B04,STA,ABS,1,0,DBR:040B,V05C-contexts.csv,SOURCE_PROVED_NOT_YET_ADMITTED
TP07F497,06:AC63:0:0:0,0x032C63,AD3614,LDA,ABS,1,0,DBR:1436,V05C-contexts.csv,SOURCE_PROVED_NOT_YET_ADMITTED
TP07F497,06:AC66:0:0:0,0x032C66,8D0A08,STA,ABS,1,UNKNOWN,DBR:080A,V05C-contexts.csv,SOURCE_PROVED_NOT_YET_ADMITTED
TP07F497,06:AC69:0:0:0,0x032C69,82D00B,BRL,REL16,1,UNKNOWN,NONE,V05C-contexts.csv,SOURCE_PROVED_NOT_YET_ADMITTED
TP07F497,06:AC6C:0:1:1,0x032C6C,AD4707,LDA,ABS,UNKNOWN,1,DBR:0747,V05C-contexts.csv,SOURCE_PROVED_NOT_YET_ADMITTED
TP07F497,06:AC6F:0:1:1,0x032C6F,C980,CMP,IMM_M,UNKNOWN,UNKNOWN,NONE,V05C-contexts.csv,SOURCE_PROVED_NOT_YET_ADMITTED
TP07F497,06:AC71:0:1:1,0x032C71,F0E2,BEQ,REL8,UNKNOWN,UNKNOWN,NONE,V05C-contexts.csv,SOURCE_PROVED_NOT_YET_ADMITTED
TP07F497,06:AC73:0:1:1,0x032C73,C230,REP,IMM8,UNKNOWN,0,NONE,V05C-contexts.csv,SOURCE_PROVED_NOT_YET_ADMITTED
TP07F497,06:AC75:0:0:0,0x032C75,AD731D,LDA,ABS,UNKNOWN,0,DBR:1D73,V05C-contexts.csv,SOURCE_PROVED_NOT_YET_ADMITTED
TP07F497,06:AC78:0:0:0,0x032C78,C9FFFF,CMP,IMM_M,UNKNOWN,UNKNOWN,NONE,V05C-contexts.csv,SOURCE_PROVED_NOT_YET_ADMITTED
TP07F497,06:AC7B:0:0:0,0x032C7B,D003,BNE,REL8,UNKNOWN,UNKNOWN,NONE,V05C-contexts.csv,SOURCE_PROVED_NOT_YET_ADMITTED
TP07F497,06:AC7D:0:0:0,0x032C7D,82BC0B,BRL,REL16,UNKNOWN,1,NONE,V05C-contexts.csv,SOURCE_PROVED_NOT_YET_ADMITTED
TP07F497,06:AC80:0:0:0,0x032C80,E210,SEP,IMM8,UNKNOWN,0,NONE,V05C-contexts.csv,SOURCE_PROVED_NOT_YET_ADMITTED
TP07F497,06:AC82:0:0:1,0x032C82,C220,REP,IMM8,UNKNOWN,0,NONE,V05C-contexts.csv,SOURCE_PROVED_NOT_YET_ADMITTED
TP07F497,06:AC84:0:0:1,0x032C84,AD6C1F,LDA,ABS,UNKNOWN,0,DBR:1F6C,V05C-contexts.csv,SOURCE_PROVED_NOT_YET_ADMITTED
TP07F497,06:AC87:0:0:1,0x032C87,29FF00,AND,IMM_M,UNKNOWN,UNKNOWN,NONE,V05C-contexts.csv,SOURCE_PROVED_NOT_YET_ADMITTED
TP07F497,06:AC8A:0:0:1,0x032C8A,2286BC06,JSL,ABSL_JUMP,UNKNOWN,UNKNOWN,NONE,V05C-contexts.csv,SOURCE_PROVED_NOT_YET_ADMITTED
TP07F497,06:AC8E:0:0:1,0x032C8E,8D1F00,STA,ABS,UNKNOWN,UNKNOWN,DBR:001F,V05C-contexts.csv,SOURCE_PROVED_NOT_YET_ADMITTED
TP07F497,06:AC91:0:0:1,0x032C91,8E2100,STX,ABS,UNKNOWN,UNKNOWN,DBR:0021,V05C-contexts.csv,SOURCE_PROVED_NOT_YET_ADMITTED
TP07F497,06:AC94:0:0:1,0x032C94,9C0B04,STZ,ABS,UNKNOWN,UNKNOWN,DBR:040B,V05C-contexts.csv,SOURCE_PROVED_NOT_YET_ADMITTED
TP07F497,06:AC97:0:0:1,0x032C97,C230,REP,IMM8,UNKNOWN,UNKNOWN,NONE,V05C-contexts.csv,SOURCE_PROVED_NOT_YET_ADMITTED
TP07F497,06:AC99:0:0:0,0x032C99,A00800,LDY,IMM_X,UNKNOWN,UNKNOWN,NONE,V05C-contexts.csv,SOURCE_PROVED_NOT_YET_ADMITTED
TP07F497,06:AC9C:0:0:0,0x032C9C,B71F,LDA,DP_IND_LONG_Y,UNKNOWN,0,NONE,V05C-contexts.csv,SOURCE_PROVED_NOT_YET_ADMITTED
TP07F497,06:AC9E:0:0:0,0x032C9E,29FF00,AND,IMM_M,UNKNOWN,UNKNOWN,NONE,V05C-contexts.csv,SOURCE_PROVED_NOT_YET_ADMITTED
TP07F497,06:ACA1:0:0:0,0x032CA1,22A0BC06,JSL,ABSL_JUMP,UNKNOWN,UNKNOWN,NONE,V05C-contexts.csv,SOURCE_PROVED_NOT_YET_ADMITTED
TP07F497,06:ACA5:0:0:1,0x032CA5,8D1600,STA,ABS,UNKNOWN,UNKNOWN,DBR:0016,V05C-contexts.csv,SOURCE_PROVED_NOT_YET_ADMITTED
TP07F497,06:ACA8:0:0:1,0x032CA8,8E1800,STX,ABS,UNKNOWN,UNKNOWN,DBR:0018,V05C-contexts.csv,SOURCE_PROVED_NOT_YET_ADMITTED
TP07F497,06:ACAB:0:0:1,0x032CAB,A90000,LDA,IMM_M,UNKNOWN,UNKNOWN,NONE,V05C-contexts.csv,SOURCE_PROVED_NOT_YET_ADMITTED
TP07F497,06:ACAE:0:0:1,0x032CAE,E230,SEP,IMM8,UNKNOWN,1,NONE,V05C-contexts.csv,SOURCE_PROVED_NOT_YET_ADMITTED
TP07F497,06:ACB0:0:1:1,0x032CB0,A008,LDY,IMM_X,UNKNOWN,1,NONE,V05C-contexts.csv,SOURCE_PROVED_NOT_YET_ADMITTED
TP07F497,06:ACB2:0:1:1,0x032CB2,B71F,LDA,DP_IND_LONG_Y,UNKNOWN,0,NONE,V05C-contexts.csv,SOURCE_PROVED_NOT_YET_ADMITTED
TP07F497,06:ACB4:0:1:1,0x032CB4,C910,CMP,IMM_M,UNKNOWN,UNKNOWN,NONE,V05C-contexts.csv,SOURCE_PROVED_NOT_YET_ADMITTED
TP07F497,06:ACB6:0:1:1,0x032CB6,F003,BEQ,REL8,UNKNOWN,UNKNOWN,NONE,V05C-contexts.csv,SOURCE_PROVED_NOT_YET_ADMITTED
TP07F497,06:ACB8:0:1:1,0x032CB8,826002,BRL,REL16,UNKNOWN,0,NONE,V05C-contexts.csv,SOURCE_PROVED_NOT_YET_ADMITTED
TP07F497,06:ACBB:0:1:1,0x032CBB,E230,SEP,IMM8,UNKNOWN,1,NONE,V05C-contexts.csv,SOURCE_PROVED_NOT_YET_ADMITTED
TP07F497,06:ACBD:0:1:1,0x032CBD,AD4707,LDA,ABS,UNKNOWN,1,DBR:0747,V05C-contexts.csv,SOURCE_PROVED_NOT_YET_ADMITTED
TP07F497,06:ACC0:0:1:1,0x032CC0,C901,CMP,IMM_M,UNKNOWN,UNKNOWN,NONE,V05C-contexts.csv,SOURCE_PROVED_NOT_YET_ADMITTED
TP07F497,06:ACC2:0:1:1,0x032CC2,F00A,BEQ,REL8,UNKNOWN,UNKNOWN,NONE,V05C-contexts.csv,SOURCE_PROVED_NOT_YET_ADMITTED
TP07F497,06:ACC4:0:1:1,0x032CC4,AD4607,LDA,ABS,UNKNOWN,0,DBR:0746,V05C-contexts.csv,SOURCE_PROVED_NOT_YET_ADMITTED
TP07F497,06:ACC7:0:1:1,0x032CC7,C910,CMP,IMM_M,UNKNOWN,UNKNOWN,NONE,V05C-contexts.csv,SOURCE_PROVED_NOT_YET_ADMITTED
TP07F497,06:ACC9:0:1:1,0x032CC9,F003,BEQ,REL8,UNKNOWN,UNKNOWN,NONE,V05C-contexts.csv,SOURCE_PROVED_NOT_YET_ADMITTED
TP07F497,06:ACCB:0:1:1,0x032CCB,822601,BRL,REL16,UNKNOWN,0,NONE,V05C-contexts.csv,SOURCE_PROVED_NOT_YET_ADMITTED
TP07F497,06:ACCE:0:1:1,0x032CCE,C230,REP,IMM8,UNKNOWN,1,NONE,V05C-contexts.csv,SOURCE_PROVED_NOT_YET_ADMITTED
TP07F497,06:ACD0:0:0:0,0x032CD0,AD0A07,LDA,ABS,UNKNOWN,1,DBR:070A,V05C-contexts.csv,SOURCE_PROVED_NOT_YET_ADMITTED
TP07F497,06:ACD3:0:0:0,0x032CD3,C97800,CMP,IMM_M,UNKNOWN,UNKNOWN,NONE,V05C-contexts.csv,SOURCE_PROVED_NOT_YET_ADMITTED
TP07F497,06:ACD6:0:0:0,0x032CD6,F003,BEQ,REL8,UNKNOWN,UNKNOWN,NONE,V05C-contexts.csv,SOURCE_PROVED_NOT_YET_ADMITTED
TP07F497,06:ACD8:0:0:0,0x032CD8,824700,BRL,REL16,UNKNOWN,0,NONE,V05C-contexts.csv,SOURCE_PROVED_NOT_YET_ADMITTED
TP07F497,06:ACDB:0:0:0,0x032CDB,E210,SEP,IMM8,UNKNOWN,1,NONE,V05C-contexts.csv,SOURCE_PROVED_NOT_YET_ADMITTED
TP07F497,06:ACDD:0:0:1,0x032CDD,C220,REP,IMM8,UNKNOWN,1,NONE,V05C-contexts.csv,SOURCE_PROVED_NOT_YET_ADMITTED
TP07F497,06:ACDF:0:0:1,0x032CDF,AD3414,LDA,ABS,UNKNOWN,1,DBR:1434,V05C-contexts.csv,SOURCE_PROVED_NOT_YET_ADMITTED
TP07F497,06:ACE2:0:0:1,0x032CE2,229DC200,JSL,ABSL_JUMP,UNKNOWN,UNKNOWN,NONE,V05C-contexts.csv,SOURCE_PROVED_NOT_YET_ADMITTED
TP07F497,06:ACE6:0:0:1,0x032CE6,8D4900,STA,ABS,UNKNOWN,UNKNOWN,DBR:0049,V05C-contexts.csv,SOURCE_PROVED_NOT_YET_ADMITTED
TP07F497,06:ACE9:0:0:1,0x032CE9,8E4B00,STX,ABS,UNKNOWN,UNKNOWN,DBR:004B,V05C-contexts.csv,SOURCE_PROVED_NOT_YET_ADMITTED
TP07F497,06:ACEC:0:0:1,0x032CEC,A01A,LDY,IMM_X,UNKNOWN,UNKNOWN,NONE,V05C-contexts.csv,SOURCE_PROVED_NOT_YET_ADMITTED
TP07F497,06:ACEE:0:0:1,0x032CEE,B749,LDA,DP_IND_LONG_Y,UNKNOWN,0,NONE,V05C-contexts.csv,SOURCE_PROVED_NOT_YET_ADMITTED
TP07F497,06:ACF0:0:0:1,0x032CF0,2242C300,JSL,ABSL_JUMP,UNKNOWN,UNKNOWN,NONE,V05C-contexts.csv,SOURCE_PROVED_NOT_YET_ADMITTED
TP07F497,06:ACF4:0:0:1,0x032CF4,8D2200,STA,ABS,UNKNOWN,1,DBR:0022,V05C-contexts.csv,SOURCE_PROVED_NOT_YET_ADMITTED
TP07F497,06:ACF7:0:0:1,0x032CF7,8E2400,STX,ABS,UNKNOWN,1,DBR:0024,V05C-contexts.csv,SOURCE_PROVED_NOT_YET_ADMITTED
TP07F497,06:ACFA:0:0:1,0x032CFA,A00A,LDY,IMM_X,UNKNOWN,1,NONE,V05C-contexts.csv,SOURCE_PROVED_NOT_YET_ADMITTED
TP07F497,06:ACFC:0:0:1,0x032CFC,B722,LDA,DP_IND_LONG_Y,UNKNOWN,0,NONE,V05C-contexts.csv,SOURCE_PROVED_NOT_YET_ADMITTED
TP07F497,06:ACFE:0:0:1,0x032CFE,8D1504,STA,ABS,UNKNOWN,UNKNOWN,DBR:0415,V05C-contexts.csv,SOURCE_PROVED_NOT_YET_ADMITTED
TP07F497,06:AD01:0:0:1,0x032D01,A029,LDY,IMM_X,UNKNOWN,UNKNOWN,NONE,V05C-contexts.csv,SOURCE_PROVED_NOT_YET_ADMITTED
TP07F497,06:AD03:0:0:1,0x032D03,B749,LDA,DP_IND_LONG_Y,UNKNOWN,0,NONE,V05C-contexts.csv,SOURCE_PROVED_NOT_YET_ADMITTED
TP07F497,06:AD05:0:0:1,0x032D05,CD1504,CMP,ABS,UNKNOWN,UNKNOWN,DBR:0415,V05C-contexts.csv,SOURCE_PROVED_NOT_YET_ADMITTED
TP07F497,06:AD08:0:0:1,0x032D08,9003,BCC,REL8,UNKNOWN,UNKNOWN,NONE,V05C-contexts.csv,SOURCE_PROVED_NOT_YET_ADMITTED
TP07F497,06:AD0A:0:0:1,0x032D0A,822F0B,BRL,REL16,1,UNKNOWN,NONE,V05C-contexts.csv,SOURCE_PROVED_NOT_YET_ADMITTED
TP07F497,06:AD0D:0:0:1,0x032D0D,A029,LDY,IMM_X,0,UNKNOWN,NONE,V05C-contexts.csv,SOURCE_PROVED_NOT_YET_ADMITTED
TP07F497,06:AD0F:0:0:1,0x032D0F,B749,LDA,DP_IND_LONG_Y,0,0,NONE,V05C-contexts.csv,SOURCE_PROVED_NOT_YET_ADMITTED
TP07F497,06:AD11:0:0:1,0x032D11,1A,INC,ACC,0,UNKNOWN,NONE,V05C-contexts.csv,SOURCE_PROVED_NOT_YET_ADMITTED
TP07F497,06:AD12:0:0:1,0x032D12,9749,STA,DP_IND_LONG_Y,0,UNKNOWN,NONE,V05C-contexts.csv,SOURCE_PROVED_NOT_YET_ADMITTED
TP07F497,06:AD14:0:0:1,0x032D14,A90800,LDA,IMM_M,0,UNKNOWN,NONE,V05C-contexts.csv,SOURCE_PROVED_NOT_YET_ADMITTED
TP07F497,06:AD17:0:0:1,0x032D17,220AED04,JSL,ABSL_JUMP,0,0,NONE,V05C-contexts.csv,SOURCE_PROVED_NOT_YET_ADMITTED
TP07F497,06:AD1B:0:1:1,0x032D1B,E220,SEP,IMM8,UNKNOWN|0|1,UNKNOWN|0|1,NONE,V05C-contexts.csv,SOURCE_PROVED_NOT_YET_ADMITTED
TP07F497,06:AD1D:0:1:1,0x032D1D,C210,REP,IMM8,UNKNOWN|0|1,UNKNOWN|0|1,NONE,V05C-contexts.csv,SOURCE_PROVED_NOT_YET_ADMITTED
TP07F497,06:AD1F:0:1:0,0x032D1F,821A0B,BRL,REL16,UNKNOWN|0|1,UNKNOWN|0|1,NONE,V05C-contexts.csv,SOURCE_PROVED_NOT_YET_ADMITTED
TP07F497,06:AD22:0:0:0,0x032D22,C230,REP,IMM8,UNKNOWN,0,NONE,V05C-contexts.csv,SOURCE_PROVED_NOT_YET_ADMITTED
TP07F497,06:AD24:0:0:0,0x032D24,AD0A07,LDA,ABS,UNKNOWN,0,DBR:070A,V05C-contexts.csv,SOURCE_PROVED_NOT_YET_ADMITTED
TP07F497,06:AD27:0:0:0,0x032D27,C97A00,CMP,IMM_M,UNKNOWN,UNKNOWN,NONE,V05C-contexts.csv,SOURCE_PROVED_NOT_YET_ADMITTED
TP07F497,06:AD2A:0:0:0,0x032D2A,F003,BEQ,REL8,UNKNOWN,UNKNOWN,NONE,V05C-contexts.csv,SOURCE_PROVED_NOT_YET_ADMITTED
TP07F497,06:AD2C:0:0:0,0x032D2C,824300,BRL,REL16,UNKNOWN,0,NONE,V05C-contexts.csv,SOURCE_PROVED_NOT_YET_ADMITTED
TP07F497,06:AD2F:0:0:0,0x032D2F,E210,SEP,IMM8,UNKNOWN,1,NONE,V05C-contexts.csv,SOURCE_PROVED_NOT_YET_ADMITTED
TP07F497,06:AD31:0:0:1,0x032D31,C220,REP,IMM8,UNKNOWN,1,NONE,V05C-contexts.csv,SOURCE_PROVED_NOT_YET_ADMITTED
TP07F497,06:AD33:0:0:1,0x032D33,AD3414,LDA,ABS,UNKNOWN,1,DBR:1434,V05C-contexts.csv,SOURCE_PROVED_NOT_YET_ADMITTED
TP07F497,06:AD36:0:0:1,0x032D36,229DC200,JSL,ABSL_JUMP,UNKNOWN,UNKNOWN,NONE,V05C-contexts.csv,SOURCE_PROVED_NOT_YET_ADMITTED
TP07F497,06:AD3A:0:0:1,0x032D3A,8D4900,STA,ABS,UNKNOWN,UNKNOWN,DBR:0049,V05C-contexts.csv,SOURCE_PROVED_NOT_YET_ADMITTED
TP07F497,06:AD3D:0:0:1,0x032D3D,8E4B00,STX,ABS,UNKNOWN,UNKNOWN,DBR:004B,V05C-contexts.csv,SOURCE_PROVED_NOT_YET_ADMITTED
TP07F497,06:AD40:0:0:1,0x032D40,A01A,LDY,IMM_X,UNKNOWN,UNKNOWN,NONE,V05C-contexts.csv,SOURCE_PROVED_NOT_YET_ADMITTED
TP07F497,06:AD42:0:0:1,0x032D42,B749,LDA,DP_IND_LONG_Y,UNKNOWN,0,NONE,V05C-contexts.csv,SOURCE_PROVED_NOT_YET_ADMITTED
TP07F497,06:AD44:0:0:1,0x032D44,2250C300,JSL,ABSL_JUMP,UNKNOWN,UNKNOWN,NONE,V05C-contexts.csv,SOURCE_PROVED_NOT_YET_ADMITTED
TP07F497,06:AD48:0:0:1,0x032D48,8D2200,STA,ABS,UNKNOWN,1,DBR:0022,V05C-contexts.csv,SOURCE_PROVED_NOT_YET_ADMITTED
TP07F497,06:AD4B:0:0:1,0x032D4B,8E2400,STX,ABS,UNKNOWN,1,DBR:0024,V05C-contexts.csv,SOURCE_PROVED_NOT_YET_ADMITTED
TP07F497,06:AD4E:0:0:1,0x032D4E,A00C,LDY,IMM_X,UNKNOWN,1,NONE,V05C-contexts.csv,SOURCE_PROVED_NOT_YET_ADMITTED
TP07F497,06:AD50:0:0:1,0x032D50,B722,LDA,DP_IND_LONG_Y,UNKNOWN,0,NONE,V05C-contexts.csv,SOURCE_PROVED_NOT_YET_ADMITTED
TP07F497,06:AD52:0:0:1,0x032D52,8D1504,STA,ABS,UNKNOWN,UNKNOWN,DBR:0415,V05C-contexts.csv,SOURCE_PROVED_NOT_YET_ADMITTED
TP07F497,06:AD55:0:0:1,0x032D55,C9E603,CMP,IMM_M,UNKNOWN,UNKNOWN,NONE,V05C-contexts.csv,SOURCE_PROVED_NOT_YET_ADMITTED
TP07F497,06:AD58:0:0:1,0x032D58,9003,BCC,REL8,UNKNOWN,UNKNOWN,NONE,V05C-contexts.csv,SOURCE_PROVED_NOT_YET_ADMITTED
TP07F497,06:AD5A:0:0:1,0x032D5A,82DF0A,BRL,REL16,1,UNKNOWN,NONE,V05C-contexts.csv,SOURCE_PROVED_NOT_YET_ADMITTED
TP07F497,06:AD5D:0:0:1,0x032D5D,A00C,LDY,IMM_X,0,UNKNOWN,NONE,V05C-contexts.csv,SOURCE_PROVED_NOT_YET_ADMITTED
TP07F497,06:AD5F:0:0:1,0x032D5F,B722,LDA,DP_IND_LONG_Y,0,0,NONE,V05C-contexts.csv,SOURCE_PROVED_NOT_YET_ADMITTED
TP07F497,06:AD61:0:0:1,0x032D61,1A,INC,ACC,0,UNKNOWN,NONE,V05C-contexts.csv,SOURCE_PROVED_NOT_YET_ADMITTED
TP07F497,06:AD62:0:0:1,0x032D62,9722,STA,DP_IND_LONG_Y,0,UNKNOWN,NONE,V05C-contexts.csv,SOURCE_PROVED_NOT_YET_ADMITTED
TP07F497,06:AD64:0:0:1,0x032D64,A90800,LDA,IMM_M,0,UNKNOWN,NONE,V05C-contexts.csv,SOURCE_PROVED_NOT_YET_ADMITTED
TP07F497,06:AD67:0:0:1,0x032D67,220AED04,JSL,ABSL_JUMP,0,0,NONE,V05C-contexts.csv,SOURCE_PROVED_NOT_YET_ADMITTED
TP07F497,06:AD6B:0:1:1,0x032D6B,E220,SEP,IMM8,UNKNOWN|0|1,UNKNOWN|0|1,NONE,V05C-contexts.csv,SOURCE_PROVED_NOT_YET_ADMITTED
TP07F497,06:AD6D:0:1:1,0x032D6D,C210,REP,IMM8,UNKNOWN|0|1,UNKNOWN|0|1,NONE,V05C-contexts.csv,SOURCE_PROVED_NOT_YET_ADMITTED
TP07F497,06:AD6F:0:1:0,0x032D6F,82CA0A,BRL,REL16,UNKNOWN|0|1,UNKNOWN|0|1,NONE,V05C-contexts.csv,SOURCE_PROVED_NOT_YET_ADMITTED
TP07F497,06:AD72:0:0:0,0x032D72,C230,REP,IMM8,UNKNOWN,0,NONE,V05C-contexts.csv,SOURCE_PROVED_NOT_YET_ADMITTED
TP07F497,06:AD74:0:0:0,0x032D74,AD0A07,LDA,ABS,UNKNOWN,0,DBR:070A,V05C-contexts.csv,SOURCE_PROVED_NOT_YET_ADMITTED
TP07F497,06:AD77:0:0:0,0x032D77,C98700,CMP,IMM_M,UNKNOWN,UNKNOWN,NONE,V05C-contexts.csv,SOURCE_PROVED_NOT_YET_ADMITTED
TP07F497,06:AD7A:0:0:0,0x032D7A,F003,BEQ,REL8,UNKNOWN,UNKNOWN,NONE,V05C-contexts.csv,SOURCE_PROVED_NOT_YET_ADMITTED
TP07F497,06:AD7C:0:0:0,0x032D7C,824300,BRL,REL16,UNKNOWN,0,NONE,V05C-contexts.csv,SOURCE_PROVED_NOT_YET_ADMITTED
TP07F497,06:AD7F:0:0:0,0x032D7F,E210,SEP,IMM8,UNKNOWN,1,NONE,V05C-contexts.csv,SOURCE_PROVED_NOT_YET_ADMITTED
TP07F497,06:AD81:0:0:1,0x032D81,C220,REP,IMM8,UNKNOWN,1,NONE,V05C-contexts.csv,SOURCE_PROVED_NOT_YET_ADMITTED
TP07F497,06:AD83:0:0:1,0x032D83,AD3414,LDA,ABS,UNKNOWN,1,DBR:1434,V05C-contexts.csv,SOURCE_PROVED_NOT_YET_ADMITTED
TP07F497,06:AD86:0:0:1,0x032D86,229DC200,JSL,ABSL_JUMP,UNKNOWN,UNKNOWN,NONE,V05C-contexts.csv,SOURCE_PROVED_NOT_YET_ADMITTED
TP07F497,06:AD8A:0:0:1,0x032D8A,8D4900,STA,ABS,UNKNOWN,UNKNOWN,DBR:0049,V05C-contexts.csv,SOURCE_PROVED_NOT_YET_ADMITTED
TP07F497,06:AD8D:0:0:1,0x032D8D,8E4B00,STX,ABS,UNKNOWN,UNKNOWN,DBR:004B,V05C-contexts.csv,SOURCE_PROVED_NOT_YET_ADMITTED
TP07F497,06:AD90:0:0:1,0x032D90,A01A,LDY,IMM_X,UNKNOWN,UNKNOWN,NONE,V05C-contexts.csv,SOURCE_PROVED_NOT_YET_ADMITTED
TP07F497,06:AD92:0:0:1,0x032D92,B749,LDA,DP_IND_LONG_Y,UNKNOWN,0,NONE,V05C-contexts.csv,SOURCE_PROVED_NOT_YET_ADMITTED
TP07F497,06:AD94:0:0:1,0x032D94,2250C300,JSL,ABSL_JUMP,UNKNOWN,UNKNOWN,NONE,V05C-contexts.csv,SOURCE_PROVED_NOT_YET_ADMITTED
TP07F497,06:AD98:0:0:1,0x032D98,8D2200,STA,ABS,UNKNOWN,1,DBR:0022,V05C-contexts.csv,SOURCE_PROVED_NOT_YET_ADMITTED
TP07F497,06:AD9B:0:0:1,0x032D9B,8E2400,STX,ABS,UNKNOWN,1,DBR:0024,V05C-contexts.csv,SOURCE_PROVED_NOT_YET_ADMITTED
TP07F497,06:AD9E:0:0:1,0x032D9E,A00C,LDY,IMM_X,UNKNOWN,1,NONE,V05C-contexts.csv,SOURCE_PROVED_NOT_YET_ADMITTED
TP07F497,06:ADA0:0:0:1,0x032DA0,B722,LDA,DP_IND_LONG_Y,UNKNOWN,0,NONE,V05C-contexts.csv,SOURCE_PROVED_NOT_YET_ADMITTED
TP07F497,06:ADA2:0:0:1,0x032DA2,8D1504,STA,ABS,UNKNOWN,UNKNOWN,DBR:0415,V05C-contexts.csv,SOURCE_PROVED_NOT_YET_ADMITTED
TP07F497,06:ADA5:0:0:1,0x032DA5,C9E603,CMP,IMM_M,UNKNOWN,UNKNOWN,NONE,V05C-contexts.csv,SOURCE_PROVED_NOT_YET_ADMITTED
TP07F497,06:ADA8:0:0:1,0x032DA8,9003,BCC,REL8,UNKNOWN,UNKNOWN,NONE,V05C-contexts.csv,SOURCE_PROVED_NOT_YET_ADMITTED
TP07F497,06:ADAA:0:0:1,0x032DAA,828F0A,BRL,REL16,1,UNKNOWN,NONE,V05C-contexts.csv,SOURCE_PROVED_NOT_YET_ADMITTED
TP07F497,06:ADAD:0:0:1,0x032DAD,A00C,LDY,IMM_X,0,UNKNOWN,NONE,V05C-contexts.csv,SOURCE_PROVED_NOT_YET_ADMITTED
TP07F497,06:ADAF:0:0:1,0x032DAF,B722,LDA,DP_IND_LONG_Y,0,0,NONE,V05C-contexts.csv,SOURCE_PROVED_NOT_YET_ADMITTED
TP07F497,06:ADB1:0:0:1,0x032DB1,1A,INC,ACC,0,UNKNOWN,NONE,V05C-contexts.csv,SOURCE_PROVED_NOT_YET_ADMITTED
TP07F497,06:ADB2:0:0:1,0x032DB2,9722,STA,DP_IND_LONG_Y,0,UNKNOWN,NONE,V05C-contexts.csv,SOURCE_PROVED_NOT_YET_ADMITTED
TP07F497,06:ADB4:0:0:1,0x032DB4,A90800,LDA,IMM_M,0,UNKNOWN,NONE,V05C-contexts.csv,SOURCE_PROVED_NOT_YET_ADMITTED
TP07F497,06:ADB7:0:0:1,0x032DB7,220AED04,JSL,ABSL_JUMP,0,0,NONE,V05C-contexts.csv,SOURCE_PROVED_NOT_YET_ADMITTED
TP07F497,06:ADBB:0:1:1,0x032DBB,E220,SEP,IMM8,UNKNOWN|0|1,UNKNOWN|0|1,NONE,V05C-contexts.csv,SOURCE_PROVED_NOT_YET_ADMITTED
TP07F497,06:ADBD:0:1:1,0x032DBD,C210,REP,IMM8,UNKNOWN|0|1,UNKNOWN|0|1,NONE,V05C-contexts.csv,SOURCE_PROVED_NOT_YET_ADMITTED
TP07F497,06:ADBF:0:1:0,0x032DBF,827A0A,BRL,REL16,UNKNOWN|0|1,UNKNOWN|0|1,NONE,V05C-contexts.csv,SOURCE_PROVED_NOT_YET_ADMITTED
TP07F497,06:ADC2:0:0:0,0x032DC2,C230,REP,IMM8,UNKNOWN,0,NONE,V05C-contexts.csv,SOURCE_PROVED_NOT_YET_ADMITTED
TP07F497,06:ADC4:0:0:0,0x032DC4,AD0A07,LDA,ABS,UNKNOWN,0,DBR:070A,V05C-contexts.csv,SOURCE_PROVED_NOT_YET_ADMITTED
TP07F497,06:ADC7:0:0:0,0x032DC7,C99C00,CMP,IMM_M,UNKNOWN,UNKNOWN,NONE,V05C-contexts.csv,SOURCE_PROVED_NOT_YET_ADMITTED
TP07F497,06:ADCA:0:0:0,0x032DCA,F003,BEQ,REL8,UNKNOWN,UNKNOWN,NONE,V05C-contexts.csv,SOURCE_PROVED_NOT_YET_ADMITTED
TP07F497,06:ADCC:0:0:0,0x032DCC,822500,BRL,REL16,UNKNOWN,0,NONE,V05C-contexts.csv,SOURCE_PROVED_NOT_YET_ADMITTED
TP07F497,06:ADCF:0:0:0,0x032DCF,E210,SEP,IMM8,UNKNOWN,1,NONE,V05C-contexts.csv,SOURCE_PROVED_NOT_YET_ADMITTED
TP07F497,06:ADD1:0:0:1,0x032DD1,C220,REP,IMM8,UNKNOWN,1,NONE,V05C-contexts.csv,SOURCE_PROVED_NOT_YET_ADMITTED
TP07F497,06:ADD3:0:0:1,0x032DD3,A01D,LDY,IMM_X,UNKNOWN,1,NONE,V05C-contexts.csv,SOURCE_PROVED_NOT_YET_ADMITTED
TP07F497,06:ADD5:0:0:1,0x032DD5,B75B,LDA,DP_IND_LONG_Y,UNKNOWN,0,NONE,V05C-contexts.csv,SOURCE_PROVED_NOT_YET_ADMITTED
TP07F497,06:ADD7:0:0:1,0x032DD7,C9E603,CMP,IMM_M,UNKNOWN,UNKNOWN,NONE,V05C-contexts.csv,SOURCE_PROVED_NOT_YET_ADMITTED
TP07F497,06:ADDA:0:0:1,0x032DDA,9003,BCC,REL8,UNKNOWN,UNKNOWN,NONE,V05C-contexts.csv,SOURCE_PROVED_NOT_YET_ADMITTED
TP07F497,06:ADDC:0:0:1,0x032DDC,825D0A,BRL,REL16,1,UNKNOWN,NONE,V05C-contexts.csv,SOURCE_PROVED_NOT_YET_ADMITTED
TP07F497,06:ADDF:0:0:1,0x032DDF,A01D,LDY,IMM_X,0,UNKNOWN,NONE,V05C-contexts.csv,SOURCE_PROVED_NOT_YET_ADMITTED
TP07F497,06:ADE1:0:0:1,0x032DE1,B75B,LDA,DP_IND_LONG_Y,0,0,NONE,V05C-contexts.csv,SOURCE_PROVED_NOT_YET_ADMITTED
TP07F497,06:ADE3:0:0:1,0x032DE3,1A,INC,ACC,0,UNKNOWN,NONE,V05C-contexts.csv,SOURCE_PROVED_NOT_YET_ADMITTED
TP07F497,06:ADE4:0:0:1,0x032DE4,975B,STA,DP_IND_LONG_Y,0,UNKNOWN,NONE,V05C-contexts.csv,SOURCE_PROVED_NOT_YET_ADMITTED
TP07F497,06:ADE6:0:0:1,0x032DE6,A90800,LDA,IMM_M,0,UNKNOWN,NONE,V05C-contexts.csv,SOURCE_PROVED_NOT_YET_ADMITTED
TP07F497,06:ADE9:0:0:1,0x032DE9,220AED04,JSL,ABSL_JUMP,0,0,NONE,V05C-contexts.csv,SOURCE_PROVED_NOT_YET_ADMITTED
TP07F497,06:ADED:0:1:1,0x032DED,E220,SEP,IMM8,UNKNOWN|0|1,UNKNOWN|0|1,NONE,V05C-contexts.csv,SOURCE_PROVED_NOT_YET_ADMITTED
TP07F497,06:ADEF:0:1:1,0x032DEF,C210,REP,IMM8,UNKNOWN|0|1,UNKNOWN|0|1,NONE,V05C-contexts.csv,SOURCE_PROVED_NOT_YET_ADMITTED
TP07F497,06:ADF1:0:1:0,0x032DF1,82480A,BRL,REL16,UNKNOWN|0|1,UNKNOWN|0|1,NONE,V05C-contexts.csv,SOURCE_PROVED_NOT_YET_ADMITTED
TP07F497,06:ADF4:0:0:0,0x032DF4,E230,SEP,IMM8,UNKNOWN,0,NONE,V05C-contexts.csv,SOURCE_PROVED_NOT_YET_ADMITTED
TP07F497,06:ADF4:0:1:1,0x032DF4,E230,SEP,IMM8,UNKNOWN,0,NONE,V05C-contexts.csv,SOURCE_PROVED_NOT_YET_ADMITTED
TP07F497,06:ADF6:0:1:1,0x032DF6,AD4707,LDA,ABS,UNKNOWN,0,DBR:0747,V05C-contexts.csv,SOURCE_PROVED_NOT_YET_ADMITTED
TP07F497,06:ADF9:0:1:1,0x032DF9,C902,CMP,IMM_M,UNKNOWN,UNKNOWN,NONE,V05C-contexts.csv,SOURCE_PROVED_NOT_YET_ADMITTED
TP07F497,06:ADFB:0:1:1,0x032DFB,F00A,BEQ,REL8,UNKNOWN,UNKNOWN,NONE,V05C-contexts.csv,SOURCE_PROVED_NOT_YET_ADMITTED
TP07F497,06:ADFD:0:1:1,0x032DFD,AD4607,LDA,ABS,UNKNOWN,0,DBR:0746,V05C-contexts.csv,SOURCE_PROVED_NOT_YET_ADMITTED
TP07F497,06:AE00:0:1:1,0x032E00,C920,CMP,IMM_M,UNKNOWN,UNKNOWN,NONE,V05C-contexts.csv,SOURCE_PROVED_NOT_YET_ADMITTED
TP07F497,06:AE02:0:1:1,0x032E02,F003,BEQ,REL8,UNKNOWN,UNKNOWN,NONE,V05C-contexts.csv,SOURCE_PROVED_NOT_YET_ADMITTED
TP07F497,06:AE04:0:1:1,0x032E04,82350A,BRL,REL16,UNKNOWN,0,NONE,V05C-contexts.csv,SOURCE_PROVED_NOT_YET_ADMITTED
TP07F497,06:AE07:0:1:1,0x032E07,C230,REP,IMM8,UNKNOWN,1,NONE,V05C-contexts.csv,SOURCE_PROVED_NOT_YET_ADMITTED
TP07F497,06:AE09:0:0:0,0x032E09,AD0A07,LDA,ABS,UNKNOWN,1,DBR:070A,V05C-contexts.csv,SOURCE_PROVED_NOT_YET_ADMITTED
TP07F497,06:AE0C:0:0:0,0x032E0C,C97800,CMP,IMM_M,UNKNOWN,UNKNOWN,NONE,V05C-contexts.csv,SOURCE_PROVED_NOT_YET_ADMITTED
TP07F497,06:AE0F:0:0:0,0x032E0F,F003,BEQ,REL8,UNKNOWN,UNKNOWN,NONE,V05C-contexts.csv,SOURCE_PROVED_NOT_YET_ADMITTED
TP07F497,06:AE11:0:0:0,0x032E11,823400,BRL,REL16,UNKNOWN,0,NONE,V05C-contexts.csv,SOURCE_PROVED_NOT_YET_ADMITTED
TP07F497,06:AE14:0:0:0,0x032E14,E210,SEP,IMM8,UNKNOWN,1,NONE,V05C-contexts.csv,SOURCE_PROVED_NOT_YET_ADMITTED
TP07F497,06:AE16:0:0:1,0x032E16,C220,REP,IMM8,UNKNOWN,1,NONE,V05C-contexts.csv,SOURCE_PROVED_NOT_YET_ADMITTED
TP07F497,06:AE18:0:0:1,0x032E18,AD3414,LDA,ABS,UNKNOWN,1,DBR:1434,V05C-contexts.csv,SOURCE_PROVED_NOT_YET_ADMITTED
TP07F497,06:AE1B:0:0:1,0x032E1B,229DC200,JSL,ABSL_JUMP,UNKNOWN,UNKNOWN,NONE,V05C-contexts.csv,SOURCE_PROVED_NOT_YET_ADMITTED
TP07F497,06:AE1F:0:0:1,0x032E1F,8D4900,STA,ABS,UNKNOWN,UNKNOWN,DBR:0049,V05C-contexts.csv,SOURCE_PROVED_NOT_YET_ADMITTED
TP07F497,06:AE22:0:0:1,0x032E22,8E4B00,STX,ABS,UNKNOWN,UNKNOWN,DBR:004B,V05C-contexts.csv,SOURCE_PROVED_NOT_YET_ADMITTED
TP07F497,06:AE25:0:0:1,0x032E25,A029,LDY,IMM_X,UNKNOWN,UNKNOWN,NONE,V05C-contexts.csv,SOURCE_PROVED_NOT_YET_ADMITTED
TP07F497,06:AE27:0:0:1,0x032E27,B749,LDA,DP_IND_LONG_Y,UNKNOWN,0,NONE,V05C-contexts.csv,SOURCE_PROVED_NOT_YET_ADMITTED
TP07F497,06:AE29:0:0:1,0x032E29,C90100,CMP,IMM_M,UNKNOWN,UNKNOWN,NONE,V05C-contexts.csv,SOURCE_PROVED_NOT_YET_ADMITTED
TP07F497,06:AE2C:0:0:1,0x032E2C,F002,BEQ,REL8,UNKNOWN,UNKNOWN,NONE,V05C-contexts.csv,SOURCE_PROVED_NOT_YET_ADMITTED
TP07F497,06:AE2E:0:0:1,0x032E2E,B003,BCS,REL8,UNKNOWN,0,NONE,V05C-contexts.csv,SOURCE_PROVED_NOT_YET_ADMITTED
TP07F497,06:AE30:0:0:1,0x032E30,82090A,BRL,REL16,UNKNOWN|0,0|1,NONE,V05C-contexts.csv,SOURCE_PROVED_NOT_YET_ADMITTED
TP07F497,06:AE33:0:0:1,0x032E33,A029,LDY,IMM_X,1,0,NONE,V05C-contexts.csv,SOURCE_PROVED_NOT_YET_ADMITTED
TP07F497,06:AE35:0:0:1,0x032E35,B749,LDA,DP_IND_LONG_Y,1,0,NONE,V05C-contexts.csv,SOURCE_PROVED_NOT_YET_ADMITTED
TP07F497,06:AE37:0:0:1,0x032E37,3A,DEC,ACC,1,UNKNOWN,NONE,V05C-contexts.csv,SOURCE_PROVED_NOT_YET_ADMITTED
TP07F497,06:AE38:0:0:1,0x032E38,9749,STA,DP_IND_LONG_Y,1,UNKNOWN,NONE,V05C-contexts.csv,SOURCE_PROVED_NOT_YET_ADMITTED
TP07F497,06:AE3A:0:0:1,0x032E3A,A90700,LDA,IMM_M,1,UNKNOWN,NONE,V05C-contexts.csv,SOURCE_PROVED_NOT_YET_ADMITTED
TP07F497,06:AE3D:0:0:1,0x032E3D,220AED04,JSL,ABSL_JUMP,1,0,NONE,V05C-contexts.csv,SOURCE_PROVED_NOT_YET_ADMITTED
TP07F497,06:AE41:0:1:1,0x032E41,E220,SEP,IMM8,UNKNOWN|0|1,UNKNOWN|0|1,NONE,V05C-contexts.csv,SOURCE_PROVED_NOT_YET_ADMITTED
TP07F497,06:AE43:0:1:1,0x032E43,C210,REP,IMM8,UNKNOWN|0|1,UNKNOWN|0|1,NONE,V05C-contexts.csv,SOURCE_PROVED_NOT_YET_ADMITTED
TP07F497,06:AE45:0:1:0,0x032E45,82F409,BRL,REL16,UNKNOWN|0|1,UNKNOWN|0|1,NONE,V05C-contexts.csv,SOURCE_PROVED_NOT_YET_ADMITTED
TP07F497,06:AE48:0:0:0,0x032E48,C230,REP,IMM8,UNKNOWN,0,NONE,V05C-contexts.csv,SOURCE_PROVED_NOT_YET_ADMITTED
TP07F497,06:AE4A:0:0:0,0x032E4A,AD0A07,LDA,ABS,UNKNOWN,0,DBR:070A,V05C-contexts.csv,SOURCE_PROVED_NOT_YET_ADMITTED
TP07F497,06:AE4D:0:0:0,0x032E4D,C97A00,CMP,IMM_M,UNKNOWN,UNKNOWN,NONE,V05C-contexts.csv,SOURCE_PROVED_NOT_YET_ADMITTED
TP07F497,06:AE50:0:0:0,0x032E50,F003,BEQ,REL8,UNKNOWN,UNKNOWN,NONE,V05C-contexts.csv,SOURCE_PROVED_NOT_YET_ADMITTED
TP07F497,06:AE52:0:0:0,0x032E52,824200,BRL,REL16,UNKNOWN,0,NONE,V05C-contexts.csv,SOURCE_PROVED_NOT_YET_ADMITTED
TP07F497,06:AE55:0:0:0,0x032E55,E210,SEP,IMM8,UNKNOWN,1,NONE,V05C-contexts.csv,SOURCE_PROVED_NOT_YET_ADMITTED
TP07F497,06:AE57:0:0:1,0x032E57,C220,REP,IMM8,UNKNOWN,1,NONE,V05C-contexts.csv,SOURCE_PROVED_NOT_YET_ADMITTED
TP07F497,06:AE59:0:0:1,0x032E59,AD3414,LDA,ABS,UNKNOWN,1,DBR:1434,V05C-contexts.csv,SOURCE_PROVED_NOT_YET_ADMITTED
TP07F497,06:AE5C:0:0:1,0x032E5C,229DC200,JSL,ABSL_JUMP,UNKNOWN,UNKNOWN,NONE,V05C-contexts.csv,SOURCE_PROVED_NOT_YET_ADMITTED
TP07F497,06:AE60:0:0:1,0x032E60,8D4900,STA,ABS,UNKNOWN,UNKNOWN,DBR:0049,V05C-contexts.csv,SOURCE_PROVED_NOT_YET_ADMITTED
TP07F497,06:AE63:0:0:1,0x032E63,8E4B00,STX,ABS,UNKNOWN,UNKNOWN,DBR:004B,V05C-contexts.csv,SOURCE_PROVED_NOT_YET_ADMITTED
TP07F497,06:AE66:0:0:1,0x032E66,A01A,LDY,IMM_X,UNKNOWN,UNKNOWN,NONE,V05C-contexts.csv,SOURCE_PROVED_NOT_YET_ADMITTED
TP07F497,06:AE68:0:0:1,0x032E68,B749,LDA,DP_IND_LONG_Y,UNKNOWN,0,NONE,V05C-contexts.csv,SOURCE_PROVED_NOT_YET_ADMITTED
TP07F497,06:AE6A:0:0:1,0x032E6A,2250C300,JSL,ABSL_JUMP,UNKNOWN,UNKNOWN,NONE,V05C-contexts.csv,SOURCE_PROVED_NOT_YET_ADMITTED
TP07F497,06:AE6E:0:0:1,0x032E6E,8D2200,STA,ABS,UNKNOWN,1,DBR:0022,V05C-contexts.csv,SOURCE_PROVED_NOT_YET_ADMITTED
TP07F497,06:AE71:0:0:1,0x032E71,8E2400,STX,ABS,UNKNOWN,1,DBR:0024,V05C-contexts.csv,SOURCE_PROVED_NOT_YET_ADMITTED
TP07F497,06:AE74:0:0:1,0x032E74,A00C,LDY,IMM_X,UNKNOWN,1,NONE,V05C-contexts.csv,SOURCE_PROVED_NOT_YET_ADMITTED
TP07F497,06:AE76:0:0:1,0x032E76,B722,LDA,DP_IND_LONG_Y,UNKNOWN,0,NONE,V05C-contexts.csv,SOURCE_PROVED_NOT_YET_ADMITTED
TP07F497,06:AE78:0:0:1,0x032E78,C90500,CMP,IMM_M,UNKNOWN,UNKNOWN,NONE,V05C-contexts.csv,SOURCE_PROVED_NOT_YET_ADMITTED
TP07F497,06:AE7B:0:0:1,0x032E7B,F002,BEQ,REL8,UNKNOWN,UNKNOWN,NONE,V05C-contexts.csv,SOURCE_PROVED_NOT_YET_ADMITTED
TP07F497,06:AE7D:0:0:1,0x032E7D,B003,BCS,REL8,UNKNOWN,0,NONE,V05C-contexts.csv,SOURCE_PROVED_NOT_YET_ADMITTED
TP07F497,06:AE7F:0:0:1,0x032E7F,82BA09,BRL,REL16,UNKNOWN|0,0|1,NONE,V05C-contexts.csv,SOURCE_PROVED_NOT_YET_ADMITTED
TP07F497,06:AE82:0:0:1,0x032E82,A00C,LDY,IMM_X,1,0,NONE,V05C-contexts.csv,SOURCE_PROVED_NOT_YET_ADMITTED
TP07F497,06:AE84:0:0:1,0x032E84,B722,LDA,DP_IND_LONG_Y,1,0,NONE,V05C-contexts.csv,SOURCE_PROVED_NOT_YET_ADMITTED
TP07F497,06:AE86:0:0:1,0x032E86,3A,DEC,ACC,1,UNKNOWN,NONE,V05C-contexts.csv,SOURCE_PROVED_NOT_YET_ADMITTED
TP07F497,06:AE87:0:0:1,0x032E87,9722,STA,DP_IND_LONG_Y,1,UNKNOWN,NONE,V05C-contexts.csv,SOURCE_PROVED_NOT_YET_ADMITTED
TP07F497,06:AE89:0:0:1,0x032E89,A90700,LDA,IMM_M,1,UNKNOWN,NONE,V05C-contexts.csv,SOURCE_PROVED_NOT_YET_ADMITTED
TP07F497,06:AE8C:0:0:1,0x032E8C,220AED04,JSL,ABSL_JUMP,1,0,NONE,V05C-contexts.csv,SOURCE_PROVED_NOT_YET_ADMITTED
TP07F497,06:AE90:0:1:1,0x032E90,E220,SEP,IMM8,UNKNOWN|0|1,UNKNOWN|0|1,NONE,V05C-contexts.csv,SOURCE_PROVED_NOT_YET_ADMITTED
TP07F497,06:AE92:0:1:1,0x032E92,C210,REP,IMM8,UNKNOWN|0|1,UNKNOWN|0|1,NONE,V05C-contexts.csv,SOURCE_PROVED_NOT_YET_ADMITTED
TP07F497,06:AE94:0:1:0,0x032E94,82A509,BRL,REL16,UNKNOWN|0|1,UNKNOWN|0|1,NONE,V05C-contexts.csv,SOURCE_PROVED_NOT_YET_ADMITTED
TP07F497,06:AE97:0:0:0,0x032E97,C230,REP,IMM8,UNKNOWN,0,NONE,V05C-contexts.csv,SOURCE_PROVED_NOT_YET_ADMITTED
TP07F497,06:AE99:0:0:0,0x032E99,AD0A07,LDA,ABS,UNKNOWN,0,DBR:070A,V05C-contexts.csv,SOURCE_PROVED_NOT_YET_ADMITTED
TP07F497,06:AE9C:0:0:0,0x032E9C,C98700,CMP,IMM_M,UNKNOWN,UNKNOWN,NONE,V05C-contexts.csv,SOURCE_PROVED_NOT_YET_ADMITTED
TP07F497,06:AE9F:0:0:0,0x032E9F,F003,BEQ,REL8,UNKNOWN,UNKNOWN,NONE,V05C-contexts.csv,SOURCE_PROVED_NOT_YET_ADMITTED
TP07F497,06:AEA1:0:0:0,0x032EA1,824200,BRL,REL16,UNKNOWN,0,NONE,V05C-contexts.csv,SOURCE_PROVED_NOT_YET_ADMITTED
TP07F497,06:AEA4:0:0:0,0x032EA4,E210,SEP,IMM8,UNKNOWN,1,NONE,V05C-contexts.csv,SOURCE_PROVED_NOT_YET_ADMITTED
TP07F497,06:AEA6:0:0:1,0x032EA6,C220,REP,IMM8,UNKNOWN,1,NONE,V05C-contexts.csv,SOURCE_PROVED_NOT_YET_ADMITTED
TP07F497,06:AEA8:0:0:1,0x032EA8,AD3414,LDA,ABS,UNKNOWN,1,DBR:1434,V05C-contexts.csv,SOURCE_PROVED_NOT_YET_ADMITTED
TP07F497,06:AEAB:0:0:1,0x032EAB,229DC200,JSL,ABSL_JUMP,UNKNOWN,UNKNOWN,NONE,V05C-contexts.csv,SOURCE_PROVED_NOT_YET_ADMITTED
TP07F497,06:AEAF:0:0:1,0x032EAF,8D4900,STA,ABS,UNKNOWN,UNKNOWN,DBR:0049,V05C-contexts.csv,SOURCE_PROVED_NOT_YET_ADMITTED
TP07F497,06:AEB2:0:0:1,0x032EB2,8E4B00,STX,ABS,UNKNOWN,UNKNOWN,DBR:004B,V05C-contexts.csv,SOURCE_PROVED_NOT_YET_ADMITTED
TP07F497,06:AEB5:0:0:1,0x032EB5,A01A,LDY,IMM_X,UNKNOWN,UNKNOWN,NONE,V05C-contexts.csv,SOURCE_PROVED_NOT_YET_ADMITTED
TP07F497,06:AEB7:0:0:1,0x032EB7,B749,LDA,DP_IND_LONG_Y,UNKNOWN,0,NONE,V05C-contexts.csv,SOURCE_PROVED_NOT_YET_ADMITTED
TP07F497,06:AEB9:0:0:1,0x032EB9,2250C300,JSL,ABSL_JUMP,UNKNOWN,UNKNOWN,NONE,V05C-contexts.csv,SOURCE_PROVED_NOT_YET_ADMITTED
TP07F497,06:AEBD:0:0:1,0x032EBD,8D2200,STA,ABS,UNKNOWN,1,DBR:0022,V05C-contexts.csv,SOURCE_PROVED_NOT_YET_ADMITTED
TP07F497,06:AEC0:0:0:1,0x032EC0,8E2400,STX,ABS,UNKNOWN,1,DBR:0024,V05C-contexts.csv,SOURCE_PROVED_NOT_YET_ADMITTED
TP07F497,06:AEC3:0:0:1,0x032EC3,A00C,LDY,IMM_X,UNKNOWN,1,NONE,V05C-contexts.csv,SOURCE_PROVED_NOT_YET_ADMITTED
TP07F497,06:AEC5:0:0:1,0x032EC5,B722,LDA,DP_IND_LONG_Y,UNKNOWN,0,NONE,V05C-contexts.csv,SOURCE_PROVED_NOT_YET_ADMITTED
TP07F497,06:AEC7:0:0:1,0x032EC7,C90100,CMP,IMM_M,UNKNOWN,UNKNOWN,NONE,V05C-contexts.csv,SOURCE_PROVED_NOT_YET_ADMITTED
TP07F497,06:AECA:0:0:1,0x032ECA,F002,BEQ,REL8,UNKNOWN,UNKNOWN,NONE,V05C-contexts.csv,SOURCE_PROVED_NOT_YET_ADMITTED
TP07F497,06:AECC:0:0:1,0x032ECC,B003,BCS,REL8,UNKNOWN,0,NONE,V05C-contexts.csv,SOURCE_PROVED_NOT_YET_ADMITTED
TP07F497,06:AECE:0:0:1,0x032ECE,826B09,BRL,REL16,UNKNOWN|0,0|1,NONE,V05C-contexts.csv,SOURCE_PROVED_NOT_YET_ADMITTED
TP07F497,06:AED1:0:0:1,0x032ED1,A00C,LDY,IMM_X,1,0,NONE,V05C-contexts.csv,SOURCE_PROVED_NOT_YET_ADMITTED
TP07F497,06:AED3:0:0:1,0x032ED3,B722,LDA,DP_IND_LONG_Y,1,0,NONE,V05C-contexts.csv,SOURCE_PROVED_NOT_YET_ADMITTED
TP07F497,06:AED5:0:0:1,0x032ED5,3A,DEC,ACC,1,UNKNOWN,NONE,V05C-contexts.csv,SOURCE_PROVED_NOT_YET_ADMITTED
TP07F497,06:AED6:0:0:1,0x032ED6,9722,STA,DP_IND_LONG_Y,1,UNKNOWN,NONE,V05C-contexts.csv,SOURCE_PROVED_NOT_YET_ADMITTED
TP07F497,06:AED8:0:0:1,0x032ED8,A90700,LDA,IMM_M,1,UNKNOWN,NONE,V05C-contexts.csv,SOURCE_PROVED_NOT_YET_ADMITTED
TP07F497,06:AEDB:0:0:1,0x032EDB,220AED04,JSL,ABSL_JUMP,1,0,NONE,V05C-contexts.csv,SOURCE_PROVED_NOT_YET_ADMITTED
TP07F497,06:AEDF:0:1:1,0x032EDF,E220,SEP,IMM8,UNKNOWN|0|1,UNKNOWN|0|1,NONE,V05C-contexts.csv,SOURCE_PROVED_NOT_YET_ADMITTED
TP07F497,06:AEE1:0:1:1,0x032EE1,C210,REP,IMM8,UNKNOWN|0|1,UNKNOWN|0|1,NONE,V05C-contexts.csv,SOURCE_PROVED_NOT_YET_ADMITTED
TP07F497,06:AEE3:0:1:0,0x032EE3,825609,BRL,REL16,UNKNOWN|0|1,UNKNOWN|0|1,NONE,V05C-contexts.csv,SOURCE_PROVED_NOT_YET_ADMITTED
TP07F497,06:AEE6:0:0:0,0x032EE6,C230,REP,IMM8,UNKNOWN,0,NONE,V05C-contexts.csv,SOURCE_PROVED_NOT_YET_ADMITTED
TP07F497,06:AEE8:0:0:0,0x032EE8,AD0A07,LDA,ABS,UNKNOWN,0,DBR:070A,V05C-contexts.csv,SOURCE_PROVED_NOT_YET_ADMITTED
TP07F497,06:AEEB:0:0:0,0x032EEB,C99C00,CMP,IMM_M,UNKNOWN,UNKNOWN,NONE,V05C-contexts.csv,SOURCE_PROVED_NOT_YET_ADMITTED
TP07F497,06:AEEE:0:0:0,0x032EEE,F003,BEQ,REL8,UNKNOWN,UNKNOWN,NONE,V05C-contexts.csv,SOURCE_PROVED_NOT_YET_ADMITTED
TP07F497,06:AEF0:0:0:0,0x032EF0,822500,BRL,REL16,UNKNOWN,0,NONE,V05C-contexts.csv,SOURCE_PROVED_NOT_YET_ADMITTED
TP07F497,06:AEF3:0:0:0,0x032EF3,E210,SEP,IMM8,UNKNOWN,1,NONE,V05C-contexts.csv,SOURCE_PROVED_NOT_YET_ADMITTED
TP07F497,06:AEF5:0:0:1,0x032EF5,C220,REP,IMM8,UNKNOWN,1,NONE,V05C-contexts.csv,SOURCE_PROVED_NOT_YET_ADMITTED
TP07F497,06:AEF7:0:0:1,0x032EF7,A01D,LDY,IMM_X,UNKNOWN,1,NONE,V05C-contexts.csv,SOURCE_PROVED_NOT_YET_ADMITTED
TP07F497,06:AEF9:0:0:1,0x032EF9,B75B,LDA,DP_IND_LONG_Y,UNKNOWN,0,NONE,V05C-contexts.csv,SOURCE_PROVED_NOT_YET_ADMITTED
TP07F497,06:AEFB:0:0:1,0x032EFB,C90100,CMP,IMM_M,UNKNOWN,UNKNOWN,NONE,V05C-contexts.csv,SOURCE_PROVED_NOT_YET_ADMITTED
TP07F497,06:AEFE:0:0:1,0x032EFE,B003,BCS,REL8,UNKNOWN,UNKNOWN,NONE,V05C-contexts.csv,SOURCE_PROVED_NOT_YET_ADMITTED
TP07F497,06:AF00:0:0:1,0x032F00,4C3CB8,JMP,ABS_JUMP,0,UNKNOWN,NONE,V05C-contexts.csv,SOURCE_PROVED_NOT_YET_ADMITTED
TP07F497,06:AF03:0:0:1,0x032F03,A01D,LDY,IMM_X,1,UNKNOWN,NONE,V05C-contexts.csv,SOURCE_PROVED_NOT_YET_ADMITTED
TP07F497,06:AF05:0:0:1,0x032F05,B75B,LDA,DP_IND_LONG_Y,1,0,NONE,V05C-contexts.csv,SOURCE_PROVED_NOT_YET_ADMITTED
TP07F497,06:AF07:0:0:1,0x032F07,3A,DEC,ACC,1,UNKNOWN,NONE,V05C-contexts.csv,SOURCE_PROVED_NOT_YET_ADMITTED
TP07F497,06:AF08:0:0:1,0x032F08,975B,STA,DP_IND_LONG_Y,1,UNKNOWN,NONE,V05C-contexts.csv,SOURCE_PROVED_NOT_YET_ADMITTED
TP07F497,06:AF0A:0:0:1,0x032F0A,A90700,LDA,IMM_M,1,UNKNOWN,NONE,V05C-contexts.csv,SOURCE_PROVED_NOT_YET_ADMITTED
TP07F497,06:AF0D:0:0:1,0x032F0D,220AED04,JSL,ABSL_JUMP,1,0,NONE,V05C-contexts.csv,SOURCE_PROVED_NOT_YET_ADMITTED
TP07F497,06:AF11:0:1:1,0x032F11,E220,SEP,IMM8,UNKNOWN|0|1,UNKNOWN|0|1,NONE,V05C-contexts.csv,SOURCE_PROVED_NOT_YET_ADMITTED
TP07F497,06:AF13:0:1:1,0x032F13,C210,REP,IMM8,UNKNOWN|0|1,UNKNOWN|0|1,NONE,V05C-contexts.csv,SOURCE_PROVED_NOT_YET_ADMITTED
TP07F497,06:AF15:0:1:0,0x032F15,822409,BRL,REL16,UNKNOWN|0|1,UNKNOWN|0|1,NONE,V05C-contexts.csv,SOURCE_PROVED_NOT_YET_ADMITTED
TP07F497,06:AF18:0:0:0,0x032F18,822109,BRL,REL16,UNKNOWN,0,NONE,V05C-contexts.csv,SOURCE_PROVED_NOT_YET_ADMITTED
TP07F497,06:AF1B:0:1:1,0x032F1B,E230,SEP,IMM8,UNKNOWN,0,NONE,V05C-contexts.csv,SOURCE_PROVED_NOT_YET_ADMITTED
TP07F497,06:AF1D:0:1:1,0x032F1D,C903,CMP,IMM_M,UNKNOWN,0,NONE,V05C-contexts.csv,SOURCE_PROVED_NOT_YET_ADMITTED
TP07F497,06:AF1F:0:1:1,0x032F1F,F003,BEQ,REL8,UNKNOWN,UNKNOWN,NONE,V05C-contexts.csv,SOURCE_PROVED_NOT_YET_ADMITTED
TP07F497,06:AF21:0:1:1,0x032F21,827501,BRL,REL16,UNKNOWN,0,NONE,V05C-contexts.csv,SOURCE_PROVED_NOT_YET_ADMITTED
TP07F497,06:AF24:0:1:1,0x032F24,E230,SEP,IMM8,UNKNOWN,1,NONE,V05C-contexts.csv,SOURCE_PROVED_NOT_YET_ADMITTED
TP07F497,06:AF26:0:1:1,0x032F26,AD4707,LDA,ABS,UNKNOWN,1,DBR:0747,V05C-contexts.csv,SOURCE_PROVED_NOT_YET_ADMITTED
TP07F497,06:AF29:0:1:1,0x032F29,C940,CMP,IMM_M,UNKNOWN,UNKNOWN,NONE,V05C-contexts.csv,SOURCE_PROVED_NOT_YET_ADMITTED
TP07F497,06:AF2B:0:1:1,0x032F2B,F003,BEQ,REL8,UNKNOWN,UNKNOWN,NONE,V05C-contexts.csv,SOURCE_PROVED_NOT_YET_ADMITTED
TP07F497,06:AF2D:0:1:1,0x032F2D,820C09,BRL,REL16,UNKNOWN,0,NONE,V05C-contexts.csv,SOURCE_PROVED_NOT_YET_ADMITTED
TP07F497,06:AF30:0:1:1,0x032F30,A908,LDA,IMM_M,UNKNOWN,1,NONE,V05C-contexts.csv,SOURCE_PROVED_NOT_YET_ADMITTED
TP07F497,06:AF32:0:1:1,0x032F32,2214ED04,JSL,ABSL_JUMP,UNKNOWN,0,NONE,V05C-contexts.csv,SOURCE_PROVED_NOT_YET_ADMITTED
TP07F497,06:AF36:0:1:1,0x032F36,C230,REP,IMM8,1,UNKNOWN,NONE,V05C-contexts.csv,SOURCE_PROVED_NOT_YET_ADMITTED
TP07F497,06:AF38:0:0:0,0x032F38,A90100,LDA,IMM_M,1,UNKNOWN,NONE,V05C-contexts.csv,SOURCE_PROVED_NOT_YET_ADMITTED
TP07F497,06:AF3B:0:0:0,0x032F3B,8D0B04,STA,ABS,1,0,DBR:040B,V05C-contexts.csv,SOURCE_PROVED_NOT_YET_ADMITTED
TP07F497,06:AF3E:0:0:0,0x032F3E,AD3614,LDA,ABS,1,0,DBR:1436,V05C-contexts.csv,SOURCE_PROVED_NOT_YET_ADMITTED
TP07F497,06:AF41:0:0:0,0x032F41,8D0A08,STA,ABS,1,UNKNOWN,DBR:080A,V05C-contexts.csv,SOURCE_PROVED_NOT_YET_ADMITTED
TP07F497,06:AF44:0:0:0,0x032F44,AD0A07,LDA,ABS,1,UNKNOWN,DBR:070A,V05C-contexts.csv,SOURCE_PROVED_NOT_YET_ADMITTED
TP07F497,06:AF47:0:0:0,0x032F47,C99A00,CMP,IMM_M,1,UNKNOWN,NONE,V05C-contexts.csv,SOURCE_PROVED_NOT_YET_ADMITTED
TP07F497,06:AF4A:0:0:0,0x032F4A,F003,BEQ,REL8,UNKNOWN,UNKNOWN,NONE,V05C-contexts.csv,SOURCE_PROVED_NOT_YET_ADMITTED
TP07F497,06:AF4C:0:0:0,0x032F4C,826500,BRL,REL16,UNKNOWN,0,NONE,V05C-contexts.csv,SOURCE_PROVED_NOT_YET_ADMITTED
TP07F497,06:AF4F:0:0:0,0x032F4F,C230,REP,IMM8,UNKNOWN,1,NONE,V05C-contexts.csv,SOURCE_PROVED_NOT_YET_ADMITTED
TP07F497,06:AF51:0:0:0,0x032F51,A90000,LDA,IMM_M,UNKNOWN,1,NONE,V05C-contexts.csv,SOURCE_PROVED_NOT_YET_ADMITTED
TP07F497,06:AF54:0:0:0,0x032F54,A00000,LDY,IMM_X,UNKNOWN,1,NONE,V05C-contexts.csv,SOURCE_PROVED_NOT_YET_ADMITTED
TP07F497,06:AF57:0:0:0,0x032F57,AC351F,LDY,ABS,UNKNOWN,1,DBR:1F35,V05C-contexts.csv,SOURCE_PROVED_NOT_YET_ADMITTED
TP07F497,06:AF5A:0:0:0,0x032F5A,29FF00,AND,IMM_M,UNKNOWN,UNKNOWN,NONE,V05C-contexts.csv,SOURCE_PROVED_NOT_YET_ADMITTED
TP07F497,06:AF5D:0:0:0,0x032F5D,98,TYA,IMP,UNKNOWN,UNKNOWN,NONE,V05C-contexts.csv,SOURCE_PROVED_NOT_YET_ADMITTED
TP07F497,06:AF5E:0:0:0,0x032F5E,A90A00,LDA,IMM_M,UNKNOWN,UNKNOWN,NONE,V05C-contexts.csv,SOURCE_PROVED_NOT_YET_ADMITTED
TP07F497,06:AF61:0:0:0,0x032F61,22A78004,JSL,ABSL_JUMP,UNKNOWN,0,NONE,V05C-contexts.csv,SOURCE_PROVED_NOT_YET_ADMITTED
TP07F497,06:AF65:0:0:0,0x032F65,A8,TAY,IMP,UNKNOWN,UNKNOWN,NONE,V05C-contexts.csv,SOURCE_PROVED_NOT_YET_ADMITTED
TP07F497,06:AF66:0:0:0,0x032F66,18,CLC,IMP,UNKNOWN,UNKNOWN,NONE,V05C-contexts.csv,SOURCE_PROVED_NOT_YET_ADMITTED
TP07F497,06:AF67:0:0:0,0x032F67,690800,ADC,IMM_M,0,UNKNOWN,NONE,V05C-contexts.csv,SOURCE_PROVED_NOT_YET_ADMITTED
TP07F497,06:AF6A:0:0:0,0x032F6A,A8,TAY,IMP,UNKNOWN,UNKNOWN,NONE,V05C-contexts.csv,SOURCE_PROVED_NOT_YET_ADMITTED
TP07F497,06:AF6B:0:0:0,0x032F6B,B9971D,LDA,ABS_Y,UNKNOWN,UNKNOWN,NONE,V05C-contexts.csv,SOURCE_PROVED_NOT_YET_ADMITTED
TP07F497,06:AF6E:0:0:0,0x032F6E,29FF00,AND,IMM_M,UNKNOWN,UNKNOWN,NONE,V05C-contexts.csv,SOURCE_PROVED_NOT_YET_ADMITTED
TP07F497,06:AF71:0:0:0,0x032F71,8D1408,STA,ABS,UNKNOWN,UNKNOWN,DBR:0814,V05C-contexts.csv,SOURCE_PROVED_NOT_YET_ADMITTED
TP07F497,06:AF74:0:0:0,0x032F74,E210,SEP,IMM8,UNKNOWN,UNKNOWN,NONE,V05C-contexts.csv,SOURCE_PROVED_NOT_YET_ADMITTED
TP07F497,06:AF76:0:0:1,0x032F76,C220,REP,IMM8,UNKNOWN,UNKNOWN,NONE,V05C-contexts.csv,SOURCE_PROVED_NOT_YET_ADMITTED
TP07F497,06:AF78:0:0:1,0x032F78,AC1408,LDY,ABS,UNKNOWN,UNKNOWN,DBR:0814,V05C-contexts.csv,SOURCE_PROVED_NOT_YET_ADMITTED
TP07F497,06:AF7B:0:0:1,0x032F7B,C230,REP,IMM8,UNKNOWN,UNKNOWN,NONE,V05C-contexts.csv,SOURCE_PROVED_NOT_YET_ADMITTED
TP07F497,06:AF7D:0:0:0,0x032F7D,98,TYA,IMP,UNKNOWN,UNKNOWN,NONE,V05C-contexts.csv,SOURCE_PROVED_NOT_YET_ADMITTED
TP07F497,06:AF7E:0:0:0,0x032F7E,A93000,LDA,IMM_M,UNKNOWN,UNKNOWN,NONE,V05C-contexts.csv,SOURCE_PROVED_NOT_YET_ADMITTED
TP07F497,06:AF81:0:0:0,0x032F81,22A78004,JSL,ABSL_JUMP,UNKNOWN,0,NONE,V05C-contexts.csv,SOURCE_PROVED_NOT_YET_ADMITTED
TP07F497,06:AF85:0:0:0,0x032F85,A8,TAY,IMP,UNKNOWN,UNKNOWN,NONE,V05C-contexts.csv,SOURCE_PROVED_NOT_YET_ADMITTED
TP07F497,06:AF86:0:0:0,0x032F86,18,CLC,IMP,UNKNOWN,UNKNOWN,NONE,V05C-contexts.csv,SOURCE_PROVED_NOT_YET_ADMITTED
TP07F497,06:AF87:0:0:0,0x032F87,690000,ADC,IMM_M,0,UNKNOWN,NONE,V05C-contexts.csv,SOURCE_PROVED_NOT_YET_ADMITTED
TP07F497,06:AF8A:0:0:0,0x032F8A,A8,TAY,IMP,UNKNOWN,UNKNOWN,NONE,V05C-contexts.csv,SOURCE_PROVED_NOT_YET_ADMITTED
TP07F497,06:AF8B:0:0:0,0x032F8B,B94D08,LDA,ABS_Y,UNKNOWN,UNKNOWN,NONE,V05C-contexts.csv,SOURCE_PROVED_NOT_YET_ADMITTED
TP07F497,06:AF8E:0:0:0,0x032F8E,821A00,BRL,REL16,UNKNOWN,UNKNOWN,NONE,V05C-contexts.csv,SOURCE_PROVED_NOT_YET_ADMITTED
TP07F497,06:AFAB:0:0:0,0x032FAB,A90500,LDA,IMM_M,UNKNOWN,UNKNOWN,NONE,V05C-contexts.csv,SOURCE_PROVED_NOT_YET_ADMITTED
TP07F497,06:AFAE:0:0:0,0x032FAE,8D0A08,STA,ABS,UNKNOWN,0,DBR:080A,V05C-contexts.csv,SOURCE_PROVED_NOT_YET_ADMITTED
TP07F497,06:AFB1:0:0:0,0x032FB1,828808,BRL,REL16,UNKNOWN,0,NONE,V05C-contexts.csv,SOURCE_PROVED_NOT_YET_ADMITTED
TP07F497,06:AFB4:0:0:0,0x032FB4,C230,REP,IMM8,UNKNOWN,0,NONE,V05C-contexts.csv,SOURCE_PROVED_NOT_YET_ADMITTED
TP07F497,06:AFB6:0:0:0,0x032FB6,C99E00,CMP,IMM_M,UNKNOWN,0,NONE,V05C-contexts.csv,SOURCE_PROVED_NOT_YET_ADMITTED
TP07F497,06:AFB9:0:0:0,0x032FB9,F003,BEQ,REL8,UNKNOWN,UNKNOWN,NONE,V05C-contexts.csv,SOURCE_PROVED_NOT_YET_ADMITTED
TP07F497,06:AFBB:0:0:0,0x032FBB,824800,BRL,REL16,UNKNOWN,0,NONE,V05C-contexts.csv,SOURCE_PROVED_NOT_YET_ADMITTED
TP07F497,06:AFBE:0:0:0,0x032FBE,C230,REP,IMM8,UNKNOWN,1,NONE,V05C-contexts.csv,SOURCE_PROVED_NOT_YET_ADMITTED
TP07F497,06:AFC0:0:0:0,0x032FC0,A90000,LDA,IMM_M,UNKNOWN,1,NONE,V05C-contexts.csv,SOURCE_PROVED_NOT_YET_ADMITTED
TP07F497,06:AFC3:0:0:0,0x032FC3,A00000,LDY,IMM_X,UNKNOWN,1,NONE,V05C-contexts.csv,SOURCE_PROVED_NOT_YET_ADMITTED
TP07F497,06:AFC6:0:0:0,0x032FC6,AC351F,LDY,ABS,UNKNOWN,1,DBR:1F35,V05C-contexts.csv,SOURCE_PROVED_NOT_YET_ADMITTED
TP07F497,06:AFC9:0:0:0,0x032FC9,29FF00,AND,IMM_M,UNKNOWN,UNKNOWN,NONE,V05C-contexts.csv,SOURCE_PROVED_NOT_YET_ADMITTED
TP07F497,06:AFCC:0:0:0,0x032FCC,98,TYA,IMP,UNKNOWN,UNKNOWN,NONE,V05C-contexts.csv,SOURCE_PROVED_NOT_YET_ADMITTED
TP07F497,06:AFCD:0:0:0,0x032FCD,A90A00,LDA,IMM_M,UNKNOWN,UNKNOWN,NONE,V05C-contexts.csv,SOURCE_PROVED_NOT_YET_ADMITTED
TP07F497,06:AFD0:0:0:0,0x032FD0,22A78004,JSL,ABSL_JUMP,UNKNOWN,0,NONE,V05C-contexts.csv,SOURCE_PROVED_NOT_YET_ADMITTED
TP07F497,06:AFD4:0:0:0,0x032FD4,A8,TAY,IMP,UNKNOWN,UNKNOWN,NONE,V05C-contexts.csv,SOURCE_PROVED_NOT_YET_ADMITTED
TP07F497,06:AFD5:0:0:0,0x032FD5,18,CLC,IMP,UNKNOWN,UNKNOWN,NONE,V05C-contexts.csv,SOURCE_PROVED_NOT_YET_ADMITTED
TP07F497,06:AFD6:0:0:0,0x032FD6,690800,ADC,IMM_M,0,UNKNOWN,NONE,V05C-contexts.csv,SOURCE_PROVED_NOT_YET_ADMITTED
TP07F497,06:AFD9:0:0:0,0x032FD9,A8,TAY,IMP,UNKNOWN,UNKNOWN,NONE,V05C-contexts.csv,SOURCE_PROVED_NOT_YET_ADMITTED
TP07F497,06:AFDA:0:0:0,0x032FDA,A20000,LDX,IMM_X,UNKNOWN,UNKNOWN,NONE,V05C-contexts.csv,SOURCE_PROVED_NOT_YET_ADMITTED
TP07F497,06:AFDD:0:0:0,0x032FDD,B9971D,LDA,ABS_Y,UNKNOWN,1,NONE,V05C-contexts.csv,SOURCE_PROVED_NOT_YET_ADMITTED
TP07F497,06:AFE0:0:0:0,0x032FE0,29FF00,AND,IMM_M,UNKNOWN,UNKNOWN,NONE,V05C-contexts.csv,SOURCE_PROVED_NOT_YET_ADMITTED
TP07F497,06:AFE3:0:0:0,0x032FE3,8D1608,STA,ABS,UNKNOWN,UNKNOWN,DBR:0816,V05C-contexts.csv,SOURCE_PROVED_NOT_YET_ADMITTED
TP07F497,06:AFE6:0:0:0,0x032FE6,E210,SEP,IMM8,UNKNOWN,UNKNOWN,NONE,V05C-contexts.csv,SOURCE_PROVED_NOT_YET_ADMITTED
TP07F497,06:AFE8:0:0:1,0x032FE8,C220,REP,IMM8,UNKNOWN,UNKNOWN,NONE,V05C-contexts.csv,SOURCE_PROVED_NOT_YET_ADMITTED
TP07F497,06:AFEA:0:0:1,0x032FEA,AC351F,LDY,ABS,UNKNOWN,UNKNOWN,DBR:1F35,V05C-contexts.csv,SOURCE_PROVED_NOT_YET_ADMITTED
TP07F497,06:AFED:0:0:1,0x032FED,C230,REP,IMM8,UNKNOWN,UNKNOWN,NONE,V05C-contexts.csv,SOURCE_PROVED_NOT_YET_ADMITTED
TP07F497,06:AFEF:0:0:0,0x032FEF,98,TYA,IMP,UNKNOWN,UNKNOWN,NONE,V05C-contexts.csv,SOURCE_PROVED_NOT_YET_ADMITTED
TP07F497,06:AFF0:0:0:0,0x032FF0,A90A00,LDA,IMM_M,UNKNOWN,UNKNOWN,NONE,V05C-contexts.csv,SOURCE_PROVED_NOT_YET_ADMITTED
TP07F497,06:AFF3:0:0:0,0x032FF3,22A78004,JSL,ABSL_JUMP,UNKNOWN,0,NONE,V05C-contexts.csv,SOURCE_PROVED_NOT_YET_ADMITTED
TP07F497,06:AFF7:0:0:0,0x032FF7,A8,TAY,IMP,UNKNOWN,UNKNOWN,NONE,V05C-contexts.csv,SOURCE_PROVED_NOT_YET_ADMITTED
TP07F497,06:AFF8:0:0:0,0x032FF8,18,CLC,IMP,UNKNOWN,UNKNOWN,NONE,V05C-contexts.csv,SOURCE_PROVED_NOT_YET_ADMITTED
TP07F497,06:AFF9:0:0:0,0x032FF9,690600,ADC,IMM_M,0,UNKNOWN,NONE,V05C-contexts.csv,SOURCE_PROVED_NOT_YET_ADMITTED
TP07F497,06:AFFC:0:0:0,0x032FFC,A8,TAY,IMP,UNKNOWN,UNKNOWN,NONE,V05C-contexts.csv,SOURCE_PROVED_NOT_YET_ADMITTED
TP07F497,06:AFFD:0:0:0,0x032FFD,B9971D,LDA,ABS_Y,UNKNOWN,UNKNOWN,NONE,V05C-contexts.csv,SOURCE_PROVED_NOT_YET_ADMITTED
TP07F497,06:B000:0:0:0,0x033000,8D0A08,STA,ABS,UNKNOWN,UNKNOWN,DBR:080A,V05C-contexts.csv,SOURCE_PROVED_NOT_YET_ADMITTED
TP07F497,06:B003:0:0:0,0x033003,823608,BRL,REL16,UNKNOWN,UNKNOWN,NONE,V05C-contexts.csv,SOURCE_PROVED_NOT_YET_ADMITTED
TP07F497,06:B006:0:0:0,0x033006,C230,REP,IMM8,UNKNOWN,0,NONE,V05C-contexts.csv,SOURCE_PROVED_NOT_YET_ADMITTED
TP07F497,06:B008:0:0:0,0x033008,C9A000,CMP,IMM_M,UNKNOWN,0,NONE,V05C-contexts.csv,SOURCE_PROVED_NOT_YET_ADMITTED
TP07F497,06:B00B:0:0:0,0x03300B,F003,BEQ,REL8,UNKNOWN,UNKNOWN,NONE,V05C-contexts.csv,SOURCE_PROVED_NOT_YET_ADMITTED
TP07F497,06:B00D:0:0:0,0x03300D,823900,BRL,REL16,UNKNOWN,0,NONE,V05C-contexts.csv,SOURCE_PROVED_NOT_YET_ADMITTED
TP07F497,06:B010:0:0:0,0x033010,C230,REP,IMM8,UNKNOWN,1,NONE,V05C-contexts.csv,SOURCE_PROVED_NOT_YET_ADMITTED
TP07F497,06:B012:0:0:0,0x033012,AC351F,LDY,ABS,UNKNOWN,1,DBR:1F35,V05C-contexts.csv,SOURCE_PROVED_NOT_YET_ADMITTED
TP07F497,06:B015:0:0:0,0x033015,29FF00,AND,IMM_M,UNKNOWN,UNKNOWN,NONE,V05C-contexts.csv,SOURCE_PROVED_NOT_YET_ADMITTED
TP07F497,06:B018:0:0:0,0x033018,98,TYA,IMP,UNKNOWN,UNKNOWN,NONE,V05C-contexts.csv,SOURCE_PROVED_NOT_YET_ADMITTED
TP07F497,06:B019:0:0:0,0x033019,A90A00,LDA,IMM_M,UNKNOWN,UNKNOWN,NONE,V05C-contexts.csv,SOURCE_PROVED_NOT_YET_ADMITTED
TP07F497,06:B01C:0:0:0,0x03301C,22A78004,JSL,ABSL_JUMP,UNKNOWN,0,NONE,V05C-contexts.csv,SOURCE_PROVED_NOT_YET_ADMITTED
TP07F497,06:B020:0:0:0,0x033020,A8,TAY,IMP,UNKNOWN,UNKNOWN,NONE,V05C-contexts.csv,SOURCE_PROVED_NOT_YET_ADMITTED
TP07F497,06:B021:0:0:0,0x033021,18,CLC,IMP,UNKNOWN,UNKNOWN,NONE,V05C-contexts.csv,SOURCE_PROVED_NOT_YET_ADMITTED
TP07F497,06:B022:0:0:0,0x033022,690800,ADC,IMM_M,0,UNKNOWN,NONE,V05C-contexts.csv,SOURCE_PROVED_NOT_YET_ADMITTED
TP07F497,06:B025:0:0:0,0x033025,A8,TAY,IMP,UNKNOWN,UNKNOWN,NONE,V05C-contexts.csv,SOURCE_PROVED_NOT_YET_ADMITTED
TP07F497,06:B026:0:0:0,0x033026,B9971D,LDA,ABS_Y,UNKNOWN,UNKNOWN,NONE,V05C-contexts.csv,SOURCE_PROVED_NOT_YET_ADMITTED
TP07F497,06:B029:0:0:0,0x033029,29FF00,AND,IMM_M,UNKNOWN,UNKNOWN,NONE,V05C-contexts.csv,SOURCE_PROVED_NOT_YET_ADMITTED
TP07F497,06:B02C:0:0:0,0x03302C,8D2008,STA,ABS,UNKNOWN,UNKNOWN,DBR:0820,V05C-contexts.csv,SOURCE_PROVED_NOT_YET_ADMITTED
TP07F497,06:B02F:0:0:0,0x03302F,AC351F,LDY,ABS,UNKNOWN,UNKNOWN,DBR:1F35,V05C-contexts.csv,SOURCE_PROVED_NOT_YET_ADMITTED
TP07F497,06:B032:0:0:0,0x033032,98,TYA,IMP,UNKNOWN,UNKNOWN,NONE,V05C-contexts.csv,SOURCE_PROVED_NOT_YET_ADMITTED
TP07F497,06:B033:0:0:0,0x033033,A90A00,LDA,IMM_M,UNKNOWN,UNKNOWN,NONE,V05C-contexts.csv,SOURCE_PROVED_NOT_YET_ADMITTED
TP07F497,06:B036:0:0:0,0x033036,22A78004,JSL,ABSL_JUMP,UNKNOWN,0,NONE,V05C-contexts.csv,SOURCE_PROVED_NOT_YET_ADMITTED
TP07F497,06:B03A:0:0:0,0x03303A,A8,TAY,IMP,UNKNOWN,UNKNOWN,NONE,V05C-contexts.csv,SOURCE_PROVED_NOT_YET_ADMITTED
TP07F497,06:B03B:0:0:0,0x03303B,18,CLC,IMP,UNKNOWN,UNKNOWN,NONE,V05C-contexts.csv,SOURCE_PROVED_NOT_YET_ADMITTED
TP07F497,06:B03C:0:0:0,0x03303C,690600,ADC,IMM_M,0,UNKNOWN,NONE,V05C-contexts.csv,SOURCE_PROVED_NOT_YET_ADMITTED
TP07F497,06:B03F:0:0:0,0x03303F,A8,TAY,IMP,UNKNOWN,UNKNOWN,NONE,V05C-contexts.csv,SOURCE_PROVED_NOT_YET_ADMITTED
TP07F497,06:B040:0:0:0,0x033040,B9971D,LDA,ABS_Y,UNKNOWN,UNKNOWN,NONE,V05C-contexts.csv,SOURCE_PROVED_NOT_YET_ADMITTED
TP07F497,06:B043:0:0:0,0x033043,8D0A08,STA,ABS,UNKNOWN,UNKNOWN,DBR:080A,V05C-contexts.csv,SOURCE_PROVED_NOT_YET_ADMITTED
TP07F497,06:B046:0:0:0,0x033046,82F307,BRL,REL16,UNKNOWN,UNKNOWN,NONE,V05C-contexts.csv,SOURCE_PROVED_NOT_YET_ADMITTED
TP07F497,06:B049:0:0:0,0x033049,C230,REP,IMM8,UNKNOWN,0,NONE,V05C-contexts.csv,SOURCE_PROVED_NOT_YET_ADMITTED
TP07F497,06:B04B:0:0:0,0x03304B,C9A200,CMP,IMM_M,UNKNOWN,0,NONE,V05C-contexts.csv,SOURCE_PROVED_NOT_YET_ADMITTED
TP07F497,06:B04E:0:0:0,0x03304E,F003,BEQ,REL8,UNKNOWN,UNKNOWN,NONE,V05C-contexts.csv,SOURCE_PROVED_NOT_YET_ADMITTED
TP07F497,06:B050:0:0:0,0x033050,824100,BRL,REL16,UNKNOWN,0,NONE,V05C-contexts.csv,SOURCE_PROVED_NOT_YET_ADMITTED
TP07F497,06:B053:0:0:0,0x033053,C230,REP,IMM8,UNKNOWN,1,NONE,V05C-contexts.csv,SOURCE_PROVED_NOT_YET_ADMITTED
TP07F497,06:B055:0:0:0,0x033055,AD351F,LDA,ABS,UNKNOWN,1,DBR:1F35,V05C-contexts.csv,SOURCE_PROVED_NOT_YET_ADMITTED
TP07F497,06:B058:0:0:0,0x033058,29FF00,AND,IMM_M,UNKNOWN,UNKNOWN,NONE,V05C-contexts.csv,SOURCE_PROVED_NOT_YET_ADMITTED
TP07F497,06:B05B:0:0:0,0x03305B,A8,TAY,IMP,UNKNOWN,UNKNOWN,NONE,V05C-contexts.csv,SOURCE_PROVED_NOT_YET_ADMITTED
TP07F497,06:B05C:0:0:0,0x03305C,98,TYA,IMP,UNKNOWN,UNKNOWN,NONE,V05C-contexts.csv,SOURCE_PROVED_NOT_YET_ADMITTED
TP07F497,06:B05D:0:0:0,0x03305D,A90A00,LDA,IMM_M,UNKNOWN,UNKNOWN,NONE,V05C-contexts.csv,SOURCE_PROVED_NOT_YET_ADMITTED
TP07F497,06:B060:0:0:0,0x033060,22A78004,JSL,ABSL_JUMP,UNKNOWN,0,NONE,V05C-contexts.csv,SOURCE_PROVED_NOT_YET_ADMITTED
TP07F497,06:B064:0:0:0,0x033064,A8,TAY,IMP,UNKNOWN,UNKNOWN,NONE,V05C-contexts.csv,SOURCE_PROVED_NOT_YET_ADMITTED
TP07F497,06:B065:0:0:0,0x033065,18,CLC,IMP,UNKNOWN,UNKNOWN,NONE,V05C-contexts.csv,SOURCE_PROVED_NOT_YET_ADMITTED
TP07F497,06:B066:0:0:0,0x033066,690800,ADC,IMM_M,0,UNKNOWN,NONE,V05C-contexts.csv,SOURCE_PROVED_NOT_YET_ADMITTED
TP07F497,06:B069:0:0:0,0x033069,A8,TAY,IMP,UNKNOWN,UNKNOWN,NONE,V05C-contexts.csv,SOURCE_PROVED_NOT_YET_ADMITTED
TP07F497,06:B06A:0:0:0,0x03306A,A20000,LDX,IMM_X,UNKNOWN,UNKNOWN,NONE,V05C-contexts.csv,SOURCE_PROVED_NOT_YET_ADMITTED
TP07F497,06:B06D:0:0:0,0x03306D,B9971D,LDA,ABS_Y,UNKNOWN,1,NONE,V05C-contexts.csv,SOURCE_PROVED_NOT_YET_ADMITTED
TP07F497,06:B070:0:0:0,0x033070,29FF00,AND,IMM_M,UNKNOWN,UNKNOWN,NONE,V05C-contexts.csv,SOURCE_PROVED_NOT_YET_ADMITTED
TP07F497,06:B073:0:0:0,0x033073,8D1808,STA,ABS,UNKNOWN,UNKNOWN,DBR:0818,V05C-contexts.csv,SOURCE_PROVED_NOT_YET_ADMITTED
TP07F497,06:B076:0:0:0,0x033076,AD351F,LDA,ABS,UNKNOWN,UNKNOWN,DBR:1F35,V05C-contexts.csv,SOURCE_PROVED_NOT_YET_ADMITTED
TP07F497,06:B079:0:0:0,0x033079,29FF00,AND,IMM_M,UNKNOWN,UNKNOWN,NONE,V05C-contexts.csv,SOURCE_PROVED_NOT_YET_ADMITTED
TP07F497,06:B07C:0:0:0,0x03307C,A8,TAY,IMP,UNKNOWN,UNKNOWN,NONE,V05C-contexts.csv,SOURCE_PROVED_NOT_YET_ADMITTED
TP07F497,06:B07D:0:0:0,0x03307D,98,TYA,IMP,UNKNOWN,UNKNOWN,NONE,V05C-contexts.csv,SOURCE_PROVED_NOT_YET_ADMITTED
TP07F497,06:B07E:0:0:0,0x03307E,A90A00,LDA,IMM_M,UNKNOWN,UNKNOWN,NONE,V05C-contexts.csv,SOURCE_PROVED_NOT_YET_ADMITTED
TP07F497,06:B081:0:0:0,0x033081,22A78004,JSL,ABSL_JUMP,UNKNOWN,0,NONE,V05C-contexts.csv,SOURCE_PROVED_NOT_YET_ADMITTED
TP07F497,06:B085:0:0:0,0x033085,A8,TAY,IMP,UNKNOWN,UNKNOWN,NONE,V05C-contexts.csv,SOURCE_PROVED_NOT_YET_ADMITTED
TP07F497,06:B086:0:0:0,0x033086,18,CLC,IMP,UNKNOWN,UNKNOWN,NONE,V05C-contexts.csv,SOURCE_PROVED_NOT_YET_ADMITTED
TP07F497,06:B087:0:0:0,0x033087,690600,ADC,IMM_M,0,UNKNOWN,NONE,V05C-contexts.csv,SOURCE_PROVED_NOT_YET_ADMITTED
TP07F497,06:B08A:0:0:0,0x03308A,A8,TAY,IMP,UNKNOWN,UNKNOWN,NONE,V05C-contexts.csv,SOURCE_PROVED_NOT_YET_ADMITTED
TP07F497,06:B08B:0:0:0,0x03308B,B9971D,LDA,ABS_Y,UNKNOWN,UNKNOWN,NONE,V05C-contexts.csv,SOURCE_PROVED_NOT_YET_ADMITTED
TP07F497,06:B08E:0:0:0,0x03308E,8D0A08,STA,ABS,UNKNOWN,UNKNOWN,DBR:080A,V05C-contexts.csv,SOURCE_PROVED_NOT_YET_ADMITTED
TP07F497,06:B091:0:0:0,0x033091,82A807,BRL,REL16,UNKNOWN,UNKNOWN,NONE,V05C-contexts.csv,SOURCE_PROVED_NOT_YET_ADMITTED
TP07F497,06:B094:0:0:0,0x033094,C230,REP,IMM8,UNKNOWN,0,NONE,V05C-contexts.csv,SOURCE_PROVED_NOT_YET_ADMITTED
TP07F497,06:B096:0:0:0,0x033096,82A307,BRL,REL16,UNKNOWN,0,NONE,V05C-contexts.csv,SOURCE_PROVED_NOT_YET_ADMITTED
TP07F497,06:B099:0:1:1,0x033099,E230,SEP,IMM8,UNKNOWN,0,NONE,V05C-contexts.csv,SOURCE_PROVED_NOT_YET_ADMITTED
TP07F497,06:B09B:0:1:1,0x03309B,C904,CMP,IMM_M,UNKNOWN,0,NONE,V05C-contexts.csv,SOURCE_PROVED_NOT_YET_ADMITTED
TP07F497,06:B09D:0:1:1,0x03309D,F003,BEQ,REL8,UNKNOWN,UNKNOWN,NONE,V05C-contexts.csv,SOURCE_PROVED_NOT_YET_ADMITTED
TP07F497,06:B09F:0:1:1,0x03309F,822300,BRL,REL16,UNKNOWN,0,NONE,V05C-contexts.csv,SOURCE_PROVED_NOT_YET_ADMITTED
TP07F497,06:B0A2:0:1:1,0x0330A2,E230,SEP,IMM8,UNKNOWN,1,NONE,V05C-contexts.csv,SOURCE_PROVED_NOT_YET_ADMITTED
TP07F497,06:B0A4:0:1:1,0x0330A4,AD4707,LDA,ABS,UNKNOWN,1,DBR:0747,V05C-contexts.csv,SOURCE_PROVED_NOT_YET_ADMITTED
TP07F497,06:B0A7:0:1:1,0x0330A7,C940,CMP,IMM_M,UNKNOWN,UNKNOWN,NONE,V05C-contexts.csv,SOURCE_PROVED_NOT_YET_ADMITTED
TP07F497,06:B0A9:0:1:1,0x0330A9,F003,BEQ,REL8,UNKNOWN,UNKNOWN,NONE,V05C-contexts.csv,SOURCE_PROVED_NOT_YET_ADMITTED
TP07F497,06:B0AB:0:1:1,0x0330AB,828E07,BRL,REL16,UNKNOWN,0,NONE,V05C-contexts.csv,SOURCE_PROVED_NOT_YET_ADMITTED
TP07F497,06:B0AE:0:1:1,0x0330AE,A907,LDA,IMM_M,UNKNOWN,1,NONE,V05C-contexts.csv,SOURCE_PROVED_NOT_YET_ADMITTED
TP07F497,06:B0B0:0:1:1,0x0330B0,2214ED04,JSL,ABSL_JUMP,UNKNOWN,0,NONE,V05C-contexts.csv,SOURCE_PROVED_NOT_YET_ADMITTED
TP07F497,06:B0B4:0:1:1,0x0330B4,C230,REP,IMM8,1,UNKNOWN,NONE,V05C-contexts.csv,SOURCE_PROVED_NOT_YET_ADMITTED
TP07F497,06:B0B6:0:0:0,0x0330B6,A90100,LDA,IMM_M,1,UNKNOWN,NONE,V05C-contexts.csv,SOURCE_PROVED_NOT_YET_ADMITTED
TP07F497,06:B0B9:0:0:0,0x0330B9,8D0B04,STA,ABS,1,0,DBR:040B,V05C-contexts.csv,SOURCE_PROVED_NOT_YET_ADMITTED
TP07F497,06:B0BC:0:0:0,0x0330BC,AD3614,LDA,ABS,1,0,DBR:1436,V05C-contexts.csv,SOURCE_PROVED_NOT_YET_ADMITTED
TP07F497,06:B0BF:0:0:0,0x0330BF,8D0A08,STA,ABS,1,UNKNOWN,DBR:080A,V05C-contexts.csv,SOURCE_PROVED_NOT_YET_ADMITTED
TP07F497,06:B0C2:0:0:0,0x0330C2,827707,BRL,REL16,1,UNKNOWN,NONE,V05C-contexts.csv,SOURCE_PROVED_NOT_YET_ADMITTED
TP07F497,06:B0C5:0:1:1,0x0330C5,E230,SEP,IMM8,UNKNOWN,0,NONE,V05C-contexts.csv,SOURCE_PROVED_NOT_YET_ADMITTED
TP07F497,06:B0C7:0:1:1,0x0330C7,C924,CMP,IMM_M,UNKNOWN,0,NONE,V05C-contexts.csv,SOURCE_PROVED_NOT_YET_ADMITTED
TP07F497,06:B0C9:0:1:1,0x0330C9,F003,BEQ,REL8,UNKNOWN,UNKNOWN,NONE,V05C-contexts.csv,SOURCE_PROVED_NOT_YET_ADMITTED
TP07F497,06:B0CB:0:1:1,0x0330CB,827800,BRL,REL16,UNKNOWN,0,NONE,V05C-contexts.csv,SOURCE_PROVED_NOT_YET_ADMITTED
TP07F497,06:B0CE:0:1:1,0x0330CE,E230,SEP,IMM8,UNKNOWN,1,NONE,V05C-contexts.csv,SOURCE_PROVED_NOT_YET_ADMITTED
TP07F497,06:B0D0:0:1:1,0x0330D0,AD4707,LDA,ABS,UNKNOWN,1,DBR:0747,V05C-contexts.csv,SOURCE_PROVED_NOT_YET_ADMITTED
TP07F497,06:B0D3:0:1:1,0x0330D3,C901,CMP,IMM_M,UNKNOWN,UNKNOWN,NONE,V05C-contexts.csv,SOURCE_PROVED_NOT_YET_ADMITTED
TP07F497,06:B0D5:0:1:1,0x0330D5,F00A,BEQ,REL8,UNKNOWN,UNKNOWN,NONE,V05C-contexts.csv,SOURCE_PROVED_NOT_YET_ADMITTED
TP07F497,06:B0D7:0:1:1,0x0330D7,AD4607,LDA,ABS,UNKNOWN,0,DBR:0746,V05C-contexts.csv,SOURCE_PROVED_NOT_YET_ADMITTED
TP07F497,06:B0DA:0:1:1,0x0330DA,C910,CMP,IMM_M,UNKNOWN,UNKNOWN,NONE,V05C-contexts.csv,SOURCE_PROVED_NOT_YET_ADMITTED
TP07F497,06:B0DC:0:1:1,0x0330DC,F003,BEQ,REL8,UNKNOWN,UNKNOWN,NONE,V05C-contexts.csv,SOURCE_PROVED_NOT_YET_ADMITTED
TP07F497,06:B0DE:0:1:1,0x0330DE,822D00,BRL,REL16,UNKNOWN,0,NONE,V05C-contexts.csv,SOURCE_PROVED_NOT_YET_ADMITTED
TP07F497,06:B0E1:0:1:1,0x0330E1,C230,REP,IMM8,UNKNOWN,1,NONE,V05C-contexts.csv,SOURCE_PROVED_NOT_YET_ADMITTED
TP07F497,06:B0E3:0:0:0,0x0330E3,ADE218,LDA,ABS,UNKNOWN,1,DBR:18E2,V05C-contexts.csv,SOURCE_PROVED_NOT_YET_ADMITTED
TP07F497,06:B0E6:0:0:0,0x0330E6,1003,BPL,REL8,UNKNOWN,UNKNOWN,NONE,V05C-contexts.csv,SOURCE_PROVED_NOT_YET_ADMITTED
TP07F497,06:B0E8:0:0:0,0x0330E8,4C3CB8,JMP,ABS_JUMP,UNKNOWN,UNKNOWN,NONE,V05C-contexts.csv,SOURCE_PROVED_NOT_YET_ADMITTED
TP07F497,06:B0EB:0:0:0,0x0330EB,ADC61F,LDA,ABS,UNKNOWN,UNKNOWN,DBR:1FC6,V05C-contexts.csv,SOURCE_PROVED_NOT_YET_ADMITTED
TP07F497,06:B0EE:0:0:0,0x0330EE,C9C409,CMP,IMM_M,UNKNOWN,UNKNOWN,NONE,V05C-contexts.csv,SOURCE_PROVED_NOT_YET_ADMITTED
TP07F497,06:B0F1:0:0:0,0x0330F1,9003,BCC,REL8,UNKNOWN,UNKNOWN,NONE,V05C-contexts.csv,SOURCE_PROVED_NOT_YET_ADMITTED
TP07F497,06:B0F3:0:0:0,0x0330F3,824607,BRL,REL16,1,UNKNOWN,NONE,V05C-contexts.csv,SOURCE_PROVED_NOT_YET_ADMITTED
TP07F497,06:B0F6:0:0:0,0x0330F6,ADC61F,LDA,ABS,0,UNKNOWN,DBR:1FC6,V05C-contexts.csv,SOURCE_PROVED_NOT_YET_ADMITTED
TP07F497,06:B0F9:0:0:0,0x0330F9,18,CLC,IMP,0,UNKNOWN,NONE,V05C-contexts.csv,SOURCE_PROVED_NOT_YET_ADMITTED
TP07F497,06:B0FA:0:0:0,0x0330FA,693200,ADC,IMM_M,0,UNKNOWN,NONE,V05C-contexts.csv,SOURCE_PROVED_NOT_YET_ADMITTED
TP07F497,06:B0FD:0:0:0,0x0330FD,8DC61F,STA,ABS,UNKNOWN,UNKNOWN,DBR:1FC6,V05C-contexts.csv,SOURCE_PROVED_NOT_YET_ADMITTED
TP07F497,06:B100:0:0:0,0x033100,A90800,LDA,IMM_M,UNKNOWN,UNKNOWN,NONE,V05C-contexts.csv,SOURCE_PROVED_NOT_YET_ADMITTED
TP07F497,06:B103:0:0:0,0x033103,220AED04,JSL,ABSL_JUMP,UNKNOWN,0,NONE,V05C-contexts.csv,SOURCE_PROVED_NOT_YET_ADMITTED
TP07F497,06:B107:0:1:1,0x033107,E220,SEP,IMM8,UNKNOWN|0|1,UNKNOWN|0|1,NONE,V05C-contexts.csv,SOURCE_PROVED_NOT_YET_ADMITTED
TP07F497,06:B109:0:1:1,0x033109,C210,REP,IMM8,UNKNOWN|0|1,UNKNOWN|0|1,NONE,V05C-contexts.csv,SOURCE_PROVED_NOT_YET_ADMITTED
TP07F497,06:B10B:0:1:0,0x03310B,822E07,BRL,REL16,UNKNOWN|0|1,UNKNOWN|0|1,NONE,V05C-contexts.csv,SOURCE_PROVED_NOT_YET_ADMITTED
TP07F497,06:B10E:0:1:1,0x03310E,E230,SEP,IMM8,UNKNOWN,0,NONE,V05C-contexts.csv,SOURCE_PROVED_NOT_YET_ADMITTED
TP07F497,06:B110:0:1:1,0x033110,AD4707,LDA,ABS,UNKNOWN,0,DBR:0747,V05C-contexts.csv,SOURCE_PROVED_NOT_YET_ADMITTED
TP07F497,06:B113:0:1:1,0x033113,C902,CMP,IMM_M,UNKNOWN,UNKNOWN,NONE,V05C-contexts.csv,SOURCE_PROVED_NOT_YET_ADMITTED
TP07F497,06:B115:0:1:1,0x033115,F00A,BEQ,REL8,UNKNOWN,UNKNOWN,NONE,V05C-contexts.csv,SOURCE_PROVED_NOT_YET_ADMITTED
TP07F497,06:B117:0:1:1,0x033117,AD4607,LDA,ABS,UNKNOWN,0,DBR:0746,V05C-contexts.csv,SOURCE_PROVED_NOT_YET_ADMITTED
TP07F497,06:B11A:0:1:1,0x03311A,C920,CMP,IMM_M,UNKNOWN,UNKNOWN,NONE,V05C-contexts.csv,SOURCE_PROVED_NOT_YET_ADMITTED
TP07F497,06:B11C:0:1:1,0x03311C,F003,BEQ,REL8,UNKNOWN,UNKNOWN,NONE,V05C-contexts.csv,SOURCE_PROVED_NOT_YET_ADMITTED
TP07F497,06:B11E:0:1:1,0x03311E,821B07,BRL,REL16,UNKNOWN,0,NONE,V05C-contexts.csv,SOURCE_PROVED_NOT_YET_ADMITTED
TP07F497,06:B121:0:1:1,0x033121,C230,REP,IMM8,UNKNOWN,1,NONE,V05C-contexts.csv,SOURCE_PROVED_NOT_YET_ADMITTED
TP07F497,06:B123:0:0:0,0x033123,ADC61F,LDA,ABS,UNKNOWN,1,DBR:1FC6,V05C-contexts.csv,SOURCE_PROVED_NOT_YET_ADMITTED
TP07F497,06:B126:0:0:0,0x033126,C93200,CMP,IMM_M,UNKNOWN,UNKNOWN,NONE,V05C-contexts.csv,SOURCE_PROVED_NOT_YET_ADMITTED
TP07F497,06:B129:0:0:0,0x033129,B003,BCS,REL8,UNKNOWN,UNKNOWN,NONE,V05C-contexts.csv,SOURCE_PROVED_NOT_YET_ADMITTED
TP07F497,06:B12B:0:0:0,0x03312B,4C3CB8,JMP,ABS_JUMP,0,UNKNOWN,NONE,V05C-contexts.csv,SOURCE_PROVED_NOT_YET_ADMITTED
TP07F497,06:B12E:0:0:0,0x03312E,ADC61F,LDA,ABS,1,UNKNOWN,DBR:1FC6,V05C-contexts.csv,SOURCE_PROVED_NOT_YET_ADMITTED
TP07F497,06:B131:0:0:0,0x033131,38,SEC,IMP,1,UNKNOWN,NONE,V05C-contexts.csv,SOURCE_PROVED_NOT_YET_ADMITTED
TP07F497,06:B132:0:0:0,0x033132,E93200,SBC,IMM_M,1,UNKNOWN,NONE,V05C-contexts.csv,SOURCE_PROVED_NOT_YET_ADMITTED
TP07F497,06:B135:0:0:0,0x033135,8DC61F,STA,ABS,UNKNOWN,UNKNOWN,DBR:1FC6,V05C-contexts.csv,SOURCE_PROVED_NOT_YET_ADMITTED
TP07F497,06:B138:0:0:0,0x033138,A90700,LDA,IMM_M,UNKNOWN,UNKNOWN,NONE,V05C-contexts.csv,SOURCE_PROVED_NOT_YET_ADMITTED
TP07F497,06:B13B:0:0:0,0x03313B,220AED04,JSL,ABSL_JUMP,UNKNOWN,0,NONE,V05C-contexts.csv,SOURCE_PROVED_NOT_YET_ADMITTED
TP07F497,06:B13F:0:1:1,0x03313F,E220,SEP,IMM8,UNKNOWN|0|1,UNKNOWN|0|1,NONE,V05C-contexts.csv,SOURCE_PROVED_NOT_YET_ADMITTED
TP07F497,06:B141:0:1:1,0x033141,C210,REP,IMM8,UNKNOWN|0|1,UNKNOWN|0|1,NONE,V05C-contexts.csv,SOURCE_PROVED_NOT_YET_ADMITTED
TP07F497,06:B143:0:1:0,0x033143,82F606,BRL,REL16,UNKNOWN|0|1,UNKNOWN|0|1,NONE,V05C-contexts.csv,SOURCE_PROVED_NOT_YET_ADMITTED
TP07F497,06:B146:0:1:1,0x033146,E230,SEP,IMM8,UNKNOWN,0,NONE,V05C-contexts.csv,SOURCE_PROVED_NOT_YET_ADMITTED
TP07F497,06:B148:0:1:1,0x033148,C922,CMP,IMM_M,UNKNOWN,0,NONE,V05C-contexts.csv,SOURCE_PROVED_NOT_YET_ADMITTED
TP07F497,06:B14A:0:1:1,0x03314A,F003,BEQ,REL8,UNKNOWN,UNKNOWN,NONE,V05C-contexts.csv,SOURCE_PROVED_NOT_YET_ADMITTED
TP07F497,06:B14C:0:1:1,0x03314C,82A000,BRL,REL16,UNKNOWN,0,NONE,V05C-contexts.csv,SOURCE_PROVED_NOT_YET_ADMITTED
TP07F497,06:B14F:0:1:1,0x03314F,E230,SEP,IMM8,UNKNOWN,1,NONE,V05C-contexts.csv,SOURCE_PROVED_NOT_YET_ADMITTED
TP07F497,06:B151:0:1:1,0x033151,AD4707,LDA,ABS,UNKNOWN,1,DBR:0747,V05C-contexts.csv,SOURCE_PROVED_NOT_YET_ADMITTED
TP07F497,06:B154:0:1:1,0x033154,C901,CMP,IMM_M,UNKNOWN,UNKNOWN,NONE,V05C-contexts.csv,SOURCE_PROVED_NOT_YET_ADMITTED
TP07F497,06:B156:0:1:1,0x033156,F00A,BEQ,REL8,UNKNOWN,UNKNOWN,NONE,V05C-contexts.csv,SOURCE_PROVED_NOT_YET_ADMITTED
TP07F497,06:B158:0:1:1,0x033158,AD4607,LDA,ABS,UNKNOWN,0,DBR:0746,V05C-contexts.csv,SOURCE_PROVED_NOT_YET_ADMITTED
TP07F497,06:B15B:0:1:1,0x03315B,C910,CMP,IMM_M,UNKNOWN,UNKNOWN,NONE,V05C-contexts.csv,SOURCE_PROVED_NOT_YET_ADMITTED
TP07F497,06:B15D:0:1:1,0x03315D,F003,BEQ,REL8,UNKNOWN,UNKNOWN,NONE,V05C-contexts.csv,SOURCE_PROVED_NOT_YET_ADMITTED
TP07F497,06:B15F:0:1:1,0x03315F,823C00,BRL,REL16,UNKNOWN,0,NONE,V05C-contexts.csv,SOURCE_PROVED_NOT_YET_ADMITTED
TP07F497,06:B162:0:1:1,0x033162,E210,SEP,IMM8,UNKNOWN,1,NONE,V05C-contexts.csv,SOURCE_PROVED_NOT_YET_ADMITTED
TP07F497,06:B164:0:1:1,0x033164,C220,REP,IMM8,UNKNOWN,1,NONE,V05C-contexts.csv,SOURCE_PROVED_NOT_YET_ADMITTED
TP07F497,06:B166:0:0:1,0x033166,AD3414,LDA,ABS,UNKNOWN,1,DBR:1434,V05C-contexts.csv,SOURCE_PROVED_NOT_YET_ADMITTED
TP07F497,06:B169:0:0:1,0x033169,229DC200,JSL,ABSL_JUMP,UNKNOWN,UNKNOWN,NONE,V05C-contexts.csv,SOURCE_PROVED_NOT_YET_ADMITTED
TP07F497,06:B16D:0:0:1,0x03316D,8D4900,STA,ABS,UNKNOWN,UNKNOWN,DBR:0049,V05C-contexts.csv,SOURCE_PROVED_NOT_YET_ADMITTED
TP07F497,06:B170:0:0:1,0x033170,8E4B00,STX,ABS,UNKNOWN,UNKNOWN,DBR:004B,V05C-contexts.csv,SOURCE_PROVED_NOT_YET_ADMITTED
TP07F497,06:B173:0:0:1,0x033173,A01A,LDY,IMM_X,UNKNOWN,UNKNOWN,NONE,V05C-contexts.csv,SOURCE_PROVED_NOT_YET_ADMITTED
TP07F497,06:B175:0:0:1,0x033175,B749,LDA,DP_IND_LONG_Y,UNKNOWN,0,NONE,V05C-contexts.csv,SOURCE_PROVED_NOT_YET_ADMITTED
TP07F497,06:B177:0:0:1,0x033177,2250C300,JSL,ABSL_JUMP,UNKNOWN,UNKNOWN,NONE,V05C-contexts.csv,SOURCE_PROVED_NOT_YET_ADMITTED
TP07F497,06:B17B:0:0:1,0x03317B,8D2200,STA,ABS,UNKNOWN,1,DBR:0022,V05C-contexts.csv,SOURCE_PROVED_NOT_YET_ADMITTED
TP07F497,06:B17E:0:0:1,0x03317E,8E2400,STX,ABS,UNKNOWN,1,DBR:0024,V05C-contexts.csv,SOURCE_PROVED_NOT_YET_ADMITTED
TP07F497,06:B181:0:0:1,0x033181,A01B,LDY,IMM_X,UNKNOWN,1,NONE,V05C-contexts.csv,SOURCE_PROVED_NOT_YET_ADMITTED
TP07F497,06:B183:0:0:1,0x033183,B722,LDA,DP_IND_LONG_Y,UNKNOWN,0,NONE,V05C-contexts.csv,SOURCE_PROVED_NOT_YET_ADMITTED
TP07F497,06:B185:0:0:1,0x033185,C90400,CMP,IMM_M,UNKNOWN,UNKNOWN,NONE,V05C-contexts.csv,SOURCE_PROVED_NOT_YET_ADMITTED
TP07F497,06:B188:0:0:1,0x033188,9003,BCC,REL8,UNKNOWN,UNKNOWN,NONE,V05C-contexts.csv,SOURCE_PROVED_NOT_YET_ADMITTED
TP07F497,06:B18A:0:0:1,0x03318A,82AF06,BRL,REL16,1,UNKNOWN,NONE,V05C-contexts.csv,SOURCE_PROVED_NOT_YET_ADMITTED
TP07F497,06:B18D:0:0:1,0x03318D,1A,INC,ACC,0,UNKNOWN,NONE,V05C-contexts.csv,SOURCE_PROVED_NOT_YET_ADMITTED
TP07F497,06:B18E:0:0:1,0x03318E,9722,STA,DP_IND_LONG_Y,0,UNKNOWN,NONE,V05C-contexts.csv,SOURCE_PROVED_NOT_YET_ADMITTED
TP07F497,06:B190:0:0:1,0x033190,A90800,LDA,IMM_M,0,UNKNOWN,NONE,V05C-contexts.csv,SOURCE_PROVED_NOT_YET_ADMITTED
TP07F497,06:B193:0:0:1,0x033193,220AED04,JSL,ABSL_JUMP,0,0,NONE,V05C-contexts.csv,SOURCE_PROVED_NOT_YET_ADMITTED
TP07F497,06:B197:0:1:1,0x033197,E220,SEP,IMM8,UNKNOWN|0|1,UNKNOWN|0|1,NONE,V05C-contexts.csv,SOURCE_PROVED_NOT_YET_ADMITTED
TP07F497,06:B199:0:1:1,0x033199,C210,REP,IMM8,UNKNOWN|0|1,UNKNOWN|0|1,NONE,V05C-contexts.csv,SOURCE_PROVED_NOT_YET_ADMITTED
TP07F497,06:B19B:0:1:0,0x03319B,829E06,BRL,REL16,UNKNOWN|0|1,UNKNOWN|0|1,NONE,V05C-contexts.csv,SOURCE_PROVED_NOT_YET_ADMITTED
TP07F497,06:B19E:0:1:1,0x03319E,E230,SEP,IMM8,UNKNOWN,0,NONE,V05C-contexts.csv,SOURCE_PROVED_NOT_YET_ADMITTED
TP07F497,06:B1A0:0:1:1,0x0331A0,AD4707,LDA,ABS,UNKNOWN,0,DBR:0747,V05C-contexts.csv,SOURCE_PROVED_NOT_YET_ADMITTED
TP07F497,06:B1A3:0:1:1,0x0331A3,C902,CMP,IMM_M,UNKNOWN,UNKNOWN,NONE,V05C-contexts.csv,SOURCE_PROVED_NOT_YET_ADMITTED
TP07F497,06:B1A5:0:1:1,0x0331A5,F00A,BEQ,REL8,UNKNOWN,UNKNOWN,NONE,V05C-contexts.csv,SOURCE_PROVED_NOT_YET_ADMITTED
TP07F497,06:B1A7:0:1:1,0x0331A7,AD4607,LDA,ABS,UNKNOWN,0,DBR:0746,V05C-contexts.csv,SOURCE_PROVED_NOT_YET_ADMITTED
TP07F497,06:B1AA:0:1:1,0x0331AA,2920,AND,IMM_M,UNKNOWN,UNKNOWN,NONE,V05C-contexts.csv,SOURCE_PROVED_NOT_YET_ADMITTED
TP07F497,06:B1AC:0:1:1,0x0331AC,D003,BNE,REL8,UNKNOWN,UNKNOWN,NONE,V05C-contexts.csv,SOURCE_PROVED_NOT_YET_ADMITTED
TP07F497,06:B1AE:0:1:1,0x0331AE,828B06,BRL,REL16,UNKNOWN,1,NONE,V05C-contexts.csv,SOURCE_PROVED_NOT_YET_ADMITTED
TP07F497,06:B1B1:0:1:1,0x0331B1,E210,SEP,IMM8,UNKNOWN,0|1,NONE,V05C-contexts.csv,SOURCE_PROVED_NOT_YET_ADMITTED
TP07F497,06:B1B3:0:1:1,0x0331B3,C220,REP,IMM8,UNKNOWN,0|1,NONE,V05C-contexts.csv,SOURCE_PROVED_NOT_YET_ADMITTED
TP07F497,06:B1B5:0:0:1,0x0331B5,AD3414,LDA,ABS,UNKNOWN,0|1,DBR:1434,V05C-contexts.csv,SOURCE_PROVED_NOT_YET_ADMITTED
TP07F497,06:B1B8:0:0:1,0x0331B8,229DC200,JSL,ABSL_JUMP,UNKNOWN,UNKNOWN,NONE,V05C-contexts.csv,SOURCE_PROVED_NOT_YET_ADMITTED
TP07F497,06:B1BC:0:0:1,0x0331BC,8D4900,STA,ABS,UNKNOWN,UNKNOWN,DBR:0049,V05C-contexts.csv,SOURCE_PROVED_NOT_YET_ADMITTED
TP07F497,06:B1BF:0:0:1,0x0331BF,8E4B00,STX,ABS,UNKNOWN,UNKNOWN,DBR:004B,V05C-contexts.csv,SOURCE_PROVED_NOT_YET_ADMITTED
TP07F497,06:B1C2:0:0:1,0x0331C2,A01A,LDY,IMM_X,UNKNOWN,UNKNOWN,NONE,V05C-contexts.csv,SOURCE_PROVED_NOT_YET_ADMITTED
TP07F497,06:B1C4:0:0:1,0x0331C4,B749,LDA,DP_IND_LONG_Y,UNKNOWN,0,NONE,V05C-contexts.csv,SOURCE_PROVED_NOT_YET_ADMITTED
TP07F497,06:B1C6:0:0:1,0x0331C6,2250C300,JSL,ABSL_JUMP,UNKNOWN,UNKNOWN,NONE,V05C-contexts.csv,SOURCE_PROVED_NOT_YET_ADMITTED
TP07F497,06:B1CA:0:0:1,0x0331CA,8D2200,STA,ABS,UNKNOWN,1,DBR:0022,V05C-contexts.csv,SOURCE_PROVED_NOT_YET_ADMITTED
TP07F497,06:B1CD:0:0:1,0x0331CD,8E2400,STX,ABS,UNKNOWN,1,DBR:0024,V05C-contexts.csv,SOURCE_PROVED_NOT_YET_ADMITTED
TP07F497,06:B1D0:0:0:1,0x0331D0,A01B,LDY,IMM_X,UNKNOWN,1,NONE,V05C-contexts.csv,SOURCE_PROVED_NOT_YET_ADMITTED
TP07F497,06:B1D2:0:0:1,0x0331D2,B722,LDA,DP_IND_LONG_Y,UNKNOWN,0,NONE,V05C-contexts.csv,SOURCE_PROVED_NOT_YET_ADMITTED
TP07F497,06:B1D4:0:0:1,0x0331D4,C90000,CMP,IMM_M,UNKNOWN,UNKNOWN,NONE,V05C-contexts.csv,SOURCE_PROVED_NOT_YET_ADMITTED
TP07F497,06:B1D7:0:0:1,0x0331D7,F002,BEQ,REL8,UNKNOWN,UNKNOWN,NONE,V05C-contexts.csv,SOURCE_PROVED_NOT_YET_ADMITTED
TP07F497,06:B1D9:0:0:1,0x0331D9,B003,BCS,REL8,UNKNOWN,0,NONE,V05C-contexts.csv,SOURCE_PROVED_NOT_YET_ADMITTED
TP07F497,06:B1DB:0:0:1,0x0331DB,825E06,BRL,REL16,UNKNOWN|0,0|1,NONE,V05C-contexts.csv,SOURCE_PROVED_NOT_YET_ADMITTED
TP07F497,06:B1DE:0:0:1,0x0331DE,3A,DEC,ACC,1,0,NONE,V05C-contexts.csv,SOURCE_PROVED_NOT_YET_ADMITTED
TP07F497,06:B1DF:0:0:1,0x0331DF,9722,STA,DP_IND_LONG_Y,1,UNKNOWN,NONE,V05C-contexts.csv,SOURCE_PROVED_NOT_YET_ADMITTED
TP07F497,06:B1E1:0:0:1,0x0331E1,A90700,LDA,IMM_M,1,UNKNOWN,NONE,V05C-contexts.csv,SOURCE_PROVED_NOT_YET_ADMITTED
TP07F497,06:B1E4:0:0:1,0x0331E4,220AED04,JSL,ABSL_JUMP,1,0,NONE,V05C-contexts.csv,SOURCE_PROVED_NOT_YET_ADMITTED
TP07F497,06:B1E8:0:1:1,0x0331E8,E220,SEP,IMM8,UNKNOWN|0|1,UNKNOWN|0|1,NONE,V05C-contexts.csv,SOURCE_PROVED_NOT_YET_ADMITTED
TP07F497,06:B1EA:0:1:1,0x0331EA,C210,REP,IMM8,UNKNOWN|0|1,UNKNOWN|0|1,NONE,V05C-contexts.csv,SOURCE_PROVED_NOT_YET_ADMITTED
TP07F497,06:B1EC:0:1:0,0x0331EC,824D06,BRL,REL16,UNKNOWN|0|1,UNKNOWN|0|1,NONE,V05C-contexts.csv,SOURCE_PROVED_NOT_YET_ADMITTED
TP07F497,06:B1EF:0:1:1,0x0331EF,E230,SEP,IMM8,UNKNOWN,0,NONE,V05C-contexts.csv,SOURCE_PROVED_NOT_YET_ADMITTED
TP07F497,06:B1F1:0:1:1,0x0331F1,C91D,CMP,IMM_M,UNKNOWN,0,NONE,V05C-contexts.csv,SOURCE_PROVED_NOT_YET_ADMITTED
TP07F497,06:B1F3:0:1:1,0x0331F3,F003,BEQ,REL8,UNKNOWN,UNKNOWN,NONE,V05C-contexts.csv,SOURCE_PROVED_NOT_YET_ADMITTED
TP07F497,06:B1F5:0:1:1,0x0331F5,82A000,BRL,REL16,UNKNOWN,0,NONE,V05C-contexts.csv,SOURCE_PROVED_NOT_YET_ADMITTED
TP07F497,06:B1F8:0:1:1,0x0331F8,E230,SEP,IMM8,UNKNOWN,1,NONE,V05C-contexts.csv,SOURCE_PROVED_NOT_YET_ADMITTED
TP07F497,06:B1FA:0:1:1,0x0331FA,AD4707,LDA,ABS,UNKNOWN,1,DBR:0747,V05C-contexts.csv,SOURCE_PROVED_NOT_YET_ADMITTED
TP07F497,06:B1FD:0:1:1,0x0331FD,C901,CMP,IMM_M,UNKNOWN,UNKNOWN,NONE,V05C-contexts.csv,SOURCE_PROVED_NOT_YET_ADMITTED
TP07F497,06:B1FF:0:1:1,0x0331FF,F00A,BEQ,REL8,UNKNOWN,UNKNOWN,NONE,V05C-contexts.csv,SOURCE_PROVED_NOT_YET_ADMITTED
TP07F497,06:B201:0:1:1,0x033201,AD4607,LDA,ABS,UNKNOWN,0,DBR:0746,V05C-contexts.csv,SOURCE_PROVED_NOT_YET_ADMITTED
TP07F497,06:B204:0:1:1,0x033204,2910,AND,IMM_M,UNKNOWN,UNKNOWN,NONE,V05C-contexts.csv,SOURCE_PROVED_NOT_YET_ADMITTED
TP07F497,06:B206:0:1:1,0x033206,D003,BNE,REL8,UNKNOWN,UNKNOWN,NONE,V05C-contexts.csv,SOURCE_PROVED_NOT_YET_ADMITTED
TP07F497,06:B208:0:1:1,0x033208,823C00,BRL,REL16,UNKNOWN,1,NONE,V05C-contexts.csv,SOURCE_PROVED_NOT_YET_ADMITTED
TP07F497,06:B20B:0:1:1,0x03320B,E210,SEP,IMM8,UNKNOWN,0|1,NONE,V05C-contexts.csv,SOURCE_PROVED_NOT_YET_ADMITTED
TP07F497,06:B20D:0:1:1,0x03320D,C220,REP,IMM8,UNKNOWN,0|1,NONE,V05C-contexts.csv,SOURCE_PROVED_NOT_YET_ADMITTED
TP07F497,06:B20F:0:0:1,0x03320F,AD3414,LDA,ABS,UNKNOWN,0|1,DBR:1434,V05C-contexts.csv,SOURCE_PROVED_NOT_YET_ADMITTED
TP07F497,06:B212:0:0:1,0x033212,229DC200,JSL,ABSL_JUMP,UNKNOWN,UNKNOWN,NONE,V05C-contexts.csv,SOURCE_PROVED_NOT_YET_ADMITTED
TP07F497,06:B216:0:0:1,0x033216,8D4900,STA,ABS,UNKNOWN,UNKNOWN,DBR:0049,V05C-contexts.csv,SOURCE_PROVED_NOT_YET_ADMITTED
TP07F497,06:B219:0:0:1,0x033219,8E4B00,STX,ABS,UNKNOWN,UNKNOWN,DBR:004B,V05C-contexts.csv,SOURCE_PROVED_NOT_YET_ADMITTED
TP07F497,06:B21C:0:0:1,0x03321C,A01A,LDY,IMM_X,UNKNOWN,UNKNOWN,NONE,V05C-contexts.csv,SOURCE_PROVED_NOT_YET_ADMITTED
TP07F497,06:B21E:0:0:1,0x03321E,B749,LDA,DP_IND_LONG_Y,UNKNOWN,0,NONE,V05C-contexts.csv,SOURCE_PROVED_NOT_YET_ADMITTED
TP07F497,06:B220:0:0:1,0x033220,2250C300,JSL,ABSL_JUMP,UNKNOWN,UNKNOWN,NONE,V05C-contexts.csv,SOURCE_PROVED_NOT_YET_ADMITTED
TP07F497,06:B224:0:0:1,0x033224,8D2200,STA,ABS,UNKNOWN,1,DBR:0022,V05C-contexts.csv,SOURCE_PROVED_NOT_YET_ADMITTED
TP07F497,06:B227:0:0:1,0x033227,8E2400,STX,ABS,UNKNOWN,1,DBR:0024,V05C-contexts.csv,SOURCE_PROVED_NOT_YET_ADMITTED
TP07F497,06:B22A:0:0:1,0x03322A,E230,SEP,IMM8,UNKNOWN,1,NONE,V05C-contexts.csv,SOURCE_PROVED_NOT_YET_ADMITTED
TP07F497,06:B22C:0:1:1,0x03322C,A019,LDY,IMM_X,UNKNOWN,1,NONE,V05C-contexts.csv,SOURCE_PROVED_NOT_YET_ADMITTED
TP07F497,06:B22E:0:1:1,0x03322E,B722,LDA,DP_IND_LONG_Y,UNKNOWN,0,NONE,V05C-contexts.csv,SOURCE_PROVED_NOT_YET_ADMITTED
TP07F497,06:B230:0:1:1,0x033230,C964,CMP,IMM_M,UNKNOWN,UNKNOWN,NONE,V05C-contexts.csv,SOURCE_PROVED_NOT_YET_ADMITTED
TP07F497,06:B232:0:1:1,0x033232,9003,BCC,REL8,UNKNOWN,UNKNOWN,NONE,V05C-contexts.csv,SOURCE_PROVED_NOT_YET_ADMITTED
TP07F497,06:B234:0:1:1,0x033234,820506,BRL,REL16,1,UNKNOWN,NONE,V05C-contexts.csv,SOURCE_PROVED_NOT_YET_ADMITTED
TP07F497,06:B237:0:1:1,0x033237,1A,INC,ACC,0,UNKNOWN,NONE,V05C-contexts.csv,SOURCE_PROVED_NOT_YET_ADMITTED
TP07F497,06:B238:0:1:1,0x033238,9722,STA,DP_IND_LONG_Y,0,UNKNOWN,NONE,V05C-contexts.csv,SOURCE_PROVED_NOT_YET_ADMITTED
TP07F497,06:B23A:0:1:1,0x03323A,A908,LDA,IMM_M,0,UNKNOWN,NONE,V05C-contexts.csv,SOURCE_PROVED_NOT_YET_ADMITTED
TP07F497,06:B23C:0:1:1,0x03323C,220AED04,JSL,ABSL_JUMP,0,0,NONE,V05C-contexts.csv,SOURCE_PROVED_NOT_YET_ADMITTED
TP07F497,06:B240:0:1:1,0x033240,E220,SEP,IMM8,UNKNOWN|0|1,UNKNOWN|0|1,NONE,V05C-contexts.csv,SOURCE_PROVED_NOT_YET_ADMITTED
TP07F497,06:B242:0:1:1,0x033242,C210,REP,IMM8,UNKNOWN|0|1,UNKNOWN|0|1,NONE,V05C-contexts.csv,SOURCE_PROVED_NOT_YET_ADMITTED
TP07F497,06:B244:0:1:0,0x033244,82F505,BRL,REL16,UNKNOWN|0|1,UNKNOWN|0|1,NONE,V05C-contexts.csv,SOURCE_PROVED_NOT_YET_ADMITTED
TP07F497,06:B247:0:1:1,0x033247,E230,SEP,IMM8,UNKNOWN,1,NONE,V05C-contexts.csv,SOURCE_PROVED_NOT_YET_ADMITTED
TP07F497,06:B249:0:1:1,0x033249,AD4707,LDA,ABS,UNKNOWN,1,DBR:0747,V05C-contexts.csv,SOURCE_PROVED_NOT_YET_ADMITTED
TP07F497,06:B24C:0:1:1,0x03324C,C902,CMP,IMM_M,UNKNOWN,UNKNOWN,NONE,V05C-contexts.csv,SOURCE_PROVED_NOT_YET_ADMITTED
TP07F497,06:B24E:0:1:1,0x03324E,F00A,BEQ,REL8,UNKNOWN,UNKNOWN,NONE,V05C-contexts.csv,SOURCE_PROVED_NOT_YET_ADMITTED
TP07F497,06:B250:0:1:1,0x033250,AD4607,LDA,ABS,UNKNOWN,0,DBR:0746,V05C-contexts.csv,SOURCE_PROVED_NOT_YET_ADMITTED
TP07F497,06:B253:0:1:1,0x033253,2920,AND,IMM_M,UNKNOWN,UNKNOWN,NONE,V05C-contexts.csv,SOURCE_PROVED_NOT_YET_ADMITTED
TP07F497,06:B255:0:1:1,0x033255,D003,BNE,REL8,UNKNOWN,UNKNOWN,NONE,V05C-contexts.csv,SOURCE_PROVED_NOT_YET_ADMITTED
TP07F497,06:B257:0:1:1,0x033257,82E205,BRL,REL16,UNKNOWN,1,NONE,V05C-contexts.csv,SOURCE_PROVED_NOT_YET_ADMITTED
TP07F497,06:B25A:0:1:1,0x03325A,E210,SEP,IMM8,UNKNOWN,0|1,NONE,V05C-contexts.csv,SOURCE_PROVED_NOT_YET_ADMITTED
TP07F497,06:B25C:0:1:1,0x03325C,C220,REP,IMM8,UNKNOWN,0|1,NONE,V05C-contexts.csv,SOURCE_PROVED_NOT_YET_ADMITTED
TP07F497,06:B25E:0:0:1,0x03325E,AD3414,LDA,ABS,UNKNOWN,0|1,DBR:1434,V05C-contexts.csv,SOURCE_PROVED_NOT_YET_ADMITTED
TP07F497,06:B261:0:0:1,0x033261,229DC200,JSL,ABSL_JUMP,UNKNOWN,UNKNOWN,NONE,V05C-contexts.csv,SOURCE_PROVED_NOT_YET_ADMITTED
TP07F497,06:B265:0:0:1,0x033265,8D4900,STA,ABS,UNKNOWN,UNKNOWN,DBR:0049,V05C-contexts.csv,SOURCE_PROVED_NOT_YET_ADMITTED
TP07F497,06:B268:0:0:1,0x033268,8E4B00,STX,ABS,UNKNOWN,UNKNOWN,DBR:004B,V05C-contexts.csv,SOURCE_PROVED_NOT_YET_ADMITTED
TP07F497,06:B26B:0:0:1,0x03326B,A01A,LDY,IMM_X,UNKNOWN,UNKNOWN,NONE,V05C-contexts.csv,SOURCE_PROVED_NOT_YET_ADMITTED
TP07F497,06:B26D:0:0:1,0x03326D,B749,LDA,DP_IND_LONG_Y,UNKNOWN,0,NONE,V05C-contexts.csv,SOURCE_PROVED_NOT_YET_ADMITTED
TP07F497,06:B26F:0:0:1,0x03326F,2250C300,JSL,ABSL_JUMP,UNKNOWN,UNKNOWN,NONE,V05C-contexts.csv,SOURCE_PROVED_NOT_YET_ADMITTED
TP07F497,06:B273:0:0:1,0x033273,8D2200,STA,ABS,UNKNOWN,1,DBR:0022,V05C-contexts.csv,SOURCE_PROVED_NOT_YET_ADMITTED
TP07F497,06:B276:0:0:1,0x033276,8E2400,STX,ABS,UNKNOWN,1,DBR:0024,V05C-contexts.csv,SOURCE_PROVED_NOT_YET_ADMITTED
TP07F497,06:B279:0:0:1,0x033279,E230,SEP,IMM8,UNKNOWN,1,NONE,V05C-contexts.csv,SOURCE_PROVED_NOT_YET_ADMITTED
TP07F497,06:B27B:0:1:1,0x03327B,A019,LDY,IMM_X,UNKNOWN,1,NONE,V05C-contexts.csv,SOURCE_PROVED_NOT_YET_ADMITTED
TP07F497,06:B27D:0:1:1,0x03327D,B722,LDA,DP_IND_LONG_Y,UNKNOWN,0,NONE,V05C-contexts.csv,SOURCE_PROVED_NOT_YET_ADMITTED
TP07F497,06:B27F:0:1:1,0x03327F,C901,CMP,IMM_M,UNKNOWN,UNKNOWN,NONE,V05C-contexts.csv,SOURCE_PROVED_NOT_YET_ADMITTED
TP07F497,06:B281:0:1:1,0x033281,F002,BEQ,REL8,UNKNOWN,UNKNOWN,NONE,V05C-contexts.csv,SOURCE_PROVED_NOT_YET_ADMITTED
TP07F497,06:B283:0:1:1,0x033283,B003,BCS,REL8,UNKNOWN,0,NONE,V05C-contexts.csv,SOURCE_PROVED_NOT_YET_ADMITTED
TP07F497,06:B285:0:1:1,0x033285,82B405,BRL,REL16,UNKNOWN|0,0|1,NONE,V05C-contexts.csv,SOURCE_PROVED_NOT_YET_ADMITTED
TP07F497,06:B288:0:1:1,0x033288,3A,DEC,ACC,1,0,NONE,V05C-contexts.csv,SOURCE_PROVED_NOT_YET_ADMITTED
TP07F497,06:B289:0:1:1,0x033289,9722,STA,DP_IND_LONG_Y,1,UNKNOWN,NONE,V05C-contexts.csv,SOURCE_PROVED_NOT_YET_ADMITTED
TP07F497,06:B28B:0:1:1,0x03328B,A907,LDA,IMM_M,1,UNKNOWN,NONE,V05C-contexts.csv,SOURCE_PROVED_NOT_YET_ADMITTED
TP07F497,06:B28D:0:1:1,0x03328D,220AED04,JSL,ABSL_JUMP,1,0,NONE,V05C-contexts.csv,SOURCE_PROVED_NOT_YET_ADMITTED
TP07F497,06:B291:0:1:1,0x033291,E220,SEP,IMM8,UNKNOWN|0|1,UNKNOWN|0|1,NONE,V05C-contexts.csv,SOURCE_PROVED_NOT_YET_ADMITTED
TP07F497,06:B293:0:1:1,0x033293,C210,REP,IMM8,UNKNOWN|0|1,UNKNOWN|0|1,NONE,V05C-contexts.csv,SOURCE_PROVED_NOT_YET_ADMITTED
TP07F497,06:B295:0:1:0,0x033295,82A405,BRL,REL16,UNKNOWN|0|1,UNKNOWN|0|1,NONE,V05C-contexts.csv,SOURCE_PROVED_NOT_YET_ADMITTED
TP07F497,06:B298:0:1:1,0x033298,E230,SEP,IMM8,UNKNOWN,0,NONE,V05C-contexts.csv,SOURCE_PROVED_NOT_YET_ADMITTED
TP07F497,06:B29A:0:1:1,0x03329A,C91F,CMP,IMM_M,UNKNOWN,0,NONE,V05C-contexts.csv,SOURCE_PROVED_NOT_YET_ADMITTED
TP07F497,06:B29C:0:1:1,0x03329C,F003,BEQ,REL8,UNKNOWN,UNKNOWN,NONE,V05C-contexts.csv,SOURCE_PROVED_NOT_YET_ADMITTED
TP07F497,06:B29E:0:1:1,0x03329E,82A600,BRL,REL16,UNKNOWN,0,NONE,V05C-contexts.csv,SOURCE_PROVED_NOT_YET_ADMITTED
TP07F497,06:B2A1:0:1:1,0x0332A1,E230,SEP,IMM8,UNKNOWN,1,NONE,V05C-contexts.csv,SOURCE_PROVED_NOT_YET_ADMITTED
TP07F497,06:B2A3:0:1:1,0x0332A3,AD4707,LDA,ABS,UNKNOWN,1,DBR:0747,V05C-contexts.csv,SOURCE_PROVED_NOT_YET_ADMITTED
TP07F497,06:B2A6:0:1:1,0x0332A6,C901,CMP,IMM_M,UNKNOWN,UNKNOWN,NONE,V05C-contexts.csv,SOURCE_PROVED_NOT_YET_ADMITTED
TP07F497,06:B2A8:0:1:1,0x0332A8,F00A,BEQ,REL8,UNKNOWN,UNKNOWN,NONE,V05C-contexts.csv,SOURCE_PROVED_NOT_YET_ADMITTED
TP07F497,06:B2AA:0:1:1,0x0332AA,AD4607,LDA,ABS,UNKNOWN,0,DBR:0746,V05C-contexts.csv,SOURCE_PROVED_NOT_YET_ADMITTED
TP07F497,06:B2AD:0:1:1,0x0332AD,2910,AND,IMM_M,UNKNOWN,UNKNOWN,NONE,V05C-contexts.csv,SOURCE_PROVED_NOT_YET_ADMITTED
TP07F497,06:B2AF:0:1:1,0x0332AF,D003,BNE,REL8,UNKNOWN,UNKNOWN,NONE,V05C-contexts.csv,SOURCE_PROVED_NOT_YET_ADMITTED
TP07F497,06:B2B1:0:1:1,0x0332B1,823F00,BRL,REL16,UNKNOWN,1,NONE,V05C-contexts.csv,SOURCE_PROVED_NOT_YET_ADMITTED
TP07F497,06:B2B4:0:1:1,0x0332B4,E210,SEP,IMM8,UNKNOWN,0|1,NONE,V05C-contexts.csv,SOURCE_PROVED_NOT_YET_ADMITTED
TP07F497,06:B2B6:0:1:1,0x0332B6,C220,REP,IMM8,UNKNOWN,0|1,NONE,V05C-contexts.csv,SOURCE_PROVED_NOT_YET_ADMITTED
TP07F497,06:B2B8:0:0:1,0x0332B8,AD3414,LDA,ABS,UNKNOWN,0|1,DBR:1434,V05C-contexts.csv,SOURCE_PROVED_NOT_YET_ADMITTED
TP07F497,06:B2BB:0:0:1,0x0332BB,229DC200,JSL,ABSL_JUMP,UNKNOWN,UNKNOWN,NONE,V05C-contexts.csv,SOURCE_PROVED_NOT_YET_ADMITTED
TP07F497,06:B2BF:0:0:1,0x0332BF,8D4900,STA,ABS,UNKNOWN,UNKNOWN,DBR:0049,V05C-contexts.csv,SOURCE_PROVED_NOT_YET_ADMITTED
TP07F497,06:B2C2:0:0:1,0x0332C2,8E4B00,STX,ABS,UNKNOWN,UNKNOWN,DBR:004B,V05C-contexts.csv,SOURCE_PROVED_NOT_YET_ADMITTED
TP07F497,06:B2C5:0:0:1,0x0332C5,A01A,LDY,IMM_X,UNKNOWN,UNKNOWN,NONE,V05C-contexts.csv,SOURCE_PROVED_NOT_YET_ADMITTED
TP07F497,06:B2C7:0:0:1,0x0332C7,B749,LDA,DP_IND_LONG_Y,UNKNOWN,0,NONE,V05C-contexts.csv,SOURCE_PROVED_NOT_YET_ADMITTED
TP07F497,06:B2C9:0:0:1,0x0332C9,2250C300,JSL,ABSL_JUMP,UNKNOWN,UNKNOWN,NONE,V05C-contexts.csv,SOURCE_PROVED_NOT_YET_ADMITTED
TP07F497,06:B2CD:0:0:1,0x0332CD,8D2200,STA,ABS,UNKNOWN,1,DBR:0022,V05C-contexts.csv,SOURCE_PROVED_NOT_YET_ADMITTED
TP07F497,06:B2D0:0:0:1,0x0332D0,8E2400,STX,ABS,UNKNOWN,1,DBR:0024,V05C-contexts.csv,SOURCE_PROVED_NOT_YET_ADMITTED
TP07F497,06:B2D3:0:0:1,0x0332D3,A00A,LDY,IMM_X,UNKNOWN,1,NONE,V05C-contexts.csv,SOURCE_PROVED_NOT_YET_ADMITTED
TP07F497,06:B2D5:0:0:1,0x0332D5,B722,LDA,DP_IND_LONG_Y,UNKNOWN,0,NONE,V05C-contexts.csv,SOURCE_PROVED_NOT_YET_ADMITTED
TP07F497,06:B2D7:0:0:1,0x0332D7,C9A00F,CMP,IMM_M,UNKNOWN,UNKNOWN,NONE,V05C-contexts.csv,SOURCE_PROVED_NOT_YET_ADMITTED
TP07F497,06:B2DA:0:0:1,0x0332DA,9003,BCC,REL8,UNKNOWN,UNKNOWN,NONE,V05C-contexts.csv,SOURCE_PROVED_NOT_YET_ADMITTED
TP07F497,06:B2DC:0:0:1,0x0332DC,825D05,BRL,REL16,1,UNKNOWN,NONE,V05C-contexts.csv,SOURCE_PROVED_NOT_YET_ADMITTED
TP07F497,06:B2DF:0:0:1,0x0332DF,18,CLC,IMP,0,UNKNOWN,NONE,V05C-contexts.csv,SOURCE_PROVED_NOT_YET_ADMITTED
TP07F497,06:B2E0:0:0:1,0x0332E0,699001,ADC,IMM_M,0,UNKNOWN,NONE,V05C-contexts.csv,SOURCE_PROVED_NOT_YET_ADMITTED
TP07F497,06:B2E3:0:0:1,0x0332E3,9722,STA,DP_IND_LONG_Y,UNKNOWN,UNKNOWN,NONE,V05C-contexts.csv,SOURCE_PROVED_NOT_YET_ADMITTED
TP07F497,06:B2E5:0:0:1,0x0332E5,A90800,LDA,IMM_M,UNKNOWN,UNKNOWN,NONE,V05C-contexts.csv,SOURCE_PROVED_NOT_YET_ADMITTED
TP07F497,06:B2E8:0:0:1,0x0332E8,220AED04,JSL,ABSL_JUMP,UNKNOWN,0,NONE,V05C-contexts.csv,SOURCE_PROVED_NOT_YET_ADMITTED
TP07F497,06:B2EC:0:1:1,0x0332EC,E220,SEP,IMM8,UNKNOWN|0|1,UNKNOWN|0|1,NONE,V05C-contexts.csv,SOURCE_PROVED_NOT_YET_ADMITTED
TP07F497,06:B2EE:0:1:1,0x0332EE,C210,REP,IMM8,UNKNOWN|0|1,UNKNOWN|0|1,NONE,V05C-contexts.csv,SOURCE_PROVED_NOT_YET_ADMITTED
TP07F497,06:B2F0:0:1:0,0x0332F0,824905,BRL,REL16,UNKNOWN|0|1,UNKNOWN|0|1,NONE,V05C-contexts.csv,SOURCE_PROVED_NOT_YET_ADMITTED
TP07F497,06:B2F3:0:1:1,0x0332F3,E230,SEP,IMM8,UNKNOWN,1,NONE,V05C-contexts.csv,SOURCE_PROVED_NOT_YET_ADMITTED
TP07F497,06:B2F5:0:1:1,0x0332F5,AD4707,LDA,ABS,UNKNOWN,1,DBR:0747,V05C-contexts.csv,SOURCE_PROVED_NOT_YET_ADMITTED
TP07F497,06:B2F8:0:1:1,0x0332F8,C902,CMP,IMM_M,UNKNOWN,UNKNOWN,NONE,V05C-contexts.csv,SOURCE_PROVED_NOT_YET_ADMITTED
TP07F497,06:B2FA:0:1:1,0x0332FA,F00A,BEQ,REL8,UNKNOWN,UNKNOWN,NONE,V05C-contexts.csv,SOURCE_PROVED_NOT_YET_ADMITTED
TP07F497,06:B2FC:0:1:1,0x0332FC,AD4607,LDA,ABS,UNKNOWN,0,DBR:0746,V05C-contexts.csv,SOURCE_PROVED_NOT_YET_ADMITTED
TP07F497,06:B2FF:0:1:1,0x0332FF,2920,AND,IMM_M,UNKNOWN,UNKNOWN,NONE,V05C-contexts.csv,SOURCE_PROVED_NOT_YET_ADMITTED
TP07F497,06:B301:0:1:1,0x033301,D003,BNE,REL8,UNKNOWN,UNKNOWN,NONE,V05C-contexts.csv,SOURCE_PROVED_NOT_YET_ADMITTED
TP07F497,06:B303:0:1:1,0x033303,823605,BRL,REL16,UNKNOWN,1,NONE,V05C-contexts.csv,SOURCE_PROVED_NOT_YET_ADMITTED
TP07F497,06:B306:0:1:1,0x033306,E210,SEP,IMM8,UNKNOWN,0|1,NONE,V05C-contexts.csv,SOURCE_PROVED_NOT_YET_ADMITTED
TP07F497,06:B308:0:1:1,0x033308,C220,REP,IMM8,UNKNOWN,0|1,NONE,V05C-contexts.csv,SOURCE_PROVED_NOT_YET_ADMITTED
TP07F497,06:B30A:0:0:1,0x03330A,AD3414,LDA,ABS,UNKNOWN,0|1,DBR:1434,V05C-contexts.csv,SOURCE_PROVED_NOT_YET_ADMITTED
TP07F497,06:B30D:0:0:1,0x03330D,229DC200,JSL,ABSL_JUMP,UNKNOWN,UNKNOWN,NONE,V05C-contexts.csv,SOURCE_PROVED_NOT_YET_ADMITTED
TP07F497,06:B311:0:0:1,0x033311,8D4900,STA,ABS,UNKNOWN,UNKNOWN,DBR:0049,V05C-contexts.csv,SOURCE_PROVED_NOT_YET_ADMITTED
TP07F497,06:B314:0:0:1,0x033314,8E4B00,STX,ABS,UNKNOWN,UNKNOWN,DBR:004B,V05C-contexts.csv,SOURCE_PROVED_NOT_YET_ADMITTED
TP07F497,06:B317:0:0:1,0x033317,A01A,LDY,IMM_X,UNKNOWN,UNKNOWN,NONE,V05C-contexts.csv,SOURCE_PROVED_NOT_YET_ADMITTED
TP07F497,06:B319:0:0:1,0x033319,B749,LDA,DP_IND_LONG_Y,UNKNOWN,0,NONE,V05C-contexts.csv,SOURCE_PROVED_NOT_YET_ADMITTED
TP07F497,06:B31B:0:0:1,0x03331B,2250C300,JSL,ABSL_JUMP,UNKNOWN,UNKNOWN,NONE,V05C-contexts.csv,SOURCE_PROVED_NOT_YET_ADMITTED
TP07F497,06:B31F:0:0:1,0x03331F,8D2200,STA,ABS,UNKNOWN,1,DBR:0022,V05C-contexts.csv,SOURCE_PROVED_NOT_YET_ADMITTED
TP07F497,06:B322:0:0:1,0x033322,8E2400,STX,ABS,UNKNOWN,1,DBR:0024,V05C-contexts.csv,SOURCE_PROVED_NOT_YET_ADMITTED
TP07F497,06:B325:0:0:1,0x033325,A00A,LDY,IMM_X,UNKNOWN,1,NONE,V05C-contexts.csv,SOURCE_PROVED_NOT_YET_ADMITTED
TP07F497,06:B327:0:0:1,0x033327,B722,LDA,DP_IND_LONG_Y,UNKNOWN,0,NONE,V05C-contexts.csv,SOURCE_PROVED_NOT_YET_ADMITTED
TP07F497,06:B329:0:0:1,0x033329,C99001,CMP,IMM_M,UNKNOWN,UNKNOWN,NONE,V05C-contexts.csv,SOURCE_PROVED_NOT_YET_ADMITTED
TP07F497,06:B32C:0:0:1,0x03332C,F002,BEQ,REL8,UNKNOWN,UNKNOWN,NONE,V05C-contexts.csv,SOURCE_PROVED_NOT_YET_ADMITTED
TP07F497,06:B32E:0:0:1,0x03332E,B003,BCS,REL8,UNKNOWN,0,NONE,V05C-contexts.csv,SOURCE_PROVED_NOT_YET_ADMITTED
TP07F497,06:B330:0:0:1,0x033330,820905,BRL,REL16,UNKNOWN|0,0|1,NONE,V05C-contexts.csv,SOURCE_PROVED_NOT_YET_ADMITTED
TP07F497,06:B333:0:0:1,0x033333,38,SEC,IMP,1,0,NONE,V05C-contexts.csv,SOURCE_PROVED_NOT_YET_ADMITTED
TP07F497,06:B334:0:0:1,0x033334,E99001,SBC,IMM_M,1,0,NONE,V05C-contexts.csv,SOURCE_PROVED_NOT_YET_ADMITTED
TP07F497,06:B337:0:0:1,0x033337,9722,STA,DP_IND_LONG_Y,UNKNOWN,UNKNOWN,NONE,V05C-contexts.csv,SOURCE_PROVED_NOT_YET_ADMITTED
TP07F497,06:B339:0:0:1,0x033339,A90700,LDA,IMM_M,UNKNOWN,UNKNOWN,NONE,V05C-contexts.csv,SOURCE_PROVED_NOT_YET_ADMITTED
TP07F497,06:B33C:0:0:1,0x03333C,220AED04,JSL,ABSL_JUMP,UNKNOWN,0,NONE,V05C-contexts.csv,SOURCE_PROVED_NOT_YET_ADMITTED
TP07F497,06:B340:0:1:1,0x033340,E220,SEP,IMM8,UNKNOWN|0|1,UNKNOWN|0|1,NONE,V05C-contexts.csv,SOURCE_PROVED_NOT_YET_ADMITTED
TP07F497,06:B342:0:1:1,0x033342,C210,REP,IMM8,UNKNOWN|0|1,UNKNOWN|0|1,NONE,V05C-contexts.csv,SOURCE_PROVED_NOT_YET_ADMITTED
TP07F497,06:B344:0:1:0,0x033344,82F504,BRL,REL16,UNKNOWN|0|1,UNKNOWN|0|1,NONE,V05C-contexts.csv,SOURCE_PROVED_NOT_YET_ADMITTED
TP07F497,06:B347:0:1:1,0x033347,E230,SEP,IMM8,UNKNOWN,0,NONE,V05C-contexts.csv,SOURCE_PROVED_NOT_YET_ADMITTED
TP07F497,06:B349:0:1:1,0x033349,C916,CMP,IMM_M,UNKNOWN,0,NONE,V05C-contexts.csv,SOURCE_PROVED_NOT_YET_ADMITTED
TP07F497,06:B34B:0:1:1,0x03334B,F003,BEQ,REL8,UNKNOWN,UNKNOWN,NONE,V05C-contexts.csv,SOURCE_PROVED_NOT_YET_ADMITTED
TP07F497,06:B34D:0:1:1,0x03334D,820901,BRL,REL16,UNKNOWN,0,NONE,V05C-contexts.csv,SOURCE_PROVED_NOT_YET_ADMITTED
TP07F497,06:B350:0:1:1,0x033350,E230,SEP,IMM8,UNKNOWN,1,NONE,V05C-contexts.csv,SOURCE_PROVED_NOT_YET_ADMITTED
TP07F497,06:B352:0:1:1,0x033352,AD4707,LDA,ABS,UNKNOWN,1,DBR:0747,V05C-contexts.csv,SOURCE_PROVED_NOT_YET_ADMITTED
TP07F497,06:B355:0:1:1,0x033355,C901,CMP,IMM_M,UNKNOWN,UNKNOWN,NONE,V05C-contexts.csv,SOURCE_PROVED_NOT_YET_ADMITTED
TP07F497,06:B357:0:1:1,0x033357,F00A,BEQ,REL8,UNKNOWN,UNKNOWN,NONE,V05C-contexts.csv,SOURCE_PROVED_NOT_YET_ADMITTED
TP07F497,06:B359:0:1:1,0x033359,AD4607,LDA,ABS,UNKNOWN,0,DBR:0746,V05C-contexts.csv,SOURCE_PROVED_NOT_YET_ADMITTED
TP07F497,06:B35C:0:1:1,0x03335C,2910,AND,IMM_M,UNKNOWN,UNKNOWN,NONE,V05C-contexts.csv,SOURCE_PROVED_NOT_YET_ADMITTED
TP07F497,06:B35E:0:1:1,0x03335E,D003,BNE,REL8,UNKNOWN,UNKNOWN,NONE,V05C-contexts.csv,SOURCE_PROVED_NOT_YET_ADMITTED
TP07F497,06:B360:0:1:1,0x033360,826F00,BRL,REL16,UNKNOWN,1,NONE,V05C-contexts.csv,SOURCE_PROVED_NOT_YET_ADMITTED
TP07F497,06:B363:0:1:1,0x033363,C230,REP,IMM8,UNKNOWN,0|1,NONE,V05C-contexts.csv,SOURCE_PROVED_NOT_YET_ADMITTED
TP07F497,06:B365:0:0:0,0x033365,A01200,LDY,IMM_X,UNKNOWN,0|1,NONE,V05C-contexts.csv,SOURCE_PROVED_NOT_YET_ADMITTED
TP07F497,06:B368:0:0:0,0x033368,B758,LDA,DP_IND_LONG_Y,UNKNOWN,0,NONE,V05C-contexts.csv,SOURCE_PROVED_NOT_YET_ADMITTED
TP07F497,06:B36A:0:0:0,0x03336A,8D8A07,STA,ABS,UNKNOWN,UNKNOWN,DBR:078A,V05C-contexts.csv,SOURCE_PROVED_NOT_YET_ADMITTED
TP07F497,06:B36D:0:0:0,0x03336D,A01400,LDY,IMM_X,UNKNOWN,UNKNOWN,NONE,V05C-contexts.csv,SOURCE_PROVED_NOT_YET_ADMITTED
TP07F497,06:B370:0:0:0,0x033370,B758,LDA,DP_IND_LONG_Y,UNKNOWN,0,NONE,V05C-contexts.csv,SOURCE_PROVED_NOT_YET_ADMITTED
TP07F497,06:B372:0:0:0,0x033372,8D8C07,STA,ABS,UNKNOWN,UNKNOWN,DBR:078C,V05C-contexts.csv,SOURCE_PROVED_NOT_YET_ADMITTED
TP07F497,06:B375:0:0:0,0x033375,AD8C07,LDA,ABS,UNKNOWN,UNKNOWN,DBR:078C,V05C-contexts.csv,SOURCE_PROVED_NOT_YET_ADMITTED
TP07F497,06:B378:0:0:0,0x033378,CDBA1F,CMP,ABS,UNKNOWN,UNKNOWN,DBR:1FBA,V05C-contexts.csv,SOURCE_PROVED_NOT_YET_ADMITTED
TP07F497,06:B37B:0:0:0,0x03337B,9010,BCC,REL8,UNKNOWN,UNKNOWN,NONE,V05C-contexts.csv,SOURCE_PROVED_NOT_YET_ADMITTED
TP07F497,06:B37D:0:0:0,0x03337D,F003,BEQ,REL8,1,UNKNOWN,NONE,V05C-contexts.csv,SOURCE_PROVED_NOT_YET_ADMITTED
TP07F497,06:B37F:0:0:0,0x03337F,82BA04,BRL,REL16,1,0,NONE,V05C-contexts.csv,SOURCE_PROVED_NOT_YET_ADMITTED
TP07F497,06:B382:0:0:0,0x033382,AD8A07,LDA,ABS,1,1,DBR:078A,V05C-contexts.csv,SOURCE_PROVED_NOT_YET_ADMITTED
TP07F497,06:B385:0:0:0,0x033385,CDB81F,CMP,ABS,1,UNKNOWN,DBR:1FB8,V05C-contexts.csv,SOURCE_PROVED_NOT_YET_ADMITTED
TP07F497,06:B388:0:0:0,0x033388,9003,BCC,REL8,UNKNOWN,UNKNOWN,NONE,V05C-contexts.csv,SOURCE_PROVED_NOT_YET_ADMITTED
TP07F497,06:B38A:0:0:0,0x03338A,82AF04,BRL,REL16,1,UNKNOWN,NONE,V05C-contexts.csv,SOURCE_PROVED_NOT_YET_ADMITTED
TP07F497,06:B38D:0:0:0,0x03338D,AD8A07,LDA,ABS,0,UNKNOWN,DBR:078A,V05C-contexts.csv,SOURCE_PROVED_NOT_YET_ADMITTED
TP07F497,06:B390:0:0:0,0x033390,18,CLC,IMP,0,UNKNOWN,NONE,V05C-contexts.csv,SOURCE_PROVED_NOT_YET_ADMITTED
TP07F497,06:B391:0:0:0,0x033391,69E803,ADC,IMM_M,0,UNKNOWN,NONE,V05C-contexts.csv,SOURCE_PROVED_NOT_YET_ADMITTED
TP07F497,06:B394:0:0:0,0x033394,8D8A07,STA,ABS,UNKNOWN,UNKNOWN,DBR:078A,V05C-contexts.csv,SOURCE_PROVED_NOT_YET_ADMITTED
TP07F497,06:B397:0:0:0,0x033397,AD8C07,LDA,ABS,UNKNOWN,UNKNOWN,DBR:078C,V05C-contexts.csv,SOURCE_PROVED_NOT_YET_ADMITTED
TP07F497,06:B39A:0:0:0,0x03339A,690000,ADC,IMM_M,UNKNOWN,UNKNOWN,NONE,V05C-contexts.csv,SOURCE_PROVED_NOT_YET_ADMITTED
TP07F497,06:B39D:0:0:0,0x03339D,8D8C07,STA,ABS,UNKNOWN,UNKNOWN,DBR:078C,V05C-contexts.csv,SOURCE_PROVED_NOT_YET_ADMITTED
TP07F497,06:B3A0:0:0:0,0x0333A0,A01200,LDY,IMM_X,UNKNOWN,UNKNOWN,NONE,V05C-contexts.csv,SOURCE_PROVED_NOT_YET_ADMITTED
TP07F497,06:B3A3:0:0:0,0x0333A3,AD8A07,LDA,ABS,UNKNOWN,0,DBR:078A,V05C-contexts.csv,SOURCE_PROVED_NOT_YET_ADMITTED
TP07F497,06:B3A6:0:0:0,0x0333A6,9758,STA,DP_IND_LONG_Y,UNKNOWN,UNKNOWN,NONE,V05C-contexts.csv,SOURCE_PROVED_NOT_YET_ADMITTED
TP07F497,06:B3A8:0:0:0,0x0333A8,A01400,LDY,IMM_X,UNKNOWN,UNKNOWN,NONE,V05C-contexts.csv,SOURCE_PROVED_NOT_YET_ADMITTED
TP07F497,06:B3AB:0:0:0,0x0333AB,AD8C07,LDA,ABS,UNKNOWN,0,DBR:078C,V05C-contexts.csv,SOURCE_PROVED_NOT_YET_ADMITTED
TP07F497,06:B3AE:0:0:0,0x0333AE,9758,STA,DP_IND_LONG_Y,UNKNOWN,UNKNOWN,NONE,V05C-contexts.csv,SOURCE_PROVED_NOT_YET_ADMITTED
TP07F497,06:B3B0:0:0:0,0x0333B0,A00A00,LDY,IMM_X,UNKNOWN,UNKNOWN,NONE,V05C-contexts.csv,SOURCE_PROVED_NOT_YET_ADMITTED
TP07F497,06:B3B3:0:0:0,0x0333B3,B758,LDA,DP_IND_LONG_Y,UNKNOWN,0,NONE,V05C-contexts.csv,SOURCE_PROVED_NOT_YET_ADMITTED
TP07F497,06:B3B5:0:0:0,0x0333B5,18,CLC,IMP,UNKNOWN,UNKNOWN,NONE,V05C-contexts.csv,SOURCE_PROVED_NOT_YET_ADMITTED
TP07F497,06:B3B6:0:0:0,0x0333B6,69E803,ADC,IMM_M,0,UNKNOWN,NONE,V05C-contexts.csv,SOURCE_PROVED_NOT_YET_ADMITTED
TP07F497,06:B3B9:0:0:0,0x0333B9,9758,STA,DP_IND_LONG_Y,UNKNOWN,UNKNOWN,NONE,V05C-contexts.csv,SOURCE_PROVED_NOT_YET_ADMITTED
TP07F497,06:B3BB:0:0:0,0x0333BB,C8,INY,IMP,UNKNOWN,UNKNOWN,NONE,V05C-contexts.csv,SOURCE_PROVED_NOT_YET_ADMITTED
TP07F497,06:B3BC:0:0:0,0x0333BC,C8,INY,IMP,UNKNOWN,UNKNOWN,NONE,V05C-contexts.csv,SOURCE_PROVED_NOT_YET_ADMITTED
TP07F497,06:B3BD:0:0:0,0x0333BD,B758,LDA,DP_IND_LONG_Y,UNKNOWN,UNKNOWN,NONE,V05C-contexts.csv,SOURCE_PROVED_NOT_YET_ADMITTED
TP07F497,06:B3BF:0:0:0,0x0333BF,690000,ADC,IMM_M,UNKNOWN,UNKNOWN,NONE,V05C-contexts.csv,SOURCE_PROVED_NOT_YET_ADMITTED
TP07F497,06:B3C2:0:0:0,0x0333C2,9758,STA,DP_IND_LONG_Y,UNKNOWN,UNKNOWN,NONE,V05C-contexts.csv,SOURCE_PROVED_NOT_YET_ADMITTED
TP07F497,06:B3C4:0:0:0,0x0333C4,A90800,LDA,IMM_M,UNKNOWN,UNKNOWN,NONE,V05C-contexts.csv,SOURCE_PROVED_NOT_YET_ADMITTED
TP07F497,06:B3C7:0:0:0,0x0333C7,220AED04,JSL,ABSL_JUMP,UNKNOWN,0,NONE,V05C-contexts.csv,SOURCE_PROVED_NOT_YET_ADMITTED
TP07F497,06:B3CB:0:1:1,0x0333CB,E220,SEP,IMM8,UNKNOWN|0|1,UNKNOWN|0|1,NONE,V05C-contexts.csv,SOURCE_PROVED_NOT_YET_ADMITTED
TP07F497,06:B3CD:0:1:1,0x0333CD,C210,REP,IMM8,UNKNOWN|0|1,UNKNOWN|0|1,NONE,V05C-contexts.csv,SOURCE_PROVED_NOT_YET_ADMITTED
TP07F497,06:B3CF:0:1:0,0x0333CF,826A04,BRL,REL16,UNKNOWN|0|1,UNKNOWN|0|1,NONE,V05C-contexts.csv,SOURCE_PROVED_NOT_YET_ADMITTED
TP07F497,06:B3D2:0:1:1,0x0333D2,E230,SEP,IMM8,UNKNOWN,1,NONE,V05C-contexts.csv,SOURCE_PROVED_NOT_YET_ADMITTED
TP07F497,06:B3D4:0:1:1,0x0333D4,AD4707,LDA,ABS,UNKNOWN,1,DBR:0747,V05C-contexts.csv,SOURCE_PROVED_NOT_YET_ADMITTED
TP07F497,06:B3D7:0:1:1,0x0333D7,C902,CMP,IMM_M,UNKNOWN,UNKNOWN,NONE,V05C-contexts.csv,SOURCE_PROVED_NOT_YET_ADMITTED
TP07F497,06:B3D9:0:1:1,0x0333D9,F00A,BEQ,REL8,UNKNOWN,UNKNOWN,NONE,V05C-contexts.csv,SOURCE_PROVED_NOT_YET_ADMITTED
TP07F497,06:B3DB:0:1:1,0x0333DB,AD4607,LDA,ABS,UNKNOWN,0,DBR:0746,V05C-contexts.csv,SOURCE_PROVED_NOT_YET_ADMITTED
TP07F497,06:B3DE:0:1:1,0x0333DE,2920,AND,IMM_M,UNKNOWN,UNKNOWN,NONE,V05C-contexts.csv,SOURCE_PROVED_NOT_YET_ADMITTED
TP07F497,06:B3E0:0:1:1,0x0333E0,D003,BNE,REL8,UNKNOWN,UNKNOWN,NONE,V05C-contexts.csv,SOURCE_PROVED_NOT_YET_ADMITTED
TP07F497,06:B3E2:0:1:1,0x0333E2,825704,BRL,REL16,UNKNOWN,1,NONE,V05C-contexts.csv,SOURCE_PROVED_NOT_YET_ADMITTED
TP07F497,06:B3E5:0:1:1,0x0333E5,C230,REP,IMM8,UNKNOWN,0|1,NONE,V05C-contexts.csv,SOURCE_PROVED_NOT_YET_ADMITTED
TP07F497,06:B3E7:0:0:0,0x0333E7,A01200,LDY,IMM_X,UNKNOWN,0|1,NONE,V05C-contexts.csv,SOURCE_PROVED_NOT_YET_ADMITTED
TP07F497,06:B3EA:0:0:0,0x0333EA,B758,LDA,DP_IND_LONG_Y,UNKNOWN,0,NONE,V05C-contexts.csv,SOURCE_PROVED_NOT_YET_ADMITTED
TP07F497,06:B3EC:0:0:0,0x0333EC,8D8A07,STA,ABS,UNKNOWN,UNKNOWN,DBR:078A,V05C-contexts.csv,SOURCE_PROVED_NOT_YET_ADMITTED
TP07F497,06:B3EF:0:0:0,0x0333EF,A01400,LDY,IMM_X,UNKNOWN,UNKNOWN,NONE,V05C-contexts.csv,SOURCE_PROVED_NOT_YET_ADMITTED
TP07F497,06:B3F2:0:0:0,0x0333F2,B758,LDA,DP_IND_LONG_Y,UNKNOWN,0,NONE,V05C-contexts.csv,SOURCE_PROVED_NOT_YET_ADMITTED
TP07F497,06:B3F4:0:0:0,0x0333F4,8D8C07,STA,ABS,UNKNOWN,UNKNOWN,DBR:078C,V05C-contexts.csv,SOURCE_PROVED_NOT_YET_ADMITTED
TP07F497,06:B3F7:0:0:0,0x0333F7,AD8C07,LDA,ABS,UNKNOWN,UNKNOWN,DBR:078C,V05C-contexts.csv,SOURCE_PROVED_NOT_YET_ADMITTED
TP07F497,06:B3FA:0:0:0,0x0333FA,C90000,CMP,IMM_M,UNKNOWN,UNKNOWN,NONE,V05C-contexts.csv,SOURCE_PROVED_NOT_YET_ADMITTED
TP07F497,06:B3FD:0:0:0,0x0333FD,F002,BEQ,REL8,UNKNOWN,UNKNOWN,NONE,V05C-contexts.csv,SOURCE_PROVED_NOT_YET_ADMITTED
TP07F497,06:B3FF:0:0:0,0x0333FF,B00B,BCS,REL8,UNKNOWN,0,NONE,V05C-contexts.csv,SOURCE_PROVED_NOT_YET_ADMITTED
TP07F497,06:B401:0:0:0,0x033401,AD8A07,LDA,ABS,UNKNOWN|0,0|1,DBR:078A,V05C-contexts.csv,SOURCE_PROVED_NOT_YET_ADMITTED
TP07F497,06:B404:0:0:0,0x033404,C9E803,CMP,IMM_M,UNKNOWN|0,UNKNOWN,NONE,V05C-contexts.csv,SOURCE_PROVED_NOT_YET_ADMITTED
TP07F497,06:B407:0:0:0,0x033407,B003,BCS,REL8,UNKNOWN,UNKNOWN,NONE,V05C-contexts.csv,SOURCE_PROVED_NOT_YET_ADMITTED
TP07F497,06:B409:0:0:0,0x033409,823004,BRL,REL16,0,UNKNOWN,NONE,V05C-contexts.csv,SOURCE_PROVED_NOT_YET_ADMITTED
TP07F497,06:B40C:0:0:0,0x03340C,A90000,LDA,IMM_M,1,UNKNOWN|0,NONE,V05C-contexts.csv,SOURCE_PROVED_NOT_YET_ADMITTED
TP07F497,06:B40F:0:0:0,0x03340F,38,SEC,IMP,1,1,NONE,V05C-contexts.csv,SOURCE_PROVED_NOT_YET_ADMITTED
TP07F497,06:B410:0:0:0,0x033410,E9E803,SBC,IMM_M,1,1,NONE,V05C-contexts.csv,SOURCE_PROVED_NOT_YET_ADMITTED
TP07F497,06:B413:0:0:0,0x033413,8D8E07,STA,ABS,UNKNOWN,UNKNOWN,DBR:078E,V05C-contexts.csv,SOURCE_PROVED_NOT_YET_ADMITTED
TP07F497,06:B416:0:0:0,0x033416,A90000,LDA,IMM_M,UNKNOWN,UNKNOWN,NONE,V05C-contexts.csv,SOURCE_PROVED_NOT_YET_ADMITTED
TP07F497,06:B419:0:0:0,0x033419,E90000,SBC,IMM_M,UNKNOWN,1,NONE,V05C-contexts.csv,SOURCE_PROVED_NOT_YET_ADMITTED
TP07F497,06:B41C:0:0:0,0x03341C,8D9007,STA,ABS,UNKNOWN,UNKNOWN,DBR:0790,V05C-contexts.csv,SOURCE_PROVED_NOT_YET_ADMITTED
TP07F497,06:B41F:0:0:0,0x03341F,A01200,LDY,IMM_X,UNKNOWN,UNKNOWN,NONE,V05C-contexts.csv,SOURCE_PROVED_NOT_YET_ADMITTED
TP07F497,06:B422:0:0:0,0x033422,AD8A07,LDA,ABS,UNKNOWN,0,DBR:078A,V05C-contexts.csv,SOURCE_PROVED_NOT_YET_ADMITTED
TP07F497,06:B425:0:0:0,0x033425,18,CLC,IMP,UNKNOWN,UNKNOWN,NONE,V05C-contexts.csv,SOURCE_PROVED_NOT_YET_ADMITTED
TP07F497,06:B426:0:0:0,0x033426,6D8E07,ADC,ABS,0,UNKNOWN,DBR:078E,V05C-contexts.csv,SOURCE_PROVED_NOT_YET_ADMITTED
TP07F497,06:B429:0:0:0,0x033429,9758,STA,DP_IND_LONG_Y,UNKNOWN,UNKNOWN,NONE,V05C-contexts.csv,SOURCE_PROVED_NOT_YET_ADMITTED
TP07F497,06:B42B:0:0:0,0x03342B,A01400,LDY,IMM_X,UNKNOWN,UNKNOWN,NONE,V05C-contexts.csv,SOURCE_PROVED_NOT_YET_ADMITTED
TP07F497,06:B42E:0:0:0,0x03342E,AD8C07,LDA,ABS,UNKNOWN,0,DBR:078C,V05C-contexts.csv,SOURCE_PROVED_NOT_YET_ADMITTED
TP07F497,06:B431:0:0:0,0x033431,6D9007,ADC,ABS,UNKNOWN,UNKNOWN,DBR:0790,V05C-contexts.csv,SOURCE_PROVED_NOT_YET_ADMITTED
TP07F497,06:B434:0:0:0,0x033434,9758,STA,DP_IND_LONG_Y,UNKNOWN,UNKNOWN,NONE,V05C-contexts.csv,SOURCE_PROVED_NOT_YET_ADMITTED
TP07F497,06:B436:0:0:0,0x033436,A00A00,LDY,IMM_X,UNKNOWN,UNKNOWN,NONE,V05C-contexts.csv,SOURCE_PROVED_NOT_YET_ADMITTED
TP07F497,06:B439:0:0:0,0x033439,B758,LDA,DP_IND_LONG_Y,UNKNOWN,0,NONE,V05C-contexts.csv,SOURCE_PROVED_NOT_YET_ADMITTED
TP07F497,06:B43B:0:0:0,0x03343B,38,SEC,IMP,UNKNOWN,UNKNOWN,NONE,V05C-contexts.csv,SOURCE_PROVED_NOT_YET_ADMITTED
TP07F497,06:B43C:0:0:0,0x03343C,E9E803,SBC,IMM_M,1,UNKNOWN,NONE,V05C-contexts.csv,SOURCE_PROVED_NOT_YET_ADMITTED
TP07F497,06:B43F:0:0:0,0x03343F,9758,STA,DP_IND_LONG_Y,UNKNOWN,UNKNOWN,NONE,V05C-contexts.csv,SOURCE_PROVED_NOT_YET_ADMITTED
TP07F497,06:B441:0:0:0,0x033441,C8,INY,IMP,UNKNOWN,UNKNOWN,NONE,V05C-contexts.csv,SOURCE_PROVED_NOT_YET_ADMITTED
TP07F497,06:B442:0:0:0,0x033442,C8,INY,IMP,UNKNOWN,UNKNOWN,NONE,V05C-contexts.csv,SOURCE_PROVED_NOT_YET_ADMITTED
TP07F497,06:B443:0:0:0,0x033443,B758,LDA,DP_IND_LONG_Y,UNKNOWN,UNKNOWN,NONE,V05C-contexts.csv,SOURCE_PROVED_NOT_YET_ADMITTED
TP07F497,06:B445:0:0:0,0x033445,E90000,SBC,IMM_M,UNKNOWN,UNKNOWN,NONE,V05C-contexts.csv,SOURCE_PROVED_NOT_YET_ADMITTED
TP07F497,06:B448:0:0:0,0x033448,9758,STA,DP_IND_LONG_Y,UNKNOWN,UNKNOWN,NONE,V05C-contexts.csv,SOURCE_PROVED_NOT_YET_ADMITTED
TP07F497,06:B44A:0:0:0,0x03344A,E230,SEP,IMM8,UNKNOWN,UNKNOWN,NONE,V05C-contexts.csv,SOURCE_PROVED_NOT_YET_ADMITTED
TP07F497,06:B44C:0:1:1,0x03344C,A907,LDA,IMM_M,UNKNOWN,UNKNOWN,NONE,V05C-contexts.csv,SOURCE_PROVED_NOT_YET_ADMITTED
TP07F497,06:B44E:0:1:1,0x03344E,220AED04,JSL,ABSL_JUMP,UNKNOWN,0,NONE,V05C-contexts.csv,SOURCE_PROVED_NOT_YET_ADMITTED
TP07F497,06:B452:0:1:1,0x033452,E220,SEP,IMM8,UNKNOWN|0|1,UNKNOWN|0|1,NONE,V05C-contexts.csv,SOURCE_PROVED_NOT_YET_ADMITTED
TP07F497,06:B454:0:1:1,0x033454,C210,REP,IMM8,UNKNOWN|0|1,UNKNOWN|0|1,NONE,V05C-contexts.csv,SOURCE_PROVED_NOT_YET_ADMITTED
TP07F497,06:B456:0:1:0,0x033456,82E303,BRL,REL16,UNKNOWN|0|1,UNKNOWN|0|1,NONE,V05C-contexts.csv,SOURCE_PROVED_NOT_YET_ADMITTED
TP07F497,06:B459:0:1:1,0x033459,E230,SEP,IMM8,UNKNOWN,0,NONE,V05C-contexts.csv,SOURCE_PROVED_NOT_YET_ADMITTED
TP07F497,06:B45B:0:1:1,0x03345B,C905,CMP,IMM_M,UNKNOWN,0,NONE,V05C-contexts.csv,SOURCE_PROVED_NOT_YET_ADMITTED
TP07F497,06:B45D:0:1:1,0x03345D,F003,BEQ,REL8,UNKNOWN,UNKNOWN,NONE,V05C-contexts.csv,SOURCE_PROVED_NOT_YET_ADMITTED
TP07F497,06:B45F:0:1:1,0x03345F,824200,BRL,REL16,UNKNOWN,0,NONE,V05C-contexts.csv,SOURCE_PROVED_NOT_YET_ADMITTED
TP07F497,06:B462:0:1:1,0x033462,E230,SEP,IMM8,UNKNOWN,1,NONE,V05C-contexts.csv,SOURCE_PROVED_NOT_YET_ADMITTED
TP07F497,06:B464:0:1:1,0x033464,AD4707,LDA,ABS,UNKNOWN,1,DBR:0747,V05C-contexts.csv,SOURCE_PROVED_NOT_YET_ADMITTED
TP07F497,06:B467:0:1:1,0x033467,2940,AND,IMM_M,UNKNOWN,UNKNOWN,NONE,V05C-contexts.csv,SOURCE_PROVED_NOT_YET_ADMITTED
TP07F497,06:B469:0:1:1,0x033469,F003,BEQ,REL8,UNKNOWN,UNKNOWN,NONE,V05C-contexts.csv,SOURCE_PROVED_NOT_YET_ADMITTED
TP07F497,06:B46B:0:1:1,0x03346B,820300,BRL,REL16,UNKNOWN,0,NONE,V05C-contexts.csv,SOURCE_PROVED_NOT_YET_ADMITTED
TP07F497,06:B46E:0:1:1,0x03346E,82CB03,BRL,REL16,UNKNOWN,1,NONE,V05C-contexts.csv,SOURCE_PROVED_NOT_YET_ADMITTED
TP07F497,06:B471:0:1:1,0x033471,E230,SEP,IMM8,UNKNOWN,0,NONE,V05C-contexts.csv,SOURCE_PROVED_NOT_YET_ADMITTED
TP07F497,06:B473:0:1:1,0x033473,AD641F,LDA,ABS,UNKNOWN,0,DBR:1F64,V05C-contexts.csv,SOURCE_PROVED_NOT_YET_ADMITTED
TP07F497,06:B476:0:1:1,0x033476,2901,AND,IMM_M,UNKNOWN,UNKNOWN,NONE,V05C-contexts.csv,SOURCE_PROVED_NOT_YET_ADMITTED
TP07F497,06:B478:0:1:1,0x033478,F00F,BEQ,REL8,UNKNOWN,UNKNOWN,NONE,V05C-contexts.csv,SOURCE_PROVED_NOT_YET_ADMITTED
TP07F497,06:B47A:0:1:1,0x03347A,A907,LDA,IMM_M,UNKNOWN,0,NONE,V05C-contexts.csv,SOURCE_PROVED_NOT_YET_ADMITTED
TP07F497,06:B47C:0:1:1,0x03347C,220AED04,JSL,ABSL_JUMP,UNKNOWN,0,NONE,V05C-contexts.csv,SOURCE_PROVED_NOT_YET_ADMITTED
TP07F497,06:B480:0:1:1,0x033480,E230,SEP,IMM8,UNKNOWN|0|1,UNKNOWN|0|1,NONE,V05C-contexts.csv,SOURCE_PROVED_NOT_YET_ADMITTED
TP07F497,06:B482:0:1:1,0x033482,AD641F,LDA,ABS,UNKNOWN|0|1,UNKNOWN|0|1,DBR:1F64,V05C-contexts.csv,SOURCE_PROVED_NOT_YET_ADMITTED
TP07F497,06:B485:0:1:1,0x033485,297E,AND,IMM_M,UNKNOWN|0|1,UNKNOWN,NONE,V05C-contexts.csv,SOURCE_PROVED_NOT_YET_ADMITTED
TP07F497,06:B487:0:1:1,0x033487,800D,BRA,REL8,UNKNOWN|0|1,UNKNOWN,NONE,V05C-contexts.csv,SOURCE_PROVED_NOT_YET_ADMITTED
TP07F497,06:B489:0:1:1,0x033489,A908,LDA,IMM_M,UNKNOWN,1,NONE,V05C-contexts.csv,SOURCE_PROVED_NOT_YET_ADMITTED
TP07F497,06:B48B:0:1:1,0x03348B,220AED04,JSL,ABSL_JUMP,UNKNOWN,0,NONE,V05C-contexts.csv,SOURCE_PROVED_NOT_YET_ADMITTED
TP07F497,06:B48F:0:1:1,0x03348F,E230,SEP,IMM8,UNKNOWN|0|1,UNKNOWN|0|1,NONE,V05C-contexts.csv,SOURCE_PROVED_NOT_YET_ADMITTED
TP07F497,06:B491:0:1:1,0x033491,AD641F,LDA,ABS,UNKNOWN|0|1,UNKNOWN|0|1,DBR:1F64,V05C-contexts.csv,SOURCE_PROVED_NOT_YET_ADMITTED
TP07F497,06:B494:0:1:1,0x033494,0901,ORA,IMM_M,UNKNOWN|0|1,UNKNOWN,NONE,V05C-contexts.csv,SOURCE_PROVED_NOT_YET_ADMITTED
TP07F497,06:B496:0:1:1,0x033496,8D641F,STA,ABS,UNKNOWN|0|1,UNKNOWN,DBR:1F64,V05C-contexts.csv,SOURCE_PROVED_NOT_YET_ADMITTED
TP07F497,06:B499:0:1:1,0x033499,E220,SEP,IMM8,UNKNOWN|0|1,UNKNOWN,NONE,V05C-contexts.csv,SOURCE_PROVED_NOT_YET_ADMITTED
TP07F497,06:B49B:0:1:1,0x03349B,C210,REP,IMM8,UNKNOWN|0|1,UNKNOWN,NONE,V05C-contexts.csv,SOURCE_PROVED_NOT_YET_ADMITTED
TP07F497,06:B49D:0:1:0,0x03349D,22FAB404,JSL,ABSL_JUMP,UNKNOWN|0|1,UNKNOWN,NONE,V05C-contexts.csv,SOURCE_PROVED_NOT_YET_ADMITTED
TP07F497,06:B4A1:0:0:0,0x0334A1,829803,BRL,REL16,1,UNKNOWN,NONE,V05C-contexts.csv,SOURCE_PROVED_NOT_YET_ADMITTED
TP07F497,06:B4A4:0:1:1,0x0334A4,E230,SEP,IMM8,UNKNOWN,0,NONE,V05C-contexts.csv,SOURCE_PROVED_NOT_YET_ADMITTED
TP07F497,06:B4A6:0:1:1,0x0334A6,C925,CMP,IMM_M,UNKNOWN,0,NONE,V05C-contexts.csv,SOURCE_PROVED_NOT_YET_ADMITTED
TP07F497,06:B4A8:0:1:1,0x0334A8,F003,BEQ,REL8,UNKNOWN,UNKNOWN,NONE,V05C-contexts.csv,SOURCE_PROVED_NOT_YET_ADMITTED
TP07F497,06:B4AA:0:1:1,0x0334AA,824200,BRL,REL16,UNKNOWN,0,NONE,V05C-contexts.csv,SOURCE_PROVED_NOT_YET_ADMITTED
TP07F497,06:B4AD:0:1:1,0x0334AD,E230,SEP,IMM8,UNKNOWN,1,NONE,V05C-contexts.csv,SOURCE_PROVED_NOT_YET_ADMITTED
TP07F497,06:B4AF:0:1:1,0x0334AF,AD4707,LDA,ABS,UNKNOWN,1,DBR:0747,V05C-contexts.csv,SOURCE_PROVED_NOT_YET_ADMITTED
TP07F497,06:B4B2:0:1:1,0x0334B2,2940,AND,IMM_M,UNKNOWN,UNKNOWN,NONE,V05C-contexts.csv,SOURCE_PROVED_NOT_YET_ADMITTED
TP07F497,06:B4B4:0:1:1,0x0334B4,F003,BEQ,REL8,UNKNOWN,UNKNOWN,NONE,V05C-contexts.csv,SOURCE_PROVED_NOT_YET_ADMITTED
TP07F497,06:B4B6:0:1:1,0x0334B6,820300,BRL,REL16,UNKNOWN,0,NONE,V05C-contexts.csv,SOURCE_PROVED_NOT_YET_ADMITTED
TP07F497,06:B4B9:0:1:1,0x0334B9,828003,BRL,REL16,UNKNOWN,1,NONE,V05C-contexts.csv,SOURCE_PROVED_NOT_YET_ADMITTED
TP07F497,06:B4BC:0:1:1,0x0334BC,E230,SEP,IMM8,UNKNOWN,0,NONE,V05C-contexts.csv,SOURCE_PROVED_NOT_YET_ADMITTED
TP07F497,06:B4BE:0:1:1,0x0334BE,AD641F,LDA,ABS,UNKNOWN,0,DBR:1F64,V05C-contexts.csv,SOURCE_PROVED_NOT_YET_ADMITTED
TP07F497,06:B4C1:0:1:1,0x0334C1,2902,AND,IMM_M,UNKNOWN,UNKNOWN,NONE,V05C-contexts.csv,SOURCE_PROVED_NOT_YET_ADMITTED
TP07F497,06:B4C3:0:1:1,0x0334C3,F00F,BEQ,REL8,UNKNOWN,UNKNOWN,NONE,V05C-contexts.csv,SOURCE_PROVED_NOT_YET_ADMITTED
TP07F497,06:B4C5:0:1:1,0x0334C5,A907,LDA,IMM_M,UNKNOWN,0,NONE,V05C-contexts.csv,SOURCE_PROVED_NOT_YET_ADMITTED
TP07F497,06:B4C7:0:1:1,0x0334C7,220AED04,JSL,ABSL_JUMP,UNKNOWN,0,NONE,V05C-contexts.csv,SOURCE_PROVED_NOT_YET_ADMITTED
TP07F497,06:B4CB:0:1:1,0x0334CB,E230,SEP,IMM8,UNKNOWN|0|1,UNKNOWN|0|1,NONE,V05C-contexts.csv,SOURCE_PROVED_NOT_YET_ADMITTED
TP07F497,06:B4CD:0:1:1,0x0334CD,AD641F,LDA,ABS,UNKNOWN|0|1,UNKNOWN|0|1,DBR:1F64,V05C-contexts.csv,SOURCE_PROVED_NOT_YET_ADMITTED
TP07F497,06:B4D0:0:1:1,0x0334D0,297D,AND,IMM_M,UNKNOWN|0|1,UNKNOWN,NONE,V05C-contexts.csv,SOURCE_PROVED_NOT_YET_ADMITTED
TP07F497,06:B4D2:0:1:1,0x0334D2,800D,BRA,REL8,UNKNOWN|0|1,UNKNOWN,NONE,V05C-contexts.csv,SOURCE_PROVED_NOT_YET_ADMITTED
TP07F497,06:B4D4:0:1:1,0x0334D4,A908,LDA,IMM_M,UNKNOWN,1,NONE,V05C-contexts.csv,SOURCE_PROVED_NOT_YET_ADMITTED
TP07F497,06:B4D6:0:1:1,0x0334D6,220AED04,JSL,ABSL_JUMP,UNKNOWN,0,NONE,V05C-contexts.csv,SOURCE_PROVED_NOT_YET_ADMITTED
TP07F497,06:B4DA:0:1:1,0x0334DA,E230,SEP,IMM8,UNKNOWN|0|1,UNKNOWN|0|1,NONE,V05C-contexts.csv,SOURCE_PROVED_NOT_YET_ADMITTED
TP07F497,06:B4DC:0:1:1,0x0334DC,AD641F,LDA,ABS,UNKNOWN|0|1,UNKNOWN|0|1,DBR:1F64,V05C-contexts.csv,SOURCE_PROVED_NOT_YET_ADMITTED
TP07F497,06:B4DF:0:1:1,0x0334DF,0902,ORA,IMM_M,UNKNOWN|0|1,UNKNOWN,NONE,V05C-contexts.csv,SOURCE_PROVED_NOT_YET_ADMITTED
TP07F497,06:B4E1:0:1:1,0x0334E1,8D641F,STA,ABS,UNKNOWN|0|1,UNKNOWN,DBR:1F64,V05C-contexts.csv,SOURCE_PROVED_NOT_YET_ADMITTED
TP07F497,06:B4E4:0:1:1,0x0334E4,E220,SEP,IMM8,UNKNOWN|0|1,UNKNOWN,NONE,V05C-contexts.csv,SOURCE_PROVED_NOT_YET_ADMITTED
TP07F497,06:B4E6:0:1:1,0x0334E6,C210,REP,IMM8,UNKNOWN|0|1,UNKNOWN,NONE,V05C-contexts.csv,SOURCE_PROVED_NOT_YET_ADMITTED
TP07F497,06:B4E8:0:1:0,0x0334E8,22FAB404,JSL,ABSL_JUMP,UNKNOWN|0|1,UNKNOWN,NONE,V05C-contexts.csv,SOURCE_PROVED_NOT_YET_ADMITTED
TP07F497,06:B4EC:0:0:0,0x0334EC,824D03,BRL,REL16,1,UNKNOWN,NONE,V05C-contexts.csv,SOURCE_PROVED_NOT_YET_ADMITTED
TP07F497,06:B4EF:0:1:1,0x0334EF,E230,SEP,IMM8,UNKNOWN,0,NONE,V05C-contexts.csv,SOURCE_PROVED_NOT_YET_ADMITTED
TP07F497,06:B4F1:0:1:1,0x0334F1,C926,CMP,IMM_M,UNKNOWN,0,NONE,V05C-contexts.csv,SOURCE_PROVED_NOT_YET_ADMITTED
TP07F497,06:B4F3:0:1:1,0x0334F3,F003,BEQ,REL8,UNKNOWN,UNKNOWN,NONE,V05C-contexts.csv,SOURCE_PROVED_NOT_YET_ADMITTED
TP07F497,06:B4F5:0:1:1,0x0334F5,824200,BRL,REL16,UNKNOWN,0,NONE,V05C-contexts.csv,SOURCE_PROVED_NOT_YET_ADMITTED
TP07F497,06:B4F8:0:1:1,0x0334F8,E230,SEP,IMM8,UNKNOWN,1,NONE,V05C-contexts.csv,SOURCE_PROVED_NOT_YET_ADMITTED
TP07F497,06:B4FA:0:1:1,0x0334FA,AD4707,LDA,ABS,UNKNOWN,1,DBR:0747,V05C-contexts.csv,SOURCE_PROVED_NOT_YET_ADMITTED
TP07F497,06:B4FD:0:1:1,0x0334FD,2940,AND,IMM_M,UNKNOWN,UNKNOWN,NONE,V05C-contexts.csv,SOURCE_PROVED_NOT_YET_ADMITTED
TP07F497,06:B4FF:0:1:1,0x0334FF,F003,BEQ,REL8,UNKNOWN,UNKNOWN,NONE,V05C-contexts.csv,SOURCE_PROVED_NOT_YET_ADMITTED
TP07F497,06:B501:0:1:1,0x033501,820300,BRL,REL16,UNKNOWN,0,NONE,V05C-contexts.csv,SOURCE_PROVED_NOT_YET_ADMITTED
TP07F497,06:B504:0:1:1,0x033504,823503,BRL,REL16,UNKNOWN,1,NONE,V05C-contexts.csv,SOURCE_PROVED_NOT_YET_ADMITTED
TP07F497,06:B507:0:1:1,0x033507,E230,SEP,IMM8,UNKNOWN,0,NONE,V05C-contexts.csv,SOURCE_PROVED_NOT_YET_ADMITTED
TP07F497,06:B509:0:1:1,0x033509,AD641F,LDA,ABS,UNKNOWN,0,DBR:1F64,V05C-contexts.csv,SOURCE_PROVED_NOT_YET_ADMITTED
TP07F497,06:B50C:0:1:1,0x03350C,2904,AND,IMM_M,UNKNOWN,UNKNOWN,NONE,V05C-contexts.csv,SOURCE_PROVED_NOT_YET_ADMITTED
TP07F497,06:B50E:0:1:1,0x03350E,F00F,BEQ,REL8,UNKNOWN,UNKNOWN,NONE,V05C-contexts.csv,SOURCE_PROVED_NOT_YET_ADMITTED
TP07F497,06:B510:0:1:1,0x033510,A907,LDA,IMM_M,UNKNOWN,0,NONE,V05C-contexts.csv,SOURCE_PROVED_NOT_YET_ADMITTED
TP07F497,06:B512:0:1:1,0x033512,220AED04,JSL,ABSL_JUMP,UNKNOWN,0,NONE,V05C-contexts.csv,SOURCE_PROVED_NOT_YET_ADMITTED
TP07F497,06:B516:0:1:1,0x033516,E230,SEP,IMM8,UNKNOWN|0|1,UNKNOWN|0|1,NONE,V05C-contexts.csv,SOURCE_PROVED_NOT_YET_ADMITTED
TP07F497,06:B518:0:1:1,0x033518,AD641F,LDA,ABS,UNKNOWN|0|1,UNKNOWN|0|1,DBR:1F64,V05C-contexts.csv,SOURCE_PROVED_NOT_YET_ADMITTED
TP07F497,06:B51B:0:1:1,0x03351B,297B,AND,IMM_M,UNKNOWN|0|1,UNKNOWN,NONE,V05C-contexts.csv,SOURCE_PROVED_NOT_YET_ADMITTED
TP07F497,06:B51D:0:1:1,0x03351D,800D,BRA,REL8,UNKNOWN|0|1,UNKNOWN,NONE,V05C-contexts.csv,SOURCE_PROVED_NOT_YET_ADMITTED
TP07F497,06:B51F:0:1:1,0x03351F,A908,LDA,IMM_M,UNKNOWN,1,NONE,V05C-contexts.csv,SOURCE_PROVED_NOT_YET_ADMITTED
TP07F497,06:B521:0:1:1,0x033521,220AED04,JSL,ABSL_JUMP,UNKNOWN,0,NONE,V05C-contexts.csv,SOURCE_PROVED_NOT_YET_ADMITTED
TP07F497,06:B525:0:1:1,0x033525,E230,SEP,IMM8,UNKNOWN|0|1,UNKNOWN|0|1,NONE,V05C-contexts.csv,SOURCE_PROVED_NOT_YET_ADMITTED
TP07F497,06:B527:0:1:1,0x033527,AD641F,LDA,ABS,UNKNOWN|0|1,UNKNOWN|0|1,DBR:1F64,V05C-contexts.csv,SOURCE_PROVED_NOT_YET_ADMITTED
TP07F497,06:B52A:0:1:1,0x03352A,0904,ORA,IMM_M,UNKNOWN|0|1,UNKNOWN,NONE,V05C-contexts.csv,SOURCE_PROVED_NOT_YET_ADMITTED
TP07F497,06:B52C:0:1:1,0x03352C,8D641F,STA,ABS,UNKNOWN|0|1,UNKNOWN,DBR:1F64,V05C-contexts.csv,SOURCE_PROVED_NOT_YET_ADMITTED
TP07F497,06:B52F:0:1:1,0x03352F,E220,SEP,IMM8,UNKNOWN|0|1,UNKNOWN,NONE,V05C-contexts.csv,SOURCE_PROVED_NOT_YET_ADMITTED
TP07F497,06:B531:0:1:1,0x033531,C210,REP,IMM8,UNKNOWN|0|1,UNKNOWN,NONE,V05C-contexts.csv,SOURCE_PROVED_NOT_YET_ADMITTED
TP07F497,06:B533:0:1:0,0x033533,22FAB404,JSL,ABSL_JUMP,UNKNOWN|0|1,UNKNOWN,NONE,V05C-contexts.csv,SOURCE_PROVED_NOT_YET_ADMITTED
TP07F497,06:B537:0:0:0,0x033537,820203,BRL,REL16,1,UNKNOWN,NONE,V05C-contexts.csv,SOURCE_PROVED_NOT_YET_ADMITTED
TP07F497,06:B53A:0:1:1,0x03353A,E230,SEP,IMM8,UNKNOWN,0,NONE,V05C-contexts.csv,SOURCE_PROVED_NOT_YET_ADMITTED
TP07F497,06:B53C:0:1:1,0x03353C,C927,CMP,IMM_M,UNKNOWN,0,NONE,V05C-contexts.csv,SOURCE_PROVED_NOT_YET_ADMITTED
TP07F497,06:B53E:0:1:1,0x03353E,F003,BEQ,REL8,UNKNOWN,UNKNOWN,NONE,V05C-contexts.csv,SOURCE_PROVED_NOT_YET_ADMITTED
TP07F497,06:B540:0:1:1,0x033540,824200,BRL,REL16,UNKNOWN,0,NONE,V05C-contexts.csv,SOURCE_PROVED_NOT_YET_ADMITTED
TP07F497,06:B543:0:1:1,0x033543,E230,SEP,IMM8,UNKNOWN,1,NONE,V05C-contexts.csv,SOURCE_PROVED_NOT_YET_ADMITTED
TP07F497,06:B545:0:1:1,0x033545,AD4707,LDA,ABS,UNKNOWN,1,DBR:0747,V05C-contexts.csv,SOURCE_PROVED_NOT_YET_ADMITTED
TP07F497,06:B548:0:1:1,0x033548,2940,AND,IMM_M,UNKNOWN,UNKNOWN,NONE,V05C-contexts.csv,SOURCE_PROVED_NOT_YET_ADMITTED
TP07F497,06:B54A:0:1:1,0x03354A,F003,BEQ,REL8,UNKNOWN,UNKNOWN,NONE,V05C-contexts.csv,SOURCE_PROVED_NOT_YET_ADMITTED
TP07F497,06:B54C:0:1:1,0x03354C,820300,BRL,REL16,UNKNOWN,0,NONE,V05C-contexts.csv,SOURCE_PROVED_NOT_YET_ADMITTED
TP07F497,06:B54F:0:1:1,0x03354F,82EA02,BRL,REL16,UNKNOWN,1,NONE,V05C-contexts.csv,SOURCE_PROVED_NOT_YET_ADMITTED
TP07F497,06:B552:0:1:1,0x033552,E230,SEP,IMM8,UNKNOWN,0,NONE,V05C-contexts.csv,SOURCE_PROVED_NOT_YET_ADMITTED
TP07F497,06:B554:0:1:1,0x033554,AD641F,LDA,ABS,UNKNOWN,0,DBR:1F64,V05C-contexts.csv,SOURCE_PROVED_NOT_YET_ADMITTED
TP07F497,06:B557:0:1:1,0x033557,2908,AND,IMM_M,UNKNOWN,UNKNOWN,NONE,V05C-contexts.csv,SOURCE_PROVED_NOT_YET_ADMITTED
TP07F497,06:B559:0:1:1,0x033559,F00F,BEQ,REL8,UNKNOWN,UNKNOWN,NONE,V05C-contexts.csv,SOURCE_PROVED_NOT_YET_ADMITTED
TP07F497,06:B55B:0:1:1,0x03355B,A907,LDA,IMM_M,UNKNOWN,0,NONE,V05C-contexts.csv,SOURCE_PROVED_NOT_YET_ADMITTED
TP07F497,06:B55D:0:1:1,0x03355D,220AED04,JSL,ABSL_JUMP,UNKNOWN,0,NONE,V05C-contexts.csv,SOURCE_PROVED_NOT_YET_ADMITTED
TP07F497,06:B561:0:1:1,0x033561,E230,SEP,IMM8,UNKNOWN|0|1,UNKNOWN|0|1,NONE,V05C-contexts.csv,SOURCE_PROVED_NOT_YET_ADMITTED
TP07F497,06:B563:0:1:1,0x033563,AD641F,LDA,ABS,UNKNOWN|0|1,UNKNOWN|0|1,DBR:1F64,V05C-contexts.csv,SOURCE_PROVED_NOT_YET_ADMITTED
TP07F497,06:B566:0:1:1,0x033566,2977,AND,IMM_M,UNKNOWN|0|1,UNKNOWN,NONE,V05C-contexts.csv,SOURCE_PROVED_NOT_YET_ADMITTED
TP07F497,06:B568:0:1:1,0x033568,800D,BRA,REL8,UNKNOWN|0|1,UNKNOWN,NONE,V05C-contexts.csv,SOURCE_PROVED_NOT_YET_ADMITTED
TP07F497,06:B56A:0:1:1,0x03356A,A908,LDA,IMM_M,UNKNOWN,1,NONE,V05C-contexts.csv,SOURCE_PROVED_NOT_YET_ADMITTED
TP07F497,06:B56C:0:1:1,0x03356C,220AED04,JSL,ABSL_JUMP,UNKNOWN,0,NONE,V05C-contexts.csv,SOURCE_PROVED_NOT_YET_ADMITTED
TP07F497,06:B570:0:1:1,0x033570,E230,SEP,IMM8,UNKNOWN|0|1,UNKNOWN|0|1,NONE,V05C-contexts.csv,SOURCE_PROVED_NOT_YET_ADMITTED
TP07F497,06:B572:0:1:1,0x033572,AD641F,LDA,ABS,UNKNOWN|0|1,UNKNOWN|0|1,DBR:1F64,V05C-contexts.csv,SOURCE_PROVED_NOT_YET_ADMITTED
TP07F497,06:B575:0:1:1,0x033575,0908,ORA,IMM_M,UNKNOWN|0|1,UNKNOWN,NONE,V05C-contexts.csv,SOURCE_PROVED_NOT_YET_ADMITTED
TP07F497,06:B577:0:1:1,0x033577,8D641F,STA,ABS,UNKNOWN|0|1,UNKNOWN,DBR:1F64,V05C-contexts.csv,SOURCE_PROVED_NOT_YET_ADMITTED
TP07F497,06:B57A:0:1:1,0x03357A,E220,SEP,IMM8,UNKNOWN|0|1,UNKNOWN,NONE,V05C-contexts.csv,SOURCE_PROVED_NOT_YET_ADMITTED
TP07F497,06:B57C:0:1:1,0x03357C,C210,REP,IMM8,UNKNOWN|0|1,UNKNOWN,NONE,V05C-contexts.csv,SOURCE_PROVED_NOT_YET_ADMITTED
TP07F497,06:B57E:0:1:0,0x03357E,22FAB404,JSL,ABSL_JUMP,UNKNOWN|0|1,UNKNOWN,NONE,V05C-contexts.csv,SOURCE_PROVED_NOT_YET_ADMITTED
TP07F497,06:B582:0:0:0,0x033582,82B702,BRL,REL16,1,UNKNOWN,NONE,V05C-contexts.csv,SOURCE_PROVED_NOT_YET_ADMITTED
TP07F497,06:B585:0:1:1,0x033585,E230,SEP,IMM8,UNKNOWN,0,NONE,V05C-contexts.csv,SOURCE_PROVED_NOT_YET_ADMITTED
TP07F497,06:B587:0:1:1,0x033587,C928,CMP,IMM_M,UNKNOWN,0,NONE,V05C-contexts.csv,SOURCE_PROVED_NOT_YET_ADMITTED
TP07F497,06:B589:0:1:1,0x033589,F003,BEQ,REL8,UNKNOWN,UNKNOWN,NONE,V05C-contexts.csv,SOURCE_PROVED_NOT_YET_ADMITTED
TP07F497,06:B58B:0:1:1,0x03358B,824200,BRL,REL16,UNKNOWN,0,NONE,V05C-contexts.csv,SOURCE_PROVED_NOT_YET_ADMITTED
TP07F497,06:B58E:0:1:1,0x03358E,E230,SEP,IMM8,UNKNOWN,1,NONE,V05C-contexts.csv,SOURCE_PROVED_NOT_YET_ADMITTED
TP07F497,06:B590:0:1:1,0x033590,AD4707,LDA,ABS,UNKNOWN,1,DBR:0747,V05C-contexts.csv,SOURCE_PROVED_NOT_YET_ADMITTED
TP07F497,06:B593:0:1:1,0x033593,2940,AND,IMM_M,UNKNOWN,UNKNOWN,NONE,V05C-contexts.csv,SOURCE_PROVED_NOT_YET_ADMITTED
TP07F497,06:B595:0:1:1,0x033595,F003,BEQ,REL8,UNKNOWN,UNKNOWN,NONE,V05C-contexts.csv,SOURCE_PROVED_NOT_YET_ADMITTED
TP07F497,06:B597:0:1:1,0x033597,820300,BRL,REL16,UNKNOWN,0,NONE,V05C-contexts.csv,SOURCE_PROVED_NOT_YET_ADMITTED
TP07F497,06:B59A:0:1:1,0x03359A,829F02,BRL,REL16,UNKNOWN,1,NONE,V05C-contexts.csv,SOURCE_PROVED_NOT_YET_ADMITTED
TP07F497,06:B59D:0:1:1,0x03359D,E230,SEP,IMM8,UNKNOWN,0,NONE,V05C-contexts.csv,SOURCE_PROVED_NOT_YET_ADMITTED
TP07F497,06:B59F:0:1:1,0x03359F,AD641F,LDA,ABS,UNKNOWN,0,DBR:1F64,V05C-contexts.csv,SOURCE_PROVED_NOT_YET_ADMITTED
TP07F497,06:B5A2:0:1:1,0x0335A2,2910,AND,IMM_M,UNKNOWN,UNKNOWN,NONE,V05C-contexts.csv,SOURCE_PROVED_NOT_YET_ADMITTED
TP07F497,06:B5A4:0:1:1,0x0335A4,F00F,BEQ,REL8,UNKNOWN,UNKNOWN,NONE,V05C-contexts.csv,SOURCE_PROVED_NOT_YET_ADMITTED
TP07F497,06:B5A6:0:1:1,0x0335A6,A907,LDA,IMM_M,UNKNOWN,0,NONE,V05C-contexts.csv,SOURCE_PROVED_NOT_YET_ADMITTED
TP07F497,06:B5A8:0:1:1,0x0335A8,220AED04,JSL,ABSL_JUMP,UNKNOWN,0,NONE,V05C-contexts.csv,SOURCE_PROVED_NOT_YET_ADMITTED
TP07F497,06:B5AC:0:1:1,0x0335AC,E230,SEP,IMM8,UNKNOWN|0|1,UNKNOWN|0|1,NONE,V05C-contexts.csv,SOURCE_PROVED_NOT_YET_ADMITTED
TP07F497,06:B5AE:0:1:1,0x0335AE,AD641F,LDA,ABS,UNKNOWN|0|1,UNKNOWN|0|1,DBR:1F64,V05C-contexts.csv,SOURCE_PROVED_NOT_YET_ADMITTED
TP07F497,06:B5B1:0:1:1,0x0335B1,296F,AND,IMM_M,UNKNOWN|0|1,UNKNOWN,NONE,V05C-contexts.csv,SOURCE_PROVED_NOT_YET_ADMITTED
TP07F497,06:B5B3:0:1:1,0x0335B3,800D,BRA,REL8,UNKNOWN|0|1,UNKNOWN,NONE,V05C-contexts.csv,SOURCE_PROVED_NOT_YET_ADMITTED
TP07F497,06:B5B5:0:1:1,0x0335B5,A908,LDA,IMM_M,UNKNOWN,1,NONE,V05C-contexts.csv,SOURCE_PROVED_NOT_YET_ADMITTED
TP07F497,06:B5B7:0:1:1,0x0335B7,220AED04,JSL,ABSL_JUMP,UNKNOWN,0,NONE,V05C-contexts.csv,SOURCE_PROVED_NOT_YET_ADMITTED
TP07F497,06:B5BB:0:1:1,0x0335BB,E230,SEP,IMM8,UNKNOWN|0|1,UNKNOWN|0|1,NONE,V05C-contexts.csv,SOURCE_PROVED_NOT_YET_ADMITTED
TP07F497,06:B5BD:0:1:1,0x0335BD,AD641F,LDA,ABS,UNKNOWN|0|1,UNKNOWN|0|1,DBR:1F64,V05C-contexts.csv,SOURCE_PROVED_NOT_YET_ADMITTED
TP07F497,06:B5C0:0:1:1,0x0335C0,0910,ORA,IMM_M,UNKNOWN|0|1,UNKNOWN,NONE,V05C-contexts.csv,SOURCE_PROVED_NOT_YET_ADMITTED
TP07F497,06:B5C2:0:1:1,0x0335C2,8D641F,STA,ABS,UNKNOWN|0|1,UNKNOWN,DBR:1F64,V05C-contexts.csv,SOURCE_PROVED_NOT_YET_ADMITTED
TP07F497,06:B5C5:0:1:1,0x0335C5,E220,SEP,IMM8,UNKNOWN|0|1,UNKNOWN,NONE,V05C-contexts.csv,SOURCE_PROVED_NOT_YET_ADMITTED
TP07F497,06:B5C7:0:1:1,0x0335C7,C210,REP,IMM8,UNKNOWN|0|1,UNKNOWN,NONE,V05C-contexts.csv,SOURCE_PROVED_NOT_YET_ADMITTED
TP07F497,06:B5C9:0:1:0,0x0335C9,22FAB404,JSL,ABSL_JUMP,UNKNOWN|0|1,UNKNOWN,NONE,V05C-contexts.csv,SOURCE_PROVED_NOT_YET_ADMITTED
TP07F497,06:B5CD:0:0:0,0x0335CD,826C02,BRL,REL16,1,UNKNOWN,NONE,V05C-contexts.csv,SOURCE_PROVED_NOT_YET_ADMITTED
TP07F497,06:B5D0:0:1:1,0x0335D0,E230,SEP,IMM8,UNKNOWN,0,NONE,V05C-contexts.csv,SOURCE_PROVED_NOT_YET_ADMITTED
TP07F497,06:B5D2:0:1:1,0x0335D2,C929,CMP,IMM_M,UNKNOWN,0,NONE,V05C-contexts.csv,SOURCE_PROVED_NOT_YET_ADMITTED
TP07F497,06:B5D4:0:1:1,0x0335D4,F003,BEQ,REL8,UNKNOWN,UNKNOWN,NONE,V05C-contexts.csv,SOURCE_PROVED_NOT_YET_ADMITTED
TP07F497,06:B5D6:0:1:1,0x0335D6,824200,BRL,REL16,UNKNOWN,0,NONE,V05C-contexts.csv,SOURCE_PROVED_NOT_YET_ADMITTED
TP07F497,06:B5D9:0:1:1,0x0335D9,E230,SEP,IMM8,UNKNOWN,1,NONE,V05C-contexts.csv,SOURCE_PROVED_NOT_YET_ADMITTED
TP07F497,06:B5DB:0:1:1,0x0335DB,AD4707,LDA,ABS,UNKNOWN,1,DBR:0747,V05C-contexts.csv,SOURCE_PROVED_NOT_YET_ADMITTED
TP07F497,06:B5DE:0:1:1,0x0335DE,2940,AND,IMM_M,UNKNOWN,UNKNOWN,NONE,V05C-contexts.csv,SOURCE_PROVED_NOT_YET_ADMITTED
TP07F497,06:B5E0:0:1:1,0x0335E0,F003,BEQ,REL8,UNKNOWN,UNKNOWN,NONE,V05C-contexts.csv,SOURCE_PROVED_NOT_YET_ADMITTED
TP07F497,06:B5E2:0:1:1,0x0335E2,820300,BRL,REL16,UNKNOWN,0,NONE,V05C-contexts.csv,SOURCE_PROVED_NOT_YET_ADMITTED
TP07F497,06:B5E5:0:1:1,0x0335E5,825402,BRL,REL16,UNKNOWN,1,NONE,V05C-contexts.csv,SOURCE_PROVED_NOT_YET_ADMITTED
TP07F497,06:B5E8:0:1:1,0x0335E8,E230,SEP,IMM8,UNKNOWN,0,NONE,V05C-contexts.csv,SOURCE_PROVED_NOT_YET_ADMITTED
TP07F497,06:B5EA:0:1:1,0x0335EA,AD641F,LDA,ABS,UNKNOWN,0,DBR:1F64,V05C-contexts.csv,SOURCE_PROVED_NOT_YET_ADMITTED
TP07F497,06:B5ED:0:1:1,0x0335ED,2920,AND,IMM_M,UNKNOWN,UNKNOWN,NONE,V05C-contexts.csv,SOURCE_PROVED_NOT_YET_ADMITTED
TP07F497,06:B5EF:0:1:1,0x0335EF,F00F,BEQ,REL8,UNKNOWN,UNKNOWN,NONE,V05C-contexts.csv,SOURCE_PROVED_NOT_YET_ADMITTED
TP07F497,06:B5F1:0:1:1,0x0335F1,A907,LDA,IMM_M,UNKNOWN,0,NONE,V05C-contexts.csv,SOURCE_PROVED_NOT_YET_ADMITTED
TP07F497,06:B5F3:0:1:1,0x0335F3,220AED04,JSL,ABSL_JUMP,UNKNOWN,0,NONE,V05C-contexts.csv,SOURCE_PROVED_NOT_YET_ADMITTED
TP07F497,06:B5F7:0:1:1,0x0335F7,E230,SEP,IMM8,UNKNOWN|0|1,UNKNOWN|0|1,NONE,V05C-contexts.csv,SOURCE_PROVED_NOT_YET_ADMITTED
TP07F497,06:B5F9:0:1:1,0x0335F9,AD641F,LDA,ABS,UNKNOWN|0|1,UNKNOWN|0|1,DBR:1F64,V05C-contexts.csv,SOURCE_PROVED_NOT_YET_ADMITTED
TP07F497,06:B5FC:0:1:1,0x0335FC,295F,AND,IMM_M,UNKNOWN|0|1,UNKNOWN,NONE,V05C-contexts.csv,SOURCE_PROVED_NOT_YET_ADMITTED
TP07F497,06:B5FE:0:1:1,0x0335FE,800D,BRA,REL8,UNKNOWN|0|1,UNKNOWN,NONE,V05C-contexts.csv,SOURCE_PROVED_NOT_YET_ADMITTED
TP07F497,06:B600:0:1:1,0x033600,A908,LDA,IMM_M,UNKNOWN,1,NONE,V05C-contexts.csv,SOURCE_PROVED_NOT_YET_ADMITTED
TP07F497,06:B602:0:1:1,0x033602,220AED04,JSL,ABSL_JUMP,UNKNOWN,0,NONE,V05C-contexts.csv,SOURCE_PROVED_NOT_YET_ADMITTED
TP07F497,06:B606:0:1:1,0x033606,E230,SEP,IMM8,UNKNOWN|0|1,UNKNOWN|0|1,NONE,V05C-contexts.csv,SOURCE_PROVED_NOT_YET_ADMITTED
TP07F497,06:B608:0:1:1,0x033608,AD641F,LDA,ABS,UNKNOWN|0|1,UNKNOWN|0|1,DBR:1F64,V05C-contexts.csv,SOURCE_PROVED_NOT_YET_ADMITTED
TP07F497,06:B60B:0:1:1,0x03360B,0920,ORA,IMM_M,UNKNOWN|0|1,UNKNOWN,NONE,V05C-contexts.csv,SOURCE_PROVED_NOT_YET_ADMITTED
TP07F497,06:B60D:0:1:1,0x03360D,8D641F,STA,ABS,UNKNOWN|0|1,UNKNOWN,DBR:1F64,V05C-contexts.csv,SOURCE_PROVED_NOT_YET_ADMITTED
TP07F497,06:B610:0:1:1,0x033610,E220,SEP,IMM8,UNKNOWN|0|1,UNKNOWN,NONE,V05C-contexts.csv,SOURCE_PROVED_NOT_YET_ADMITTED
TP07F497,06:B612:0:1:1,0x033612,C210,REP,IMM8,UNKNOWN|0|1,UNKNOWN,NONE,V05C-contexts.csv,SOURCE_PROVED_NOT_YET_ADMITTED
TP07F497,06:B614:0:1:0,0x033614,22FAB404,JSL,ABSL_JUMP,UNKNOWN|0|1,UNKNOWN,NONE,V05C-contexts.csv,SOURCE_PROVED_NOT_YET_ADMITTED
TP07F497,06:B618:0:0:0,0x033618,822102,BRL,REL16,1,UNKNOWN,NONE,V05C-contexts.csv,SOURCE_PROVED_NOT_YET_ADMITTED
TP07F497,06:B61B:0:1:1,0x03361B,E230,SEP,IMM8,UNKNOWN,0,NONE,V05C-contexts.csv,SOURCE_PROVED_NOT_YET_ADMITTED
TP07F497,06:B61D:0:1:1,0x03361D,C92A,CMP,IMM_M,UNKNOWN,0,NONE,V05C-contexts.csv,SOURCE_PROVED_NOT_YET_ADMITTED
TP07F497,06:B61F:0:1:1,0x03361F,F003,BEQ,REL8,UNKNOWN,UNKNOWN,NONE,V05C-contexts.csv,SOURCE_PROVED_NOT_YET_ADMITTED
TP07F497,06:B621:0:1:1,0x033621,824200,BRL,REL16,UNKNOWN,0,NONE,V05C-contexts.csv,SOURCE_PROVED_NOT_YET_ADMITTED
TP07F497,06:B624:0:1:1,0x033624,E230,SEP,IMM8,UNKNOWN,1,NONE,V05C-contexts.csv,SOURCE_PROVED_NOT_YET_ADMITTED
TP07F497,06:B626:0:1:1,0x033626,AD4707,LDA,ABS,UNKNOWN,1,DBR:0747,V05C-contexts.csv,SOURCE_PROVED_NOT_YET_ADMITTED
TP07F497,06:B629:0:1:1,0x033629,2940,AND,IMM_M,UNKNOWN,UNKNOWN,NONE,V05C-contexts.csv,SOURCE_PROVED_NOT_YET_ADMITTED
TP07F497,06:B62B:0:1:1,0x03362B,F003,BEQ,REL8,UNKNOWN,UNKNOWN,NONE,V05C-contexts.csv,SOURCE_PROVED_NOT_YET_ADMITTED
TP07F497,06:B62D:0:1:1,0x03362D,820300,BRL,REL16,UNKNOWN,0,NONE,V05C-contexts.csv,SOURCE_PROVED_NOT_YET_ADMITTED
TP07F497,06:B630:0:1:1,0x033630,820902,BRL,REL16,UNKNOWN,1,NONE,V05C-contexts.csv,SOURCE_PROVED_NOT_YET_ADMITTED
TP07F497,06:B633:0:1:1,0x033633,E230,SEP,IMM8,UNKNOWN,0,NONE,V05C-contexts.csv,SOURCE_PROVED_NOT_YET_ADMITTED
TP07F497,06:B635:0:1:1,0x033635,AD641F,LDA,ABS,UNKNOWN,0,DBR:1F64,V05C-contexts.csv,SOURCE_PROVED_NOT_YET_ADMITTED
TP07F497,06:B638:0:1:1,0x033638,2940,AND,IMM_M,UNKNOWN,UNKNOWN,NONE,V05C-contexts.csv,SOURCE_PROVED_NOT_YET_ADMITTED
TP07F497,06:B63A:0:1:1,0x03363A,F00F,BEQ,REL8,UNKNOWN,UNKNOWN,NONE,V05C-contexts.csv,SOURCE_PROVED_NOT_YET_ADMITTED
TP07F497,06:B63C:0:1:1,0x03363C,A907,LDA,IMM_M,UNKNOWN,0,NONE,V05C-contexts.csv,SOURCE_PROVED_NOT_YET_ADMITTED
TP07F497,06:B63E:0:1:1,0x03363E,220AED04,JSL,ABSL_JUMP,UNKNOWN,0,NONE,V05C-contexts.csv,SOURCE_PROVED_NOT_YET_ADMITTED
TP07F497,06:B642:0:1:1,0x033642,E230,SEP,IMM8,UNKNOWN|0|1,UNKNOWN|0|1,NONE,V05C-contexts.csv,SOURCE_PROVED_NOT_YET_ADMITTED
TP07F497,06:B644:0:1:1,0x033644,AD641F,LDA,ABS,UNKNOWN|0|1,UNKNOWN|0|1,DBR:1F64,V05C-contexts.csv,SOURCE_PROVED_NOT_YET_ADMITTED
TP07F497,06:B647:0:1:1,0x033647,293F,AND,IMM_M,UNKNOWN|0|1,UNKNOWN,NONE,V05C-contexts.csv,SOURCE_PROVED_NOT_YET_ADMITTED
TP07F497,06:B649:0:1:1,0x033649,800D,BRA,REL8,UNKNOWN|0|1,UNKNOWN,NONE,V05C-contexts.csv,SOURCE_PROVED_NOT_YET_ADMITTED
TP07F497,06:B64B:0:1:1,0x03364B,A908,LDA,IMM_M,UNKNOWN,1,NONE,V05C-contexts.csv,SOURCE_PROVED_NOT_YET_ADMITTED
TP07F497,06:B64D:0:1:1,0x03364D,220AED04,JSL,ABSL_JUMP,UNKNOWN,0,NONE,V05C-contexts.csv,SOURCE_PROVED_NOT_YET_ADMITTED
TP07F497,06:B651:0:1:1,0x033651,E230,SEP,IMM8,UNKNOWN|0|1,UNKNOWN|0|1,NONE,V05C-contexts.csv,SOURCE_PROVED_NOT_YET_ADMITTED
TP07F497,06:B653:0:1:1,0x033653,AD641F,LDA,ABS,UNKNOWN|0|1,UNKNOWN|0|1,DBR:1F64,V05C-contexts.csv,SOURCE_PROVED_NOT_YET_ADMITTED
TP07F497,06:B656:0:1:1,0x033656,0940,ORA,IMM_M,UNKNOWN|0|1,UNKNOWN,NONE,V05C-contexts.csv,SOURCE_PROVED_NOT_YET_ADMITTED
TP07F497,06:B658:0:1:1,0x033658,8D641F,STA,ABS,UNKNOWN|0|1,UNKNOWN,DBR:1F64,V05C-contexts.csv,SOURCE_PROVED_NOT_YET_ADMITTED
TP07F497,06:B65B:0:1:1,0x03365B,E220,SEP,IMM8,UNKNOWN|0|1,UNKNOWN,NONE,V05C-contexts.csv,SOURCE_PROVED_NOT_YET_ADMITTED
TP07F497,06:B65D:0:1:1,0x03365D,C210,REP,IMM8,UNKNOWN|0|1,UNKNOWN,NONE,V05C-contexts.csv,SOURCE_PROVED_NOT_YET_ADMITTED
TP07F497,06:B65F:0:1:0,0x03365F,22FAB404,JSL,ABSL_JUMP,UNKNOWN|0|1,UNKNOWN,NONE,V05C-contexts.csv,SOURCE_PROVED_NOT_YET_ADMITTED
TP07F497,06:B663:0:0:0,0x033663,82D601,BRL,REL16,1,UNKNOWN,NONE,V05C-contexts.csv,SOURCE_PROVED_NOT_YET_ADMITTED
TP07F497,06:B666:0:1:1,0x033666,E230,SEP,IMM8,UNKNOWN,0,NONE,V05C-contexts.csv,SOURCE_PROVED_NOT_YET_ADMITTED
TP07F497,06:B668:0:1:1,0x033668,C920,CMP,IMM_M,UNKNOWN,0,NONE,V05C-contexts.csv,SOURCE_PROVED_NOT_YET_ADMITTED
TP07F497,06:B66A:0:1:1,0x03366A,F003,BEQ,REL8,UNKNOWN,UNKNOWN,NONE,V05C-contexts.csv,SOURCE_PROVED_NOT_YET_ADMITTED
TP07F497,06:B66C:0:1:1,0x03366C,829F00,BRL,REL16,UNKNOWN,0,NONE,V05C-contexts.csv,SOURCE_PROVED_NOT_YET_ADMITTED
TP07F497,06:B66F:0:1:1,0x03366F,C230,REP,IMM8,UNKNOWN,1,NONE,V05C-contexts.csv,SOURCE_PROVED_NOT_YET_ADMITTED
TP07F497,06:B671:0:0:0,0x033671,AD3414,LDA,ABS,UNKNOWN,1,DBR:1434,V05C-contexts.csv,SOURCE_PROVED_NOT_YET_ADMITTED
TP07F497,06:B674:0:0:0,0x033674,229DC200,JSL,ABSL_JUMP,UNKNOWN,UNKNOWN,NONE,V05C-contexts.csv,SOURCE_PROVED_NOT_YET_ADMITTED
TP07F497,06:B678:0:0:1,0x033678,8D6400,STA,ABS,UNKNOWN,UNKNOWN,DBR:0064,V05C-contexts.csv,SOURCE_PROVED_NOT_YET_ADMITTED
TP07F497,06:B67B:0:0:1,0x03367B,8E6600,STX,ABS,UNKNOWN,UNKNOWN,DBR:0066,V05C-contexts.csv,SOURCE_PROVED_NOT_YET_ADMITTED
TP07F497,06:B67E:0:0:1,0x03367E,A008,LDY,IMM_X,UNKNOWN,UNKNOWN,NONE,V05C-contexts.csv,SOURCE_PROVED_NOT_YET_ADMITTED
TP07F497,06:B680:0:0:1,0x033680,B764,LDA,DP_IND_LONG_Y,UNKNOWN,0,NONE,V05C-contexts.csv,SOURCE_PROVED_NOT_YET_ADMITTED
TP07F497,06:B682:0:0:1,0x033682,29FF00,AND,IMM_M,UNKNOWN,UNKNOWN,NONE,V05C-contexts.csv,SOURCE_PROVED_NOT_YET_ADMITTED
TP07F497,06:B685:0:0:1,0x033685,C90400,CMP,IMM_M,UNKNOWN,UNKNOWN,NONE,V05C-contexts.csv,SOURCE_PROVED_NOT_YET_ADMITTED
TP07F497,06:B688:0:0:1,0x033688,D059,BNE,REL8,UNKNOWN,UNKNOWN,NONE,V05C-contexts.csv,SOURCE_PROVED_NOT_YET_ADMITTED
TP07F497,06:B68A:0:0:1,0x03368A,A000,LDY,IMM_X,UNKNOWN,1,NONE,V05C-contexts.csv,SOURCE_PROVED_NOT_YET_ADMITTED
TP07F497,06:B68C:0:0:1,0x03368C,B764,LDA,DP_IND_LONG_Y,UNKNOWN,1,NONE,V05C-contexts.csv,SOURCE_PROVED_NOT_YET_ADMITTED
TP07F497,06:B68E:0:0:1,0x03368E,C90300,CMP,IMM_M,UNKNOWN,UNKNOWN,NONE,V05C-contexts.csv,SOURCE_PROVED_NOT_YET_ADMITTED
TP07F497,06:B691:0:0:1,0x033691,F050,BEQ,REL8,UNKNOWN,UNKNOWN,NONE,V05C-contexts.csv,SOURCE_PROVED_NOT_YET_ADMITTED
TP07F497,06:B693:0:0:1,0x033693,C93F00,CMP,IMM_M,UNKNOWN,0,NONE,V05C-contexts.csv,SOURCE_PROVED_NOT_YET_ADMITTED
TP07F497,06:B696:0:0:1,0x033696,F04B,BEQ,REL8,UNKNOWN,UNKNOWN,NONE,V05C-contexts.csv,SOURCE_PROVED_NOT_YET_ADMITTED
TP07F497,06:B698:0:0:1,0x033698,E230,SEP,IMM8,UNKNOWN,0,NONE,V05C-contexts.csv,SOURCE_PROVED_NOT_YET_ADMITTED
TP07F497,06:B69A:0:1:1,0x03369A,AD4707,LDA,ABS,UNKNOWN,0,DBR:0747,V05C-contexts.csv,SOURCE_PROVED_NOT_YET_ADMITTED
TP07F497,06:B69D:0:1:1,0x03369D,C901,CMP,IMM_M,UNKNOWN,UNKNOWN,NONE,V05C-contexts.csv,SOURCE_PROVED_NOT_YET_ADMITTED
TP07F497,06:B69F:0:1:1,0x03369F,F007,BEQ,REL8,UNKNOWN,UNKNOWN,NONE,V05C-contexts.csv,SOURCE_PROVED_NOT_YET_ADMITTED
TP07F497,06:B6A1:0:1:1,0x0336A1,AD4607,LDA,ABS,UNKNOWN,0,DBR:0746,V05C-contexts.csv,SOURCE_PROVED_NOT_YET_ADMITTED
TP07F497,06:B6A4:0:1:1,0x0336A4,C910,CMP,IMM_M,UNKNOWN,UNKNOWN,NONE,V05C-contexts.csv,SOURCE_PROVED_NOT_YET_ADMITTED
TP07F497,06:B6A6:0:1:1,0x0336A6,D015,BNE,REL8,UNKNOWN,UNKNOWN,NONE,V05C-contexts.csv,SOURCE_PROVED_NOT_YET_ADMITTED
TP07F497,06:B6A8:0:1:1,0x0336A8,AD5119,LDA,ABS,UNKNOWN,1,DBR:1951,V05C-contexts.csv,SOURCE_PROVED_NOT_YET_ADMITTED
TP07F497,06:B6AB:0:1:1,0x0336AB,F003,BEQ,REL8,UNKNOWN,UNKNOWN,NONE,V05C-contexts.csv,SOURCE_PROVED_NOT_YET_ADMITTED
TP07F497,06:B6AD:0:1:1,0x0336AD,828C01,BRL,REL16,UNKNOWN,0,NONE,V05C-contexts.csv,SOURCE_PROVED_NOT_YET_ADMITTED
TP07F497,06:B6B0:0:1:1,0x0336B0,A908,LDA,IMM_M,UNKNOWN,1,NONE,V05C-contexts.csv,SOURCE_PROVED_NOT_YET_ADMITTED
TP07F497,06:B6B2:0:1:1,0x0336B2,220AED04,JSL,ABSL_JUMP,UNKNOWN,0,NONE,V05C-contexts.csv,SOURCE_PROVED_NOT_YET_ADMITTED
TP07F497,06:B6B6:0:1:1,0x0336B6,22B5BB06,JSL,ABSL_JUMP,UNKNOWN|0|1,UNKNOWN|0|1,NONE,V05C-contexts.csv,SOURCE_PROVED_NOT_YET_ADMITTED
TP07F497,06:B6BA:0:0:0,0x0336BA,827F01,BRL,REL16,UNKNOWN,UNKNOWN,NONE,V05C-contexts.csv,SOURCE_PROVED_NOT_YET_ADMITTED
TP07F497,06:B6BD:0:1:1,0x0336BD,AD4707,LDA,ABS,UNKNOWN,0,DBR:0747,V05C-contexts.csv,SOURCE_PROVED_NOT_YET_ADMITTED
TP07F497,06:B6C0:0:1:1,0x0336C0,C902,CMP,IMM_M,UNKNOWN,UNKNOWN,NONE,V05C-contexts.csv,SOURCE_PROVED_NOT_YET_ADMITTED
TP07F497,06:B6C2:0:1:1,0x0336C2,F007,BEQ,REL8,UNKNOWN,UNKNOWN,NONE,V05C-contexts.csv,SOURCE_PROVED_NOT_YET_ADMITTED
TP07F497,06:B6C4:0:1:1,0x0336C4,AD4607,LDA,ABS,UNKNOWN,0,DBR:0746,V05C-contexts.csv,SOURCE_PROVED_NOT_YET_ADMITTED
TP07F497,06:B6C7:0:1:1,0x0336C7,C920,CMP,IMM_M,UNKNOWN,UNKNOWN,NONE,V05C-contexts.csv,SOURCE_PROVED_NOT_YET_ADMITTED
TP07F497,06:B6C9:0:1:1,0x0336C9,D018,BNE,REL8,UNKNOWN,UNKNOWN,NONE,V05C-contexts.csv,SOURCE_PROVED_NOT_YET_ADMITTED
TP07F497,06:B6CB:0:1:1,0x0336CB,AD5119,LDA,ABS,UNKNOWN,1,DBR:1951,V05C-contexts.csv,SOURCE_PROVED_NOT_YET_ADMITTED
TP07F497,06:B6CE:0:1:1,0x0336CE,D003,BNE,REL8,UNKNOWN,UNKNOWN,NONE,V05C-contexts.csv,SOURCE_PROVED_NOT_YET_ADMITTED
TP07F497,06:B6D0:0:1:1,0x0336D0,826901,BRL,REL16,UNKNOWN,1,NONE,V05C-contexts.csv,SOURCE_PROVED_NOT_YET_ADMITTED
TP07F497,06:B6D3:0:1:1,0x0336D3,A907,LDA,IMM_M,UNKNOWN,0,NONE,V05C-contexts.csv,SOURCE_PROVED_NOT_YET_ADMITTED
TP07F497,06:B6D5:0:1:1,0x0336D5,220AED04,JSL,ABSL_JUMP,UNKNOWN,0,NONE,V05C-contexts.csv,SOURCE_PROVED_NOT_YET_ADMITTED
TP07F497,06:B6D9:0:1:1,0x0336D9,9C5119,STZ,ABS,UNKNOWN|0|1,UNKNOWN|0|1,DBR:1951,V05C-contexts.csv,SOURCE_PROVED_NOT_YET_ADMITTED
TP07F497,06:B6DC:0:1:1,0x0336DC,22F9BB06,JSL,ABSL_JUMP,UNKNOWN|0|1,UNKNOWN|0|1,NONE,V05C-contexts.csv,SOURCE_PROVED_NOT_YET_ADMITTED
TP07F497,06:B6E0:0:0:0,0x0336E0,825901,BRL,REL16,UNKNOWN,UNKNOWN,NONE,V05C-contexts.csv,SOURCE_PROVED_NOT_YET_ADMITTED
TP07F497,06:B6E3:0:0:1,0x0336E3,E230,SEP,IMM8,UNKNOWN,0|1,NONE,V05C-contexts.csv,SOURCE_PROVED_NOT_YET_ADMITTED
TP07F497,06:B6E3:0:1:1,0x0336E3,E230,SEP,IMM8,UNKNOWN,0,NONE,V05C-contexts.csv,SOURCE_PROVED_NOT_YET_ADMITTED
TP07F497,06:B6E5:0:1:1,0x0336E5,AD4707,LDA,ABS,UNKNOWN,0|1,DBR:0747,V05C-contexts.csv,SOURCE_PROVED_NOT_YET_ADMITTED
TP07F497,06:B6E8:0:1:1,0x0336E8,C940,CMP,IMM_M,UNKNOWN,UNKNOWN,NONE,V05C-contexts.csv,SOURCE_PROVED_NOT_YET_ADMITTED
TP07F497,06:B6EA:0:1:1,0x0336EA,F003,BEQ,REL8,UNKNOWN,UNKNOWN,NONE,V05C-contexts.csv,SOURCE_PROVED_NOT_YET_ADMITTED
TP07F497,06:B6EC:0:1:1,0x0336EC,824D01,BRL,REL16,UNKNOWN,0,NONE,V05C-contexts.csv,SOURCE_PROVED_NOT_YET_ADMITTED
TP07F497,06:B6EF:0:1:1,0x0336EF,AD5119,LDA,ABS,UNKNOWN,1,DBR:1951,V05C-contexts.csv,SOURCE_PROVED_NOT_YET_ADMITTED
TP07F497,06:B6F2:0:1:1,0x0336F2,F003,BEQ,REL8,UNKNOWN,UNKNOWN,NONE,V05C-contexts.csv,SOURCE_PROVED_NOT_YET_ADMITTED
TP07F497,06:B6F4:0:1:1,0x0336F4,825EF5,BRL,REL16,UNKNOWN,0,NONE,V05C-contexts.csv,SOURCE_PROVED_NOT_YET_ADMITTED
TP07F497,06:B6F7:0:1:1,0x0336F7,A908,LDA,IMM_M,UNKNOWN,1,NONE,V05C-contexts.csv,SOURCE_PROVED_NOT_YET_ADMITTED
TP07F497,06:B6F9:0:1:1,0x0336F9,2214ED04,JSL,ABSL_JUMP,UNKNOWN,0,NONE,V05C-contexts.csv,SOURCE_PROVED_NOT_YET_ADMITTED
TP07F497,06:B6FD:0:1:1,0x0336FD,C230,REP,IMM8,1,UNKNOWN,NONE,V05C-contexts.csv,SOURCE_PROVED_NOT_YET_ADMITTED
TP07F497,06:B6FF:0:0:0,0x0336FF,A91100,LDA,IMM_M,1,UNKNOWN,NONE,V05C-contexts.csv,SOURCE_PROVED_NOT_YET_ADMITTED
TP07F497,06:B702:0:0:0,0x033702,8D0A08,STA,ABS,1,0,DBR:080A,V05C-contexts.csv,SOURCE_PROVED_NOT_YET_ADMITTED
TP07F497,06:B705:0:0:0,0x033705,A90100,LDA,IMM_M,1,0,NONE,V05C-contexts.csv,SOURCE_PROVED_NOT_YET_ADMITTED
TP07F497,06:B708:0:0:0,0x033708,8D0B04,STA,ABS,1,0,DBR:040B,V05C-contexts.csv,SOURCE_PROVED_NOT_YET_ADMITTED
TP07F497,06:B70B:0:0:0,0x03370B,822E01,BRL,REL16,1,0,NONE,V05C-contexts.csv,SOURCE_PROVED_NOT_YET_ADMITTED
TP07F497,06:B70E:0:1:1,0x03370E,C90A,CMP,IMM_M,UNKNOWN,0,NONE,V05C-contexts.csv,SOURCE_PROVED_NOT_YET_ADMITTED
TP07F497,06:B710:0:1:1,0x033710,F003,BEQ,REL8,UNKNOWN,UNKNOWN,NONE,V05C-contexts.csv,SOURCE_PROVED_NOT_YET_ADMITTED
TP07F497,06:B712:0:1:1,0x033712,822701,BRL,REL16,UNKNOWN,0,NONE,V05C-contexts.csv,SOURCE_PROVED_NOT_YET_ADMITTED
TP07F497,06:B715:0:1:1,0x033715,AD4707,LDA,ABS,UNKNOWN,1,DBR:0747,V05C-contexts.csv,SOURCE_PROVED_NOT_YET_ADMITTED
TP07F497,06:B718:0:1:1,0x033718,C901,CMP,IMM_M,UNKNOWN,UNKNOWN,NONE,V05C-contexts.csv,SOURCE_PROVED_NOT_YET_ADMITTED
TP07F497,06:B71A:0:1:1,0x03371A,F007,BEQ,REL8,UNKNOWN,UNKNOWN,NONE,V05C-contexts.csv,SOURCE_PROVED_NOT_YET_ADMITTED
TP07F497,06:B71C:0:1:1,0x03371C,AD4607,LDA,ABS,UNKNOWN,0,DBR:0746,V05C-contexts.csv,SOURCE_PROVED_NOT_YET_ADMITTED
TP07F497,06:B71F:0:1:1,0x03371F,C910,CMP,IMM_M,UNKNOWN,UNKNOWN,NONE,V05C-contexts.csv,SOURCE_PROVED_NOT_YET_ADMITTED
TP07F497,06:B721:0:1:1,0x033721,D015,BNE,REL8,UNKNOWN,UNKNOWN,NONE,V05C-contexts.csv,SOURCE_PROVED_NOT_YET_ADMITTED
TP07F497,06:B723:0:1:1,0x033723,AD5119,LDA,ABS,UNKNOWN,1,DBR:1951,V05C-contexts.csv,SOURCE_PROVED_NOT_YET_ADMITTED
TP07F497,06:B726:0:1:1,0x033726,F003,BEQ,REL8,UNKNOWN,UNKNOWN,NONE,V05C-contexts.csv,SOURCE_PROVED_NOT_YET_ADMITTED
TP07F497,06:B728:0:1:1,0x033728,821101,BRL,REL16,UNKNOWN,0,NONE,V05C-contexts.csv,SOURCE_PROVED_NOT_YET_ADMITTED
TP07F497,06:B72B:0:1:1,0x03372B,A908,LDA,IMM_M,UNKNOWN,1,NONE,V05C-contexts.csv,SOURCE_PROVED_NOT_YET_ADMITTED
TP07F497,06:B72D:0:1:1,0x03372D,220AED04,JSL,ABSL_JUMP,UNKNOWN,0,NONE,V05C-contexts.csv,SOURCE_PROVED_NOT_YET_ADMITTED
TP07F497,06:B731:0:1:1,0x033731,22B5BB06,JSL,ABSL_JUMP,UNKNOWN|0|1,UNKNOWN|0|1,NONE,V05C-contexts.csv,SOURCE_PROVED_NOT_YET_ADMITTED
TP07F497,06:B735:0:0:0,0x033735,820401,BRL,REL16,UNKNOWN,UNKNOWN,NONE,V05C-contexts.csv,SOURCE_PROVED_NOT_YET_ADMITTED
TP07F497,06:B738:0:1:1,0x033738,AD4707,LDA,ABS,UNKNOWN,0,DBR:0747,V05C-contexts.csv,SOURCE_PROVED_NOT_YET_ADMITTED
TP07F497,06:B73B:0:1:1,0x03373B,C902,CMP,IMM_M,UNKNOWN,UNKNOWN,NONE,V05C-contexts.csv,SOURCE_PROVED_NOT_YET_ADMITTED
TP07F497,06:B73D:0:1:1,0x03373D,F007,BEQ,REL8,UNKNOWN,UNKNOWN,NONE,V05C-contexts.csv,SOURCE_PROVED_NOT_YET_ADMITTED
TP07F497,06:B73F:0:1:1,0x03373F,AD4607,LDA,ABS,UNKNOWN,0,DBR:0746,V05C-contexts.csv,SOURCE_PROVED_NOT_YET_ADMITTED
TP07F497,06:B742:0:1:1,0x033742,C920,CMP,IMM_M,UNKNOWN,UNKNOWN,NONE,V05C-contexts.csv,SOURCE_PROVED_NOT_YET_ADMITTED
TP07F497,06:B744:0:1:1,0x033744,D018,BNE,REL8,UNKNOWN,UNKNOWN,NONE,V05C-contexts.csv,SOURCE_PROVED_NOT_YET_ADMITTED
TP07F497,06:B746:0:1:1,0x033746,AD5119,LDA,ABS,UNKNOWN,1,DBR:1951,V05C-contexts.csv,SOURCE_PROVED_NOT_YET_ADMITTED
TP07F497,06:B749:0:1:1,0x033749,D003,BNE,REL8,UNKNOWN,UNKNOWN,NONE,V05C-contexts.csv,SOURCE_PROVED_NOT_YET_ADMITTED
TP07F497,06:B74B:0:1:1,0x03374B,82EE00,BRL,REL16,UNKNOWN,1,NONE,V05C-contexts.csv,SOURCE_PROVED_NOT_YET_ADMITTED
TP07F497,06:B74E:0:1:1,0x03374E,9C5119,STZ,ABS,UNKNOWN,0,DBR:1951,V05C-contexts.csv,SOURCE_PROVED_NOT_YET_ADMITTED
TP07F497,06:B751:0:1:1,0x033751,A907,LDA,IMM_M,UNKNOWN,0,NONE,V05C-contexts.csv,SOURCE_PROVED_NOT_YET_ADMITTED
TP07F497,06:B753:0:1:1,0x033753,220AED04,JSL,ABSL_JUMP,UNKNOWN,0,NONE,V05C-contexts.csv,SOURCE_PROVED_NOT_YET_ADMITTED
TP07F497,06:B757:0:1:1,0x033757,2210BC06,JSL,ABSL_JUMP,UNKNOWN|0|1,UNKNOWN|0|1,NONE,V05C-contexts.csv,SOURCE_PROVED_NOT_YET_ADMITTED
TP07F497,06:B75B:0:0:0,0x03375B,82DE00,BRL,REL16,UNKNOWN,UNKNOWN,NONE,V05C-contexts.csv,SOURCE_PROVED_NOT_YET_ADMITTED
TP07F497,06:B75E:0:1:1,0x03375E,AD4707,LDA,ABS,UNKNOWN,0,DBR:0747,V05C-contexts.csv,SOURCE_PROVED_NOT_YET_ADMITTED
TP07F497,06:B761:0:1:1,0x033761,C940,CMP,IMM_M,UNKNOWN,UNKNOWN,NONE,V05C-contexts.csv,SOURCE_PROVED_NOT_YET_ADMITTED
TP07F497,06:B763:0:1:1,0x033763,F003,BEQ,REL8,UNKNOWN,UNKNOWN,NONE,V05C-contexts.csv,SOURCE_PROVED_NOT_YET_ADMITTED
TP07F497,06:B765:0:1:1,0x033765,82D400,BRL,REL16,UNKNOWN,0,NONE,V05C-contexts.csv,SOURCE_PROVED_NOT_YET_ADMITTED
TP07F497,06:B768:0:1:1,0x033768,AD5119,LDA,ABS,UNKNOWN,1,DBR:1951,V05C-contexts.csv,SOURCE_PROVED_NOT_YET_ADMITTED
TP07F497,06:B76B:0:1:1,0x03376B,F003,BEQ,REL8,UNKNOWN,UNKNOWN,NONE,V05C-contexts.csv,SOURCE_PROVED_NOT_YET_ADMITTED
TP07F497,06:B76D:0:1:1,0x03376D,82E5F4,BRL,REL16,UNKNOWN,0,NONE,V05C-contexts.csv,SOURCE_PROVED_NOT_YET_ADMITTED
TP07F497,06:B770:0:1:1,0x033770,A901,LDA,IMM_M,UNKNOWN,1,NONE,V05C-contexts.csv,SOURCE_PROVED_NOT_YET_ADMITTED
TP07F497,06:B772:0:1:1,0x033772,2214ED04,JSL,ABSL_JUMP,UNKNOWN,0,NONE,V05C-contexts.csv,SOURCE_PROVED_NOT_YET_ADMITTED
TP07F497,06:B776:0:1:1,0x033776,E210,SEP,IMM8,1,UNKNOWN,NONE,V05C-contexts.csv,SOURCE_PROVED_NOT_YET_ADMITTED
TP07F497,06:B778:0:1:1,0x033778,C220,REP,IMM8,1,UNKNOWN,NONE,V05C-contexts.csv,SOURCE_PROVED_NOT_YET_ADMITTED
TP07F497,06:B77A:0:0:1,0x03377A,AD3414,LDA,ABS,1,UNKNOWN,DBR:1434,V05C-contexts.csv,SOURCE_PROVED_NOT_YET_ADMITTED
TP07F497,06:B77D:0:0:1,0x03377D,229DC200,JSL,ABSL_JUMP,1,UNKNOWN,NONE,V05C-contexts.csv,SOURCE_PROVED_NOT_YET_ADMITTED
TP07F497,06:B781:0:0:1,0x033781,8D4900,STA,ABS,UNKNOWN,UNKNOWN,DBR:0049,V05C-contexts.csv,SOURCE_PROVED_NOT_YET_ADMITTED
TP07F497,06:B784:0:0:1,0x033784,8E4B00,STX,ABS,UNKNOWN,UNKNOWN,DBR:004B,V05C-contexts.csv,SOURCE_PROVED_NOT_YET_ADMITTED
TP07F497,06:B787:0:0:1,0x033787,E230,SEP,IMM8,UNKNOWN,UNKNOWN,NONE,V05C-contexts.csv,SOURCE_PROVED_NOT_YET_ADMITTED
TP07F497,06:B789:0:1:1,0x033789,A05A,LDY,IMM_X,UNKNOWN,UNKNOWN,NONE,V05C-contexts.csv,SOURCE_PROVED_NOT_YET_ADMITTED
TP07F497,06:B78B:0:1:1,0x03378B,B749,LDA,DP_IND_LONG_Y,UNKNOWN,0,NONE,V05C-contexts.csv,SOURCE_PROVED_NOT_YET_ADMITTED
TP07F497,06:B78D:0:1:1,0x03378D,C901,CMP,IMM_M,UNKNOWN,UNKNOWN,NONE,V05C-contexts.csv,SOURCE_PROVED_NOT_YET_ADMITTED
TP07F497,06:B78F:0:1:1,0x03378F,D00C,BNE,REL8,UNKNOWN,UNKNOWN,NONE,V05C-contexts.csv,SOURCE_PROVED_NOT_YET_ADMITTED
TP07F497,06:B791:0:1:1,0x033791,C230,REP,IMM8,UNKNOWN,1,NONE,V05C-contexts.csv,SOURCE_PROVED_NOT_YET_ADMITTED
TP07F497,06:B793:0:0:0,0x033793,A0AE00,LDY,IMM_X,UNKNOWN,1,NONE,V05C-contexts.csv,SOURCE_PROVED_NOT_YET_ADMITTED
TP07F497,06:B796:0:0:0,0x033796,B75B,LDA,DP_IND_LONG_Y,UNKNOWN,0,NONE,V05C-contexts.csv,SOURCE_PROVED_NOT_YET_ADMITTED
TP07F497,06:B798:0:0:0,0x033798,3A,DEC,ACC,UNKNOWN,UNKNOWN,NONE,V05C-contexts.csv,SOURCE_PROVED_NOT_YET_ADMITTED
TP07F497,06:B799:0:0:0,0x033799,975B,STA,DP_IND_LONG_Y,UNKNOWN,UNKNOWN,NONE,V05C-contexts.csv,SOURCE_PROVED_NOT_YET_ADMITTED
TP07F497,06:B79B:0:0:0,0x03379B,804E,BRA,REL8,UNKNOWN,UNKNOWN,NONE,V05C-contexts.csv,SOURCE_PROVED_NOT_YET_ADMITTED
TP07F497,06:B79D:0:1:1,0x03379D,C900,CMP,IMM_M,UNKNOWN,0,NONE,V05C-contexts.csv,SOURCE_PROVED_NOT_YET_ADMITTED
TP07F497,06:B79F:0:1:1,0x03379F,D00C,BNE,REL8,UNKNOWN,UNKNOWN,NONE,V05C-contexts.csv,SOURCE_PROVED_NOT_YET_ADMITTED
TP07F497,06:B7A1:0:1:1,0x0337A1,C230,REP,IMM8,UNKNOWN,1,NONE,V05C-contexts.csv,SOURCE_PROVED_NOT_YET_ADMITTED
TP07F497,06:B7A3:0:0:0,0x0337A3,A0B200,LDY,IMM_X,UNKNOWN,1,NONE,V05C-contexts.csv,SOURCE_PROVED_NOT_YET_ADMITTED
TP07F497,06:B7A6:0:0:0,0x0337A6,B75B,LDA,DP_IND_LONG_Y,UNKNOWN,0,NONE,V05C-contexts.csv,SOURCE_PROVED_NOT_YET_ADMITTED
TP07F497,06:B7A8:0:0:0,0x0337A8,3A,DEC,ACC,UNKNOWN,UNKNOWN,NONE,V05C-contexts.csv,SOURCE_PROVED_NOT_YET_ADMITTED
TP07F497,06:B7A9:0:0:0,0x0337A9,975B,STA,DP_IND_LONG_Y,UNKNOWN,UNKNOWN,NONE,V05C-contexts.csv,SOURCE_PROVED_NOT_YET_ADMITTED
TP07F497,06:B7AB:0:0:0,0x0337AB,803E,BRA,REL8,UNKNOWN,UNKNOWN,NONE,V05C-contexts.csv,SOURCE_PROVED_NOT_YET_ADMITTED
TP07F497,06:B7AD:0:1:1,0x0337AD,C902,CMP,IMM_M,UNKNOWN,0,NONE,V05C-contexts.csv,SOURCE_PROVED_NOT_YET_ADMITTED
TP07F497,06:B7AF:0:1:1,0x0337AF,D03A,BNE,REL8,UNKNOWN,UNKNOWN,NONE,V05C-contexts.csv,SOURCE_PROVED_NOT_YET_ADMITTED
TP07F497,06:B7B1:0:1:1,0x0337B1,C230,REP,IMM8,UNKNOWN,1,NONE,V05C-contexts.csv,SOURCE_PROVED_NOT_YET_ADMITTED
TP07F497,06:B7B3:0:0:0,0x0337B3,A0AA00,LDY,IMM_X,UNKNOWN,1,NONE,V05C-contexts.csv,SOURCE_PROVED_NOT_YET_ADMITTED
TP07F497,06:B7B6:0:0:0,0x0337B6,B75B,LDA,DP_IND_LONG_Y,UNKNOWN,0,NONE,V05C-contexts.csv,SOURCE_PROVED_NOT_YET_ADMITTED
TP07F497,06:B7B8:0:0:0,0x0337B8,3A,DEC,ACC,UNKNOWN,UNKNOWN,NONE,V05C-contexts.csv,SOURCE_PROVED_NOT_YET_ADMITTED
TP07F497,06:B7B9:0:0:0,0x0337B9,975B,STA,DP_IND_LONG_Y,UNKNOWN,UNKNOWN,NONE,V05C-contexts.csv,SOURCE_PROVED_NOT_YET_ADMITTED
TP07F497,06:B7BB:0:0:0,0x0337BB,C230,REP,IMM8,UNKNOWN,UNKNOWN,NONE,V05C-contexts.csv,SOURCE_PROVED_NOT_YET_ADMITTED
TP07F497,06:B7BD:0:0:0,0x0337BD,A01A00,LDY,IMM_X,UNKNOWN,UNKNOWN,NONE,V05C-contexts.csv,SOURCE_PROVED_NOT_YET_ADMITTED
TP07F497,06:B7C0:0:0:0,0x0337C0,B749,LDA,DP_IND_LONG_Y,UNKNOWN,0,NONE,V05C-contexts.csv,SOURCE_PROVED_NOT_YET_ADMITTED
TP07F497,06:B7C2:0:0:0,0x0337C2,229DC200,JSL,ABSL_JUMP,UNKNOWN,UNKNOWN,NONE,V05C-contexts.csv,SOURCE_PROVED_NOT_YET_ADMITTED
TP07F497,06:B7C6:0:0:1,0x0337C6,8D6400,STA,ABS,UNKNOWN,UNKNOWN,DBR:0064,V05C-contexts.csv,SOURCE_PROVED_NOT_YET_ADMITTED
TP07F497,06:B7C9:0:0:1,0x0337C9,8E6600,STX,ABS,UNKNOWN,UNKNOWN,DBR:0066,V05C-contexts.csv,SOURCE_PROVED_NOT_YET_ADMITTED
TP07F497,06:B7CC:0:0:1,0x0337CC,E230,SEP,IMM8,UNKNOWN,UNKNOWN,NONE,V05C-contexts.csv,SOURCE_PROVED_NOT_YET_ADMITTED
TP07F497,06:B7CE:0:1:1,0x0337CE,A008,LDY,IMM_X,UNKNOWN,UNKNOWN,NONE,V05C-contexts.csv,SOURCE_PROVED_NOT_YET_ADMITTED
TP07F497,06:B7D0:0:1:1,0x0337D0,B764,LDA,DP_IND_LONG_Y,UNKNOWN,0,NONE,V05C-contexts.csv,SOURCE_PROVED_NOT_YET_ADMITTED
TP07F497,06:B7D2:0:1:1,0x0337D2,C904,CMP,IMM_M,UNKNOWN,UNKNOWN,NONE,V05C-contexts.csv,SOURCE_PROVED_NOT_YET_ADMITTED
TP07F497,06:B7D4:0:1:1,0x0337D4,D015,BNE,REL8,UNKNOWN,UNKNOWN,NONE,V05C-contexts.csv,SOURCE_PROVED_NOT_YET_ADMITTED
TP07F497,06:B7D6:0:1:1,0x0337D6,A04D,LDY,IMM_X,UNKNOWN,1,NONE,V05C-contexts.csv,SOURCE_PROVED_NOT_YET_ADMITTED
TP07F497,06:B7D8:0:1:1,0x0337D8,A901,LDA,IMM_M,UNKNOWN,0,NONE,V05C-contexts.csv,SOURCE_PROVED_NOT_YET_ADMITTED
TP07F497,06:B7DA:0:1:1,0x0337DA,9764,STA,DP_IND_LONG_Y,UNKNOWN,0,NONE,V05C-contexts.csv,SOURCE_PROVED_NOT_YET_ADMITTED
TP07F497,06:B7DC:0:1:1,0x0337DC,C230,REP,IMM8,UNKNOWN,0,NONE,V05C-contexts.csv,SOURCE_PROVED_NOT_YET_ADMITTED
TP07F497,06:B7DE:0:0:0,0x0337DE,A02300,LDY,IMM_X,UNKNOWN,0,NONE,V05C-contexts.csv,SOURCE_PROVED_NOT_YET_ADMITTED
TP07F497,06:B7E1:0:0:0,0x0337E1,A90000,LDA,IMM_M,UNKNOWN,0,NONE,V05C-contexts.csv,SOURCE_PROVED_NOT_YET_ADMITTED
TP07F497,06:B7E4:0:0:0,0x0337E4,9764,STA,DP_IND_LONG_Y,UNKNOWN,1,NONE,V05C-contexts.csv,SOURCE_PROVED_NOT_YET_ADMITTED
TP07F497,06:B7E6:0:0:0,0x0337E6,A04F00,LDY,IMM_X,UNKNOWN,1,NONE,V05C-contexts.csv,SOURCE_PROVED_NOT_YET_ADMITTED
TP07F497,06:B7E9:0:0:0,0x0337E9,9764,STA,DP_IND_LONG_Y,UNKNOWN,0,NONE,V05C-contexts.csv,SOURCE_PROVED_NOT_YET_ADMITTED
TP07F497,06:B7EB:0:0:0,0x0337EB,E210,SEP,IMM8,UNKNOWN,UNKNOWN|0,NONE,V05C-contexts.csv,SOURCE_PROVED_NOT_YET_ADMITTED
TP07F497,06:B7EB:0:1:1,0x0337EB,E210,SEP,IMM8,UNKNOWN,0,NONE,V05C-contexts.csv,SOURCE_PROVED_NOT_YET_ADMITTED
TP07F497,06:B7ED:0:0:1,0x0337ED,C220,REP,IMM8,UNKNOWN,UNKNOWN|0,NONE,V05C-contexts.csv,SOURCE_PROVED_NOT_YET_ADMITTED
TP07F497,06:B7ED:0:1:1,0x0337ED,C220,REP,IMM8,UNKNOWN,0,NONE,V05C-contexts.csv,SOURCE_PROVED_NOT_YET_ADMITTED
TP07F497,06:B7EF:0:0:1,0x0337EF,A0A2,LDY,IMM_X,UNKNOWN,UNKNOWN|0,NONE,V05C-contexts.csv,SOURCE_PROVED_NOT_YET_ADMITTED
TP07F497,06:B7F1:0:0:1,0x0337F1,B75B,LDA,DP_IND_LONG_Y,UNKNOWN,0,NONE,V05C-contexts.csv,SOURCE_PROVED_NOT_YET_ADMITTED
TP07F497,06:B7F3:0:0:1,0x0337F3,3A,DEC,ACC,UNKNOWN,UNKNOWN,NONE,V05C-contexts.csv,SOURCE_PROVED_NOT_YET_ADMITTED
TP07F497,06:B7F4:0:0:1,0x0337F4,975B,STA,DP_IND_LONG_Y,UNKNOWN,UNKNOWN,NONE,V05C-contexts.csv,SOURCE_PROVED_NOT_YET_ADMITTED
TP07F497,06:B7F6:0:0:1,0x0337F6,C230,REP,IMM8,UNKNOWN,UNKNOWN,NONE,V05C-contexts.csv,SOURCE_PROVED_NOT_YET_ADMITTED
TP07F497,06:B7F8:0:0:0,0x0337F8,A90600,LDA,IMM_M,UNKNOWN,UNKNOWN,NONE,V05C-contexts.csv,SOURCE_PROVED_NOT_YET_ADMITTED
TP07F497,06:B7FB:0:0:0,0x0337FB,8D8A07,STA,ABS,UNKNOWN,0,DBR:078A,V05C-contexts.csv,SOURCE_PROVED_NOT_YET_ADMITTED
TP07F497,06:B7FE:0:0:0,0x0337FE,A07E00,LDY,IMM_X,UNKNOWN,0,NONE,V05C-contexts.csv,SOURCE_PROVED_NOT_YET_ADMITTED
TP07F497,06:B801:0:0:0,0x033801,9749,STA,DP_IND_LONG_Y,UNKNOWN,0,NONE,V05C-contexts.csv,SOURCE_PROVED_NOT_YET_ADMITTED
TP07F497,06:B803:0:0:0,0x033803,8D8E07,STA,ABS,UNKNOWN,0,DBR:078E,V05C-contexts.csv,SOURCE_PROVED_NOT_YET_ADMITTED
TP07F497,06:B806:0:0:0,0x033806,A90000,LDA,IMM_M,UNKNOWN,0,NONE,V05C-contexts.csv,SOURCE_PROVED_NOT_YET_ADMITTED
TP07F497,06:B809:0:0:0,0x033809,38,SEC,IMP,UNKNOWN,1,NONE,V05C-contexts.csv,SOURCE_PROVED_NOT_YET_ADMITTED
TP07F497,06:B80A:0:0:0,0x03380A,ED8E07,SBC,ABS,1,1,DBR:078E,V05C-contexts.csv,SOURCE_PROVED_NOT_YET_ADMITTED
TP07F497,06:B80D:0:0:0,0x03380D,8D8E07,STA,ABS,UNKNOWN,UNKNOWN,DBR:078E,V05C-contexts.csv,SOURCE_PROVED_NOT_YET_ADMITTED
TP07F497,06:B810:0:0:0,0x033810,A9FFFF,LDA,IMM_M,UNKNOWN,UNKNOWN,NONE,V05C-contexts.csv,SOURCE_PROVED_NOT_YET_ADMITTED
TP07F497,06:B813:0:0:0,0x033813,8D9007,STA,ABS,UNKNOWN,0,DBR:0790,V05C-contexts.csv,SOURCE_PROVED_NOT_YET_ADMITTED
TP07F497,06:B816:0:0:0,0x033816,22B99F07,JSL,ABSL_JUMP,UNKNOWN,0,NONE,V05C-contexts.csv,SOURCE_PROVED_NOT_YET_ADMITTED
TP07F497,06:B81A:0:1:1,0x03381A,E210,SEP,IMM8,UNKNOWN,UNKNOWN,NONE,V05C-contexts.csv,SOURCE_PROVED_NOT_YET_ADMITTED
TP07F497,06:B81C:0:1:1,0x03381C,C220,REP,IMM8,UNKNOWN,UNKNOWN,NONE,V05C-contexts.csv,SOURCE_PROVED_NOT_YET_ADMITTED
TP07F497,06:B81E:0:0:1,0x03381E,AD4900,LDA,ABS,UNKNOWN,UNKNOWN,DBR:0049,V05C-contexts.csv,SOURCE_PROVED_NOT_YET_ADMITTED
TP07F497,06:B821:0:0:1,0x033821,8D8A07,STA,ABS,UNKNOWN,UNKNOWN,DBR:078A,V05C-contexts.csv,SOURCE_PROVED_NOT_YET_ADMITTED
TP07F497,06:B824:0:0:1,0x033824,AE4B00,LDX,ABS,UNKNOWN,UNKNOWN,DBR:004B,V05C-contexts.csv,SOURCE_PROVED_NOT_YET_ADMITTED
TP07F497,06:B827:0:0:1,0x033827,8E8C07,STX,ABS,UNKNOWN,UNKNOWN,DBR:078C,V05C-contexts.csv,SOURCE_PROVED_NOT_YET_ADMITTED
TP07F497,06:B82A:0:0:1,0x03382A,227F8707,JSL,ABSL_JUMP,UNKNOWN,UNKNOWN,NONE,V05C-contexts.csv,SOURCE_PROVED_NOT_YET_ADMITTED
TP07F497,06:B82E:0:0:1,0x03382E,C230,REP,IMM8,UNKNOWN,UNKNOWN,NONE,V05C-contexts.csv,SOURCE_PROVED_NOT_YET_ADMITTED
TP07F497,06:B830:0:0:0,0x033830,A90100,LDA,IMM_M,UNKNOWN,UNKNOWN,NONE,V05C-contexts.csv,SOURCE_PROVED_NOT_YET_ADMITTED
TP07F497,06:B833:0:0:0,0x033833,8D0B04,STA,ABS,UNKNOWN,0,DBR:040B,V05C-contexts.csv,SOURCE_PROVED_NOT_YET_ADMITTED
TP07F497,06:B836:0:0:0,0x033836,AD3614,LDA,ABS,UNKNOWN,0,DBR:1436,V05C-contexts.csv,SOURCE_PROVED_NOT_YET_ADMITTED
TP07F497,06:B839:0:0:0,0x033839,8D0A08,STA,ABS,UNKNOWN,UNKNOWN,DBR:080A,V05C-contexts.csv,SOURCE_PROVED_NOT_YET_ADMITTED
TP07F497,06:B83C:0:0:0,0x03383C,C230,REP,IMM8,UNKNOWN|0|1,UNKNOWN|0|1,NONE,V05C-contexts.csv,SOURCE_PROVED_NOT_YET_ADMITTED
TP07F497,06:B83C:0:0:1,0x03383C,C230,REP,IMM8,UNKNOWN|0|1,UNKNOWN|0|1,NONE,V05C-contexts.csv,SOURCE_PROVED_NOT_YET_ADMITTED
TP07F497,06:B83C:0:1:0,0x03383C,C230,REP,IMM8,UNKNOWN|0|1,UNKNOWN|0|1,NONE,V05C-contexts.csv,SOURCE_PROVED_NOT_YET_ADMITTED
TP07F497,06:B83C:0:1:1,0x03383C,C230,REP,IMM8,UNKNOWN|0|1,UNKNOWN|0|1,NONE,V05C-contexts.csv,SOURCE_PROVED_NOT_YET_ADMITTED
TP07F497,06:B83E:0:0:0,0x03383E,AD0B04,LDA,ABS,UNKNOWN|0|1,UNKNOWN|0|1,DBR:040B,V05C-contexts.csv,SOURCE_PROVED_NOT_YET_ADMITTED
TP07F497,06:B841:0:0:0,0x033841,C90100,CMP,IMM_M,UNKNOWN|0|1,UNKNOWN,NONE,V05C-contexts.csv,SOURCE_PROVED_NOT_YET_ADMITTED
TP07F497,06:B844:0:0:0,0x033844,F003,BEQ,REL8,UNKNOWN,UNKNOWN,NONE,V05C-contexts.csv,SOURCE_PROVED_NOT_YET_ADMITTED
TP07F497,06:B846:0:0:0,0x033846,82B200,BRL,REL16,UNKNOWN,0,NONE,V05C-contexts.csv,SOURCE_PROVED_NOT_YET_ADMITTED
TP07F497,06:B849:0:0:0,0x033849,E230,SEP,IMM8,UNKNOWN,1,NONE,V05C-contexts.csv,SOURCE_PROVED_NOT_YET_ADMITTED
TP07F497,06:B84B:0:1:1,0x03384B,A901,LDA,IMM_M,UNKNOWN,1,NONE,V05C-contexts.csv,SOURCE_PROVED_NOT_YET_ADMITTED
TP07F497,06:B84D:0:1:1,0x03384D,8D5119,STA,ABS,UNKNOWN,0,DBR:1951,V05C-contexts.csv,SOURCE_PROVED_NOT_YET_ADMITTED
TP07F497,06:B850:0:1:1,0x033850,2218850C,JSL,ABSL_JUMP,UNKNOWN,0,NONE,V05C-contexts.csv,SOURCE_PROVED_NOT_YET_ADMITTED
TP07F497,06:B854:0:1:1,0x033854,C230,REP,IMM8,UNKNOWN|0|1,0|1,NONE,V05C-contexts.csv,SOURCE_PROVED_NOT_YET_ADMITTED
TP07F497,06:B856:0:0:0,0x033856,AD0A08,LDA,ABS,UNKNOWN|0|1,0|1,DBR:080A,V05C-contexts.csv,SOURCE_PROVED_NOT_YET_ADMITTED
TP07F497,06:B859:0:0:0,0x033859,C91100,CMP,IMM_M,UNKNOWN|0|1,UNKNOWN,NONE,V05C-contexts.csv,SOURCE_PROVED_NOT_YET_ADMITTED
TP07F497,06:B85C:0:0:0,0x03385C,D04D,BNE,REL8,UNKNOWN,UNKNOWN,NONE,V05C-contexts.csv,SOURCE_PROVED_NOT_YET_ADMITTED
TP07F497,06:B85E:0:0:0,0x03385E,AD3414,LDA,ABS,UNKNOWN,1,DBR:1434,V05C-contexts.csv,SOURCE_PROVED_NOT_YET_ADMITTED
TP07F497,06:B861:0:0:0,0x033861,229DC200,JSL,ABSL_JUMP,UNKNOWN,UNKNOWN,NONE,V05C-contexts.csv,SOURCE_PROVED_NOT_YET_ADMITTED
TP07F497,06:B865:0:0:1,0x033865,8D4900,STA,ABS,UNKNOWN,UNKNOWN,DBR:0049,V05C-contexts.csv,SOURCE_PROVED_NOT_YET_ADMITTED
TP07F497,06:B868:0:0:1,0x033868,8E4B00,STX,ABS,UNKNOWN,UNKNOWN,DBR:004B,V05C-contexts.csv,SOURCE_PROVED_NOT_YET_ADMITTED
TP07F497,06:B86B:0:0:1,0x03386B,E230,SEP,IMM8,UNKNOWN,UNKNOWN,NONE,V05C-contexts.csv,SOURCE_PROVED_NOT_YET_ADMITTED
TP07F497,06:B86D:0:1:1,0x03386D,A092,LDY,IMM_X,UNKNOWN,UNKNOWN,NONE,V05C-contexts.csv,SOURCE_PROVED_NOT_YET_ADMITTED
TP07F497,06:B86F:0:1:1,0x03386F,B749,LDA,DP_IND_LONG_Y,UNKNOWN,0,NONE,V05C-contexts.csv,SOURCE_PROVED_NOT_YET_ADMITTED
TP07F497,06:B871:0:1:1,0x033871,AA,TAX,IMP,UNKNOWN,UNKNOWN,NONE,V05C-contexts.csv,SOURCE_PROVED_NOT_YET_ADMITTED
TP07F497,06:B872:0:1:1,0x033872,A00B,LDY,IMM_X,UNKNOWN,UNKNOWN,NONE,V05C-contexts.csv,SOURCE_PROVED_NOT_YET_ADMITTED
TP07F497,06:B874:0:1:1,0x033874,B749,LDA,DP_IND_LONG_Y,UNKNOWN,0,NONE,V05C-contexts.csv,SOURCE_PROVED_NOT_YET_ADMITTED
TP07F497,06:B876:0:1:1,0x033876,18,CLC,IMP,UNKNOWN,UNKNOWN,NONE,V05C-contexts.csv,SOURCE_PROVED_NOT_YET_ADMITTED
TP07F497,06:B877:0:1:1,0x033877,7F4E9305,ADC,ABSL_X,0,UNKNOWN,05:934E+X,V05C-contexts.csv,SOURCE_PROVED_NOT_YET_ADMITTED
TP07F497,06:B87B:0:1:1,0x03387B,8D5407,STA,ABS,UNKNOWN,UNKNOWN,DBR:0754,V05C-contexts.csv,SOURCE_PROVED_NOT_YET_ADMITTED
TP07F497,06:B87E:0:1:1,0x03387E,A00D,LDY,IMM_X,UNKNOWN,UNKNOWN,NONE,V05C-contexts.csv,SOURCE_PROVED_NOT_YET_ADMITTED
TP07F497,06:B880:0:1:1,0x033880,B749,LDA,DP_IND_LONG_Y,UNKNOWN,0,NONE,V05C-contexts.csv,SOURCE_PROVED_NOT_YET_ADMITTED
TP07F497,06:B882:0:1:1,0x033882,18,CLC,IMP,UNKNOWN,UNKNOWN,NONE,V05C-contexts.csv,SOURCE_PROVED_NOT_YET_ADMITTED
TP07F497,06:B883:0:1:1,0x033883,7F5E9305,ADC,ABSL_X,0,UNKNOWN,05:935E+X,V05C-contexts.csv,SOURCE_PROVED_NOT_YET_ADMITTED
TP07F497,06:B887:0:1:1,0x033887,8D5507,STA,ABS,UNKNOWN,UNKNOWN,DBR:0755,V05C-contexts.csv,SOURCE_PROVED_NOT_YET_ADMITTED
TP07F497,06:B88A:0:1:1,0x03388A,A240,LDX,IMM_X,UNKNOWN,UNKNOWN,NONE,V05C-contexts.csv,SOURCE_PROVED_NOT_YET_ADMITTED
TP07F497,06:B88C:0:1:1,0x03388C,8D0242,STA,ABS,UNKNOWN,0,DBR:4202,V05C-contexts.csv,SOURCE_PROVED_NOT_YET_ADMITTED
TP07F497,06:B88F:0:1:1,0x03388F,8E0342,STX,ABS,UNKNOWN,0,DBR:4203,V05C-contexts.csv,SOURCE_PROVED_NOT_YET_ADMITTED
TP07F497,06:B892:0:1:1,0x033892,EA,NOP,IMP,UNKNOWN,0,NONE,V05C-contexts.csv,SOURCE_PROVED_NOT_YET_ADMITTED
TP07F497,06:B893:0:1:1,0x033893,EA,NOP,IMP,UNKNOWN,0,NONE,V05C-contexts.csv,SOURCE_PROVED_NOT_YET_ADMITTED
TP07F497,06:B894:0:1:1,0x033894,EA,NOP,IMP,UNKNOWN,0,NONE,V05C-contexts.csv,SOURCE_PROVED_NOT_YET_ADMITTED
TP07F497,06:B895:0:1:1,0x033895,EA,NOP,IMP,UNKNOWN,0,NONE,V05C-contexts.csv,SOURCE_PROVED_NOT_YET_ADMITTED
TP07F497,06:B896:0:1:1,0x033896,C230,REP,IMM8,UNKNOWN,0,NONE,V05C-contexts.csv,SOURCE_PROVED_NOT_YET_ADMITTED
TP07F497,06:B898:0:0:0,0x033898,AD1642,LDA,ABS,UNKNOWN,0,DBR:4216,V05C-contexts.csv,SOURCE_PROVED_NOT_YET_ADMITTED
TP07F497,06:B89B:0:0:0,0x03389B,8D5807,STA,ABS,UNKNOWN,UNKNOWN,DBR:0758,V05C-contexts.csv,SOURCE_PROVED_NOT_YET_ADMITTED
TP07F497,06:B89E:0:0:0,0x03389E,AD5407,LDA,ABS,UNKNOWN,UNKNOWN,DBR:0754,V05C-contexts.csv,SOURCE_PROVED_NOT_YET_ADMITTED
TP07F497,06:B8A1:0:0:0,0x0338A1,29FF00,AND,IMM_M,UNKNOWN,UNKNOWN,NONE,V05C-contexts.csv,SOURCE_PROVED_NOT_YET_ADMITTED
TP07F497,06:B8A4:0:0:0,0x0338A4,18,CLC,IMP,UNKNOWN,UNKNOWN,NONE,V05C-contexts.csv,SOURCE_PROVED_NOT_YET_ADMITTED
TP07F497,06:B8A5:0:0:0,0x0338A5,6D5807,ADC,ABS,0,UNKNOWN,DBR:0758,V05C-contexts.csv,SOURCE_PROVED_NOT_YET_ADMITTED
TP07F497,06:B8A8:0:0:0,0x0338A8,8D0808,STA,ABS,UNKNOWN,UNKNOWN,DBR:0808,V05C-contexts.csv,SOURCE_PROVED_NOT_YET_ADMITTED
TP07F497,06:B8AB:0:0:0,0x0338AB,C230,REP,IMM8,UNKNOWN,UNKNOWN|0,NONE,V05C-contexts.csv,SOURCE_PROVED_NOT_YET_ADMITTED
TP07F497,06:B8AD:0:0:0,0x0338AD,A90000,LDA,IMM_M,UNKNOWN,UNKNOWN|0,NONE,V05C-contexts.csv,SOURCE_PROVED_NOT_YET_ADMITTED
TP07F497,06:B8B0:0:0:0,0x0338B0,8D0A07,STA,ABS,UNKNOWN,1,DBR:070A,V05C-contexts.csv,SOURCE_PROVED_NOT_YET_ADMITTED
TP07F497,06:B8B3:0:0:0,0x0338B3,E230,SEP,IMM8,UNKNOWN,1,NONE,V05C-contexts.csv,SOURCE_PROVED_NOT_YET_ADMITTED
TP07F497,06:B8B5:0:1:1,0x0338B5,A901,LDA,IMM_M,UNKNOWN,1,NONE,V05C-contexts.csv,SOURCE_PROVED_NOT_YET_ADMITTED
TP07F497,06:B8B7:0:1:1,0x0338B7,8D4E07,STA,ABS,UNKNOWN,0,DBR:074E,V05C-contexts.csv,SOURCE_PROVED_NOT_YET_ADMITTED
TP07F497,06:B8BA:0:1:1,0x0338BA,8D0C08,STA,ABS,UNKNOWN,0,DBR:080C,V05C-contexts.csv,SOURCE_PROVED_NOT_YET_ADMITTED
TP07F497,06:B8BD:0:1:1,0x0338BD,A980,LDA,IMM_M,UNKNOWN,0,NONE,V05C-contexts.csv,SOURCE_PROVED_NOT_YET_ADMITTED
TP07F497,06:B8BF:0:1:1,0x0338BF,8D2F04,STA,ABS,UNKNOWN,0,DBR:042F,V05C-contexts.csv,SOURCE_PROVED_NOT_YET_ADMITTED
TP07F497,06:B8C2:0:1:1,0x0338C2,A976,LDA,IMM_M,UNKNOWN,0,NONE,V05C-contexts.csv,SOURCE_PROVED_NOT_YET_ADMITTED
TP07F497,06:B8C4:0:1:1,0x0338C4,8D3004,STA,ABS,UNKNOWN,0,DBR:0430,V05C-contexts.csv,SOURCE_PROVED_NOT_YET_ADMITTED
TP07F497,06:B8C7:0:1:1,0x0338C7,22478307,JSL,ABSL_JUMP,UNKNOWN,0,NONE,V05C-contexts.csv,SOURCE_PROVED_NOT_YET_ADMITTED
TP07F497,06:B8CB:0:0:0,0x0338CB,22598007,JSL,ABSL_JUMP,UNKNOWN|0|1,UNKNOWN,NONE,V05C-contexts.csv,SOURCE_PROVED_NOT_YET_ADMITTED
TP07F497,06:B8CF:0:1:1,0x0338CF,221C840C,JSL,ABSL_JUMP,UNKNOWN,0,NONE,V05C-contexts.csv,SOURCE_PROVED_NOT_YET_ADMITTED
TP07F497,06:B8D3:0:1:0,0x0338D3,22308207,JSL,ABSL_JUMP,UNKNOWN,0,NONE,V05C-contexts.csv,SOURCE_PROVED_NOT_YET_ADMITTED
TP07F497,06:B8D7:0:0:1,0x0338D7,2209890C,JSL,ABSL_JUMP,UNKNOWN,0,NONE,V05C-contexts.csv,SOURCE_PROVED_NOT_YET_ADMITTED
TP07F497,06:B8DB:0:1:0,0x0338DB,E220,SEP,IMM8,UNKNOWN,0,NONE,V05C-contexts.csv,SOURCE_PROVED_NOT_YET_ADMITTED
TP07F497,06:B8DD:0:1:0,0x0338DD,C210,REP,IMM8,UNKNOWN,0,NONE,V05C-contexts.csv,SOURCE_PROVED_NOT_YET_ADMITTED
TP07F497,06:B8DF:0:1:0,0x0338DF,E230,SEP,IMM8,UNKNOWN,0,NONE,V05C-contexts.csv,SOURCE_PROVED_NOT_YET_ADMITTED
TP07F497,06:B8E1:0:1:1,0x0338E1,A901,LDA,IMM_M,UNKNOWN,0,NONE,V05C-contexts.csv,SOURCE_PROVED_NOT_YET_ADMITTED
TP07F497,06:B8E3:0:1:1,0x0338E3,8D4E07,STA,ABS,UNKNOWN,0,DBR:074E,V05C-contexts.csv,SOURCE_PROVED_NOT_YET_ADMITTED
TP07F497,06:B8E6:0:1:1,0x0338E6,8D0C08,STA,ABS,UNKNOWN,0,DBR:080C,V05C-contexts.csv,SOURCE_PROVED_NOT_YET_ADMITTED
TP07F497,06:B8E9:0:1:1,0x0338E9,8010,BRA,REL8,UNKNOWN,0,NONE,V05C-contexts.csv,SOURCE_PROVED_NOT_YET_ADMITTED
TP07F497,06:B8FB:0:0:0,0x0338FB,C230,REP,IMM8,UNKNOWN,0,NONE,V05C-contexts.csv,SOURCE_PROVED_NOT_YET_ADMITTED
TP07F497,06:B8FB:0:1:1,0x0338FB,C230,REP,IMM8,UNKNOWN,0,NONE,V05C-contexts.csv,SOURCE_PROVED_NOT_YET_ADMITTED
TP07F497,06:B8FD:0:0:0,0x0338FD,68,PLA,IMP,UNKNOWN,0,NONE,V05C-contexts.csv,SOURCE_PROVED_NOT_YET_ADMITTED
TP07F497,06:B8FE:0:0:0,0x0338FE,8D1504,STA,ABS,UNKNOWN,UNKNOWN,DBR:0415,V05C-contexts.csv,SOURCE_PROVED_NOT_YET_ADMITTED
TP07F497,06:B901:0:0:0,0x033901,68,PLA,IMP,UNKNOWN,UNKNOWN,NONE,V05C-contexts.csv,SOURCE_PROVED_NOT_YET_ADMITTED
TP07F497,06:B902:0:0:0,0x033902,8D0F04,STA,ABS,UNKNOWN,UNKNOWN,DBR:040F,V05C-contexts.csv,SOURCE_PROVED_NOT_YET_ADMITTED
TP07F497,06:B905:0:0:0,0x033905,68,PLA,IMP,UNKNOWN,UNKNOWN,NONE,V05C-contexts.csv,SOURCE_PROVED_NOT_YET_ADMITTED
TP07F497,06:B906:0:0:0,0x033906,8D0D04,STA,ABS,UNKNOWN,UNKNOWN,DBR:040D,V05C-contexts.csv,SOURCE_PROVED_NOT_YET_ADMITTED
TP07F497,06:B909:0:0:0,0x033909,68,PLA,IMP,UNKNOWN,UNKNOWN,NONE,V05C-contexts.csv,SOURCE_PROVED_NOT_YET_ADMITTED
TP07F497,06:B90A:0:0:0,0x03390A,8D0B04,STA,ABS,UNKNOWN,UNKNOWN,DBR:040B,V05C-contexts.csv,SOURCE_PROVED_NOT_YET_ADMITTED
TP07F497,06:B90D:0:0:0,0x03390D,E210,SEP,IMM8,UNKNOWN,UNKNOWN,NONE,V05C-contexts.csv,SOURCE_PROVED_NOT_YET_ADMITTED
TP07F497,06:B90F:0:0:1,0x03390F,C220,REP,IMM8,UNKNOWN,UNKNOWN,NONE,V05C-contexts.csv,SOURCE_PROVED_NOT_YET_ADMITTED
TP07F497,06:B911:0:0:1,0x033911,FA,PLX,IMP,UNKNOWN,UNKNOWN,NONE,V05C-contexts.csv,SOURCE_PROVED_NOT_YET_ADMITTED
TP07F497,06:B912:0:0:1,0x033912,8E2400,STX,ABS,UNKNOWN,UNKNOWN,DBR:0024,V05C-contexts.csv,SOURCE_PROVED_NOT_YET_ADMITTED
TP07F497,06:B915:0:0:1,0x033915,68,PLA,IMP,UNKNOWN,UNKNOWN,NONE,V05C-contexts.csv,SOURCE_PROVED_NOT_YET_ADMITTED
TP07F497,06:B916:0:0:1,0x033916,8D2200,STA,ABS,UNKNOWN,UNKNOWN,DBR:0022,V05C-contexts.csv,SOURCE_PROVED_NOT_YET_ADMITTED
TP07F497,06:B919:0:0:1,0x033919,FA,PLX,IMP,UNKNOWN,UNKNOWN,NONE,V05C-contexts.csv,SOURCE_PROVED_NOT_YET_ADMITTED
TP07F497,06:B91A:0:0:1,0x03391A,8E2100,STX,ABS,UNKNOWN,UNKNOWN,DBR:0021,V05C-contexts.csv,SOURCE_PROVED_NOT_YET_ADMITTED
TP07F497,06:B91D:0:0:1,0x03391D,68,PLA,IMP,UNKNOWN,UNKNOWN,NONE,V05C-contexts.csv,SOURCE_PROVED_NOT_YET_ADMITTED
TP07F497,06:B91E:0:0:1,0x03391E,8D1F00,STA,ABS,UNKNOWN,UNKNOWN,DBR:001F,V05C-contexts.csv,SOURCE_PROVED_NOT_YET_ADMITTED
TP07F497,06:B921:0:0:1,0x033921,FA,PLX,IMP,UNKNOWN,UNKNOWN,NONE,V05C-contexts.csv,SOURCE_PROVED_NOT_YET_ADMITTED
TP07F497,06:B922:0:0:1,0x033922,8E4B00,STX,ABS,UNKNOWN,UNKNOWN,DBR:004B,V05C-contexts.csv,SOURCE_PROVED_NOT_YET_ADMITTED
TP07F497,06:B925:0:0:1,0x033925,68,PLA,IMP,UNKNOWN,UNKNOWN,NONE,V05C-contexts.csv,SOURCE_PROVED_NOT_YET_ADMITTED
TP07F497,06:B926:0:0:1,0x033926,8D4900,STA,ABS,UNKNOWN,UNKNOWN,DBR:0049,V05C-contexts.csv,SOURCE_PROVED_NOT_YET_ADMITTED
TP07F497,06:B929:0:0:1,0x033929,FA,PLX,IMP,UNKNOWN,UNKNOWN,NONE,V05C-contexts.csv,SOURCE_PROVED_NOT_YET_ADMITTED
TP07F497,06:B92A:0:0:1,0x03392A,8E1B00,STX,ABS,UNKNOWN,UNKNOWN,DBR:001B,V05C-contexts.csv,SOURCE_PROVED_NOT_YET_ADMITTED
TP07F497,06:B92D:0:0:1,0x03392D,68,PLA,IMP,UNKNOWN,UNKNOWN,NONE,V05C-contexts.csv,SOURCE_PROVED_NOT_YET_ADMITTED
TP07F497,06:B92E:0:0:1,0x03392E,8D1900,STA,ABS,UNKNOWN,UNKNOWN,DBR:0019,V05C-contexts.csv,SOURCE_PROVED_NOT_YET_ADMITTED
TP07F497,06:B931:0:0:1,0x033931,FA,PLX,IMP,UNKNOWN,UNKNOWN,NONE,V05C-contexts.csv,SOURCE_PROVED_NOT_YET_ADMITTED
TP07F497,06:B932:0:0:1,0x033932,8E1800,STX,ABS,UNKNOWN,UNKNOWN,DBR:0018,V05C-contexts.csv,SOURCE_PROVED_NOT_YET_ADMITTED
TP07F497,06:B935:0:0:1,0x033935,68,PLA,IMP,UNKNOWN,UNKNOWN,NONE,V05C-contexts.csv,SOURCE_PROVED_NOT_YET_ADMITTED
TP07F497,06:B936:0:0:1,0x033936,8D1600,STA,ABS,UNKNOWN,UNKNOWN,DBR:0016,V05C-contexts.csv,SOURCE_PROVED_NOT_YET_ADMITTED
TP07F497,06:B939:0:0:1,0x033939,6B,RTL,IMP,UNKNOWN,UNKNOWN,NONE,V05C-contexts.csv,SOURCE_PROVED_NOT_YET_ADMITTED
