Form,Context_Count,Families,State
ADC:ABS,777,TP07F015;TP07F027;TP07F028;TP07F033;TP07F065;TP07F066;TP07F067;TP07F079;TP07F080;TP07F083;TP07F084;TP07F088;TP07F098;TP07F099;TP07F102;TP07F103;TP07F106;TP07F107;TP07F108;TP07F109;TP07F111;TP07F113;TP07F114;TP07F115;TP07F116;TP07F117;TP07F118;TP07F119;TP07F120;TP07F122;TP07F123;TP07F129;TP07F130;TP07F131;TP07F132;TP07F133;TP07F134;TP07F135;TP07F136;TP07F137;TP07F138;TP07F139;TP07F142;TP07F143;TP07F145;TP07F146;TP07F147;TP07F148;TP07F149;TP07F150;TP07F151;TP07F152;TP07F153;TP07F158;TP07F184;TP07F185;TP07F189;TP07F192;TP07F193;TP07F208;TP07F223;TP07F224;TP07F225;TP07F228;TP07F230;TP07F233;TP07F234;TP07F235;TP07F238;TP07F241;TP07F244;TP07F249;TP07F250;TP07F252;TP07F253;TP07F259;TP07F261;TP07F266;TP07F278;TP07F279;TP07F280;TP07F281;TP07F285;TP07F286;TP07F287;TP07F288;TP07F289;TP07F290;TP07F297;TP07F299;TP07F300;TP07F301;TP07F303;TP07F307;TP07F309;TP07F315;TP07F316;TP07F317;TP07F318;TP07F319;TP07F322;TP07F324;TP07F325;TP07F326;TP07F329;TP07F330;TP07F331;TP07F334;TP07F335;TP07F336;TP07F338;TP07F339;TP07F340;TP07F341;TP07F342;TP07F344;TP07F345;TP07F346;TP07F347;TP07F348;TP07F349;TP07F350;TP07F351;TP07F352;TP07F353;TP07F354;TP07F356;TP07F358;TP07F360;TP07F362;TP07F363;TP07F364;TP07F366;TP07F368;TP07F370;TP07F371;TP07F372;TP07F373;TP07F375;TP07F378;TP07F379;TP07F387;TP07F388;TP07F389;TP07F390;TP07F392;TP07F393;TP07F394;TP07F396;TP07F398;TP07F401;TP07F402;TP07F405;TP07F406;TP07F407;TP07F408;TP07F414;TP07F415;TP07F423;TP07F424;TP07F425;TP07F429;TP07F431;TP07F432;TP07F433;TP07F434;TP07F435;TP07F436;TP07F437;TP07F439;TP07F440;TP07F441;TP07F443;TP07F445;TP07F446;TP07F447;TP07F448;TP07F449;TP07F452;TP07F453;TP07F454;TP07F455;TP07F456;TP07F457;TP07F459;TP07F460;TP07F461;TP07F463;TP07F464;TP07F465;TP07F466;TP07F467;TP07F468;TP07F469;TP07F470;TP07F472;TP07F473;TP07F474;TP07F475;TP07F476;TP07F477;TP07F478;TP07F479;TP07F480;TP07F481;TP07F482;TP07F483;TP07F484;TP07F485;TP07F486;TP07F487;TP07F490;TP07F491;TP07F496;TP07F497;TP07F499;TP07F500;TP07F501;TP07F504,DIRECT_NATIVE_SOURCE_GENERATED
ADC:ABSL_X,12,TP07F158;TP07F294;TP07F295;TP07F364;TP07F376;TP07F377;TP07F397;TP07F465;TP07F497,DIRECT_NATIVE_SOURCE_GENERATED
ADC:ABS_X,5,TP07F485,DIRECT_NATIVE_SOURCE_GENERATED
ADC:ABS_Y,1,TP07F117;TP07F370,DIRECT_NATIVE_SOURCE_GENERATED
ADC:DP,1,TP07F041,DIRECT_NATIVE_SOURCE_GENERATED
ADC:DP_IND_LONG_Y,69,TP07F065;TP07F066;TP07F067;TP07F158;TP07F210;TP07F301;TP07F313;TP07F314;TP07F350;TP07F368;TP07F369;TP07F372;TP07F417;TP07F429;TP07F436;TP07F441;TP07F445;TP07F460;TP07F461;TP07F464;TP07F465;TP07F468;TP07F474;TP07F478;TP07F480;TP07F481;TP07F482;TP07F484;TP07F485;TP07F487;TP07F490,DIRECT_NATIVE_SOURCE_GENERATED
ADC:IMM_M,769,TP07F003;TP07F015;TP07F028;TP07F041;TP07F068;TP07F072;TP07F073;TP07F079;TP07F080;TP07F082;TP07F084;TP07F085;TP07F086;TP07F087;TP07F088;TP07F090;TP07F091;TP07F097;TP07F115;TP07F118;TP07F122;TP07F123;TP07F127;TP07F128;TP07F129;TP07F130;TP07F132;TP07F133;TP07F135;TP07F136;TP07F137;TP07F138;TP07F139;TP07F143;TP07F145;TP07F146;TP07F147;TP07F149;TP07F150;TP07F151;TP07F152;TP07F153;TP07F157;TP07F159;TP07F160;TP07F162;TP07F163;TP07F190;TP07F191;TP07F194;TP07F195;TP07F196;TP07F197;TP07F229;TP07F230;TP07F232;TP07F237;TP07F241;TP07F242;TP07F243;TP07F249;TP07F250;TP07F257;TP07F258;TP07F263;TP07F267;TP07F268;TP07F269;TP07F281;TP07F282;TP07F288;TP07F289;TP07F290;TP07F300;TP07F301;TP07F305;TP07F306;TP07F311;TP07F312;TP07F315;TP07F316;TP07F318;TP07F322;TP07F331;TP07F336;TP07F337;TP07F338;TP07F339;TP07F341;TP07F342;TP07F343;TP07F344;TP07F345;TP07F347;TP07F349;TP07F350;TP07F351;TP07F352;TP07F353;TP07F354;TP07F355;TP07F356;TP07F357;TP07F358;TP07F359;TP07F361;TP07F364;TP07F365;TP07F366;TP07F368;TP07F369;TP07F371;TP07F372;TP07F375;TP07F378;TP07F380;TP07F384;TP07F385;TP07F387;TP07F388;TP07F389;TP07F391;TP07F392;TP07F393;TP07F394;TP07F395;TP07F396;TP07F397;TP07F399;TP07F400;TP07F401;TP07F402;TP07F403;TP07F404;TP07F406;TP07F407;TP07F417;TP07F423;TP07F426;TP07F432;TP07F434;TP07F435;TP07F437;TP07F439;TP07F440;TP07F442;TP07F446;TP07F447;TP07F449;TP07F450;TP07F453;TP07F455;TP07F456;TP07F457;TP07F458;TP07F459;TP07F460;TP07F461;TP07F464;TP07F465;TP07F467;TP07F468;TP07F474;TP07F475;TP07F481;TP07F482;TP07F483;TP07F484;TP07F485;TP07F487;TP07F488;TP07F489;TP07F490;TP07F491;TP07F496;TP07F497;TP07F499;TP07F500;TP07F501;TP07F504;TP07F505;TP07F506;TP07F507;TP07F508;TP07F510;TP07F511;TP07F512;TP07F513,DIRECT_NATIVE_SOURCE_GENERATED
AND:ABS,57,TP07F116;TP07F117;TP07F138;TP07F139;TP07F278;TP07F279;TP07F280;TP07F326;TP07F331;TP07F336;TP07F337;TP07F356;TP07F364;TP07F370;TP07F398;TP07F448;TP07F453;TP07F454;TP07F465;TP07F466;TP07F468;TP07F475;TP07F478;TP07F484;TP07F490;TP07F503,DIRECT_NATIVE_SOURCE_GENERATED
AND:ABSL_X,2,TP07F469,DIRECT_NATIVE_SOURCE_GENERATED
AND:ABS_Y,3,TP07F129;TP07F130;TP07F150,DIRECT_NATIVE_SOURCE_GENERATED
AND:DP_IND_LONG_Y,9,TP07F470;TP07F471;TP07F472;TP07F475;TP07F481;TP07F482,DIRECT_NATIVE_SOURCE_GENERATED
AND:IMM_M,1465,TP07F015;TP07F027;TP07F029;TP07F033;TP07F053;TP07F057;TP07F058;TP07F061;TP07F072;TP07F075;TP07F076;TP07F077;TP07F078;TP07F084;TP07F085;TP07F086;TP07F087;TP07F088;TP07F113;TP07F114;TP07F115;TP07F116;TP07F117;TP07F127;TP07F128;TP07F129;TP07F130;TP07F131;TP07F132;TP07F133;TP07F134;TP07F135;TP07F136;TP07F137;TP07F138;TP07F139;TP07F140;TP07F142;TP07F143;TP07F144;TP07F145;TP07F146;TP07F147;TP07F148;TP07F149;TP07F150;TP07F151;TP07F152;TP07F153;TP07F158;TP07F160;TP07F175;TP07F176;TP07F181;TP07F182;TP07F188;TP07F199;TP07F200;TP07F201;TP07F202;TP07F203;TP07F204;TP07F205;TP07F211;TP07F228;TP07F233;TP07F234;TP07F235;TP07F238;TP07F241;TP07F242;TP07F250;TP07F251;TP07F259;TP07F271;TP07F278;TP07F279;TP07F280;TP07F281;TP07F282;TP07F283;TP07F285;TP07F286;TP07F288;TP07F294;TP07F295;TP07F298;TP07F301;TP07F303;TP07F304;TP07F305;TP07F307;TP07F308;TP07F309;TP07F310;TP07F311;TP07F312;TP07F313;TP07F314;TP07F319;TP07F322;TP07F324;TP07F325;TP07F326;TP07F327;TP07F329;TP07F330;TP07F331;TP07F332;TP07F335;TP07F336;TP07F337;TP07F339;TP07F340;TP07F343;TP07F344;TP07F345;TP07F346;TP07F347;TP07F348;TP07F350;TP07F351;TP07F352;TP07F353;TP07F354;TP07F355;TP07F356;TP07F358;TP07F359;TP07F360;TP07F361;TP07F364;TP07F365;TP07F368;TP07F370;TP07F371;TP07F372;TP07F373;TP07F375;TP07F376;TP07F377;TP07F378;TP07F379;TP07F387;TP07F388;TP07F389;TP07F390;TP07F391;TP07F393;TP07F394;TP07F395;TP07F396;TP07F397;TP07F398;TP07F399;TP07F400;TP07F401;TP07F402;TP07F403;TP07F404;TP07F405;TP07F406;TP07F407;TP07F408;TP07F414;TP07F415;TP07F423;TP07F424;TP07F425;TP07F426;TP07F429;TP07F431;TP07F432;TP07F433;TP07F434;TP07F435;TP07F436;TP07F437;TP07F439;TP07F440;TP07F441;TP07F442;TP07F443;TP07F444;TP07F445;TP07F446;TP07F447;TP07F448;TP07F449;TP07F450;TP07F452;TP07F453;TP07F454;TP07F455;TP07F456;TP07F457;TP07F458;TP07F459;TP07F460;TP07F461;TP07F462;TP07F463;TP07F464;TP07F465;TP07F466;TP07F467;TP07F468;TP07F469;TP07F470;TP07F471;TP07F472;TP07F473;TP07F474;TP07F475;TP07F476;TP07F477;TP07F478;TP07F479;TP07F480;TP07F481;TP07F482;TP07F483;TP07F484;TP07F485;TP07F486;TP07F487;TP07F488;TP07F489;TP07F490;TP07F491;TP07F496;TP07F497;TP07F498;TP07F499;TP07F500;TP07F501;TP07F503;TP07F504;TP07F506;TP07F507;TP07F508;TP07F510;TP07F511;TP07F512;TP07F513,DIRECT_NATIVE_SOURCE_GENERATED
ASL:ABS,25,TP07F084;TP07F111;TP07F187;TP07F244;TP07F331;TP07F339;TP07F368;TP07F474;TP07F485;TP07F488;TP07F489,DIRECT_NATIVE_SOURCE_GENERATED
ASL:ACC,1694,TP07F015;TP07F028;TP07F053;TP07F057;TP07F058;TP07F076;TP07F077;TP07F078;TP07F079;TP07F080;TP07F085;TP07F086;TP07F087;TP07F088;TP07F099;TP07F104;TP07F105;TP07F106;TP07F107;TP07F108;TP07F109;TP07F113;TP07F114;TP07F116;TP07F117;TP07F118;TP07F126;TP07F127;TP07F128;TP07F129;TP07F130;TP07F131;TP07F132;TP07F133;TP07F134;TP07F135;TP07F136;TP07F137;TP07F138;TP07F139;TP07F140;TP07F141;TP07F143;TP07F144;TP07F145;TP07F146;TP07F147;TP07F148;TP07F149;TP07F150;TP07F151;TP07F152;TP07F153;TP07F158;TP07F159;TP07F160;TP07F175;TP07F176;TP07F177;TP07F183;TP07F188;TP07F192;TP07F193;TP07F199;TP07F200;TP07F241;TP07F242;TP07F252;TP07F253;TP07F259;TP07F266;TP07F278;TP07F279;TP07F280;TP07F282;TP07F285;TP07F286;TP07F289;TP07F290;TP07F299;TP07F300;TP07F303;TP07F304;TP07F305;TP07F307;TP07F308;TP07F309;TP07F310;TP07F311;TP07F312;TP07F315;TP07F316;TP07F318;TP07F319;TP07F324;TP07F325;TP07F326;TP07F327;TP07F329;TP07F330;TP07F331;TP07F335;TP07F336;TP07F337;TP07F338;TP07F340;TP07F341;TP07F342;TP07F343;TP07F344;TP07F345;TP07F347;TP07F348;TP07F349;TP07F350;TP07F351;TP07F352;TP07F353;TP07F354;TP07F355;TP07F356;TP07F357;TP07F360;TP07F361;TP07F362;TP07F363;TP07F364;TP07F365;TP07F366;TP07F368;TP07F369;TP07F370;TP07F371;TP07F372;TP07F374;TP07F375;TP07F376;TP07F377;TP07F378;TP07F387;TP07F388;TP07F389;TP07F390;TP07F391;TP07F393;TP07F394;TP07F396;TP07F397;TP07F398;TP07F400;TP07F401;TP07F402;TP07F403;TP07F404;TP07F405;TP07F406;TP07F407;TP07F408;TP07F415;TP07F423;TP07F426;TP07F429;TP07F431;TP07F432;TP07F433;TP07F434;TP07F435;TP07F436;TP07F437;TP07F439;TP07F440;TP07F441;TP07F442;TP07F443;TP07F445;TP07F446;TP07F447;TP07F448;TP07F449;TP07F450;TP07F452;TP07F453;TP07F454;TP07F455;TP07F456;TP07F457;TP07F458;TP07F459;TP07F460;TP07F461;TP07F463;TP07F464;TP07F465;TP07F466;TP07F467;TP07F468;TP07F469;TP07F470;TP07F472;TP07F473;TP07F474;TP07F475;TP07F476;TP07F477;TP07F478;TP07F479;TP07F480;TP07F481;TP07F482;TP07F483;TP07F484;TP07F485;TP07F486;TP07F487;TP07F488;TP07F489;TP07F490;TP07F491;TP07F496;TP07F504;TP07F505;TP07F506;TP07F507;TP07F508,DIRECT_NATIVE_SOURCE_GENERATED
BCC:REL8,455,TP07F003;TP07F015;TP07F029;TP07F065;TP07F066;TP07F067;TP07F076;TP07F077;TP07F078;TP07F082;TP07F083;TP07F084;TP07F085;TP07F086;TP07F087;TP07F095;TP07F096;TP07F114;TP07F116;TP07F117;TP07F118;TP07F127;TP07F128;TP07F129;TP07F130;TP07F137;TP07F138;TP07F139;TP07F142;TP07F143;TP07F146;TP07F147;TP07F148;TP07F149;TP07F150;TP07F159;TP07F160;TP07F180;TP07F208;TP07F237;TP07F250;TP07F252;TP07F253;TP07F257;TP07F258;TP07F261;TP07F263;TP07F265;TP07F272;TP07F273;TP07F274;TP07F275;TP07F294;TP07F295;TP07F297;TP07F299;TP07F313;TP07F314;TP07F315;TP07F316;TP07F317;TP07F319;TP07F323;TP07F326;TP07F330;TP07F331;TP07F334;TP07F337;TP07F338;TP07F339;TP07F340;TP07F343;TP07F344;TP07F345;TP07F346;TP07F347;TP07F348;TP07F349;TP07F350;TP07F352;TP07F353;TP07F354;TP07F355;TP07F356;TP07F359;TP07F360;TP07F361;TP07F364;TP07F366;TP07F368;TP07F369;TP07F370;TP07F371;TP07F372;TP07F373;TP07F376;TP07F377;TP07F379;TP07F384;TP07F390;TP07F391;TP07F394;TP07F396;TP07F397;TP07F398;TP07F399;TP07F400;TP07F401;TP07F402;TP07F403;TP07F404;TP07F405;TP07F406;TP07F407;TP07F409;TP07F413;TP07F421;TP07F432;TP07F434;TP07F435;TP07F437;TP07F439;TP07F440;TP07F443;TP07F444;TP07F446;TP07F447;TP07F448;TP07F449;TP07F450;TP07F451;TP07F452;TP07F455;TP07F456;TP07F457;TP07F458;TP07F459;TP07F460;TP07F461;TP07F465;TP07F466;TP07F468;TP07F469;TP07F470;TP07F471;TP07F472;TP07F474;TP07F475;TP07F476;TP07F479;TP07F480;TP07F481;TP07F482;TP07F484;TP07F485;TP07F486;TP07F487;TP07F488;TP07F489;TP07F490;TP07F491;TP07F496;TP07F497;TP07F498;TP07F499;TP07F500;TP07F501;TP07F504;TP07F506;TP07F508;TP07F510;TP07F511;TP07F512;TP07F513,DIRECT_NATIVE_SOURCE_GENERATED
BCS:REL8,334,TP07F033;TP07F068;TP07F084;TP07F088;TP07F115;TP07F117;TP07F118;TP07F129;TP07F130;TP07F132;TP07F133;TP07F135;TP07F136;TP07F137;TP07F138;TP07F139;TP07F142;TP07F143;TP07F145;TP07F146;TP07F147;TP07F148;TP07F149;TP07F150;TP07F151;TP07F152;TP07F153;TP07F157;TP07F158;TP07F160;TP07F228;TP07F232;TP07F251;TP07F252;TP07F253;TP07F266;TP07F281;TP07F285;TP07F287;TP07F313;TP07F314;TP07F323;TP07F329;TP07F330;TP07F332;TP07F334;TP07F339;TP07F340;TP07F346;TP07F350;TP07F352;TP07F353;TP07F354;TP07F356;TP07F358;TP07F361;TP07F362;TP07F363;TP07F365;TP07F368;TP07F369;TP07F370;TP07F373;TP07F379;TP07F384;TP07F390;TP07F391;TP07F393;TP07F394;TP07F397;TP07F401;TP07F402;TP07F403;TP07F406;TP07F407;TP07F409;TP07F413;TP07F430;TP07F434;TP07F436;TP07F441;TP07F442;TP07F445;TP07F446;TP07F451;TP07F452;TP07F455;TP07F456;TP07F458;TP07F464;TP07F465;TP07F466;TP07F467;TP07F468;TP07F469;TP07F470;TP07F471;TP07F472;TP07F473;TP07F474;TP07F475;TP07F476;TP07F479;TP07F480;TP07F481;TP07F482;TP07F484;TP07F486;TP07F488;TP07F489;TP07F490;TP07F491;TP07F497;TP07F504;TP07F506;TP07F508;TP07F510;TP07F511;TP07F512;TP07F513,DIRECT_NATIVE_SOURCE_GENERATED
BEQ:REL8,1599,TP07F001;TP07F003;TP07F015;TP07F027;TP07F028;TP07F029;TP07F040;TP07F044;TP07F053;TP07F054;TP07F055;TP07F056;TP07F057;TP07F058;TP07F059;TP07F060;TP07F065;TP07F066;TP07F067;TP07F068;TP07F072;TP07F074;TP07F076;TP07F077;TP07F078;TP07F079;TP07F080;TP07F082;TP07F083;TP07F084;TP07F085;TP07F086;TP07F087;TP07F100;TP07F101;TP07F104;TP07F105;TP07F110;TP07F111;TP07F113;TP07F114;TP07F115;TP07F116;TP07F117;TP07F118;TP07F127;TP07F128;TP07F129;TP07F130;TP07F135;TP07F137;TP07F138;TP07F139;TP07F140;TP07F142;TP07F143;TP07F144;TP07F145;TP07F146;TP07F147;TP07F148;TP07F150;TP07F151;TP07F152;TP07F153;TP07F157;TP07F158;TP07F159;TP07F160;TP07F167;TP07F177;TP07F181;TP07F182;TP07F183;TP07F208;TP07F215;TP07F217;TP07F218;TP07F231;TP07F233;TP07F234;TP07F235;TP07F236;TP07F237;TP07F241;TP07F244;TP07F250;TP07F251;TP07F252;TP07F253;TP07F256;TP07F260;TP07F261;TP07F263;TP07F265;TP07F267;TP07F268;TP07F269;TP07F270;TP07F271;TP07F273;TP07F274;TP07F275;TP07F276;TP07F277;TP07F280;TP07F281;TP07F282;TP07F283;TP07F285;TP07F287;TP07F288;TP07F289;TP07F290;TP07F294;TP07F295;TP07F297;TP07F303;TP07F304;TP07F305;TP07F307;TP07F308;TP07F309;TP07F310;TP07F311;TP07F312;TP07F313;TP07F314;TP07F317;TP07F319;TP07F321;TP07F322;TP07F323;TP07F324;TP07F325;TP07F326;TP07F327;TP07F328;TP07F329;TP07F330;TP07F331;TP07F333;TP07F334;TP07F335;TP07F336;TP07F337;TP07F339;TP07F340;TP07F341;TP07F342;TP07F343;TP07F346;TP07F347;TP07F348;TP07F349;TP07F350;TP07F351;TP07F352;TP07F353;TP07F354;TP07F355;TP07F356;TP07F358;TP07F359;TP07F360;TP07F361;TP07F362;TP07F363;TP07F364;TP07F365;TP07F368;TP07F369;TP07F370;TP07F371;TP07F372;TP07F373;TP07F375;TP07F376;TP07F377;TP07F378;TP07F379;TP07F380;TP07F384;TP07F385;TP07F387;TP07F388;TP07F389;TP07F390;TP07F391;TP07F392;TP07F393;TP07F394;TP07F395;TP07F396;TP07F398;TP07F399;TP07F400;TP07F401;TP07F402;TP07F403;TP07F404;TP07F405;TP07F406;TP07F407;TP07F408;TP07F409;TP07F413;TP07F414;TP07F415;TP07F422;TP07F424;TP07F425;TP07F426;TP07F427;TP07F428;TP07F429;TP07F430;TP07F431;TP07F432;TP07F434;TP07F435;TP07F436;TP07F437;TP07F438;TP07F439;TP07F440;TP07F441;TP07F442;TP07F443;TP07F444;TP07F445;TP07F446;TP07F447;TP07F448;TP07F449;TP07F450;TP07F451;TP07F452;TP07F453;TP07F454;TP07F455;TP07F456;TP07F457;TP07F458;TP07F459;TP07F460;TP07F461;TP07F463;TP07F464;TP07F465;TP07F466;TP07F467;TP07F468;TP07F469;TP07F470;TP07F471;TP07F472;TP07F473;TP07F474;TP07F475;TP07F476;TP07F477;TP07F478;TP07F479;TP07F480;TP07F481;TP07F482;TP07F483;TP07F484;TP07F485;TP07F486;TP07F487;TP07F488;TP07F489;TP07F490;TP07F491;TP07F492;TP07F493;TP07F494;TP07F495;TP07F496;TP07F497;TP07F498;TP07F499;TP07F500;TP07F501;TP07F503;TP07F504;TP07F506;TP07F507;TP07F508;TP07F510;TP07F511;TP07F512;TP07F513,DIRECT_NATIVE_SOURCE_GENERATED
BMI:REL8,159,TP07F038;TP07F039;TP07F053;TP07F057;TP07F065;TP07F066;TP07F067;TP07F113;TP07F115;TP07F127;TP07F128;TP07F130;TP07F131;TP07F132;TP07F138;TP07F139;TP07F147;TP07F149;TP07F150;TP07F151;TP07F152;TP07F153;TP07F244;TP07F249;TP07F252;TP07F253;TP07F272;TP07F286;TP07F294;TP07F295;TP07F303;TP07F307;TP07F311;TP07F312;TP07F313;TP07F314;TP07F319;TP07F323;TP07F327;TP07F340;TP07F352;TP07F355;TP07F356;TP07F358;TP07F393;TP07F394;TP07F395;TP07F400;TP07F406;TP07F408;TP07F415;TP07F417;TP07F431;TP07F434;TP07F436;TP07F445;TP07F452;TP07F453;TP07F454;TP07F455;TP07F458;TP07F459;TP07F460;TP07F461;TP07F464;TP07F466;TP07F467;TP07F470;TP07F471;TP07F472;TP07F473;TP07F474;TP07F475;TP07F476;TP07F477;TP07F478;TP07F479;TP07F480;TP07F481;TP07F482;TP07F484;TP07F486;TP07F488;TP07F489;TP07F490;TP07F491;TP07F496;TP07F504;TP07F508;TP07F510;TP07F511;TP07F512;TP07F513,DIRECT_NATIVE_SOURCE_GENERATED
BNE:REL8,1451,TP07F001;TP07F003;TP07F004;TP07F005;TP07F008;TP07F009;TP07F013;TP07F014;TP07F015;TP07F016;TP07F020;TP07F021;TP07F026;TP07F029;TP07F037;TP07F038;TP07F039;TP07F041;TP07F042;TP07F053;TP07F054;TP07F055;TP07F056;TP07F057;TP07F058;TP07F059;TP07F060;TP07F061;TP07F065;TP07F066;TP07F067;TP07F076;TP07F077;TP07F078;TP07F082;TP07F083;TP07F084;TP07F085;TP07F086;TP07F087;TP07F104;TP07F105;TP07F111;TP07F113;TP07F114;TP07F115;TP07F116;TP07F117;TP07F118;TP07F119;TP07F120;TP07F126;TP07F129;TP07F130;TP07F131;TP07F132;TP07F135;TP07F137;TP07F138;TP07F139;TP07F140;TP07F141;TP07F142;TP07F143;TP07F144;TP07F145;TP07F146;TP07F147;TP07F148;TP07F149;TP07F150;TP07F151;TP07F152;TP07F153;TP07F159;TP07F160;TP07F170;TP07F171;TP07F177;TP07F178;TP07F179;TP07F181;TP07F182;TP07F183;TP07F208;TP07F211;TP07F215;TP07F220;TP07F221;TP07F222;TP07F223;TP07F232;TP07F234;TP07F235;TP07F239;TP07F240;TP07F241;TP07F243;TP07F244;TP07F252;TP07F253;TP07F256;TP07F260;TP07F262;TP07F264;TP07F270;TP07F271;TP07F273;TP07F274;TP07F275;TP07F276;TP07F277;TP07F279;TP07F282;TP07F283;TP07F284;TP07F285;TP07F286;TP07F294;TP07F295;TP07F296;TP07F297;TP07F298;TP07F299;TP07F301;TP07F304;TP07F305;TP07F306;TP07F307;TP07F308;TP07F309;TP07F310;TP07F311;TP07F312;TP07F313;TP07F314;TP07F318;TP07F321;TP07F322;TP07F325;TP07F326;TP07F327;TP07F329;TP07F330;TP07F332;TP07F335;TP07F336;TP07F337;TP07F338;TP07F339;TP07F340;TP07F341;TP07F343;TP07F344;TP07F345;TP07F346;TP07F348;TP07F349;TP07F350;TP07F351;TP07F352;TP07F353;TP07F354;TP07F355;TP07F356;TP07F357;TP07F358;TP07F359;TP07F360;TP07F361;TP07F362;TP07F363;TP07F364;TP07F365;TP07F366;TP07F367;TP07F369;TP07F370;TP07F371;TP07F372;TP07F373;TP07F375;TP07F376;TP07F377;TP07F378;TP07F379;TP07F380;TP07F384;TP07F385;TP07F387;TP07F388;TP07F389;TP07F390;TP07F391;TP07F393;TP07F394;TP07F395;TP07F396;TP07F397;TP07F398;TP07F399;TP07F400;TP07F401;TP07F402;TP07F403;TP07F404;TP07F405;TP07F406;TP07F407;TP07F408;TP07F409;TP07F410;TP07F411;TP07F412;TP07F413;TP07F414;TP07F415;TP07F416;TP07F418;TP07F419;TP07F420;TP07F422;TP07F424;TP07F425;TP07F426;TP07F427;TP07F428;TP07F429;TP07F430;TP07F431;TP07F432;TP07F433;TP07F434;TP07F435;TP07F436;TP07F437;TP07F438;TP07F439;TP07F440;TP07F442;TP07F443;TP07F444;TP07F445;TP07F446;TP07F447;TP07F448;TP07F449;TP07F450;TP07F451;TP07F452;TP07F453;TP07F454;TP07F455;TP07F456;TP07F457;TP07F458;TP07F459;TP07F460;TP07F461;TP07F462;TP07F463;TP07F464;TP07F465;TP07F466;TP07F467;TP07F468;TP07F469;TP07F470;TP07F471;TP07F472;TP07F473;TP07F474;TP07F475;TP07F477;TP07F478;TP07F479;TP07F480;TP07F481;TP07F482;TP07F483;TP07F484;TP07F485;TP07F486;TP07F487;TP07F488;TP07F489;TP07F490;TP07F491;TP07F492;TP07F493;TP07F494;TP07F495;TP07F496;TP07F497;TP07F498;TP07F499;TP07F500;TP07F501;TP07F503;TP07F504;TP07F506;TP07F507;TP07F508;TP07F510;TP07F511;TP07F512;TP07F513,DIRECT_NATIVE_SOURCE_GENERATED
BPL:REL8,159,TP07F027;TP07F040;TP07F044;TP07F053;TP07F057;TP07F065;TP07F066;TP07F067;TP07F069;TP07F071;TP07F112;TP07F119;TP07F120;TP07F130;TP07F132;TP07F134;TP07F135;TP07F137;TP07F147;TP07F149;TP07F151;TP07F152;TP07F153;TP07F208;TP07F214;TP07F216;TP07F233;TP07F237;TP07F265;TP07F272;TP07F287;TP07F297;TP07F323;TP07F327;TP07F336;TP07F340;TP07F343;TP07F352;TP07F362;TP07F363;TP07F368;TP07F369;TP07F384;TP07F396;TP07F400;TP07F401;TP07F402;TP07F404;TP07F407;TP07F414;TP07F431;TP07F433;TP07F436;TP07F437;TP07F443;TP07F444;TP07F445;TP07F447;TP07F449;TP07F452;TP07F453;TP07F454;TP07F455;TP07F456;TP07F457;TP07F458;TP07F459;TP07F460;TP07F461;TP07F463;TP07F464;TP07F465;TP07F466;TP07F467;TP07F468;TP07F469;TP07F471;TP07F475;TP07F477;TP07F479;TP07F481;TP07F482;TP07F484;TP07F486;TP07F487;TP07F488;TP07F489;TP07F491;TP07F496;TP07F497;TP07F504;TP07F508,DIRECT_NATIVE_SOURCE_GENERATED
BRA:REL8,794,TP07F001;TP07F003;TP07F004;TP07F014;TP07F026;TP07F027;TP07F029;TP07F041;TP07F053;TP07F057;TP07F058;TP07F059;TP07F060;TP07F065;TP07F066;TP07F067;TP07F068;TP07F072;TP07F076;TP07F077;TP07F078;TP07F083;TP07F084;TP07F085;TP07F086;TP07F087;TP07F110;TP07F111;TP07F114;TP07F115;TP07F116;TP07F117;TP07F127;TP07F128;TP07F130;TP07F131;TP07F132;TP07F135;TP07F137;TP07F138;TP07F139;TP07F140;TP07F141;TP07F142;TP07F143;TP07F144;TP07F145;TP07F146;TP07F147;TP07F148;TP07F149;TP07F150;TP07F151;TP07F152;TP07F153;TP07F157;TP07F158;TP07F159;TP07F214;TP07F217;TP07F218;TP07F233;TP07F237;TP07F241;TP07F244;TP07F250;TP07F251;TP07F252;TP07F253;TP07F256;TP07F261;TP07F262;TP07F265;TP07F266;TP07F270;TP07F271;TP07F272;TP07F273;TP07F274;TP07F275;TP07F276;TP07F277;TP07F281;TP07F285;TP07F286;TP07F287;TP07F293;TP07F294;TP07F295;TP07F297;TP07F299;TP07F301;TP07F303;TP07F305;TP07F311;TP07F312;TP07F317;TP07F319;TP07F322;TP07F323;TP07F324;TP07F325;TP07F326;TP07F327;TP07F329;TP07F330;TP07F335;TP07F336;TP07F337;TP07F339;TP07F340;TP07F343;TP07F346;TP07F347;TP07F348;TP07F350;TP07F351;TP07F352;TP07F354;TP07F355;TP07F356;TP07F357;TP07F358;TP07F359;TP07F360;TP07F361;TP07F362;TP07F363;TP07F364;TP07F366;TP07F368;TP07F369;TP07F370;TP07F371;TP07F372;TP07F373;TP07F376;TP07F377;TP07F379;TP07F380;TP07F384;TP07F385;TP07F387;TP07F388;TP07F391;TP07F393;TP07F394;TP07F395;TP07F398;TP07F400;TP07F401;TP07F402;TP07F403;TP07F404;TP07F405;TP07F406;TP07F407;TP07F408;TP07F409;TP07F413;TP07F414;TP07F415;TP07F422;TP07F426;TP07F427;TP07F428;TP07F429;TP07F431;TP07F432;TP07F433;TP07F434;TP07F435;TP07F436;TP07F438;TP07F441;TP07F442;TP07F443;TP07F444;TP07F445;TP07F446;TP07F447;TP07F448;TP07F449;TP07F450;TP07F451;TP07F452;TP07F453;TP07F454;TP07F455;TP07F456;TP07F457;TP07F458;TP07F459;TP07F460;TP07F461;TP07F463;TP07F464;TP07F465;TP07F466;TP07F467;TP07F468;TP07F469;TP07F470;TP07F471;TP07F472;TP07F473;TP07F474;TP07F475;TP07F477;TP07F478;TP07F479;TP07F480;TP07F481;TP07F482;TP07F483;TP07F484;TP07F485;TP07F486;TP07F487;TP07F488;TP07F489;TP07F490;TP07F491;TP07F493;TP07F494;TP07F495;TP07F496;TP07F497;TP07F499;TP07F500;TP07F501;TP07F503;TP07F504;TP07F508;TP07F509;TP07F510;TP07F511;TP07F512;TP07F513,DIRECT_NATIVE_SOURCE_GENERATED
BRL:REL16,1798,TP07F015;TP07F028;TP07F037;TP07F053;TP07F057;TP07F058;TP07F065;TP07F066;TP07F067;TP07F074;TP07F079;TP07F080;TP07F082;TP07F084;TP07F085;TP07F086;TP07F087;TP07F088;TP07F114;TP07F115;TP07F116;TP07F117;TP07F118;TP07F129;TP07F132;TP07F135;TP07F137;TP07F138;TP07F139;TP07F140;TP07F142;TP07F143;TP07F144;TP07F145;TP07F146;TP07F147;TP07F148;TP07F149;TP07F150;TP07F151;TP07F152;TP07F153;TP07F158;TP07F159;TP07F160;TP07F239;TP07F240;TP07F256;TP07F257;TP07F258;TP07F263;TP07F267;TP07F268;TP07F269;TP07F276;TP07F277;TP07F282;TP07F283;TP07F288;TP07F289;TP07F290;TP07F294;TP07F295;TP07F297;TP07F298;TP07F299;TP07F304;TP07F305;TP07F306;TP07F308;TP07F309;TP07F310;TP07F311;TP07F312;TP07F313;TP07F314;TP07F315;TP07F316;TP07F317;TP07F318;TP07F322;TP07F325;TP07F326;TP07F327;TP07F328;TP07F329;TP07F330;TP07F331;TP07F333;TP07F334;TP07F335;TP07F336;TP07F337;TP07F338;TP07F339;TP07F340;TP07F341;TP07F342;TP07F343;TP07F344;TP07F345;TP07F346;TP07F347;TP07F348;TP07F349;TP07F350;TP07F351;TP07F352;TP07F353;TP07F354;TP07F355;TP07F356;TP07F357;TP07F358;TP07F359;TP07F360;TP07F362;TP07F363;TP07F364;TP07F365;TP07F366;TP07F367;TP07F369;TP07F370;TP07F371;TP07F372;TP07F373;TP07F375;TP07F376;TP07F377;TP07F378;TP07F379;TP07F380;TP07F385;TP07F387;TP07F388;TP07F389;TP07F390;TP07F391;TP07F392;TP07F393;TP07F394;TP07F395;TP07F396;TP07F398;TP07F399;TP07F400;TP07F401;TP07F402;TP07F403;TP07F404;TP07F406;TP07F407;TP07F410;TP07F411;TP07F412;TP07F414;TP07F424;TP07F425;TP07F427;TP07F428;TP07F430;TP07F431;TP07F432;TP07F433;TP07F434;TP07F435;TP07F437;TP07F439;TP07F440;TP07F442;TP07F443;TP07F444;TP07F445;TP07F446;TP07F447;TP07F448;TP07F449;TP07F450;TP07F451;TP07F452;TP07F453;TP07F454;TP07F455;TP07F456;TP07F457;TP07F458;TP07F459;TP07F460;TP07F461;TP07F463;TP07F464;TP07F465;TP07F466;TP07F467;TP07F468;TP07F469;TP07F470;TP07F471;TP07F472;TP07F473;TP07F474;TP07F475;TP07F477;TP07F478;TP07F479;TP07F480;TP07F481;TP07F482;TP07F483;TP07F484;TP07F485;TP07F486;TP07F487;TP07F488;TP07F489;TP07F490;TP07F491;TP07F492;TP07F493;TP07F494;TP07F495;TP07F496;TP07F497;TP07F498;TP07F499;TP07F500;TP07F501;TP07F503;TP07F504;TP07F506;TP07F507;TP07F508;TP07F510;TP07F511;TP07F512;TP07F513,DIRECT_NATIVE_SOURCE_GENERATED
BVS:REL8,1,TP07F003,DIRECT_NATIVE_SOURCE_GENERATED
CLC:IMP,1515,TP07F015;TP07F027;TP07F028;TP07F033;TP07F041;TP07F065;TP07F066;TP07F067;TP07F068;TP07F072;TP07F073;TP07F079;TP07F080;TP07F082;TP07F083;TP07F084;TP07F085;TP07F086;TP07F087;TP07F088;TP07F090;TP07F091;TP07F097;TP07F098;TP07F099;TP07F102;TP07F103;TP07F106;TP07F107;TP07F108;TP07F109;TP07F111;TP07F113;TP07F114;TP07F115;TP07F116;TP07F117;TP07F118;TP07F119;TP07F120;TP07F122;TP07F123;TP07F127;TP07F128;TP07F129;TP07F130;TP07F131;TP07F132;TP07F133;TP07F134;TP07F135;TP07F136;TP07F137;TP07F138;TP07F139;TP07F142;TP07F143;TP07F145;TP07F146;TP07F147;TP07F148;TP07F149;TP07F150;TP07F151;TP07F152;TP07F153;TP07F157;TP07F158;TP07F159;TP07F160;TP07F162;TP07F163;TP07F184;TP07F185;TP07F189;TP07F190;TP07F191;TP07F192;TP07F193;TP07F194;TP07F195;TP07F196;TP07F197;TP07F208;TP07F210;TP07F223;TP07F224;TP07F225;TP07F228;TP07F229;TP07F230;TP07F232;TP07F233;TP07F234;TP07F235;TP07F237;TP07F238;TP07F241;TP07F242;TP07F243;TP07F244;TP07F249;TP07F250;TP07F252;TP07F253;TP07F257;TP07F258;TP07F259;TP07F261;TP07F263;TP07F266;TP07F267;TP07F268;TP07F269;TP07F278;TP07F279;TP07F280;TP07F281;TP07F282;TP07F285;TP07F286;TP07F287;TP07F288;TP07F289;TP07F290;TP07F294;TP07F295;TP07F297;TP07F299;TP07F300;TP07F301;TP07F303;TP07F305;TP07F306;TP07F307;TP07F309;TP07F311;TP07F312;TP07F313;TP07F314;TP07F315;TP07F316;TP07F317;TP07F318;TP07F319;TP07F322;TP07F324;TP07F325;TP07F326;TP07F329;TP07F330;TP07F331;TP07F334;TP07F335;TP07F336;TP07F337;TP07F338;TP07F339;TP07F340;TP07F341;TP07F342;TP07F343;TP07F344;TP07F345;TP07F346;TP07F347;TP07F348;TP07F349;TP07F350;TP07F351;TP07F352;TP07F353;TP07F354;TP07F355;TP07F356;TP07F357;TP07F358;TP07F359;TP07F360;TP07F361;TP07F362;TP07F363;TP07F364;TP07F365;TP07F366;TP07F368;TP07F369;TP07F370;TP07F371;TP07F372;TP07F373;TP07F375;TP07F376;TP07F377;TP07F378;TP07F379;TP07F380;TP07F384;TP07F385;TP07F387;TP07F388;TP07F389;TP07F390;TP07F391;TP07F392;TP07F393;TP07F394;TP07F395;TP07F396;TP07F397;TP07F398;TP07F399;TP07F400;TP07F401;TP07F402;TP07F403;TP07F404;TP07F405;TP07F406;TP07F407;TP07F408;TP07F414;TP07F415;TP07F417;TP07F423;TP07F424;TP07F425;TP07F426;TP07F429;TP07F431;TP07F432;TP07F433;TP07F434;TP07F435;TP07F436;TP07F437;TP07F439;TP07F440;TP07F441;TP07F442;TP07F443;TP07F445;TP07F446;TP07F447;TP07F448;TP07F449;TP07F450;TP07F452;TP07F453;TP07F454;TP07F455;TP07F456;TP07F457;TP07F458;TP07F459;TP07F460;TP07F461;TP07F463;TP07F464;TP07F465;TP07F466;TP07F467;TP07F468;TP07F469;TP07F470;TP07F472;TP07F473;TP07F474;TP07F475;TP07F476;TP07F477;TP07F478;TP07F479;TP07F480;TP07F481;TP07F482;TP07F483;TP07F484;TP07F485;TP07F486;TP07F487;TP07F488;TP07F489;TP07F490;TP07F491;TP07F496;TP07F497;TP07F499;TP07F500;TP07F501;TP07F504;TP07F505;TP07F506;TP07F507;TP07F508;TP07F509;TP07F510;TP07F511;TP07F512;TP07F513,DIRECT_NATIVE_SOURCE_GENERATED
CMP:ABS,335,TP07F029;TP07F053;TP07F057;TP07F084;TP07F113;TP07F115;TP07F117;TP07F129;TP07F130;TP07F137;TP07F142;TP07F143;TP07F147;TP07F148;TP07F149;TP07F150;TP07F159;TP07F261;TP07F263;TP07F265;TP07F267;TP07F268;TP07F269;TP07F270;TP07F273;TP07F274;TP07F275;TP07F276;TP07F277;TP07F287;TP07F294;TP07F295;TP07F307;TP07F313;TP07F314;TP07F315;TP07F316;TP07F317;TP07F319;TP07F323;TP07F327;TP07F329;TP07F330;TP07F334;TP07F335;TP07F337;TP07F338;TP07F339;TP07F340;TP07F344;TP07F345;TP07F346;TP07F349;TP07F352;TP07F353;TP07F358;TP07F359;TP07F365;TP07F366;TP07F370;TP07F375;TP07F378;TP07F387;TP07F388;TP07F391;TP07F394;TP07F396;TP07F397;TP07F399;TP07F400;TP07F401;TP07F402;TP07F403;TP07F404;TP07F407;TP07F408;TP07F409;TP07F413;TP07F415;TP07F416;TP07F418;TP07F419;TP07F420;TP07F422;TP07F427;TP07F428;TP07F430;TP07F435;TP07F436;TP07F439;TP07F440;TP07F442;TP07F444;TP07F445;TP07F446;TP07F447;TP07F449;TP07F451;TP07F453;TP07F454;TP07F457;TP07F458;TP07F459;TP07F465;TP07F466;TP07F467;TP07F468;TP07F469;TP07F472;TP07F474;TP07F475;TP07F481;TP07F482;TP07F484;TP07F485;TP07F486;TP07F487;TP07F488;TP07F489;TP07F490;TP07F497;TP07F498;TP07F499;TP07F500;TP07F501;TP07F504;TP07F506;TP07F508,DIRECT_NATIVE_SOURCE_GENERATED
CMP:ABSL,8,TP07F003;TP07F004;TP07F005;TP07F364,DIRECT_NATIVE_SOURCE_GENERATED
CMP:ABSL_X,15,TP07F148;TP07F149;TP07F159;TP07F394;TP07F452,DIRECT_NATIVE_SOURCE_GENERATED
CMP:ABS_X,8,TP07F076;TP07F077;TP07F078;TP07F140;TP07F144;TP07F145,DIRECT_NATIVE_SOURCE_GENERATED
CMP:ABS_Y,1,TP07F150,DIRECT_NATIVE_SOURCE_GENERATED
CMP:DP,1,TP07F040;TP07F044,DIRECT_NATIVE_SOURCE_GENERATED
CMP:DP_IND_LONG_Y,31,TP07F408;TP07F415;TP07F441;TP07F442;TP07F445;TP07F457;TP07F458;TP07F459;TP07F460;TP07F461;TP07F464;TP07F470;TP07F471;TP07F472;TP07F474;TP07F475;TP07F484;TP07F486;TP07F499;TP07F500;TP07F501,DIRECT_NATIVE_SOURCE_GENERATED
CMP:IMM_M,1733,TP07F001;TP07F005;TP07F014;TP07F015;TP07F028;TP07F029;TP07F033;TP07F037;TP07F041;TP07F058;TP07F059;TP07F060;TP07F061;TP07F065;TP07F066;TP07F067;TP07F068;TP07F076;TP07F077;TP07F078;TP07F079;TP07F080;TP07F082;TP07F085;TP07F086;TP07F087;TP07F088;TP07F095;TP07F096;TP07F110;TP07F111;TP07F113;TP07F114;TP07F115;TP07F116;TP07F117;TP07F118;TP07F126;TP07F127;TP07F128;TP07F129;TP07F130;TP07F132;TP07F133;TP07F135;TP07F136;TP07F137;TP07F138;TP07F139;TP07F141;TP07F142;TP07F143;TP07F144;TP07F145;TP07F146;TP07F147;TP07F148;TP07F149;TP07F150;TP07F157;TP07F158;TP07F159;TP07F160;TP07F180;TP07F188;TP07F211;TP07F217;TP07F218;TP07F221;TP07F222;TP07F228;TP07F234;TP07F235;TP07F237;TP07F239;TP07F240;TP07F241;TP07F244;TP07F250;TP07F251;TP07F252;TP07F253;TP07F257;TP07F258;TP07F260;TP07F261;TP07F262;TP07F267;TP07F268;TP07F269;TP07F270;TP07F271;TP07F272;TP07F276;TP07F277;TP07F282;TP07F283;TP07F285;TP07F287;TP07F288;TP07F289;TP07F290;TP07F297;TP07F298;TP07F299;TP07F301;TP07F305;TP07F306;TP07F307;TP07F313;TP07F314;TP07F317;TP07F318;TP07F321;TP07F322;TP07F324;TP07F325;TP07F326;TP07F328;TP07F329;TP07F330;TP07F331;TP07F332;TP07F334;TP07F336;TP07F337;TP07F338;TP07F340;TP07F341;TP07F342;TP07F343;TP07F344;TP07F345;TP07F346;TP07F347;TP07F348;TP07F349;TP07F350;TP07F352;TP07F353;TP07F354;TP07F355;TP07F356;TP07F358;TP07F359;TP07F360;TP07F361;TP07F362;TP07F363;TP07F364;TP07F365;TP07F366;TP07F368;TP07F369;TP07F370;TP07F371;TP07F372;TP07F373;TP07F375;TP07F376;TP07F377;TP07F378;TP07F379;TP07F380;TP07F384;TP07F385;TP07F387;TP07F388;TP07F389;TP07F390;TP07F391;TP07F392;TP07F393;TP07F394;TP07F395;TP07F396;TP07F397;TP07F398;TP07F399;TP07F400;TP07F401;TP07F402;TP07F403;TP07F404;TP07F405;TP07F406;TP07F407;TP07F408;TP07F409;TP07F413;TP07F414;TP07F415;TP07F421;TP07F424;TP07F425;TP07F426;TP07F427;TP07F428;TP07F429;TP07F430;TP07F432;TP07F433;TP07F434;TP07F435;TP07F436;TP07F437;TP07F438;TP07F439;TP07F440;TP07F442;TP07F444;TP07F445;TP07F446;TP07F447;TP07F448;TP07F449;TP07F450;TP07F451;TP07F452;TP07F453;TP07F454;TP07F455;TP07F456;TP07F457;TP07F458;TP07F459;TP07F460;TP07F461;TP07F462;TP07F464;TP07F465;TP07F466;TP07F467;TP07F468;TP07F469;TP07F470;TP07F471;TP07F472;TP07F473;TP07F474;TP07F475;TP07F476;TP07F477;TP07F478;TP07F479;TP07F480;TP07F481;TP07F482;TP07F483;TP07F484;TP07F485;TP07F486;TP07F487;TP07F488;TP07F489;TP07F490;TP07F491;TP07F492;TP07F493;TP07F494;TP07F495;TP07F496;TP07F497;TP07F498;TP07F499;TP07F500;TP07F501;TP07F503;TP07F504;TP07F506;TP07F507;TP07F508;TP07F510;TP07F511;TP07F512;TP07F513,DIRECT_NATIVE_SOURCE_GENERATED
CPX:ABS,8,TP07F140;TP07F144;TP07F145;TP07F150;TP07F281;TP07F404,DIRECT_NATIVE_SOURCE_GENERATED
CPX:IMM_X,188,TP07F001;TP07F003;TP07F016;TP07F026;TP07F058;TP07F061;TP07F065;TP07F066;TP07F067;TP07F074;TP07F085;TP07F086;TP07F087;TP07F100;TP07F101;TP07F110;TP07F117;TP07F118;TP07F119;TP07F120;TP07F138;TP07F139;TP07F142;TP07F147;TP07F148;TP07F150;TP07F151;TP07F152;TP07F153;TP07F177;TP07F208;TP07F211;TP07F217;TP07F218;TP07F220;TP07F223;TP07F252;TP07F253;TP07F256;TP07F266;TP07F271;TP07F281;TP07F287;TP07F296;TP07F297;TP07F317;TP07F324;TP07F330;TP07F333;TP07F337;TP07F346;TP07F347;TP07F350;TP07F352;TP07F354;TP07F356;TP07F361;TP07F368;TP07F370;TP07F371;TP07F372;TP07F387;TP07F388;TP07F391;TP07F393;TP07F394;TP07F400;TP07F403;TP07F405;TP07F407;TP07F410;TP07F411;TP07F412;TP07F429;TP07F432;TP07F435;TP07F436;TP07F445;TP07F450;TP07F452;TP07F455;TP07F456;TP07F457;TP07F459;TP07F464;TP07F466;TP07F467;TP07F468;TP07F469;TP07F473;TP07F475;TP07F477;TP07F479;TP07F481;TP07F482;TP07F484;TP07F487;TP07F490;TP07F491;TP07F492;TP07F496;TP07F499;TP07F500;TP07F501;TP07F503;TP07F504;TP07F508,DIRECT_NATIVE_SOURCE_GENERATED
CPY:IMM_X,95,TP07F008;TP07F009;TP07F015;TP07F058;TP07F072;TP07F076;TP07F077;TP07F078;TP07F140;TP07F144;TP07F145;TP07F148;TP07F150;TP07F151;TP07F152;TP07F153;TP07F160;TP07F223;TP07F232;TP07F243;TP07F284;TP07F313;TP07F314;TP07F352;TP07F353;TP07F359;TP07F362;TP07F363;TP07F373;TP07F379;TP07F387;TP07F388;TP07F391;TP07F394;TP07F403;TP07F405;TP07F442;TP07F443;TP07F446;TP07F457;TP07F459;TP07F484;TP07F487,DIRECT_NATIVE_SOURCE_GENERATED
DEC:ABS,92,TP07F082;TP07F085;TP07F086;TP07F087;TP07F118;TP07F129;TP07F130;TP07F147;TP07F159;TP07F160;TP07F232;TP07F237;TP07F241;TP07F251;TP07F305;TP07F322;TP07F331;TP07F334;TP07F338;TP07F349;TP07F353;TP07F366;TP07F369;TP07F375;TP07F376;TP07F377;TP07F378;TP07F380;TP07F385;TP07F387;TP07F388;TP07F393;TP07F394;TP07F395;TP07F396;TP07F397;TP07F401;TP07F402;TP07F403;TP07F404;TP07F406;TP07F407;TP07F414;TP07F447;TP07F449;TP07F452;TP07F458;TP07F465;TP07F475;TP07F485;TP07F491;TP07F498;TP07F504;TP07F508,DIRECT_NATIVE_SOURCE_GENERATED
DEC:ACC,103,TP07F004;TP07F053;TP07F057;TP07F285;TP07F286;TP07F299;TP07F305;TP07F309;TP07F327;TP07F332;TP07F340;TP07F352;TP07F362;TP07F363;TP07F369;TP07F391;TP07F393;TP07F397;TP07F398;TP07F414;TP07F417;TP07F423;TP07F429;TP07F431;TP07F433;TP07F435;TP07F437;TP07F439;TP07F440;TP07F443;TP07F444;TP07F445;TP07F446;TP07F447;TP07F449;TP07F451;TP07F452;TP07F453;TP07F454;TP07F455;TP07F463;TP07F464;TP07F465;TP07F466;TP07F467;TP07F470;TP07F472;TP07F474;TP07F476;TP07F477;TP07F478;TP07F479;TP07F480;TP07F484;TP07F486;TP07F497;TP07F498;TP07F504,DIRECT_NATIVE_SOURCE_GENERATED
DEC:DP,2,TP07F004,DIRECT_NATIVE_SOURCE_GENERATED
DEX:IMP,87,TP07F003;TP07F041;TP07F058;TP07F069;TP07F104;TP07F105;TP07F116;TP07F117;TP07F119;TP07F120;TP07F138;TP07F139;TP07F150;TP07F151;TP07F152;TP07F153;TP07F177;TP07F183;TP07F208;TP07F321;TP07F337;TP07F351;TP07F354;TP07F356;TP07F370;TP07F387;TP07F388;TP07F394;TP07F401;TP07F402;TP07F404;TP07F406;TP07F456;TP07F466;TP07F468;TP07F469;TP07F484;TP07F491;TP07F492,DIRECT_NATIVE_SOURCE_GENERATED
DEY:IMP,41,TP07F008;TP07F009;TP07F013;TP07F115;TP07F150;TP07F241;TP07F264;TP07F321;TP07F353;TP07F358;TP07F361;TP07F394;TP07F401;TP07F402;TP07F403;TP07F404;TP07F442;TP07F446;TP07F447;TP07F449;TP07F456;TP07F457;TP07F459;TP07F490;TP07F491,DIRECT_NATIVE_SOURCE_GENERATED
EOR:ABS,1,TP07F486,DIRECT_NATIVE_SOURCE_GENERATED
EOR:IMM_M,43,TP07F084;TP07F149;TP07F250;TP07F252;TP07F253;TP07F278;TP07F279;TP07F280;TP07F305;TP07F311;TP07F312;TP07F326;TP07F331;TP07F334;TP07F336;TP07F339;TP07F355;TP07F364;TP07F384;TP07F450;TP07F453;TP07F454;TP07F456;TP07F465;TP07F466;TP07F468;TP07F484;TP07F490;TP07F491,DIRECT_NATIVE_SOURCE_GENERATED
INC:ABS,397,TP07F028;TP07F037;TP07F058;TP07F065;TP07F066;TP07F067;TP07F076;TP07F077;TP07F078;TP07F079;TP07F080;TP07F082;TP07F088;TP07F114;TP07F116;TP07F117;TP07F118;TP07F144;TP07F145;TP07F147;TP07F148;TP07F149;TP07F150;TP07F151;TP07F152;TP07F153;TP07F159;TP07F160;TP07F208;TP07F221;TP07F222;TP07F223;TP07F236;TP07F237;TP07F239;TP07F240;TP07F251;TP07F256;TP07F263;TP07F266;TP07F281;TP07F283;TP07F289;TP07F290;TP07F294;TP07F295;TP07F305;TP07F306;TP07F315;TP07F316;TP07F317;TP07F322;TP07F323;TP07F326;TP07F329;TP07F330;TP07F334;TP07F338;TP07F340;TP07F341;TP07F342;TP07F343;TP07F344;TP07F345;TP07F349;TP07F350;TP07F353;TP07F360;TP07F361;TP07F362;TP07F363;TP07F364;TP07F366;TP07F370;TP07F372;TP07F373;TP07F374;TP07F375;TP07F376;TP07F377;TP07F378;TP07F379;TP07F380;TP07F385;TP07F387;TP07F388;TP07F389;TP07F391;TP07F394;TP07F395;TP07F396;TP07F397;TP07F398;TP07F399;TP07F400;TP07F401;TP07F402;TP07F403;TP07F404;TP07F406;TP07F407;TP07F435;TP07F437;TP07F439;TP07F440;TP07F443;TP07F448;TP07F456;TP07F457;TP07F458;TP07F459;TP07F465;TP07F466;TP07F467;TP07F468;TP07F469;TP07F472;TP07F475;TP07F480;TP07F484;TP07F485;TP07F486;TP07F487;TP07F488;TP07F489;TP07F490;TP07F491;TP07F496;TP07F498;TP07F504;TP07F506;TP07F508;TP07F510;TP07F511;TP07F512;TP07F513,DIRECT_NATIVE_SOURCE_GENERATED
INC:ABS_X,1,TP07F487,DIRECT_NATIVE_SOURCE_GENERATED
INC:ACC,152,TP07F003;TP07F028;TP07F076;TP07F077;TP07F078;TP07F085;TP07F086;TP07F087;TP07F115;TP07F149;TP07F250;TP07F285;TP07F311;TP07F312;TP07F323;TP07F334;TP07F340;TP07F344;TP07F345;TP07F355;TP07F358;TP07F364;TP07F366;TP07F371;TP07F387;TP07F388;TP07F393;TP07F394;TP07F398;TP07F421;TP07F426;TP07F434;TP07F439;TP07F440;TP07F441;TP07F442;TP07F444;TP07F446;TP07F450;TP07F455;TP07F457;TP07F459;TP07F460;TP07F461;TP07F464;TP07F465;TP07F466;TP07F467;TP07F468;TP07F470;TP07F472;TP07F474;TP07F476;TP07F480;TP07F481;TP07F482;TP07F484;TP07F486;TP07F487;TP07F488;TP07F489;TP07F490;TP07F491;TP07F496;TP07F497;TP07F499;TP07F500;TP07F501;TP07F504;TP07F505;TP07F506;TP07F507,DIRECT_NATIVE_SOURCE_GENERATED
INC:DP,3,TP07F038;TP07F039,DIRECT_NATIVE_SOURCE_GENERATED
INX:IMP,113,TP07F001;TP07F013;TP07F016;TP07F058;TP07F061;TP07F076;TP07F077;TP07F078;TP07F118;TP07F119;TP07F120;TP07F138;TP07F139;TP07F140;TP07F144;TP07F145;TP07F148;TP07F150;TP07F160;TP07F211;TP07F220;TP07F223;TP07F232;TP07F264;TP07F296;TP07F297;TP07F305;TP07F351;TP07F354;TP07F356;TP07F361;TP07F362;TP07F363;TP07F369;TP07F387;TP07F388;TP07F394;TP07F403;TP07F405;TP07F407;TP07F491;TP07F492;TP07F504,DIRECT_NATIVE_SOURCE_GENERATED
INY:IMP,298,TP07F003;TP07F027;TP07F041;TP07F058;TP07F072;TP07F076;TP07F077;TP07F078;TP07F082;TP07F111;TP07F115;TP07F117;TP07F118;TP07F140;TP07F144;TP07F145;TP07F148;TP07F150;TP07F160;TP07F210;TP07F220;TP07F223;TP07F233;TP07F243;TP07F244;TP07F284;TP07F322;TP07F323;TP07F331;TP07F347;TP07F358;TP07F359;TP07F366;TP07F370;TP07F371;TP07F372;TP07F373;TP07F379;TP07F387;TP07F388;TP07F391;TP07F394;TP07F395;TP07F400;TP07F403;TP07F405;TP07F407;TP07F439;TP07F440;TP07F447;TP07F449;TP07F460;TP07F461;TP07F468;TP07F474;TP07F477;TP07F481;TP07F482;TP07F490;TP07F491;TP07F496;TP07F497;TP07F498;TP07F507,DIRECT_NATIVE_SOURCE_GENERATED
JMP:ABS_JUMP,198,TP07F005;TP07F015;TP07F035;TP07F036;TP07F040;TP07F041;TP07F044;TP07F046;TP07F047;TP07F049;TP07F050;TP07F051;TP07F052;TP07F053;TP07F057;TP07F065;TP07F066;TP07F067;TP07F117;TP07F129;TP07F130;TP07F132;TP07F134;TP07F135;TP07F137;TP07F138;TP07F139;TP07F142;TP07F147;TP07F148;TP07F149;TP07F151;TP07F152;TP07F153;TP07F158;TP07F214;TP07F297;TP07F299;TP07F323;TP07F326;TP07F327;TP07F332;TP07F340;TP07F343;TP07F346;TP07F348;TP07F350;TP07F352;TP07F353;TP07F354;TP07F355;TP07F356;TP07F360;TP07F364;TP07F369;TP07F370;TP07F371;TP07F372;TP07F393;TP07F394;TP07F396;TP07F398;TP07F400;TP07F406;TP07F407;TP07F414;TP07F431;TP07F432;TP07F434;TP07F436;TP07F443;TP07F444;TP07F445;TP07F447;TP07F449;TP07F450;TP07F451;TP07F452;TP07F453;TP07F454;TP07F455;TP07F456;TP07F457;TP07F458;TP07F459;TP07F463;TP07F464;TP07F465;TP07F466;TP07F467;TP07F468;TP07F469;TP07F471;TP07F472;TP07F474;TP07F475;TP07F476;TP07F477;TP07F478;TP07F479;TP07F480;TP07F481;TP07F482;TP07F484;TP07F485;TP07F486;TP07F488;TP07F489;TP07F490;TP07F491;TP07F496;TP07F497;TP07F504;TP07F508;TP07F509,DIRECT_NATIVE_SOURCE_GENERATED
JSL:ABSL_JUMP,2286,TP07F006;TP07F010;TP07F016;TP07F017;TP07F030;TP07F031;TP07F037;TP07F042;TP07F053;TP07F054;TP07F055;TP07F056;TP07F057;TP07F058;TP07F073;TP07F082;TP07F084;TP07F085;TP07F086;TP07F087;TP07F088;TP07F089;TP07F095;TP07F096;TP07F097;TP07F098;TP07F100;TP07F101;TP07F102;TP07F103;TP07F112;TP07F113;TP07F114;TP07F115;TP07F116;TP07F117;TP07F118;TP07F119;TP07F120;TP07F121;TP07F126;TP07F127;TP07F128;TP07F131;TP07F132;TP07F133;TP07F134;TP07F135;TP07F136;TP07F137;TP07F140;TP07F141;TP07F142;TP07F143;TP07F144;TP07F145;TP07F146;TP07F147;TP07F148;TP07F149;TP07F150;TP07F151;TP07F152;TP07F153;TP07F158;TP07F159;TP07F160;TP07F164;TP07F165;TP07F166;TP07F172;TP07F173;TP07F174;TP07F180;TP07F186;TP07F189;TP07F190;TP07F191;TP07F194;TP07F195;TP07F196;TP07F197;TP07F210;TP07F221;TP07F222;TP07F226;TP07F227;TP07F229;TP07F230;TP07F238;TP07F249;TP07F250;TP07F254;TP07F255;TP07F260;TP07F263;TP07F265;TP07F267;TP07F268;TP07F269;TP07F270;TP07F271;TP07F279;TP07F281;TP07F283;TP07F285;TP07F286;TP07F287;TP07F288;TP07F291;TP07F292;TP07F293;TP07F294;TP07F295;TP07F296;TP07F297;TP07F298;TP07F299;TP07F303;TP07F304;TP07F306;TP07F307;TP07F308;TP07F309;TP07F310;TP07F311;TP07F312;TP07F317;TP07F319;TP07F320;TP07F321;TP07F322;TP07F323;TP07F325;TP07F326;TP07F327;TP07F328;TP07F329;TP07F330;TP07F332;TP07F334;TP07F335;TP07F336;TP07F339;TP07F340;TP07F341;TP07F343;TP07F347;TP07F348;TP07F350;TP07F355;TP07F357;TP07F358;TP07F359;TP07F360;TP07F362;TP07F363;TP07F364;TP07F365;TP07F367;TP07F368;TP07F369;TP07F370;TP07F371;TP07F372;TP07F374;TP07F375;TP07F376;TP07F377;TP07F378;TP07F380;TP07F381;TP07F382;TP07F383;TP07F384;TP07F385;TP07F386;TP07F387;TP07F388;TP07F389;TP07F390;TP07F391;TP07F393;TP07F394;TP07F395;TP07F396;TP07F397;TP07F398;TP07F399;TP07F400;TP07F401;TP07F402;TP07F403;TP07F404;TP07F406;TP07F407;TP07F408;TP07F409;TP07F410;TP07F411;TP07F412;TP07F413;TP07F414;TP07F415;TP07F416;TP07F417;TP07F418;TP07F419;TP07F420;TP07F421;TP07F422;TP07F423;TP07F424;TP07F425;TP07F426;TP07F427;TP07F428;TP07F429;TP07F430;TP07F431;TP07F432;TP07F433;TP07F434;TP07F435;TP07F436;TP07F437;TP07F438;TP07F439;TP07F440;TP07F441;TP07F442;TP07F443;TP07F444;TP07F445;TP07F446;TP07F447;TP07F448;TP07F449;TP07F450;TP07F451;TP07F452;TP07F453;TP07F454;TP07F455;TP07F456;TP07F457;TP07F458;TP07F459;TP07F460;TP07F461;TP07F462;TP07F463;TP07F464;TP07F465;TP07F466;TP07F467;TP07F468;TP07F469;TP07F470;TP07F471;TP07F472;TP07F473;TP07F474;TP07F476;TP07F477;TP07F478;TP07F479;TP07F480;TP07F481;TP07F482;TP07F483;TP07F484;TP07F485;TP07F486;TP07F487;TP07F488;TP07F489;TP07F490;TP07F491;TP07F492;TP07F493;TP07F494;TP07F495;TP07F496;TP07F497;TP07F498;TP07F499;TP07F500;TP07F501;TP07F502;TP07F503;TP07F504;TP07F505;TP07F506;TP07F507;TP07F508;TP07F509;TP07F510;TP07F511;TP07F512;TP07F513,DIRECT_NATIVE_SOURCE_GENERATED
JSR:ABS_JUMP,126,TP07F005;TP07F035;TP07F036;TP07F038;TP07F039;TP07F040;TP07F041;TP07F044;TP07F046;TP07F047;TP07F049;TP07F050;TP07F051;TP07F052;TP07F116;TP07F117;TP07F124;TP07F125;TP07F131;TP07F143;TP07F146;TP07F149;TP07F150;TP07F151;TP07F152;TP07F153;TP07F154;TP07F155;TP07F156;TP07F273;TP07F274;TP07F275;TP07F308;TP07F313;TP07F314;TP07F335;TP07F337;TP07F370;TP07F447;TP07F449;TP07F468;TP07F471;TP07F481;TP07F482;TP07F483;TP07F484;TP07F486;TP07F493;TP07F494;TP07F495;TP07F508;TP07F509;TP07F510;TP07F511;TP07F512;TP07F513,DIRECT_NATIVE_SOURCE_GENERATED
LDA:ABS,5527,TP07F008;TP07F009;TP07F014;TP07F015;TP07F016;TP07F020;TP07F021;TP07F027;TP07F028;TP07F029;TP07F033;TP07F042;TP07F053;TP07F054;TP07F055;TP07F056;TP07F057;TP07F058;TP07F059;TP07F060;TP07F061;TP07F065;TP07F066;TP07F067;TP07F068;TP07F072;TP07F073;TP07F075;TP07F076;TP07F077;TP07F078;TP07F079;TP07F080;TP07F081;TP07F082;TP07F083;TP07F084;TP07F085;TP07F086;TP07F087;TP07F088;TP07F095;TP07F096;TP07F110;TP07F111;TP07F112;TP07F113;TP07F114;TP07F115;TP07F116;TP07F117;TP07F118;TP07F119;TP07F120;TP07F122;TP07F123;TP07F126;TP07F127;TP07F128;TP07F129;TP07F130;TP07F131;TP07F132;TP07F133;TP07F134;TP07F135;TP07F136;TP07F137;TP07F138;TP07F139;TP07F140;TP07F141;TP07F142;TP07F143;TP07F144;TP07F145;TP07F146;TP07F147;TP07F148;TP07F149;TP07F150;TP07F151;TP07F152;TP07F153;TP07F157;TP07F158;TP07F159;TP07F160;TP07F167;TP07F170;TP07F171;TP07F175;TP07F176;TP07F178;TP07F179;TP07F180;TP07F181;TP07F182;TP07F201;TP07F202;TP07F203;TP07F204;TP07F205;TP07F208;TP07F211;TP07F214;TP07F215;TP07F217;TP07F218;TP07F220;TP07F221;TP07F222;TP07F224;TP07F225;TP07F226;TP07F227;TP07F228;TP07F230;TP07F231;TP07F232;TP07F233;TP07F234;TP07F235;TP07F236;TP07F237;TP07F238;TP07F239;TP07F240;TP07F241;TP07F242;TP07F243;TP07F244;TP07F245;TP07F249;TP07F250;TP07F251;TP07F252;TP07F253;TP07F254;TP07F255;TP07F256;TP07F257;TP07F258;TP07F259;TP07F260;TP07F261;TP07F262;TP07F263;TP07F265;TP07F266;TP07F267;TP07F268;TP07F269;TP07F270;TP07F273;TP07F274;TP07F275;TP07F276;TP07F277;TP07F281;TP07F282;TP07F283;TP07F284;TP07F285;TP07F286;TP07F287;TP07F288;TP07F289;TP07F290;TP07F291;TP07F292;TP07F293;TP07F294;TP07F295;TP07F296;TP07F297;TP07F298;TP07F299;TP07F300;TP07F301;TP07F302;TP07F303;TP07F304;TP07F305;TP07F306;TP07F307;TP07F308;TP07F309;TP07F310;TP07F311;TP07F312;TP07F313;TP07F314;TP07F315;TP07F316;TP07F317;TP07F318;TP07F319;TP07F320;TP07F321;TP07F322;TP07F323;TP07F324;TP07F325;TP07F326;TP07F327;TP07F328;TP07F329;TP07F330;TP07F331;TP07F332;TP07F334;TP07F335;TP07F336;TP07F337;TP07F338;TP07F339;TP07F340;TP07F341;TP07F342;TP07F343;TP07F344;TP07F345;TP07F346;TP07F347;TP07F348;TP07F349;TP07F350;TP07F351;TP07F352;TP07F353;TP07F354;TP07F355;TP07F356;TP07F357;TP07F358;TP07F359;TP07F360;TP07F361;TP07F362;TP07F363;TP07F364;TP07F365;TP07F366;TP07F367;TP07F368;TP07F369;TP07F370;TP07F371;TP07F372;TP07F373;TP07F374;TP07F375;TP07F376;TP07F377;TP07F378;TP07F379;TP07F380;TP07F383;TP07F384;TP07F385;TP07F386;TP07F387;TP07F388;TP07F389;TP07F390;TP07F391;TP07F392;TP07F393;TP07F394;TP07F395;TP07F396;TP07F397;TP07F398;TP07F399;TP07F400;TP07F401;TP07F402;TP07F403;TP07F404;TP07F405;TP07F406;TP07F407;TP07F408;TP07F409;TP07F410;TP07F411;TP07F412;TP07F413;TP07F414;TP07F415;TP07F416;TP07F417;TP07F418;TP07F419;TP07F420;TP07F421;TP07F422;TP07F423;TP07F424;TP07F425;TP07F426;TP07F427;TP07F428;TP07F429;TP07F430;TP07F431;TP07F432;TP07F433;TP07F434;TP07F435;TP07F436;TP07F437;TP07F438;TP07F439;TP07F440;TP07F441;TP07F442;TP07F443;TP07F444;TP07F445;TP07F446;TP07F447;TP07F448;TP07F449;TP07F450;TP07F451;TP07F452;TP07F453;TP07F454;TP07F455;TP07F456;TP07F457;TP07F458;TP07F459;TP07F460;TP07F461;TP07F462;TP07F463;TP07F464;TP07F465;TP07F466;TP07F467;TP07F468;TP07F469;TP07F470;TP07F471;TP07F472;TP07F473;TP07F474;TP07F475;TP07F476;TP07F477;TP07F478;TP07F479;TP07F480;TP07F481;TP07F482;TP07F483;TP07F484;TP07F485;TP07F486;TP07F487;TP07F488;TP07F489;TP07F490;TP07F491;TP07F492;TP07F493;TP07F494;TP07F495;TP07F496;TP07F497;TP07F498;TP07F499;TP07F500;TP07F501;TP07F503;TP07F504;TP07F505;TP07F506;TP07F507;TP07F508;TP07F510;TP07F511;TP07F512;TP07F513,DIRECT_NATIVE_SOURCE_GENERATED
LDA:ABSL,25,TP07F005;TP07F088;TP07F119;TP07F120;TP07F352;TP07F364;TP07F394;TP07F405;TP07F406;TP07F455;TP07F456;TP07F476;TP07F479;TP07F490,DIRECT_NATIVE_SOURCE_GENERATED
LDA:ABSL_X,856,TP07F001;TP07F015;TP07F016;TP07F037;TP07F053;TP07F057;TP07F058;TP07F069;TP07F073;TP07F076;TP07F077;TP07F078;TP07F085;TP07F086;TP07F087;TP07F114;TP07F115;TP07F116;TP07F117;TP07F118;TP07F119;TP07F120;TP07F126;TP07F130;TP07F131;TP07F137;TP07F138;TP07F139;TP07F140;TP07F142;TP07F143;TP07F145;TP07F146;TP07F147;TP07F148;TP07F149;TP07F150;TP07F158;TP07F159;TP07F188;TP07F230;TP07F234;TP07F235;TP07F242;TP07F266;TP07F271;TP07F278;TP07F279;TP07F280;TP07F282;TP07F285;TP07F286;TP07F288;TP07F294;TP07F295;TP07F296;TP07F299;TP07F303;TP07F304;TP07F305;TP07F308;TP07F309;TP07F310;TP07F311;TP07F312;TP07F316;TP07F326;TP07F327;TP07F329;TP07F330;TP07F336;TP07F340;TP07F344;TP07F345;TP07F346;TP07F347;TP07F348;TP07F350;TP07F351;TP07F352;TP07F353;TP07F354;TP07F355;TP07F356;TP07F357;TP07F358;TP07F360;TP07F361;TP07F362;TP07F363;TP07F364;TP07F366;TP07F369;TP07F370;TP07F371;TP07F372;TP07F374;TP07F375;TP07F376;TP07F377;TP07F378;TP07F387;TP07F388;TP07F389;TP07F390;TP07F391;TP07F393;TP07F394;TP07F395;TP07F396;TP07F397;TP07F398;TP07F400;TP07F401;TP07F402;TP07F403;TP07F404;TP07F405;TP07F406;TP07F407;TP07F426;TP07F429;TP07F431;TP07F432;TP07F433;TP07F434;TP07F435;TP07F436;TP07F437;TP07F439;TP07F440;TP07F441;TP07F443;TP07F444;TP07F445;TP07F446;TP07F447;TP07F448;TP07F449;TP07F450;TP07F452;TP07F453;TP07F454;TP07F455;TP07F456;TP07F457;TP07F459;TP07F463;TP07F464;TP07F465;TP07F466;TP07F467;TP07F468;TP07F469;TP07F470;TP07F472;TP07F473;TP07F474;TP07F475;TP07F476;TP07F477;TP07F478;TP07F479;TP07F480;TP07F483;TP07F484;TP07F485;TP07F487;TP07F490;TP07F496;TP07F503;TP07F504;TP07F508,DIRECT_NATIVE_SOURCE_GENERATED
LDA:ABS_X,85,TP07F061;TP07F068;TP07F072;TP07F129;TP07F130;TP07F140;TP07F144;TP07F145;TP07F148;TP07F149;TP07F150;TP07F157;TP07F159;TP07F160;TP07F199;TP07F200;TP07F211;TP07F232;TP07F326;TP07F364;TP07F380;TP07F385;TP07F394;TP07F397;TP07F403;TP07F456;TP07F485;TP07F487;TP07F490;TP07F492,DIRECT_NATIVE_SOURCE_GENERATED
LDA:ABS_Y,308,TP07F114;TP07F116;TP07F117;TP07F126;TP07F141;TP07F144;TP07F145;TP07F150;TP07F159;TP07F160;TP07F230;TP07F250;TP07F279;TP07F288;TP07F294;TP07F295;TP07F298;TP07F308;TP07F311;TP07F312;TP07F340;TP07F351;TP07F353;TP07F355;TP07F359;TP07F364;TP07F370;TP07F371;TP07F375;TP07F376;TP07F377;TP07F378;TP07F387;TP07F388;TP07F391;TP07F393;TP07F394;TP07F395;TP07F396;TP07F397;TP07F398;TP07F399;TP07F405;TP07F407;TP07F431;TP07F432;TP07F434;TP07F448;TP07F450;TP07F455;TP07F456;TP07F466;TP07F474;TP07F477;TP07F481;TP07F482;TP07F484;TP07F487;TP07F490;TP07F493;TP07F494;TP07F495;TP07F496;TP07F497;TP07F499;TP07F500;TP07F501;TP07F504;TP07F506,DIRECT_NATIVE_SOURCE_GENERATED
LDA:DP,25,TP07F004;TP07F035;TP07F036;TP07F038;TP07F039;TP07F040;TP07F041;TP07F044;TP07F047;TP07F052,DIRECT_NATIVE_SOURCE_GENERATED
LDA:DP_IND_LONG,37,TP07F113;TP07F138;TP07F139;TP07F150;TP07F151;TP07F152;TP07F153;TP07F251;TP07F265;TP07F273;TP07F274;TP07F275;TP07F285;TP07F307;TP07F319;TP07F322;TP07F340;TP07F351;TP07F354;TP07F356;TP07F371;TP07F380;TP07F385;TP07F398;TP07F400;TP07F403;TP07F408;TP07F415;TP07F432;TP07F437;TP07F448;TP07F459;TP07F474;TP07F484;TP07F487;TP07F490,DIRECT_NATIVE_SOURCE_GENERATED
LDA:DP_IND_LONG_Y,2419,TP07F003;TP07F027;TP07F028;TP07F038;TP07F039;TP07F041;TP07F058;TP07F065;TP07F066;TP07F067;TP07F079;TP07F080;TP07F082;TP07F085;TP07F086;TP07F087;TP07F111;TP07F114;TP07F115;TP07F116;TP07F117;TP07F118;TP07F124;TP07F125;TP07F126;TP07F127;TP07F128;TP07F131;TP07F132;TP07F133;TP07F134;TP07F135;TP07F136;TP07F137;TP07F138;TP07F139;TP07F140;TP07F141;TP07F142;TP07F143;TP07F144;TP07F145;TP07F146;TP07F147;TP07F148;TP07F149;TP07F150;TP07F158;TP07F184;TP07F185;TP07F188;TP07F198;TP07F210;TP07F214;TP07F220;TP07F223;TP07F224;TP07F225;TP07F226;TP07F227;TP07F233;TP07F238;TP07F239;TP07F240;TP07F241;TP07F243;TP07F244;TP07F249;TP07F257;TP07F258;TP07F259;TP07F263;TP07F265;TP07F267;TP07F268;TP07F269;TP07F270;TP07F271;TP07F272;TP07F273;TP07F274;TP07F275;TP07F276;TP07F277;TP07F278;TP07F279;TP07F280;TP07F282;TP07F283;TP07F284;TP07F285;TP07F286;TP07F289;TP07F290;TP07F291;TP07F292;TP07F293;TP07F294;TP07F295;TP07F299;TP07F300;TP07F301;TP07F302;TP07F303;TP07F304;TP07F305;TP07F308;TP07F309;TP07F310;TP07F311;TP07F312;TP07F313;TP07F314;TP07F315;TP07F317;TP07F318;TP07F319;TP07F320;TP07F322;TP07F323;TP07F324;TP07F325;TP07F326;TP07F331;TP07F335;TP07F336;TP07F337;TP07F338;TP07F340;TP07F341;TP07F343;TP07F344;TP07F345;TP07F347;TP07F348;TP07F349;TP07F350;TP07F352;TP07F355;TP07F356;TP07F358;TP07F360;TP07F361;TP07F362;TP07F363;TP07F364;TP07F365;TP07F367;TP07F368;TP07F369;TP07F370;TP07F371;TP07F372;TP07F375;TP07F378;TP07F383;TP07F386;TP07F387;TP07F388;TP07F389;TP07F390;TP07F391;TP07F393;TP07F394;TP07F398;TP07F400;TP07F401;TP07F402;TP07F403;TP07F404;TP07F405;TP07F406;TP07F407;TP07F408;TP07F409;TP07F410;TP07F411;TP07F412;TP07F413;TP07F414;TP07F415;TP07F417;TP07F421;TP07F422;TP07F423;TP07F424;TP07F425;TP07F426;TP07F427;TP07F428;TP07F429;TP07F430;TP07F431;TP07F432;TP07F433;TP07F434;TP07F435;TP07F436;TP07F437;TP07F438;TP07F439;TP07F440;TP07F441;TP07F442;TP07F443;TP07F444;TP07F445;TP07F446;TP07F447;TP07F448;TP07F449;TP07F450;TP07F451;TP07F452;TP07F453;TP07F454;TP07F455;TP07F456;TP07F457;TP07F458;TP07F459;TP07F460;TP07F461;TP07F462;TP07F463;TP07F464;TP07F465;TP07F466;TP07F467;TP07F468;TP07F469;TP07F470;TP07F471;TP07F472;TP07F473;TP07F474;TP07F475;TP07F476;TP07F477;TP07F478;TP07F479;TP07F480;TP07F481;TP07F482;TP07F483;TP07F484;TP07F485;TP07F486;TP07F487;TP07F488;TP07F489;TP07F490;TP07F491;TP07F492;TP07F496;TP07F497;TP07F498;TP07F499;TP07F500;TP07F501;TP07F504;TP07F505;TP07F506;TP07F507;TP07F508,DIRECT_NATIVE_SOURCE_GENERATED
LDA:IMM_M,4047,TP07F001;TP07F002;TP07F003;TP07F004;TP07F005;TP07F007;TP07F010;TP07F011;TP07F012;TP07F013;TP07F014;TP07F015;TP07F016;TP07F017;TP07F018;TP07F019;TP07F020;TP07F021;TP07F022;TP07F023;TP07F024;TP07F025;TP07F026;TP07F027;TP07F028;TP07F029;TP07F030;TP07F031;TP07F035;TP07F036;TP07F037;TP07F038;TP07F039;TP07F040;TP07F041;TP07F042;TP07F043;TP07F044;TP07F046;TP07F047;TP07F049;TP07F050;TP07F051;TP07F052;TP07F053;TP07F054;TP07F055;TP07F056;TP07F057;TP07F058;TP07F059;TP07F060;TP07F061;TP07F065;TP07F066;TP07F067;TP07F068;TP07F071;TP07F072;TP07F073;TP07F074;TP07F076;TP07F077;TP07F078;TP07F079;TP07F080;TP07F082;TP07F084;TP07F085;TP07F086;TP07F087;TP07F088;TP07F094;TP07F097;TP07F098;TP07F102;TP07F103;TP07F104;TP07F105;TP07F110;TP07F112;TP07F113;TP07F115;TP07F116;TP07F117;TP07F118;TP07F119;TP07F120;TP07F126;TP07F127;TP07F128;TP07F130;TP07F131;TP07F132;TP07F135;TP07F137;TP07F138;TP07F139;TP07F140;TP07F141;TP07F142;TP07F143;TP07F144;TP07F145;TP07F146;TP07F147;TP07F148;TP07F149;TP07F150;TP07F151;TP07F152;TP07F153;TP07F157;TP07F158;TP07F159;TP07F160;TP07F168;TP07F169;TP07F170;TP07F171;TP07F172;TP07F173;TP07F174;TP07F177;TP07F178;TP07F179;TP07F183;TP07F186;TP07F189;TP07F190;TP07F191;TP07F194;TP07F195;TP07F196;TP07F197;TP07F198;TP07F206;TP07F207;TP07F209;TP07F210;TP07F211;TP07F214;TP07F215;TP07F216;TP07F217;TP07F218;TP07F219;TP07F221;TP07F222;TP07F223;TP07F229;TP07F230;TP07F231;TP07F232;TP07F233;TP07F234;TP07F235;TP07F236;TP07F237;TP07F239;TP07F240;TP07F241;TP07F242;TP07F243;TP07F245;TP07F246;TP07F247;TP07F248;TP07F250;TP07F252;TP07F253;TP07F254;TP07F255;TP07F256;TP07F257;TP07F258;TP07F260;TP07F261;TP07F262;TP07F263;TP07F264;TP07F265;TP07F266;TP07F267;TP07F268;TP07F269;TP07F270;TP07F271;TP07F272;TP07F276;TP07F277;TP07F281;TP07F282;TP07F283;TP07F284;TP07F285;TP07F286;TP07F287;TP07F288;TP07F289;TP07F290;TP07F291;TP07F292;TP07F293;TP07F294;TP07F295;TP07F296;TP07F297;TP07F298;TP07F299;TP07F300;TP07F301;TP07F303;TP07F304;TP07F305;TP07F307;TP07F308;TP07F309;TP07F310;TP07F311;TP07F312;TP07F313;TP07F314;TP07F315;TP07F316;TP07F317;TP07F318;TP07F320;TP07F321;TP07F322;TP07F323;TP07F324;TP07F325;TP07F326;TP07F327;TP07F328;TP07F329;TP07F330;TP07F331;TP07F332;TP07F333;TP07F334;TP07F335;TP07F336;TP07F337;TP07F338;TP07F339;TP07F340;TP07F341;TP07F342;TP07F343;TP07F344;TP07F345;TP07F346;TP07F347;TP07F348;TP07F349;TP07F350;TP07F351;TP07F352;TP07F353;TP07F354;TP07F355;TP07F356;TP07F357;TP07F358;TP07F359;TP07F360;TP07F361;TP07F362;TP07F363;TP07F364;TP07F365;TP07F366;TP07F367;TP07F368;TP07F369;TP07F370;TP07F371;TP07F372;TP07F373;TP07F374;TP07F375;TP07F376;TP07F377;TP07F378;TP07F379;TP07F380;TP07F381;TP07F382;TP07F383;TP07F384;TP07F385;TP07F386;TP07F387;TP07F388;TP07F389;TP07F390;TP07F391;TP07F392;TP07F393;TP07F394;TP07F395;TP07F396;TP07F397;TP07F398;TP07F399;TP07F400;TP07F401;TP07F402;TP07F403;TP07F404;TP07F405;TP07F406;TP07F407;TP07F408;TP07F409;TP07F410;TP07F411;TP07F412;TP07F413;TP07F414;TP07F415;TP07F416;TP07F418;TP07F419;TP07F420;TP07F422;TP07F423;TP07F424;TP07F425;TP07F426;TP07F427;TP07F428;TP07F429;TP07F430;TP07F431;TP07F432;TP07F433;TP07F434;TP07F435;TP07F436;TP07F437;TP07F438;TP07F439;TP07F440;TP07F441;TP07F442;TP07F443;TP07F444;TP07F445;TP07F446;TP07F447;TP07F448;TP07F449;TP07F450;TP07F451;TP07F452;TP07F453;TP07F454;TP07F455;TP07F456;TP07F457;TP07F458;TP07F459;TP07F460;TP07F461;TP07F463;TP07F464;TP07F465;TP07F466;TP07F467;TP07F468;TP07F469;TP07F470;TP07F471;TP07F472;TP07F473;TP07F474;TP07F475;TP07F476;TP07F477;TP07F478;TP07F479;TP07F480;TP07F481;TP07F482;TP07F483;TP07F484;TP07F485;TP07F486;TP07F487;TP07F488;TP07F489;TP07F490;TP07F491;TP07F492;TP07F493;TP07F494;TP07F495;TP07F496;TP07F497;TP07F498;TP07F499;TP07F500;TP07F501;TP07F503;TP07F504;TP07F505;TP07F506;TP07F507;TP07F508;TP07F509;TP07F510;TP07F511;TP07F512;TP07F513,DIRECT_NATIVE_SOURCE_GENERATED
LDX:ABS,1482,TP07F008;TP07F009;TP07F026;TP07F027;TP07F028;TP07F033;TP07F058;TP07F065;TP07F066;TP07F067;TP07F068;TP07F073;TP07F074;TP07F075;TP07F076;TP07F077;TP07F078;TP07F079;TP07F080;TP07F081;TP07F082;TP07F085;TP07F086;TP07F087;TP07F088;TP07F098;TP07F099;TP07F100;TP07F101;TP07F102;TP07F103;TP07F104;TP07F105;TP07F106;TP07F107;TP07F108;TP07F109;TP07F110;TP07F112;TP07F113;TP07F114;TP07F115;TP07F116;TP07F117;TP07F118;TP07F119;TP07F120;TP07F126;TP07F127;TP07F128;TP07F129;TP07F130;TP07F131;TP07F132;TP07F133;TP07F134;TP07F135;TP07F136;TP07F137;TP07F138;TP07F139;TP07F140;TP07F141;TP07F142;TP07F143;TP07F144;TP07F145;TP07F146;TP07F147;TP07F148;TP07F149;TP07F150;TP07F151;TP07F152;TP07F153;TP07F157;TP07F158;TP07F160;TP07F181;TP07F182;TP07F183;TP07F189;TP07F192;TP07F193;TP07F201;TP07F202;TP07F203;TP07F204;TP07F205;TP07F217;TP07F218;TP07F220;TP07F224;TP07F225;TP07F228;TP07F230;TP07F233;TP07F234;TP07F235;TP07F238;TP07F239;TP07F240;TP07F243;TP07F251;TP07F252;TP07F253;TP07F254;TP07F255;TP07F256;TP07F257;TP07F258;TP07F260;TP07F263;TP07F265;TP07F266;TP07F267;TP07F268;TP07F269;TP07F270;TP07F271;TP07F273;TP07F274;TP07F275;TP07F276;TP07F277;TP07F278;TP07F279;TP07F280;TP07F281;TP07F283;TP07F284;TP07F285;TP07F286;TP07F287;TP07F288;TP07F289;TP07F290;TP07F291;TP07F292;TP07F293;TP07F294;TP07F295;TP07F299;TP07F300;TP07F301;TP07F302;TP07F303;TP07F304;TP07F305;TP07F307;TP07F308;TP07F309;TP07F310;TP07F311;TP07F312;TP07F313;TP07F314;TP07F315;TP07F316;TP07F317;TP07F318;TP07F319;TP07F320;TP07F322;TP07F323;TP07F324;TP07F325;TP07F326;TP07F328;TP07F329;TP07F330;TP07F331;TP07F333;TP07F335;TP07F336;TP07F337;TP07F338;TP07F340;TP07F341;TP07F342;TP07F343;TP07F344;TP07F345;TP07F346;TP07F347;TP07F348;TP07F349;TP07F350;TP07F351;TP07F352;TP07F354;TP07F355;TP07F356;TP07F358;TP07F359;TP07F360;TP07F364;TP07F365;TP07F366;TP07F367;TP07F368;TP07F369;TP07F370;TP07F371;TP07F372;TP07F373;TP07F375;TP07F378;TP07F379;TP07F380;TP07F383;TP07F384;TP07F385;TP07F386;TP07F387;TP07F388;TP07F389;TP07F390;TP07F391;TP07F392;TP07F393;TP07F394;TP07F396;TP07F398;TP07F399;TP07F400;TP07F401;TP07F402;TP07F403;TP07F404;TP07F406;TP07F407;TP07F408;TP07F409;TP07F410;TP07F411;TP07F412;TP07F413;TP07F414;TP07F415;TP07F416;TP07F418;TP07F419;TP07F420;TP07F421;TP07F422;TP07F423;TP07F426;TP07F427;TP07F428;TP07F429;TP07F430;TP07F431;TP07F432;TP07F433;TP07F434;TP07F435;TP07F436;TP07F437;TP07F438;TP07F439;TP07F440;TP07F441;TP07F442;TP07F443;TP07F444;TP07F445;TP07F446;TP07F447;TP07F448;TP07F449;TP07F450;TP07F451;TP07F452;TP07F453;TP07F454;TP07F455;TP07F456;TP07F457;TP07F458;TP07F459;TP07F460;TP07F461;TP07F462;TP07F463;TP07F464;TP07F465;TP07F466;TP07F467;TP07F468;TP07F469;TP07F470;TP07F471;TP07F472;TP07F473;TP07F474;TP07F475;TP07F476;TP07F477;TP07F478;TP07F479;TP07F480;TP07F481;TP07F482;TP07F483;TP07F484;TP07F485;TP07F486;TP07F487;TP07F490;TP07F491;TP07F492;TP07F493;TP07F494;TP07F495;TP07F496;TP07F497;TP07F498;TP07F499;TP07F500;TP07F501;TP07F503;TP07F504;TP07F505;TP07F506;TP07F507;TP07F508;TP07F509,DIRECT_NATIVE_SOURCE_GENERATED
LDX:IMM_X,745,TP07F001;TP07F002;TP07F010;TP07F012;TP07F013;TP07F014;TP07F016;TP07F018;TP07F023;TP07F024;TP07F025;TP07F026;TP07F028;TP07F031;TP07F032;TP07F037;TP07F042;TP07F053;TP07F057;TP07F058;TP07F061;TP07F065;TP07F066;TP07F067;TP07F069;TP07F070;TP07F071;TP07F073;TP07F074;TP07F075;TP07F076;TP07F077;TP07F078;TP07F079;TP07F080;TP07F082;TP07F085;TP07F086;TP07F087;TP07F088;TP07F090;TP07F091;TP07F097;TP07F110;TP07F115;TP07F117;TP07F118;TP07F119;TP07F120;TP07F122;TP07F123;TP07F127;TP07F128;TP07F131;TP07F132;TP07F133;TP07F134;TP07F135;TP07F136;TP07F137;TP07F138;TP07F139;TP07F140;TP07F142;TP07F143;TP07F144;TP07F145;TP07F146;TP07F147;TP07F148;TP07F149;TP07F150;TP07F151;TP07F152;TP07F153;TP07F158;TP07F160;TP07F162;TP07F163;TP07F201;TP07F202;TP07F203;TP07F204;TP07F205;TP07F206;TP07F207;TP07F209;TP07F211;TP07F212;TP07F213;TP07F215;TP07F216;TP07F217;TP07F218;TP07F219;TP07F220;TP07F221;TP07F222;TP07F223;TP07F229;TP07F231;TP07F232;TP07F234;TP07F235;TP07F236;TP07F238;TP07F241;TP07F243;TP07F246;TP07F247;TP07F248;TP07F249;TP07F256;TP07F257;TP07F258;TP07F262;TP07F264;TP07F271;TP07F272;TP07F281;TP07F284;TP07F288;TP07F289;TP07F290;TP07F294;TP07F295;TP07F296;TP07F297;TP07F300;TP07F305;TP07F311;TP07F312;TP07F316;TP07F317;TP07F318;TP07F319;TP07F320;TP07F321;TP07F324;TP07F325;TP07F327;TP07F328;TP07F329;TP07F330;TP07F331;TP07F333;TP07F335;TP07F340;TP07F341;TP07F342;TP07F343;TP07F344;TP07F345;TP07F346;TP07F347;TP07F348;TP07F350;TP07F351;TP07F352;TP07F353;TP07F354;TP07F355;TP07F356;TP07F358;TP07F360;TP07F361;TP07F366;TP07F369;TP07F370;TP07F371;TP07F372;TP07F373;TP07F374;TP07F375;TP07F378;TP07F379;TP07F380;TP07F381;TP07F382;TP07F383;TP07F384;TP07F385;TP07F386;TP07F387;TP07F388;TP07F389;TP07F390;TP07F391;TP07F393;TP07F394;TP07F395;TP07F397;TP07F400;TP07F401;TP07F402;TP07F403;TP07F404;TP07F405;TP07F406;TP07F407;TP07F408;TP07F415;TP07F423;TP07F424;TP07F425;TP07F427;TP07F428;TP07F432;TP07F433;TP07F435;TP07F436;TP07F437;TP07F439;TP07F440;TP07F443;TP07F444;TP07F445;TP07F446;TP07F447;TP07F449;TP07F450;TP07F451;TP07F452;TP07F455;TP07F456;TP07F457;TP07F458;TP07F459;TP07F460;TP07F461;TP07F465;TP07F466;TP07F467;TP07F468;TP07F469;TP07F470;TP07F471;TP07F472;TP07F473;TP07F475;TP07F478;TP07F480;TP07F481;TP07F482;TP07F483;TP07F484;TP07F485;TP07F486;TP07F487;TP07F488;TP07F489;TP07F490;TP07F491;TP07F492;TP07F496;TP07F497;TP07F499;TP07F500;TP07F501;TP07F503;TP07F505;TP07F506;TP07F507;TP07F508;TP07F509,DIRECT_NATIVE_SOURCE_GENERATED
LDY:ABS,547,TP07F008;TP07F009;TP07F015;TP07F028;TP07F037;TP07F068;TP07F073;TP07F079;TP07F080;TP07F082;TP07F106;TP07F107;TP07F108;TP07F109;TP07F114;TP07F115;TP07F116;TP07F117;TP07F118;TP07F140;TP07F142;TP07F143;TP07F144;TP07F145;TP07F150;TP07F157;TP07F160;TP07F192;TP07F193;TP07F232;TP07F239;TP07F240;TP07F242;TP07F250;TP07F257;TP07F258;TP07F278;TP07F279;TP07F280;TP07F285;TP07F289;TP07F290;TP07F294;TP07F295;TP07F298;TP07F300;TP07F305;TP07F311;TP07F312;TP07F313;TP07F314;TP07F315;TP07F318;TP07F322;TP07F323;TP07F326;TP07F338;TP07F340;TP07F341;TP07F342;TP07F343;TP07F344;TP07F345;TP07F346;TP07F349;TP07F350;TP07F351;TP07F353;TP07F355;TP07F358;TP07F362;TP07F363;TP07F364;TP07F370;TP07F371;TP07F372;TP07F375;TP07F378;TP07F389;TP07F390;TP07F391;TP07F392;TP07F394;TP07F395;TP07F396;TP07F398;TP07F399;TP07F400;TP07F403;TP07F406;TP07F407;TP07F424;TP07F425;TP07F432;TP07F443;TP07F447;TP07F448;TP07F449;TP07F450;TP07F452;TP07F453;TP07F454;TP07F456;TP07F457;TP07F459;TP07F465;TP07F466;TP07F468;TP07F469;TP07F472;TP07F475;TP07F480;TP07F484;TP07F485;TP07F487;TP07F490;TP07F491;TP07F493;TP07F494;TP07F495;TP07F497;TP07F499;TP07F500;TP07F501;TP07F504;TP07F506;TP07F507,DIRECT_NATIVE_SOURCE_GENERATED
LDY:ABS_X,1,TP07F232,DIRECT_NATIVE_SOURCE_GENERATED
LDY:IMM_X,3498,TP07F003;TP07F013;TP07F016;TP07F025;TP07F026;TP07F027;TP07F038;TP07F039;TP07F041;TP07F053;TP07F057;TP07F058;TP07F065;TP07F066;TP07F067;TP07F076;TP07F077;TP07F078;TP07F082;TP07F085;TP07F086;TP07F087;TP07F088;TP07F111;TP07F113;TP07F114;TP07F115;TP07F116;TP07F117;TP07F118;TP07F119;TP07F120;TP07F124;TP07F125;TP07F126;TP07F127;TP07F128;TP07F131;TP07F132;TP07F133;TP07F134;TP07F135;TP07F136;TP07F137;TP07F138;TP07F139;TP07F140;TP07F141;TP07F142;TP07F143;TP07F144;TP07F145;TP07F146;TP07F147;TP07F148;TP07F149;TP07F150;TP07F151;TP07F152;TP07F153;TP07F158;TP07F160;TP07F184;TP07F185;TP07F188;TP07F198;TP07F209;TP07F210;TP07F214;TP07F220;TP07F223;TP07F224;TP07F225;TP07F226;TP07F227;TP07F230;TP07F232;TP07F233;TP07F237;TP07F238;TP07F242;TP07F243;TP07F244;TP07F245;TP07F249;TP07F259;TP07F263;TP07F264;TP07F265;TP07F266;TP07F267;TP07F268;TP07F269;TP07F270;TP07F271;TP07F272;TP07F273;TP07F274;TP07F275;TP07F276;TP07F277;TP07F278;TP07F279;TP07F280;TP07F282;TP07F283;TP07F284;TP07F285;TP07F286;TP07F288;TP07F291;TP07F292;TP07F293;TP07F294;TP07F295;TP07F296;TP07F297;TP07F299;TP07F300;TP07F301;TP07F302;TP07F303;TP07F304;TP07F307;TP07F308;TP07F309;TP07F310;TP07F313;TP07F314;TP07F315;TP07F317;TP07F318;TP07F319;TP07F320;TP07F321;TP07F322;TP07F324;TP07F325;TP07F326;TP07F327;TP07F329;TP07F330;TP07F335;TP07F336;TP07F337;TP07F338;TP07F340;TP07F341;TP07F343;TP07F344;TP07F345;TP07F346;TP07F347;TP07F348;TP07F349;TP07F350;TP07F351;TP07F352;TP07F355;TP07F356;TP07F358;TP07F359;TP07F360;TP07F361;TP07F362;TP07F363;TP07F364;TP07F365;TP07F367;TP07F368;TP07F369;TP07F370;TP07F371;TP07F372;TP07F373;TP07F375;TP07F376;TP07F377;TP07F378;TP07F379;TP07F383;TP07F386;TP07F387;TP07F388;TP07F389;TP07F390;TP07F391;TP07F392;TP07F393;TP07F394;TP07F396;TP07F397;TP07F398;TP07F400;TP07F401;TP07F402;TP07F403;TP07F404;TP07F405;TP07F406;TP07F407;TP07F408;TP07F409;TP07F410;TP07F411;TP07F412;TP07F413;TP07F414;TP07F415;TP07F417;TP07F421;TP07F422;TP07F423;TP07F424;TP07F425;TP07F426;TP07F427;TP07F428;TP07F429;TP07F430;TP07F431;TP07F432;TP07F433;TP07F434;TP07F435;TP07F436;TP07F437;TP07F438;TP07F439;TP07F440;TP07F441;TP07F442;TP07F443;TP07F444;TP07F445;TP07F446;TP07F447;TP07F448;TP07F449;TP07F450;TP07F451;TP07F452;TP07F453;TP07F454;TP07F455;TP07F456;TP07F457;TP07F458;TP07F459;TP07F460;TP07F461;TP07F462;TP07F463;TP07F464;TP07F465;TP07F466;TP07F467;TP07F468;TP07F469;TP07F470;TP07F471;TP07F472;TP07F473;TP07F474;TP07F475;TP07F476;TP07F477;TP07F478;TP07F479;TP07F480;TP07F481;TP07F482;TP07F483;TP07F484;TP07F485;TP07F486;TP07F487;TP07F490;TP07F491;TP07F492;TP07F496;TP07F497;TP07F498;TP07F499;TP07F500;TP07F501;TP07F504;TP07F505;TP07F506;TP07F507;TP07F508,DIRECT_NATIVE_SOURCE_GENERATED
LSR:ABS,33,TP07F084;TP07F111;TP07F131;TP07F133;TP07F134;TP07F136;TP07F145;TP07F146;TP07F148;TP07F244;TP07F287;TP07F339;TP07F394;TP07F405;TP07F460;TP07F461;TP07F485;TP07F488;TP07F489,DIRECT_NATIVE_SOURCE_GENERATED
LSR:ABS_X,3,TP07F405,DIRECT_NATIVE_SOURCE_GENERATED
LSR:ACC,358,TP07F015;TP07F092;TP07F093;TP07F122;TP07F123;TP07F129;TP07F130;TP07F132;TP07F135;TP07F147;TP07F148;TP07F149;TP07F150;TP07F241;TP07F249;TP07F259;TP07F287;TP07F301;TP07F324;TP07F331;TP07F334;TP07F337;TP07F340;TP07F346;TP07F352;TP07F357;TP07F361;TP07F368;TP07F375;TP07F376;TP07F377;TP07F378;TP07F390;TP07F391;TP07F393;TP07F394;TP07F396;TP07F397;TP07F401;TP07F402;TP07F405;TP07F441;TP07F442;TP07F444;TP07F446;TP07F453;TP07F454;TP07F457;TP07F458;TP07F459;TP07F460;TP07F461;TP07F465;TP07F466;TP07F467;TP07F474;TP07F475;TP07F481;TP07F482;TP07F484;TP07F485;TP07F486;TP07F491;TP07F505;TP07F506;TP07F507,DIRECT_NATIVE_SOURCE_GENERATED
NOP:IMP,676,TP07F033;TP07F065;TP07F066;TP07F067;TP07F081;TP07F088;TP07F110;TP07F122;TP07F123;TP07F131;TP07F133;TP07F134;TP07F136;TP07F138;TP07F139;TP07F142;TP07F145;TP07F146;TP07F147;TP07F148;TP07F158;TP07F217;TP07F218;TP07F228;TP07F230;TP07F234;TP07F235;TP07F238;TP07F287;TP07F288;TP07F317;TP07F324;TP07F331;TP07F346;TP07F347;TP07F352;TP07F354;TP07F356;TP07F368;TP07F371;TP07F393;TP07F396;TP07F400;TP07F424;TP07F425;TP07F429;TP07F432;TP07F435;TP07F436;TP07F445;TP07F450;TP07F452;TP07F455;TP07F457;TP07F459;TP07F464;TP07F466;TP07F469;TP07F473;TP07F475;TP07F477;TP07F479;TP07F481;TP07F482;TP07F484;TP07F487;TP07F490;TP07F491;TP07F496;TP07F497;TP07F504,DIRECT_NATIVE_SOURCE_GENERATED
ORA:ABS,59,TP07F079;TP07F080;TP07F104;TP07F105;TP07F117;TP07F127;TP07F128;TP07F130;TP07F131;TP07F132;TP07F135;TP07F143;TP07F146;TP07F147;TP07F177;TP07F183;TP07F241;TP07F289;TP07F290;TP07F294;TP07F295;TP07F331;TP07F341;TP07F342;TP07F350;TP07F360;TP07F361;TP07F370;TP07F372;TP07F398;TP07F401;TP07F402;TP07F405;TP07F442;TP07F446;TP07F448;TP07F457;TP07F459;TP07F484;TP07F510;TP07F511;TP07F512;TP07F513,DIRECT_NATIVE_SOURCE_GENERATED
ORA:ABSL,4,TP07F490,DIRECT_NATIVE_SOURCE_GENERATED
ORA:ABSL_X,3,TP07F150;TP07F405,DIRECT_NATIVE_SOURCE_GENERATED
ORA:ABS_Y,4,TP07F129;TP07F130;TP07F150,DIRECT_NATIVE_SOURCE_GENERATED
ORA:DP,1,TP07F038;TP07F039,DIRECT_NATIVE_SOURCE_GENERATED
ORA:DP_IND_LONG_Y,4,TP07F470;TP07F472;TP07F481;TP07F482,DIRECT_NATIVE_SOURCE_GENERATED
ORA:IMM_M,175,TP07F029;TP07F076;TP07F077;TP07F078;TP07F088;TP07F118;TP07F132;TP07F135;TP07F137;TP07F138;TP07F139;TP07F140;TP07F142;TP07F144;TP07F145;TP07F146;TP07F147;TP07F252;TP07F253;TP07F300;TP07F301;TP07F305;TP07F315;TP07F316;TP07F318;TP07F336;TP07F338;TP07F349;TP07F351;TP07F354;TP07F356;TP07F361;TP07F366;TP07F368;TP07F387;TP07F388;TP07F398;TP07F426;TP07F431;TP07F433;TP07F439;TP07F440;TP07F443;TP07F445;TP07F451;TP07F452;TP07F453;TP07F454;TP07F455;TP07F463;TP07F466;TP07F469;TP07F475;TP07F477;TP07F479;TP07F481;TP07F482;TP07F484;TP07F491;TP07F497;TP07F503;TP07F508,DIRECT_NATIVE_SOURCE_GENERATED
PHA:IMP,1340,TP07F003;TP07F008;TP07F009;TP07F015;TP07F027;TP07F028;TP07F046;TP07F049;TP07F051;TP07F065;TP07F066;TP07F067;TP07F073;TP07F079;TP07F080;TP07F082;TP07F084;TP07F085;TP07F086;TP07F087;TP07F088;TP07F111;TP07F112;TP07F113;TP07F114;TP07F115;TP07F116;TP07F117;TP07F118;TP07F119;TP07F120;TP07F126;TP07F127;TP07F128;TP07F130;TP07F131;TP07F132;TP07F133;TP07F134;TP07F135;TP07F136;TP07F137;TP07F138;TP07F139;TP07F141;TP07F142;TP07F143;TP07F144;TP07F145;TP07F146;TP07F147;TP07F148;TP07F149;TP07F150;TP07F158;TP07F160;TP07F220;TP07F221;TP07F222;TP07F224;TP07F225;TP07F226;TP07F227;TP07F233;TP07F238;TP07F239;TP07F240;TP07F244;TP07F254;TP07F255;TP07F257;TP07F258;TP07F260;TP07F263;TP07F265;TP07F266;TP07F267;TP07F268;TP07F269;TP07F270;TP07F273;TP07F274;TP07F275;TP07F276;TP07F277;TP07F281;TP07F283;TP07F284;TP07F285;TP07F286;TP07F287;TP07F288;TP07F289;TP07F290;TP07F294;TP07F295;TP07F299;TP07F300;TP07F301;TP07F302;TP07F303;TP07F304;TP07F307;TP07F308;TP07F309;TP07F310;TP07F311;TP07F312;TP07F313;TP07F314;TP07F315;TP07F316;TP07F318;TP07F319;TP07F320;TP07F322;TP07F323;TP07F325;TP07F326;TP07F328;TP07F329;TP07F330;TP07F331;TP07F332;TP07F334;TP07F335;TP07F336;TP07F337;TP07F338;TP07F339;TP07F340;TP07F341;TP07F342;TP07F343;TP07F344;TP07F345;TP07F346;TP07F347;TP07F348;TP07F349;TP07F350;TP07F351;TP07F352;TP07F354;TP07F355;TP07F356;TP07F357;TP07F358;TP07F359;TP07F360;TP07F361;TP07F364;TP07F365;TP07F366;TP07F368;TP07F369;TP07F370;TP07F371;TP07F372;TP07F373;TP07F375;TP07F378;TP07F379;TP07F380;TP07F383;TP07F384;TP07F385;TP07F387;TP07F388;TP07F389;TP07F390;TP07F391;TP07F392;TP07F393;TP07F394;TP07F395;TP07F396;TP07F397;TP07F398;TP07F399;TP07F400;TP07F401;TP07F402;TP07F403;TP07F404;TP07F405;TP07F406;TP07F407;TP07F408;TP07F409;TP07F413;TP07F414;TP07F415;TP07F416;TP07F418;TP07F419;TP07F420;TP07F421;TP07F422;TP07F423;TP07F426;TP07F427;TP07F428;TP07F429;TP07F430;TP07F431;TP07F432;TP07F433;TP07F434;TP07F435;TP07F436;TP07F437;TP07F438;TP07F439;TP07F440;TP07F441;TP07F442;TP07F443;TP07F444;TP07F445;TP07F446;TP07F447;TP07F448;TP07F449;TP07F450;TP07F451;TP07F452;TP07F453;TP07F454;TP07F455;TP07F456;TP07F457;TP07F459;TP07F460;TP07F461;TP07F462;TP07F463;TP07F464;TP07F465;TP07F466;TP07F467;TP07F468;TP07F469;TP07F470;TP07F471;TP07F472;TP07F473;TP07F474;TP07F475;TP07F476;TP07F477;TP07F478;TP07F479;TP07F480;TP07F481;TP07F482;TP07F483;TP07F484;TP07F485;TP07F486;TP07F487;TP07F488;TP07F489;TP07F490;TP07F491;TP07F492;TP07F493;TP07F494;TP07F495;TP07F496;TP07F497;TP07F498;TP07F499;TP07F500;TP07F501;TP07F504;TP07F505;TP07F506;TP07F507;TP07F509;TP07F510;TP07F511;TP07F512;TP07F513,DIRECT_NATIVE_SOURCE_GENERATED
PHB:IMP,1,TP07F510;TP07F511;TP07F512;TP07F513,DIRECT_NATIVE_SOURCE_GENERATED
PHD:IMP,1,TP07F510;TP07F511;TP07F512;TP07F513,DIRECT_NATIVE_SOURCE_GENERATED
PHK:IMP,2,TP07F005;TP07F510;TP07F511;TP07F512;TP07F513,DIRECT_NATIVE_SOURCE_GENERATED
PHP:IMP,15,TP07F003;TP07F005;TP07F035;TP07F036;TP07F038;TP07F039;TP07F040;TP07F041;TP07F044;TP07F046;TP07F047;TP07F049;TP07F050;TP07F051;TP07F052,DIRECT_NATIVE_SOURCE_GENERATED
PHX:IMP,499,TP07F004;TP07F008;TP07F009;TP07F016;TP07F027;TP07F028;TP07F049;TP07F058;TP07F065;TP07F066;TP07F067;TP07F073;TP07F079;TP07F080;TP07F082;TP07F085;TP07F086;TP07F087;TP07F088;TP07F113;TP07F114;TP07F116;TP07F118;TP07F119;TP07F120;TP07F126;TP07F127;TP07F128;TP07F131;TP07F132;TP07F133;TP07F134;TP07F135;TP07F136;TP07F137;TP07F138;TP07F139;TP07F141;TP07F142;TP07F143;TP07F144;TP07F145;TP07F146;TP07F147;TP07F148;TP07F149;TP07F150;TP07F158;TP07F159;TP07F220;TP07F224;TP07F225;TP07F233;TP07F238;TP07F239;TP07F240;TP07F254;TP07F255;TP07F257;TP07F258;TP07F260;TP07F263;TP07F265;TP07F266;TP07F267;TP07F268;TP07F269;TP07F270;TP07F273;TP07F274;TP07F275;TP07F276;TP07F277;TP07F281;TP07F283;TP07F284;TP07F285;TP07F286;TP07F289;TP07F290;TP07F294;TP07F295;TP07F296;TP07F299;TP07F300;TP07F301;TP07F302;TP07F303;TP07F304;TP07F307;TP07F308;TP07F309;TP07F310;TP07F311;TP07F312;TP07F313;TP07F314;TP07F315;TP07F316;TP07F317;TP07F318;TP07F319;TP07F320;TP07F322;TP07F323;TP07F325;TP07F326;TP07F328;TP07F331;TP07F335;TP07F336;TP07F337;TP07F338;TP07F340;TP07F341;TP07F342;TP07F343;TP07F344;TP07F345;TP07F346;TP07F347;TP07F348;TP07F349;TP07F350;TP07F351;TP07F354;TP07F355;TP07F356;TP07F359;TP07F360;TP07F364;TP07F365;TP07F366;TP07F368;TP07F369;TP07F371;TP07F372;TP07F373;TP07F374;TP07F379;TP07F380;TP07F384;TP07F385;TP07F387;TP07F388;TP07F389;TP07F390;TP07F391;TP07F392;TP07F393;TP07F394;TP07F398;TP07F399;TP07F400;TP07F401;TP07F402;TP07F403;TP07F406;TP07F407;TP07F408;TP07F409;TP07F413;TP07F414;TP07F415;TP07F416;TP07F418;TP07F419;TP07F420;TP07F421;TP07F422;TP07F423;TP07F426;TP07F427;TP07F428;TP07F429;TP07F430;TP07F431;TP07F432;TP07F433;TP07F434;TP07F435;TP07F436;TP07F437;TP07F438;TP07F439;TP07F440;TP07F441;TP07F442;TP07F443;TP07F444;TP07F445;TP07F446;TP07F447;TP07F448;TP07F449;TP07F450;TP07F451;TP07F452;TP07F453;TP07F454;TP07F455;TP07F457;TP07F459;TP07F460;TP07F461;TP07F462;TP07F463;TP07F464;TP07F465;TP07F466;TP07F467;TP07F468;TP07F469;TP07F470;TP07F471;TP07F472;TP07F473;TP07F474;TP07F475;TP07F476;TP07F477;TP07F478;TP07F479;TP07F480;TP07F481;TP07F482;TP07F483;TP07F484;TP07F485;TP07F486;TP07F487;TP07F490;TP07F491;TP07F492;TP07F496;TP07F497;TP07F498;TP07F499;TP07F500;TP07F501;TP07F505;TP07F506;TP07F507;TP07F509;TP07F510;TP07F511;TP07F512;TP07F513,DIRECT_NATIVE_SOURCE_GENERATED
PHY:IMP,9,TP07F150;TP07F159;TP07F317;TP07F492;TP07F510;TP07F511;TP07F512;TP07F513,DIRECT_NATIVE_SOURCE_GENERATED
PLA:IMP,1365,TP07F003;TP07F005;TP07F008;TP07F009;TP07F015;TP07F027;TP07F028;TP07F046;TP07F049;TP07F051;TP07F065;TP07F066;TP07F067;TP07F073;TP07F079;TP07F080;TP07F082;TP07F084;TP07F085;TP07F086;TP07F087;TP07F088;TP07F111;TP07F112;TP07F113;TP07F114;TP07F115;TP07F116;TP07F117;TP07F118;TP07F119;TP07F120;TP07F126;TP07F127;TP07F128;TP07F130;TP07F131;TP07F132;TP07F133;TP07F134;TP07F135;TP07F136;TP07F137;TP07F138;TP07F139;TP07F141;TP07F142;TP07F143;TP07F144;TP07F145;TP07F146;TP07F147;TP07F148;TP07F149;TP07F150;TP07F158;TP07F160;TP07F220;TP07F221;TP07F222;TP07F224;TP07F225;TP07F226;TP07F227;TP07F233;TP07F238;TP07F239;TP07F240;TP07F244;TP07F254;TP07F255;TP07F257;TP07F258;TP07F260;TP07F263;TP07F265;TP07F266;TP07F267;TP07F268;TP07F269;TP07F270;TP07F273;TP07F274;TP07F275;TP07F276;TP07F277;TP07F281;TP07F283;TP07F284;TP07F285;TP07F286;TP07F287;TP07F288;TP07F289;TP07F290;TP07F294;TP07F295;TP07F299;TP07F300;TP07F301;TP07F302;TP07F303;TP07F304;TP07F307;TP07F308;TP07F309;TP07F310;TP07F311;TP07F312;TP07F313;TP07F314;TP07F315;TP07F316;TP07F318;TP07F319;TP07F320;TP07F322;TP07F323;TP07F325;TP07F326;TP07F328;TP07F329;TP07F330;TP07F331;TP07F332;TP07F334;TP07F335;TP07F336;TP07F337;TP07F338;TP07F339;TP07F340;TP07F341;TP07F342;TP07F343;TP07F344;TP07F345;TP07F346;TP07F347;TP07F348;TP07F349;TP07F350;TP07F351;TP07F352;TP07F354;TP07F355;TP07F356;TP07F357;TP07F358;TP07F359;TP07F360;TP07F361;TP07F364;TP07F365;TP07F366;TP07F368;TP07F369;TP07F370;TP07F371;TP07F372;TP07F373;TP07F375;TP07F378;TP07F379;TP07F380;TP07F383;TP07F384;TP07F385;TP07F387;TP07F388;TP07F389;TP07F390;TP07F391;TP07F392;TP07F393;TP07F394;TP07F395;TP07F396;TP07F397;TP07F398;TP07F399;TP07F400;TP07F401;TP07F402;TP07F403;TP07F404;TP07F405;TP07F406;TP07F407;TP07F408;TP07F409;TP07F413;TP07F414;TP07F415;TP07F416;TP07F418;TP07F419;TP07F420;TP07F421;TP07F422;TP07F423;TP07F426;TP07F427;TP07F428;TP07F429;TP07F430;TP07F431;TP07F432;TP07F433;TP07F434;TP07F435;TP07F436;TP07F437;TP07F438;TP07F439;TP07F440;TP07F441;TP07F442;TP07F443;TP07F444;TP07F445;TP07F446;TP07F447;TP07F448;TP07F449;TP07F450;TP07F451;TP07F452;TP07F453;TP07F454;TP07F455;TP07F456;TP07F457;TP07F459;TP07F460;TP07F461;TP07F462;TP07F463;TP07F464;TP07F465;TP07F466;TP07F467;TP07F468;TP07F469;TP07F470;TP07F471;TP07F472;TP07F473;TP07F474;TP07F475;TP07F476;TP07F477;TP07F478;TP07F479;TP07F480;TP07F481;TP07F482;TP07F483;TP07F484;TP07F485;TP07F486;TP07F487;TP07F488;TP07F489;TP07F490;TP07F491;TP07F492;TP07F493;TP07F494;TP07F495;TP07F496;TP07F497;TP07F498;TP07F499;TP07F500;TP07F501;TP07F504;TP07F505;TP07F506;TP07F507;TP07F510;TP07F511;TP07F512;TP07F513,DIRECT_NATIVE_SOURCE_GENERATED
PLB:IMP,3,TP07F509;TP07F510;TP07F511;TP07F512;TP07F513,DIRECT_NATIVE_SOURCE_GENERATED
PLD:IMP,1,TP07F510;TP07F511;TP07F512;TP07F513,DIRECT_NATIVE_SOURCE_GENERATED
PLP:IMP,16,TP07F003;TP07F005;TP07F035;TP07F036;TP07F038;TP07F039;TP07F040;TP07F041;TP07F044;TP07F046;TP07F047;TP07F049;TP07F050;TP07F051;TP07F052,DIRECT_NATIVE_SOURCE_GENERATED
PLX:IMP,502,TP07F004;TP07F008;TP07F009;TP07F016;TP07F027;TP07F028;TP07F058;TP07F065;TP07F066;TP07F067;TP07F073;TP07F079;TP07F080;TP07F082;TP07F085;TP07F086;TP07F087;TP07F088;TP07F113;TP07F114;TP07F116;TP07F118;TP07F119;TP07F120;TP07F126;TP07F127;TP07F128;TP07F131;TP07F132;TP07F133;TP07F134;TP07F135;TP07F136;TP07F137;TP07F138;TP07F139;TP07F141;TP07F142;TP07F143;TP07F144;TP07F145;TP07F146;TP07F147;TP07F148;TP07F149;TP07F150;TP07F158;TP07F159;TP07F220;TP07F224;TP07F225;TP07F233;TP07F238;TP07F239;TP07F240;TP07F254;TP07F255;TP07F257;TP07F258;TP07F260;TP07F263;TP07F265;TP07F266;TP07F267;TP07F268;TP07F269;TP07F270;TP07F273;TP07F274;TP07F275;TP07F276;TP07F277;TP07F281;TP07F283;TP07F284;TP07F285;TP07F286;TP07F289;TP07F290;TP07F294;TP07F295;TP07F296;TP07F299;TP07F300;TP07F301;TP07F302;TP07F303;TP07F304;TP07F307;TP07F308;TP07F309;TP07F310;TP07F311;TP07F312;TP07F313;TP07F314;TP07F315;TP07F316;TP07F317;TP07F318;TP07F319;TP07F320;TP07F322;TP07F323;TP07F325;TP07F326;TP07F328;TP07F331;TP07F335;TP07F336;TP07F337;TP07F338;TP07F340;TP07F341;TP07F342;TP07F343;TP07F344;TP07F345;TP07F347;TP07F348;TP07F349;TP07F350;TP07F351;TP07F354;TP07F355;TP07F356;TP07F359;TP07F360;TP07F364;TP07F365;TP07F366;TP07F368;TP07F369;TP07F371;TP07F372;TP07F373;TP07F374;TP07F379;TP07F380;TP07F384;TP07F385;TP07F387;TP07F388;TP07F389;TP07F390;TP07F391;TP07F392;TP07F393;TP07F394;TP07F398;TP07F399;TP07F400;TP07F401;TP07F402;TP07F403;TP07F406;TP07F407;TP07F408;TP07F409;TP07F413;TP07F414;TP07F415;TP07F416;TP07F418;TP07F419;TP07F420;TP07F421;TP07F422;TP07F423;TP07F426;TP07F427;TP07F428;TP07F429;TP07F430;TP07F431;TP07F432;TP07F433;TP07F434;TP07F435;TP07F436;TP07F437;TP07F438;TP07F439;TP07F440;TP07F441;TP07F442;TP07F443;TP07F444;TP07F445;TP07F446;TP07F447;TP07F448;TP07F449;TP07F450;TP07F451;TP07F452;TP07F453;TP07F454;TP07F455;TP07F457;TP07F459;TP07F460;TP07F461;TP07F462;TP07F463;TP07F464;TP07F465;TP07F466;TP07F467;TP07F468;TP07F469;TP07F470;TP07F471;TP07F472;TP07F473;TP07F474;TP07F475;TP07F476;TP07F477;TP07F478;TP07F479;TP07F480;TP07F481;TP07F482;TP07F483;TP07F484;TP07F485;TP07F486;TP07F487;TP07F490;TP07F491;TP07F492;TP07F496;TP07F497;TP07F498;TP07F499;TP07F500;TP07F501;TP07F505;TP07F506;TP07F507;TP07F509;TP07F510;TP07F511;TP07F512;TP07F513,DIRECT_NATIVE_SOURCE_GENERATED
PLY:IMP,10,TP07F150;TP07F159;TP07F317;TP07F343;TP07F492;TP07F510;TP07F511;TP07F512;TP07F513,DIRECT_NATIVE_SOURCE_GENERATED
REP:IMM8,5564,TP07F001;TP07F002;TP07F003;TP07F005;TP07F008;TP07F009;TP07F010;TP07F012;TP07F013;TP07F014;TP07F015;TP07F016;TP07F017;TP07F018;TP07F023;TP07F024;TP07F025;TP07F026;TP07F027;TP07F028;TP07F029;TP07F030;TP07F031;TP07F032;TP07F033;TP07F036;TP07F037;TP07F040;TP07F041;TP07F042;TP07F044;TP07F047;TP07F053;TP07F057;TP07F058;TP07F061;TP07F065;TP07F066;TP07F067;TP07F069;TP07F070;TP07F071;TP07F073;TP07F074;TP07F075;TP07F076;TP07F077;TP07F078;TP07F079;TP07F080;TP07F081;TP07F082;TP07F083;TP07F084;TP07F085;TP07F086;TP07F087;TP07F088;TP07F097;TP07F098;TP07F099;TP07F102;TP07F103;TP07F104;TP07F105;TP07F106;TP07F107;TP07F108;TP07F109;TP07F110;TP07F111;TP07F112;TP07F113;TP07F114;TP07F115;TP07F116;TP07F117;TP07F118;TP07F119;TP07F120;TP07F121;TP07F122;TP07F123;TP07F126;TP07F127;TP07F128;TP07F129;TP07F130;TP07F131;TP07F132;TP07F133;TP07F134;TP07F135;TP07F136;TP07F137;TP07F138;TP07F139;TP07F140;TP07F141;TP07F142;TP07F143;TP07F144;TP07F145;TP07F146;TP07F147;TP07F148;TP07F149;TP07F150;TP07F151;TP07F152;TP07F153;TP07F158;TP07F159;TP07F160;TP07F172;TP07F173;TP07F174;TP07F175;TP07F176;TP07F181;TP07F182;TP07F183;TP07F184;TP07F185;TP07F186;TP07F188;TP07F189;TP07F190;TP07F191;TP07F192;TP07F193;TP07F194;TP07F195;TP07F196;TP07F197;TP07F198;TP07F199;TP07F200;TP07F201;TP07F202;TP07F203;TP07F204;TP07F205;TP07F206;TP07F207;TP07F208;TP07F209;TP07F210;TP07F211;TP07F212;TP07F213;TP07F214;TP07F215;TP07F216;TP07F217;TP07F218;TP07F219;TP07F220;TP07F221;TP07F222;TP07F223;TP07F224;TP07F225;TP07F226;TP07F227;TP07F228;TP07F229;TP07F230;TP07F232;TP07F233;TP07F234;TP07F235;TP07F237;TP07F238;TP07F239;TP07F240;TP07F241;TP07F242;TP07F243;TP07F244;TP07F245;TP07F246;TP07F247;TP07F248;TP07F249;TP07F250;TP07F251;TP07F254;TP07F255;TP07F257;TP07F258;TP07F259;TP07F260;TP07F261;TP07F262;TP07F263;TP07F264;TP07F265;TP07F266;TP07F267;TP07F268;TP07F269;TP07F270;TP07F271;TP07F272;TP07F273;TP07F274;TP07F275;TP07F276;TP07F277;TP07F278;TP07F279;TP07F280;TP07F281;TP07F282;TP07F283;TP07F284;TP07F285;TP07F286;TP07F287;TP07F288;TP07F289;TP07F290;TP07F291;TP07F292;TP07F293;TP07F294;TP07F295;TP07F296;TP07F297;TP07F298;TP07F299;TP07F300;TP07F301;TP07F302;TP07F303;TP07F304;TP07F305;TP07F306;TP07F307;TP07F308;TP07F309;TP07F310;TP07F311;TP07F312;TP07F313;TP07F314;TP07F315;TP07F316;TP07F317;TP07F318;TP07F319;TP07F320;TP07F321;TP07F322;TP07F323;TP07F324;TP07F325;TP07F326;TP07F327;TP07F328;TP07F329;TP07F330;TP07F331;TP07F332;TP07F333;TP07F334;TP07F335;TP07F336;TP07F337;TP07F338;TP07F339;TP07F340;TP07F341;TP07F342;TP07F343;TP07F344;TP07F345;TP07F346;TP07F347;TP07F348;TP07F349;TP07F350;TP07F351;TP07F352;TP07F353;TP07F354;TP07F355;TP07F356;TP07F357;TP07F358;TP07F359;TP07F360;TP07F361;TP07F362;TP07F363;TP07F364;TP07F365;TP07F366;TP07F367;TP07F368;TP07F369;TP07F370;TP07F371;TP07F372;TP07F373;TP07F374;TP07F375;TP07F376;TP07F377;TP07F378;TP07F379;TP07F380;TP07F381;TP07F382;TP07F383;TP07F384;TP07F385;TP07F386;TP07F387;TP07F388;TP07F389;TP07F390;TP07F391;TP07F392;TP07F393;TP07F394;TP07F395;TP07F396;TP07F397;TP07F398;TP07F399;TP07F400;TP07F401;TP07F402;TP07F403;TP07F404;TP07F405;TP07F406;TP07F407;TP07F408;TP07F409;TP07F410;TP07F411;TP07F412;TP07F413;TP07F414;TP07F415;TP07F416;TP07F417;TP07F418;TP07F419;TP07F420;TP07F421;TP07F422;TP07F423;TP07F424;TP07F425;TP07F426;TP07F427;TP07F428;TP07F429;TP07F430;TP07F431;TP07F432;TP07F433;TP07F434;TP07F435;TP07F436;TP07F437;TP07F438;TP07F439;TP07F440;TP07F441;TP07F442;TP07F443;TP07F444;TP07F445;TP07F446;TP07F447;TP07F448;TP07F449;TP07F450;TP07F451;TP07F452;TP07F453;TP07F454;TP07F455;TP07F456;TP07F457;TP07F458;TP07F459;TP07F460;TP07F461;TP07F462;TP07F463;TP07F464;TP07F465;TP07F466;TP07F467;TP07F468;TP07F469;TP07F470;TP07F471;TP07F472;TP07F473;TP07F474;TP07F475;TP07F476;TP07F477;TP07F478;TP07F479;TP07F480;TP07F481;TP07F482;TP07F483;TP07F484;TP07F485;TP07F486;TP07F487;TP07F488;TP07F489;TP07F490;TP07F491;TP07F492;TP07F493;TP07F494;TP07F495;TP07F496;TP07F497;TP07F498;TP07F499;TP07F500;TP07F501;TP07F502;TP07F503;TP07F504;TP07F505;TP07F506;TP07F507;TP07F508;TP07F509;TP07F510;TP07F511;TP07F512;TP07F513,DIRECT_NATIVE_SOURCE_GENERATED
ROL:ABS,25,TP07F083;TP07F084;TP07F111;TP07F187;TP07F244;TP07F339;TP07F368;TP07F488;TP07F489;TP07F491,DIRECT_NATIVE_SOURCE_GENERATED
ROL:ACC,3,TP07F003;TP07F305;TP07F407,DIRECT_NATIVE_SOURCE_GENERATED
ROR:ABS,52,TP07F083;TP07F084;TP07F111;TP07F244;TP07F339;TP07F394;TP07F405;TP07F460;TP07F461;TP07F485;TP07F491;TP07F496,DIRECT_NATIVE_SOURCE_GENERATED
ROR:ABS_X,1,TP07F405,DIRECT_NATIVE_SOURCE_GENERATED
ROR:ACC,21,TP07F127;TP07F128;TP07F132;TP07F135;TP07F147;TP07F301;TP07F393;TP07F481;TP07F482,DIRECT_NATIVE_SOURCE_GENERATED
RTI:IMP,1,TP07F510;TP07F511;TP07F512;TP07F513,DIRECT_NATIVE_SOURCE_GENERATED
RTL:IMP,371,TP07F001;TP07F002;TP07F005;TP07F006;TP07F007;TP07F008;TP07F009;TP07F010;TP07F011;TP07F012;TP07F013;TP07F014;TP07F015;TP07F016;TP07F017;TP07F018;TP07F019;TP07F020;TP07F021;TP07F022;TP07F023;TP07F024;TP07F025;TP07F026;TP07F027;TP07F028;TP07F029;TP07F030;TP07F031;TP07F032;TP07F033;TP07F034;TP07F035;TP07F036;TP07F037;TP07F040;TP07F041;TP07F042;TP07F043;TP07F044;TP07F045;TP07F046;TP07F047;TP07F048;TP07F049;TP07F050;TP07F051;TP07F052;TP07F053;TP07F054;TP07F055;TP07F056;TP07F057;TP07F058;TP07F059;TP07F060;TP07F061;TP07F062;TP07F063;TP07F064;TP07F065;TP07F066;TP07F067;TP07F068;TP07F069;TP07F070;TP07F071;TP07F073;TP07F074;TP07F075;TP07F076;TP07F077;TP07F078;TP07F079;TP07F080;TP07F081;TP07F082;TP07F083;TP07F084;TP07F085;TP07F086;TP07F087;TP07F088;TP07F089;TP07F090;TP07F091;TP07F093;TP07F094;TP07F095;TP07F096;TP07F097;TP07F099;TP07F100;TP07F101;TP07F102;TP07F103;TP07F104;TP07F105;TP07F106;TP07F107;TP07F108;TP07F109;TP07F110;TP07F111;TP07F112;TP07F113;TP07F115;TP07F117;TP07F118;TP07F119;TP07F120;TP07F123;TP07F126;TP07F127;TP07F128;TP07F130;TP07F132;TP07F133;TP07F134;TP07F135;TP07F136;TP07F137;TP07F138;TP07F139;TP07F140;TP07F141;TP07F142;TP07F145;TP07F147;TP07F148;TP07F154;TP07F155;TP07F156;TP07F157;TP07F158;TP07F159;TP07F160;TP07F161;TP07F164;TP07F165;TP07F166;TP07F167;TP07F168;TP07F169;TP07F170;TP07F171;TP07F172;TP07F173;TP07F174;TP07F175;TP07F176;TP07F177;TP07F178;TP07F179;TP07F180;TP07F183;TP07F184;TP07F185;TP07F186;TP07F187;TP07F188;TP07F189;TP07F190;TP07F191;TP07F192;TP07F193;TP07F194;TP07F195;TP07F196;TP07F197;TP07F198;TP07F199;TP07F200;TP07F204;TP07F205;TP07F206;TP07F207;TP07F208;TP07F209;TP07F210;TP07F211;TP07F212;TP07F213;TP07F214;TP07F216;TP07F218;TP07F219;TP07F220;TP07F221;TP07F222;TP07F223;TP07F224;TP07F225;TP07F226;TP07F227;TP07F228;TP07F229;TP07F230;TP07F232;TP07F233;TP07F234;TP07F235;TP07F237;TP07F238;TP07F239;TP07F240;TP07F241;TP07F242;TP07F243;TP07F244;TP07F245;TP07F246;TP07F247;TP07F248;TP07F249;TP07F250;TP07F251;TP07F252;TP07F253;TP07F254;TP07F255;TP07F257;TP07F258;TP07F259;TP07F260;TP07F261;TP07F262;TP07F263;TP07F264;TP07F265;TP07F266;TP07F267;TP07F268;TP07F269;TP07F270;TP07F271;TP07F272;TP07F273;TP07F274;TP07F275;TP07F276;TP07F277;TP07F278;TP07F280;TP07F281;TP07F282;TP07F283;TP07F284;TP07F285;TP07F286;TP07F287;TP07F288;TP07F289;TP07F290;TP07F291;TP07F292;TP07F293;TP07F294;TP07F295;TP07F296;TP07F297;TP07F298;TP07F299;TP07F300;TP07F301;TP07F302;TP07F303;TP07F304;TP07F305;TP07F306;TP07F307;TP07F309;TP07F310;TP07F311;TP07F312;TP07F313;TP07F314;TP07F315;TP07F316;TP07F317;TP07F318;TP07F319;TP07F320;TP07F321;TP07F322;TP07F323;TP07F325;TP07F327;TP07F328;TP07F329;TP07F330;TP07F331;TP07F332;TP07F333;TP07F334;TP07F335;TP07F338;TP07F339;TP07F340;TP07F341;TP07F342;TP07F343;TP07F344;TP07F345;TP07F346;TP07F347;TP07F348;TP07F349;TP07F350;TP07F351;TP07F352;TP07F353;TP07F354;TP07F356;TP07F357;TP07F358;TP07F359;TP07F360;TP07F361;TP07F362;TP07F363;TP07F364;TP07F365;TP07F366;TP07F367;TP07F368;TP07F369;TP07F370;TP07F372;TP07F373;TP07F374;TP07F375;TP07F376;TP07F377;TP07F378;TP07F379;TP07F380;TP07F381;TP07F382;TP07F383;TP07F384;TP07F385;TP07F386;TP07F387;TP07F388;TP07F389;TP07F390;TP07F391;TP07F392;TP07F393;TP07F394;TP07F395;TP07F396;TP07F397;TP07F398;TP07F399;TP07F400;TP07F401;TP07F402;TP07F403;TP07F404;TP07F405;TP07F406;TP07F407;TP07F408;TP07F409;TP07F410;TP07F411;TP07F412;TP07F413;TP07F414;TP07F415;TP07F416;TP07F417;TP07F418;TP07F419;TP07F420;TP07F421;TP07F422;TP07F423;TP07F424;TP07F425;TP07F426;TP07F427;TP07F428;TP07F429;TP07F430;TP07F431;TP07F432;TP07F433;TP07F434;TP07F435;TP07F436;TP07F437;TP07F438;TP07F439;TP07F440;TP07F441;TP07F442;TP07F443;TP07F444;TP07F446;TP07F447;TP07F448;TP07F449;TP07F450;TP07F451;TP07F452;TP07F453;TP07F454;TP07F455;TP07F456;TP07F457;TP07F458;TP07F459;TP07F460;TP07F461;TP07F462;TP07F463;TP07F464;TP07F465;TP07F466;TP07F467;TP07F469;TP07F470;TP07F471;TP07F472;TP07F473;TP07F474;TP07F475;TP07F476;TP07F477;TP07F479;TP07F480;TP07F481;TP07F482;TP07F485;TP07F487;TP07F488;TP07F489;TP07F490;TP07F491;TP07F492;TP07F496;TP07F497;TP07F498;TP07F499;TP07F500;TP07F501;TP07F502;TP07F503;TP07F504;TP07F505;TP07F506;TP07F507,DIRECT_NATIVE_SOURCE_GENERATED
RTS:IMP,53,TP07F003;TP07F004;TP07F038;TP07F039;TP07F072;TP07F092;TP07F098;TP07F114;TP07F116;TP07F121;TP07F122;TP07F124;TP07F125;TP07F129;TP07F131;TP07F143;TP07F144;TP07F146;TP07F149;TP07F150;TP07F151;TP07F152;TP07F153;TP07F162;TP07F163;TP07F181;TP07F182;TP07F201;TP07F202;TP07F203;TP07F215;TP07F217;TP07F231;TP07F236;TP07F256;TP07F279;TP07F308;TP07F324;TP07F326;TP07F336;TP07F337;TP07F355;TP07F371;TP07F445;TP07F468;TP07F478;TP07F483;TP07F484;TP07F486;TP07F493;TP07F494;TP07F495;TP07F508,DIRECT_NATIVE_SOURCE_GENERATED
SBC:ABS,317,TP07F027;TP07F084;TP07F115;TP07F117;TP07F137;TP07F138;TP07F139;TP07F142;TP07F147;TP07F149;TP07F150;TP07F214;TP07F226;TP07F227;TP07F233;TP07F249;TP07F252;TP07F253;TP07F259;TP07F261;TP07F278;TP07F279;TP07F280;TP07F287;TP07F316;TP07F317;TP07F324;TP07F326;TP07F331;TP07F334;TP07F339;TP07F340;TP07F346;TP07F347;TP07F350;TP07F351;TP07F352;TP07F353;TP07F354;TP07F355;TP07F356;TP07F357;TP07F358;TP07F360;TP07F361;TP07F364;TP07F366;TP07F370;TP07F371;TP07F372;TP07F373;TP07F375;TP07F378;TP07F379;TP07F390;TP07F391;TP07F393;TP07F396;TP07F398;TP07F400;TP07F434;TP07F435;TP07F436;TP07F437;TP07F441;TP07F444;TP07F445;TP07F448;TP07F450;TP07F451;TP07F457;TP07F459;TP07F460;TP07F461;TP07F464;TP07F465;TP07F467;TP07F468;TP07F469;TP07F474;TP07F475;TP07F481;TP07F482;TP07F483;TP07F484;TP07F485;TP07F486;TP07F487;TP07F488;TP07F489;TP07F491;TP07F496;TP07F497;TP07F505;TP07F507,DIRECT_NATIVE_SOURCE_GENERATED
SBC:ABSL,2,TP07F088,DIRECT_NATIVE_SOURCE_GENERATED
SBC:ABSL_X,2,TP07F488;TP07F489,DIRECT_NATIVE_SOURCE_GENERATED
SBC:ABS_X,1,TP07F485,DIRECT_NATIVE_SOURCE_GENERATED
SBC:DP,1,TP07F040;TP07F044,DIRECT_NATIVE_SOURCE_GENERATED
SBC:DP_IND_LONG_Y,53,TP07F137;TP07F214;TP07F313;TP07F314;TP07F324;TP07F368;TP07F391;TP07F406;TP07F407;TP07F444;TP07F445;TP07F457;TP07F458;TP07F459;TP07F460;TP07F461;TP07F464;TP07F465;TP07F472;TP07F473;TP07F475;TP07F481;TP07F482;TP07F484;TP07F486;TP07F487;TP07F491,DIRECT_NATIVE_SOURCE_GENERATED
SBC:IMM_M,163,TP07F028;TP07F038;TP07F039;TP07F068;TP07F071;TP07F079;TP07F080;TP07F129;TP07F130;TP07F131;TP07F133;TP07F134;TP07F136;TP07F137;TP07F138;TP07F139;TP07F143;TP07F145;TP07F146;TP07F148;TP07F149;TP07F150;TP07F151;TP07F152;TP07F153;TP07F157;TP07F216;TP07F250;TP07F259;TP07F282;TP07F289;TP07F290;TP07F301;TP07F305;TP07F306;TP07F311;TP07F312;TP07F313;TP07F314;TP07F324;TP07F336;TP07F343;TP07F352;TP07F354;TP07F356;TP07F364;TP07F373;TP07F375;TP07F376;TP07F377;TP07F378;TP07F379;TP07F393;TP07F394;TP07F397;TP07F403;TP07F404;TP07F405;TP07F429;TP07F434;TP07F435;TP07F436;TP07F437;TP07F456;TP07F458;TP07F460;TP07F461;TP07F465;TP07F467;TP07F469;TP07F471;TP07F472;TP07F475;TP07F481;TP07F482;TP07F484;TP07F490;TP07F497;TP07F506,DIRECT_NATIVE_SOURCE_GENERATED
SEC:IMP,456,TP07F027;TP07F028;TP07F038;TP07F039;TP07F040;TP07F044;TP07F068;TP07F071;TP07F079;TP07F080;TP07F084;TP07F088;TP07F115;TP07F117;TP07F129;TP07F130;TP07F131;TP07F133;TP07F134;TP07F136;TP07F137;TP07F138;TP07F139;TP07F142;TP07F143;TP07F145;TP07F146;TP07F147;TP07F148;TP07F149;TP07F150;TP07F151;TP07F152;TP07F153;TP07F157;TP07F214;TP07F216;TP07F226;TP07F227;TP07F233;TP07F249;TP07F250;TP07F252;TP07F253;TP07F259;TP07F261;TP07F278;TP07F279;TP07F280;TP07F282;TP07F287;TP07F289;TP07F290;TP07F301;TP07F305;TP07F306;TP07F311;TP07F312;TP07F313;TP07F314;TP07F316;TP07F317;TP07F324;TP07F326;TP07F331;TP07F334;TP07F336;TP07F339;TP07F340;TP07F343;TP07F346;TP07F347;TP07F350;TP07F351;TP07F352;TP07F353;TP07F354;TP07F355;TP07F356;TP07F357;TP07F358;TP07F360;TP07F361;TP07F364;TP07F366;TP07F368;TP07F370;TP07F371;TP07F372;TP07F373;TP07F375;TP07F376;TP07F377;TP07F378;TP07F379;TP07F387;TP07F388;TP07F390;TP07F391;TP07F393;TP07F394;TP07F396;TP07F397;TP07F398;TP07F400;TP07F403;TP07F404;TP07F405;TP07F406;TP07F407;TP07F429;TP07F434;TP07F435;TP07F436;TP07F437;TP07F441;TP07F444;TP07F445;TP07F448;TP07F450;TP07F451;TP07F456;TP07F457;TP07F458;TP07F459;TP07F460;TP07F461;TP07F464;TP07F465;TP07F467;TP07F468;TP07F469;TP07F471;TP07F472;TP07F473;TP07F474;TP07F475;TP07F481;TP07F482;TP07F483;TP07F484;TP07F485;TP07F486;TP07F487;TP07F488;TP07F489;TP07F490;TP07F491;TP07F496;TP07F497;TP07F505;TP07F506;TP07F507,DIRECT_NATIVE_SOURCE_GENERATED
SEI:IMP,2,TP07F005;TP07F509,DIRECT_NATIVE_SOURCE_GENERATED
SEP:IMM8,4084,TP07F001;TP07F002;TP07F003;TP07F004;TP07F005;TP07F007;TP07F008;TP07F009;TP07F010;TP07F011;TP07F012;TP07F013;TP07F014;TP07F015;TP07F016;TP07F017;TP07F018;TP07F019;TP07F020;TP07F021;TP07F022;TP07F023;TP07F024;TP07F025;TP07F026;TP07F027;TP07F028;TP07F029;TP07F030;TP07F031;TP07F033;TP07F034;TP07F035;TP07F036;TP07F037;TP07F038;TP07F039;TP07F040;TP07F041;TP07F042;TP07F043;TP07F044;TP07F045;TP07F046;TP07F047;TP07F048;TP07F049;TP07F050;TP07F051;TP07F052;TP07F053;TP07F054;TP07F055;TP07F056;TP07F057;TP07F058;TP07F059;TP07F060;TP07F061;TP07F065;TP07F066;TP07F067;TP07F068;TP07F069;TP07F073;TP07F074;TP07F075;TP07F076;TP07F077;TP07F078;TP07F079;TP07F080;TP07F081;TP07F082;TP07F085;TP07F086;TP07F087;TP07F088;TP07F089;TP07F094;TP07F095;TP07F096;TP07F097;TP07F098;TP07F099;TP07F100;TP07F101;TP07F102;TP07F103;TP07F104;TP07F105;TP07F106;TP07F107;TP07F108;TP07F109;TP07F110;TP07F113;TP07F114;TP07F115;TP07F116;TP07F117;TP07F118;TP07F119;TP07F120;TP07F121;TP07F122;TP07F123;TP07F124;TP07F125;TP07F126;TP07F127;TP07F128;TP07F129;TP07F130;TP07F131;TP07F132;TP07F133;TP07F134;TP07F135;TP07F136;TP07F137;TP07F138;TP07F139;TP07F140;TP07F141;TP07F142;TP07F143;TP07F144;TP07F145;TP07F146;TP07F147;TP07F148;TP07F149;TP07F150;TP07F151;TP07F152;TP07F153;TP07F157;TP07F158;TP07F159;TP07F160;TP07F164;TP07F165;TP07F166;TP07F167;TP07F168;TP07F169;TP07F170;TP07F171;TP07F172;TP07F173;TP07F174;TP07F178;TP07F179;TP07F180;TP07F181;TP07F182;TP07F183;TP07F186;TP07F189;TP07F190;TP07F191;TP07F192;TP07F193;TP07F194;TP07F195;TP07F196;TP07F197;TP07F198;TP07F201;TP07F202;TP07F203;TP07F204;TP07F205;TP07F206;TP07F207;TP07F209;TP07F211;TP07F215;TP07F217;TP07F218;TP07F219;TP07F220;TP07F221;TP07F222;TP07F223;TP07F224;TP07F225;TP07F228;TP07F229;TP07F230;TP07F232;TP07F233;TP07F234;TP07F235;TP07F237;TP07F238;TP07F239;TP07F240;TP07F241;TP07F242;TP07F243;TP07F245;TP07F246;TP07F247;TP07F248;TP07F249;TP07F250;TP07F251;TP07F252;TP07F253;TP07F254;TP07F255;TP07F257;TP07F258;TP07F259;TP07F260;TP07F261;TP07F262;TP07F263;TP07F264;TP07F265;TP07F266;TP07F267;TP07F268;TP07F269;TP07F270;TP07F271;TP07F273;TP07F274;TP07F275;TP07F276;TP07F277;TP07F278;TP07F279;TP07F280;TP07F281;TP07F282;TP07F283;TP07F284;TP07F285;TP07F286;TP07F287;TP07F288;TP07F289;TP07F290;TP07F291;TP07F292;TP07F293;TP07F294;TP07F295;TP07F296;TP07F297;TP07F298;TP07F299;TP07F300;TP07F301;TP07F302;TP07F303;TP07F304;TP07F305;TP07F306;TP07F307;TP07F308;TP07F309;TP07F310;TP07F311;TP07F312;TP07F313;TP07F314;TP07F315;TP07F316;TP07F317;TP07F318;TP07F319;TP07F320;TP07F321;TP07F322;TP07F323;TP07F324;TP07F325;TP07F326;TP07F327;TP07F328;TP07F329;TP07F330;TP07F331;TP07F333;TP07F335;TP07F336;TP07F337;TP07F338;TP07F340;TP07F341;TP07F342;TP07F343;TP07F344;TP07F345;TP07F346;TP07F347;TP07F348;TP07F349;TP07F350;TP07F351;TP07F352;TP07F353;TP07F354;TP07F355;TP07F356;TP07F357;TP07F358;TP07F359;TP07F360;TP07F361;TP07F362;TP07F363;TP07F364;TP07F365;TP07F366;TP07F367;TP07F368;TP07F369;TP07F370;TP07F371;TP07F372;TP07F373;TP07F374;TP07F375;TP07F376;TP07F377;TP07F378;TP07F379;TP07F380;TP07F381;TP07F382;TP07F383;TP07F384;TP07F385;TP07F386;TP07F387;TP07F388;TP07F389;TP07F390;TP07F391;TP07F392;TP07F393;TP07F394;TP07F395;TP07F396;TP07F397;TP07F398;TP07F399;TP07F400;TP07F401;TP07F402;TP07F403;TP07F404;TP07F405;TP07F406;TP07F407;TP07F408;TP07F409;TP07F410;TP07F411;TP07F412;TP07F413;TP07F414;TP07F415;TP07F416;TP07F417;TP07F418;TP07F419;TP07F420;TP07F421;TP07F422;TP07F423;TP07F424;TP07F425;TP07F426;TP07F427;TP07F428;TP07F429;TP07F430;TP07F431;TP07F432;TP07F433;TP07F434;TP07F435;TP07F436;TP07F437;TP07F438;TP07F439;TP07F440;TP07F441;TP07F442;TP07F443;TP07F444;TP07F445;TP07F446;TP07F447;TP07F448;TP07F449;TP07F450;TP07F451;TP07F452;TP07F453;TP07F454;TP07F455;TP07F456;TP07F457;TP07F458;TP07F459;TP07F460;TP07F461;TP07F462;TP07F463;TP07F464;TP07F465;TP07F466;TP07F467;TP07F468;TP07F469;TP07F470;TP07F471;TP07F472;TP07F473;TP07F474;TP07F475;TP07F476;TP07F477;TP07F478;TP07F479;TP07F480;TP07F481;TP07F482;TP07F483;TP07F484;TP07F485;TP07F486;TP07F487;TP07F488;TP07F489;TP07F490;TP07F491;TP07F492;TP07F493;TP07F494;TP07F495;TP07F496;TP07F497;TP07F498;TP07F499;TP07F500;TP07F501;TP07F502;TP07F503;TP07F504;TP07F505;TP07F506;TP07F507;TP07F508;TP07F509;TP07F510;TP07F511;TP07F512;TP07F513,DIRECT_NATIVE_SOURCE_GENERATED
STA:ABS,7820,TP07F001;TP07F002;TP07F007;TP07F008;TP07F009;TP07F010;TP07F011;TP07F012;TP07F013;TP07F014;TP07F015;TP07F016;TP07F017;TP07F018;TP07F019;TP07F020;TP07F021;TP07F022;TP07F023;TP07F024;TP07F025;TP07F026;TP07F027;TP07F028;TP07F029;TP07F030;TP07F031;TP07F033;TP07F037;TP07F042;TP07F043;TP07F053;TP07F054;TP07F055;TP07F056;TP07F057;TP07F058;TP07F059;TP07F060;TP07F061;TP07F065;TP07F066;TP07F067;TP07F068;TP07F072;TP07F073;TP07F074;TP07F075;TP07F076;TP07F077;TP07F078;TP07F079;TP07F080;TP07F081;TP07F082;TP07F083;TP07F084;TP07F085;TP07F086;TP07F087;TP07F088;TP07F089;TP07F094;TP07F095;TP07F096;TP07F104;TP07F105;TP07F106;TP07F107;TP07F108;TP07F109;TP07F110;TP07F111;TP07F112;TP07F113;TP07F114;TP07F115;TP07F116;TP07F117;TP07F118;TP07F119;TP07F120;TP07F122;TP07F123;TP07F124;TP07F125;TP07F126;TP07F127;TP07F128;TP07F129;TP07F130;TP07F131;TP07F132;TP07F133;TP07F134;TP07F135;TP07F136;TP07F137;TP07F138;TP07F139;TP07F140;TP07F141;TP07F142;TP07F143;TP07F144;TP07F145;TP07F146;TP07F147;TP07F148;TP07F149;TP07F150;TP07F151;TP07F152;TP07F153;TP07F157;TP07F158;TP07F159;TP07F160;TP07F164;TP07F165;TP07F166;TP07F168;TP07F169;TP07F170;TP07F171;TP07F177;TP07F178;TP07F179;TP07F180;TP07F183;TP07F186;TP07F192;TP07F193;TP07F201;TP07F202;TP07F203;TP07F204;TP07F205;TP07F206;TP07F207;TP07F208;TP07F209;TP07F211;TP07F214;TP07F215;TP07F217;TP07F218;TP07F219;TP07F220;TP07F221;TP07F222;TP07F223;TP07F224;TP07F225;TP07F226;TP07F227;TP07F228;TP07F230;TP07F231;TP07F232;TP07F233;TP07F234;TP07F235;TP07F236;TP07F237;TP07F238;TP07F239;TP07F240;TP07F241;TP07F242;TP07F243;TP07F244;TP07F245;TP07F246;TP07F247;TP07F248;TP07F249;TP07F250;TP07F251;TP07F252;TP07F253;TP07F254;TP07F255;TP07F256;TP07F257;TP07F258;TP07F259;TP07F260;TP07F261;TP07F262;TP07F263;TP07F264;TP07F265;TP07F266;TP07F267;TP07F268;TP07F269;TP07F270;TP07F271;TP07F272;TP07F273;TP07F274;TP07F275;TP07F276;TP07F277;TP07F278;TP07F279;TP07F280;TP07F281;TP07F282;TP07F283;TP07F284;TP07F285;TP07F286;TP07F287;TP07F288;TP07F289;TP07F290;TP07F291;TP07F292;TP07F293;TP07F294;TP07F295;TP07F296;TP07F297;TP07F298;TP07F299;TP07F300;TP07F301;TP07F302;TP07F303;TP07F304;TP07F305;TP07F306;TP07F307;TP07F308;TP07F309;TP07F310;TP07F311;TP07F312;TP07F313;TP07F314;TP07F315;TP07F316;TP07F317;TP07F318;TP07F319;TP07F320;TP07F321;TP07F322;TP07F323;TP07F324;TP07F325;TP07F326;TP07F327;TP07F328;TP07F329;TP07F330;TP07F331;TP07F332;TP07F333;TP07F334;TP07F335;TP07F336;TP07F337;TP07F338;TP07F339;TP07F340;TP07F341;TP07F342;TP07F343;TP07F344;TP07F345;TP07F346;TP07F347;TP07F348;TP07F349;TP07F350;TP07F351;TP07F352;TP07F353;TP07F354;TP07F355;TP07F356;TP07F357;TP07F358;TP07F359;TP07F360;TP07F361;TP07F362;TP07F363;TP07F364;TP07F365;TP07F366;TP07F367;TP07F368;TP07F369;TP07F370;TP07F371;TP07F372;TP07F373;TP07F374;TP07F375;TP07F376;TP07F377;TP07F378;TP07F379;TP07F380;TP07F381;TP07F382;TP07F383;TP07F384;TP07F385;TP07F386;TP07F387;TP07F388;TP07F389;TP07F390;TP07F391;TP07F392;TP07F393;TP07F394;TP07F395;TP07F396;TP07F397;TP07F398;TP07F399;TP07F400;TP07F401;TP07F402;TP07F403;TP07F404;TP07F405;TP07F406;TP07F407;TP07F408;TP07F409;TP07F410;TP07F411;TP07F412;TP07F413;TP07F414;TP07F415;TP07F416;TP07F417;TP07F418;TP07F419;TP07F420;TP07F421;TP07F422;TP07F423;TP07F424;TP07F425;TP07F426;TP07F427;TP07F428;TP07F429;TP07F430;TP07F431;TP07F432;TP07F433;TP07F434;TP07F435;TP07F436;TP07F437;TP07F438;TP07F439;TP07F440;TP07F441;TP07F442;TP07F443;TP07F444;TP07F445;TP07F446;TP07F447;TP07F448;TP07F449;TP07F450;TP07F451;TP07F452;TP07F453;TP07F454;TP07F455;TP07F456;TP07F457;TP07F458;TP07F459;TP07F460;TP07F461;TP07F462;TP07F463;TP07F464;TP07F465;TP07F466;TP07F467;TP07F468;TP07F469;TP07F470;TP07F471;TP07F472;TP07F473;TP07F474;TP07F475;TP07F476;TP07F477;TP07F478;TP07F479;TP07F480;TP07F481;TP07F482;TP07F483;TP07F484;TP07F485;TP07F486;TP07F487;TP07F488;TP07F489;TP07F490;TP07F491;TP07F492;TP07F493;TP07F494;TP07F495;TP07F496;TP07F497;TP07F498;TP07F499;TP07F500;TP07F501;TP07F503;TP07F504;TP07F505;TP07F506;TP07F507;TP07F508;TP07F509;TP07F510;TP07F511;TP07F512;TP07F513,DIRECT_NATIVE_SOURCE_GENERATED
STA:ABSL,54,TP07F003;TP07F004;TP07F005;TP07F085;TP07F086;TP07F087;TP07F088;TP07F199;TP07F200;TP07F272;TP07F364;TP07F406,DIRECT_NATIVE_SOURCE_GENERATED
STA:ABSL_X,100,TP07F058;TP07F071;TP07F073;TP07F118;TP07F119;TP07F120;TP07F147;TP07F150;TP07F159;TP07F216;TP07F220;TP07F361;TP07F364;TP07F369;TP07F396;TP07F397;TP07F400;TP07F403;TP07F466;TP07F469;TP07F484;TP07F488;TP07F489;TP07F491;TP07F492;TP07F496,DIRECT_NATIVE_SOURCE_GENERATED
STA:ABS_X,95,TP07F001;TP07F061;TP07F069;TP07F076;TP07F077;TP07F078;TP07F119;TP07F120;TP07F129;TP07F130;TP07F140;TP07F144;TP07F145;TP07F148;TP07F150;TP07F159;TP07F160;TP07F175;TP07F176;TP07F211;TP07F288;TP07F297;TP07F321;TP07F364;TP07F394;TP07F401;TP07F402;TP07F404;TP07F406;TP07F485;TP07F491;TP07F492,DIRECT_NATIVE_SOURCE_GENERATED
STA:ABS_Y,95,TP07F037;TP07F068;TP07F076;TP07F077;TP07F078;TP07F119;TP07F120;TP07F148;TP07F150;TP07F157;TP07F159;TP07F288;TP07F298;TP07F355;TP07F371;TP07F394;TP07F395;TP07F396;TP07F399;TP07F403;TP07F406;TP07F407;TP07F450,DIRECT_NATIVE_SOURCE_GENERATED
STA:DP,24,TP07F004;TP07F005;TP07F036;TP07F038;TP07F039;TP07F040;TP07F041;TP07F044;TP07F047,DIRECT_NATIVE_SOURCE_GENERATED
STA:DP_IND_LONG,11,TP07F113;TP07F138;TP07F139;TP07F251;TP07F305;TP07F307;TP07F319;TP07F351;TP07F356;TP07F380;TP07F385;TP07F437;TP07F487,DIRECT_NATIVE_SOURCE_GENERATED
STA:DP_IND_LONG_Y,1656,TP07F008;TP07F009;TP07F028;TP07F065;TP07F066;TP07F067;TP07F072;TP07F079;TP07F080;TP07F082;TP07F088;TP07F111;TP07F113;TP07F114;TP07F115;TP07F116;TP07F117;TP07F118;TP07F126;TP07F137;TP07F140;TP07F142;TP07F144;TP07F145;TP07F146;TP07F148;TP07F149;TP07F158;TP07F184;TP07F185;TP07F198;TP07F210;TP07F224;TP07F225;TP07F226;TP07F227;TP07F241;TP07F243;TP07F244;TP07F257;TP07F258;TP07F263;TP07F266;TP07F270;TP07F276;TP07F277;TP07F278;TP07F279;TP07F280;TP07F283;TP07F284;TP07F285;TP07F286;TP07F289;TP07F290;TP07F294;TP07F295;TP07F297;TP07F299;TP07F300;TP07F301;TP07F302;TP07F303;TP07F304;TP07F307;TP07F308;TP07F309;TP07F310;TP07F311;TP07F312;TP07F313;TP07F314;TP07F315;TP07F316;TP07F318;TP07F319;TP07F323;TP07F325;TP07F326;TP07F331;TP07F335;TP07F338;TP07F340;TP07F341;TP07F342;TP07F344;TP07F345;TP07F347;TP07F348;TP07F349;TP07F350;TP07F355;TP07F358;TP07F360;TP07F366;TP07F368;TP07F369;TP07F370;TP07F371;TP07F372;TP07F373;TP07F379;TP07F387;TP07F388;TP07F393;TP07F394;TP07F398;TP07F400;TP07F403;TP07F405;TP07F406;TP07F407;TP07F408;TP07F409;TP07F410;TP07F411;TP07F412;TP07F413;TP07F414;TP07F415;TP07F417;TP07F421;TP07F422;TP07F423;TP07F426;TP07F429;TP07F430;TP07F431;TP07F432;TP07F433;TP07F434;TP07F435;TP07F436;TP07F437;TP07F439;TP07F440;TP07F441;TP07F442;TP07F443;TP07F444;TP07F445;TP07F446;TP07F447;TP07F448;TP07F449;TP07F450;TP07F451;TP07F452;TP07F453;TP07F454;TP07F455;TP07F456;TP07F457;TP07F459;TP07F460;TP07F461;TP07F463;TP07F464;TP07F465;TP07F466;TP07F467;TP07F468;TP07F470;TP07F471;TP07F472;TP07F473;TP07F474;TP07F475;TP07F476;TP07F477;TP07F478;TP07F479;TP07F480;TP07F481;TP07F482;TP07F483;TP07F484;TP07F485;TP07F486;TP07F487;TP07F490;TP07F491;TP07F496;TP07F497;TP07F499;TP07F500;TP07F501;TP07F504,DIRECT_NATIVE_SOURCE_GENERATED
STX:ABS,1979,TP07F002;TP07F008;TP07F009;TP07F010;TP07F012;TP07F013;TP07F014;TP07F016;TP07F018;TP07F023;TP07F024;TP07F025;TP07F026;TP07F027;TP07F028;TP07F031;TP07F032;TP07F033;TP07F037;TP07F042;TP07F053;TP07F057;TP07F058;TP07F065;TP07F066;TP07F067;TP07F070;TP07F073;TP07F074;TP07F075;TP07F076;TP07F077;TP07F078;TP07F079;TP07F080;TP07F081;TP07F082;TP07F085;TP07F086;TP07F087;TP07F088;TP07F106;TP07F107;TP07F108;TP07F109;TP07F110;TP07F112;TP07F113;TP07F114;TP07F115;TP07F116;TP07F118;TP07F119;TP07F120;TP07F122;TP07F123;TP07F126;TP07F127;TP07F128;TP07F131;TP07F132;TP07F133;TP07F134;TP07F135;TP07F136;TP07F137;TP07F138;TP07F139;TP07F140;TP07F141;TP07F142;TP07F143;TP07F144;TP07F145;TP07F146;TP07F147;TP07F148;TP07F149;TP07F150;TP07F151;TP07F152;TP07F153;TP07F158;TP07F160;TP07F181;TP07F182;TP07F192;TP07F193;TP07F201;TP07F202;TP07F203;TP07F204;TP07F205;TP07F206;TP07F207;TP07F208;TP07F209;TP07F212;TP07F213;TP07F215;TP07F217;TP07F218;TP07F219;TP07F220;TP07F221;TP07F222;TP07F224;TP07F225;TP07F228;TP07F230;TP07F231;TP07F233;TP07F234;TP07F235;TP07F236;TP07F238;TP07F239;TP07F240;TP07F241;TP07F243;TP07F246;TP07F247;TP07F248;TP07F251;TP07F254;TP07F255;TP07F256;TP07F257;TP07F258;TP07F260;TP07F262;TP07F263;TP07F264;TP07F265;TP07F266;TP07F267;TP07F268;TP07F269;TP07F270;TP07F271;TP07F273;TP07F274;TP07F275;TP07F276;TP07F277;TP07F278;TP07F279;TP07F280;TP07F281;TP07F283;TP07F284;TP07F285;TP07F286;TP07F287;TP07F288;TP07F289;TP07F290;TP07F291;TP07F292;TP07F293;TP07F294;TP07F295;TP07F296;TP07F297;TP07F299;TP07F300;TP07F301;TP07F302;TP07F303;TP07F304;TP07F305;TP07F307;TP07F308;TP07F309;TP07F310;TP07F311;TP07F312;TP07F313;TP07F314;TP07F315;TP07F316;TP07F317;TP07F318;TP07F319;TP07F320;TP07F321;TP07F322;TP07F323;TP07F324;TP07F325;TP07F326;TP07F327;TP07F328;TP07F329;TP07F330;TP07F331;TP07F333;TP07F335;TP07F336;TP07F337;TP07F338;TP07F340;TP07F341;TP07F342;TP07F343;TP07F344;TP07F345;TP07F346;TP07F347;TP07F348;TP07F349;TP07F350;TP07F351;TP07F352;TP07F353;TP07F354;TP07F355;TP07F356;TP07F358;TP07F359;TP07F360;TP07F362;TP07F363;TP07F364;TP07F365;TP07F366;TP07F367;TP07F368;TP07F369;TP07F371;TP07F372;TP07F373;TP07F374;TP07F375;TP07F378;TP07F379;TP07F380;TP07F381;TP07F382;TP07F383;TP07F384;TP07F385;TP07F386;TP07F387;TP07F388;TP07F389;TP07F390;TP07F391;TP07F392;TP07F393;TP07F394;TP07F396;TP07F398;TP07F399;TP07F400;TP07F401;TP07F402;TP07F403;TP07F404;TP07F405;TP07F406;TP07F407;TP07F408;TP07F409;TP07F410;TP07F411;TP07F412;TP07F413;TP07F414;TP07F415;TP07F416;TP07F418;TP07F419;TP07F420;TP07F421;TP07F422;TP07F423;TP07F424;TP07F425;TP07F426;TP07F427;TP07F428;TP07F429;TP07F430;TP07F431;TP07F432;TP07F433;TP07F434;TP07F435;TP07F436;TP07F437;TP07F438;TP07F439;TP07F440;TP07F441;TP07F442;TP07F443;TP07F444;TP07F445;TP07F446;TP07F447;TP07F448;TP07F449;TP07F450;TP07F451;TP07F452;TP07F453;TP07F454;TP07F455;TP07F456;TP07F457;TP07F458;TP07F459;TP07F460;TP07F461;TP07F462;TP07F463;TP07F464;TP07F465;TP07F466;TP07F467;TP07F468;TP07F469;TP07F470;TP07F471;TP07F472;TP07F473;TP07F474;TP07F475;TP07F476;TP07F477;TP07F478;TP07F479;TP07F480;TP07F481;TP07F482;TP07F483;TP07F484;TP07F485;TP07F486;TP07F487;TP07F488;TP07F489;TP07F490;TP07F491;TP07F492;TP07F493;TP07F494;TP07F495;TP07F496;TP07F497;TP07F498;TP07F499;TP07F500;TP07F501;TP07F503;TP07F504;TP07F505;TP07F506;TP07F507;TP07F508;TP07F509,DIRECT_NATIVE_SOURCE_GENERATED
STY:ABS,147,TP07F015;TP07F016;TP07F025;TP07F026;TP07F027;TP07F114;TP07F116;TP07F117;TP07F140;TP07F144;TP07F145;TP07F150;TP07F160;TP07F209;TP07F232;TP07F233;TP07F237;TP07F242;TP07F245;TP07F271;TP07F285;TP07F296;TP07F311;TP07F312;TP07F317;TP07F329;TP07F330;TP07F340;TP07F346;TP07F351;TP07F353;TP07F355;TP07F359;TP07F370;TP07F371;TP07F391;TP07F392;TP07F398;TP07F424;TP07F425;TP07F432;TP07F443;TP07F452;TP07F453;TP07F454;TP07F457;TP07F459;TP07F475;TP07F480;TP07F484;TP07F487;TP07F504,DIRECT_NATIVE_SOURCE_GENERATED
STZ:ABS,856,TP07F002;TP07F010;TP07F012;TP07F013;TP07F014;TP07F015;TP07F016;TP07F020;TP07F021;TP07F023;TP07F024;TP07F028;TP07F029;TP07F031;TP07F034;TP07F037;TP07F042;TP07F045;TP07F048;TP07F053;TP07F054;TP07F055;TP07F056;TP07F057;TP07F058;TP07F061;TP07F065;TP07F066;TP07F067;TP07F068;TP07F076;TP07F077;TP07F078;TP07F079;TP07F080;TP07F082;TP07F083;TP07F084;TP07F085;TP07F086;TP07F087;TP07F095;TP07F096;TP07F100;TP07F101;TP07F112;TP07F114;TP07F116;TP07F117;TP07F118;TP07F119;TP07F120;TP07F130;TP07F131;TP07F137;TP07F138;TP07F139;TP07F144;TP07F145;TP07F147;TP07F148;TP07F149;TP07F150;TP07F151;TP07F152;TP07F153;TP07F157;TP07F158;TP07F159;TP07F160;TP07F167;TP07F178;TP07F179;TP07F180;TP07F186;TP07F206;TP07F207;TP07F208;TP07F211;TP07F215;TP07F219;TP07F223;TP07F226;TP07F227;TP07F231;TP07F232;TP07F234;TP07F235;TP07F236;TP07F237;TP07F239;TP07F240;TP07F242;TP07F243;TP07F245;TP07F246;TP07F247;TP07F248;TP07F249;TP07F252;TP07F253;TP07F254;TP07F255;TP07F256;TP07F257;TP07F258;TP07F260;TP07F262;TP07F263;TP07F264;TP07F267;TP07F268;TP07F269;TP07F272;TP07F273;TP07F274;TP07F275;TP07F284;TP07F287;TP07F289;TP07F290;TP07F291;TP07F292;TP07F293;TP07F294;TP07F295;TP07F296;TP07F297;TP07F305;TP07F306;TP07F315;TP07F316;TP07F320;TP07F321;TP07F322;TP07F323;TP07F326;TP07F327;TP07F328;TP07F329;TP07F330;TP07F336;TP07F338;TP07F339;TP07F340;TP07F343;TP07F344;TP07F345;TP07F346;TP07F347;TP07F349;TP07F350;TP07F351;TP07F353;TP07F355;TP07F356;TP07F360;TP07F361;TP07F362;TP07F363;TP07F364;TP07F366;TP07F367;TP07F368;TP07F369;TP07F370;TP07F372;TP07F373;TP07F375;TP07F376;TP07F377;TP07F378;TP07F379;TP07F380;TP07F385;TP07F387;TP07F388;TP07F389;TP07F390;TP07F391;TP07F392;TP07F394;TP07F395;TP07F396;TP07F397;TP07F398;TP07F399;TP07F400;TP07F401;TP07F402;TP07F403;TP07F404;TP07F405;TP07F406;TP07F407;TP07F416;TP07F418;TP07F419;TP07F420;TP07F424;TP07F425;TP07F427;TP07F428;TP07F435;TP07F437;TP07F438;TP07F439;TP07F440;TP07F443;TP07F446;TP07F448;TP07F450;TP07F451;TP07F453;TP07F454;TP07F456;TP07F457;TP07F458;TP07F459;TP07F460;TP07F461;TP07F465;TP07F466;TP07F468;TP07F469;TP07F471;TP07F472;TP07F473;TP07F475;TP07F480;TP07F481;TP07F482;TP07F484;TP07F485;TP07F486;TP07F487;TP07F488;TP07F489;TP07F490;TP07F491;TP07F492;TP07F493;TP07F494;TP07F495;TP07F496;TP07F497;TP07F498;TP07F499;TP07F500;TP07F501;TP07F503;TP07F504;TP07F506;TP07F507;TP07F508;TP07F509;TP07F510;TP07F511;TP07F512;TP07F513,DIRECT_NATIVE_SOURCE_GENERATED
STZ:ABS_X,5,TP07F001;TP07F364;TP07F493;TP07F494;TP07F495,DIRECT_NATIVE_SOURCE_GENERATED
STZ:DP,3,TP07F005;TP07F040;TP07F044,DIRECT_NATIVE_SOURCE_GENERATED
TAX:IMP,663,TP07F003;TP07F015;TP07F037;TP07F041;TP07F053;TP07F057;TP07F058;TP07F065;TP07F066;TP07F067;TP07F068;TP07F071;TP07F073;TP07F076;TP07F077;TP07F078;TP07F085;TP07F086;TP07F087;TP07F110;TP07F115;TP07F116;TP07F118;TP07F124;TP07F125;TP07F126;TP07F129;TP07F130;TP07F131;TP07F133;TP07F134;TP07F136;TP07F137;TP07F138;TP07F139;TP07F140;TP07F142;TP07F143;TP07F145;TP07F146;TP07F147;TP07F148;TP07F149;TP07F150;TP07F151;TP07F152;TP07F153;TP07F157;TP07F158;TP07F159;TP07F175;TP07F176;TP07F190;TP07F191;TP07F194;TP07F195;TP07F196;TP07F197;TP07F199;TP07F200;TP07F208;TP07F216;TP07F217;TP07F218;TP07F230;TP07F242;TP07F266;TP07F271;TP07F278;TP07F279;TP07F280;TP07F285;TP07F286;TP07F287;TP07F288;TP07F294;TP07F295;TP07F299;TP07F303;TP07F304;TP07F305;TP07F309;TP07F310;TP07F311;TP07F312;TP07F316;TP07F317;TP07F324;TP07F326;TP07F327;TP07F329;TP07F330;TP07F336;TP07F337;TP07F340;TP07F344;TP07F345;TP07F347;TP07F348;TP07F351;TP07F352;TP07F353;TP07F354;TP07F355;TP07F356;TP07F357;TP07F358;TP07F360;TP07F361;TP07F362;TP07F363;TP07F364;TP07F366;TP07F368;TP07F369;TP07F371;TP07F372;TP07F374;TP07F375;TP07F376;TP07F377;TP07F378;TP07F380;TP07F385;TP07F387;TP07F388;TP07F389;TP07F390;TP07F391;TP07F393;TP07F396;TP07F397;TP07F398;TP07F400;TP07F401;TP07F402;TP07F403;TP07F404;TP07F405;TP07F406;TP07F407;TP07F424;TP07F425;TP07F426;TP07F429;TP07F431;TP07F432;TP07F433;TP07F434;TP07F435;TP07F436;TP07F437;TP07F439;TP07F440;TP07F441;TP07F443;TP07F444;TP07F445;TP07F446;TP07F447;TP07F448;TP07F449;TP07F450;TP07F452;TP07F453;TP07F454;TP07F455;TP07F456;TP07F457;TP07F459;TP07F464;TP07F465;TP07F466;TP07F467;TP07F468;TP07F469;TP07F470;TP07F472;TP07F473;TP07F474;TP07F475;TP07F476;TP07F477;TP07F478;TP07F479;TP07F480;TP07F481;TP07F482;TP07F483;TP07F484;TP07F485;TP07F486;TP07F487;TP07F488;TP07F489;TP07F490;TP07F496;TP07F497;TP07F504;TP07F508,DIRECT_NATIVE_SOURCE_GENERATED
TAY:IMP,1800,TP07F015;TP07F028;TP07F033;TP07F037;TP07F058;TP07F073;TP07F085;TP07F086;TP07F087;TP07F097;TP07F098;TP07F099;TP07F102;TP07F103;TP07F106;TP07F107;TP07F108;TP07F109;TP07F114;TP07F115;TP07F116;TP07F117;TP07F118;TP07F126;TP07F127;TP07F128;TP07F129;TP07F130;TP07F132;TP07F135;TP07F141;TP07F142;TP07F143;TP07F144;TP07F145;TP07F146;TP07F147;TP07F150;TP07F158;TP07F159;TP07F160;TP07F188;TP07F189;TP07F190;TP07F191;TP07F192;TP07F193;TP07F194;TP07F195;TP07F196;TP07F197;TP07F228;TP07F229;TP07F230;TP07F237;TP07F241;TP07F242;TP07F250;TP07F271;TP07F278;TP07F279;TP07F280;TP07F282;TP07F285;TP07F286;TP07F288;TP07F294;TP07F295;TP07F298;TP07F303;TP07F304;TP07F308;TP07F309;TP07F310;TP07F311;TP07F312;TP07F316;TP07F317;TP07F319;TP07F323;TP07F325;TP07F326;TP07F331;TP07F335;TP07F336;TP07F337;TP07F340;TP07F343;TP07F346;TP07F347;TP07F348;TP07F350;TP07F352;TP07F353;TP07F355;TP07F358;TP07F359;TP07F360;TP07F361;TP07F364;TP07F365;TP07F366;TP07F370;TP07F371;TP07F372;TP07F375;TP07F376;TP07F377;TP07F378;TP07F387;TP07F388;TP07F389;TP07F390;TP07F391;TP07F393;TP07F394;TP07F395;TP07F396;TP07F397;TP07F398;TP07F399;TP07F400;TP07F401;TP07F402;TP07F403;TP07F404;TP07F406;TP07F407;TP07F408;TP07F415;TP07F423;TP07F424;TP07F425;TP07F426;TP07F429;TP07F430;TP07F431;TP07F432;TP07F433;TP07F434;TP07F435;TP07F436;TP07F437;TP07F439;TP07F440;TP07F442;TP07F443;TP07F445;TP07F446;TP07F447;TP07F448;TP07F449;TP07F450;TP07F452;TP07F453;TP07F454;TP07F455;TP07F456;TP07F457;TP07F458;TP07F459;TP07F460;TP07F461;TP07F463;TP07F464;TP07F465;TP07F466;TP07F467;TP07F468;TP07F469;TP07F470;TP07F472;TP07F473;TP07F474;TP07F475;TP07F476;TP07F477;TP07F478;TP07F479;TP07F480;TP07F481;TP07F482;TP07F483;TP07F484;TP07F485;TP07F487;TP07F488;TP07F489;TP07F490;TP07F491;TP07F492;TP07F493;TP07F494;TP07F495;TP07F496;TP07F497;TP07F499;TP07F500;TP07F501;TP07F504;TP07F506;TP07F507,DIRECT_NATIVE_SOURCE_GENERATED
TCD:IMP,1,TP07F509,DIRECT_NATIVE_SOURCE_GENERATED
TXA:IMP,45,TP07F053;TP07F057;TP07F071;TP07F082;TP07F115;TP07F117;TP07F118;TP07F216;TP07F272;TP07F287;TP07F327;TP07F330;TP07F337;TP07F347;TP07F358;TP07F361;TP07F370;TP07F371;TP07F389;TP07F393;TP07F394;TP07F436;TP07F439;TP07F440;TP07F450;TP07F455;TP07F456;TP07F467;TP07F475;TP07F481;TP07F482;TP07F487;TP07F490,DIRECT_NATIVE_SOURCE_GENERATED
TXS:IMP,1,TP07F509,DIRECT_NATIVE_SOURCE_GENERATED
TXY:IMP,9,TP07F076;TP07F077;TP07F078;TP07F124;TP07F125;TP07F133;TP07F134;TP07F136;TP07F146;TP07F148,DIRECT_NATIVE_SOURCE_GENERATED
TYA:IMP,926,TP07F028;TP07F033;TP07F037;TP07F041;TP07F058;TP07F073;TP07F076;TP07F077;TP07F078;TP07F097;TP07F098;TP07F099;TP07F102;TP07F103;TP07F106;TP07F107;TP07F108;TP07F109;TP07F114;TP07F115;TP07F116;TP07F117;TP07F118;TP07F122;TP07F123;TP07F126;TP07F127;TP07F128;TP07F132;TP07F135;TP07F140;TP07F142;TP07F143;TP07F144;TP07F145;TP07F146;TP07F147;TP07F148;TP07F149;TP07F150;TP07F158;TP07F159;TP07F160;TP07F188;TP07F189;TP07F190;TP07F191;TP07F192;TP07F193;TP07F194;TP07F195;TP07F196;TP07F197;TP07F228;TP07F229;TP07F230;TP07F250;TP07F271;TP07F272;TP07F278;TP07F279;TP07F280;TP07F282;TP07F285;TP07F286;TP07F288;TP07F294;TP07F295;TP07F298;TP07F303;TP07F304;TP07F308;TP07F309;TP07F310;TP07F311;TP07F312;TP07F317;TP07F319;TP07F323;TP07F325;TP07F326;TP07F331;TP07F335;TP07F336;TP07F340;TP07F343;TP07F346;TP07F347;TP07F348;TP07F350;TP07F352;TP07F355;TP07F358;TP07F359;TP07F360;TP07F364;TP07F366;TP07F370;TP07F371;TP07F372;TP07F373;TP07F375;TP07F376;TP07F377;TP07F378;TP07F379;TP07F387;TP07F388;TP07F390;TP07F391;TP07F393;TP07F395;TP07F396;TP07F397;TP07F398;TP07F399;TP07F400;TP07F401;TP07F402;TP07F403;TP07F405;TP07F406;TP07F407;TP07F408;TP07F415;TP07F423;TP07F426;TP07F429;TP07F431;TP07F432;TP07F433;TP07F434;TP07F435;TP07F436;TP07F437;TP07F439;TP07F440;TP07F443;TP07F445;TP07F446;TP07F447;TP07F448;TP07F449;TP07F450;TP07F452;TP07F453;TP07F454;TP07F455;TP07F456;TP07F457;TP07F459;TP07F460;TP07F461;TP07F463;TP07F464;TP07F465;TP07F466;TP07F468;TP07F469;TP07F470;TP07F472;TP07F473;TP07F474;TP07F475;TP07F476;TP07F477;TP07F478;TP07F479;TP07F480;TP07F481;TP07F482;TP07F483;TP07F484;TP07F485;TP07F487;TP07F488;TP07F489;TP07F490;TP07F491;TP07F492;TP07F493;TP07F494;TP07F495;TP07F496;TP07F497;TP07F499;TP07F500;TP07F501;TP07F504;TP07F506;TP07F507,DIRECT_NATIVE_SOURCE_GENERATED
TYX:IMP,205,TP07F114;TP07F116;TP07F117;TP07F146;TP07F150;TP07F159;TP07F188;TP07F278;TP07F279;TP07F280;TP07F282;TP07F285;TP07F304;TP07F308;TP07F310;TP07F326;TP07F336;TP07F350;TP07F360;TP07F370;TP07F371;TP07F372;TP07F393;TP07F398;TP07F400;TP07F431;TP07F432;TP07F433;TP07F443;TP07F445;TP07F447;TP07F448;TP07F449;TP07F450;TP07F452;TP07F453;TP07F454;TP07F455;TP07F456;TP07F457;TP07F459;TP07F463;TP07F466;TP07F468;TP07F470;TP07F472;TP07F473;TP07F475;TP07F477;TP07F478;TP07F479;TP07F480;TP07F484;TP07F485;TP07F487;TP07F490;TP07F492;TP07F493;TP07F494;TP07F495,DIRECT_NATIVE_SOURCE_GENERATED
XBA:IMP,112,TP07F003;TP07F033;TP07F075;TP07F118;TP07F119;TP07F120;TP07F122;TP07F123;TP07F129;TP07F130;TP07F131;TP07F138;TP07F139;TP07F143;TP07F146;TP07F150;TP07F151;TP07F152;TP07F153;TP07F158;TP07F201;TP07F202;TP07F203;TP07F204;TP07F205;TP07F228;TP07F237;TP07F319;TP07F324;TP07F325;TP07F335;TP07F340;TP07F348;TP07F354;TP07F356;TP07F390;TP07F393;TP07F401;TP07F402;TP07F408;TP07F415;TP07F423;TP07F431;TP07F433;TP07F435;TP07F437;TP07F439;TP07F440;TP07F441;TP07F443;TP07F445;TP07F452;TP07F453;TP07F454;TP07F455;TP07F457;TP07F459;TP07F460;TP07F461;TP07F463;TP07F466;TP07F468;TP07F470;TP07F471;TP07F472;TP07F473;TP07F475;TP07F477;TP07F478;TP07F479;TP07F480;TP07F481;TP07F482;TP07F483;TP07F484;TP07F508,DIRECT_NATIVE_SOURCE_GENERATED
XCE:IMP,1,TP07F509,DIRECT_NATIVE_SOURCE_GENERATED
