Family,Context,ROM_Offset,Bytes,Mnemonic,Mode,Carry_In_Facts,Zero_In_Facts,Access_Expression,Proof_Source,Admission_State
TP07F481,07:EAD5:0:0:0,0x03EAD5,E210,SEP,IMM8,UNKNOWN,UNKNOWN,NONE,V05C-contexts.csv,SOURCE_PROVED_NOT_YET_ADMITTED
TP07F481,07:EAD7:0:0:1,0x03EAD7,C220,REP,IMM8,UNKNOWN,UNKNOWN,NONE,V05C-contexts.csv,SOURCE_PROVED_NOT_YET_ADMITTED
TP07F481,07:EAD9:0:0:1,0x03EAD9,AD1600,LDA,ABS,UNKNOWN,UNKNOWN,DBR:0016,V05C-contexts.csv,SOURCE_PROVED_NOT_YET_ADMITTED
TP07F481,07:EADC:0:0:1,0x03EADC,48,PHA,IMP,UNKNOWN,UNKNOWN,NONE,V05C-contexts.csv,SOURCE_PROVED_NOT_YET_ADMITTED
TP07F481,07:EADD:0:0:1,0x03EADD,AE1800,LDX,ABS,UNKNOWN,UNKNOWN,DBR:0018,V05C-contexts.csv,SOURCE_PROVED_NOT_YET_ADMITTED
TP07F481,07:EAE0:0:0:1,0x03EAE0,DA,PHX,IMP,UNKNOWN,UNKNOWN,NONE,V05C-contexts.csv,SOURCE_PROVED_NOT_YET_ADMITTED
TP07F481,07:EAE1:0:0:1,0x03EAE1,AD1900,LDA,ABS,UNKNOWN,UNKNOWN,DBR:0019,V05C-contexts.csv,SOURCE_PROVED_NOT_YET_ADMITTED
TP07F481,07:EAE4:0:0:1,0x03EAE4,48,PHA,IMP,UNKNOWN,UNKNOWN,NONE,V05C-contexts.csv,SOURCE_PROVED_NOT_YET_ADMITTED
TP07F481,07:EAE5:0:0:1,0x03EAE5,AE1B00,LDX,ABS,UNKNOWN,UNKNOWN,DBR:001B,V05C-contexts.csv,SOURCE_PROVED_NOT_YET_ADMITTED
TP07F481,07:EAE8:0:0:1,0x03EAE8,DA,PHX,IMP,UNKNOWN,UNKNOWN,NONE,V05C-contexts.csv,SOURCE_PROVED_NOT_YET_ADMITTED
TP07F481,07:EAE9:0:0:1,0x03EAE9,AD1C00,LDA,ABS,UNKNOWN,UNKNOWN,DBR:001C,V05C-contexts.csv,SOURCE_PROVED_NOT_YET_ADMITTED
TP07F481,07:EAEC:0:0:1,0x03EAEC,48,PHA,IMP,UNKNOWN,UNKNOWN,NONE,V05C-contexts.csv,SOURCE_PROVED_NOT_YET_ADMITTED
TP07F481,07:EAED:0:0:1,0x03EAED,AE1E00,LDX,ABS,UNKNOWN,UNKNOWN,DBR:001E,V05C-contexts.csv,SOURCE_PROVED_NOT_YET_ADMITTED
TP07F481,07:EAF0:0:0:1,0x03EAF0,DA,PHX,IMP,UNKNOWN,UNKNOWN,NONE,V05C-contexts.csv,SOURCE_PROVED_NOT_YET_ADMITTED
TP07F481,07:EAF1:0:0:1,0x03EAF1,C230,REP,IMM8,UNKNOWN,UNKNOWN,NONE,V05C-contexts.csv,SOURCE_PROVED_NOT_YET_ADMITTED
TP07F481,07:EAF3:0:0:0,0x03EAF3,AD1504,LDA,ABS,UNKNOWN,UNKNOWN,DBR:0415,V05C-contexts.csv,SOURCE_PROVED_NOT_YET_ADMITTED
TP07F481,07:EAF6:0:0:0,0x03EAF6,48,PHA,IMP,UNKNOWN,UNKNOWN,NONE,V05C-contexts.csv,SOURCE_PROVED_NOT_YET_ADMITTED
TP07F481,07:EAF7:0:0:0,0x03EAF7,AD0B04,LDA,ABS,UNKNOWN,UNKNOWN,DBR:040B,V05C-contexts.csv,SOURCE_PROVED_NOT_YET_ADMITTED
TP07F481,07:EAFA:0:0:0,0x03EAFA,48,PHA,IMP,UNKNOWN,UNKNOWN,NONE,V05C-contexts.csv,SOURCE_PROVED_NOT_YET_ADMITTED
TP07F481,07:EAFB:0:0:0,0x03EAFB,AD0D04,LDA,ABS,UNKNOWN,UNKNOWN,DBR:040D,V05C-contexts.csv,SOURCE_PROVED_NOT_YET_ADMITTED
TP07F481,07:EAFE:0:0:0,0x03EAFE,48,PHA,IMP,UNKNOWN,UNKNOWN,NONE,V05C-contexts.csv,SOURCE_PROVED_NOT_YET_ADMITTED
TP07F481,07:EAFF:0:0:0,0x03EAFF,AD0F04,LDA,ABS,UNKNOWN,UNKNOWN,DBR:040F,V05C-contexts.csv,SOURCE_PROVED_NOT_YET_ADMITTED
TP07F481,07:EB02:0:0:0,0x03EB02,48,PHA,IMP,UNKNOWN,UNKNOWN,NONE,V05C-contexts.csv,SOURCE_PROVED_NOT_YET_ADMITTED
TP07F481,07:EB03:0:0:0,0x03EB03,AD1104,LDA,ABS,UNKNOWN,UNKNOWN,DBR:0411,V05C-contexts.csv,SOURCE_PROVED_NOT_YET_ADMITTED
TP07F481,07:EB06:0:0:0,0x03EB06,48,PHA,IMP,UNKNOWN,UNKNOWN,NONE,V05C-contexts.csv,SOURCE_PROVED_NOT_YET_ADMITTED
TP07F481,07:EB07:0:0:0,0x03EB07,E230,SEP,IMM8,UNKNOWN,UNKNOWN,NONE,V05C-contexts.csv,SOURCE_PROVED_NOT_YET_ADMITTED
TP07F481,07:EB09:0:1:1,0x03EB09,AD0004,LDA,ABS,UNKNOWN,UNKNOWN,DBR:0400,V05C-contexts.csv,SOURCE_PROVED_NOT_YET_ADMITTED
TP07F481,07:EB0C:0:1:1,0x03EB0C,48,PHA,IMP,UNKNOWN,UNKNOWN,NONE,V05C-contexts.csv,SOURCE_PROVED_NOT_YET_ADMITTED
TP07F481,07:EB0D:0:1:1,0x03EB0D,AD0104,LDA,ABS,UNKNOWN,UNKNOWN,DBR:0401,V05C-contexts.csv,SOURCE_PROVED_NOT_YET_ADMITTED
TP07F481,07:EB10:0:1:1,0x03EB10,48,PHA,IMP,UNKNOWN,UNKNOWN,NONE,V05C-contexts.csv,SOURCE_PROVED_NOT_YET_ADMITTED
TP07F481,07:EB11:0:1:1,0x03EB11,E210,SEP,IMM8,UNKNOWN,UNKNOWN,NONE,V05C-contexts.csv,SOURCE_PROVED_NOT_YET_ADMITTED
TP07F481,07:EB13:0:1:1,0x03EB13,C220,REP,IMM8,UNKNOWN,UNKNOWN,NONE,V05C-contexts.csv,SOURCE_PROVED_NOT_YET_ADMITTED
TP07F481,07:EB15:0:0:1,0x03EB15,9C0B04,STZ,ABS,UNKNOWN,UNKNOWN,DBR:040B,V05C-contexts.csv,SOURCE_PROVED_NOT_YET_ADMITTED
TP07F481,07:EB18:0:0:1,0x03EB18,9C0D04,STZ,ABS,UNKNOWN,UNKNOWN,DBR:040D,V05C-contexts.csv,SOURCE_PROVED_NOT_YET_ADMITTED
TP07F481,07:EB1B:0:0:1,0x03EB1B,9C0F04,STZ,ABS,UNKNOWN,UNKNOWN,DBR:040F,V05C-contexts.csv,SOURCE_PROVED_NOT_YET_ADMITTED
TP07F481,07:EB1E:0:0:1,0x03EB1E,9C1104,STZ,ABS,UNKNOWN,UNKNOWN,DBR:0411,V05C-contexts.csv,SOURCE_PROVED_NOT_YET_ADMITTED
TP07F481,07:EB21:0:0:1,0x03EB21,9C0004,STZ,ABS,UNKNOWN,UNKNOWN,DBR:0400,V05C-contexts.csv,SOURCE_PROVED_NOT_YET_ADMITTED
TP07F481,07:EB24:0:0:1,0x03EB24,AD8A07,LDA,ABS,UNKNOWN,UNKNOWN,DBR:078A,V05C-contexts.csv,SOURCE_PROVED_NOT_YET_ADMITTED
TP07F481,07:EB27:0:0:1,0x03EB27,8D1600,STA,ABS,UNKNOWN,UNKNOWN,DBR:0016,V05C-contexts.csv,SOURCE_PROVED_NOT_YET_ADMITTED
TP07F481,07:EB2A:0:0:1,0x03EB2A,AE8C07,LDX,ABS,UNKNOWN,UNKNOWN,DBR:078C,V05C-contexts.csv,SOURCE_PROVED_NOT_YET_ADMITTED
TP07F481,07:EB2D:0:0:1,0x03EB2D,8E1800,STX,ABS,UNKNOWN,UNKNOWN,DBR:0018,V05C-contexts.csv,SOURCE_PROVED_NOT_YET_ADMITTED
TP07F481,07:EB30:0:0:1,0x03EB30,AD8E07,LDA,ABS,UNKNOWN,UNKNOWN,DBR:078E,V05C-contexts.csv,SOURCE_PROVED_NOT_YET_ADMITTED
TP07F481,07:EB33:0:0:1,0x03EB33,8D1900,STA,ABS,UNKNOWN,UNKNOWN,DBR:0019,V05C-contexts.csv,SOURCE_PROVED_NOT_YET_ADMITTED
TP07F481,07:EB36:0:0:1,0x03EB36,AE9007,LDX,ABS,UNKNOWN,UNKNOWN,DBR:0790,V05C-contexts.csv,SOURCE_PROVED_NOT_YET_ADMITTED
TP07F481,07:EB39:0:0:1,0x03EB39,8E1B00,STX,ABS,UNKNOWN,UNKNOWN,DBR:001B,V05C-contexts.csv,SOURCE_PROVED_NOT_YET_ADMITTED
TP07F481,07:EB3C:0:0:1,0x03EB3C,A01A,LDY,IMM_X,UNKNOWN,UNKNOWN,NONE,V05C-contexts.csv,SOURCE_PROVED_NOT_YET_ADMITTED
TP07F481,07:EB3E:0:0:1,0x03EB3E,B719,LDA,DP_IND_LONG_Y,UNKNOWN,0,NONE,V05C-contexts.csv,SOURCE_PROVED_NOT_YET_ADMITTED
TP07F481,07:EB40:0:0:1,0x03EB40,2250C300,JSL,ABSL_JUMP,UNKNOWN,UNKNOWN,NONE,V05C-contexts.csv,SOURCE_PROVED_NOT_YET_ADMITTED
TP07F481,07:EB44:0:0:1,0x03EB44,8D1C00,STA,ABS,UNKNOWN,1,DBR:001C,V05C-contexts.csv,SOURCE_PROVED_NOT_YET_ADMITTED
TP07F481,07:EB47:0:0:1,0x03EB47,8E1E00,STX,ABS,UNKNOWN,1,DBR:001E,V05C-contexts.csv,SOURCE_PROVED_NOT_YET_ADMITTED
TP07F481,07:EB4A:0:0:1,0x03EB4A,E230,SEP,IMM8,UNKNOWN,1,NONE,V05C-contexts.csv,SOURCE_PROVED_NOT_YET_ADMITTED
TP07F481,07:EB4C:0:1:1,0x03EB4C,A003,LDY,IMM_X,UNKNOWN,1,NONE,V05C-contexts.csv,SOURCE_PROVED_NOT_YET_ADMITTED
TP07F481,07:EB4E:0:1:1,0x03EB4E,B71C,LDA,DP_IND_LONG_Y,UNKNOWN,0,NONE,V05C-contexts.csv,SOURCE_PROVED_NOT_YET_ADMITTED
TP07F481,07:EB50:0:1:1,0x03EB50,2904,AND,IMM_M,UNKNOWN,UNKNOWN,NONE,V05C-contexts.csv,SOURCE_PROVED_NOT_YET_ADMITTED
TP07F481,07:EB52:0:1:1,0x03EB52,D003,BNE,REL8,UNKNOWN,UNKNOWN,NONE,V05C-contexts.csv,SOURCE_PROVED_NOT_YET_ADMITTED
TP07F481,07:EB54:0:1:1,0x03EB54,823F01,BRL,REL16,UNKNOWN,1,NONE,V05C-contexts.csv,SOURCE_PROVED_NOT_YET_ADMITTED
TP07F481,07:EB57:0:1:1,0x03EB57,A054,LDY,IMM_X,UNKNOWN,0,NONE,V05C-contexts.csv,SOURCE_PROVED_NOT_YET_ADMITTED
TP07F481,07:EB59:0:1:1,0x03EB59,B719,LDA,DP_IND_LONG_Y,UNKNOWN,0,NONE,V05C-contexts.csv,SOURCE_PROVED_NOT_YET_ADMITTED
TP07F481,07:EB5B:0:1:1,0x03EB5B,D003,BNE,REL8,UNKNOWN,UNKNOWN,NONE,V05C-contexts.csv,SOURCE_PROVED_NOT_YET_ADMITTED
TP07F481,07:EB5D:0:1:1,0x03EB5D,823301,BRL,REL16,UNKNOWN,1,NONE,V05C-contexts.csv,SOURCE_PROVED_NOT_YET_ADMITTED
TP07F481,07:EB60:0:1:1,0x03EB60,3716,AND,DP_IND_LONG_Y,UNKNOWN,0,NONE,V05C-contexts.csv,SOURCE_PROVED_NOT_YET_ADMITTED
TP07F481,07:EB62:0:1:1,0x03EB62,F003,BEQ,REL8,UNKNOWN,UNKNOWN,NONE,V05C-contexts.csv,SOURCE_PROVED_NOT_YET_ADMITTED
TP07F481,07:EB64:0:1:1,0x03EB64,822C01,BRL,REL16,UNKNOWN,0,NONE,V05C-contexts.csv,SOURCE_PROVED_NOT_YET_ADMITTED
TP07F481,07:EB67:0:1:1,0x03EB67,2268F607,JSL,ABSL_JUMP,UNKNOWN,1,NONE,V05C-contexts.csv,SOURCE_PROVED_NOT_YET_ADMITTED
TP07F481,07:EB6B:0:0:0,0x03EB6B,C230,REP,IMM8,UNKNOWN,UNKNOWN,NONE,V05C-contexts.csv,SOURCE_PROVED_NOT_YET_ADMITTED
TP07F481,07:EB6B:0:0:1,0x03EB6B,C230,REP,IMM8,UNKNOWN|1,UNKNOWN,NONE,V05C-contexts.csv,SOURCE_PROVED_NOT_YET_ADMITTED
TP07F481,07:EB6D:0:0:0,0x03EB6D,ADA207,LDA,ABS,UNKNOWN|1,UNKNOWN,DBR:07A2,V05C-contexts.csv,SOURCE_PROVED_NOT_YET_ADMITTED
TP07F481,07:EB70:0:0:0,0x03EB70,1003,BPL,REL8,UNKNOWN|1,UNKNOWN,NONE,V05C-contexts.csv,SOURCE_PROVED_NOT_YET_ADMITTED
TP07F481,07:EB72:0:0:0,0x03EB72,4C93EC,JMP,ABS_JUMP,UNKNOWN|1,UNKNOWN,NONE,V05C-contexts.csv,SOURCE_PROVED_NOT_YET_ADMITTED
TP07F481,07:EB75:0:0:0,0x03EB75,D003,BNE,REL8,UNKNOWN|1,UNKNOWN,NONE,V05C-contexts.csv,SOURCE_PROVED_NOT_YET_ADMITTED
TP07F481,07:EB77:0:0:0,0x03EB77,821901,BRL,REL16,UNKNOWN|1,1,NONE,V05C-contexts.csv,SOURCE_PROVED_NOT_YET_ADMITTED
TP07F481,07:EB7A:0:0:0,0x03EB7A,A01800,LDY,IMM_X,UNKNOWN|1,0,NONE,V05C-contexts.csv,SOURCE_PROVED_NOT_YET_ADMITTED
TP07F481,07:EB7D:0:0:0,0x03EB7D,B719,LDA,DP_IND_LONG_Y,UNKNOWN|1,0,NONE,V05C-contexts.csv,SOURCE_PROVED_NOT_YET_ADMITTED
TP07F481,07:EB7F:0:0:0,0x03EB7F,1A,INC,ACC,UNKNOWN|1,UNKNOWN,NONE,V05C-contexts.csv,SOURCE_PROVED_NOT_YET_ADMITTED
TP07F481,07:EB80:0:0:0,0x03EB80,9719,STA,DP_IND_LONG_Y,UNKNOWN|1,UNKNOWN,NONE,V05C-contexts.csv,SOURCE_PROVED_NOT_YET_ADMITTED
TP07F481,07:EB82:0:0:0,0x03EB82,C230,REP,IMM8,UNKNOWN|1,UNKNOWN,NONE,V05C-contexts.csv,SOURCE_PROVED_NOT_YET_ADMITTED
TP07F481,07:EB84:0:0:0,0x03EB84,A9FFFF,LDA,IMM_M,UNKNOWN|1,UNKNOWN,NONE,V05C-contexts.csv,SOURCE_PROVED_NOT_YET_ADMITTED
TP07F481,07:EB87:0:0:0,0x03EB87,8D8C07,STA,ABS,UNKNOWN|1,0,DBR:078C,V05C-contexts.csv,SOURCE_PROVED_NOT_YET_ADMITTED
TP07F481,07:EB8A:0:0:0,0x03EB8A,A00C00,LDY,IMM_X,UNKNOWN|1,0,NONE,V05C-contexts.csv,SOURCE_PROVED_NOT_YET_ADMITTED
TP07F481,07:EB8D:0:0:0,0x03EB8D,B71C,LDA,DP_IND_LONG_Y,UNKNOWN|1,0,NONE,V05C-contexts.csv,SOURCE_PROVED_NOT_YET_ADMITTED
TP07F481,07:EB8F:0:0:0,0x03EB8F,A00A00,LDY,IMM_X,UNKNOWN|1,UNKNOWN,NONE,V05C-contexts.csv,SOURCE_PROVED_NOT_YET_ADMITTED
TP07F481,07:EB92:0:0:0,0x03EB92,38,SEC,IMP,UNKNOWN|1,0,NONE,V05C-contexts.csv,SOURCE_PROVED_NOT_YET_ADMITTED
TP07F481,07:EB93:0:0:0,0x03EB93,F71C,SBC,DP_IND_LONG_Y,1,0,NONE,V05C-contexts.csv,SOURCE_PROVED_NOT_YET_ADMITTED
TP07F481,07:EB95:0:0:0,0x03EB95,8D8A07,STA,ABS,UNKNOWN,UNKNOWN,DBR:078A,V05C-contexts.csv,SOURCE_PROVED_NOT_YET_ADMITTED
TP07F481,07:EB98:0:0:0,0x03EB98,3003,BMI,REL8,UNKNOWN,UNKNOWN,NONE,V05C-contexts.csv,SOURCE_PROVED_NOT_YET_ADMITTED
TP07F481,07:EB9A:0:0:0,0x03EB9A,9C8C07,STZ,ABS,UNKNOWN,UNKNOWN,DBR:078C,V05C-contexts.csv,SOURCE_PROVED_NOT_YET_ADMITTED
TP07F481,07:EB9D:0:0:0,0x03EB9D,8D5807,STA,ABS,UNKNOWN,UNKNOWN,DBR:0758,V05C-contexts.csv,SOURCE_PROVED_NOT_YET_ADMITTED
TP07F481,07:EBA0:0:0:0,0x03EBA0,AD8C07,LDA,ABS,UNKNOWN,UNKNOWN,DBR:078C,V05C-contexts.csv,SOURCE_PROVED_NOT_YET_ADMITTED
TP07F481,07:EBA3:0:0:0,0x03EBA3,8D5A07,STA,ABS,UNKNOWN,UNKNOWN,DBR:075A,V05C-contexts.csv,SOURCE_PROVED_NOT_YET_ADMITTED
TP07F481,07:EBA6:0:0:0,0x03EBA6,2236A207,JSL,ABSL_JUMP,UNKNOWN,UNKNOWN,NONE,V05C-contexts.csv,SOURCE_PROVED_NOT_YET_ADMITTED
TP07F481,07:EBAA:0:0:0,0x03EBAA,C230,REP,IMM8,UNKNOWN,UNKNOWN,NONE,V05C-contexts.csv,SOURCE_PROVED_NOT_YET_ADMITTED
TP07F481,07:EBAC:0:0:0,0x03EBAC,A00F02,LDY,IMM_X,UNKNOWN,UNKNOWN,NONE,V05C-contexts.csv,SOURCE_PROVED_NOT_YET_ADMITTED
TP07F481,07:EBAF:0:0:0,0x03EBAF,B75E,LDA,DP_IND_LONG_Y,UNKNOWN,0,NONE,V05C-contexts.csv,SOURCE_PROVED_NOT_YET_ADMITTED
TP07F481,07:EBB1:0:0:0,0x03EBB1,18,CLC,IMP,UNKNOWN,UNKNOWN,NONE,V05C-contexts.csv,SOURCE_PROVED_NOT_YET_ADMITTED
TP07F481,07:EBB2:0:0:0,0x03EBB2,6D8A07,ADC,ABS,0,UNKNOWN,DBR:078A,V05C-contexts.csv,SOURCE_PROVED_NOT_YET_ADMITTED
TP07F481,07:EBB5:0:0:0,0x03EBB5,975E,STA,DP_IND_LONG_Y,UNKNOWN,UNKNOWN,NONE,V05C-contexts.csv,SOURCE_PROVED_NOT_YET_ADMITTED
TP07F481,07:EBB7:0:0:0,0x03EBB7,A01102,LDY,IMM_X,UNKNOWN,UNKNOWN,NONE,V05C-contexts.csv,SOURCE_PROVED_NOT_YET_ADMITTED
TP07F481,07:EBBA:0:0:0,0x03EBBA,B75E,LDA,DP_IND_LONG_Y,UNKNOWN,0,NONE,V05C-contexts.csv,SOURCE_PROVED_NOT_YET_ADMITTED
TP07F481,07:EBBC:0:0:0,0x03EBBC,6D8C07,ADC,ABS,UNKNOWN,UNKNOWN,DBR:078C,V05C-contexts.csv,SOURCE_PROVED_NOT_YET_ADMITTED
TP07F481,07:EBBF:0:0:0,0x03EBBF,975E,STA,DP_IND_LONG_Y,UNKNOWN,UNKNOWN,NONE,V05C-contexts.csv,SOURCE_PROVED_NOT_YET_ADMITTED
TP07F481,07:EBC1:0:0:0,0x03EBC1,E210,SEP,IMM8,UNKNOWN,UNKNOWN,NONE,V05C-contexts.csv,SOURCE_PROVED_NOT_YET_ADMITTED
TP07F481,07:EBC3:0:0:1,0x03EBC3,C220,REP,IMM8,UNKNOWN,UNKNOWN,NONE,V05C-contexts.csv,SOURCE_PROVED_NOT_YET_ADMITTED
TP07F481,07:EBC5:0:0:1,0x03EBC5,A00C,LDY,IMM_X,UNKNOWN,UNKNOWN,NONE,V05C-contexts.csv,SOURCE_PROVED_NOT_YET_ADMITTED
TP07F481,07:EBC7:0:0:1,0x03EBC7,B71C,LDA,DP_IND_LONG_Y,UNKNOWN,0,NONE,V05C-contexts.csv,SOURCE_PROVED_NOT_YET_ADMITTED
TP07F481,07:EBC9:0:0:1,0x03EBC9,8D8A07,STA,ABS,UNKNOWN,UNKNOWN,DBR:078A,V05C-contexts.csv,SOURCE_PROVED_NOT_YET_ADMITTED
TP07F481,07:EBCC:0:0:1,0x03EBCC,A067,LDY,IMM_X,UNKNOWN,UNKNOWN,NONE,V05C-contexts.csv,SOURCE_PROVED_NOT_YET_ADMITTED
TP07F481,07:EBCE:0:0:1,0x03EBCE,B716,LDA,DP_IND_LONG_Y,UNKNOWN,0,NONE,V05C-contexts.csv,SOURCE_PROVED_NOT_YET_ADMITTED
TP07F481,07:EBD0:0:0:1,0x03EBD0,38,SEC,IMP,UNKNOWN,UNKNOWN,NONE,V05C-contexts.csv,SOURCE_PROVED_NOT_YET_ADMITTED
TP07F481,07:EBD1:0:0:1,0x03EBD1,ED8A07,SBC,ABS,1,UNKNOWN,DBR:078A,V05C-contexts.csv,SOURCE_PROVED_NOT_YET_ADMITTED
TP07F481,07:EBD4:0:0:1,0x03EBD4,9716,STA,DP_IND_LONG_Y,UNKNOWN,UNKNOWN,NONE,V05C-contexts.csv,SOURCE_PROVED_NOT_YET_ADMITTED
TP07F481,07:EBD6:0:0:1,0x03EBD6,E230,SEP,IMM8,UNKNOWN,UNKNOWN,NONE,V05C-contexts.csv,SOURCE_PROVED_NOT_YET_ADMITTED
TP07F481,07:EBD8:0:1:1,0x03EBD8,A018,LDY,IMM_X,UNKNOWN,UNKNOWN,NONE,V05C-contexts.csv,SOURCE_PROVED_NOT_YET_ADMITTED
TP07F481,07:EBDA:0:1:1,0x03EBDA,B71C,LDA,DP_IND_LONG_Y,UNKNOWN,0,NONE,V05C-contexts.csv,SOURCE_PROVED_NOT_YET_ADMITTED
TP07F481,07:EBDC:0:1:1,0x03EBDC,A064,LDY,IMM_X,UNKNOWN,UNKNOWN,NONE,V05C-contexts.csv,SOURCE_PROVED_NOT_YET_ADMITTED
TP07F481,07:EBDE:0:1:1,0x03EBDE,9716,STA,DP_IND_LONG_Y,UNKNOWN,0,NONE,V05C-contexts.csv,SOURCE_PROVED_NOT_YET_ADMITTED
TP07F481,07:EBE0:0:1:1,0x03EBE0,A904,LDA,IMM_M,UNKNOWN,0,NONE,V05C-contexts.csv,SOURCE_PROVED_NOT_YET_ADMITTED
TP07F481,07:EBE2:0:1:1,0x03EBE2,A003,LDY,IMM_X,UNKNOWN,0,NONE,V05C-contexts.csv,SOURCE_PROVED_NOT_YET_ADMITTED
TP07F481,07:EBE4:0:1:1,0x03EBE4,9716,STA,DP_IND_LONG_Y,UNKNOWN,0,NONE,V05C-contexts.csv,SOURCE_PROVED_NOT_YET_ADMITTED
TP07F481,07:EBE6:0:1:1,0x03EBE6,A013,LDY,IMM_X,UNKNOWN,0,NONE,V05C-contexts.csv,SOURCE_PROVED_NOT_YET_ADMITTED
TP07F481,07:EBE8:0:1:1,0x03EBE8,B71C,LDA,DP_IND_LONG_Y,UNKNOWN,0,NONE,V05C-contexts.csv,SOURCE_PROVED_NOT_YET_ADMITTED
TP07F481,07:EBEA:0:1:1,0x03EBEA,8D8A07,STA,ABS,UNKNOWN,UNKNOWN,DBR:078A,V05C-contexts.csv,SOURCE_PROVED_NOT_YET_ADMITTED
TP07F481,07:EBED:0:1:1,0x03EBED,A052,LDY,IMM_X,UNKNOWN,UNKNOWN,NONE,V05C-contexts.csv,SOURCE_PROVED_NOT_YET_ADMITTED
TP07F481,07:EBEF:0:1:1,0x03EBEF,B716,LDA,DP_IND_LONG_Y,UNKNOWN,0,NONE,V05C-contexts.csv,SOURCE_PROVED_NOT_YET_ADMITTED
TP07F481,07:EBF1:0:1:1,0x03EBF1,18,CLC,IMP,UNKNOWN,UNKNOWN,NONE,V05C-contexts.csv,SOURCE_PROVED_NOT_YET_ADMITTED
TP07F481,07:EBF2:0:1:1,0x03EBF2,6D8A07,ADC,ABS,0,UNKNOWN,DBR:078A,V05C-contexts.csv,SOURCE_PROVED_NOT_YET_ADMITTED
TP07F481,07:EBF5:0:1:1,0x03EBF5,9716,STA,DP_IND_LONG_Y,UNKNOWN,UNKNOWN,NONE,V05C-contexts.csv,SOURCE_PROVED_NOT_YET_ADMITTED
TP07F481,07:EBF7:0:1:1,0x03EBF7,A014,LDY,IMM_X,UNKNOWN,UNKNOWN,NONE,V05C-contexts.csv,SOURCE_PROVED_NOT_YET_ADMITTED
TP07F481,07:EBF9:0:1:1,0x03EBF9,B71C,LDA,DP_IND_LONG_Y,UNKNOWN,0,NONE,V05C-contexts.csv,SOURCE_PROVED_NOT_YET_ADMITTED
TP07F481,07:EBFB:0:1:1,0x03EBFB,8D8E07,STA,ABS,UNKNOWN,UNKNOWN,DBR:078E,V05C-contexts.csv,SOURCE_PROVED_NOT_YET_ADMITTED
TP07F481,07:EBFE:0:1:1,0x03EBFE,A053,LDY,IMM_X,UNKNOWN,UNKNOWN,NONE,V05C-contexts.csv,SOURCE_PROVED_NOT_YET_ADMITTED
TP07F481,07:EC00:0:1:1,0x03EC00,B716,LDA,DP_IND_LONG_Y,UNKNOWN,0,NONE,V05C-contexts.csv,SOURCE_PROVED_NOT_YET_ADMITTED
TP07F481,07:EC02:0:1:1,0x03EC02,18,CLC,IMP,UNKNOWN,UNKNOWN,NONE,V05C-contexts.csv,SOURCE_PROVED_NOT_YET_ADMITTED
TP07F481,07:EC03:0:1:1,0x03EC03,6D8E07,ADC,ABS,0,UNKNOWN,DBR:078E,V05C-contexts.csv,SOURCE_PROVED_NOT_YET_ADMITTED
TP07F481,07:EC06:0:1:1,0x03EC06,9716,STA,DP_IND_LONG_Y,UNKNOWN,UNKNOWN,NONE,V05C-contexts.csv,SOURCE_PROVED_NOT_YET_ADMITTED
TP07F481,07:EC08:0:1:1,0x03EC08,AD8A07,LDA,ABS,UNKNOWN,UNKNOWN,DBR:078A,V05C-contexts.csv,SOURCE_PROVED_NOT_YET_ADMITTED
TP07F481,07:EC0B:0:1:1,0x03EC0B,18,CLC,IMP,UNKNOWN,UNKNOWN,NONE,V05C-contexts.csv,SOURCE_PROVED_NOT_YET_ADMITTED
TP07F481,07:EC0C:0:1:1,0x03EC0C,6D8E07,ADC,ABS,0,UNKNOWN,DBR:078E,V05C-contexts.csv,SOURCE_PROVED_NOT_YET_ADMITTED
TP07F481,07:EC0F:0:1:1,0x03EC0F,E210,SEP,IMM8,UNKNOWN,UNKNOWN,NONE,V05C-contexts.csv,SOURCE_PROVED_NOT_YET_ADMITTED
TP07F481,07:EC11:0:1:1,0x03EC11,C220,REP,IMM8,UNKNOWN,UNKNOWN,NONE,V05C-contexts.csv,SOURCE_PROVED_NOT_YET_ADMITTED
TP07F481,07:EC13:0:0:1,0x03EC13,29FF00,AND,IMM_M,UNKNOWN,UNKNOWN,NONE,V05C-contexts.csv,SOURCE_PROVED_NOT_YET_ADMITTED
TP07F481,07:EC16:0:0:1,0x03EC16,8D8A07,STA,ABS,UNKNOWN,UNKNOWN,DBR:078A,V05C-contexts.csv,SOURCE_PROVED_NOT_YET_ADMITTED
TP07F481,07:EC19:0:0:1,0x03EC19,A055,LDY,IMM_X,UNKNOWN,UNKNOWN,NONE,V05C-contexts.csv,SOURCE_PROVED_NOT_YET_ADMITTED
TP07F481,07:EC1B:0:0:1,0x03EC1B,B716,LDA,DP_IND_LONG_Y,UNKNOWN,0,NONE,V05C-contexts.csv,SOURCE_PROVED_NOT_YET_ADMITTED
TP07F481,07:EC1D:0:0:1,0x03EC1D,18,CLC,IMP,UNKNOWN,UNKNOWN,NONE,V05C-contexts.csv,SOURCE_PROVED_NOT_YET_ADMITTED
TP07F481,07:EC1E:0:0:1,0x03EC1E,6D8A07,ADC,ABS,0,UNKNOWN,DBR:078A,V05C-contexts.csv,SOURCE_PROVED_NOT_YET_ADMITTED
TP07F481,07:EC21:0:0:1,0x03EC21,9716,STA,DP_IND_LONG_Y,UNKNOWN,UNKNOWN,NONE,V05C-contexts.csv,SOURCE_PROVED_NOT_YET_ADMITTED
TP07F481,07:EC23:0:0:1,0x03EC23,E210,SEP,IMM8,UNKNOWN,UNKNOWN,NONE,V05C-contexts.csv,SOURCE_PROVED_NOT_YET_ADMITTED
TP07F481,07:EC25:0:0:1,0x03EC25,C220,REP,IMM8,UNKNOWN,UNKNOWN,NONE,V05C-contexts.csv,SOURCE_PROVED_NOT_YET_ADMITTED
TP07F481,07:EC27:0:0:1,0x03EC27,A00C,LDY,IMM_X,UNKNOWN,UNKNOWN,NONE,V05C-contexts.csv,SOURCE_PROVED_NOT_YET_ADMITTED
TP07F481,07:EC29:0:0:1,0x03EC29,B71C,LDA,DP_IND_LONG_Y,UNKNOWN,0,NONE,V05C-contexts.csv,SOURCE_PROVED_NOT_YET_ADMITTED
TP07F481,07:EC2B:0:0:1,0x03EC2B,A264,LDX,IMM_X,UNKNOWN,UNKNOWN,NONE,V05C-contexts.csv,SOURCE_PROVED_NOT_YET_ADMITTED
TP07F481,07:EC2D:0:0:1,0x03EC2D,E230,SEP,IMM8,UNKNOWN,0,NONE,V05C-contexts.csv,SOURCE_PROVED_NOT_YET_ADMITTED
TP07F481,07:EC2F:0:1:1,0x03EC2F,8D1B21,STA,ABS,UNKNOWN,0,DBR:211B,V05C-contexts.csv,SOURCE_PROVED_NOT_YET_ADMITTED
TP07F481,07:EC32:0:1:1,0x03EC32,EB,XBA,IMP,UNKNOWN,0,NONE,V05C-contexts.csv,SOURCE_PROVED_NOT_YET_ADMITTED
TP07F481,07:EC33:0:1:1,0x03EC33,8D1B21,STA,ABS,UNKNOWN,UNKNOWN,DBR:211B,V05C-contexts.csv,SOURCE_PROVED_NOT_YET_ADMITTED
TP07F481,07:EC36:0:1:1,0x03EC36,8E1C21,STX,ABS,UNKNOWN,UNKNOWN,DBR:211C,V05C-contexts.csv,SOURCE_PROVED_NOT_YET_ADMITTED
TP07F481,07:EC39:0:1:1,0x03EC39,E210,SEP,IMM8,UNKNOWN,UNKNOWN,NONE,V05C-contexts.csv,SOURCE_PROVED_NOT_YET_ADMITTED
TP07F481,07:EC3B:0:1:1,0x03EC3B,C220,REP,IMM8,UNKNOWN,UNKNOWN,NONE,V05C-contexts.csv,SOURCE_PROVED_NOT_YET_ADMITTED
TP07F481,07:EC3D:0:0:1,0x03EC3D,AD3421,LDA,ABS,UNKNOWN,UNKNOWN,DBR:2134,V05C-contexts.csv,SOURCE_PROVED_NOT_YET_ADMITTED
TP07F481,07:EC40:0:0:1,0x03EC40,AE3621,LDX,ABS,UNKNOWN,UNKNOWN,DBR:2136,V05C-contexts.csv,SOURCE_PROVED_NOT_YET_ADMITTED
TP07F481,07:EC43:0:0:1,0x03EC43,8D8A07,STA,ABS,UNKNOWN,UNKNOWN,DBR:078A,V05C-contexts.csv,SOURCE_PROVED_NOT_YET_ADMITTED
TP07F481,07:EC46:0:0:1,0x03EC46,C230,REP,IMM8,UNKNOWN,UNKNOWN,NONE,V05C-contexts.csv,SOURCE_PROVED_NOT_YET_ADMITTED
TP07F481,07:EC48:0:0:0,0x03EC48,9C8C07,STZ,ABS,UNKNOWN,UNKNOWN,DBR:078C,V05C-contexts.csv,SOURCE_PROVED_NOT_YET_ADMITTED
TP07F481,07:EC4B:0:0:0,0x03EC4B,A00A00,LDY,IMM_X,UNKNOWN,UNKNOWN,NONE,V05C-contexts.csv,SOURCE_PROVED_NOT_YET_ADMITTED
TP07F481,07:EC4E:0:0:0,0x03EC4E,B71C,LDA,DP_IND_LONG_Y,UNKNOWN,0,NONE,V05C-contexts.csv,SOURCE_PROVED_NOT_YET_ADMITTED
TP07F481,07:EC50:0:0:0,0x03EC50,8D8E07,STA,ABS,UNKNOWN,UNKNOWN,DBR:078E,V05C-contexts.csv,SOURCE_PROVED_NOT_YET_ADMITTED
TP07F481,07:EC53:0:0:0,0x03EC53,9C9007,STZ,ABS,UNKNOWN,UNKNOWN,DBR:0790,V05C-contexts.csv,SOURCE_PROVED_NOT_YET_ADMITTED
TP07F481,07:EC56:0:0:0,0x03EC56,227EF807,JSL,ABSL_JUMP,UNKNOWN,UNKNOWN,NONE,V05C-contexts.csv,SOURCE_PROVED_NOT_YET_ADMITTED
TP07F481,07:EC5A:0:0:0,0x03EC5A,C230,REP,IMM8,UNKNOWN|0|1,UNKNOWN,NONE,V05C-contexts.csv,SOURCE_PROVED_NOT_YET_ADMITTED
TP07F481,07:EC5C:0:0:0,0x03EC5C,AD8E07,LDA,ABS,UNKNOWN|0|1,UNKNOWN,DBR:078E,V05C-contexts.csv,SOURCE_PROVED_NOT_YET_ADMITTED
TP07F481,07:EC5F:0:0:0,0x03EC5F,38,SEC,IMP,UNKNOWN|0|1,UNKNOWN,NONE,V05C-contexts.csv,SOURCE_PROVED_NOT_YET_ADMITTED
TP07F481,07:EC60:0:0:0,0x03EC60,E97D00,SBC,IMM_M,1,UNKNOWN,NONE,V05C-contexts.csv,SOURCE_PROVED_NOT_YET_ADMITTED
TP07F481,07:EC63:0:0:0,0x03EC63,8D8E07,STA,ABS,UNKNOWN,UNKNOWN,DBR:078E,V05C-contexts.csv,SOURCE_PROVED_NOT_YET_ADMITTED
TP07F481,07:EC66:0:0:0,0x03EC66,4A,LSR,ACC,UNKNOWN,UNKNOWN,NONE,V05C-contexts.csv,SOURCE_PROVED_NOT_YET_ADMITTED
TP07F481,07:EC67:0:0:0,0x03EC67,4A,LSR,ACC,UNKNOWN,UNKNOWN,NONE,V05C-contexts.csv,SOURCE_PROVED_NOT_YET_ADMITTED
TP07F481,07:EC68:0:0:0,0x03EC68,4A,LSR,ACC,UNKNOWN,UNKNOWN,NONE,V05C-contexts.csv,SOURCE_PROVED_NOT_YET_ADMITTED
TP07F481,07:EC69:0:0:0,0x03EC69,4A,LSR,ACC,UNKNOWN,UNKNOWN,NONE,V05C-contexts.csv,SOURCE_PROVED_NOT_YET_ADMITTED
TP07F481,07:EC6A:0:0:0,0x03EC6A,8D8A07,STA,ABS,UNKNOWN,UNKNOWN,DBR:078A,V05C-contexts.csv,SOURCE_PROVED_NOT_YET_ADMITTED
TP07F481,07:EC6D:0:0:0,0x03EC6D,AD8E07,LDA,ABS,UNKNOWN,UNKNOWN,DBR:078E,V05C-contexts.csv,SOURCE_PROVED_NOT_YET_ADMITTED
TP07F481,07:EC70:0:0:0,0x03EC70,100C,BPL,REL8,UNKNOWN,UNKNOWN,NONE,V05C-contexts.csv,SOURCE_PROVED_NOT_YET_ADMITTED
TP07F481,07:EC72:0:0:0,0x03EC72,AD8A07,LDA,ABS,UNKNOWN,UNKNOWN,DBR:078A,V05C-contexts.csv,SOURCE_PROVED_NOT_YET_ADMITTED
TP07F481,07:EC75:0:0:0,0x03EC75,29FF07,AND,IMM_M,UNKNOWN,UNKNOWN,NONE,V05C-contexts.csv,SOURCE_PROVED_NOT_YET_ADMITTED
TP07F481,07:EC78:0:0:0,0x03EC78,0900F8,ORA,IMM_M,UNKNOWN,UNKNOWN,NONE,V05C-contexts.csv,SOURCE_PROVED_NOT_YET_ADMITTED
TP07F481,07:EC7B:0:0:0,0x03EC7B,8D8A07,STA,ABS,UNKNOWN,UNKNOWN,DBR:078A,V05C-contexts.csv,SOURCE_PROVED_NOT_YET_ADMITTED
TP07F481,07:EC7E:0:0:0,0x03EC7E,A05500,LDY,IMM_X,UNKNOWN,UNKNOWN,NONE,V05C-contexts.csv,SOURCE_PROVED_NOT_YET_ADMITTED
TP07F481,07:EC81:0:0:0,0x03EC81,B716,LDA,DP_IND_LONG_Y,UNKNOWN,0,NONE,V05C-contexts.csv,SOURCE_PROVED_NOT_YET_ADMITTED
TP07F481,07:EC83:0:0:0,0x03EC83,38,SEC,IMP,UNKNOWN,UNKNOWN,NONE,V05C-contexts.csv,SOURCE_PROVED_NOT_YET_ADMITTED
TP07F481,07:EC84:0:0:0,0x03EC84,ED8A07,SBC,ABS,1,UNKNOWN,DBR:078A,V05C-contexts.csv,SOURCE_PROVED_NOT_YET_ADMITTED
TP07F481,07:EC87:0:0:0,0x03EC87,9716,STA,DP_IND_LONG_Y,UNKNOWN,UNKNOWN,NONE,V05C-contexts.csv,SOURCE_PROVED_NOT_YET_ADMITTED
TP07F481,07:EC89:0:0:0,0x03EC89,E230,SEP,IMM8,UNKNOWN,UNKNOWN,NONE,V05C-contexts.csv,SOURCE_PROVED_NOT_YET_ADMITTED
TP07F481,07:EC8B:0:1:1,0x03EC8B,A054,LDY,IMM_X,UNKNOWN,UNKNOWN,NONE,V05C-contexts.csv,SOURCE_PROVED_NOT_YET_ADMITTED
TP07F481,07:EC8D:0:1:1,0x03EC8D,B716,LDA,DP_IND_LONG_Y,UNKNOWN,0,NONE,V05C-contexts.csv,SOURCE_PROVED_NOT_YET_ADMITTED
TP07F481,07:EC8F:0:1:1,0x03EC8F,1719,ORA,DP_IND_LONG_Y,UNKNOWN,UNKNOWN,NONE,V05C-contexts.csv,SOURCE_PROVED_NOT_YET_ADMITTED
TP07F481,07:EC91:0:1:1,0x03EC91,9716,STA,DP_IND_LONG_Y,UNKNOWN,UNKNOWN,NONE,V05C-contexts.csv,SOURCE_PROVED_NOT_YET_ADMITTED
TP07F481,07:EC93:0:0:0,0x03EC93,825606,BRL,REL16,UNKNOWN|1,UNKNOWN|1,NONE,V05C-contexts.csv,SOURCE_PROVED_NOT_YET_ADMITTED
TP07F481,07:EC93:0:1:1,0x03EC93,825606,BRL,REL16,UNKNOWN,UNKNOWN|0|1,NONE,V05C-contexts.csv,SOURCE_PROVED_NOT_YET_ADMITTED
TP07F481,07:EC96:0:1:1,0x03EC96,A003,LDY,IMM_X,UNKNOWN,1,NONE,V05C-contexts.csv,SOURCE_PROVED_NOT_YET_ADMITTED
TP07F481,07:EC98:0:1:1,0x03EC98,B71C,LDA,DP_IND_LONG_Y,UNKNOWN,0,NONE,V05C-contexts.csv,SOURCE_PROVED_NOT_YET_ADMITTED
TP07F481,07:EC9A:0:1:1,0x03EC9A,2908,AND,IMM_M,UNKNOWN,UNKNOWN,NONE,V05C-contexts.csv,SOURCE_PROVED_NOT_YET_ADMITTED
TP07F481,07:EC9C:0:1:1,0x03EC9C,D003,BNE,REL8,UNKNOWN,UNKNOWN,NONE,V05C-contexts.csv,SOURCE_PROVED_NOT_YET_ADMITTED
TP07F481,07:EC9E:0:1:1,0x03EC9E,827F01,BRL,REL16,UNKNOWN,1,NONE,V05C-contexts.csv,SOURCE_PROVED_NOT_YET_ADMITTED
TP07F481,07:ECA1:0:1:1,0x03ECA1,A054,LDY,IMM_X,UNKNOWN,0,NONE,V05C-contexts.csv,SOURCE_PROVED_NOT_YET_ADMITTED
TP07F481,07:ECA3:0:1:1,0x03ECA3,B719,LDA,DP_IND_LONG_Y,UNKNOWN,0,NONE,V05C-contexts.csv,SOURCE_PROVED_NOT_YET_ADMITTED
TP07F481,07:ECA5:0:1:1,0x03ECA5,D003,BNE,REL8,UNKNOWN,UNKNOWN,NONE,V05C-contexts.csv,SOURCE_PROVED_NOT_YET_ADMITTED
TP07F481,07:ECA7:0:1:1,0x03ECA7,827301,BRL,REL16,UNKNOWN,1,NONE,V05C-contexts.csv,SOURCE_PROVED_NOT_YET_ADMITTED
TP07F481,07:ECAA:0:1:1,0x03ECAA,3716,AND,DP_IND_LONG_Y,UNKNOWN,0,NONE,V05C-contexts.csv,SOURCE_PROVED_NOT_YET_ADMITTED
TP07F481,07:ECAC:0:1:1,0x03ECAC,F003,BEQ,REL8,UNKNOWN,UNKNOWN,NONE,V05C-contexts.csv,SOURCE_PROVED_NOT_YET_ADMITTED
TP07F481,07:ECAE:0:1:1,0x03ECAE,826C01,BRL,REL16,UNKNOWN,0,NONE,V05C-contexts.csv,SOURCE_PROVED_NOT_YET_ADMITTED
TP07F481,07:ECB1:0:1:1,0x03ECB1,2204F607,JSL,ABSL_JUMP,UNKNOWN,1,NONE,V05C-contexts.csv,SOURCE_PROVED_NOT_YET_ADMITTED
TP07F481,07:ECB5:0:0:1,0x03ECB5,C230,REP,IMM8,UNKNOWN,UNKNOWN,NONE,V05C-contexts.csv,SOURCE_PROVED_NOT_YET_ADMITTED
TP07F481,07:ECB7:0:0:0,0x03ECB7,ADA207,LDA,ABS,UNKNOWN,UNKNOWN,DBR:07A2,V05C-contexts.csv,SOURCE_PROVED_NOT_YET_ADMITTED
TP07F481,07:ECBA:0:0:0,0x03ECBA,8D0F04,STA,ABS,UNKNOWN,UNKNOWN,DBR:040F,V05C-contexts.csv,SOURCE_PROVED_NOT_YET_ADMITTED
TP07F481,07:ECBD:0:0:0,0x03ECBD,A01900,LDY,IMM_X,UNKNOWN,UNKNOWN,NONE,V05C-contexts.csv,SOURCE_PROVED_NOT_YET_ADMITTED
TP07F481,07:ECC0:0:0:0,0x03ECC0,B71C,LDA,DP_IND_LONG_Y,UNKNOWN,0,NONE,V05C-contexts.csv,SOURCE_PROVED_NOT_YET_ADMITTED
TP07F481,07:ECC2:0:0:0,0x03ECC2,29FF00,AND,IMM_M,UNKNOWN,UNKNOWN,NONE,V05C-contexts.csv,SOURCE_PROVED_NOT_YET_ADMITTED
TP07F481,07:ECC5:0:0:0,0x03ECC5,0A,ASL,ACC,UNKNOWN,UNKNOWN,NONE,V05C-contexts.csv,SOURCE_PROVED_NOT_YET_ADMITTED
TP07F481,07:ECC6:0:0:0,0x03ECC6,0A,ASL,ACC,UNKNOWN,UNKNOWN,NONE,V05C-contexts.csv,SOURCE_PROVED_NOT_YET_ADMITTED
TP07F481,07:ECC7:0:0:0,0x03ECC7,0A,ASL,ACC,UNKNOWN,UNKNOWN,NONE,V05C-contexts.csv,SOURCE_PROVED_NOT_YET_ADMITTED
TP07F481,07:ECC8:0:0:0,0x03ECC8,0A,ASL,ACC,UNKNOWN,UNKNOWN,NONE,V05C-contexts.csv,SOURCE_PROVED_NOT_YET_ADMITTED
TP07F481,07:ECC9:0:0:0,0x03ECC9,0A,ASL,ACC,UNKNOWN,UNKNOWN,NONE,V05C-contexts.csv,SOURCE_PROVED_NOT_YET_ADMITTED
TP07F481,07:ECCA:0:0:0,0x03ECCA,0A,ASL,ACC,UNKNOWN,UNKNOWN,NONE,V05C-contexts.csv,SOURCE_PROVED_NOT_YET_ADMITTED
TP07F481,07:ECCB:0:0:0,0x03ECCB,0A,ASL,ACC,UNKNOWN,UNKNOWN,NONE,V05C-contexts.csv,SOURCE_PROVED_NOT_YET_ADMITTED
TP07F481,07:ECCC:0:0:0,0x03ECCC,E210,SEP,IMM8,UNKNOWN,UNKNOWN,NONE,V05C-contexts.csv,SOURCE_PROVED_NOT_YET_ADMITTED
TP07F481,07:ECCE:0:0:1,0x03ECCE,C220,REP,IMM8,UNKNOWN,UNKNOWN,NONE,V05C-contexts.csv,SOURCE_PROVED_NOT_YET_ADMITTED
TP07F481,07:ECD0:0:0:1,0x03ECD0,A264,LDX,IMM_X,UNKNOWN,UNKNOWN,NONE,V05C-contexts.csv,SOURCE_PROVED_NOT_YET_ADMITTED
TP07F481,07:ECD2:0:0:1,0x03ECD2,C90000,CMP,IMM_M,UNKNOWN,0,NONE,V05C-contexts.csv,SOURCE_PROVED_NOT_YET_ADMITTED
TP07F481,07:ECD5:0:0:1,0x03ECD5,F01C,BEQ,REL8,UNKNOWN,UNKNOWN,NONE,V05C-contexts.csv,SOURCE_PROVED_NOT_YET_ADMITTED
TP07F481,07:ECD7:0:0:1,0x03ECD7,E000,CPX,IMM_X,UNKNOWN,0,NONE,V05C-contexts.csv,SOURCE_PROVED_NOT_YET_ADMITTED
TP07F481,07:ECD9:0:0:1,0x03ECD9,F018,BEQ,REL8,UNKNOWN,UNKNOWN,NONE,V05C-contexts.csv,SOURCE_PROVED_NOT_YET_ADMITTED
TP07F481,07:ECDB:0:0:1,0x03ECDB,8D0442,STA,ABS,UNKNOWN,0,DBR:4204,V05C-contexts.csv,SOURCE_PROVED_NOT_YET_ADMITTED
TP07F481,07:ECDE:0:0:1,0x03ECDE,8E0642,STX,ABS,UNKNOWN,0,DBR:4206,V05C-contexts.csv,SOURCE_PROVED_NOT_YET_ADMITTED
TP07F481,07:ECE1:0:0:1,0x03ECE1,EA,NOP,IMP,UNKNOWN,0,NONE,V05C-contexts.csv,SOURCE_PROVED_NOT_YET_ADMITTED
TP07F481,07:ECE2:0:0:1,0x03ECE2,EA,NOP,IMP,UNKNOWN,0,NONE,V05C-contexts.csv,SOURCE_PROVED_NOT_YET_ADMITTED
TP07F481,07:ECE3:0:0:1,0x03ECE3,EA,NOP,IMP,UNKNOWN,0,NONE,V05C-contexts.csv,SOURCE_PROVED_NOT_YET_ADMITTED
TP07F481,07:ECE4:0:0:1,0x03ECE4,EA,NOP,IMP,UNKNOWN,0,NONE,V05C-contexts.csv,SOURCE_PROVED_NOT_YET_ADMITTED
TP07F481,07:ECE5:0:0:1,0x03ECE5,EA,NOP,IMP,UNKNOWN,0,NONE,V05C-contexts.csv,SOURCE_PROVED_NOT_YET_ADMITTED
TP07F481,07:ECE6:0:0:1,0x03ECE6,EA,NOP,IMP,UNKNOWN,0,NONE,V05C-contexts.csv,SOURCE_PROVED_NOT_YET_ADMITTED
TP07F481,07:ECE7:0:0:1,0x03ECE7,EA,NOP,IMP,UNKNOWN,0,NONE,V05C-contexts.csv,SOURCE_PROVED_NOT_YET_ADMITTED
TP07F481,07:ECE8:0:0:1,0x03ECE8,EA,NOP,IMP,UNKNOWN,0,NONE,V05C-contexts.csv,SOURCE_PROVED_NOT_YET_ADMITTED
TP07F481,07:ECE9:0:0:1,0x03ECE9,C230,REP,IMM8,UNKNOWN,0,NONE,V05C-contexts.csv,SOURCE_PROVED_NOT_YET_ADMITTED
TP07F481,07:ECEB:0:0:0,0x03ECEB,AD1442,LDA,ABS,UNKNOWN,0,DBR:4214,V05C-contexts.csv,SOURCE_PROVED_NOT_YET_ADMITTED
TP07F481,07:ECEE:0:0:0,0x03ECEE,AE1642,LDX,ABS,UNKNOWN,UNKNOWN,DBR:4216,V05C-contexts.csv,SOURCE_PROVED_NOT_YET_ADMITTED
TP07F481,07:ECF1:0:0:0,0x03ECF1,8006,BRA,REL8,UNKNOWN,UNKNOWN,NONE,V05C-contexts.csv,SOURCE_PROVED_NOT_YET_ADMITTED
TP07F481,07:ECF3:0:0:1,0x03ECF3,C230,REP,IMM8,UNKNOWN,1,NONE,V05C-contexts.csv,SOURCE_PROVED_NOT_YET_ADMITTED
TP07F481,07:ECF5:0:0:0,0x03ECF5,A90000,LDA,IMM_M,UNKNOWN,1,NONE,V05C-contexts.csv,SOURCE_PROVED_NOT_YET_ADMITTED
TP07F481,07:ECF8:0:0:0,0x03ECF8,AA,TAX,IMP,UNKNOWN,1,NONE,V05C-contexts.csv,SOURCE_PROVED_NOT_YET_ADMITTED
TP07F481,07:ECF9:0:0:0,0x03ECF9,E230,SEP,IMM8,UNKNOWN,UNKNOWN,NONE,V05C-contexts.csv,SOURCE_PROVED_NOT_YET_ADMITTED
TP07F481,07:ECFB:0:1:1,0x03ECFB,8D0004,STA,ABS,UNKNOWN,UNKNOWN,DBR:0400,V05C-contexts.csv,SOURCE_PROVED_NOT_YET_ADMITTED
TP07F481,07:ECFE:0:1:1,0x03ECFE,22DA8707,JSL,ABSL_JUMP,UNKNOWN,UNKNOWN,NONE,V05C-contexts.csv,SOURCE_PROVED_NOT_YET_ADMITTED
TP07F481,07:ED02:0:0:1,0x03ED02,E230,SEP,IMM8,UNKNOWN|0|1,UNKNOWN,NONE,V05C-contexts.csv,SOURCE_PROVED_NOT_YET_ADMITTED
TP07F481,07:ED04:0:1:1,0x03ED04,297F,AND,IMM_M,UNKNOWN|0|1,UNKNOWN,NONE,V05C-contexts.csv,SOURCE_PROVED_NOT_YET_ADMITTED
TP07F481,07:ED06:0:1:1,0x03ED06,CD0004,CMP,ABS,UNKNOWN|0|1,UNKNOWN,DBR:0400,V05C-contexts.csv,SOURCE_PROVED_NOT_YET_ADMITTED
TP07F481,07:ED09:0:1:1,0x03ED09,B06E,BCS,REL8,UNKNOWN,UNKNOWN,NONE,V05C-contexts.csv,SOURCE_PROVED_NOT_YET_ADMITTED
TP07F481,07:ED0B:0:1:1,0x03ED0B,C230,REP,IMM8,0,UNKNOWN,NONE,V05C-contexts.csv,SOURCE_PROVED_NOT_YET_ADMITTED
TP07F481,07:ED0D:0:0:0,0x03ED0D,A91300,LDA,IMM_M,0,UNKNOWN,NONE,V05C-contexts.csv,SOURCE_PROVED_NOT_YET_ADMITTED
TP07F481,07:ED10:0:0:0,0x03ED10,8D8A07,STA,ABS,0,0,DBR:078A,V05C-contexts.csv,SOURCE_PROVED_NOT_YET_ADMITTED
TP07F481,07:ED13:0:0:0,0x03ED13,A00A00,LDY,IMM_X,0,0,NONE,V05C-contexts.csv,SOURCE_PROVED_NOT_YET_ADMITTED
TP07F481,07:ED16:0:0:0,0x03ED16,B71C,LDA,DP_IND_LONG_Y,0,0,NONE,V05C-contexts.csv,SOURCE_PROVED_NOT_YET_ADMITTED
TP07F481,07:ED18:0:0:0,0x03ED18,8D8E07,STA,ABS,0,UNKNOWN,DBR:078E,V05C-contexts.csv,SOURCE_PROVED_NOT_YET_ADMITTED
TP07F481,07:ED1B:0:0:0,0x03ED1B,A90000,LDA,IMM_M,0,UNKNOWN,NONE,V05C-contexts.csv,SOURCE_PROVED_NOT_YET_ADMITTED
TP07F481,07:ED1E:0:0:0,0x03ED1E,38,SEC,IMP,0,1,NONE,V05C-contexts.csv,SOURCE_PROVED_NOT_YET_ADMITTED
TP07F481,07:ED1F:0:0:0,0x03ED1F,ED8E07,SBC,ABS,1,1,DBR:078E,V05C-contexts.csv,SOURCE_PROVED_NOT_YET_ADMITTED
TP07F481,07:ED22:0:0:0,0x03ED22,8D8E07,STA,ABS,UNKNOWN,UNKNOWN,DBR:078E,V05C-contexts.csv,SOURCE_PROVED_NOT_YET_ADMITTED
TP07F481,07:ED25:0:0:0,0x03ED25,A9FFFF,LDA,IMM_M,UNKNOWN,UNKNOWN,NONE,V05C-contexts.csv,SOURCE_PROVED_NOT_YET_ADMITTED
TP07F481,07:ED28:0:0:0,0x03ED28,8D9007,STA,ABS,UNKNOWN,0,DBR:0790,V05C-contexts.csv,SOURCE_PROVED_NOT_YET_ADMITTED
TP07F481,07:ED2B:0:0:0,0x03ED2B,22B99F07,JSL,ABSL_JUMP,UNKNOWN,0,NONE,V05C-contexts.csv,SOURCE_PROVED_NOT_YET_ADMITTED
TP07F481,07:ED2F:0:1:1,0x03ED2F,C230,REP,IMM8,UNKNOWN,UNKNOWN,NONE,V05C-contexts.csv,SOURCE_PROVED_NOT_YET_ADMITTED
TP07F481,07:ED31:0:0:0,0x03ED31,A07A00,LDY,IMM_X,UNKNOWN,UNKNOWN,NONE,V05C-contexts.csv,SOURCE_PROVED_NOT_YET_ADMITTED
TP07F481,07:ED34:0:0:0,0x03ED34,B719,LDA,DP_IND_LONG_Y,UNKNOWN,0,NONE,V05C-contexts.csv,SOURCE_PROVED_NOT_YET_ADMITTED
TP07F481,07:ED36:0:0:0,0x03ED36,1A,INC,ACC,UNKNOWN,UNKNOWN,NONE,V05C-contexts.csv,SOURCE_PROVED_NOT_YET_ADMITTED
TP07F481,07:ED37:0:0:0,0x03ED37,9719,STA,DP_IND_LONG_Y,UNKNOWN,UNKNOWN,NONE,V05C-contexts.csv,SOURCE_PROVED_NOT_YET_ADMITTED
TP07F481,07:ED39:0:0:0,0x03ED39,A03F00,LDY,IMM_X,UNKNOWN,UNKNOWN,NONE,V05C-contexts.csv,SOURCE_PROVED_NOT_YET_ADMITTED
TP07F481,07:ED3C:0:0:0,0x03ED3C,B75B,LDA,DP_IND_LONG_Y,UNKNOWN,0,NONE,V05C-contexts.csv,SOURCE_PROVED_NOT_YET_ADMITTED
TP07F481,07:ED3E:0:0:0,0x03ED3E,18,CLC,IMP,UNKNOWN,UNKNOWN,NONE,V05C-contexts.csv,SOURCE_PROVED_NOT_YET_ADMITTED
TP07F481,07:ED3F:0:0:0,0x03ED3F,A00A00,LDY,IMM_X,0,UNKNOWN,NONE,V05C-contexts.csv,SOURCE_PROVED_NOT_YET_ADMITTED
TP07F481,07:ED42:0:0:0,0x03ED42,771C,ADC,DP_IND_LONG_Y,0,0,NONE,V05C-contexts.csv,SOURCE_PROVED_NOT_YET_ADMITTED
TP07F481,07:ED44:0:0:0,0x03ED44,A03F00,LDY,IMM_X,UNKNOWN,UNKNOWN,NONE,V05C-contexts.csv,SOURCE_PROVED_NOT_YET_ADMITTED
TP07F481,07:ED47:0:0:0,0x03ED47,975B,STA,DP_IND_LONG_Y,UNKNOWN,0,NONE,V05C-contexts.csv,SOURCE_PROVED_NOT_YET_ADMITTED
TP07F481,07:ED49:0:0:0,0x03ED49,A04100,LDY,IMM_X,UNKNOWN,0,NONE,V05C-contexts.csv,SOURCE_PROVED_NOT_YET_ADMITTED
TP07F481,07:ED4C:0:0:0,0x03ED4C,B75B,LDA,DP_IND_LONG_Y,UNKNOWN,0,NONE,V05C-contexts.csv,SOURCE_PROVED_NOT_YET_ADMITTED
TP07F481,07:ED4E:0:0:0,0x03ED4E,690000,ADC,IMM_M,UNKNOWN,UNKNOWN,NONE,V05C-contexts.csv,SOURCE_PROVED_NOT_YET_ADMITTED
TP07F481,07:ED51:0:0:0,0x03ED51,975B,STA,DP_IND_LONG_Y,UNKNOWN,UNKNOWN,NONE,V05C-contexts.csv,SOURCE_PROVED_NOT_YET_ADMITTED
TP07F481,07:ED53:0:0:0,0x03ED53,A00A00,LDY,IMM_X,UNKNOWN,UNKNOWN,NONE,V05C-contexts.csv,SOURCE_PROVED_NOT_YET_ADMITTED
TP07F481,07:ED56:0:0:0,0x03ED56,B71C,LDA,DP_IND_LONG_Y,UNKNOWN,0,NONE,V05C-contexts.csv,SOURCE_PROVED_NOT_YET_ADMITTED
TP07F481,07:ED58:0:0:0,0x03ED58,4A,LSR,ACC,UNKNOWN,UNKNOWN,NONE,V05C-contexts.csv,SOURCE_PROVED_NOT_YET_ADMITTED
TP07F481,07:ED59:0:0:0,0x03ED59,4A,LSR,ACC,UNKNOWN,UNKNOWN,NONE,V05C-contexts.csv,SOURCE_PROVED_NOT_YET_ADMITTED
TP07F481,07:ED5A:0:0:0,0x03ED5A,8D8A07,STA,ABS,UNKNOWN,UNKNOWN,DBR:078A,V05C-contexts.csv,SOURCE_PROVED_NOT_YET_ADMITTED
TP07F481,07:ED5D:0:0:0,0x03ED5D,A05500,LDY,IMM_X,UNKNOWN,UNKNOWN,NONE,V05C-contexts.csv,SOURCE_PROVED_NOT_YET_ADMITTED
TP07F481,07:ED60:0:0:0,0x03ED60,B716,LDA,DP_IND_LONG_Y,UNKNOWN,0,NONE,V05C-contexts.csv,SOURCE_PROVED_NOT_YET_ADMITTED
TP07F481,07:ED62:0:0:0,0x03ED62,18,CLC,IMP,UNKNOWN,UNKNOWN,NONE,V05C-contexts.csv,SOURCE_PROVED_NOT_YET_ADMITTED
TP07F481,07:ED63:0:0:0,0x03ED63,6D8A07,ADC,ABS,0,UNKNOWN,DBR:078A,V05C-contexts.csv,SOURCE_PROVED_NOT_YET_ADMITTED
TP07F481,07:ED66:0:0:0,0x03ED66,9716,STA,DP_IND_LONG_Y,UNKNOWN,UNKNOWN,NONE,V05C-contexts.csv,SOURCE_PROVED_NOT_YET_ADMITTED
TP07F481,07:ED68:0:0:0,0x03ED68,E230,SEP,IMM8,UNKNOWN,UNKNOWN,NONE,V05C-contexts.csv,SOURCE_PROVED_NOT_YET_ADMITTED
TP07F481,07:ED6A:0:1:1,0x03ED6A,A054,LDY,IMM_X,UNKNOWN,UNKNOWN,NONE,V05C-contexts.csv,SOURCE_PROVED_NOT_YET_ADMITTED
TP07F481,07:ED6C:0:1:1,0x03ED6C,B716,LDA,DP_IND_LONG_Y,UNKNOWN,0,NONE,V05C-contexts.csv,SOURCE_PROVED_NOT_YET_ADMITTED
TP07F481,07:ED6E:0:1:1,0x03ED6E,0980,ORA,IMM_M,UNKNOWN,UNKNOWN,NONE,V05C-contexts.csv,SOURCE_PROVED_NOT_YET_ADMITTED
TP07F481,07:ED70:0:1:1,0x03ED70,9716,STA,DP_IND_LONG_Y,UNKNOWN,UNKNOWN,NONE,V05C-contexts.csv,SOURCE_PROVED_NOT_YET_ADMITTED
TP07F481,07:ED72:0:1:1,0x03ED72,A901,LDA,IMM_M,UNKNOWN,UNKNOWN,NONE,V05C-contexts.csv,SOURCE_PROVED_NOT_YET_ADMITTED
TP07F481,07:ED74:0:1:1,0x03ED74,8D0104,STA,ABS,UNKNOWN,0,DBR:0401,V05C-contexts.csv,SOURCE_PROVED_NOT_YET_ADMITTED
TP07F481,07:ED77:0:1:1,0x03ED77,801E,BRA,REL8,UNKNOWN,0,NONE,V05C-contexts.csv,SOURCE_PROVED_NOT_YET_ADMITTED
TP07F481,07:ED79:0:1:1,0x03ED79,C230,REP,IMM8,1,UNKNOWN,NONE,V05C-contexts.csv,SOURCE_PROVED_NOT_YET_ADMITTED
TP07F481,07:ED7B:0:0:0,0x03ED7B,A02500,LDY,IMM_X,1,UNKNOWN,NONE,V05C-contexts.csv,SOURCE_PROVED_NOT_YET_ADMITTED
TP07F481,07:ED7E:0:0:0,0x03ED7E,B71C,LDA,DP_IND_LONG_Y,1,0,NONE,V05C-contexts.csv,SOURCE_PROVED_NOT_YET_ADMITTED
TP07F481,07:ED80:0:0:0,0x03ED80,29FF00,AND,IMM_M,1,UNKNOWN,NONE,V05C-contexts.csv,SOURCE_PROVED_NOT_YET_ADMITTED
TP07F481,07:ED83:0:0:0,0x03ED83,18,CLC,IMP,1,UNKNOWN,NONE,V05C-contexts.csv,SOURCE_PROVED_NOT_YET_ADMITTED
TP07F481,07:ED84:0:0:0,0x03ED84,A00C00,LDY,IMM_X,0,UNKNOWN,NONE,V05C-contexts.csv,SOURCE_PROVED_NOT_YET_ADMITTED
TP07F481,07:ED87:0:0:0,0x03ED87,771C,ADC,DP_IND_LONG_Y,0,0,NONE,V05C-contexts.csv,SOURCE_PROVED_NOT_YET_ADMITTED
TP07F481,07:ED89:0:0:0,0x03ED89,8D8A07,STA,ABS,UNKNOWN,UNKNOWN,DBR:078A,V05C-contexts.csv,SOURCE_PROVED_NOT_YET_ADMITTED
TP07F481,07:ED8C:0:0:0,0x03ED8C,A05500,LDY,IMM_X,UNKNOWN,UNKNOWN,NONE,V05C-contexts.csv,SOURCE_PROVED_NOT_YET_ADMITTED
TP07F481,07:ED8F:0:0:0,0x03ED8F,B716,LDA,DP_IND_LONG_Y,UNKNOWN,0,NONE,V05C-contexts.csv,SOURCE_PROVED_NOT_YET_ADMITTED
TP07F481,07:ED91:0:0:0,0x03ED91,38,SEC,IMP,UNKNOWN,UNKNOWN,NONE,V05C-contexts.csv,SOURCE_PROVED_NOT_YET_ADMITTED
TP07F481,07:ED92:0:0:0,0x03ED92,ED8A07,SBC,ABS,1,UNKNOWN,DBR:078A,V05C-contexts.csv,SOURCE_PROVED_NOT_YET_ADMITTED
TP07F481,07:ED95:0:0:0,0x03ED95,9716,STA,DP_IND_LONG_Y,UNKNOWN,UNKNOWN,NONE,V05C-contexts.csv,SOURCE_PROVED_NOT_YET_ADMITTED
TP07F481,07:ED97:0:0:0,0x03ED97,C230,REP,IMM8,UNKNOWN,UNKNOWN,NONE,V05C-contexts.csv,SOURCE_PROVED_NOT_YET_ADMITTED
TP07F481,07:ED97:0:1:1,0x03ED97,C230,REP,IMM8,UNKNOWN,0,NONE,V05C-contexts.csv,SOURCE_PROVED_NOT_YET_ADMITTED
TP07F481,07:ED99:0:0:0,0x03ED99,A01800,LDY,IMM_X,UNKNOWN,UNKNOWN|0,NONE,V05C-contexts.csv,SOURCE_PROVED_NOT_YET_ADMITTED
TP07F481,07:ED9C:0:0:0,0x03ED9C,B719,LDA,DP_IND_LONG_Y,UNKNOWN,0,NONE,V05C-contexts.csv,SOURCE_PROVED_NOT_YET_ADMITTED
TP07F481,07:ED9E:0:0:0,0x03ED9E,1A,INC,ACC,UNKNOWN,UNKNOWN,NONE,V05C-contexts.csv,SOURCE_PROVED_NOT_YET_ADMITTED
TP07F481,07:ED9F:0:0:0,0x03ED9F,9719,STA,DP_IND_LONG_Y,UNKNOWN,UNKNOWN,NONE,V05C-contexts.csv,SOURCE_PROVED_NOT_YET_ADMITTED
TP07F481,07:EDA1:0:0:0,0x03EDA1,C230,REP,IMM8,UNKNOWN,UNKNOWN,NONE,V05C-contexts.csv,SOURCE_PROVED_NOT_YET_ADMITTED
TP07F481,07:EDA3:0:0:0,0x03EDA3,A00C00,LDY,IMM_X,UNKNOWN,UNKNOWN,NONE,V05C-contexts.csv,SOURCE_PROVED_NOT_YET_ADMITTED
TP07F481,07:EDA6:0:0:0,0x03EDA6,B71C,LDA,DP_IND_LONG_Y,UNKNOWN,0,NONE,V05C-contexts.csv,SOURCE_PROVED_NOT_YET_ADMITTED
TP07F481,07:EDA8:0:0:0,0x03EDA8,8D5807,STA,ABS,UNKNOWN,UNKNOWN,DBR:0758,V05C-contexts.csv,SOURCE_PROVED_NOT_YET_ADMITTED
TP07F481,07:EDAB:0:0:0,0x03EDAB,9C5A07,STZ,ABS,UNKNOWN,UNKNOWN,DBR:075A,V05C-contexts.csv,SOURCE_PROVED_NOT_YET_ADMITTED
TP07F481,07:EDAE:0:0:0,0x03EDAE,2236A207,JSL,ABSL_JUMP,UNKNOWN,UNKNOWN,NONE,V05C-contexts.csv,SOURCE_PROVED_NOT_YET_ADMITTED
TP07F481,07:EDB2:0:0:0,0x03EDB2,C230,REP,IMM8,UNKNOWN,UNKNOWN,NONE,V05C-contexts.csv,SOURCE_PROVED_NOT_YET_ADMITTED
TP07F481,07:EDB4:0:0:0,0x03EDB4,A00F02,LDY,IMM_X,UNKNOWN,UNKNOWN,NONE,V05C-contexts.csv,SOURCE_PROVED_NOT_YET_ADMITTED
TP07F481,07:EDB7:0:0:0,0x03EDB7,B75E,LDA,DP_IND_LONG_Y,UNKNOWN,0,NONE,V05C-contexts.csv,SOURCE_PROVED_NOT_YET_ADMITTED
TP07F481,07:EDB9:0:0:0,0x03EDB9,18,CLC,IMP,UNKNOWN,UNKNOWN,NONE,V05C-contexts.csv,SOURCE_PROVED_NOT_YET_ADMITTED
TP07F481,07:EDBA:0:0:0,0x03EDBA,A00C00,LDY,IMM_X,0,UNKNOWN,NONE,V05C-contexts.csv,SOURCE_PROVED_NOT_YET_ADMITTED
TP07F481,07:EDBD:0:0:0,0x03EDBD,771C,ADC,DP_IND_LONG_Y,0,0,NONE,V05C-contexts.csv,SOURCE_PROVED_NOT_YET_ADMITTED
TP07F481,07:EDBF:0:0:0,0x03EDBF,A00F02,LDY,IMM_X,UNKNOWN,UNKNOWN,NONE,V05C-contexts.csv,SOURCE_PROVED_NOT_YET_ADMITTED
TP07F481,07:EDC2:0:0:0,0x03EDC2,975E,STA,DP_IND_LONG_Y,UNKNOWN,0,NONE,V05C-contexts.csv,SOURCE_PROVED_NOT_YET_ADMITTED
TP07F481,07:EDC4:0:0:0,0x03EDC4,A01102,LDY,IMM_X,UNKNOWN,0,NONE,V05C-contexts.csv,SOURCE_PROVED_NOT_YET_ADMITTED
TP07F481,07:EDC7:0:0:0,0x03EDC7,B75E,LDA,DP_IND_LONG_Y,UNKNOWN,0,NONE,V05C-contexts.csv,SOURCE_PROVED_NOT_YET_ADMITTED
TP07F481,07:EDC9:0:0:0,0x03EDC9,690000,ADC,IMM_M,UNKNOWN,UNKNOWN,NONE,V05C-contexts.csv,SOURCE_PROVED_NOT_YET_ADMITTED
TP07F481,07:EDCC:0:0:0,0x03EDCC,975E,STA,DP_IND_LONG_Y,UNKNOWN,UNKNOWN,NONE,V05C-contexts.csv,SOURCE_PROVED_NOT_YET_ADMITTED
TP07F481,07:EDCE:0:0:0,0x03EDCE,E210,SEP,IMM8,UNKNOWN,UNKNOWN,NONE,V05C-contexts.csv,SOURCE_PROVED_NOT_YET_ADMITTED
TP07F481,07:EDD0:0:0:1,0x03EDD0,C220,REP,IMM8,UNKNOWN,UNKNOWN,NONE,V05C-contexts.csv,SOURCE_PROVED_NOT_YET_ADMITTED
TP07F481,07:EDD2:0:0:1,0x03EDD2,A00C,LDY,IMM_X,UNKNOWN,UNKNOWN,NONE,V05C-contexts.csv,SOURCE_PROVED_NOT_YET_ADMITTED
TP07F481,07:EDD4:0:0:1,0x03EDD4,B71C,LDA,DP_IND_LONG_Y,UNKNOWN,0,NONE,V05C-contexts.csv,SOURCE_PROVED_NOT_YET_ADMITTED
TP07F481,07:EDD6:0:0:1,0x03EDD6,8D8A07,STA,ABS,UNKNOWN,UNKNOWN,DBR:078A,V05C-contexts.csv,SOURCE_PROVED_NOT_YET_ADMITTED
TP07F481,07:EDD9:0:0:1,0x03EDD9,A067,LDY,IMM_X,UNKNOWN,UNKNOWN,NONE,V05C-contexts.csv,SOURCE_PROVED_NOT_YET_ADMITTED
TP07F481,07:EDDB:0:0:1,0x03EDDB,B716,LDA,DP_IND_LONG_Y,UNKNOWN,0,NONE,V05C-contexts.csv,SOURCE_PROVED_NOT_YET_ADMITTED
TP07F481,07:EDDD:0:0:1,0x03EDDD,38,SEC,IMP,UNKNOWN,UNKNOWN,NONE,V05C-contexts.csv,SOURCE_PROVED_NOT_YET_ADMITTED
TP07F481,07:EDDE:0:0:1,0x03EDDE,ED8A07,SBC,ABS,1,UNKNOWN,DBR:078A,V05C-contexts.csv,SOURCE_PROVED_NOT_YET_ADMITTED
TP07F481,07:EDE1:0:0:1,0x03EDE1,9716,STA,DP_IND_LONG_Y,UNKNOWN,UNKNOWN,NONE,V05C-contexts.csv,SOURCE_PROVED_NOT_YET_ADMITTED
TP07F481,07:EDE3:0:0:1,0x03EDE3,E230,SEP,IMM8,UNKNOWN,UNKNOWN,NONE,V05C-contexts.csv,SOURCE_PROVED_NOT_YET_ADMITTED
TP07F481,07:EDE5:0:1:1,0x03EDE5,A018,LDY,IMM_X,UNKNOWN,UNKNOWN,NONE,V05C-contexts.csv,SOURCE_PROVED_NOT_YET_ADMITTED
TP07F481,07:EDE7:0:1:1,0x03EDE7,B71C,LDA,DP_IND_LONG_Y,UNKNOWN,0,NONE,V05C-contexts.csv,SOURCE_PROVED_NOT_YET_ADMITTED
TP07F481,07:EDE9:0:1:1,0x03EDE9,A064,LDY,IMM_X,UNKNOWN,UNKNOWN,NONE,V05C-contexts.csv,SOURCE_PROVED_NOT_YET_ADMITTED
TP07F481,07:EDEB:0:1:1,0x03EDEB,9716,STA,DP_IND_LONG_Y,UNKNOWN,0,NONE,V05C-contexts.csv,SOURCE_PROVED_NOT_YET_ADMITTED
TP07F481,07:EDED:0:1:1,0x03EDED,A904,LDA,IMM_M,UNKNOWN,0,NONE,V05C-contexts.csv,SOURCE_PROVED_NOT_YET_ADMITTED
TP07F481,07:EDEF:0:1:1,0x03EDEF,A003,LDY,IMM_X,UNKNOWN,0,NONE,V05C-contexts.csv,SOURCE_PROVED_NOT_YET_ADMITTED
TP07F481,07:EDF1:0:1:1,0x03EDF1,9716,STA,DP_IND_LONG_Y,UNKNOWN,0,NONE,V05C-contexts.csv,SOURCE_PROVED_NOT_YET_ADMITTED
TP07F481,07:EDF3:0:1:1,0x03EDF3,A013,LDY,IMM_X,UNKNOWN,0,NONE,V05C-contexts.csv,SOURCE_PROVED_NOT_YET_ADMITTED
TP07F481,07:EDF5:0:1:1,0x03EDF5,B71C,LDA,DP_IND_LONG_Y,UNKNOWN,0,NONE,V05C-contexts.csv,SOURCE_PROVED_NOT_YET_ADMITTED
TP07F481,07:EDF7:0:1:1,0x03EDF7,8D8A07,STA,ABS,UNKNOWN,UNKNOWN,DBR:078A,V05C-contexts.csv,SOURCE_PROVED_NOT_YET_ADMITTED
TP07F481,07:EDFA:0:1:1,0x03EDFA,A052,LDY,IMM_X,UNKNOWN,UNKNOWN,NONE,V05C-contexts.csv,SOURCE_PROVED_NOT_YET_ADMITTED
TP07F481,07:EDFC:0:1:1,0x03EDFC,B716,LDA,DP_IND_LONG_Y,UNKNOWN,0,NONE,V05C-contexts.csv,SOURCE_PROVED_NOT_YET_ADMITTED
TP07F481,07:EDFE:0:1:1,0x03EDFE,18,CLC,IMP,UNKNOWN,UNKNOWN,NONE,V05C-contexts.csv,SOURCE_PROVED_NOT_YET_ADMITTED
TP07F481,07:EDFF:0:1:1,0x03EDFF,6D8A07,ADC,ABS,0,UNKNOWN,DBR:078A,V05C-contexts.csv,SOURCE_PROVED_NOT_YET_ADMITTED
TP07F481,07:EE02:0:1:1,0x03EE02,9716,STA,DP_IND_LONG_Y,UNKNOWN,UNKNOWN,NONE,V05C-contexts.csv,SOURCE_PROVED_NOT_YET_ADMITTED
TP07F481,07:EE04:0:1:1,0x03EE04,A014,LDY,IMM_X,UNKNOWN,UNKNOWN,NONE,V05C-contexts.csv,SOURCE_PROVED_NOT_YET_ADMITTED
TP07F481,07:EE06:0:1:1,0x03EE06,B71C,LDA,DP_IND_LONG_Y,UNKNOWN,0,NONE,V05C-contexts.csv,SOURCE_PROVED_NOT_YET_ADMITTED
TP07F481,07:EE08:0:1:1,0x03EE08,8D8E07,STA,ABS,UNKNOWN,UNKNOWN,DBR:078E,V05C-contexts.csv,SOURCE_PROVED_NOT_YET_ADMITTED
TP07F481,07:EE0B:0:1:1,0x03EE0B,A053,LDY,IMM_X,UNKNOWN,UNKNOWN,NONE,V05C-contexts.csv,SOURCE_PROVED_NOT_YET_ADMITTED
TP07F481,07:EE0D:0:1:1,0x03EE0D,B716,LDA,DP_IND_LONG_Y,UNKNOWN,0,NONE,V05C-contexts.csv,SOURCE_PROVED_NOT_YET_ADMITTED
TP07F481,07:EE0F:0:1:1,0x03EE0F,18,CLC,IMP,UNKNOWN,UNKNOWN,NONE,V05C-contexts.csv,SOURCE_PROVED_NOT_YET_ADMITTED
TP07F481,07:EE10:0:1:1,0x03EE10,6D8E07,ADC,ABS,0,UNKNOWN,DBR:078E,V05C-contexts.csv,SOURCE_PROVED_NOT_YET_ADMITTED
TP07F481,07:EE13:0:1:1,0x03EE13,9716,STA,DP_IND_LONG_Y,UNKNOWN,UNKNOWN,NONE,V05C-contexts.csv,SOURCE_PROVED_NOT_YET_ADMITTED
TP07F481,07:EE15:0:1:1,0x03EE15,A054,LDY,IMM_X,UNKNOWN,UNKNOWN,NONE,V05C-contexts.csv,SOURCE_PROVED_NOT_YET_ADMITTED
TP07F481,07:EE17:0:1:1,0x03EE17,B716,LDA,DP_IND_LONG_Y,UNKNOWN,0,NONE,V05C-contexts.csv,SOURCE_PROVED_NOT_YET_ADMITTED
TP07F481,07:EE19:0:1:1,0x03EE19,1719,ORA,DP_IND_LONG_Y,UNKNOWN,UNKNOWN,NONE,V05C-contexts.csv,SOURCE_PROVED_NOT_YET_ADMITTED
TP07F481,07:EE1B:0:1:1,0x03EE1B,9716,STA,DP_IND_LONG_Y,UNKNOWN,UNKNOWN,NONE,V05C-contexts.csv,SOURCE_PROVED_NOT_YET_ADMITTED
TP07F481,07:EE1D:0:1:1,0x03EE1D,82CC04,BRL,REL16,UNKNOWN,UNKNOWN|0|1,NONE,V05C-contexts.csv,SOURCE_PROVED_NOT_YET_ADMITTED
TP07F481,07:EE20:0:1:1,0x03EE20,A003,LDY,IMM_X,UNKNOWN,1,NONE,V05C-contexts.csv,SOURCE_PROVED_NOT_YET_ADMITTED
TP07F481,07:EE22:0:1:1,0x03EE22,B71C,LDA,DP_IND_LONG_Y,UNKNOWN,0,NONE,V05C-contexts.csv,SOURCE_PROVED_NOT_YET_ADMITTED
TP07F481,07:EE24:0:1:1,0x03EE24,2903,AND,IMM_M,UNKNOWN,UNKNOWN,NONE,V05C-contexts.csv,SOURCE_PROVED_NOT_YET_ADMITTED
TP07F481,07:EE26:0:1:1,0x03EE26,D003,BNE,REL8,UNKNOWN,UNKNOWN,NONE,V05C-contexts.csv,SOURCE_PROVED_NOT_YET_ADMITTED
TP07F481,07:EE28:0:1:1,0x03EE28,82C104,BRL,REL16,UNKNOWN,1,NONE,V05C-contexts.csv,SOURCE_PROVED_NOT_YET_ADMITTED
TP07F481,07:EE2B:0:1:1,0x03EE2B,A052,LDY,IMM_X,UNKNOWN,0,NONE,V05C-contexts.csv,SOURCE_PROVED_NOT_YET_ADMITTED
TP07F481,07:EE2D:0:1:1,0x03EE2D,B716,LDA,DP_IND_LONG_Y,UNKNOWN,0,NONE,V05C-contexts.csv,SOURCE_PROVED_NOT_YET_ADMITTED
TP07F481,07:EE2F:0:1:1,0x03EE2F,C909,CMP,IMM_M,UNKNOWN,UNKNOWN,NONE,V05C-contexts.csv,SOURCE_PROVED_NOT_YET_ADMITTED
TP07F481,07:EE31:0:1:1,0x03EE31,B008,BCS,REL8,UNKNOWN,UNKNOWN,NONE,V05C-contexts.csv,SOURCE_PROVED_NOT_YET_ADMITTED
TP07F481,07:EE33:0:1:1,0x03EE33,A003,LDY,IMM_X,0,UNKNOWN,NONE,V05C-contexts.csv,SOURCE_PROVED_NOT_YET_ADMITTED
TP07F481,07:EE35:0:1:1,0x03EE35,B71C,LDA,DP_IND_LONG_Y,0,0,NONE,V05C-contexts.csv,SOURCE_PROVED_NOT_YET_ADMITTED
TP07F481,07:EE37:0:1:1,0x03EE37,2901,AND,IMM_M,0,UNKNOWN,NONE,V05C-contexts.csv,SOURCE_PROVED_NOT_YET_ADMITTED
TP07F481,07:EE39:0:1:1,0x03EE39,D016,BNE,REL8,0,UNKNOWN,NONE,V05C-contexts.csv,SOURCE_PROVED_NOT_YET_ADMITTED
TP07F481,07:EE3B:0:1:1,0x03EE3B,A053,LDY,IMM_X,0|1,UNKNOWN|1,NONE,V05C-contexts.csv,SOURCE_PROVED_NOT_YET_ADMITTED
TP07F481,07:EE3D:0:1:1,0x03EE3D,B716,LDA,DP_IND_LONG_Y,0|1,0,NONE,V05C-contexts.csv,SOURCE_PROVED_NOT_YET_ADMITTED
TP07F481,07:EE3F:0:1:1,0x03EE3F,C909,CMP,IMM_M,0|1,UNKNOWN,NONE,V05C-contexts.csv,SOURCE_PROVED_NOT_YET_ADMITTED
TP07F481,07:EE41:0:1:1,0x03EE41,9003,BCC,REL8,UNKNOWN,UNKNOWN,NONE,V05C-contexts.csv,SOURCE_PROVED_NOT_YET_ADMITTED
TP07F481,07:EE43:0:1:1,0x03EE43,4CECF2,JMP,ABS_JUMP,1,UNKNOWN,NONE,V05C-contexts.csv,SOURCE_PROVED_NOT_YET_ADMITTED
TP07F481,07:EE46:0:1:1,0x03EE46,A003,LDY,IMM_X,0,UNKNOWN,NONE,V05C-contexts.csv,SOURCE_PROVED_NOT_YET_ADMITTED
TP07F481,07:EE48:0:1:1,0x03EE48,B71C,LDA,DP_IND_LONG_Y,0,0,NONE,V05C-contexts.csv,SOURCE_PROVED_NOT_YET_ADMITTED
TP07F481,07:EE4A:0:1:1,0x03EE4A,2902,AND,IMM_M,0,UNKNOWN,NONE,V05C-contexts.csv,SOURCE_PROVED_NOT_YET_ADMITTED
TP07F481,07:EE4C:0:1:1,0x03EE4C,D003,BNE,REL8,0,UNKNOWN,NONE,V05C-contexts.csv,SOURCE_PROVED_NOT_YET_ADMITTED
TP07F481,07:EE4E:0:1:1,0x03EE4E,829B04,BRL,REL16,0,1,NONE,V05C-contexts.csv,SOURCE_PROVED_NOT_YET_ADMITTED
TP07F481,07:EE51:0:1:1,0x03EE51,20D0F6,JSR,ABS_JUMP,0,0,NONE,V05C-contexts.csv,SOURCE_PROVED_NOT_YET_ADMITTED
TP07F481,07:EE54:0:0:1,0x03EE54,C230,REP,IMM8,UNKNOWN,UNKNOWN,NONE,V05C-contexts.csv,SOURCE_PROVED_NOT_YET_ADMITTED
TP07F481,07:EE56:0:0:0,0x03EE56,ADA207,LDA,ABS,UNKNOWN,UNKNOWN,DBR:07A2,V05C-contexts.csv,SOURCE_PROVED_NOT_YET_ADMITTED
TP07F481,07:EE59:0:0:0,0x03EE59,D003,BNE,REL8,UNKNOWN,UNKNOWN,NONE,V05C-contexts.csv,SOURCE_PROVED_NOT_YET_ADMITTED
TP07F481,07:EE5B:0:0:0,0x03EE5B,828E04,BRL,REL16,UNKNOWN,1,NONE,V05C-contexts.csv,SOURCE_PROVED_NOT_YET_ADMITTED
TP07F481,07:EE5E:0:0:0,0x03EE5E,1003,BPL,REL8,UNKNOWN,0,NONE,V05C-contexts.csv,SOURCE_PROVED_NOT_YET_ADMITTED
TP07F481,07:EE60:0:0:0,0x03EE60,4CECF2,JMP,ABS_JUMP,UNKNOWN,0,NONE,V05C-contexts.csv,SOURCE_PROVED_NOT_YET_ADMITTED
TP07F481,07:EE63:0:0:0,0x03EE63,E230,SEP,IMM8,UNKNOWN,0,NONE,V05C-contexts.csv,SOURCE_PROVED_NOT_YET_ADMITTED
TP07F481,07:EE65:0:1:1,0x03EE65,A904,LDA,IMM_M,UNKNOWN,0,NONE,V05C-contexts.csv,SOURCE_PROVED_NOT_YET_ADMITTED
TP07F481,07:EE67:0:1:1,0x03EE67,A003,LDY,IMM_X,UNKNOWN,0,NONE,V05C-contexts.csv,SOURCE_PROVED_NOT_YET_ADMITTED
TP07F481,07:EE69:0:1:1,0x03EE69,9716,STA,DP_IND_LONG_Y,UNKNOWN,0,NONE,V05C-contexts.csv,SOURCE_PROVED_NOT_YET_ADMITTED
TP07F481,07:EE6B:0:1:1,0x03EE6B,E230,SEP,IMM8,UNKNOWN,0,NONE,V05C-contexts.csv,SOURCE_PROVED_NOT_YET_ADMITTED
TP07F481,07:EE6D:0:1:1,0x03EE6D,A023,LDY,IMM_X,UNKNOWN,0,NONE,V05C-contexts.csv,SOURCE_PROVED_NOT_YET_ADMITTED
TP07F481,07:EE6F:0:1:1,0x03EE6F,B71C,LDA,DP_IND_LONG_Y,UNKNOWN,0,NONE,V05C-contexts.csv,SOURCE_PROVED_NOT_YET_ADMITTED
TP07F481,07:EE71:0:1:1,0x03EE71,C9FF,CMP,IMM_M,UNKNOWN,UNKNOWN,NONE,V05C-contexts.csv,SOURCE_PROVED_NOT_YET_ADMITTED
TP07F481,07:EE73:0:1:1,0x03EE73,F002,BEQ,REL8,UNKNOWN,UNKNOWN,NONE,V05C-contexts.csv,SOURCE_PROVED_NOT_YET_ADMITTED
TP07F481,07:EE75:0:1:1,0x03EE75,E230,SEP,IMM8,UNKNOWN,0,NONE,V05C-contexts.csv,SOURCE_PROVED_NOT_YET_ADMITTED
TP07F481,07:EE77:0:1:1,0x03EE77,E210,SEP,IMM8,UNKNOWN,0|1,NONE,V05C-contexts.csv,SOURCE_PROVED_NOT_YET_ADMITTED
TP07F481,07:EE79:0:1:1,0x03EE79,C220,REP,IMM8,UNKNOWN,0|1,NONE,V05C-contexts.csv,SOURCE_PROVED_NOT_YET_ADMITTED
TP07F481,07:EE7B:0:0:1,0x03EE7B,A000,LDY,IMM_X,UNKNOWN,0|1,NONE,V05C-contexts.csv,SOURCE_PROVED_NOT_YET_ADMITTED
TP07F481,07:EE7D:0:0:1,0x03EE7D,B71C,LDA,DP_IND_LONG_Y,UNKNOWN,1,NONE,V05C-contexts.csv,SOURCE_PROVED_NOT_YET_ADMITTED
TP07F481,07:EE7F:0:0:1,0x03EE7F,C91301,CMP,IMM_M,UNKNOWN,UNKNOWN,NONE,V05C-contexts.csv,SOURCE_PROVED_NOT_YET_ADMITTED
TP07F481,07:EE82:0:0:1,0x03EE82,D029,BNE,REL8,UNKNOWN,UNKNOWN,NONE,V05C-contexts.csv,SOURCE_PROVED_NOT_YET_ADMITTED
TP07F481,07:EE84:0:0:1,0x03EE84,E230,SEP,IMM8,UNKNOWN,1,NONE,V05C-contexts.csv,SOURCE_PROVED_NOT_YET_ADMITTED
TP07F481,07:EE86:0:1:1,0x03EE86,A01B,LDY,IMM_X,UNKNOWN,1,NONE,V05C-contexts.csv,SOURCE_PROVED_NOT_YET_ADMITTED
TP07F481,07:EE88:0:1:1,0x03EE88,B71C,LDA,DP_IND_LONG_Y,UNKNOWN,0,NONE,V05C-contexts.csv,SOURCE_PROVED_NOT_YET_ADMITTED
TP07F481,07:EE8A:0:1:1,0x03EE8A,C904,CMP,IMM_M,UNKNOWN,UNKNOWN,NONE,V05C-contexts.csv,SOURCE_PROVED_NOT_YET_ADMITTED
TP07F481,07:EE8C:0:1:1,0x03EE8C,901F,BCC,REL8,UNKNOWN,UNKNOWN,NONE,V05C-contexts.csv,SOURCE_PROVED_NOT_YET_ADMITTED
TP07F481,07:EE8E:0:1:1,0x03EE8E,E210,SEP,IMM8,1,UNKNOWN,NONE,V05C-contexts.csv,SOURCE_PROVED_NOT_YET_ADMITTED
TP07F481,07:EE90:0:1:1,0x03EE90,C220,REP,IMM8,1,UNKNOWN,NONE,V05C-contexts.csv,SOURCE_PROVED_NOT_YET_ADMITTED
TP07F481,07:EE92:0:0:1,0x03EE92,29FF00,AND,IMM_M,1,UNKNOWN,NONE,V05C-contexts.csv,SOURCE_PROVED_NOT_YET_ADMITTED
TP07F481,07:EE95:0:0:1,0x03EE95,38,SEC,IMP,1,UNKNOWN,NONE,V05C-contexts.csv,SOURCE_PROVED_NOT_YET_ADMITTED
TP07F481,07:EE96:0:0:1,0x03EE96,E90300,SBC,IMM_M,1,UNKNOWN,NONE,V05C-contexts.csv,SOURCE_PROVED_NOT_YET_ADMITTED
TP07F481,07:EE99:0:0:1,0x03EE99,0A,ASL,ACC,UNKNOWN,UNKNOWN,NONE,V05C-contexts.csv,SOURCE_PROVED_NOT_YET_ADMITTED
TP07F481,07:EE9A:0:0:1,0x03EE9A,0A,ASL,ACC,UNKNOWN,UNKNOWN,NONE,V05C-contexts.csv,SOURCE_PROVED_NOT_YET_ADMITTED
TP07F481,07:EE9B:0:0:1,0x03EE9B,0A,ASL,ACC,UNKNOWN,UNKNOWN,NONE,V05C-contexts.csv,SOURCE_PROVED_NOT_YET_ADMITTED
TP07F481,07:EE9C:0:0:1,0x03EE9C,0A,ASL,ACC,UNKNOWN,UNKNOWN,NONE,V05C-contexts.csv,SOURCE_PROVED_NOT_YET_ADMITTED
TP07F481,07:EE9D:0:0:1,0x03EE9D,8D1504,STA,ABS,UNKNOWN,UNKNOWN,DBR:0415,V05C-contexts.csv,SOURCE_PROVED_NOT_YET_ADMITTED
TP07F481,07:EEA0:0:0:1,0x03EEA0,E230,SEP,IMM8,UNKNOWN,UNKNOWN,NONE,V05C-contexts.csv,SOURCE_PROVED_NOT_YET_ADMITTED
TP07F481,07:EEA2:0:1:1,0x03EEA2,A017,LDY,IMM_X,UNKNOWN,UNKNOWN,NONE,V05C-contexts.csv,SOURCE_PROVED_NOT_YET_ADMITTED
TP07F481,07:EEA4:0:1:1,0x03EEA4,B716,LDA,DP_IND_LONG_Y,UNKNOWN,0,NONE,V05C-contexts.csv,SOURCE_PROVED_NOT_YET_ADMITTED
TP07F481,07:EEA6:0:1:1,0x03EEA6,C920,CMP,IMM_M,UNKNOWN,UNKNOWN,NONE,V05C-contexts.csv,SOURCE_PROVED_NOT_YET_ADMITTED
TP07F481,07:EEA8:0:1:1,0x03EEA8,B003,BCS,REL8,UNKNOWN,UNKNOWN,NONE,V05C-contexts.csv,SOURCE_PROVED_NOT_YET_ADMITTED
TP07F481,07:EEAA:0:1:1,0x03EEAA,0A,ASL,ACC,0,UNKNOWN,NONE,V05C-contexts.csv,SOURCE_PROVED_NOT_YET_ADMITTED
TP07F481,07:EEAB:0:1:1,0x03EEAB,9716,STA,DP_IND_LONG_Y,UNKNOWN,UNKNOWN,NONE,V05C-contexts.csv,SOURCE_PROVED_NOT_YET_ADMITTED
TP07F481,07:EEAD:0:0:1,0x03EEAD,E230,SEP,IMM8,UNKNOWN,0,NONE,V05C-contexts.csv,SOURCE_PROVED_NOT_YET_ADMITTED
TP07F481,07:EEAD:0:1:1,0x03EEAD,E230,SEP,IMM8,UNKNOWN|0|1,UNKNOWN,NONE,V05C-contexts.csv,SOURCE_PROVED_NOT_YET_ADMITTED
TP07F481,07:EEAF:0:1:1,0x03EEAF,A01A,LDY,IMM_X,UNKNOWN|0|1,UNKNOWN|0,NONE,V05C-contexts.csv,SOURCE_PROVED_NOT_YET_ADMITTED
TP07F481,07:EEB1:0:1:1,0x03EEB1,B71C,LDA,DP_IND_LONG_Y,UNKNOWN|0|1,0,NONE,V05C-contexts.csv,SOURCE_PROVED_NOT_YET_ADMITTED
TP07F481,07:EEB3:0:1:1,0x03EEB3,C900,CMP,IMM_M,UNKNOWN|0|1,UNKNOWN,NONE,V05C-contexts.csv,SOURCE_PROVED_NOT_YET_ADMITTED
TP07F481,07:EEB5:0:1:1,0x03EEB5,F003,BEQ,REL8,UNKNOWN,UNKNOWN,NONE,V05C-contexts.csv,SOURCE_PROVED_NOT_YET_ADMITTED
TP07F481,07:EEB7:0:1:1,0x03EEB7,828200,BRL,REL16,UNKNOWN,0,NONE,V05C-contexts.csv,SOURCE_PROVED_NOT_YET_ADMITTED
TP07F481,07:EEBA:0:1:1,0x03EEBA,E210,SEP,IMM8,UNKNOWN,1,NONE,V05C-contexts.csv,SOURCE_PROVED_NOT_YET_ADMITTED
TP07F481,07:EEBC:0:1:1,0x03EEBC,C220,REP,IMM8,UNKNOWN,1,NONE,V05C-contexts.csv,SOURCE_PROVED_NOT_YET_ADMITTED
TP07F481,07:EEBE:0:0:1,0x03EEBE,A01B,LDY,IMM_X,UNKNOWN,1,NONE,V05C-contexts.csv,SOURCE_PROVED_NOT_YET_ADMITTED
TP07F481,07:EEC0:0:0:1,0x03EEC0,B71C,LDA,DP_IND_LONG_Y,UNKNOWN,0,NONE,V05C-contexts.csv,SOURCE_PROVED_NOT_YET_ADMITTED
TP07F481,07:EEC2:0:0:1,0x03EEC2,29FF00,AND,IMM_M,UNKNOWN,UNKNOWN,NONE,V05C-contexts.csv,SOURCE_PROVED_NOT_YET_ADMITTED
TP07F481,07:EEC5:0:0:1,0x03EEC5,8D8A07,STA,ABS,UNKNOWN,UNKNOWN,DBR:078A,V05C-contexts.csv,SOURCE_PROVED_NOT_YET_ADMITTED
TP07F481,07:EEC8:0:0:1,0x03EEC8,A90200,LDA,IMM_M,UNKNOWN,UNKNOWN,NONE,V05C-contexts.csv,SOURCE_PROVED_NOT_YET_ADMITTED
TP07F481,07:EECB:0:0:1,0x03EECB,38,SEC,IMP,UNKNOWN,0,NONE,V05C-contexts.csv,SOURCE_PROVED_NOT_YET_ADMITTED
TP07F481,07:EECC:0:0:1,0x03EECC,ED8A07,SBC,ABS,1,0,DBR:078A,V05C-contexts.csv,SOURCE_PROVED_NOT_YET_ADMITTED
TP07F481,07:EECF:0:0:1,0x03EECF,0A,ASL,ACC,UNKNOWN,UNKNOWN,NONE,V05C-contexts.csv,SOURCE_PROVED_NOT_YET_ADMITTED
TP07F481,07:EED0:0:0:1,0x03EED0,0A,ASL,ACC,UNKNOWN,UNKNOWN,NONE,V05C-contexts.csv,SOURCE_PROVED_NOT_YET_ADMITTED
TP07F481,07:EED1:0:0:1,0x03EED1,0A,ASL,ACC,UNKNOWN,UNKNOWN,NONE,V05C-contexts.csv,SOURCE_PROVED_NOT_YET_ADMITTED
TP07F481,07:EED2:0:0:1,0x03EED2,0A,ASL,ACC,UNKNOWN,UNKNOWN,NONE,V05C-contexts.csv,SOURCE_PROVED_NOT_YET_ADMITTED
TP07F481,07:EED3:0:0:1,0x03EED3,0A,ASL,ACC,UNKNOWN,UNKNOWN,NONE,V05C-contexts.csv,SOURCE_PROVED_NOT_YET_ADMITTED
TP07F481,07:EED4:0:0:1,0x03EED4,18,CLC,IMP,UNKNOWN,UNKNOWN,NONE,V05C-contexts.csv,SOURCE_PROVED_NOT_YET_ADMITTED
TP07F481,07:EED5:0:0:1,0x03EED5,690800,ADC,IMM_M,0,UNKNOWN,NONE,V05C-contexts.csv,SOURCE_PROVED_NOT_YET_ADMITTED
TP07F481,07:EED8:0:0:1,0x03EED8,8D8A07,STA,ABS,UNKNOWN,UNKNOWN,DBR:078A,V05C-contexts.csv,SOURCE_PROVED_NOT_YET_ADMITTED
TP07F481,07:EEDB:0:0:1,0x03EEDB,22DA8707,JSL,ABSL_JUMP,UNKNOWN,UNKNOWN,NONE,V05C-contexts.csv,SOURCE_PROVED_NOT_YET_ADMITTED
TP07F481,07:EEDF:0:0:1,0x03EEDF,E210,SEP,IMM8,UNKNOWN|0|1,UNKNOWN,NONE,V05C-contexts.csv,SOURCE_PROVED_NOT_YET_ADMITTED
TP07F481,07:EEE1:0:0:1,0x03EEE1,C220,REP,IMM8,UNKNOWN|0|1,UNKNOWN,NONE,V05C-contexts.csv,SOURCE_PROVED_NOT_YET_ADMITTED
TP07F481,07:EEE3:0:0:1,0x03EEE3,A210,LDX,IMM_X,UNKNOWN|0|1,UNKNOWN,NONE,V05C-contexts.csv,SOURCE_PROVED_NOT_YET_ADMITTED
TP07F481,07:EEE5:0:0:1,0x03EEE5,C90000,CMP,IMM_M,UNKNOWN|0|1,0,NONE,V05C-contexts.csv,SOURCE_PROVED_NOT_YET_ADMITTED
TP07F481,07:EEE8:0:0:1,0x03EEE8,F01C,BEQ,REL8,UNKNOWN,UNKNOWN,NONE,V05C-contexts.csv,SOURCE_PROVED_NOT_YET_ADMITTED
TP07F481,07:EEEA:0:0:1,0x03EEEA,E000,CPX,IMM_X,UNKNOWN,0,NONE,V05C-contexts.csv,SOURCE_PROVED_NOT_YET_ADMITTED
TP07F481,07:EEEC:0:0:1,0x03EEEC,F018,BEQ,REL8,UNKNOWN,UNKNOWN,NONE,V05C-contexts.csv,SOURCE_PROVED_NOT_YET_ADMITTED
TP07F481,07:EEEE:0:0:1,0x03EEEE,8D0442,STA,ABS,UNKNOWN,0,DBR:4204,V05C-contexts.csv,SOURCE_PROVED_NOT_YET_ADMITTED
TP07F481,07:EEF1:0:0:1,0x03EEF1,8E0642,STX,ABS,UNKNOWN,0,DBR:4206,V05C-contexts.csv,SOURCE_PROVED_NOT_YET_ADMITTED
TP07F481,07:EEF4:0:0:1,0x03EEF4,EA,NOP,IMP,UNKNOWN,0,NONE,V05C-contexts.csv,SOURCE_PROVED_NOT_YET_ADMITTED
TP07F481,07:EEF5:0:0:1,0x03EEF5,EA,NOP,IMP,UNKNOWN,0,NONE,V05C-contexts.csv,SOURCE_PROVED_NOT_YET_ADMITTED
TP07F481,07:EEF6:0:0:1,0x03EEF6,EA,NOP,IMP,UNKNOWN,0,NONE,V05C-contexts.csv,SOURCE_PROVED_NOT_YET_ADMITTED
TP07F481,07:EEF7:0:0:1,0x03EEF7,EA,NOP,IMP,UNKNOWN,0,NONE,V05C-contexts.csv,SOURCE_PROVED_NOT_YET_ADMITTED
TP07F481,07:EEF8:0:0:1,0x03EEF8,EA,NOP,IMP,UNKNOWN,0,NONE,V05C-contexts.csv,SOURCE_PROVED_NOT_YET_ADMITTED
TP07F481,07:EEF9:0:0:1,0x03EEF9,EA,NOP,IMP,UNKNOWN,0,NONE,V05C-contexts.csv,SOURCE_PROVED_NOT_YET_ADMITTED
TP07F481,07:EEFA:0:0:1,0x03EEFA,EA,NOP,IMP,UNKNOWN,0,NONE,V05C-contexts.csv,SOURCE_PROVED_NOT_YET_ADMITTED
TP07F481,07:EEFB:0:0:1,0x03EEFB,EA,NOP,IMP,UNKNOWN,0,NONE,V05C-contexts.csv,SOURCE_PROVED_NOT_YET_ADMITTED
TP07F481,07:EEFC:0:0:1,0x03EEFC,C230,REP,IMM8,UNKNOWN,0,NONE,V05C-contexts.csv,SOURCE_PROVED_NOT_YET_ADMITTED
TP07F481,07:EEFE:0:0:0,0x03EEFE,AD1442,LDA,ABS,UNKNOWN,0,DBR:4214,V05C-contexts.csv,SOURCE_PROVED_NOT_YET_ADMITTED
TP07F481,07:EF01:0:0:0,0x03EF01,AE1642,LDX,ABS,UNKNOWN,UNKNOWN,DBR:4216,V05C-contexts.csv,SOURCE_PROVED_NOT_YET_ADMITTED
TP07F481,07:EF04:0:0:0,0x03EF04,8006,BRA,REL8,UNKNOWN,UNKNOWN,NONE,V05C-contexts.csv,SOURCE_PROVED_NOT_YET_ADMITTED
TP07F481,07:EF06:0:0:1,0x03EF06,C230,REP,IMM8,UNKNOWN,1,NONE,V05C-contexts.csv,SOURCE_PROVED_NOT_YET_ADMITTED
TP07F481,07:EF08:0:0:0,0x03EF08,A90000,LDA,IMM_M,UNKNOWN,1,NONE,V05C-contexts.csv,SOURCE_PROVED_NOT_YET_ADMITTED
TP07F481,07:EF0B:0:0:0,0x03EF0B,AA,TAX,IMP,UNKNOWN,1,NONE,V05C-contexts.csv,SOURCE_PROVED_NOT_YET_ADMITTED
TP07F481,07:EF0C:0:0:0,0x03EF0C,8A,TXA,IMP,UNKNOWN,UNKNOWN,NONE,V05C-contexts.csv,SOURCE_PROVED_NOT_YET_ADMITTED
TP07F481,07:EF0D:0:0:0,0x03EF0D,8D8E07,STA,ABS,UNKNOWN,UNKNOWN,DBR:078E,V05C-contexts.csv,SOURCE_PROVED_NOT_YET_ADMITTED
TP07F481,07:EF10:0:0:0,0x03EF10,AD8A07,LDA,ABS,UNKNOWN,UNKNOWN,DBR:078A,V05C-contexts.csv,SOURCE_PROVED_NOT_YET_ADMITTED
TP07F481,07:EF13:0:0:0,0x03EF13,38,SEC,IMP,UNKNOWN,UNKNOWN,NONE,V05C-contexts.csv,SOURCE_PROVED_NOT_YET_ADMITTED
TP07F481,07:EF14:0:0:0,0x03EF14,ED8E07,SBC,ABS,1,UNKNOWN,DBR:078E,V05C-contexts.csv,SOURCE_PROVED_NOT_YET_ADMITTED
TP07F481,07:EF17:0:0:0,0x03EF17,8D8A07,STA,ABS,UNKNOWN,UNKNOWN,DBR:078A,V05C-contexts.csv,SOURCE_PROVED_NOT_YET_ADMITTED
TP07F481,07:EF1A:0:0:0,0x03EF1A,A05500,LDY,IMM_X,UNKNOWN,UNKNOWN,NONE,V05C-contexts.csv,SOURCE_PROVED_NOT_YET_ADMITTED
TP07F481,07:EF1D:0:0:0,0x03EF1D,B716,LDA,DP_IND_LONG_Y,UNKNOWN,0,NONE,V05C-contexts.csv,SOURCE_PROVED_NOT_YET_ADMITTED
TP07F481,07:EF1F:0:0:0,0x03EF1F,18,CLC,IMP,UNKNOWN,UNKNOWN,NONE,V05C-contexts.csv,SOURCE_PROVED_NOT_YET_ADMITTED
TP07F481,07:EF20:0:0:0,0x03EF20,6D8A07,ADC,ABS,0,UNKNOWN,DBR:078A,V05C-contexts.csv,SOURCE_PROVED_NOT_YET_ADMITTED
TP07F481,07:EF23:0:0:0,0x03EF23,9716,STA,DP_IND_LONG_Y,UNKNOWN,UNKNOWN,NONE,V05C-contexts.csv,SOURCE_PROVED_NOT_YET_ADMITTED
TP07F481,07:EF25:0:0:0,0x03EF25,E230,SEP,IMM8,UNKNOWN,UNKNOWN,NONE,V05C-contexts.csv,SOURCE_PROVED_NOT_YET_ADMITTED
TP07F481,07:EF27:0:1:1,0x03EF27,A01B,LDY,IMM_X,UNKNOWN,UNKNOWN,NONE,V05C-contexts.csv,SOURCE_PROVED_NOT_YET_ADMITTED
TP07F481,07:EF29:0:1:1,0x03EF29,B71C,LDA,DP_IND_LONG_Y,UNKNOWN,0,NONE,V05C-contexts.csv,SOURCE_PROVED_NOT_YET_ADMITTED
TP07F481,07:EF2B:0:1:1,0x03EF2B,4A,LSR,ACC,UNKNOWN,UNKNOWN,NONE,V05C-contexts.csv,SOURCE_PROVED_NOT_YET_ADMITTED
TP07F481,07:EF2C:0:1:1,0x03EF2C,8D8A07,STA,ABS,UNKNOWN,UNKNOWN,DBR:078A,V05C-contexts.csv,SOURCE_PROVED_NOT_YET_ADMITTED
TP07F481,07:EF2F:0:1:1,0x03EF2F,A053,LDY,IMM_X,UNKNOWN,UNKNOWN,NONE,V05C-contexts.csv,SOURCE_PROVED_NOT_YET_ADMITTED
TP07F481,07:EF31:0:1:1,0x03EF31,B716,LDA,DP_IND_LONG_Y,UNKNOWN,0,NONE,V05C-contexts.csv,SOURCE_PROVED_NOT_YET_ADMITTED
TP07F481,07:EF33:0:1:1,0x03EF33,38,SEC,IMP,UNKNOWN,UNKNOWN,NONE,V05C-contexts.csv,SOURCE_PROVED_NOT_YET_ADMITTED
TP07F481,07:EF34:0:1:1,0x03EF34,ED8A07,SBC,ABS,1,UNKNOWN,DBR:078A,V05C-contexts.csv,SOURCE_PROVED_NOT_YET_ADMITTED
TP07F481,07:EF37:0:1:1,0x03EF37,9716,STA,DP_IND_LONG_Y,UNKNOWN,UNKNOWN,NONE,V05C-contexts.csv,SOURCE_PROVED_NOT_YET_ADMITTED
TP07F481,07:EF39:0:1:1,0x03EF39,82FB01,BRL,REL16,UNKNOWN,UNKNOWN,NONE,V05C-contexts.csv,SOURCE_PROVED_NOT_YET_ADMITTED
TP07F481,07:EF3C:0:1:1,0x03EF3C,C901,CMP,IMM_M,UNKNOWN,0,NONE,V05C-contexts.csv,SOURCE_PROVED_NOT_YET_ADMITTED
TP07F481,07:EF3E:0:1:1,0x03EF3E,F003,BEQ,REL8,UNKNOWN,UNKNOWN,NONE,V05C-contexts.csv,SOURCE_PROVED_NOT_YET_ADMITTED
TP07F481,07:EF40:0:1:1,0x03EF40,828200,BRL,REL16,UNKNOWN,0,NONE,V05C-contexts.csv,SOURCE_PROVED_NOT_YET_ADMITTED
TP07F481,07:EF43:0:1:1,0x03EF43,E210,SEP,IMM8,UNKNOWN,1,NONE,V05C-contexts.csv,SOURCE_PROVED_NOT_YET_ADMITTED
TP07F481,07:EF45:0:1:1,0x03EF45,C220,REP,IMM8,UNKNOWN,1,NONE,V05C-contexts.csv,SOURCE_PROVED_NOT_YET_ADMITTED
TP07F481,07:EF47:0:0:1,0x03EF47,A01B,LDY,IMM_X,UNKNOWN,1,NONE,V05C-contexts.csv,SOURCE_PROVED_NOT_YET_ADMITTED
TP07F481,07:EF49:0:0:1,0x03EF49,B71C,LDA,DP_IND_LONG_Y,UNKNOWN,0,NONE,V05C-contexts.csv,SOURCE_PROVED_NOT_YET_ADMITTED
TP07F481,07:EF4B:0:0:1,0x03EF4B,29FF00,AND,IMM_M,UNKNOWN,UNKNOWN,NONE,V05C-contexts.csv,SOURCE_PROVED_NOT_YET_ADMITTED
TP07F481,07:EF4E:0:0:1,0x03EF4E,8D8A07,STA,ABS,UNKNOWN,UNKNOWN,DBR:078A,V05C-contexts.csv,SOURCE_PROVED_NOT_YET_ADMITTED
TP07F481,07:EF51:0:0:1,0x03EF51,A90200,LDA,IMM_M,UNKNOWN,UNKNOWN,NONE,V05C-contexts.csv,SOURCE_PROVED_NOT_YET_ADMITTED
TP07F481,07:EF54:0:0:1,0x03EF54,38,SEC,IMP,UNKNOWN,0,NONE,V05C-contexts.csv,SOURCE_PROVED_NOT_YET_ADMITTED
TP07F481,07:EF55:0:0:1,0x03EF55,ED8A07,SBC,ABS,1,0,DBR:078A,V05C-contexts.csv,SOURCE_PROVED_NOT_YET_ADMITTED
TP07F481,07:EF58:0:0:1,0x03EF58,0A,ASL,ACC,UNKNOWN,UNKNOWN,NONE,V05C-contexts.csv,SOURCE_PROVED_NOT_YET_ADMITTED
TP07F481,07:EF59:0:0:1,0x03EF59,0A,ASL,ACC,UNKNOWN,UNKNOWN,NONE,V05C-contexts.csv,SOURCE_PROVED_NOT_YET_ADMITTED
TP07F481,07:EF5A:0:0:1,0x03EF5A,0A,ASL,ACC,UNKNOWN,UNKNOWN,NONE,V05C-contexts.csv,SOURCE_PROVED_NOT_YET_ADMITTED
TP07F481,07:EF5B:0:0:1,0x03EF5B,0A,ASL,ACC,UNKNOWN,UNKNOWN,NONE,V05C-contexts.csv,SOURCE_PROVED_NOT_YET_ADMITTED
TP07F481,07:EF5C:0:0:1,0x03EF5C,0A,ASL,ACC,UNKNOWN,UNKNOWN,NONE,V05C-contexts.csv,SOURCE_PROVED_NOT_YET_ADMITTED
TP07F481,07:EF5D:0:0:1,0x03EF5D,18,CLC,IMP,UNKNOWN,UNKNOWN,NONE,V05C-contexts.csv,SOURCE_PROVED_NOT_YET_ADMITTED
TP07F481,07:EF5E:0:0:1,0x03EF5E,690800,ADC,IMM_M,0,UNKNOWN,NONE,V05C-contexts.csv,SOURCE_PROVED_NOT_YET_ADMITTED
TP07F481,07:EF61:0:0:1,0x03EF61,8D8A07,STA,ABS,UNKNOWN,UNKNOWN,DBR:078A,V05C-contexts.csv,SOURCE_PROVED_NOT_YET_ADMITTED
TP07F481,07:EF64:0:0:1,0x03EF64,22DA8707,JSL,ABSL_JUMP,UNKNOWN,UNKNOWN,NONE,V05C-contexts.csv,SOURCE_PROVED_NOT_YET_ADMITTED
TP07F481,07:EF68:0:0:1,0x03EF68,E210,SEP,IMM8,UNKNOWN|0|1,UNKNOWN,NONE,V05C-contexts.csv,SOURCE_PROVED_NOT_YET_ADMITTED
TP07F481,07:EF6A:0:0:1,0x03EF6A,C220,REP,IMM8,UNKNOWN|0|1,UNKNOWN,NONE,V05C-contexts.csv,SOURCE_PROVED_NOT_YET_ADMITTED
TP07F481,07:EF6C:0:0:1,0x03EF6C,A210,LDX,IMM_X,UNKNOWN|0|1,UNKNOWN,NONE,V05C-contexts.csv,SOURCE_PROVED_NOT_YET_ADMITTED
TP07F481,07:EF6E:0:0:1,0x03EF6E,C90000,CMP,IMM_M,UNKNOWN|0|1,0,NONE,V05C-contexts.csv,SOURCE_PROVED_NOT_YET_ADMITTED
TP07F481,07:EF71:0:0:1,0x03EF71,F01C,BEQ,REL8,UNKNOWN,UNKNOWN,NONE,V05C-contexts.csv,SOURCE_PROVED_NOT_YET_ADMITTED
TP07F481,07:EF73:0:0:1,0x03EF73,E000,CPX,IMM_X,UNKNOWN,0,NONE,V05C-contexts.csv,SOURCE_PROVED_NOT_YET_ADMITTED
TP07F481,07:EF75:0:0:1,0x03EF75,F018,BEQ,REL8,UNKNOWN,UNKNOWN,NONE,V05C-contexts.csv,SOURCE_PROVED_NOT_YET_ADMITTED
TP07F481,07:EF77:0:0:1,0x03EF77,8D0442,STA,ABS,UNKNOWN,0,DBR:4204,V05C-contexts.csv,SOURCE_PROVED_NOT_YET_ADMITTED
TP07F481,07:EF7A:0:0:1,0x03EF7A,8E0642,STX,ABS,UNKNOWN,0,DBR:4206,V05C-contexts.csv,SOURCE_PROVED_NOT_YET_ADMITTED
TP07F481,07:EF7D:0:0:1,0x03EF7D,EA,NOP,IMP,UNKNOWN,0,NONE,V05C-contexts.csv,SOURCE_PROVED_NOT_YET_ADMITTED
TP07F481,07:EF7E:0:0:1,0x03EF7E,EA,NOP,IMP,UNKNOWN,0,NONE,V05C-contexts.csv,SOURCE_PROVED_NOT_YET_ADMITTED
TP07F481,07:EF7F:0:0:1,0x03EF7F,EA,NOP,IMP,UNKNOWN,0,NONE,V05C-contexts.csv,SOURCE_PROVED_NOT_YET_ADMITTED
TP07F481,07:EF80:0:0:1,0x03EF80,EA,NOP,IMP,UNKNOWN,0,NONE,V05C-contexts.csv,SOURCE_PROVED_NOT_YET_ADMITTED
TP07F481,07:EF81:0:0:1,0x03EF81,EA,NOP,IMP,UNKNOWN,0,NONE,V05C-contexts.csv,SOURCE_PROVED_NOT_YET_ADMITTED
TP07F481,07:EF82:0:0:1,0x03EF82,EA,NOP,IMP,UNKNOWN,0,NONE,V05C-contexts.csv,SOURCE_PROVED_NOT_YET_ADMITTED
TP07F481,07:EF83:0:0:1,0x03EF83,EA,NOP,IMP,UNKNOWN,0,NONE,V05C-contexts.csv,SOURCE_PROVED_NOT_YET_ADMITTED
TP07F481,07:EF84:0:0:1,0x03EF84,EA,NOP,IMP,UNKNOWN,0,NONE,V05C-contexts.csv,SOURCE_PROVED_NOT_YET_ADMITTED
TP07F481,07:EF85:0:0:1,0x03EF85,C230,REP,IMM8,UNKNOWN,0,NONE,V05C-contexts.csv,SOURCE_PROVED_NOT_YET_ADMITTED
TP07F481,07:EF87:0:0:0,0x03EF87,AD1442,LDA,ABS,UNKNOWN,0,DBR:4214,V05C-contexts.csv,SOURCE_PROVED_NOT_YET_ADMITTED
TP07F481,07:EF8A:0:0:0,0x03EF8A,AE1642,LDX,ABS,UNKNOWN,UNKNOWN,DBR:4216,V05C-contexts.csv,SOURCE_PROVED_NOT_YET_ADMITTED
TP07F481,07:EF8D:0:0:0,0x03EF8D,8006,BRA,REL8,UNKNOWN,UNKNOWN,NONE,V05C-contexts.csv,SOURCE_PROVED_NOT_YET_ADMITTED
TP07F481,07:EF8F:0:0:1,0x03EF8F,C230,REP,IMM8,UNKNOWN,1,NONE,V05C-contexts.csv,SOURCE_PROVED_NOT_YET_ADMITTED
TP07F481,07:EF91:0:0:0,0x03EF91,A90000,LDA,IMM_M,UNKNOWN,1,NONE,V05C-contexts.csv,SOURCE_PROVED_NOT_YET_ADMITTED
TP07F481,07:EF94:0:0:0,0x03EF94,AA,TAX,IMP,UNKNOWN,1,NONE,V05C-contexts.csv,SOURCE_PROVED_NOT_YET_ADMITTED
TP07F481,07:EF95:0:0:0,0x03EF95,8A,TXA,IMP,UNKNOWN,UNKNOWN,NONE,V05C-contexts.csv,SOURCE_PROVED_NOT_YET_ADMITTED
TP07F481,07:EF96:0:0:0,0x03EF96,8D8E07,STA,ABS,UNKNOWN,UNKNOWN,DBR:078E,V05C-contexts.csv,SOURCE_PROVED_NOT_YET_ADMITTED
TP07F481,07:EF99:0:0:0,0x03EF99,AD8A07,LDA,ABS,UNKNOWN,UNKNOWN,DBR:078A,V05C-contexts.csv,SOURCE_PROVED_NOT_YET_ADMITTED
TP07F481,07:EF9C:0:0:0,0x03EF9C,38,SEC,IMP,UNKNOWN,UNKNOWN,NONE,V05C-contexts.csv,SOURCE_PROVED_NOT_YET_ADMITTED
TP07F481,07:EF9D:0:0:0,0x03EF9D,ED8E07,SBC,ABS,1,UNKNOWN,DBR:078E,V05C-contexts.csv,SOURCE_PROVED_NOT_YET_ADMITTED
TP07F481,07:EFA0:0:0:0,0x03EFA0,8D8A07,STA,ABS,UNKNOWN,UNKNOWN,DBR:078A,V05C-contexts.csv,SOURCE_PROVED_NOT_YET_ADMITTED
TP07F481,07:EFA3:0:0:0,0x03EFA3,A05500,LDY,IMM_X,UNKNOWN,UNKNOWN,NONE,V05C-contexts.csv,SOURCE_PROVED_NOT_YET_ADMITTED
TP07F481,07:EFA6:0:0:0,0x03EFA6,B716,LDA,DP_IND_LONG_Y,UNKNOWN,0,NONE,V05C-contexts.csv,SOURCE_PROVED_NOT_YET_ADMITTED
TP07F481,07:EFA8:0:0:0,0x03EFA8,38,SEC,IMP,UNKNOWN,UNKNOWN,NONE,V05C-contexts.csv,SOURCE_PROVED_NOT_YET_ADMITTED
TP07F481,07:EFA9:0:0:0,0x03EFA9,ED8A07,SBC,ABS,1,UNKNOWN,DBR:078A,V05C-contexts.csv,SOURCE_PROVED_NOT_YET_ADMITTED
TP07F481,07:EFAC:0:0:0,0x03EFAC,9716,STA,DP_IND_LONG_Y,UNKNOWN,UNKNOWN,NONE,V05C-contexts.csv,SOURCE_PROVED_NOT_YET_ADMITTED
TP07F481,07:EFAE:0:0:0,0x03EFAE,E230,SEP,IMM8,UNKNOWN,UNKNOWN,NONE,V05C-contexts.csv,SOURCE_PROVED_NOT_YET_ADMITTED
TP07F481,07:EFB0:0:1:1,0x03EFB0,A01B,LDY,IMM_X,UNKNOWN,UNKNOWN,NONE,V05C-contexts.csv,SOURCE_PROVED_NOT_YET_ADMITTED
TP07F481,07:EFB2:0:1:1,0x03EFB2,B71C,LDA,DP_IND_LONG_Y,UNKNOWN,0,NONE,V05C-contexts.csv,SOURCE_PROVED_NOT_YET_ADMITTED
TP07F481,07:EFB4:0:1:1,0x03EFB4,4A,LSR,ACC,UNKNOWN,UNKNOWN,NONE,V05C-contexts.csv,SOURCE_PROVED_NOT_YET_ADMITTED
TP07F481,07:EFB5:0:1:1,0x03EFB5,8D8A07,STA,ABS,UNKNOWN,UNKNOWN,DBR:078A,V05C-contexts.csv,SOURCE_PROVED_NOT_YET_ADMITTED
TP07F481,07:EFB8:0:1:1,0x03EFB8,A053,LDY,IMM_X,UNKNOWN,UNKNOWN,NONE,V05C-contexts.csv,SOURCE_PROVED_NOT_YET_ADMITTED
TP07F481,07:EFBA:0:1:1,0x03EFBA,B716,LDA,DP_IND_LONG_Y,UNKNOWN,0,NONE,V05C-contexts.csv,SOURCE_PROVED_NOT_YET_ADMITTED
TP07F481,07:EFBC:0:1:1,0x03EFBC,18,CLC,IMP,UNKNOWN,UNKNOWN,NONE,V05C-contexts.csv,SOURCE_PROVED_NOT_YET_ADMITTED
TP07F481,07:EFBD:0:1:1,0x03EFBD,6D8A07,ADC,ABS,0,UNKNOWN,DBR:078A,V05C-contexts.csv,SOURCE_PROVED_NOT_YET_ADMITTED
TP07F481,07:EFC0:0:1:1,0x03EFC0,9716,STA,DP_IND_LONG_Y,UNKNOWN,UNKNOWN,NONE,V05C-contexts.csv,SOURCE_PROVED_NOT_YET_ADMITTED
TP07F481,07:EFC2:0:1:1,0x03EFC2,827201,BRL,REL16,UNKNOWN,UNKNOWN,NONE,V05C-contexts.csv,SOURCE_PROVED_NOT_YET_ADMITTED
TP07F481,07:EFC5:0:1:1,0x03EFC5,C902,CMP,IMM_M,UNKNOWN,0,NONE,V05C-contexts.csv,SOURCE_PROVED_NOT_YET_ADMITTED
TP07F481,07:EFC7:0:1:1,0x03EFC7,F003,BEQ,REL8,UNKNOWN,UNKNOWN,NONE,V05C-contexts.csv,SOURCE_PROVED_NOT_YET_ADMITTED
TP07F481,07:EFC9:0:1:1,0x03EFC9,828200,BRL,REL16,UNKNOWN,0,NONE,V05C-contexts.csv,SOURCE_PROVED_NOT_YET_ADMITTED
TP07F481,07:EFCC:0:1:1,0x03EFCC,E210,SEP,IMM8,UNKNOWN,1,NONE,V05C-contexts.csv,SOURCE_PROVED_NOT_YET_ADMITTED
TP07F481,07:EFCE:0:1:1,0x03EFCE,C220,REP,IMM8,UNKNOWN,1,NONE,V05C-contexts.csv,SOURCE_PROVED_NOT_YET_ADMITTED
TP07F481,07:EFD0:0:0:1,0x03EFD0,A01B,LDY,IMM_X,UNKNOWN,1,NONE,V05C-contexts.csv,SOURCE_PROVED_NOT_YET_ADMITTED
TP07F481,07:EFD2:0:0:1,0x03EFD2,B71C,LDA,DP_IND_LONG_Y,UNKNOWN,0,NONE,V05C-contexts.csv,SOURCE_PROVED_NOT_YET_ADMITTED
TP07F481,07:EFD4:0:0:1,0x03EFD4,29FF00,AND,IMM_M,UNKNOWN,UNKNOWN,NONE,V05C-contexts.csv,SOURCE_PROVED_NOT_YET_ADMITTED
TP07F481,07:EFD7:0:0:1,0x03EFD7,8D8A07,STA,ABS,UNKNOWN,UNKNOWN,DBR:078A,V05C-contexts.csv,SOURCE_PROVED_NOT_YET_ADMITTED
TP07F481,07:EFDA:0:0:1,0x03EFDA,A90200,LDA,IMM_M,UNKNOWN,UNKNOWN,NONE,V05C-contexts.csv,SOURCE_PROVED_NOT_YET_ADMITTED
TP07F481,07:EFDD:0:0:1,0x03EFDD,38,SEC,IMP,UNKNOWN,0,NONE,V05C-contexts.csv,SOURCE_PROVED_NOT_YET_ADMITTED
TP07F481,07:EFDE:0:0:1,0x03EFDE,ED8A07,SBC,ABS,1,0,DBR:078A,V05C-contexts.csv,SOURCE_PROVED_NOT_YET_ADMITTED
TP07F481,07:EFE1:0:0:1,0x03EFE1,0A,ASL,ACC,UNKNOWN,UNKNOWN,NONE,V05C-contexts.csv,SOURCE_PROVED_NOT_YET_ADMITTED
TP07F481,07:EFE2:0:0:1,0x03EFE2,0A,ASL,ACC,UNKNOWN,UNKNOWN,NONE,V05C-contexts.csv,SOURCE_PROVED_NOT_YET_ADMITTED
TP07F481,07:EFE3:0:0:1,0x03EFE3,0A,ASL,ACC,UNKNOWN,UNKNOWN,NONE,V05C-contexts.csv,SOURCE_PROVED_NOT_YET_ADMITTED
TP07F481,07:EFE4:0:0:1,0x03EFE4,0A,ASL,ACC,UNKNOWN,UNKNOWN,NONE,V05C-contexts.csv,SOURCE_PROVED_NOT_YET_ADMITTED
TP07F481,07:EFE5:0:0:1,0x03EFE5,0A,ASL,ACC,UNKNOWN,UNKNOWN,NONE,V05C-contexts.csv,SOURCE_PROVED_NOT_YET_ADMITTED
TP07F481,07:EFE6:0:0:1,0x03EFE6,18,CLC,IMP,UNKNOWN,UNKNOWN,NONE,V05C-contexts.csv,SOURCE_PROVED_NOT_YET_ADMITTED
TP07F481,07:EFE7:0:0:1,0x03EFE7,690800,ADC,IMM_M,0,UNKNOWN,NONE,V05C-contexts.csv,SOURCE_PROVED_NOT_YET_ADMITTED
TP07F481,07:EFEA:0:0:1,0x03EFEA,8D8A07,STA,ABS,UNKNOWN,UNKNOWN,DBR:078A,V05C-contexts.csv,SOURCE_PROVED_NOT_YET_ADMITTED
TP07F481,07:EFED:0:0:1,0x03EFED,22DA8707,JSL,ABSL_JUMP,UNKNOWN,UNKNOWN,NONE,V05C-contexts.csv,SOURCE_PROVED_NOT_YET_ADMITTED
TP07F481,07:EFF1:0:0:1,0x03EFF1,E210,SEP,IMM8,UNKNOWN|0|1,UNKNOWN,NONE,V05C-contexts.csv,SOURCE_PROVED_NOT_YET_ADMITTED
TP07F481,07:EFF3:0:0:1,0x03EFF3,C220,REP,IMM8,UNKNOWN|0|1,UNKNOWN,NONE,V05C-contexts.csv,SOURCE_PROVED_NOT_YET_ADMITTED
TP07F481,07:EFF5:0:0:1,0x03EFF5,A210,LDX,IMM_X,UNKNOWN|0|1,UNKNOWN,NONE,V05C-contexts.csv,SOURCE_PROVED_NOT_YET_ADMITTED
TP07F481,07:EFF7:0:0:1,0x03EFF7,C90000,CMP,IMM_M,UNKNOWN|0|1,0,NONE,V05C-contexts.csv,SOURCE_PROVED_NOT_YET_ADMITTED
TP07F481,07:EFFA:0:0:1,0x03EFFA,F01C,BEQ,REL8,UNKNOWN,UNKNOWN,NONE,V05C-contexts.csv,SOURCE_PROVED_NOT_YET_ADMITTED
TP07F481,07:EFFC:0:0:1,0x03EFFC,E000,CPX,IMM_X,UNKNOWN,0,NONE,V05C-contexts.csv,SOURCE_PROVED_NOT_YET_ADMITTED
TP07F481,07:EFFE:0:0:1,0x03EFFE,F018,BEQ,REL8,UNKNOWN,UNKNOWN,NONE,V05C-contexts.csv,SOURCE_PROVED_NOT_YET_ADMITTED
TP07F481,07:F000:0:0:1,0x03F000,8D0442,STA,ABS,UNKNOWN,0,DBR:4204,V05C-contexts.csv,SOURCE_PROVED_NOT_YET_ADMITTED
TP07F481,07:F003:0:0:1,0x03F003,8E0642,STX,ABS,UNKNOWN,0,DBR:4206,V05C-contexts.csv,SOURCE_PROVED_NOT_YET_ADMITTED
TP07F481,07:F006:0:0:1,0x03F006,EA,NOP,IMP,UNKNOWN,0,NONE,V05C-contexts.csv,SOURCE_PROVED_NOT_YET_ADMITTED
TP07F481,07:F007:0:0:1,0x03F007,EA,NOP,IMP,UNKNOWN,0,NONE,V05C-contexts.csv,SOURCE_PROVED_NOT_YET_ADMITTED
TP07F481,07:F008:0:0:1,0x03F008,EA,NOP,IMP,UNKNOWN,0,NONE,V05C-contexts.csv,SOURCE_PROVED_NOT_YET_ADMITTED
TP07F481,07:F009:0:0:1,0x03F009,EA,NOP,IMP,UNKNOWN,0,NONE,V05C-contexts.csv,SOURCE_PROVED_NOT_YET_ADMITTED
TP07F481,07:F00A:0:0:1,0x03F00A,EA,NOP,IMP,UNKNOWN,0,NONE,V05C-contexts.csv,SOURCE_PROVED_NOT_YET_ADMITTED
TP07F481,07:F00B:0:0:1,0x03F00B,EA,NOP,IMP,UNKNOWN,0,NONE,V05C-contexts.csv,SOURCE_PROVED_NOT_YET_ADMITTED
TP07F481,07:F00C:0:0:1,0x03F00C,EA,NOP,IMP,UNKNOWN,0,NONE,V05C-contexts.csv,SOURCE_PROVED_NOT_YET_ADMITTED
TP07F481,07:F00D:0:0:1,0x03F00D,EA,NOP,IMP,UNKNOWN,0,NONE,V05C-contexts.csv,SOURCE_PROVED_NOT_YET_ADMITTED
TP07F481,07:F00E:0:0:1,0x03F00E,C230,REP,IMM8,UNKNOWN,0,NONE,V05C-contexts.csv,SOURCE_PROVED_NOT_YET_ADMITTED
TP07F481,07:F010:0:0:0,0x03F010,AD1442,LDA,ABS,UNKNOWN,0,DBR:4214,V05C-contexts.csv,SOURCE_PROVED_NOT_YET_ADMITTED
TP07F481,07:F013:0:0:0,0x03F013,AE1642,LDX,ABS,UNKNOWN,UNKNOWN,DBR:4216,V05C-contexts.csv,SOURCE_PROVED_NOT_YET_ADMITTED
TP07F481,07:F016:0:0:0,0x03F016,8006,BRA,REL8,UNKNOWN,UNKNOWN,NONE,V05C-contexts.csv,SOURCE_PROVED_NOT_YET_ADMITTED
TP07F481,07:F018:0:0:1,0x03F018,C230,REP,IMM8,UNKNOWN,1,NONE,V05C-contexts.csv,SOURCE_PROVED_NOT_YET_ADMITTED
TP07F481,07:F01A:0:0:0,0x03F01A,A90000,LDA,IMM_M,UNKNOWN,1,NONE,V05C-contexts.csv,SOURCE_PROVED_NOT_YET_ADMITTED
TP07F481,07:F01D:0:0:0,0x03F01D,AA,TAX,IMP,UNKNOWN,1,NONE,V05C-contexts.csv,SOURCE_PROVED_NOT_YET_ADMITTED
TP07F481,07:F01E:0:0:0,0x03F01E,8A,TXA,IMP,UNKNOWN,UNKNOWN,NONE,V05C-contexts.csv,SOURCE_PROVED_NOT_YET_ADMITTED
TP07F481,07:F01F:0:0:0,0x03F01F,8D8E07,STA,ABS,UNKNOWN,UNKNOWN,DBR:078E,V05C-contexts.csv,SOURCE_PROVED_NOT_YET_ADMITTED
TP07F481,07:F022:0:0:0,0x03F022,AD8A07,LDA,ABS,UNKNOWN,UNKNOWN,DBR:078A,V05C-contexts.csv,SOURCE_PROVED_NOT_YET_ADMITTED
TP07F481,07:F025:0:0:0,0x03F025,38,SEC,IMP,UNKNOWN,UNKNOWN,NONE,V05C-contexts.csv,SOURCE_PROVED_NOT_YET_ADMITTED
TP07F481,07:F026:0:0:0,0x03F026,ED8E07,SBC,ABS,1,UNKNOWN,DBR:078E,V05C-contexts.csv,SOURCE_PROVED_NOT_YET_ADMITTED
TP07F481,07:F029:0:0:0,0x03F029,8D8A07,STA,ABS,UNKNOWN,UNKNOWN,DBR:078A,V05C-contexts.csv,SOURCE_PROVED_NOT_YET_ADMITTED
TP07F481,07:F02C:0:0:0,0x03F02C,A05500,LDY,IMM_X,UNKNOWN,UNKNOWN,NONE,V05C-contexts.csv,SOURCE_PROVED_NOT_YET_ADMITTED
TP07F481,07:F02F:0:0:0,0x03F02F,B716,LDA,DP_IND_LONG_Y,UNKNOWN,0,NONE,V05C-contexts.csv,SOURCE_PROVED_NOT_YET_ADMITTED
TP07F481,07:F031:0:0:0,0x03F031,38,SEC,IMP,UNKNOWN,UNKNOWN,NONE,V05C-contexts.csv,SOURCE_PROVED_NOT_YET_ADMITTED
TP07F481,07:F032:0:0:0,0x03F032,ED8A07,SBC,ABS,1,UNKNOWN,DBR:078A,V05C-contexts.csv,SOURCE_PROVED_NOT_YET_ADMITTED
TP07F481,07:F035:0:0:0,0x03F035,9716,STA,DP_IND_LONG_Y,UNKNOWN,UNKNOWN,NONE,V05C-contexts.csv,SOURCE_PROVED_NOT_YET_ADMITTED
TP07F481,07:F037:0:0:0,0x03F037,E230,SEP,IMM8,UNKNOWN,UNKNOWN,NONE,V05C-contexts.csv,SOURCE_PROVED_NOT_YET_ADMITTED
TP07F481,07:F039:0:1:1,0x03F039,A01B,LDY,IMM_X,UNKNOWN,UNKNOWN,NONE,V05C-contexts.csv,SOURCE_PROVED_NOT_YET_ADMITTED
TP07F481,07:F03B:0:1:1,0x03F03B,B71C,LDA,DP_IND_LONG_Y,UNKNOWN,0,NONE,V05C-contexts.csv,SOURCE_PROVED_NOT_YET_ADMITTED
TP07F481,07:F03D:0:1:1,0x03F03D,4A,LSR,ACC,UNKNOWN,UNKNOWN,NONE,V05C-contexts.csv,SOURCE_PROVED_NOT_YET_ADMITTED
TP07F481,07:F03E:0:1:1,0x03F03E,8D8A07,STA,ABS,UNKNOWN,UNKNOWN,DBR:078A,V05C-contexts.csv,SOURCE_PROVED_NOT_YET_ADMITTED
TP07F481,07:F041:0:1:1,0x03F041,A052,LDY,IMM_X,UNKNOWN,UNKNOWN,NONE,V05C-contexts.csv,SOURCE_PROVED_NOT_YET_ADMITTED
TP07F481,07:F043:0:1:1,0x03F043,B716,LDA,DP_IND_LONG_Y,UNKNOWN,0,NONE,V05C-contexts.csv,SOURCE_PROVED_NOT_YET_ADMITTED
TP07F481,07:F045:0:1:1,0x03F045,38,SEC,IMP,UNKNOWN,UNKNOWN,NONE,V05C-contexts.csv,SOURCE_PROVED_NOT_YET_ADMITTED
TP07F481,07:F046:0:1:1,0x03F046,ED8A07,SBC,ABS,1,UNKNOWN,DBR:078A,V05C-contexts.csv,SOURCE_PROVED_NOT_YET_ADMITTED
TP07F481,07:F049:0:1:1,0x03F049,9716,STA,DP_IND_LONG_Y,UNKNOWN,UNKNOWN,NONE,V05C-contexts.csv,SOURCE_PROVED_NOT_YET_ADMITTED
TP07F481,07:F04B:0:1:1,0x03F04B,82E900,BRL,REL16,UNKNOWN,UNKNOWN,NONE,V05C-contexts.csv,SOURCE_PROVED_NOT_YET_ADMITTED
TP07F481,07:F04E:0:1:1,0x03F04E,C903,CMP,IMM_M,UNKNOWN,0,NONE,V05C-contexts.csv,SOURCE_PROVED_NOT_YET_ADMITTED
TP07F481,07:F050:0:1:1,0x03F050,F003,BEQ,REL8,UNKNOWN,UNKNOWN,NONE,V05C-contexts.csv,SOURCE_PROVED_NOT_YET_ADMITTED
TP07F481,07:F052:0:1:1,0x03F052,828200,BRL,REL16,UNKNOWN,0,NONE,V05C-contexts.csv,SOURCE_PROVED_NOT_YET_ADMITTED
TP07F481,07:F055:0:1:1,0x03F055,E210,SEP,IMM8,UNKNOWN,1,NONE,V05C-contexts.csv,SOURCE_PROVED_NOT_YET_ADMITTED
TP07F481,07:F057:0:1:1,0x03F057,C220,REP,IMM8,UNKNOWN,1,NONE,V05C-contexts.csv,SOURCE_PROVED_NOT_YET_ADMITTED
TP07F481,07:F059:0:0:1,0x03F059,A01B,LDY,IMM_X,UNKNOWN,1,NONE,V05C-contexts.csv,SOURCE_PROVED_NOT_YET_ADMITTED
TP07F481,07:F05B:0:0:1,0x03F05B,B71C,LDA,DP_IND_LONG_Y,UNKNOWN,0,NONE,V05C-contexts.csv,SOURCE_PROVED_NOT_YET_ADMITTED
TP07F481,07:F05D:0:0:1,0x03F05D,29FF00,AND,IMM_M,UNKNOWN,UNKNOWN,NONE,V05C-contexts.csv,SOURCE_PROVED_NOT_YET_ADMITTED
TP07F481,07:F060:0:0:1,0x03F060,8D8A07,STA,ABS,UNKNOWN,UNKNOWN,DBR:078A,V05C-contexts.csv,SOURCE_PROVED_NOT_YET_ADMITTED
TP07F481,07:F063:0:0:1,0x03F063,A90100,LDA,IMM_M,UNKNOWN,UNKNOWN,NONE,V05C-contexts.csv,SOURCE_PROVED_NOT_YET_ADMITTED
TP07F481,07:F066:0:0:1,0x03F066,38,SEC,IMP,UNKNOWN,0,NONE,V05C-contexts.csv,SOURCE_PROVED_NOT_YET_ADMITTED
TP07F481,07:F067:0:0:1,0x03F067,ED8A07,SBC,ABS,1,0,DBR:078A,V05C-contexts.csv,SOURCE_PROVED_NOT_YET_ADMITTED
TP07F481,07:F06A:0:0:1,0x03F06A,0A,ASL,ACC,UNKNOWN,UNKNOWN,NONE,V05C-contexts.csv,SOURCE_PROVED_NOT_YET_ADMITTED
TP07F481,07:F06B:0:0:1,0x03F06B,0A,ASL,ACC,UNKNOWN,UNKNOWN,NONE,V05C-contexts.csv,SOURCE_PROVED_NOT_YET_ADMITTED
TP07F481,07:F06C:0:0:1,0x03F06C,0A,ASL,ACC,UNKNOWN,UNKNOWN,NONE,V05C-contexts.csv,SOURCE_PROVED_NOT_YET_ADMITTED
TP07F481,07:F06D:0:0:1,0x03F06D,0A,ASL,ACC,UNKNOWN,UNKNOWN,NONE,V05C-contexts.csv,SOURCE_PROVED_NOT_YET_ADMITTED
TP07F481,07:F06E:0:0:1,0x03F06E,0A,ASL,ACC,UNKNOWN,UNKNOWN,NONE,V05C-contexts.csv,SOURCE_PROVED_NOT_YET_ADMITTED
TP07F481,07:F06F:0:0:1,0x03F06F,18,CLC,IMP,UNKNOWN,UNKNOWN,NONE,V05C-contexts.csv,SOURCE_PROVED_NOT_YET_ADMITTED
TP07F481,07:F070:0:0:1,0x03F070,690800,ADC,IMM_M,0,UNKNOWN,NONE,V05C-contexts.csv,SOURCE_PROVED_NOT_YET_ADMITTED
TP07F481,07:F073:0:0:1,0x03F073,8D8A07,STA,ABS,UNKNOWN,UNKNOWN,DBR:078A,V05C-contexts.csv,SOURCE_PROVED_NOT_YET_ADMITTED
TP07F481,07:F076:0:0:1,0x03F076,22DA8707,JSL,ABSL_JUMP,UNKNOWN,UNKNOWN,NONE,V05C-contexts.csv,SOURCE_PROVED_NOT_YET_ADMITTED
TP07F481,07:F07A:0:0:1,0x03F07A,E210,SEP,IMM8,UNKNOWN|0|1,UNKNOWN,NONE,V05C-contexts.csv,SOURCE_PROVED_NOT_YET_ADMITTED
TP07F481,07:F07C:0:0:1,0x03F07C,C220,REP,IMM8,UNKNOWN|0|1,UNKNOWN,NONE,V05C-contexts.csv,SOURCE_PROVED_NOT_YET_ADMITTED
TP07F481,07:F07E:0:0:1,0x03F07E,A210,LDX,IMM_X,UNKNOWN|0|1,UNKNOWN,NONE,V05C-contexts.csv,SOURCE_PROVED_NOT_YET_ADMITTED
TP07F481,07:F080:0:0:1,0x03F080,C90000,CMP,IMM_M,UNKNOWN|0|1,0,NONE,V05C-contexts.csv,SOURCE_PROVED_NOT_YET_ADMITTED
TP07F481,07:F083:0:0:1,0x03F083,F01C,BEQ,REL8,UNKNOWN,UNKNOWN,NONE,V05C-contexts.csv,SOURCE_PROVED_NOT_YET_ADMITTED
TP07F481,07:F085:0:0:1,0x03F085,E000,CPX,IMM_X,UNKNOWN,0,NONE,V05C-contexts.csv,SOURCE_PROVED_NOT_YET_ADMITTED
TP07F481,07:F087:0:0:1,0x03F087,F018,BEQ,REL8,UNKNOWN,UNKNOWN,NONE,V05C-contexts.csv,SOURCE_PROVED_NOT_YET_ADMITTED
TP07F481,07:F089:0:0:1,0x03F089,8D0442,STA,ABS,UNKNOWN,0,DBR:4204,V05C-contexts.csv,SOURCE_PROVED_NOT_YET_ADMITTED
TP07F481,07:F08C:0:0:1,0x03F08C,8E0642,STX,ABS,UNKNOWN,0,DBR:4206,V05C-contexts.csv,SOURCE_PROVED_NOT_YET_ADMITTED
TP07F481,07:F08F:0:0:1,0x03F08F,EA,NOP,IMP,UNKNOWN,0,NONE,V05C-contexts.csv,SOURCE_PROVED_NOT_YET_ADMITTED
TP07F481,07:F090:0:0:1,0x03F090,EA,NOP,IMP,UNKNOWN,0,NONE,V05C-contexts.csv,SOURCE_PROVED_NOT_YET_ADMITTED
TP07F481,07:F091:0:0:1,0x03F091,EA,NOP,IMP,UNKNOWN,0,NONE,V05C-contexts.csv,SOURCE_PROVED_NOT_YET_ADMITTED
TP07F481,07:F092:0:0:1,0x03F092,EA,NOP,IMP,UNKNOWN,0,NONE,V05C-contexts.csv,SOURCE_PROVED_NOT_YET_ADMITTED
TP07F481,07:F093:0:0:1,0x03F093,EA,NOP,IMP,UNKNOWN,0,NONE,V05C-contexts.csv,SOURCE_PROVED_NOT_YET_ADMITTED
TP07F481,07:F094:0:0:1,0x03F094,EA,NOP,IMP,UNKNOWN,0,NONE,V05C-contexts.csv,SOURCE_PROVED_NOT_YET_ADMITTED
TP07F481,07:F095:0:0:1,0x03F095,EA,NOP,IMP,UNKNOWN,0,NONE,V05C-contexts.csv,SOURCE_PROVED_NOT_YET_ADMITTED
TP07F481,07:F096:0:0:1,0x03F096,EA,NOP,IMP,UNKNOWN,0,NONE,V05C-contexts.csv,SOURCE_PROVED_NOT_YET_ADMITTED
TP07F481,07:F097:0:0:1,0x03F097,C230,REP,IMM8,UNKNOWN,0,NONE,V05C-contexts.csv,SOURCE_PROVED_NOT_YET_ADMITTED
TP07F481,07:F099:0:0:0,0x03F099,AD1442,LDA,ABS,UNKNOWN,0,DBR:4214,V05C-contexts.csv,SOURCE_PROVED_NOT_YET_ADMITTED
TP07F481,07:F09C:0:0:0,0x03F09C,AE1642,LDX,ABS,UNKNOWN,UNKNOWN,DBR:4216,V05C-contexts.csv,SOURCE_PROVED_NOT_YET_ADMITTED
TP07F481,07:F09F:0:0:0,0x03F09F,8006,BRA,REL8,UNKNOWN,UNKNOWN,NONE,V05C-contexts.csv,SOURCE_PROVED_NOT_YET_ADMITTED
TP07F481,07:F0A1:0:0:1,0x03F0A1,C230,REP,IMM8,UNKNOWN,1,NONE,V05C-contexts.csv,SOURCE_PROVED_NOT_YET_ADMITTED
TP07F481,07:F0A3:0:0:0,0x03F0A3,A90000,LDA,IMM_M,UNKNOWN,1,NONE,V05C-contexts.csv,SOURCE_PROVED_NOT_YET_ADMITTED
TP07F481,07:F0A6:0:0:0,0x03F0A6,AA,TAX,IMP,UNKNOWN,1,NONE,V05C-contexts.csv,SOURCE_PROVED_NOT_YET_ADMITTED
TP07F481,07:F0A7:0:0:0,0x03F0A7,8A,TXA,IMP,UNKNOWN,UNKNOWN,NONE,V05C-contexts.csv,SOURCE_PROVED_NOT_YET_ADMITTED
TP07F481,07:F0A8:0:0:0,0x03F0A8,8D8E07,STA,ABS,UNKNOWN,UNKNOWN,DBR:078E,V05C-contexts.csv,SOURCE_PROVED_NOT_YET_ADMITTED
TP07F481,07:F0AB:0:0:0,0x03F0AB,AD8A07,LDA,ABS,UNKNOWN,UNKNOWN,DBR:078A,V05C-contexts.csv,SOURCE_PROVED_NOT_YET_ADMITTED
TP07F481,07:F0AE:0:0:0,0x03F0AE,38,SEC,IMP,UNKNOWN,UNKNOWN,NONE,V05C-contexts.csv,SOURCE_PROVED_NOT_YET_ADMITTED
TP07F481,07:F0AF:0:0:0,0x03F0AF,ED8E07,SBC,ABS,1,UNKNOWN,DBR:078E,V05C-contexts.csv,SOURCE_PROVED_NOT_YET_ADMITTED
TP07F481,07:F0B2:0:0:0,0x03F0B2,8D8A07,STA,ABS,UNKNOWN,UNKNOWN,DBR:078A,V05C-contexts.csv,SOURCE_PROVED_NOT_YET_ADMITTED
TP07F481,07:F0B5:0:0:0,0x03F0B5,A05500,LDY,IMM_X,UNKNOWN,UNKNOWN,NONE,V05C-contexts.csv,SOURCE_PROVED_NOT_YET_ADMITTED
TP07F481,07:F0B8:0:0:0,0x03F0B8,B716,LDA,DP_IND_LONG_Y,UNKNOWN,0,NONE,V05C-contexts.csv,SOURCE_PROVED_NOT_YET_ADMITTED
TP07F481,07:F0BA:0:0:0,0x03F0BA,38,SEC,IMP,UNKNOWN,UNKNOWN,NONE,V05C-contexts.csv,SOURCE_PROVED_NOT_YET_ADMITTED
TP07F481,07:F0BB:0:0:0,0x03F0BB,ED8A07,SBC,ABS,1,UNKNOWN,DBR:078A,V05C-contexts.csv,SOURCE_PROVED_NOT_YET_ADMITTED
TP07F481,07:F0BE:0:0:0,0x03F0BE,9716,STA,DP_IND_LONG_Y,UNKNOWN,UNKNOWN,NONE,V05C-contexts.csv,SOURCE_PROVED_NOT_YET_ADMITTED
TP07F481,07:F0C0:0:0:0,0x03F0C0,E230,SEP,IMM8,UNKNOWN,UNKNOWN,NONE,V05C-contexts.csv,SOURCE_PROVED_NOT_YET_ADMITTED
TP07F481,07:F0C2:0:1:1,0x03F0C2,A01B,LDY,IMM_X,UNKNOWN,UNKNOWN,NONE,V05C-contexts.csv,SOURCE_PROVED_NOT_YET_ADMITTED
TP07F481,07:F0C4:0:1:1,0x03F0C4,B71C,LDA,DP_IND_LONG_Y,UNKNOWN,0,NONE,V05C-contexts.csv,SOURCE_PROVED_NOT_YET_ADMITTED
TP07F481,07:F0C6:0:1:1,0x03F0C6,4A,LSR,ACC,UNKNOWN,UNKNOWN,NONE,V05C-contexts.csv,SOURCE_PROVED_NOT_YET_ADMITTED
TP07F481,07:F0C7:0:1:1,0x03F0C7,8D8A07,STA,ABS,UNKNOWN,UNKNOWN,DBR:078A,V05C-contexts.csv,SOURCE_PROVED_NOT_YET_ADMITTED
TP07F481,07:F0CA:0:1:1,0x03F0CA,A053,LDY,IMM_X,UNKNOWN,UNKNOWN,NONE,V05C-contexts.csv,SOURCE_PROVED_NOT_YET_ADMITTED
TP07F481,07:F0CC:0:1:1,0x03F0CC,B716,LDA,DP_IND_LONG_Y,UNKNOWN,0,NONE,V05C-contexts.csv,SOURCE_PROVED_NOT_YET_ADMITTED
TP07F481,07:F0CE:0:1:1,0x03F0CE,38,SEC,IMP,UNKNOWN,UNKNOWN,NONE,V05C-contexts.csv,SOURCE_PROVED_NOT_YET_ADMITTED
TP07F481,07:F0CF:0:1:1,0x03F0CF,ED8A07,SBC,ABS,1,UNKNOWN,DBR:078A,V05C-contexts.csv,SOURCE_PROVED_NOT_YET_ADMITTED
TP07F481,07:F0D2:0:1:1,0x03F0D2,9716,STA,DP_IND_LONG_Y,UNKNOWN,UNKNOWN,NONE,V05C-contexts.csv,SOURCE_PROVED_NOT_YET_ADMITTED
TP07F481,07:F0D4:0:1:1,0x03F0D4,826000,BRL,REL16,UNKNOWN,UNKNOWN,NONE,V05C-contexts.csv,SOURCE_PROVED_NOT_YET_ADMITTED
TP07F481,07:F0D7:0:1:1,0x03F0D7,C904,CMP,IMM_M,UNKNOWN,0,NONE,V05C-contexts.csv,SOURCE_PROVED_NOT_YET_ADMITTED
TP07F481,07:F0D9:0:1:1,0x03F0D9,F003,BEQ,REL8,UNKNOWN,UNKNOWN,NONE,V05C-contexts.csv,SOURCE_PROVED_NOT_YET_ADMITTED
TP07F481,07:F0DB:0:1:1,0x03F0DB,825900,BRL,REL16,UNKNOWN,0,NONE,V05C-contexts.csv,SOURCE_PROVED_NOT_YET_ADMITTED
TP07F481,07:F0DE:0:1:1,0x03F0DE,E210,SEP,IMM8,UNKNOWN,1,NONE,V05C-contexts.csv,SOURCE_PROVED_NOT_YET_ADMITTED
TP07F481,07:F0E0:0:1:1,0x03F0E0,C220,REP,IMM8,UNKNOWN,1,NONE,V05C-contexts.csv,SOURCE_PROVED_NOT_YET_ADMITTED
TP07F481,07:F0E2:0:0:1,0x03F0E2,A01B,LDY,IMM_X,UNKNOWN,1,NONE,V05C-contexts.csv,SOURCE_PROVED_NOT_YET_ADMITTED
TP07F481,07:F0E4:0:0:1,0x03F0E4,B71C,LDA,DP_IND_LONG_Y,UNKNOWN,0,NONE,V05C-contexts.csv,SOURCE_PROVED_NOT_YET_ADMITTED
TP07F481,07:F0E6:0:0:1,0x03F0E6,29FF00,AND,IMM_M,UNKNOWN,UNKNOWN,NONE,V05C-contexts.csv,SOURCE_PROVED_NOT_YET_ADMITTED
TP07F481,07:F0E9:0:0:1,0x03F0E9,8D8A07,STA,ABS,UNKNOWN,UNKNOWN,DBR:078A,V05C-contexts.csv,SOURCE_PROVED_NOT_YET_ADMITTED
TP07F481,07:F0EC:0:0:1,0x03F0EC,A90200,LDA,IMM_M,UNKNOWN,UNKNOWN,NONE,V05C-contexts.csv,SOURCE_PROVED_NOT_YET_ADMITTED
TP07F481,07:F0EF:0:0:1,0x03F0EF,38,SEC,IMP,UNKNOWN,0,NONE,V05C-contexts.csv,SOURCE_PROVED_NOT_YET_ADMITTED
TP07F481,07:F0F0:0:0:1,0x03F0F0,ED8A07,SBC,ABS,1,0,DBR:078A,V05C-contexts.csv,SOURCE_PROVED_NOT_YET_ADMITTED
TP07F481,07:F0F3:0:0:1,0x03F0F3,0A,ASL,ACC,UNKNOWN,UNKNOWN,NONE,V05C-contexts.csv,SOURCE_PROVED_NOT_YET_ADMITTED
TP07F481,07:F0F4:0:0:1,0x03F0F4,0A,ASL,ACC,UNKNOWN,UNKNOWN,NONE,V05C-contexts.csv,SOURCE_PROVED_NOT_YET_ADMITTED
TP07F481,07:F0F5:0:0:1,0x03F0F5,0A,ASL,ACC,UNKNOWN,UNKNOWN,NONE,V05C-contexts.csv,SOURCE_PROVED_NOT_YET_ADMITTED
TP07F481,07:F0F6:0:0:1,0x03F0F6,0A,ASL,ACC,UNKNOWN,UNKNOWN,NONE,V05C-contexts.csv,SOURCE_PROVED_NOT_YET_ADMITTED
TP07F481,07:F0F7:0:0:1,0x03F0F7,0A,ASL,ACC,UNKNOWN,UNKNOWN,NONE,V05C-contexts.csv,SOURCE_PROVED_NOT_YET_ADMITTED
TP07F481,07:F0F8:0:0:1,0x03F0F8,18,CLC,IMP,UNKNOWN,UNKNOWN,NONE,V05C-contexts.csv,SOURCE_PROVED_NOT_YET_ADMITTED
TP07F481,07:F0F9:0:0:1,0x03F0F9,690800,ADC,IMM_M,0,UNKNOWN,NONE,V05C-contexts.csv,SOURCE_PROVED_NOT_YET_ADMITTED
TP07F481,07:F0FC:0:0:1,0x03F0FC,8D8A07,STA,ABS,UNKNOWN,UNKNOWN,DBR:078A,V05C-contexts.csv,SOURCE_PROVED_NOT_YET_ADMITTED
TP07F481,07:F0FF:0:0:1,0x03F0FF,22DA8707,JSL,ABSL_JUMP,UNKNOWN,UNKNOWN,NONE,V05C-contexts.csv,SOURCE_PROVED_NOT_YET_ADMITTED
TP07F481,07:F103:0:0:1,0x03F103,C230,REP,IMM8,UNKNOWN|0|1,UNKNOWN,NONE,V05C-contexts.csv,SOURCE_PROVED_NOT_YET_ADMITTED
TP07F481,07:F105:0:0:0,0x03F105,290F00,AND,IMM_M,UNKNOWN|0|1,UNKNOWN,NONE,V05C-contexts.csv,SOURCE_PROVED_NOT_YET_ADMITTED
TP07F481,07:F108:0:0:0,0x03F108,8D8E07,STA,ABS,UNKNOWN|0|1,UNKNOWN,DBR:078E,V05C-contexts.csv,SOURCE_PROVED_NOT_YET_ADMITTED
TP07F481,07:F10B:0:0:0,0x03F10B,AD8A07,LDA,ABS,UNKNOWN|0|1,UNKNOWN,DBR:078A,V05C-contexts.csv,SOURCE_PROVED_NOT_YET_ADMITTED
TP07F481,07:F10E:0:0:0,0x03F10E,38,SEC,IMP,UNKNOWN|0|1,UNKNOWN,NONE,V05C-contexts.csv,SOURCE_PROVED_NOT_YET_ADMITTED
TP07F481,07:F10F:0:0:0,0x03F10F,ED8E07,SBC,ABS,1,UNKNOWN,DBR:078E,V05C-contexts.csv,SOURCE_PROVED_NOT_YET_ADMITTED
TP07F481,07:F112:0:0:0,0x03F112,8D8A07,STA,ABS,UNKNOWN,UNKNOWN,DBR:078A,V05C-contexts.csv,SOURCE_PROVED_NOT_YET_ADMITTED
TP07F481,07:F115:0:0:0,0x03F115,A05500,LDY,IMM_X,UNKNOWN,UNKNOWN,NONE,V05C-contexts.csv,SOURCE_PROVED_NOT_YET_ADMITTED
TP07F481,07:F118:0:0:0,0x03F118,B716,LDA,DP_IND_LONG_Y,UNKNOWN,0,NONE,V05C-contexts.csv,SOURCE_PROVED_NOT_YET_ADMITTED
TP07F481,07:F11A:0:0:0,0x03F11A,38,SEC,IMP,UNKNOWN,UNKNOWN,NONE,V05C-contexts.csv,SOURCE_PROVED_NOT_YET_ADMITTED
TP07F481,07:F11B:0:0:0,0x03F11B,ED8A07,SBC,ABS,1,UNKNOWN,DBR:078A,V05C-contexts.csv,SOURCE_PROVED_NOT_YET_ADMITTED
TP07F481,07:F11E:0:0:0,0x03F11E,9716,STA,DP_IND_LONG_Y,UNKNOWN,UNKNOWN,NONE,V05C-contexts.csv,SOURCE_PROVED_NOT_YET_ADMITTED
TP07F481,07:F120:0:0:0,0x03F120,E230,SEP,IMM8,UNKNOWN,UNKNOWN,NONE,V05C-contexts.csv,SOURCE_PROVED_NOT_YET_ADMITTED
TP07F481,07:F122:0:1:1,0x03F122,A01B,LDY,IMM_X,UNKNOWN,UNKNOWN,NONE,V05C-contexts.csv,SOURCE_PROVED_NOT_YET_ADMITTED
TP07F481,07:F124:0:1:1,0x03F124,B71C,LDA,DP_IND_LONG_Y,UNKNOWN,0,NONE,V05C-contexts.csv,SOURCE_PROVED_NOT_YET_ADMITTED
TP07F481,07:F126:0:1:1,0x03F126,4A,LSR,ACC,UNKNOWN,UNKNOWN,NONE,V05C-contexts.csv,SOURCE_PROVED_NOT_YET_ADMITTED
TP07F481,07:F127:0:1:1,0x03F127,8D8A07,STA,ABS,UNKNOWN,UNKNOWN,DBR:078A,V05C-contexts.csv,SOURCE_PROVED_NOT_YET_ADMITTED
TP07F481,07:F12A:0:1:1,0x03F12A,A052,LDY,IMM_X,UNKNOWN,UNKNOWN,NONE,V05C-contexts.csv,SOURCE_PROVED_NOT_YET_ADMITTED
TP07F481,07:F12C:0:1:1,0x03F12C,B716,LDA,DP_IND_LONG_Y,UNKNOWN,0,NONE,V05C-contexts.csv,SOURCE_PROVED_NOT_YET_ADMITTED
TP07F481,07:F12E:0:1:1,0x03F12E,38,SEC,IMP,UNKNOWN,UNKNOWN,NONE,V05C-contexts.csv,SOURCE_PROVED_NOT_YET_ADMITTED
TP07F481,07:F12F:0:1:1,0x03F12F,ED8A07,SBC,ABS,1,UNKNOWN,DBR:078A,V05C-contexts.csv,SOURCE_PROVED_NOT_YET_ADMITTED
TP07F481,07:F132:0:1:1,0x03F132,9716,STA,DP_IND_LONG_Y,UNKNOWN,UNKNOWN,NONE,V05C-contexts.csv,SOURCE_PROVED_NOT_YET_ADMITTED
TP07F481,07:F134:0:1:1,0x03F134,820000,BRL,REL16,UNKNOWN,UNKNOWN,NONE,V05C-contexts.csv,SOURCE_PROVED_NOT_YET_ADMITTED
TP07F481,07:F137:0:1:1,0x03F137,E210,SEP,IMM8,UNKNOWN,UNKNOWN|0,NONE,V05C-contexts.csv,SOURCE_PROVED_NOT_YET_ADMITTED
TP07F481,07:F139:0:1:1,0x03F139,C220,REP,IMM8,UNKNOWN,UNKNOWN|0,NONE,V05C-contexts.csv,SOURCE_PROVED_NOT_YET_ADMITTED
TP07F481,07:F13B:0:0:1,0x03F13B,A018,LDY,IMM_X,UNKNOWN,UNKNOWN|0,NONE,V05C-contexts.csv,SOURCE_PROVED_NOT_YET_ADMITTED
TP07F481,07:F13D:0:0:1,0x03F13D,B719,LDA,DP_IND_LONG_Y,UNKNOWN,0,NONE,V05C-contexts.csv,SOURCE_PROVED_NOT_YET_ADMITTED
TP07F481,07:F13F:0:0:1,0x03F13F,1A,INC,ACC,UNKNOWN,UNKNOWN,NONE,V05C-contexts.csv,SOURCE_PROVED_NOT_YET_ADMITTED
TP07F481,07:F140:0:0:1,0x03F140,9719,STA,DP_IND_LONG_Y,UNKNOWN,UNKNOWN,NONE,V05C-contexts.csv,SOURCE_PROVED_NOT_YET_ADMITTED
TP07F481,07:F142:0:0:1,0x03F142,E230,SEP,IMM8,UNKNOWN,UNKNOWN,NONE,V05C-contexts.csv,SOURCE_PROVED_NOT_YET_ADMITTED
TP07F481,07:F144:0:1:1,0x03F144,A023,LDY,IMM_X,UNKNOWN,UNKNOWN,NONE,V05C-contexts.csv,SOURCE_PROVED_NOT_YET_ADMITTED
TP07F481,07:F146:0:1:1,0x03F146,B71C,LDA,DP_IND_LONG_Y,UNKNOWN,0,NONE,V05C-contexts.csv,SOURCE_PROVED_NOT_YET_ADMITTED
TP07F481,07:F148:0:1:1,0x03F148,C9FF,CMP,IMM_M,UNKNOWN,UNKNOWN,NONE,V05C-contexts.csv,SOURCE_PROVED_NOT_YET_ADMITTED
TP07F481,07:F14A:0:1:1,0x03F14A,D003,BNE,REL8,UNKNOWN,UNKNOWN,NONE,V05C-contexts.csv,SOURCE_PROVED_NOT_YET_ADMITTED
TP07F481,07:F14C:0:1:1,0x03F14C,82B200,BRL,REL16,UNKNOWN,1,NONE,V05C-contexts.csv,SOURCE_PROVED_NOT_YET_ADMITTED
TP07F481,07:F14F:0:1:1,0x03F14F,C230,REP,IMM8,UNKNOWN,0,NONE,V05C-contexts.csv,SOURCE_PROVED_NOT_YET_ADMITTED
TP07F481,07:F151:0:0:0,0x03F151,A00C00,LDY,IMM_X,UNKNOWN,0,NONE,V05C-contexts.csv,SOURCE_PROVED_NOT_YET_ADMITTED
TP07F481,07:F154:0:0:0,0x03F154,B71C,LDA,DP_IND_LONG_Y,UNKNOWN,0,NONE,V05C-contexts.csv,SOURCE_PROVED_NOT_YET_ADMITTED
TP07F481,07:F156:0:0:0,0x03F156,8D8A07,STA,ABS,UNKNOWN,UNKNOWN,DBR:078A,V05C-contexts.csv,SOURCE_PROVED_NOT_YET_ADMITTED
TP07F481,07:F159:0:0:0,0x03F159,8D5807,STA,ABS,UNKNOWN,UNKNOWN,DBR:0758,V05C-contexts.csv,SOURCE_PROVED_NOT_YET_ADMITTED
TP07F481,07:F15C:0:0:0,0x03F15C,9C5A07,STZ,ABS,UNKNOWN,UNKNOWN,DBR:075A,V05C-contexts.csv,SOURCE_PROVED_NOT_YET_ADMITTED
TP07F481,07:F15F:0:0:0,0x03F15F,2236A207,JSL,ABSL_JUMP,UNKNOWN,UNKNOWN,NONE,V05C-contexts.csv,SOURCE_PROVED_NOT_YET_ADMITTED
TP07F481,07:F163:0:0:0,0x03F163,C230,REP,IMM8,UNKNOWN,UNKNOWN,NONE,V05C-contexts.csv,SOURCE_PROVED_NOT_YET_ADMITTED
TP07F481,07:F165:0:0:0,0x03F165,A00F02,LDY,IMM_X,UNKNOWN,UNKNOWN,NONE,V05C-contexts.csv,SOURCE_PROVED_NOT_YET_ADMITTED
TP07F481,07:F168:0:0:0,0x03F168,B75E,LDA,DP_IND_LONG_Y,UNKNOWN,0,NONE,V05C-contexts.csv,SOURCE_PROVED_NOT_YET_ADMITTED
TP07F481,07:F16A:0:0:0,0x03F16A,18,CLC,IMP,UNKNOWN,UNKNOWN,NONE,V05C-contexts.csv,SOURCE_PROVED_NOT_YET_ADMITTED
TP07F481,07:F16B:0:0:0,0x03F16B,6D8A07,ADC,ABS,0,UNKNOWN,DBR:078A,V05C-contexts.csv,SOURCE_PROVED_NOT_YET_ADMITTED
TP07F481,07:F16E:0:0:0,0x03F16E,975E,STA,DP_IND_LONG_Y,UNKNOWN,UNKNOWN,NONE,V05C-contexts.csv,SOURCE_PROVED_NOT_YET_ADMITTED
TP07F481,07:F170:0:0:0,0x03F170,A01102,LDY,IMM_X,UNKNOWN,UNKNOWN,NONE,V05C-contexts.csv,SOURCE_PROVED_NOT_YET_ADMITTED
TP07F481,07:F173:0:0:0,0x03F173,B75E,LDA,DP_IND_LONG_Y,UNKNOWN,0,NONE,V05C-contexts.csv,SOURCE_PROVED_NOT_YET_ADMITTED
TP07F481,07:F175:0:0:0,0x03F175,690000,ADC,IMM_M,UNKNOWN,UNKNOWN,NONE,V05C-contexts.csv,SOURCE_PROVED_NOT_YET_ADMITTED
TP07F481,07:F178:0:0:0,0x03F178,975E,STA,DP_IND_LONG_Y,UNKNOWN,UNKNOWN,NONE,V05C-contexts.csv,SOURCE_PROVED_NOT_YET_ADMITTED
TP07F481,07:F17A:0:0:0,0x03F17A,E210,SEP,IMM8,UNKNOWN,UNKNOWN,NONE,V05C-contexts.csv,SOURCE_PROVED_NOT_YET_ADMITTED
TP07F481,07:F17C:0:0:1,0x03F17C,C220,REP,IMM8,UNKNOWN,UNKNOWN,NONE,V05C-contexts.csv,SOURCE_PROVED_NOT_YET_ADMITTED
TP07F481,07:F17E:0:0:1,0x03F17E,A00C,LDY,IMM_X,UNKNOWN,UNKNOWN,NONE,V05C-contexts.csv,SOURCE_PROVED_NOT_YET_ADMITTED
TP07F481,07:F180:0:0:1,0x03F180,B71C,LDA,DP_IND_LONG_Y,UNKNOWN,0,NONE,V05C-contexts.csv,SOURCE_PROVED_NOT_YET_ADMITTED
TP07F481,07:F182:0:0:1,0x03F182,A264,LDX,IMM_X,UNKNOWN,UNKNOWN,NONE,V05C-contexts.csv,SOURCE_PROVED_NOT_YET_ADMITTED
TP07F481,07:F184:0:0:1,0x03F184,E230,SEP,IMM8,UNKNOWN,0,NONE,V05C-contexts.csv,SOURCE_PROVED_NOT_YET_ADMITTED
TP07F481,07:F186:0:1:1,0x03F186,8D1B21,STA,ABS,UNKNOWN,0,DBR:211B,V05C-contexts.csv,SOURCE_PROVED_NOT_YET_ADMITTED
TP07F481,07:F189:0:1:1,0x03F189,EB,XBA,IMP,UNKNOWN,0,NONE,V05C-contexts.csv,SOURCE_PROVED_NOT_YET_ADMITTED
TP07F481,07:F18A:0:1:1,0x03F18A,8D1B21,STA,ABS,UNKNOWN,UNKNOWN,DBR:211B,V05C-contexts.csv,SOURCE_PROVED_NOT_YET_ADMITTED
TP07F481,07:F18D:0:1:1,0x03F18D,8E1C21,STX,ABS,UNKNOWN,UNKNOWN,DBR:211C,V05C-contexts.csv,SOURCE_PROVED_NOT_YET_ADMITTED
TP07F481,07:F190:0:1:1,0x03F190,E210,SEP,IMM8,UNKNOWN,UNKNOWN,NONE,V05C-contexts.csv,SOURCE_PROVED_NOT_YET_ADMITTED
TP07F481,07:F192:0:1:1,0x03F192,C220,REP,IMM8,UNKNOWN,UNKNOWN,NONE,V05C-contexts.csv,SOURCE_PROVED_NOT_YET_ADMITTED
TP07F481,07:F194:0:0:1,0x03F194,AD3421,LDA,ABS,UNKNOWN,UNKNOWN,DBR:2134,V05C-contexts.csv,SOURCE_PROVED_NOT_YET_ADMITTED
TP07F481,07:F197:0:0:1,0x03F197,AE3621,LDX,ABS,UNKNOWN,UNKNOWN,DBR:2136,V05C-contexts.csv,SOURCE_PROVED_NOT_YET_ADMITTED
TP07F481,07:F19A:0:0:1,0x03F19A,8D8E07,STA,ABS,UNKNOWN,UNKNOWN,DBR:078E,V05C-contexts.csv,SOURCE_PROVED_NOT_YET_ADMITTED
TP07F481,07:F19D:0:0:1,0x03F19D,A023,LDY,IMM_X,UNKNOWN,UNKNOWN,NONE,V05C-contexts.csv,SOURCE_PROVED_NOT_YET_ADMITTED
TP07F481,07:F19F:0:0:1,0x03F19F,B71C,LDA,DP_IND_LONG_Y,UNKNOWN,0,NONE,V05C-contexts.csv,SOURCE_PROVED_NOT_YET_ADMITTED
TP07F481,07:F1A1:0:0:1,0x03F1A1,A8,TAY,IMP,UNKNOWN,UNKNOWN,NONE,V05C-contexts.csv,SOURCE_PROVED_NOT_YET_ADMITTED
TP07F481,07:F1A2:0:0:1,0x03F1A2,C230,REP,IMM8,UNKNOWN,UNKNOWN,NONE,V05C-contexts.csv,SOURCE_PROVED_NOT_YET_ADMITTED
TP07F481,07:F1A4:0:0:0,0x03F1A4,98,TYA,IMP,UNKNOWN,UNKNOWN,NONE,V05C-contexts.csv,SOURCE_PROVED_NOT_YET_ADMITTED
TP07F481,07:F1A5:0:0:0,0x03F1A5,A90E00,LDA,IMM_M,UNKNOWN,UNKNOWN,NONE,V05C-contexts.csv,SOURCE_PROVED_NOT_YET_ADMITTED
TP07F481,07:F1A8:0:0:0,0x03F1A8,22A78004,JSL,ABSL_JUMP,UNKNOWN,0,NONE,V05C-contexts.csv,SOURCE_PROVED_NOT_YET_ADMITTED
TP07F481,07:F1AC:0:0:0,0x03F1AC,A8,TAY,IMP,UNKNOWN,UNKNOWN,NONE,V05C-contexts.csv,SOURCE_PROVED_NOT_YET_ADMITTED
TP07F481,07:F1AD:0:0:0,0x03F1AD,E210,SEP,IMM8,UNKNOWN,UNKNOWN,NONE,V05C-contexts.csv,SOURCE_PROVED_NOT_YET_ADMITTED
TP07F481,07:F1AF:0:0:1,0x03F1AF,C220,REP,IMM8,UNKNOWN,UNKNOWN,NONE,V05C-contexts.csv,SOURCE_PROVED_NOT_YET_ADMITTED
TP07F481,07:F1B1:0:0:1,0x03F1B1,B9B21A,LDA,ABS_Y,UNKNOWN,UNKNOWN,NONE,V05C-contexts.csv,SOURCE_PROVED_NOT_YET_ADMITTED
TP07F481,07:F1B4:0:0:1,0x03F1B4,AA,TAX,IMP,UNKNOWN,UNKNOWN,NONE,V05C-contexts.csv,SOURCE_PROVED_NOT_YET_ADMITTED
TP07F481,07:F1B5:0:0:1,0x03F1B5,AD8E07,LDA,ABS,UNKNOWN,UNKNOWN,DBR:078E,V05C-contexts.csv,SOURCE_PROVED_NOT_YET_ADMITTED
TP07F481,07:F1B8:0:0:1,0x03F1B8,C90000,CMP,IMM_M,UNKNOWN,UNKNOWN,NONE,V05C-contexts.csv,SOURCE_PROVED_NOT_YET_ADMITTED
TP07F481,07:F1BB:0:0:1,0x03F1BB,F01C,BEQ,REL8,UNKNOWN,UNKNOWN,NONE,V05C-contexts.csv,SOURCE_PROVED_NOT_YET_ADMITTED
TP07F481,07:F1BD:0:0:1,0x03F1BD,E000,CPX,IMM_X,UNKNOWN,0,NONE,V05C-contexts.csv,SOURCE_PROVED_NOT_YET_ADMITTED
TP07F481,07:F1BF:0:0:1,0x03F1BF,F018,BEQ,REL8,UNKNOWN,UNKNOWN,NONE,V05C-contexts.csv,SOURCE_PROVED_NOT_YET_ADMITTED
TP07F481,07:F1C1:0:0:1,0x03F1C1,8D0442,STA,ABS,UNKNOWN,0,DBR:4204,V05C-contexts.csv,SOURCE_PROVED_NOT_YET_ADMITTED
TP07F481,07:F1C4:0:0:1,0x03F1C4,8E0642,STX,ABS,UNKNOWN,0,DBR:4206,V05C-contexts.csv,SOURCE_PROVED_NOT_YET_ADMITTED
TP07F481,07:F1C7:0:0:1,0x03F1C7,EA,NOP,IMP,UNKNOWN,0,NONE,V05C-contexts.csv,SOURCE_PROVED_NOT_YET_ADMITTED
TP07F481,07:F1C8:0:0:1,0x03F1C8,EA,NOP,IMP,UNKNOWN,0,NONE,V05C-contexts.csv,SOURCE_PROVED_NOT_YET_ADMITTED
TP07F481,07:F1C9:0:0:1,0x03F1C9,EA,NOP,IMP,UNKNOWN,0,NONE,V05C-contexts.csv,SOURCE_PROVED_NOT_YET_ADMITTED
TP07F481,07:F1CA:0:0:1,0x03F1CA,EA,NOP,IMP,UNKNOWN,0,NONE,V05C-contexts.csv,SOURCE_PROVED_NOT_YET_ADMITTED
TP07F481,07:F1CB:0:0:1,0x03F1CB,EA,NOP,IMP,UNKNOWN,0,NONE,V05C-contexts.csv,SOURCE_PROVED_NOT_YET_ADMITTED
TP07F481,07:F1CC:0:0:1,0x03F1CC,EA,NOP,IMP,UNKNOWN,0,NONE,V05C-contexts.csv,SOURCE_PROVED_NOT_YET_ADMITTED
TP07F481,07:F1CD:0:0:1,0x03F1CD,EA,NOP,IMP,UNKNOWN,0,NONE,V05C-contexts.csv,SOURCE_PROVED_NOT_YET_ADMITTED
TP07F481,07:F1CE:0:0:1,0x03F1CE,EA,NOP,IMP,UNKNOWN,0,NONE,V05C-contexts.csv,SOURCE_PROVED_NOT_YET_ADMITTED
TP07F481,07:F1CF:0:0:1,0x03F1CF,C230,REP,IMM8,UNKNOWN,0,NONE,V05C-contexts.csv,SOURCE_PROVED_NOT_YET_ADMITTED
TP07F481,07:F1D1:0:0:0,0x03F1D1,AD1442,LDA,ABS,UNKNOWN,0,DBR:4214,V05C-contexts.csv,SOURCE_PROVED_NOT_YET_ADMITTED
TP07F481,07:F1D4:0:0:0,0x03F1D4,AE1642,LDX,ABS,UNKNOWN,UNKNOWN,DBR:4216,V05C-contexts.csv,SOURCE_PROVED_NOT_YET_ADMITTED
TP07F481,07:F1D7:0:0:0,0x03F1D7,8006,BRA,REL8,UNKNOWN,UNKNOWN,NONE,V05C-contexts.csv,SOURCE_PROVED_NOT_YET_ADMITTED
TP07F481,07:F1D9:0:0:1,0x03F1D9,C230,REP,IMM8,UNKNOWN,1,NONE,V05C-contexts.csv,SOURCE_PROVED_NOT_YET_ADMITTED
TP07F481,07:F1DB:0:0:0,0x03F1DB,A90000,LDA,IMM_M,UNKNOWN,1,NONE,V05C-contexts.csv,SOURCE_PROVED_NOT_YET_ADMITTED
TP07F481,07:F1DE:0:0:0,0x03F1DE,AA,TAX,IMP,UNKNOWN,1,NONE,V05C-contexts.csv,SOURCE_PROVED_NOT_YET_ADMITTED
TP07F481,07:F1DF:0:0:0,0x03F1DF,E210,SEP,IMM8,UNKNOWN,UNKNOWN,NONE,V05C-contexts.csv,SOURCE_PROVED_NOT_YET_ADMITTED
TP07F481,07:F1E1:0:0:1,0x03F1E1,C220,REP,IMM8,UNKNOWN,UNKNOWN,NONE,V05C-contexts.csv,SOURCE_PROVED_NOT_YET_ADMITTED
TP07F481,07:F1E3:0:0:1,0x03F1E3,38,SEC,IMP,UNKNOWN,UNKNOWN,NONE,V05C-contexts.csv,SOURCE_PROVED_NOT_YET_ADMITTED
TP07F481,07:F1E4:0:0:1,0x03F1E4,E97D00,SBC,IMM_M,1,UNKNOWN,NONE,V05C-contexts.csv,SOURCE_PROVED_NOT_YET_ADMITTED
TP07F481,07:F1E7:0:0:1,0x03F1E7,1006,BPL,REL8,UNKNOWN,UNKNOWN,NONE,V05C-contexts.csv,SOURCE_PROVED_NOT_YET_ADMITTED
TP07F481,07:F1E9:0:0:1,0x03F1E9,38,SEC,IMP,UNKNOWN,UNKNOWN,NONE,V05C-contexts.csv,SOURCE_PROVED_NOT_YET_ADMITTED
TP07F481,07:F1EA:0:0:1,0x03F1EA,6A,ROR,ACC,1,UNKNOWN,NONE,V05C-contexts.csv,SOURCE_PROVED_NOT_YET_ADMITTED
TP07F481,07:F1EB:0:0:1,0x03F1EB,38,SEC,IMP,UNKNOWN,UNKNOWN,NONE,V05C-contexts.csv,SOURCE_PROVED_NOT_YET_ADMITTED
TP07F481,07:F1EC:0:0:1,0x03F1EC,6A,ROR,ACC,1,UNKNOWN,NONE,V05C-contexts.csv,SOURCE_PROVED_NOT_YET_ADMITTED
TP07F481,07:F1ED:0:0:1,0x03F1ED,8002,BRA,REL8,UNKNOWN,UNKNOWN,NONE,V05C-contexts.csv,SOURCE_PROVED_NOT_YET_ADMITTED
TP07F481,07:F1EF:0:0:1,0x03F1EF,4A,LSR,ACC,UNKNOWN,UNKNOWN,NONE,V05C-contexts.csv,SOURCE_PROVED_NOT_YET_ADMITTED
TP07F481,07:F1F0:0:0:1,0x03F1F0,4A,LSR,ACC,UNKNOWN,UNKNOWN,NONE,V05C-contexts.csv,SOURCE_PROVED_NOT_YET_ADMITTED
TP07F481,07:F1F1:0:0:1,0x03F1F1,8D8E07,STA,ABS,UNKNOWN,UNKNOWN,DBR:078E,V05C-contexts.csv,SOURCE_PROVED_NOT_YET_ADMITTED
TP07F481,07:F1F4:0:0:1,0x03F1F4,A055,LDY,IMM_X,UNKNOWN,UNKNOWN,NONE,V05C-contexts.csv,SOURCE_PROVED_NOT_YET_ADMITTED
TP07F481,07:F1F6:0:0:1,0x03F1F6,B716,LDA,DP_IND_LONG_Y,UNKNOWN,0,NONE,V05C-contexts.csv,SOURCE_PROVED_NOT_YET_ADMITTED
TP07F481,07:F1F8:0:0:1,0x03F1F8,38,SEC,IMP,UNKNOWN,UNKNOWN,NONE,V05C-contexts.csv,SOURCE_PROVED_NOT_YET_ADMITTED
TP07F481,07:F1F9:0:0:1,0x03F1F9,ED8E07,SBC,ABS,1,UNKNOWN,DBR:078E,V05C-contexts.csv,SOURCE_PROVED_NOT_YET_ADMITTED
TP07F481,07:F1FC:0:0:1,0x03F1FC,9716,STA,DP_IND_LONG_Y,UNKNOWN,UNKNOWN,NONE,V05C-contexts.csv,SOURCE_PROVED_NOT_YET_ADMITTED
TP07F481,07:F1FE:0:0:1,0x03F1FE,829000,BRL,REL16,UNKNOWN,UNKNOWN,NONE,V05C-contexts.csv,SOURCE_PROVED_NOT_YET_ADMITTED
TP07F481,07:F201:0:1:1,0x03F201,C230,REP,IMM8,UNKNOWN,1,NONE,V05C-contexts.csv,SOURCE_PROVED_NOT_YET_ADMITTED
TP07F481,07:F203:0:0:0,0x03F203,A9FFFF,LDA,IMM_M,UNKNOWN,1,NONE,V05C-contexts.csv,SOURCE_PROVED_NOT_YET_ADMITTED
TP07F481,07:F206:0:0:0,0x03F206,8D8C07,STA,ABS,UNKNOWN,0,DBR:078C,V05C-contexts.csv,SOURCE_PROVED_NOT_YET_ADMITTED
TP07F481,07:F209:0:0:0,0x03F209,A00C00,LDY,IMM_X,UNKNOWN,0,NONE,V05C-contexts.csv,SOURCE_PROVED_NOT_YET_ADMITTED
TP07F481,07:F20C:0:0:0,0x03F20C,B71C,LDA,DP_IND_LONG_Y,UNKNOWN,0,NONE,V05C-contexts.csv,SOURCE_PROVED_NOT_YET_ADMITTED
TP07F481,07:F20E:0:0:0,0x03F20E,A00A00,LDY,IMM_X,UNKNOWN,UNKNOWN,NONE,V05C-contexts.csv,SOURCE_PROVED_NOT_YET_ADMITTED
TP07F481,07:F211:0:0:0,0x03F211,38,SEC,IMP,UNKNOWN,0,NONE,V05C-contexts.csv,SOURCE_PROVED_NOT_YET_ADMITTED
TP07F481,07:F212:0:0:0,0x03F212,F71C,SBC,DP_IND_LONG_Y,1,0,NONE,V05C-contexts.csv,SOURCE_PROVED_NOT_YET_ADMITTED
TP07F481,07:F214:0:0:0,0x03F214,8D8A07,STA,ABS,UNKNOWN,UNKNOWN,DBR:078A,V05C-contexts.csv,SOURCE_PROVED_NOT_YET_ADMITTED
TP07F481,07:F217:0:0:0,0x03F217,3003,BMI,REL8,UNKNOWN,UNKNOWN,NONE,V05C-contexts.csv,SOURCE_PROVED_NOT_YET_ADMITTED
TP07F481,07:F219:0:0:0,0x03F219,9C8C07,STZ,ABS,UNKNOWN,UNKNOWN,DBR:078C,V05C-contexts.csv,SOURCE_PROVED_NOT_YET_ADMITTED
TP07F481,07:F21C:0:0:0,0x03F21C,8D5807,STA,ABS,UNKNOWN,UNKNOWN,DBR:0758,V05C-contexts.csv,SOURCE_PROVED_NOT_YET_ADMITTED
TP07F481,07:F21F:0:0:0,0x03F21F,AD8C07,LDA,ABS,UNKNOWN,UNKNOWN,DBR:078C,V05C-contexts.csv,SOURCE_PROVED_NOT_YET_ADMITTED
TP07F481,07:F222:0:0:0,0x03F222,8D5A07,STA,ABS,UNKNOWN,UNKNOWN,DBR:075A,V05C-contexts.csv,SOURCE_PROVED_NOT_YET_ADMITTED
TP07F481,07:F225:0:0:0,0x03F225,2236A207,JSL,ABSL_JUMP,UNKNOWN,UNKNOWN,NONE,V05C-contexts.csv,SOURCE_PROVED_NOT_YET_ADMITTED
TP07F481,07:F229:0:0:0,0x03F229,C230,REP,IMM8,UNKNOWN,UNKNOWN,NONE,V05C-contexts.csv,SOURCE_PROVED_NOT_YET_ADMITTED
TP07F481,07:F22B:0:0:0,0x03F22B,A00F02,LDY,IMM_X,UNKNOWN,UNKNOWN,NONE,V05C-contexts.csv,SOURCE_PROVED_NOT_YET_ADMITTED
TP07F481,07:F22E:0:0:0,0x03F22E,B75E,LDA,DP_IND_LONG_Y,UNKNOWN,0,NONE,V05C-contexts.csv,SOURCE_PROVED_NOT_YET_ADMITTED
TP07F481,07:F230:0:0:0,0x03F230,18,CLC,IMP,UNKNOWN,UNKNOWN,NONE,V05C-contexts.csv,SOURCE_PROVED_NOT_YET_ADMITTED
TP07F481,07:F231:0:0:0,0x03F231,6D8A07,ADC,ABS,0,UNKNOWN,DBR:078A,V05C-contexts.csv,SOURCE_PROVED_NOT_YET_ADMITTED
TP07F481,07:F234:0:0:0,0x03F234,975E,STA,DP_IND_LONG_Y,UNKNOWN,UNKNOWN,NONE,V05C-contexts.csv,SOURCE_PROVED_NOT_YET_ADMITTED
TP07F481,07:F236:0:0:0,0x03F236,C8,INY,IMP,UNKNOWN,UNKNOWN,NONE,V05C-contexts.csv,SOURCE_PROVED_NOT_YET_ADMITTED
TP07F481,07:F237:0:0:0,0x03F237,C8,INY,IMP,UNKNOWN,UNKNOWN,NONE,V05C-contexts.csv,SOURCE_PROVED_NOT_YET_ADMITTED
TP07F481,07:F238:0:0:0,0x03F238,A90000,LDA,IMM_M,UNKNOWN,UNKNOWN,NONE,V05C-contexts.csv,SOURCE_PROVED_NOT_YET_ADMITTED
TP07F481,07:F23B:0:0:0,0x03F23B,7758,ADC,DP_IND_LONG_Y,UNKNOWN,1,NONE,V05C-contexts.csv,SOURCE_PROVED_NOT_YET_ADMITTED
TP07F481,07:F23D:0:0:0,0x03F23D,9758,STA,DP_IND_LONG_Y,UNKNOWN,UNKNOWN,NONE,V05C-contexts.csv,SOURCE_PROVED_NOT_YET_ADMITTED
TP07F481,07:F23F:0:0:0,0x03F23F,A00C00,LDY,IMM_X,UNKNOWN,UNKNOWN,NONE,V05C-contexts.csv,SOURCE_PROVED_NOT_YET_ADMITTED
TP07F481,07:F242:0:0:0,0x03F242,B71C,LDA,DP_IND_LONG_Y,UNKNOWN,0,NONE,V05C-contexts.csv,SOURCE_PROVED_NOT_YET_ADMITTED
TP07F481,07:F244:0:0:0,0x03F244,A26400,LDX,IMM_X,UNKNOWN,UNKNOWN,NONE,V05C-contexts.csv,SOURCE_PROVED_NOT_YET_ADMITTED
TP07F481,07:F247:0:0:0,0x03F247,E210,SEP,IMM8,UNKNOWN,0,NONE,V05C-contexts.csv,SOURCE_PROVED_NOT_YET_ADMITTED
TP07F481,07:F249:0:0:1,0x03F249,C220,REP,IMM8,UNKNOWN,0,NONE,V05C-contexts.csv,SOURCE_PROVED_NOT_YET_ADMITTED
TP07F481,07:F24B:0:0:1,0x03F24B,E230,SEP,IMM8,UNKNOWN,0,NONE,V05C-contexts.csv,SOURCE_PROVED_NOT_YET_ADMITTED
TP07F481,07:F24D:0:1:1,0x03F24D,8D1B21,STA,ABS,UNKNOWN,0,DBR:211B,V05C-contexts.csv,SOURCE_PROVED_NOT_YET_ADMITTED
TP07F481,07:F250:0:1:1,0x03F250,EB,XBA,IMP,UNKNOWN,0,NONE,V05C-contexts.csv,SOURCE_PROVED_NOT_YET_ADMITTED
TP07F481,07:F251:0:1:1,0x03F251,8D1B21,STA,ABS,UNKNOWN,UNKNOWN,DBR:211B,V05C-contexts.csv,SOURCE_PROVED_NOT_YET_ADMITTED
TP07F481,07:F254:0:1:1,0x03F254,8E1C21,STX,ABS,UNKNOWN,UNKNOWN,DBR:211C,V05C-contexts.csv,SOURCE_PROVED_NOT_YET_ADMITTED
TP07F481,07:F257:0:1:1,0x03F257,E210,SEP,IMM8,UNKNOWN,UNKNOWN,NONE,V05C-contexts.csv,SOURCE_PROVED_NOT_YET_ADMITTED
TP07F481,07:F259:0:1:1,0x03F259,C220,REP,IMM8,UNKNOWN,UNKNOWN,NONE,V05C-contexts.csv,SOURCE_PROVED_NOT_YET_ADMITTED
TP07F481,07:F25B:0:0:1,0x03F25B,AD3421,LDA,ABS,UNKNOWN,UNKNOWN,DBR:2134,V05C-contexts.csv,SOURCE_PROVED_NOT_YET_ADMITTED
TP07F481,07:F25E:0:0:1,0x03F25E,AE3621,LDX,ABS,UNKNOWN,UNKNOWN,DBR:2136,V05C-contexts.csv,SOURCE_PROVED_NOT_YET_ADMITTED
TP07F481,07:F261:0:0:1,0x03F261,8D8E07,STA,ABS,UNKNOWN,UNKNOWN,DBR:078E,V05C-contexts.csv,SOURCE_PROVED_NOT_YET_ADMITTED
TP07F481,07:F264:0:0:1,0x03F264,A00A,LDY,IMM_X,UNKNOWN,UNKNOWN,NONE,V05C-contexts.csv,SOURCE_PROVED_NOT_YET_ADMITTED
TP07F481,07:F266:0:0:1,0x03F266,B71C,LDA,DP_IND_LONG_Y,UNKNOWN,0,NONE,V05C-contexts.csv,SOURCE_PROVED_NOT_YET_ADMITTED
TP07F481,07:F268:0:0:1,0x03F268,C230,REP,IMM8,UNKNOWN,UNKNOWN,NONE,V05C-contexts.csv,SOURCE_PROVED_NOT_YET_ADMITTED
TP07F481,07:F26A:0:0:0,0x03F26A,AA,TAX,IMP,UNKNOWN,UNKNOWN,NONE,V05C-contexts.csv,SOURCE_PROVED_NOT_YET_ADMITTED
TP07F481,07:F26B:0:0:0,0x03F26B,AD8E07,LDA,ABS,UNKNOWN,UNKNOWN,DBR:078E,V05C-contexts.csv,SOURCE_PROVED_NOT_YET_ADMITTED
TP07F481,07:F26E:0:0:0,0x03F26E,2209F807,JSL,ABSL_JUMP,UNKNOWN,UNKNOWN,NONE,V05C-contexts.csv,SOURCE_PROVED_NOT_YET_ADMITTED
TP07F481,07:F272:0:0:0,0x03F272,E210,SEP,IMM8,UNKNOWN|0|1,UNKNOWN,NONE,V05C-contexts.csv,SOURCE_PROVED_NOT_YET_ADMITTED
TP07F481,07:F274:0:0:1,0x03F274,C220,REP,IMM8,UNKNOWN|0|1,UNKNOWN,NONE,V05C-contexts.csv,SOURCE_PROVED_NOT_YET_ADMITTED
TP07F481,07:F276:0:0:1,0x03F276,38,SEC,IMP,UNKNOWN|0|1,UNKNOWN,NONE,V05C-contexts.csv,SOURCE_PROVED_NOT_YET_ADMITTED
TP07F481,07:F277:0:0:1,0x03F277,E97D00,SBC,IMM_M,1,UNKNOWN,NONE,V05C-contexts.csv,SOURCE_PROVED_NOT_YET_ADMITTED
TP07F481,07:F27A:0:0:1,0x03F27A,1006,BPL,REL8,UNKNOWN,UNKNOWN,NONE,V05C-contexts.csv,SOURCE_PROVED_NOT_YET_ADMITTED
TP07F481,07:F27C:0:0:1,0x03F27C,38,SEC,IMP,UNKNOWN,UNKNOWN,NONE,V05C-contexts.csv,SOURCE_PROVED_NOT_YET_ADMITTED
TP07F481,07:F27D:0:0:1,0x03F27D,6A,ROR,ACC,1,UNKNOWN,NONE,V05C-contexts.csv,SOURCE_PROVED_NOT_YET_ADMITTED
TP07F481,07:F27E:0:0:1,0x03F27E,38,SEC,IMP,UNKNOWN,UNKNOWN,NONE,V05C-contexts.csv,SOURCE_PROVED_NOT_YET_ADMITTED
TP07F481,07:F27F:0:0:1,0x03F27F,6A,ROR,ACC,1,UNKNOWN,NONE,V05C-contexts.csv,SOURCE_PROVED_NOT_YET_ADMITTED
TP07F481,07:F280:0:0:1,0x03F280,8002,BRA,REL8,UNKNOWN,UNKNOWN,NONE,V05C-contexts.csv,SOURCE_PROVED_NOT_YET_ADMITTED
TP07F481,07:F282:0:0:1,0x03F282,4A,LSR,ACC,UNKNOWN,UNKNOWN,NONE,V05C-contexts.csv,SOURCE_PROVED_NOT_YET_ADMITTED
TP07F481,07:F283:0:0:1,0x03F283,4A,LSR,ACC,UNKNOWN,UNKNOWN,NONE,V05C-contexts.csv,SOURCE_PROVED_NOT_YET_ADMITTED
TP07F481,07:F284:0:0:1,0x03F284,8D8E07,STA,ABS,UNKNOWN,UNKNOWN,DBR:078E,V05C-contexts.csv,SOURCE_PROVED_NOT_YET_ADMITTED
TP07F481,07:F287:0:0:1,0x03F287,A055,LDY,IMM_X,UNKNOWN,UNKNOWN,NONE,V05C-contexts.csv,SOURCE_PROVED_NOT_YET_ADMITTED
TP07F481,07:F289:0:0:1,0x03F289,B716,LDA,DP_IND_LONG_Y,UNKNOWN,0,NONE,V05C-contexts.csv,SOURCE_PROVED_NOT_YET_ADMITTED
TP07F481,07:F28B:0:0:1,0x03F28B,38,SEC,IMP,UNKNOWN,UNKNOWN,NONE,V05C-contexts.csv,SOURCE_PROVED_NOT_YET_ADMITTED
TP07F481,07:F28C:0:0:1,0x03F28C,ED8E07,SBC,ABS,1,UNKNOWN,DBR:078E,V05C-contexts.csv,SOURCE_PROVED_NOT_YET_ADMITTED
TP07F481,07:F28F:0:0:1,0x03F28F,9716,STA,DP_IND_LONG_Y,UNKNOWN,UNKNOWN,NONE,V05C-contexts.csv,SOURCE_PROVED_NOT_YET_ADMITTED
TP07F481,07:F291:0:0:1,0x03F291,E210,SEP,IMM8,UNKNOWN,UNKNOWN,NONE,V05C-contexts.csv,SOURCE_PROVED_NOT_YET_ADMITTED
TP07F481,07:F293:0:0:1,0x03F293,C220,REP,IMM8,UNKNOWN,UNKNOWN,NONE,V05C-contexts.csv,SOURCE_PROVED_NOT_YET_ADMITTED
TP07F481,07:F295:0:0:1,0x03F295,A00C,LDY,IMM_X,UNKNOWN,UNKNOWN,NONE,V05C-contexts.csv,SOURCE_PROVED_NOT_YET_ADMITTED
TP07F481,07:F297:0:0:1,0x03F297,B71C,LDA,DP_IND_LONG_Y,UNKNOWN,0,NONE,V05C-contexts.csv,SOURCE_PROVED_NOT_YET_ADMITTED
TP07F481,07:F299:0:0:1,0x03F299,8D8A07,STA,ABS,UNKNOWN,UNKNOWN,DBR:078A,V05C-contexts.csv,SOURCE_PROVED_NOT_YET_ADMITTED
TP07F481,07:F29C:0:0:1,0x03F29C,A067,LDY,IMM_X,UNKNOWN,UNKNOWN,NONE,V05C-contexts.csv,SOURCE_PROVED_NOT_YET_ADMITTED
TP07F481,07:F29E:0:0:1,0x03F29E,B716,LDA,DP_IND_LONG_Y,UNKNOWN,0,NONE,V05C-contexts.csv,SOURCE_PROVED_NOT_YET_ADMITTED
TP07F481,07:F2A0:0:0:1,0x03F2A0,38,SEC,IMP,UNKNOWN,UNKNOWN,NONE,V05C-contexts.csv,SOURCE_PROVED_NOT_YET_ADMITTED
TP07F481,07:F2A1:0:0:1,0x03F2A1,ED8A07,SBC,ABS,1,UNKNOWN,DBR:078A,V05C-contexts.csv,SOURCE_PROVED_NOT_YET_ADMITTED
TP07F481,07:F2A4:0:0:1,0x03F2A4,9716,STA,DP_IND_LONG_Y,UNKNOWN,UNKNOWN,NONE,V05C-contexts.csv,SOURCE_PROVED_NOT_YET_ADMITTED
TP07F481,07:F2A6:0:0:1,0x03F2A6,E230,SEP,IMM8,UNKNOWN,UNKNOWN,NONE,V05C-contexts.csv,SOURCE_PROVED_NOT_YET_ADMITTED
TP07F481,07:F2A8:0:1:1,0x03F2A8,A018,LDY,IMM_X,UNKNOWN,UNKNOWN,NONE,V05C-contexts.csv,SOURCE_PROVED_NOT_YET_ADMITTED
TP07F481,07:F2AA:0:1:1,0x03F2AA,B71C,LDA,DP_IND_LONG_Y,UNKNOWN,0,NONE,V05C-contexts.csv,SOURCE_PROVED_NOT_YET_ADMITTED
TP07F481,07:F2AC:0:1:1,0x03F2AC,A064,LDY,IMM_X,UNKNOWN,UNKNOWN,NONE,V05C-contexts.csv,SOURCE_PROVED_NOT_YET_ADMITTED
TP07F481,07:F2AE:0:1:1,0x03F2AE,9716,STA,DP_IND_LONG_Y,UNKNOWN,0,NONE,V05C-contexts.csv,SOURCE_PROVED_NOT_YET_ADMITTED
TP07F481,07:F2B0:0:1:1,0x03F2B0,A904,LDA,IMM_M,UNKNOWN,0,NONE,V05C-contexts.csv,SOURCE_PROVED_NOT_YET_ADMITTED
TP07F481,07:F2B2:0:1:1,0x03F2B2,A003,LDY,IMM_X,UNKNOWN,0,NONE,V05C-contexts.csv,SOURCE_PROVED_NOT_YET_ADMITTED
TP07F481,07:F2B4:0:1:1,0x03F2B4,9716,STA,DP_IND_LONG_Y,UNKNOWN,0,NONE,V05C-contexts.csv,SOURCE_PROVED_NOT_YET_ADMITTED
TP07F481,07:F2B6:0:1:1,0x03F2B6,A013,LDY,IMM_X,UNKNOWN,0,NONE,V05C-contexts.csv,SOURCE_PROVED_NOT_YET_ADMITTED
TP07F481,07:F2B8:0:1:1,0x03F2B8,B71C,LDA,DP_IND_LONG_Y,UNKNOWN,0,NONE,V05C-contexts.csv,SOURCE_PROVED_NOT_YET_ADMITTED
TP07F481,07:F2BA:0:1:1,0x03F2BA,8D8A07,STA,ABS,UNKNOWN,UNKNOWN,DBR:078A,V05C-contexts.csv,SOURCE_PROVED_NOT_YET_ADMITTED
TP07F481,07:F2BD:0:1:1,0x03F2BD,A052,LDY,IMM_X,UNKNOWN,UNKNOWN,NONE,V05C-contexts.csv,SOURCE_PROVED_NOT_YET_ADMITTED
TP07F481,07:F2BF:0:1:1,0x03F2BF,B716,LDA,DP_IND_LONG_Y,UNKNOWN,0,NONE,V05C-contexts.csv,SOURCE_PROVED_NOT_YET_ADMITTED
TP07F481,07:F2C1:0:1:1,0x03F2C1,18,CLC,IMP,UNKNOWN,UNKNOWN,NONE,V05C-contexts.csv,SOURCE_PROVED_NOT_YET_ADMITTED
TP07F481,07:F2C2:0:1:1,0x03F2C2,6D8A07,ADC,ABS,0,UNKNOWN,DBR:078A,V05C-contexts.csv,SOURCE_PROVED_NOT_YET_ADMITTED
TP07F481,07:F2C5:0:1:1,0x03F2C5,9716,STA,DP_IND_LONG_Y,UNKNOWN,UNKNOWN,NONE,V05C-contexts.csv,SOURCE_PROVED_NOT_YET_ADMITTED
TP07F481,07:F2C7:0:1:1,0x03F2C7,A014,LDY,IMM_X,UNKNOWN,UNKNOWN,NONE,V05C-contexts.csv,SOURCE_PROVED_NOT_YET_ADMITTED
TP07F481,07:F2C9:0:1:1,0x03F2C9,B71C,LDA,DP_IND_LONG_Y,UNKNOWN,0,NONE,V05C-contexts.csv,SOURCE_PROVED_NOT_YET_ADMITTED
TP07F481,07:F2CB:0:1:1,0x03F2CB,8D8E07,STA,ABS,UNKNOWN,UNKNOWN,DBR:078E,V05C-contexts.csv,SOURCE_PROVED_NOT_YET_ADMITTED
TP07F481,07:F2CE:0:1:1,0x03F2CE,A053,LDY,IMM_X,UNKNOWN,UNKNOWN,NONE,V05C-contexts.csv,SOURCE_PROVED_NOT_YET_ADMITTED
TP07F481,07:F2D0:0:1:1,0x03F2D0,B716,LDA,DP_IND_LONG_Y,UNKNOWN,0,NONE,V05C-contexts.csv,SOURCE_PROVED_NOT_YET_ADMITTED
TP07F481,07:F2D2:0:1:1,0x03F2D2,18,CLC,IMP,UNKNOWN,UNKNOWN,NONE,V05C-contexts.csv,SOURCE_PROVED_NOT_YET_ADMITTED
TP07F481,07:F2D3:0:1:1,0x03F2D3,6D8E07,ADC,ABS,0,UNKNOWN,DBR:078E,V05C-contexts.csv,SOURCE_PROVED_NOT_YET_ADMITTED
TP07F481,07:F2D6:0:1:1,0x03F2D6,9716,STA,DP_IND_LONG_Y,UNKNOWN,UNKNOWN,NONE,V05C-contexts.csv,SOURCE_PROVED_NOT_YET_ADMITTED
TP07F481,07:F2D8:0:1:1,0x03F2D8,AD8A07,LDA,ABS,UNKNOWN,UNKNOWN,DBR:078A,V05C-contexts.csv,SOURCE_PROVED_NOT_YET_ADMITTED
TP07F481,07:F2DB:0:1:1,0x03F2DB,18,CLC,IMP,UNKNOWN,UNKNOWN,NONE,V05C-contexts.csv,SOURCE_PROVED_NOT_YET_ADMITTED
TP07F481,07:F2DC:0:1:1,0x03F2DC,6D8E07,ADC,ABS,0,UNKNOWN,DBR:078E,V05C-contexts.csv,SOURCE_PROVED_NOT_YET_ADMITTED
TP07F481,07:F2DF:0:1:1,0x03F2DF,8D8A07,STA,ABS,UNKNOWN,UNKNOWN,DBR:078A,V05C-contexts.csv,SOURCE_PROVED_NOT_YET_ADMITTED
TP07F481,07:F2E2:0:1:1,0x03F2E2,A055,LDY,IMM_X,UNKNOWN,UNKNOWN,NONE,V05C-contexts.csv,SOURCE_PROVED_NOT_YET_ADMITTED
TP07F481,07:F2E4:0:1:1,0x03F2E4,B716,LDA,DP_IND_LONG_Y,UNKNOWN,0,NONE,V05C-contexts.csv,SOURCE_PROVED_NOT_YET_ADMITTED
TP07F481,07:F2E6:0:1:1,0x03F2E6,18,CLC,IMP,UNKNOWN,UNKNOWN,NONE,V05C-contexts.csv,SOURCE_PROVED_NOT_YET_ADMITTED
TP07F481,07:F2E7:0:1:1,0x03F2E7,6D8A07,ADC,ABS,0,UNKNOWN,DBR:078A,V05C-contexts.csv,SOURCE_PROVED_NOT_YET_ADMITTED
TP07F481,07:F2EA:0:1:1,0x03F2EA,9716,STA,DP_IND_LONG_Y,UNKNOWN,UNKNOWN,NONE,V05C-contexts.csv,SOURCE_PROVED_NOT_YET_ADMITTED
TP07F481,07:F2EC:0:0:0,0x03F2EC,C230,REP,IMM8,UNKNOWN|1,UNKNOWN|0|1,NONE,V05C-contexts.csv,SOURCE_PROVED_NOT_YET_ADMITTED
TP07F481,07:F2EC:0:1:1,0x03F2EC,C230,REP,IMM8,UNKNOWN|0|1,UNKNOWN|0|1,NONE,V05C-contexts.csv,SOURCE_PROVED_NOT_YET_ADMITTED
TP07F481,07:F2EE:0:0:0,0x03F2EE,AD0104,LDA,ABS,UNKNOWN|0|1,UNKNOWN|0|1,DBR:0401,V05C-contexts.csv,SOURCE_PROVED_NOT_YET_ADMITTED
TP07F481,07:F2F1:0:0:0,0x03F2F1,29FF00,AND,IMM_M,UNKNOWN|0|1,UNKNOWN,NONE,V05C-contexts.csv,SOURCE_PROVED_NOT_YET_ADMITTED
TP07F481,07:F2F4:0:0:0,0x03F2F4,8DA207,STA,ABS,UNKNOWN|0|1,UNKNOWN,DBR:07A2,V05C-contexts.csv,SOURCE_PROVED_NOT_YET_ADMITTED
TP07F481,07:F2F7:0:0:0,0x03F2F7,E230,SEP,IMM8,UNKNOWN|0|1,UNKNOWN,NONE,V05C-contexts.csv,SOURCE_PROVED_NOT_YET_ADMITTED
TP07F481,07:F2F9:0:1:1,0x03F2F9,68,PLA,IMP,UNKNOWN|0|1,UNKNOWN,NONE,V05C-contexts.csv,SOURCE_PROVED_NOT_YET_ADMITTED
TP07F481,07:F2FA:0:1:1,0x03F2FA,8D0104,STA,ABS,UNKNOWN|0|1,UNKNOWN,DBR:0401,V05C-contexts.csv,SOURCE_PROVED_NOT_YET_ADMITTED
TP07F481,07:F2FD:0:1:1,0x03F2FD,68,PLA,IMP,UNKNOWN|0|1,UNKNOWN,NONE,V05C-contexts.csv,SOURCE_PROVED_NOT_YET_ADMITTED
TP07F481,07:F2FE:0:1:1,0x03F2FE,8D0004,STA,ABS,UNKNOWN|0|1,UNKNOWN,DBR:0400,V05C-contexts.csv,SOURCE_PROVED_NOT_YET_ADMITTED
TP07F481,07:F301:0:1:1,0x03F301,C230,REP,IMM8,UNKNOWN|0|1,UNKNOWN,NONE,V05C-contexts.csv,SOURCE_PROVED_NOT_YET_ADMITTED
TP07F481,07:F303:0:0:0,0x03F303,68,PLA,IMP,UNKNOWN|0|1,UNKNOWN,NONE,V05C-contexts.csv,SOURCE_PROVED_NOT_YET_ADMITTED
TP07F481,07:F304:0:0:0,0x03F304,8D1104,STA,ABS,UNKNOWN|0|1,UNKNOWN,DBR:0411,V05C-contexts.csv,SOURCE_PROVED_NOT_YET_ADMITTED
TP07F481,07:F307:0:0:0,0x03F307,68,PLA,IMP,UNKNOWN|0|1,UNKNOWN,NONE,V05C-contexts.csv,SOURCE_PROVED_NOT_YET_ADMITTED
TP07F481,07:F308:0:0:0,0x03F308,8D0F04,STA,ABS,UNKNOWN|0|1,UNKNOWN,DBR:040F,V05C-contexts.csv,SOURCE_PROVED_NOT_YET_ADMITTED
TP07F481,07:F30B:0:0:0,0x03F30B,68,PLA,IMP,UNKNOWN|0|1,UNKNOWN,NONE,V05C-contexts.csv,SOURCE_PROVED_NOT_YET_ADMITTED
TP07F481,07:F30C:0:0:0,0x03F30C,8D0D04,STA,ABS,UNKNOWN|0|1,UNKNOWN,DBR:040D,V05C-contexts.csv,SOURCE_PROVED_NOT_YET_ADMITTED
TP07F481,07:F30F:0:0:0,0x03F30F,68,PLA,IMP,UNKNOWN|0|1,UNKNOWN,NONE,V05C-contexts.csv,SOURCE_PROVED_NOT_YET_ADMITTED
TP07F481,07:F310:0:0:0,0x03F310,8D0B04,STA,ABS,UNKNOWN|0|1,UNKNOWN,DBR:040B,V05C-contexts.csv,SOURCE_PROVED_NOT_YET_ADMITTED
TP07F481,07:F313:0:0:0,0x03F313,68,PLA,IMP,UNKNOWN|0|1,UNKNOWN,NONE,V05C-contexts.csv,SOURCE_PROVED_NOT_YET_ADMITTED
TP07F481,07:F314:0:0:0,0x03F314,8D1504,STA,ABS,UNKNOWN|0|1,UNKNOWN,DBR:0415,V05C-contexts.csv,SOURCE_PROVED_NOT_YET_ADMITTED
TP07F481,07:F317:0:0:0,0x03F317,E210,SEP,IMM8,UNKNOWN|0|1,UNKNOWN,NONE,V05C-contexts.csv,SOURCE_PROVED_NOT_YET_ADMITTED
TP07F481,07:F319:0:0:1,0x03F319,C220,REP,IMM8,UNKNOWN|0|1,UNKNOWN,NONE,V05C-contexts.csv,SOURCE_PROVED_NOT_YET_ADMITTED
TP07F481,07:F31B:0:0:1,0x03F31B,FA,PLX,IMP,UNKNOWN|0|1,UNKNOWN,NONE,V05C-contexts.csv,SOURCE_PROVED_NOT_YET_ADMITTED
TP07F481,07:F31C:0:0:1,0x03F31C,8E1E00,STX,ABS,UNKNOWN|0|1,UNKNOWN,DBR:001E,V05C-contexts.csv,SOURCE_PROVED_NOT_YET_ADMITTED
TP07F481,07:F31F:0:0:1,0x03F31F,68,PLA,IMP,UNKNOWN|0|1,UNKNOWN,NONE,V05C-contexts.csv,SOURCE_PROVED_NOT_YET_ADMITTED
TP07F481,07:F320:0:0:1,0x03F320,8D1C00,STA,ABS,UNKNOWN|0|1,UNKNOWN,DBR:001C,V05C-contexts.csv,SOURCE_PROVED_NOT_YET_ADMITTED
TP07F481,07:F323:0:0:1,0x03F323,FA,PLX,IMP,UNKNOWN|0|1,UNKNOWN,NONE,V05C-contexts.csv,SOURCE_PROVED_NOT_YET_ADMITTED
TP07F481,07:F324:0:0:1,0x03F324,8E1B00,STX,ABS,UNKNOWN|0|1,UNKNOWN,DBR:001B,V05C-contexts.csv,SOURCE_PROVED_NOT_YET_ADMITTED
TP07F481,07:F327:0:0:1,0x03F327,68,PLA,IMP,UNKNOWN|0|1,UNKNOWN,NONE,V05C-contexts.csv,SOURCE_PROVED_NOT_YET_ADMITTED
TP07F481,07:F328:0:0:1,0x03F328,8D1900,STA,ABS,UNKNOWN|0|1,UNKNOWN,DBR:0019,V05C-contexts.csv,SOURCE_PROVED_NOT_YET_ADMITTED
TP07F481,07:F32B:0:0:1,0x03F32B,FA,PLX,IMP,UNKNOWN|0|1,UNKNOWN,NONE,V05C-contexts.csv,SOURCE_PROVED_NOT_YET_ADMITTED
TP07F481,07:F32C:0:0:1,0x03F32C,8E1800,STX,ABS,UNKNOWN|0|1,UNKNOWN,DBR:0018,V05C-contexts.csv,SOURCE_PROVED_NOT_YET_ADMITTED
TP07F481,07:F32F:0:0:1,0x03F32F,68,PLA,IMP,UNKNOWN|0|1,UNKNOWN,NONE,V05C-contexts.csv,SOURCE_PROVED_NOT_YET_ADMITTED
TP07F481,07:F330:0:0:1,0x03F330,8D1600,STA,ABS,UNKNOWN|0|1,UNKNOWN,DBR:0016,V05C-contexts.csv,SOURCE_PROVED_NOT_YET_ADMITTED
TP07F481,07:F333:0:0:1,0x03F333,6B,RTL,IMP,UNKNOWN|0|1,UNKNOWN,NONE,V05C-contexts.csv,SOURCE_PROVED_NOT_YET_ADMITTED
