Family,Context,ROM_Offset,Bytes,Mnemonic,Mode,Carry_In_Facts,Zero_In_Facts,Access_Expression,Proof_Source,Admission_State
TP07F468,00:DD3B:0:1:1,0x005D3B,E210,SEP,IMM8,UNKNOWN,1,NONE,V05C-contexts.csv,SOURCE_PROVED_NOT_YET_ADMITTED
TP07F468,00:DD3D:0:1:1,0x005D3D,C220,REP,IMM8,UNKNOWN,1,NONE,V05C-contexts.csv,SOURCE_PROVED_NOT_YET_ADMITTED
TP07F468,00:DD3F:0:0:1,0x005D3F,AD1600,LDA,ABS,UNKNOWN,1,DBR:0016,V05C-contexts.csv,SOURCE_PROVED_NOT_YET_ADMITTED
TP07F468,00:DD42:0:0:1,0x005D42,48,PHA,IMP,UNKNOWN,UNKNOWN,NONE,V05C-contexts.csv,SOURCE_PROVED_NOT_YET_ADMITTED
TP07F468,00:DD43:0:0:1,0x005D43,AE1800,LDX,ABS,UNKNOWN,UNKNOWN,DBR:0018,V05C-contexts.csv,SOURCE_PROVED_NOT_YET_ADMITTED
TP07F468,00:DD46:0:0:1,0x005D46,DA,PHX,IMP,UNKNOWN,UNKNOWN,NONE,V05C-contexts.csv,SOURCE_PROVED_NOT_YET_ADMITTED
TP07F468,00:DD47:0:0:1,0x005D47,AD1900,LDA,ABS,UNKNOWN,UNKNOWN,DBR:0019,V05C-contexts.csv,SOURCE_PROVED_NOT_YET_ADMITTED
TP07F468,00:DD4A:0:0:1,0x005D4A,48,PHA,IMP,UNKNOWN,UNKNOWN,NONE,V05C-contexts.csv,SOURCE_PROVED_NOT_YET_ADMITTED
TP07F468,00:DD4B:0:0:1,0x005D4B,AE1B00,LDX,ABS,UNKNOWN,UNKNOWN,DBR:001B,V05C-contexts.csv,SOURCE_PROVED_NOT_YET_ADMITTED
TP07F468,00:DD4E:0:0:1,0x005D4E,DA,PHX,IMP,UNKNOWN,UNKNOWN,NONE,V05C-contexts.csv,SOURCE_PROVED_NOT_YET_ADMITTED
TP07F468,00:DD4F:0:0:1,0x005D4F,AD1C00,LDA,ABS,UNKNOWN,UNKNOWN,DBR:001C,V05C-contexts.csv,SOURCE_PROVED_NOT_YET_ADMITTED
TP07F468,00:DD52:0:0:1,0x005D52,48,PHA,IMP,UNKNOWN,UNKNOWN,NONE,V05C-contexts.csv,SOURCE_PROVED_NOT_YET_ADMITTED
TP07F468,00:DD53:0:0:1,0x005D53,AE1E00,LDX,ABS,UNKNOWN,UNKNOWN,DBR:001E,V05C-contexts.csv,SOURCE_PROVED_NOT_YET_ADMITTED
TP07F468,00:DD56:0:0:1,0x005D56,DA,PHX,IMP,UNKNOWN,UNKNOWN,NONE,V05C-contexts.csv,SOURCE_PROVED_NOT_YET_ADMITTED
TP07F468,00:DD57:0:0:1,0x005D57,AD1F00,LDA,ABS,UNKNOWN,UNKNOWN,DBR:001F,V05C-contexts.csv,SOURCE_PROVED_NOT_YET_ADMITTED
TP07F468,00:DD5A:0:0:1,0x005D5A,48,PHA,IMP,UNKNOWN,UNKNOWN,NONE,V05C-contexts.csv,SOURCE_PROVED_NOT_YET_ADMITTED
TP07F468,00:DD5B:0:0:1,0x005D5B,AE2100,LDX,ABS,UNKNOWN,UNKNOWN,DBR:0021,V05C-contexts.csv,SOURCE_PROVED_NOT_YET_ADMITTED
TP07F468,00:DD5E:0:0:1,0x005D5E,DA,PHX,IMP,UNKNOWN,UNKNOWN,NONE,V05C-contexts.csv,SOURCE_PROVED_NOT_YET_ADMITTED
TP07F468,00:DD5F:0:0:1,0x005D5F,AD4600,LDA,ABS,UNKNOWN,UNKNOWN,DBR:0046,V05C-contexts.csv,SOURCE_PROVED_NOT_YET_ADMITTED
TP07F468,00:DD62:0:0:1,0x005D62,48,PHA,IMP,UNKNOWN,UNKNOWN,NONE,V05C-contexts.csv,SOURCE_PROVED_NOT_YET_ADMITTED
TP07F468,00:DD63:0:0:1,0x005D63,AE4800,LDX,ABS,UNKNOWN,UNKNOWN,DBR:0048,V05C-contexts.csv,SOURCE_PROVED_NOT_YET_ADMITTED
TP07F468,00:DD66:0:0:1,0x005D66,DA,PHX,IMP,UNKNOWN,UNKNOWN,NONE,V05C-contexts.csv,SOURCE_PROVED_NOT_YET_ADMITTED
TP07F468,00:DD67:0:0:1,0x005D67,C230,REP,IMM8,UNKNOWN,UNKNOWN,NONE,V05C-contexts.csv,SOURCE_PROVED_NOT_YET_ADMITTED
TP07F468,00:DD69:0:0:0,0x005D69,AD0B04,LDA,ABS,UNKNOWN,UNKNOWN,DBR:040B,V05C-contexts.csv,SOURCE_PROVED_NOT_YET_ADMITTED
TP07F468,00:DD6C:0:0:0,0x005D6C,48,PHA,IMP,UNKNOWN,UNKNOWN,NONE,V05C-contexts.csv,SOURCE_PROVED_NOT_YET_ADMITTED
TP07F468,00:DD6D:0:0:0,0x005D6D,AD0D04,LDA,ABS,UNKNOWN,UNKNOWN,DBR:040D,V05C-contexts.csv,SOURCE_PROVED_NOT_YET_ADMITTED
TP07F468,00:DD70:0:0:0,0x005D70,48,PHA,IMP,UNKNOWN,UNKNOWN,NONE,V05C-contexts.csv,SOURCE_PROVED_NOT_YET_ADMITTED
TP07F468,00:DD71:0:0:0,0x005D71,AD0F04,LDA,ABS,UNKNOWN,UNKNOWN,DBR:040F,V05C-contexts.csv,SOURCE_PROVED_NOT_YET_ADMITTED
TP07F468,00:DD74:0:0:0,0x005D74,48,PHA,IMP,UNKNOWN,UNKNOWN,NONE,V05C-contexts.csv,SOURCE_PROVED_NOT_YET_ADMITTED
TP07F468,00:DD75:0:0:0,0x005D75,AD1104,LDA,ABS,UNKNOWN,UNKNOWN,DBR:0411,V05C-contexts.csv,SOURCE_PROVED_NOT_YET_ADMITTED
TP07F468,00:DD78:0:0:0,0x005D78,48,PHA,IMP,UNKNOWN,UNKNOWN,NONE,V05C-contexts.csv,SOURCE_PROVED_NOT_YET_ADMITTED
TP07F468,00:DD79:0:0:0,0x005D79,AD1304,LDA,ABS,UNKNOWN,UNKNOWN,DBR:0413,V05C-contexts.csv,SOURCE_PROVED_NOT_YET_ADMITTED
TP07F468,00:DD7C:0:0:0,0x005D7C,48,PHA,IMP,UNKNOWN,UNKNOWN,NONE,V05C-contexts.csv,SOURCE_PROVED_NOT_YET_ADMITTED
TP07F468,00:DD7D:0:0:0,0x005D7D,AD1504,LDA,ABS,UNKNOWN,UNKNOWN,DBR:0415,V05C-contexts.csv,SOURCE_PROVED_NOT_YET_ADMITTED
TP07F468,00:DD80:0:0:0,0x005D80,48,PHA,IMP,UNKNOWN,UNKNOWN,NONE,V05C-contexts.csv,SOURCE_PROVED_NOT_YET_ADMITTED
TP07F468,00:DD81:0:0:0,0x005D81,AD1704,LDA,ABS,UNKNOWN,UNKNOWN,DBR:0417,V05C-contexts.csv,SOURCE_PROVED_NOT_YET_ADMITTED
TP07F468,00:DD84:0:0:0,0x005D84,48,PHA,IMP,UNKNOWN,UNKNOWN,NONE,V05C-contexts.csv,SOURCE_PROVED_NOT_YET_ADMITTED
TP07F468,00:DD85:0:0:0,0x005D85,AD1904,LDA,ABS,UNKNOWN,UNKNOWN,DBR:0419,V05C-contexts.csv,SOURCE_PROVED_NOT_YET_ADMITTED
TP07F468,00:DD88:0:0:0,0x005D88,48,PHA,IMP,UNKNOWN,UNKNOWN,NONE,V05C-contexts.csv,SOURCE_PROVED_NOT_YET_ADMITTED
TP07F468,00:DD89:0:0:0,0x005D89,C230,REP,IMM8,UNKNOWN,UNKNOWN,NONE,V05C-contexts.csv,SOURCE_PROVED_NOT_YET_ADMITTED
TP07F468,00:DD8B:0:0:0,0x005D8B,AD8A07,LDA,ABS,UNKNOWN,UNKNOWN,DBR:078A,V05C-contexts.csv,SOURCE_PROVED_NOT_YET_ADMITTED
TP07F468,00:DD8E:0:0:0,0x005D8E,8D1600,STA,ABS,UNKNOWN,UNKNOWN,DBR:0016,V05C-contexts.csv,SOURCE_PROVED_NOT_YET_ADMITTED
TP07F468,00:DD91:0:0:0,0x005D91,E230,SEP,IMM8,UNKNOWN,UNKNOWN,NONE,V05C-contexts.csv,SOURCE_PROVED_NOT_YET_ADMITTED
TP07F468,00:DD93:0:1:1,0x005D93,AD8C07,LDA,ABS,UNKNOWN,UNKNOWN,DBR:078C,V05C-contexts.csv,SOURCE_PROVED_NOT_YET_ADMITTED
TP07F468,00:DD96:0:1:1,0x005D96,8D1800,STA,ABS,UNKNOWN,UNKNOWN,DBR:0018,V05C-contexts.csv,SOURCE_PROVED_NOT_YET_ADMITTED
TP07F468,00:DD99:0:1:1,0x005D99,A00D,LDY,IMM_X,UNKNOWN,UNKNOWN,NONE,V05C-contexts.csv,SOURCE_PROVED_NOT_YET_ADMITTED
TP07F468,00:DD9B:0:1:1,0x005D9B,B716,LDA,DP_IND_LONG_Y,UNKNOWN,0,NONE,V05C-contexts.csv,SOURCE_PROVED_NOT_YET_ADMITTED
TP07F468,00:DD9D:0:1:1,0x005D9D,C901,CMP,IMM_M,UNKNOWN,UNKNOWN,NONE,V05C-contexts.csv,SOURCE_PROVED_NOT_YET_ADMITTED
TP07F468,00:DD9F:0:1:1,0x005D9F,B00C,BCS,REL8,UNKNOWN,UNKNOWN,NONE,V05C-contexts.csv,SOURCE_PROVED_NOT_YET_ADMITTED
TP07F468,00:DDA1:0:1:1,0x005DA1,227F8707,JSL,ABSL_JUMP,0,UNKNOWN,NONE,V05C-contexts.csv,SOURCE_PROVED_NOT_YET_ADMITTED
TP07F468,00:DDA5:0:0:1,0x005DA5,C230,REP,IMM8,UNKNOWN,UNKNOWN,NONE,V05C-contexts.csv,SOURCE_PROVED_NOT_YET_ADMITTED
TP07F468,00:DDA7:0:0:0,0x005DA7,A90000,LDA,IMM_M,UNKNOWN,UNKNOWN,NONE,V05C-contexts.csv,SOURCE_PROVED_NOT_YET_ADMITTED
TP07F468,00:DDAA:0:0:0,0x005DAA,826209,BRL,REL16,UNKNOWN,1,NONE,V05C-contexts.csv,SOURCE_PROVED_NOT_YET_ADMITTED
TP07F468,00:DDAD:0:1:1,0x005DAD,E230,SEP,IMM8,1,UNKNOWN,NONE,V05C-contexts.csv,SOURCE_PROVED_NOT_YET_ADMITTED
TP07F468,00:DDAF:0:1:1,0x005DAF,A00A,LDY,IMM_X,1,UNKNOWN,NONE,V05C-contexts.csv,SOURCE_PROVED_NOT_YET_ADMITTED
TP07F468,00:DDB1:0:1:1,0x005DB1,B716,LDA,DP_IND_LONG_Y,1,0,NONE,V05C-contexts.csv,SOURCE_PROVED_NOT_YET_ADMITTED
TP07F468,00:DDB3:0:1:1,0x005DB3,C980,CMP,IMM_M,1,UNKNOWN,NONE,V05C-contexts.csv,SOURCE_PROVED_NOT_YET_ADMITTED
TP07F468,00:DDB5:0:1:1,0x005DB5,F003,BEQ,REL8,UNKNOWN,UNKNOWN,NONE,V05C-contexts.csv,SOURCE_PROVED_NOT_YET_ADMITTED
TP07F468,00:DDB7:0:1:1,0x005DB7,82A604,BRL,REL16,UNKNOWN,0,NONE,V05C-contexts.csv,SOURCE_PROVED_NOT_YET_ADMITTED
TP07F468,00:DDBA:0:1:1,0x005DBA,A00C,LDY,IMM_X,UNKNOWN,1,NONE,V05C-contexts.csv,SOURCE_PROVED_NOT_YET_ADMITTED
TP07F468,00:DDBC:0:1:1,0x005DBC,B716,LDA,DP_IND_LONG_Y,UNKNOWN,0,NONE,V05C-contexts.csv,SOURCE_PROVED_NOT_YET_ADMITTED
TP07F468,00:DDBE:0:1:1,0x005DBE,C980,CMP,IMM_M,UNKNOWN,UNKNOWN,NONE,V05C-contexts.csv,SOURCE_PROVED_NOT_YET_ADMITTED
TP07F468,00:DDC0:0:1:1,0x005DC0,F003,BEQ,REL8,UNKNOWN,UNKNOWN,NONE,V05C-contexts.csv,SOURCE_PROVED_NOT_YET_ADMITTED
TP07F468,00:DDC2:0:1:1,0x005DC2,829B04,BRL,REL16,UNKNOWN,0,NONE,V05C-contexts.csv,SOURCE_PROVED_NOT_YET_ADMITTED
TP07F468,00:DDC5:0:1:1,0x005DC5,A009,LDY,IMM_X,UNKNOWN,1,NONE,V05C-contexts.csv,SOURCE_PROVED_NOT_YET_ADMITTED
TP07F468,00:DDC7:0:1:1,0x005DC7,B716,LDA,DP_IND_LONG_Y,UNKNOWN,0,NONE,V05C-contexts.csv,SOURCE_PROVED_NOT_YET_ADMITTED
TP07F468,00:DDC9:0:1:1,0x005DC9,2902,AND,IMM_M,UNKNOWN,UNKNOWN,NONE,V05C-contexts.csv,SOURCE_PROVED_NOT_YET_ADMITTED
TP07F468,00:DDCB:0:1:1,0x005DCB,F003,BEQ,REL8,UNKNOWN,UNKNOWN,NONE,V05C-contexts.csv,SOURCE_PROVED_NOT_YET_ADMITTED
TP07F468,00:DDCD:0:1:1,0x005DCD,828804,BRL,REL16,UNKNOWN,0,NONE,V05C-contexts.csv,SOURCE_PROVED_NOT_YET_ADMITTED
TP07F468,00:DDD0:0:1:1,0x005DD0,E210,SEP,IMM8,UNKNOWN,1,NONE,V05C-contexts.csv,SOURCE_PROVED_NOT_YET_ADMITTED
TP07F468,00:DDD2:0:1:1,0x005DD2,C220,REP,IMM8,UNKNOWN,1,NONE,V05C-contexts.csv,SOURCE_PROVED_NOT_YET_ADMITTED
TP07F468,00:DDD4:0:0:1,0x005DD4,A00B,LDY,IMM_X,UNKNOWN,1,NONE,V05C-contexts.csv,SOURCE_PROVED_NOT_YET_ADMITTED
TP07F468,00:DDD6:0:0:1,0x005DD6,B716,LDA,DP_IND_LONG_Y,UNKNOWN,0,NONE,V05C-contexts.csv,SOURCE_PROVED_NOT_YET_ADMITTED
TP07F468,00:DDD8:0:0:1,0x005DD8,29FF00,AND,IMM_M,UNKNOWN,UNKNOWN,NONE,V05C-contexts.csv,SOURCE_PROVED_NOT_YET_ADMITTED
TP07F468,00:DDDB:0:0:1,0x005DDB,8D1104,STA,ABS,UNKNOWN,UNKNOWN,DBR:0411,V05C-contexts.csv,SOURCE_PROVED_NOT_YET_ADMITTED
TP07F468,00:DDDE:0:0:1,0x005DDE,A00D,LDY,IMM_X,UNKNOWN,UNKNOWN,NONE,V05C-contexts.csv,SOURCE_PROVED_NOT_YET_ADMITTED
TP07F468,00:DDE0:0:0:1,0x005DE0,B716,LDA,DP_IND_LONG_Y,UNKNOWN,0,NONE,V05C-contexts.csv,SOURCE_PROVED_NOT_YET_ADMITTED
TP07F468,00:DDE2:0:0:1,0x005DE2,29FF00,AND,IMM_M,UNKNOWN,UNKNOWN,NONE,V05C-contexts.csv,SOURCE_PROVED_NOT_YET_ADMITTED
TP07F468,00:DDE5:0:0:1,0x005DE5,8D1304,STA,ABS,UNKNOWN,UNKNOWN,DBR:0413,V05C-contexts.csv,SOURCE_PROVED_NOT_YET_ADMITTED
TP07F468,00:DDE8:0:0:1,0x005DE8,AD1304,LDA,ABS,UNKNOWN,UNKNOWN,DBR:0413,V05C-contexts.csv,SOURCE_PROVED_NOT_YET_ADMITTED
TP07F468,00:DDEB:0:0:1,0x005DEB,A240,LDX,IMM_X,UNKNOWN,UNKNOWN,NONE,V05C-contexts.csv,SOURCE_PROVED_NOT_YET_ADMITTED
TP07F468,00:DDED:0:0:1,0x005DED,E230,SEP,IMM8,UNKNOWN,0,NONE,V05C-contexts.csv,SOURCE_PROVED_NOT_YET_ADMITTED
TP07F468,00:DDEF:0:1:1,0x005DEF,8D1B21,STA,ABS,UNKNOWN,0,DBR:211B,V05C-contexts.csv,SOURCE_PROVED_NOT_YET_ADMITTED
TP07F468,00:DDF2:0:1:1,0x005DF2,EB,XBA,IMP,UNKNOWN,0,NONE,V05C-contexts.csv,SOURCE_PROVED_NOT_YET_ADMITTED
TP07F468,00:DDF3:0:1:1,0x005DF3,8D1B21,STA,ABS,UNKNOWN,UNKNOWN,DBR:211B,V05C-contexts.csv,SOURCE_PROVED_NOT_YET_ADMITTED
TP07F468,00:DDF6:0:1:1,0x005DF6,8E1C21,STX,ABS,UNKNOWN,UNKNOWN,DBR:211C,V05C-contexts.csv,SOURCE_PROVED_NOT_YET_ADMITTED
TP07F468,00:DDF9:0:1:1,0x005DF9,E210,SEP,IMM8,UNKNOWN,UNKNOWN,NONE,V05C-contexts.csv,SOURCE_PROVED_NOT_YET_ADMITTED
TP07F468,00:DDFB:0:1:1,0x005DFB,C220,REP,IMM8,UNKNOWN,UNKNOWN,NONE,V05C-contexts.csv,SOURCE_PROVED_NOT_YET_ADMITTED
TP07F468,00:DDFD:0:0:1,0x005DFD,AD3421,LDA,ABS,UNKNOWN,UNKNOWN,DBR:2134,V05C-contexts.csv,SOURCE_PROVED_NOT_YET_ADMITTED
TP07F468,00:DE00:0:0:1,0x005E00,AE3621,LDX,ABS,UNKNOWN,UNKNOWN,DBR:2136,V05C-contexts.csv,SOURCE_PROVED_NOT_YET_ADMITTED
TP07F468,00:DE03:0:0:1,0x005E03,18,CLC,IMP,UNKNOWN,UNKNOWN,NONE,V05C-contexts.csv,SOURCE_PROVED_NOT_YET_ADMITTED
TP07F468,00:DE04:0:0:1,0x005E04,6D1104,ADC,ABS,0,UNKNOWN,DBR:0411,V05C-contexts.csv,SOURCE_PROVED_NOT_YET_ADMITTED
TP07F468,00:DE07:0:0:1,0x005E07,C230,REP,IMM8,UNKNOWN,UNKNOWN,NONE,V05C-contexts.csv,SOURCE_PROVED_NOT_YET_ADMITTED
TP07F468,00:DE09:0:0:0,0x005E09,A8,TAY,IMP,UNKNOWN,UNKNOWN,NONE,V05C-contexts.csv,SOURCE_PROVED_NOT_YET_ADMITTED
TP07F468,00:DE0A:0:0:0,0x005E0A,98,TYA,IMP,UNKNOWN,UNKNOWN,NONE,V05C-contexts.csv,SOURCE_PROVED_NOT_YET_ADMITTED
TP07F468,00:DE0B:0:0:0,0x005E0B,0A,ASL,ACC,UNKNOWN,UNKNOWN,NONE,V05C-contexts.csv,SOURCE_PROVED_NOT_YET_ADMITTED
TP07F468,00:DE0C:0:0:0,0x005E0C,0A,ASL,ACC,UNKNOWN,UNKNOWN,NONE,V05C-contexts.csv,SOURCE_PROVED_NOT_YET_ADMITTED
TP07F468,00:DE0D:0:0:0,0x005E0D,A8,TAY,IMP,UNKNOWN,UNKNOWN,NONE,V05C-contexts.csv,SOURCE_PROVED_NOT_YET_ADMITTED
TP07F468,00:DE0E:0:0:0,0x005E0E,18,CLC,IMP,UNKNOWN,UNKNOWN,NONE,V05C-contexts.csv,SOURCE_PROVED_NOT_YET_ADMITTED
TP07F468,00:DE0F:0:0:0,0x005E0F,6D4F00,ADC,ABS,0,UNKNOWN,DBR:004F,V05C-contexts.csv,SOURCE_PROVED_NOT_YET_ADMITTED
TP07F468,00:DE12:0:0:0,0x005E12,8D4600,STA,ABS,UNKNOWN,UNKNOWN,DBR:0046,V05C-contexts.csv,SOURCE_PROVED_NOT_YET_ADMITTED
TP07F468,00:DE15:0:0:0,0x005E15,E230,SEP,IMM8,UNKNOWN,UNKNOWN,NONE,V05C-contexts.csv,SOURCE_PROVED_NOT_YET_ADMITTED
TP07F468,00:DE17:0:1:1,0x005E17,AD5100,LDA,ABS,UNKNOWN,UNKNOWN,DBR:0051,V05C-contexts.csv,SOURCE_PROVED_NOT_YET_ADMITTED
TP07F468,00:DE1A:0:1:1,0x005E1A,8D4800,STA,ABS,UNKNOWN,UNKNOWN,DBR:0048,V05C-contexts.csv,SOURCE_PROVED_NOT_YET_ADMITTED
TP07F468,00:DE1D:0:1:1,0x005E1D,A002,LDY,IMM_X,UNKNOWN,UNKNOWN,NONE,V05C-contexts.csv,SOURCE_PROVED_NOT_YET_ADMITTED
TP07F468,00:DE1F:0:1:1,0x005E1F,B746,LDA,DP_IND_LONG_Y,UNKNOWN,0,NONE,V05C-contexts.csv,SOURCE_PROVED_NOT_YET_ADMITTED
TP07F468,00:DE21:0:1:1,0x005E21,C230,REP,IMM8,UNKNOWN,UNKNOWN,NONE,V05C-contexts.csv,SOURCE_PROVED_NOT_YET_ADMITTED
TP07F468,00:DE23:0:0:0,0x005E23,29FF00,AND,IMM_M,UNKNOWN,UNKNOWN,NONE,V05C-contexts.csv,SOURCE_PROVED_NOT_YET_ADMITTED
TP07F468,00:DE26:0:0:0,0x005E26,8D1504,STA,ABS,UNKNOWN,UNKNOWN,DBR:0415,V05C-contexts.csv,SOURCE_PROVED_NOT_YET_ADMITTED
TP07F468,00:DE29:0:0:0,0x005E29,A8,TAY,IMP,UNKNOWN,UNKNOWN,NONE,V05C-contexts.csv,SOURCE_PROVED_NOT_YET_ADMITTED
TP07F468,00:DE2A:0:0:0,0x005E2A,98,TYA,IMP,UNKNOWN,UNKNOWN,NONE,V05C-contexts.csv,SOURCE_PROVED_NOT_YET_ADMITTED
TP07F468,00:DE2B:0:0:0,0x005E2B,0A,ASL,ACC,UNKNOWN,UNKNOWN,NONE,V05C-contexts.csv,SOURCE_PROVED_NOT_YET_ADMITTED
TP07F468,00:DE2C:0:0:0,0x005E2C,0A,ASL,ACC,UNKNOWN,UNKNOWN,NONE,V05C-contexts.csv,SOURCE_PROVED_NOT_YET_ADMITTED
TP07F468,00:DE2D:0:0:0,0x005E2D,A8,TAY,IMP,UNKNOWN,UNKNOWN,NONE,V05C-contexts.csv,SOURCE_PROVED_NOT_YET_ADMITTED
TP07F468,00:DE2E:0:0:0,0x005E2E,AA,TAX,IMP,UNKNOWN,UNKNOWN,NONE,V05C-contexts.csv,SOURCE_PROVED_NOT_YET_ADMITTED
TP07F468,00:DE2F:0:0:0,0x005E2F,BFB78801,LDA,ABSL_X,UNKNOWN,UNKNOWN,01:88B7+X,V05C-contexts.csv,SOURCE_PROVED_NOT_YET_ADMITTED
TP07F468,00:DE33:0:0:0,0x005E33,290800,AND,IMM_M,UNKNOWN,UNKNOWN,NONE,V05C-contexts.csv,SOURCE_PROVED_NOT_YET_ADMITTED
TP07F468,00:DE36:0:0:0,0x005E36,D003,BNE,REL8,UNKNOWN,UNKNOWN,NONE,V05C-contexts.csv,SOURCE_PROVED_NOT_YET_ADMITTED
TP07F468,00:DE38:0:0:0,0x005E38,82AC03,BRL,REL16,UNKNOWN,1,NONE,V05C-contexts.csv,SOURCE_PROVED_NOT_YET_ADMITTED
TP07F468,00:DE3B:0:0:0,0x005E3B,AC1504,LDY,ABS,UNKNOWN,0,DBR:0415,V05C-contexts.csv,SOURCE_PROVED_NOT_YET_ADMITTED
TP07F468,00:DE3E:0:0:0,0x005E3E,98,TYA,IMP,UNKNOWN,UNKNOWN,NONE,V05C-contexts.csv,SOURCE_PROVED_NOT_YET_ADMITTED
TP07F468,00:DE3F:0:0:0,0x005E3F,0A,ASL,ACC,UNKNOWN,UNKNOWN,NONE,V05C-contexts.csv,SOURCE_PROVED_NOT_YET_ADMITTED
TP07F468,00:DE40:0:0:0,0x005E40,0A,ASL,ACC,UNKNOWN,UNKNOWN,NONE,V05C-contexts.csv,SOURCE_PROVED_NOT_YET_ADMITTED
TP07F468,00:DE41:0:0:0,0x005E41,A8,TAY,IMP,UNKNOWN,UNKNOWN,NONE,V05C-contexts.csv,SOURCE_PROVED_NOT_YET_ADMITTED
TP07F468,00:DE42:0:0:0,0x005E42,BB,TYX,IMP,UNKNOWN,UNKNOWN,NONE,V05C-contexts.csv,SOURCE_PROVED_NOT_YET_ADMITTED
TP07F468,00:DE43:0:0:0,0x005E43,BFBA8801,LDA,ABSL_X,UNKNOWN,UNKNOWN,01:88BA+X,V05C-contexts.csv,SOURCE_PROVED_NOT_YET_ADMITTED
TP07F468,00:DE47:0:0:0,0x005E47,29FF00,AND,IMM_M,UNKNOWN,UNKNOWN,NONE,V05C-contexts.csv,SOURCE_PROVED_NOT_YET_ADMITTED
TP07F468,00:DE4A:0:0:0,0x005E4A,AA,TAX,IMP,UNKNOWN,UNKNOWN,NONE,V05C-contexts.csv,SOURCE_PROVED_NOT_YET_ADMITTED
TP07F468,00:DE4B:0:0:0,0x005E4B,BFC98D01,LDA,ABSL_X,UNKNOWN,UNKNOWN,01:8DC9+X,V05C-contexts.csv,SOURCE_PROVED_NOT_YET_ADMITTED
TP07F468,00:DE4F:0:0:0,0x005E4F,29FF00,AND,IMM_M,UNKNOWN,UNKNOWN,NONE,V05C-contexts.csv,SOURCE_PROVED_NOT_YET_ADMITTED
TP07F468,00:DE52:0:0:0,0x005E52,8D0F04,STA,ABS,UNKNOWN,UNKNOWN,DBR:040F,V05C-contexts.csv,SOURCE_PROVED_NOT_YET_ADMITTED
TP07F468,00:DE55:0:0:0,0x005E55,8D1904,STA,ABS,UNKNOWN,UNKNOWN,DBR:0419,V05C-contexts.csv,SOURCE_PROVED_NOT_YET_ADMITTED
TP07F468,00:DE58:0:0:0,0x005E58,E230,SEP,IMM8,UNKNOWN,UNKNOWN,NONE,V05C-contexts.csv,SOURCE_PROVED_NOT_YET_ADMITTED
TP07F468,00:DE5A:0:1:1,0x005E5A,A016,LDY,IMM_X,UNKNOWN,UNKNOWN,NONE,V05C-contexts.csv,SOURCE_PROVED_NOT_YET_ADMITTED
TP07F468,00:DE5C:0:1:1,0x005E5C,B716,LDA,DP_IND_LONG_Y,UNKNOWN,0,NONE,V05C-contexts.csv,SOURCE_PROVED_NOT_YET_ADMITTED
TP07F468,00:DE5E:0:1:1,0x005E5E,AA,TAX,IMP,UNKNOWN,UNKNOWN,NONE,V05C-contexts.csv,SOURCE_PROVED_NOT_YET_ADMITTED
TP07F468,00:DE5F:0:1:1,0x005E5F,BF138E01,LDA,ABSL_X,UNKNOWN,UNKNOWN,01:8E13+X,V05C-contexts.csv,SOURCE_PROVED_NOT_YET_ADMITTED
TP07F468,00:DE63:0:1:1,0x005E63,C230,REP,IMM8,UNKNOWN,UNKNOWN,NONE,V05C-contexts.csv,SOURCE_PROVED_NOT_YET_ADMITTED
TP07F468,00:DE65:0:0:0,0x005E65,29FF00,AND,IMM_M,UNKNOWN,UNKNOWN,NONE,V05C-contexts.csv,SOURCE_PROVED_NOT_YET_ADMITTED
TP07F468,00:DE68:0:0:0,0x005E68,49FFFF,EOR,IMM_M,UNKNOWN,UNKNOWN,NONE,V05C-contexts.csv,SOURCE_PROVED_NOT_YET_ADMITTED
TP07F468,00:DE6B:0:0:0,0x005E6B,2D0F04,AND,ABS,UNKNOWN,UNKNOWN,DBR:040F,V05C-contexts.csv,SOURCE_PROVED_NOT_YET_ADMITTED
TP07F468,00:DE6E:0:0:0,0x005E6E,8D0F04,STA,ABS,UNKNOWN,UNKNOWN,DBR:040F,V05C-contexts.csv,SOURCE_PROVED_NOT_YET_ADMITTED
TP07F468,00:DE71:0:0:0,0x005E71,CD1904,CMP,ABS,UNKNOWN,UNKNOWN,DBR:0419,V05C-contexts.csv,SOURCE_PROVED_NOT_YET_ADMITTED
TP07F468,00:DE74:0:0:0,0x005E74,D003,BNE,REL8,UNKNOWN,UNKNOWN,NONE,V05C-contexts.csv,SOURCE_PROVED_NOT_YET_ADMITTED
TP07F468,00:DE76:0:0:0,0x005E76,829602,BRL,REL16,UNKNOWN,1,NONE,V05C-contexts.csv,SOURCE_PROVED_NOT_YET_ADMITTED
TP07F468,00:DE79:0:0:0,0x005E79,AD0F04,LDA,ABS,UNKNOWN,0,DBR:040F,V05C-contexts.csv,SOURCE_PROVED_NOT_YET_ADMITTED
TP07F468,00:DE7C:0:0:0,0x005E7C,F003,BEQ,REL8,UNKNOWN,UNKNOWN,NONE,V05C-contexts.csv,SOURCE_PROVED_NOT_YET_ADMITTED
TP07F468,00:DE7E:0:0:0,0x005E7E,820501,BRL,REL16,UNKNOWN,0,NONE,V05C-contexts.csv,SOURCE_PROVED_NOT_YET_ADMITTED
TP07F468,00:DE81:0:0:0,0x005E81,9C1504,STZ,ABS,UNKNOWN,1,DBR:0415,V05C-contexts.csv,SOURCE_PROVED_NOT_YET_ADMITTED
TP07F468,00:DE84:0:0:0,0x005E84,9C1704,STZ,ABS,UNKNOWN,1,DBR:0417,V05C-contexts.csv,SOURCE_PROVED_NOT_YET_ADMITTED
TP07F468,00:DE87:0:0:0,0x005E87,AD1504,LDA,ABS,UNKNOWN,UNKNOWN|1,DBR:0415,V05C-contexts.csv,SOURCE_PROVED_NOT_YET_ADMITTED
TP07F468,00:DE8A:0:0:0,0x005E8A,C90500,CMP,IMM_M,UNKNOWN,UNKNOWN,NONE,V05C-contexts.csv,SOURCE_PROVED_NOT_YET_ADMITTED
TP07F468,00:DE8D:0:0:0,0x005E8D,9003,BCC,REL8,UNKNOWN,UNKNOWN,NONE,V05C-contexts.csv,SOURCE_PROVED_NOT_YET_ADMITTED
TP07F468,00:DE8F:0:0:0,0x005E8F,4C72DF,JMP,ABS_JUMP,1,UNKNOWN,NONE,V05C-contexts.csv,SOURCE_PROVED_NOT_YET_ADMITTED
TP07F468,00:DE92:0:0:0,0x005E92,AC1704,LDY,ABS,0,UNKNOWN,DBR:0417,V05C-contexts.csv,SOURCE_PROVED_NOT_YET_ADMITTED
TP07F468,00:DE95:0:0:0,0x005E95,98,TYA,IMP,0,UNKNOWN,NONE,V05C-contexts.csv,SOURCE_PROVED_NOT_YET_ADMITTED
TP07F468,00:DE96:0:0:0,0x005E96,0A,ASL,ACC,0,UNKNOWN,NONE,V05C-contexts.csv,SOURCE_PROVED_NOT_YET_ADMITTED
TP07F468,00:DE97:0:0:0,0x005E97,A8,TAY,IMP,UNKNOWN,UNKNOWN,NONE,V05C-contexts.csv,SOURCE_PROVED_NOT_YET_ADMITTED
TP07F468,00:DE98:0:0:0,0x005E98,AA,TAX,IMP,UNKNOWN,UNKNOWN,NONE,V05C-contexts.csv,SOURCE_PROVED_NOT_YET_ADMITTED
TP07F468,00:DE99:0:0:0,0x005E99,BF198E01,LDA,ABSL_X,UNKNOWN,UNKNOWN,01:8E19+X,V05C-contexts.csv,SOURCE_PROVED_NOT_YET_ADMITTED
TP07F468,00:DE9D:0:0:0,0x005E9D,A8,TAY,IMP,UNKNOWN,UNKNOWN,NONE,V05C-contexts.csv,SOURCE_PROVED_NOT_YET_ADMITTED
TP07F468,00:DE9E:0:0:0,0x005E9E,98,TYA,IMP,UNKNOWN,UNKNOWN,NONE,V05C-contexts.csv,SOURCE_PROVED_NOT_YET_ADMITTED
TP07F468,00:DE9F:0:0:0,0x005E9F,0A,ASL,ACC,UNKNOWN,UNKNOWN,NONE,V05C-contexts.csv,SOURCE_PROVED_NOT_YET_ADMITTED
TP07F468,00:DEA0:0:0:0,0x005EA0,0A,ASL,ACC,UNKNOWN,UNKNOWN,NONE,V05C-contexts.csv,SOURCE_PROVED_NOT_YET_ADMITTED
TP07F468,00:DEA1:0:0:0,0x005EA1,A8,TAY,IMP,UNKNOWN,UNKNOWN,NONE,V05C-contexts.csv,SOURCE_PROVED_NOT_YET_ADMITTED
TP07F468,00:DEA2:0:0:0,0x005EA2,18,CLC,IMP,UNKNOWN,UNKNOWN,NONE,V05C-contexts.csv,SOURCE_PROVED_NOT_YET_ADMITTED
TP07F468,00:DEA3:0:0:0,0x005EA3,6D4600,ADC,ABS,0,UNKNOWN,DBR:0046,V05C-contexts.csv,SOURCE_PROVED_NOT_YET_ADMITTED
TP07F468,00:DEA6:0:0:0,0x005EA6,8D6400,STA,ABS,UNKNOWN,UNKNOWN,DBR:0064,V05C-contexts.csv,SOURCE_PROVED_NOT_YET_ADMITTED
TP07F468,00:DEA9:0:0:0,0x005EA9,E230,SEP,IMM8,UNKNOWN,UNKNOWN,NONE,V05C-contexts.csv,SOURCE_PROVED_NOT_YET_ADMITTED
TP07F468,00:DEAB:0:1:1,0x005EAB,AD4800,LDA,ABS,UNKNOWN,UNKNOWN,DBR:0048,V05C-contexts.csv,SOURCE_PROVED_NOT_YET_ADMITTED
TP07F468,00:DEAE:0:1:1,0x005EAE,8D6600,STA,ABS,UNKNOWN,UNKNOWN,DBR:0066,V05C-contexts.csv,SOURCE_PROVED_NOT_YET_ADMITTED
TP07F468,00:DEB1:0:1:1,0x005EB1,A002,LDY,IMM_X,UNKNOWN,UNKNOWN,NONE,V05C-contexts.csv,SOURCE_PROVED_NOT_YET_ADMITTED
TP07F468,00:DEB3:0:1:1,0x005EB3,B764,LDA,DP_IND_LONG_Y,UNKNOWN,0,NONE,V05C-contexts.csv,SOURCE_PROVED_NOT_YET_ADMITTED
TP07F468,00:DEB5:0:1:1,0x005EB5,C230,REP,IMM8,UNKNOWN,UNKNOWN,NONE,V05C-contexts.csv,SOURCE_PROVED_NOT_YET_ADMITTED
TP07F468,00:DEB7:0:0:0,0x005EB7,29FF00,AND,IMM_M,UNKNOWN,UNKNOWN,NONE,V05C-contexts.csv,SOURCE_PROVED_NOT_YET_ADMITTED
TP07F468,00:DEBA:0:0:0,0x005EBA,A8,TAY,IMP,UNKNOWN,UNKNOWN,NONE,V05C-contexts.csv,SOURCE_PROVED_NOT_YET_ADMITTED
TP07F468,00:DEBB:0:0:0,0x005EBB,98,TYA,IMP,UNKNOWN,UNKNOWN,NONE,V05C-contexts.csv,SOURCE_PROVED_NOT_YET_ADMITTED
TP07F468,00:DEBC:0:0:0,0x005EBC,0A,ASL,ACC,UNKNOWN,UNKNOWN,NONE,V05C-contexts.csv,SOURCE_PROVED_NOT_YET_ADMITTED
TP07F468,00:DEBD:0:0:0,0x005EBD,0A,ASL,ACC,UNKNOWN,UNKNOWN,NONE,V05C-contexts.csv,SOURCE_PROVED_NOT_YET_ADMITTED
TP07F468,00:DEBE:0:0:0,0x005EBE,A8,TAY,IMP,UNKNOWN,UNKNOWN,NONE,V05C-contexts.csv,SOURCE_PROVED_NOT_YET_ADMITTED
TP07F468,00:DEBF:0:0:0,0x005EBF,AA,TAX,IMP,UNKNOWN,UNKNOWN,NONE,V05C-contexts.csv,SOURCE_PROVED_NOT_YET_ADMITTED
TP07F468,00:DEC0:0:0:0,0x005EC0,BFB78801,LDA,ABSL_X,UNKNOWN,UNKNOWN,01:88B7+X,V05C-contexts.csv,SOURCE_PROVED_NOT_YET_ADMITTED
TP07F468,00:DEC4:0:0:0,0x005EC4,8D8A07,STA,ABS,UNKNOWN,UNKNOWN,DBR:078A,V05C-contexts.csv,SOURCE_PROVED_NOT_YET_ADMITTED
TP07F468,00:DEC7:0:0:0,0x005EC7,290040,AND,IMM_M,UNKNOWN,UNKNOWN,NONE,V05C-contexts.csv,SOURCE_PROVED_NOT_YET_ADMITTED
TP07F468,00:DECA:0:0:0,0x005ECA,F003,BEQ,REL8,UNKNOWN,UNKNOWN,NONE,V05C-contexts.csv,SOURCE_PROVED_NOT_YET_ADMITTED
TP07F468,00:DECC:0:0:0,0x005ECC,82AE00,BRL,REL16,UNKNOWN,0,NONE,V05C-contexts.csv,SOURCE_PROVED_NOT_YET_ADMITTED
TP07F468,00:DECF:0:0:0,0x005ECF,AD8A07,LDA,ABS,UNKNOWN,1,DBR:078A,V05C-contexts.csv,SOURCE_PROVED_NOT_YET_ADMITTED
TP07F468,00:DED2:0:0:0,0x005ED2,290200,AND,IMM_M,UNKNOWN,UNKNOWN,NONE,V05C-contexts.csv,SOURCE_PROVED_NOT_YET_ADMITTED
TP07F468,00:DED5:0:0:0,0x005ED5,D003,BNE,REL8,UNKNOWN,UNKNOWN,NONE,V05C-contexts.csv,SOURCE_PROVED_NOT_YET_ADMITTED
TP07F468,00:DED7:0:0:0,0x005ED7,828500,BRL,REL16,UNKNOWN,1,NONE,V05C-contexts.csv,SOURCE_PROVED_NOT_YET_ADMITTED
TP07F468,00:DEDA:0:0:0,0x005EDA,E230,SEP,IMM8,UNKNOWN,0,NONE,V05C-contexts.csv,SOURCE_PROVED_NOT_YET_ADMITTED
TP07F468,00:DEDC:0:1:1,0x005EDC,A04E,LDY,IMM_X,UNKNOWN,0,NONE,V05C-contexts.csv,SOURCE_PROVED_NOT_YET_ADMITTED
TP07F468,00:DEDE:0:1:1,0x005EDE,B716,LDA,DP_IND_LONG_Y,UNKNOWN,0,NONE,V05C-contexts.csv,SOURCE_PROVED_NOT_YET_ADMITTED
TP07F468,00:DEE0:0:1:1,0x005EE0,F003,BEQ,REL8,UNKNOWN,UNKNOWN,NONE,V05C-contexts.csv,SOURCE_PROVED_NOT_YET_ADMITTED
TP07F468,00:DEE2:0:1:1,0x005EE2,827200,BRL,REL16,UNKNOWN,0,NONE,V05C-contexts.csv,SOURCE_PROVED_NOT_YET_ADMITTED
TP07F468,00:DEE5:0:1:1,0x005EE5,A05B,LDY,IMM_X,UNKNOWN,1,NONE,V05C-contexts.csv,SOURCE_PROVED_NOT_YET_ADMITTED
TP07F468,00:DEE7:0:1:1,0x005EE7,A900,LDA,IMM_M,UNKNOWN,0,NONE,V05C-contexts.csv,SOURCE_PROVED_NOT_YET_ADMITTED
TP07F468,00:DEE9:0:1:1,0x005EE9,9716,STA,DP_IND_LONG_Y,UNKNOWN,1,NONE,V05C-contexts.csv,SOURCE_PROVED_NOT_YET_ADMITTED
TP07F468,00:DEEB:0:1:1,0x005EEB,A010,LDY,IMM_X,UNKNOWN,1,NONE,V05C-contexts.csv,SOURCE_PROVED_NOT_YET_ADMITTED
TP07F468,00:DEED:0:1:1,0x005EED,A908,LDA,IMM_M,UNKNOWN,0,NONE,V05C-contexts.csv,SOURCE_PROVED_NOT_YET_ADMITTED
TP07F468,00:DEEF:0:1:1,0x005EEF,9716,STA,DP_IND_LONG_Y,UNKNOWN,0,NONE,V05C-contexts.csv,SOURCE_PROVED_NOT_YET_ADMITTED
TP07F468,00:DEF1:0:1:1,0x005EF1,E210,SEP,IMM8,UNKNOWN,0,NONE,V05C-contexts.csv,SOURCE_PROVED_NOT_YET_ADMITTED
TP07F468,00:DEF3:0:1:1,0x005EF3,C220,REP,IMM8,UNKNOWN,0,NONE,V05C-contexts.csv,SOURCE_PROVED_NOT_YET_ADMITTED
TP07F468,00:DEF5:0:0:1,0x005EF5,A017,LDY,IMM_X,UNKNOWN,0,NONE,V05C-contexts.csv,SOURCE_PROVED_NOT_YET_ADMITTED
TP07F468,00:DEF7:0:0:1,0x005EF7,B716,LDA,DP_IND_LONG_Y,UNKNOWN,0,NONE,V05C-contexts.csv,SOURCE_PROVED_NOT_YET_ADMITTED
TP07F468,00:DEF9:0:0:1,0x005EF9,AA,TAX,IMP,UNKNOWN,UNKNOWN,NONE,V05C-contexts.csv,SOURCE_PROVED_NOT_YET_ADMITTED
TP07F468,00:DEFA:0:0:1,0x005EFA,BF3C9205,LDA,ABSL_X,UNKNOWN,UNKNOWN,05:923C+X,V05C-contexts.csv,SOURCE_PROVED_NOT_YET_ADMITTED
TP07F468,00:DEFE:0:0:1,0x005EFE,A018,LDY,IMM_X,UNKNOWN,UNKNOWN,NONE,V05C-contexts.csv,SOURCE_PROVED_NOT_YET_ADMITTED
TP07F468,00:DF00:0:0:1,0x005F00,9716,STA,DP_IND_LONG_Y,UNKNOWN,0,NONE,V05C-contexts.csv,SOURCE_PROVED_NOT_YET_ADMITTED
TP07F468,00:DF02:0:0:1,0x005F02,E230,SEP,IMM8,UNKNOWN,0,NONE,V05C-contexts.csv,SOURCE_PROVED_NOT_YET_ADMITTED
TP07F468,00:DF04:0:1:1,0x005F04,A016,LDY,IMM_X,UNKNOWN,0,NONE,V05C-contexts.csv,SOURCE_PROVED_NOT_YET_ADMITTED
TP07F468,00:DF06:0:1:1,0x005F06,AD1704,LDA,ABS,UNKNOWN,0,DBR:0417,V05C-contexts.csv,SOURCE_PROVED_NOT_YET_ADMITTED
TP07F468,00:DF09:0:1:1,0x005F09,9716,STA,DP_IND_LONG_Y,UNKNOWN,UNKNOWN,NONE,V05C-contexts.csv,SOURCE_PROVED_NOT_YET_ADMITTED
TP07F468,00:DF0B:0:1:1,0x005F0B,C230,REP,IMM8,UNKNOWN,UNKNOWN,NONE,V05C-contexts.csv,SOURCE_PROVED_NOT_YET_ADMITTED
TP07F468,00:DF0D:0:0:0,0x005F0D,A05A00,LDY,IMM_X,UNKNOWN,UNKNOWN,NONE,V05C-contexts.csv,SOURCE_PROVED_NOT_YET_ADMITTED
TP07F468,00:DF10:0:0:0,0x005F10,B716,LDA,DP_IND_LONG_Y,UNKNOWN,0,NONE,V05C-contexts.csv,SOURCE_PROVED_NOT_YET_ADMITTED
TP07F468,00:DF12:0:0:0,0x005F12,29FF00,AND,IMM_M,UNKNOWN,UNKNOWN,NONE,V05C-contexts.csv,SOURCE_PROVED_NOT_YET_ADMITTED
TP07F468,00:DF15:0:0:0,0x005F15,A8,TAY,IMP,UNKNOWN,UNKNOWN,NONE,V05C-contexts.csv,SOURCE_PROVED_NOT_YET_ADMITTED
TP07F468,00:DF16:0:0:0,0x005F16,98,TYA,IMP,UNKNOWN,UNKNOWN,NONE,V05C-contexts.csv,SOURCE_PROVED_NOT_YET_ADMITTED
TP07F468,00:DF17:0:0:0,0x005F17,A92400,LDA,IMM_M,UNKNOWN,UNKNOWN,NONE,V05C-contexts.csv,SOURCE_PROVED_NOT_YET_ADMITTED
TP07F468,00:DF1A:0:0:0,0x005F1A,22A78004,JSL,ABSL_JUMP,UNKNOWN,0,NONE,V05C-contexts.csv,SOURCE_PROVED_NOT_YET_ADMITTED
TP07F468,00:DF1E:0:0:0,0x005F1E,A8,TAY,IMP,UNKNOWN,UNKNOWN,NONE,V05C-contexts.csv,SOURCE_PROVED_NOT_YET_ADMITTED
TP07F468,00:DF1F:0:0:0,0x005F1F,8D6400,STA,ABS,UNKNOWN,UNKNOWN,DBR:0064,V05C-contexts.csv,SOURCE_PROVED_NOT_YET_ADMITTED
TP07F468,00:DF22:0:0:0,0x005F22,A90000,LDA,IMM_M,UNKNOWN,UNKNOWN,NONE,V05C-contexts.csv,SOURCE_PROVED_NOT_YET_ADMITTED
TP07F468,00:DF25:0:0:0,0x005F25,0A,ASL,ACC,UNKNOWN,1,NONE,V05C-contexts.csv,SOURCE_PROVED_NOT_YET_ADMITTED
TP07F468,00:DF26:0:0:0,0x005F26,18,CLC,IMP,UNKNOWN,UNKNOWN,NONE,V05C-contexts.csv,SOURCE_PROVED_NOT_YET_ADMITTED
TP07F468,00:DF27:0:0:0,0x005F27,6D6400,ADC,ABS,0,UNKNOWN,DBR:0064,V05C-contexts.csv,SOURCE_PROVED_NOT_YET_ADMITTED
TP07F468,00:DF2A:0:0:0,0x005F2A,8D6400,STA,ABS,UNKNOWN,UNKNOWN,DBR:0064,V05C-contexts.csv,SOURCE_PROVED_NOT_YET_ADMITTED
TP07F468,00:DF2D:0:0:0,0x005F2D,AA,TAX,IMP,UNKNOWN,UNKNOWN,NONE,V05C-contexts.csv,SOURCE_PROVED_NOT_YET_ADMITTED
TP07F468,00:DF2E:0:0:0,0x005F2E,BF16C301,LDA,ABSL_X,UNKNOWN,UNKNOWN,01:C316+X,V05C-contexts.csv,SOURCE_PROVED_NOT_YET_ADMITTED
TP07F468,00:DF32:0:0:0,0x005F32,8D6400,STA,ABS,UNKNOWN,UNKNOWN,DBR:0064,V05C-contexts.csv,SOURCE_PROVED_NOT_YET_ADMITTED
TP07F468,00:DF35:0:0:0,0x005F35,A01600,LDY,IMM_X,UNKNOWN,UNKNOWN,NONE,V05C-contexts.csv,SOURCE_PROVED_NOT_YET_ADMITTED
TP07F468,00:DF38:0:0:0,0x005F38,B716,LDA,DP_IND_LONG_Y,UNKNOWN,0,NONE,V05C-contexts.csv,SOURCE_PROVED_NOT_YET_ADMITTED
TP07F468,00:DF3A:0:0:0,0x005F3A,29FF00,AND,IMM_M,UNKNOWN,UNKNOWN,NONE,V05C-contexts.csv,SOURCE_PROVED_NOT_YET_ADMITTED
TP07F468,00:DF3D:0:0:0,0x005F3D,18,CLC,IMP,UNKNOWN,UNKNOWN,NONE,V05C-contexts.csv,SOURCE_PROVED_NOT_YET_ADMITTED
TP07F468,00:DF3E:0:0:0,0x005F3E,6D6400,ADC,ABS,0,UNKNOWN,DBR:0064,V05C-contexts.csv,SOURCE_PROVED_NOT_YET_ADMITTED
TP07F468,00:DF41:0:0:0,0x005F41,0A,ASL,ACC,UNKNOWN,UNKNOWN,NONE,V05C-contexts.csv,SOURCE_PROVED_NOT_YET_ADMITTED
TP07F468,00:DF42:0:0:0,0x005F42,AA,TAX,IMP,UNKNOWN,UNKNOWN,NONE,V05C-contexts.csv,SOURCE_PROVED_NOT_YET_ADMITTED
TP07F468,00:DF43:0:0:0,0x005F43,BFC29305,LDA,ABSL_X,UNKNOWN,UNKNOWN,05:93C2+X,V05C-contexts.csv,SOURCE_PROVED_NOT_YET_ADMITTED
TP07F468,00:DF47:0:0:0,0x005F47,E210,SEP,IMM8,UNKNOWN,UNKNOWN,NONE,V05C-contexts.csv,SOURCE_PROVED_NOT_YET_ADMITTED
TP07F468,00:DF49:0:0:1,0x005F49,C220,REP,IMM8,UNKNOWN,UNKNOWN,NONE,V05C-contexts.csv,SOURCE_PROVED_NOT_YET_ADMITTED
TP07F468,00:DF4B:0:0:1,0x005F4B,A00E,LDY,IMM_X,UNKNOWN,UNKNOWN,NONE,V05C-contexts.csv,SOURCE_PROVED_NOT_YET_ADMITTED
TP07F468,00:DF4D:0:0:1,0x005F4D,9716,STA,DP_IND_LONG_Y,UNKNOWN,0,NONE,V05C-contexts.csv,SOURCE_PROVED_NOT_YET_ADMITTED
TP07F468,00:DF4F:0:0:1,0x005F4F,C230,REP,IMM8,UNKNOWN,0,NONE,V05C-contexts.csv,SOURCE_PROVED_NOT_YET_ADMITTED
TP07F468,00:DF51:0:0:0,0x005F51,A90100,LDA,IMM_M,UNKNOWN,0,NONE,V05C-contexts.csv,SOURCE_PROVED_NOT_YET_ADMITTED
TP07F468,00:DF54:0:0:0,0x005F54,82B807,BRL,REL16,UNKNOWN,0,NONE,V05C-contexts.csv,SOURCE_PROVED_NOT_YET_ADMITTED
TP07F468,00:DF57:0:1:1,0x005F57,A04E,LDY,IMM_X,UNKNOWN,0,NONE,V05C-contexts.csv,SOURCE_PROVED_NOT_YET_ADMITTED
TP07F468,00:DF59:0:1:1,0x005F59,A900,LDA,IMM_M,UNKNOWN,0,NONE,V05C-contexts.csv,SOURCE_PROVED_NOT_YET_ADMITTED
TP07F468,00:DF5B:0:1:1,0x005F5B,9716,STA,DP_IND_LONG_Y,UNKNOWN,1,NONE,V05C-contexts.csv,SOURCE_PROVED_NOT_YET_ADMITTED
TP07F468,00:DF5D:0:1:1,0x005F5D,8013,BRA,REL8,UNKNOWN,1,NONE,V05C-contexts.csv,SOURCE_PROVED_NOT_YET_ADMITTED
TP07F468,00:DF5F:0:0:0,0x005F5F,EE1504,INC,ABS,UNKNOWN,1,DBR:0415,V05C-contexts.csv,SOURCE_PROVED_NOT_YET_ADMITTED
TP07F468,00:DF62:0:0:0,0x005F62,AD1704,LDA,ABS,UNKNOWN,UNKNOWN,DBR:0417,V05C-contexts.csv,SOURCE_PROVED_NOT_YET_ADMITTED
TP07F468,00:DF65:0:0:0,0x005F65,18,CLC,IMP,UNKNOWN,UNKNOWN,NONE,V05C-contexts.csv,SOURCE_PROVED_NOT_YET_ADMITTED
TP07F468,00:DF66:0:0:0,0x005F66,690100,ADC,IMM_M,0,UNKNOWN,NONE,V05C-contexts.csv,SOURCE_PROVED_NOT_YET_ADMITTED
TP07F468,00:DF69:0:0:0,0x005F69,290300,AND,IMM_M,UNKNOWN,UNKNOWN,NONE,V05C-contexts.csv,SOURCE_PROVED_NOT_YET_ADMITTED
TP07F468,00:DF6C:0:0:0,0x005F6C,8D1704,STA,ABS,UNKNOWN,UNKNOWN,DBR:0417,V05C-contexts.csv,SOURCE_PROVED_NOT_YET_ADMITTED
TP07F468,00:DF6F:0:0:0,0x005F6F,8215FF,BRL,REL16,UNKNOWN,UNKNOWN,NONE,V05C-contexts.csv,SOURCE_PROVED_NOT_YET_ADMITTED
TP07F468,00:DF72:0:0:0,0x005F72,C230,REP,IMM8,1,UNKNOWN,NONE,V05C-contexts.csv,SOURCE_PROVED_NOT_YET_ADMITTED
TP07F468,00:DF72:0:1:1,0x005F72,C230,REP,IMM8,UNKNOWN,1,NONE,V05C-contexts.csv,SOURCE_PROVED_NOT_YET_ADMITTED
TP07F468,00:DF74:0:0:0,0x005F74,AD1904,LDA,ABS,UNKNOWN|1,UNKNOWN|1,DBR:0419,V05C-contexts.csv,SOURCE_PROVED_NOT_YET_ADMITTED
TP07F468,00:DF77:0:0:0,0x005F77,8D1704,STA,ABS,UNKNOWN|1,UNKNOWN,DBR:0417,V05C-contexts.csv,SOURCE_PROVED_NOT_YET_ADMITTED
TP07F468,00:DF7A:0:0:0,0x005F7A,828F01,BRL,REL16,UNKNOWN|1,UNKNOWN,NONE,V05C-contexts.csv,SOURCE_PROVED_NOT_YET_ADMITTED
TP07F468,00:DF7D:0:0:0,0x005F7D,E230,SEP,IMM8,UNKNOWN,0,NONE,V05C-contexts.csv,SOURCE_PROVED_NOT_YET_ADMITTED
TP07F468,00:DF7F:0:1:1,0x005F7F,AD1704,LDA,ABS,UNKNOWN,0,DBR:0417,V05C-contexts.csv,SOURCE_PROVED_NOT_YET_ADMITTED
TP07F468,00:DF82:0:1:1,0x005F82,1A,INC,ACC,UNKNOWN,UNKNOWN,NONE,V05C-contexts.csv,SOURCE_PROVED_NOT_YET_ADMITTED
TP07F468,00:DF83:0:1:1,0x005F83,8D0F04,STA,ABS,UNKNOWN,UNKNOWN,DBR:040F,V05C-contexts.csv,SOURCE_PROVED_NOT_YET_ADMITTED
TP07F468,00:DF86:0:0:0,0x005F86,E230,SEP,IMM8,UNKNOWN,0,NONE,V05C-contexts.csv,SOURCE_PROVED_NOT_YET_ADMITTED
TP07F468,00:DF86:0:1:1,0x005F86,E230,SEP,IMM8,UNKNOWN,UNKNOWN,NONE,V05C-contexts.csv,SOURCE_PROVED_NOT_YET_ADMITTED
TP07F468,00:DF88:0:1:1,0x005F88,AE0F04,LDX,ABS,UNKNOWN,UNKNOWN|0,DBR:040F,V05C-contexts.csv,SOURCE_PROVED_NOT_YET_ADMITTED
TP07F468,00:DF8B:0:1:1,0x005F8B,BF559201,LDA,ABSL_X,UNKNOWN,UNKNOWN,01:9255+X,V05C-contexts.csv,SOURCE_PROVED_NOT_YET_ADMITTED
TP07F468,00:DF8F:0:1:1,0x005F8F,C230,REP,IMM8,UNKNOWN,UNKNOWN,NONE,V05C-contexts.csv,SOURCE_PROVED_NOT_YET_ADMITTED
TP07F468,00:DF91:0:0:0,0x005F91,29FF00,AND,IMM_M,UNKNOWN,UNKNOWN,NONE,V05C-contexts.csv,SOURCE_PROVED_NOT_YET_ADMITTED
TP07F468,00:DF94:0:0:0,0x005F94,A8,TAY,IMP,UNKNOWN,UNKNOWN,NONE,V05C-contexts.csv,SOURCE_PROVED_NOT_YET_ADMITTED
TP07F468,00:DF95:0:0:0,0x005F95,98,TYA,IMP,UNKNOWN,UNKNOWN,NONE,V05C-contexts.csv,SOURCE_PROVED_NOT_YET_ADMITTED
TP07F468,00:DF96:0:0:0,0x005F96,0A,ASL,ACC,UNKNOWN,UNKNOWN,NONE,V05C-contexts.csv,SOURCE_PROVED_NOT_YET_ADMITTED
TP07F468,00:DF97:0:0:0,0x005F97,A8,TAY,IMP,UNKNOWN,UNKNOWN,NONE,V05C-contexts.csv,SOURCE_PROVED_NOT_YET_ADMITTED
TP07F468,00:DF98:0:0:0,0x005F98,BB,TYX,IMP,UNKNOWN,UNKNOWN,NONE,V05C-contexts.csv,SOURCE_PROVED_NOT_YET_ADMITTED
TP07F468,00:DF99:0:0:0,0x005F99,BF198E01,LDA,ABSL_X,UNKNOWN,UNKNOWN,01:8E19+X,V05C-contexts.csv,SOURCE_PROVED_NOT_YET_ADMITTED
TP07F468,00:DF9D:0:0:0,0x005F9D,8D1704,STA,ABS,UNKNOWN,UNKNOWN,DBR:0417,V05C-contexts.csv,SOURCE_PROVED_NOT_YET_ADMITTED
TP07F468,00:DFA0:0:0:0,0x005FA0,A8,TAY,IMP,UNKNOWN,UNKNOWN,NONE,V05C-contexts.csv,SOURCE_PROVED_NOT_YET_ADMITTED
TP07F468,00:DFA1:0:0:0,0x005FA1,98,TYA,IMP,UNKNOWN,UNKNOWN,NONE,V05C-contexts.csv,SOURCE_PROVED_NOT_YET_ADMITTED
TP07F468,00:DFA2:0:0:0,0x005FA2,0A,ASL,ACC,UNKNOWN,UNKNOWN,NONE,V05C-contexts.csv,SOURCE_PROVED_NOT_YET_ADMITTED
TP07F468,00:DFA3:0:0:0,0x005FA3,0A,ASL,ACC,UNKNOWN,UNKNOWN,NONE,V05C-contexts.csv,SOURCE_PROVED_NOT_YET_ADMITTED
TP07F468,00:DFA4:0:0:0,0x005FA4,A8,TAY,IMP,UNKNOWN,UNKNOWN,NONE,V05C-contexts.csv,SOURCE_PROVED_NOT_YET_ADMITTED
TP07F468,00:DFA5:0:0:0,0x005FA5,AE4600,LDX,ABS,UNKNOWN,UNKNOWN,DBR:0046,V05C-contexts.csv,SOURCE_PROVED_NOT_YET_ADMITTED
TP07F468,00:DFA8:0:0:0,0x005FA8,18,CLC,IMP,UNKNOWN,UNKNOWN,NONE,V05C-contexts.csv,SOURCE_PROVED_NOT_YET_ADMITTED
TP07F468,00:DFA9:0:0:0,0x005FA9,6D4600,ADC,ABS,0,UNKNOWN,DBR:0046,V05C-contexts.csv,SOURCE_PROVED_NOT_YET_ADMITTED
TP07F468,00:DFAC:0:0:0,0x005FAC,8D4600,STA,ABS,UNKNOWN,UNKNOWN,DBR:0046,V05C-contexts.csv,SOURCE_PROVED_NOT_YET_ADMITTED
TP07F468,00:DFAF:0:0:0,0x005FAF,A00200,LDY,IMM_X,UNKNOWN,UNKNOWN,NONE,V05C-contexts.csv,SOURCE_PROVED_NOT_YET_ADMITTED
TP07F468,00:DFB2:0:0:0,0x005FB2,B746,LDA,DP_IND_LONG_Y,UNKNOWN,0,NONE,V05C-contexts.csv,SOURCE_PROVED_NOT_YET_ADMITTED
TP07F468,00:DFB4:0:0:0,0x005FB4,8E4600,STX,ABS,UNKNOWN,UNKNOWN,DBR:0046,V05C-contexts.csv,SOURCE_PROVED_NOT_YET_ADMITTED
TP07F468,00:DFB7:0:0:0,0x005FB7,29FF00,AND,IMM_M,UNKNOWN,UNKNOWN,NONE,V05C-contexts.csv,SOURCE_PROVED_NOT_YET_ADMITTED
TP07F468,00:DFBA:0:0:0,0x005FBA,A8,TAY,IMP,UNKNOWN,UNKNOWN,NONE,V05C-contexts.csv,SOURCE_PROVED_NOT_YET_ADMITTED
TP07F468,00:DFBB:0:0:0,0x005FBB,98,TYA,IMP,UNKNOWN,UNKNOWN,NONE,V05C-contexts.csv,SOURCE_PROVED_NOT_YET_ADMITTED
TP07F468,00:DFBC:0:0:0,0x005FBC,0A,ASL,ACC,UNKNOWN,UNKNOWN,NONE,V05C-contexts.csv,SOURCE_PROVED_NOT_YET_ADMITTED
TP07F468,00:DFBD:0:0:0,0x005FBD,0A,ASL,ACC,UNKNOWN,UNKNOWN,NONE,V05C-contexts.csv,SOURCE_PROVED_NOT_YET_ADMITTED
TP07F468,00:DFBE:0:0:0,0x005FBE,A8,TAY,IMP,UNKNOWN,UNKNOWN,NONE,V05C-contexts.csv,SOURCE_PROVED_NOT_YET_ADMITTED
TP07F468,00:DFBF:0:0:0,0x005FBF,BB,TYX,IMP,UNKNOWN,UNKNOWN,NONE,V05C-contexts.csv,SOURCE_PROVED_NOT_YET_ADMITTED
TP07F468,00:DFC0:0:0:0,0x005FC0,BFB78801,LDA,ABSL_X,UNKNOWN,UNKNOWN,01:88B7+X,V05C-contexts.csv,SOURCE_PROVED_NOT_YET_ADMITTED
TP07F468,00:DFC4:0:0:0,0x005FC4,290800,AND,IMM_M,UNKNOWN,UNKNOWN,NONE,V05C-contexts.csv,SOURCE_PROVED_NOT_YET_ADMITTED
TP07F468,00:DFC7:0:0:0,0x005FC7,F003,BEQ,REL8,UNKNOWN,UNKNOWN,NONE,V05C-contexts.csv,SOURCE_PROVED_NOT_YET_ADMITTED
TP07F468,00:DFC9:0:0:0,0x005FC9,823A01,BRL,REL16,UNKNOWN,0,NONE,V05C-contexts.csv,SOURCE_PROVED_NOT_YET_ADMITTED
TP07F468,00:DFCC:0:0:0,0x005FCC,A90400,LDA,IMM_M,UNKNOWN,1,NONE,V05C-contexts.csv,SOURCE_PROVED_NOT_YET_ADMITTED
TP07F468,00:DFCF:0:0:0,0x005FCF,8D8E07,STA,ABS,UNKNOWN,0,DBR:078E,V05C-contexts.csv,SOURCE_PROVED_NOT_YET_ADMITTED
TP07F468,00:DFD2:0:0:0,0x005FD2,E220,SEP,IMM8,UNKNOWN,0,NONE,V05C-contexts.csv,SOURCE_PROVED_NOT_YET_ADMITTED
TP07F468,00:DFD4:0:1:0,0x005FD4,C210,REP,IMM8,UNKNOWN,0,NONE,V05C-contexts.csv,SOURCE_PROVED_NOT_YET_ADMITTED
TP07F468,00:DFD6:0:1:0,0x005FD6,A00300,LDY,IMM_X,UNKNOWN,0,NONE,V05C-contexts.csv,SOURCE_PROVED_NOT_YET_ADMITTED
TP07F468,00:DFD9:0:1:0,0x005FD9,B746,LDA,DP_IND_LONG_Y,UNKNOWN,0,NONE,V05C-contexts.csv,SOURCE_PROVED_NOT_YET_ADMITTED
TP07F468,00:DFDB:0:1:0,0x005FDB,C90A,CMP,IMM_M,UNKNOWN,UNKNOWN,NONE,V05C-contexts.csv,SOURCE_PROVED_NOT_YET_ADMITTED
TP07F468,00:DFDD:0:1:0,0x005FDD,F016,BEQ,REL8,UNKNOWN,UNKNOWN,NONE,V05C-contexts.csv,SOURCE_PROVED_NOT_YET_ADMITTED
TP07F468,00:DFDF:0:1:0,0x005FDF,C909,CMP,IMM_M,UNKNOWN,0,NONE,V05C-contexts.csv,SOURCE_PROVED_NOT_YET_ADMITTED
TP07F468,00:DFE1:0:1:0,0x005FE1,D00B,BNE,REL8,UNKNOWN,UNKNOWN,NONE,V05C-contexts.csv,SOURCE_PROVED_NOT_YET_ADMITTED
TP07F468,00:DFE3:0:1:0,0x005FE3,C230,REP,IMM8,UNKNOWN,1,NONE,V05C-contexts.csv,SOURCE_PROVED_NOT_YET_ADMITTED
TP07F468,00:DFE5:0:0:0,0x005FE5,AD1704,LDA,ABS,UNKNOWN,1,DBR:0417,V05C-contexts.csv,SOURCE_PROVED_NOT_YET_ADMITTED
TP07F468,00:DFE8:0:0:0,0x005FE8,18,CLC,IMP,UNKNOWN,UNKNOWN,NONE,V05C-contexts.csv,SOURCE_PROVED_NOT_YET_ADMITTED
TP07F468,00:DFE9:0:0:0,0x005FE9,697F00,ADC,IMM_M,0,UNKNOWN,NONE,V05C-contexts.csv,SOURCE_PROVED_NOT_YET_ADMITTED
TP07F468,00:DFEC:0:0:0,0x005FEC,8010,BRA,REL8,UNKNOWN,UNKNOWN,NONE,V05C-contexts.csv,SOURCE_PROVED_NOT_YET_ADMITTED
TP07F468,00:DFEE:0:1:0,0x005FEE,C230,REP,IMM8,UNKNOWN,0,NONE,V05C-contexts.csv,SOURCE_PROVED_NOT_YET_ADMITTED
TP07F468,00:DFF0:0:0:0,0x005FF0,AD1704,LDA,ABS,UNKNOWN,0,DBR:0417,V05C-contexts.csv,SOURCE_PROVED_NOT_YET_ADMITTED
TP07F468,00:DFF3:0:0:0,0x005FF3,8009,BRA,REL8,UNKNOWN,UNKNOWN,NONE,V05C-contexts.csv,SOURCE_PROVED_NOT_YET_ADMITTED
TP07F468,00:DFF5:0:1:0,0x005FF5,C230,REP,IMM8,UNKNOWN,1,NONE,V05C-contexts.csv,SOURCE_PROVED_NOT_YET_ADMITTED
TP07F468,00:DFF7:0:0:0,0x005FF7,AD1704,LDA,ABS,UNKNOWN,1,DBR:0417,V05C-contexts.csv,SOURCE_PROVED_NOT_YET_ADMITTED
TP07F468,00:DFFA:0:0:0,0x005FFA,18,CLC,IMP,UNKNOWN,UNKNOWN,NONE,V05C-contexts.csv,SOURCE_PROVED_NOT_YET_ADMITTED
TP07F468,00:DFFB:0:0:0,0x005FFB,698300,ADC,IMM_M,0,UNKNOWN,NONE,V05C-contexts.csv,SOURCE_PROVED_NOT_YET_ADMITTED
TP07F468,00:DFFE:0:0:0,0x005FFE,A8,TAY,IMP,UNKNOWN,UNKNOWN,NONE,V05C-contexts.csv,SOURCE_PROVED_NOT_YET_ADMITTED
TP07F468,00:DFFF:0:0:0,0x005FFF,98,TYA,IMP,UNKNOWN,UNKNOWN,NONE,V05C-contexts.csv,SOURCE_PROVED_NOT_YET_ADMITTED
TP07F468,00:E000:0:0:0,0x006000,0A,ASL,ACC,UNKNOWN,UNKNOWN,NONE,V05C-contexts.csv,SOURCE_PROVED_NOT_YET_ADMITTED
TP07F468,00:E001:0:0:0,0x006001,0A,ASL,ACC,UNKNOWN,UNKNOWN,NONE,V05C-contexts.csv,SOURCE_PROVED_NOT_YET_ADMITTED
TP07F468,00:E002:0:0:0,0x006002,A8,TAY,IMP,UNKNOWN,UNKNOWN,NONE,V05C-contexts.csv,SOURCE_PROVED_NOT_YET_ADMITTED
TP07F468,00:E003:0:0:0,0x006003,18,CLC,IMP,UNKNOWN,UNKNOWN,NONE,V05C-contexts.csv,SOURCE_PROVED_NOT_YET_ADMITTED
TP07F468,00:E004:0:0:0,0x006004,6D4600,ADC,ABS,0,UNKNOWN,DBR:0046,V05C-contexts.csv,SOURCE_PROVED_NOT_YET_ADMITTED
TP07F468,00:E007:0:0:0,0x006007,8D8A07,STA,ABS,UNKNOWN,UNKNOWN,DBR:078A,V05C-contexts.csv,SOURCE_PROVED_NOT_YET_ADMITTED
TP07F468,00:E00A:0:0:0,0x00600A,E230,SEP,IMM8,UNKNOWN,UNKNOWN,NONE,V05C-contexts.csv,SOURCE_PROVED_NOT_YET_ADMITTED
TP07F468,00:E00C:0:1:1,0x00600C,AD4800,LDA,ABS,UNKNOWN,UNKNOWN,DBR:0048,V05C-contexts.csv,SOURCE_PROVED_NOT_YET_ADMITTED
TP07F468,00:E00F:0:1:1,0x00600F,8D8C07,STA,ABS,UNKNOWN,UNKNOWN,DBR:078C,V05C-contexts.csv,SOURCE_PROVED_NOT_YET_ADMITTED
TP07F468,00:E012:0:1:1,0x006012,222FA800,JSL,ABSL_JUMP,UNKNOWN,UNKNOWN,NONE,V05C-contexts.csv,SOURCE_PROVED_NOT_YET_ADMITTED
TP07F468,00:E016:0:0:1,0x006016,E230,SEP,IMM8,UNKNOWN|0,UNKNOWN,NONE,V05C-contexts.csv,SOURCE_PROVED_NOT_YET_ADMITTED
TP07F468,00:E018:0:1:1,0x006018,ADA407,LDA,ABS,UNKNOWN|0,UNKNOWN,DBR:07A4,V05C-contexts.csv,SOURCE_PROVED_NOT_YET_ADMITTED
TP07F468,00:E01B:0:1:1,0x00601B,8D1B00,STA,ABS,UNKNOWN|0,UNKNOWN,DBR:001B,V05C-contexts.csv,SOURCE_PROVED_NOT_YET_ADMITTED
TP07F468,00:E01E:0:1:1,0x00601E,C230,REP,IMM8,UNKNOWN|0,UNKNOWN,NONE,V05C-contexts.csv,SOURCE_PROVED_NOT_YET_ADMITTED
TP07F468,00:E020:0:0:0,0x006020,ADA207,LDA,ABS,UNKNOWN|0,UNKNOWN,DBR:07A2,V05C-contexts.csv,SOURCE_PROVED_NOT_YET_ADMITTED
TP07F468,00:E023:0:0:0,0x006023,8D1900,STA,ABS,UNKNOWN|0,UNKNOWN,DBR:0019,V05C-contexts.csv,SOURCE_PROVED_NOT_YET_ADMITTED
TP07F468,00:E026:0:0:0,0x006026,D003,BNE,REL8,UNKNOWN|0,UNKNOWN,NONE,V05C-contexts.csv,SOURCE_PROVED_NOT_YET_ADMITTED
TP07F468,00:E028:0:0:0,0x006028,82B000,BRL,REL16,UNKNOWN|0,1,NONE,V05C-contexts.csv,SOURCE_PROVED_NOT_YET_ADMITTED
TP07F468,00:E02B:0:0:0,0x00602B,A02300,LDY,IMM_X,UNKNOWN|0,0,NONE,V05C-contexts.csv,SOURCE_PROVED_NOT_YET_ADMITTED
TP07F468,00:E02E:0:0:0,0x00602E,B719,LDA,DP_IND_LONG_Y,UNKNOWN|0,0,NONE,V05C-contexts.csv,SOURCE_PROVED_NOT_YET_ADMITTED
TP07F468,00:E030:0:0:0,0x006030,F003,BEQ,REL8,UNKNOWN|0,UNKNOWN,NONE,V05C-contexts.csv,SOURCE_PROVED_NOT_YET_ADMITTED
TP07F468,00:E032:0:0:0,0x006032,82A600,BRL,REL16,UNKNOWN|0,0,NONE,V05C-contexts.csv,SOURCE_PROVED_NOT_YET_ADMITTED
TP07F468,00:E035:0:0:0,0x006035,E230,SEP,IMM8,UNKNOWN|0,1,NONE,V05C-contexts.csv,SOURCE_PROVED_NOT_YET_ADMITTED
TP07F468,00:E037:0:1:1,0x006037,A04D,LDY,IMM_X,UNKNOWN|0,1,NONE,V05C-contexts.csv,SOURCE_PROVED_NOT_YET_ADMITTED
TP07F468,00:E039:0:1:1,0x006039,B719,LDA,DP_IND_LONG_Y,UNKNOWN|0,0,NONE,V05C-contexts.csv,SOURCE_PROVED_NOT_YET_ADMITTED
TP07F468,00:E03B:0:1:1,0x00603B,C901,CMP,IMM_M,UNKNOWN|0,UNKNOWN,NONE,V05C-contexts.csv,SOURCE_PROVED_NOT_YET_ADMITTED
TP07F468,00:E03D:0:1:1,0x00603D,F003,BEQ,REL8,UNKNOWN,UNKNOWN,NONE,V05C-contexts.csv,SOURCE_PROVED_NOT_YET_ADMITTED
TP07F468,00:E03F:0:1:1,0x00603F,829900,BRL,REL16,UNKNOWN,0,NONE,V05C-contexts.csv,SOURCE_PROVED_NOT_YET_ADMITTED
TP07F468,00:E042:0:1:1,0x006042,A018,LDY,IMM_X,UNKNOWN,1,NONE,V05C-contexts.csv,SOURCE_PROVED_NOT_YET_ADMITTED
TP07F468,00:E044:0:1:1,0x006044,B75B,LDA,DP_IND_LONG_Y,UNKNOWN,0,NONE,V05C-contexts.csv,SOURCE_PROVED_NOT_YET_ADMITTED
TP07F468,00:E046:0:1:1,0x006046,D003,BNE,REL8,UNKNOWN,UNKNOWN,NONE,V05C-contexts.csv,SOURCE_PROVED_NOT_YET_ADMITTED
TP07F468,00:E048:0:1:1,0x006048,829000,BRL,REL16,UNKNOWN,1,NONE,V05C-contexts.csv,SOURCE_PROVED_NOT_YET_ADMITTED
TP07F468,00:E04B:0:1:1,0x00604B,C230,REP,IMM8,UNKNOWN,0,NONE,V05C-contexts.csv,SOURCE_PROVED_NOT_YET_ADMITTED
TP07F468,00:E04D:0:0:0,0x00604D,AD1600,LDA,ABS,UNKNOWN,0,DBR:0016,V05C-contexts.csv,SOURCE_PROVED_NOT_YET_ADMITTED
TP07F468,00:E050:0:0:0,0x006050,20B6C2,JSR,ABS_JUMP,UNKNOWN,UNKNOWN,NONE,V05C-contexts.csv,SOURCE_PROVED_NOT_YET_ADMITTED
TP07F468,00:E053:0:0:0,0x006053,E210,SEP,IMM8,UNKNOWN,UNKNOWN,NONE,V05C-contexts.csv,SOURCE_PROVED_NOT_YET_ADMITTED
TP07F468,00:E055:0:0:1,0x006055,C220,REP,IMM8,UNKNOWN,UNKNOWN,NONE,V05C-contexts.csv,SOURCE_PROVED_NOT_YET_ADMITTED
TP07F468,00:E057:0:0:1,0x006057,A023,LDY,IMM_X,UNKNOWN,UNKNOWN,NONE,V05C-contexts.csv,SOURCE_PROVED_NOT_YET_ADMITTED
TP07F468,00:E059:0:0:1,0x006059,9719,STA,DP_IND_LONG_Y,UNKNOWN,0,NONE,V05C-contexts.csv,SOURCE_PROVED_NOT_YET_ADMITTED
TP07F468,00:E05B:0:0:1,0x00605B,C230,REP,IMM8,UNKNOWN,0,NONE,V05C-contexts.csv,SOURCE_PROVED_NOT_YET_ADMITTED
TP07F468,00:E05D:0:0:0,0x00605D,AD1900,LDA,ABS,UNKNOWN,0,DBR:0019,V05C-contexts.csv,SOURCE_PROVED_NOT_YET_ADMITTED
TP07F468,00:E060:0:0:0,0x006060,20B6C2,JSR,ABS_JUMP,UNKNOWN,UNKNOWN,NONE,V05C-contexts.csv,SOURCE_PROVED_NOT_YET_ADMITTED
TP07F468,00:E063:0:0:0,0x006063,E210,SEP,IMM8,UNKNOWN,UNKNOWN,NONE,V05C-contexts.csv,SOURCE_PROVED_NOT_YET_ADMITTED
TP07F468,00:E065:0:0:1,0x006065,C220,REP,IMM8,UNKNOWN,UNKNOWN,NONE,V05C-contexts.csv,SOURCE_PROVED_NOT_YET_ADMITTED
TP07F468,00:E067:0:0:1,0x006067,A01A,LDY,IMM_X,UNKNOWN,UNKNOWN,NONE,V05C-contexts.csv,SOURCE_PROVED_NOT_YET_ADMITTED
TP07F468,00:E069:0:0:1,0x006069,9716,STA,DP_IND_LONG_Y,UNKNOWN,0,NONE,V05C-contexts.csv,SOURCE_PROVED_NOT_YET_ADMITTED
TP07F468,00:E06B:0:0:1,0x00606B,A025,LDY,IMM_X,UNKNOWN,0,NONE,V05C-contexts.csv,SOURCE_PROVED_NOT_YET_ADMITTED
TP07F468,00:E06D:0:0:1,0x00606D,AD301F,LDA,ABS,UNKNOWN,0,DBR:1F30,V05C-contexts.csv,SOURCE_PROVED_NOT_YET_ADMITTED
TP07F468,00:E070:0:0:1,0x006070,9716,STA,DP_IND_LONG_Y,UNKNOWN,UNKNOWN,NONE,V05C-contexts.csv,SOURCE_PROVED_NOT_YET_ADMITTED
TP07F468,00:E072:0:0:1,0x006072,C8,INY,IMP,UNKNOWN,UNKNOWN,NONE,V05C-contexts.csv,SOURCE_PROVED_NOT_YET_ADMITTED
TP07F468,00:E073:0:0:1,0x006073,C8,INY,IMP,UNKNOWN,UNKNOWN,NONE,V05C-contexts.csv,SOURCE_PROVED_NOT_YET_ADMITTED
TP07F468,00:E074:0:0:1,0x006074,AD321F,LDA,ABS,UNKNOWN,UNKNOWN,DBR:1F32,V05C-contexts.csv,SOURCE_PROVED_NOT_YET_ADMITTED
TP07F468,00:E077:0:0:1,0x006077,9716,STA,DP_IND_LONG_Y,UNKNOWN,UNKNOWN,NONE,V05C-contexts.csv,SOURCE_PROVED_NOT_YET_ADMITTED
TP07F468,00:E079:0:0:1,0x006079,E230,SEP,IMM8,UNKNOWN,UNKNOWN,NONE,V05C-contexts.csv,SOURCE_PROVED_NOT_YET_ADMITTED
TP07F468,00:E07B:0:1:1,0x00607B,AE0F04,LDX,ABS,UNKNOWN,UNKNOWN,DBR:040F,V05C-contexts.csv,SOURCE_PROVED_NOT_YET_ADMITTED
TP07F468,00:E07E:0:1:1,0x00607E,BF559201,LDA,ABSL_X,UNKNOWN,UNKNOWN,01:9255+X,V05C-contexts.csv,SOURCE_PROVED_NOT_YET_ADMITTED
TP07F468,00:E082:0:1:1,0x006082,A016,LDY,IMM_X,UNKNOWN,UNKNOWN,NONE,V05C-contexts.csv,SOURCE_PROVED_NOT_YET_ADMITTED
TP07F468,00:E084:0:1:1,0x006084,9716,STA,DP_IND_LONG_Y,UNKNOWN,0,NONE,V05C-contexts.csv,SOURCE_PROVED_NOT_YET_ADMITTED
TP07F468,00:E086:0:1:1,0x006086,C230,REP,IMM8,UNKNOWN,0,NONE,V05C-contexts.csv,SOURCE_PROVED_NOT_YET_ADMITTED
TP07F468,00:E088:0:0:0,0x006088,A05A00,LDY,IMM_X,UNKNOWN,0,NONE,V05C-contexts.csv,SOURCE_PROVED_NOT_YET_ADMITTED
TP07F468,00:E08B:0:0:0,0x00608B,B716,LDA,DP_IND_LONG_Y,UNKNOWN,0,NONE,V05C-contexts.csv,SOURCE_PROVED_NOT_YET_ADMITTED
TP07F468,00:E08D:0:0:0,0x00608D,29FF00,AND,IMM_M,UNKNOWN,UNKNOWN,NONE,V05C-contexts.csv,SOURCE_PROVED_NOT_YET_ADMITTED
TP07F468,00:E090:0:0:0,0x006090,A8,TAY,IMP,UNKNOWN,UNKNOWN,NONE,V05C-contexts.csv,SOURCE_PROVED_NOT_YET_ADMITTED
TP07F468,00:E091:0:0:0,0x006091,98,TYA,IMP,UNKNOWN,UNKNOWN,NONE,V05C-contexts.csv,SOURCE_PROVED_NOT_YET_ADMITTED
TP07F468,00:E092:0:0:0,0x006092,A92400,LDA,IMM_M,UNKNOWN,UNKNOWN,NONE,V05C-contexts.csv,SOURCE_PROVED_NOT_YET_ADMITTED
TP07F468,00:E095:0:0:0,0x006095,22A78004,JSL,ABSL_JUMP,UNKNOWN,0,NONE,V05C-contexts.csv,SOURCE_PROVED_NOT_YET_ADMITTED
TP07F468,00:E099:0:0:0,0x006099,A8,TAY,IMP,UNKNOWN,UNKNOWN,NONE,V05C-contexts.csv,SOURCE_PROVED_NOT_YET_ADMITTED
TP07F468,00:E09A:0:0:0,0x00609A,AA,TAX,IMP,UNKNOWN,UNKNOWN,NONE,V05C-contexts.csv,SOURCE_PROVED_NOT_YET_ADMITTED
TP07F468,00:E09B:0:0:0,0x00609B,BF1AC301,LDA,ABSL_X,UNKNOWN,UNKNOWN,01:C31A+X,V05C-contexts.csv,SOURCE_PROVED_NOT_YET_ADMITTED
TP07F468,00:E09F:0:0:0,0x00609F,0A,ASL,ACC,UNKNOWN,UNKNOWN,NONE,V05C-contexts.csv,SOURCE_PROVED_NOT_YET_ADMITTED
TP07F468,00:E0A0:0:0:0,0x0060A0,AA,TAX,IMP,UNKNOWN,UNKNOWN,NONE,V05C-contexts.csv,SOURCE_PROVED_NOT_YET_ADMITTED
TP07F468,00:E0A1:0:0:0,0x0060A1,BFC29305,LDA,ABSL_X,UNKNOWN,UNKNOWN,05:93C2+X,V05C-contexts.csv,SOURCE_PROVED_NOT_YET_ADMITTED
TP07F468,00:E0A5:0:0:0,0x0060A5,A00E00,LDY,IMM_X,UNKNOWN,UNKNOWN,NONE,V05C-contexts.csv,SOURCE_PROVED_NOT_YET_ADMITTED
TP07F468,00:E0A8:0:0:0,0x0060A8,9716,STA,DP_IND_LONG_Y,UNKNOWN,0,NONE,V05C-contexts.csv,SOURCE_PROVED_NOT_YET_ADMITTED
TP07F468,00:E0AA:0:0:0,0x0060AA,E230,SEP,IMM8,UNKNOWN,0,NONE,V05C-contexts.csv,SOURCE_PROVED_NOT_YET_ADMITTED
TP07F468,00:E0AC:0:1:1,0x0060AC,A900,LDA,IMM_M,UNKNOWN,0,NONE,V05C-contexts.csv,SOURCE_PROVED_NOT_YET_ADMITTED
TP07F468,00:E0AE:0:1:1,0x0060AE,A04E,LDY,IMM_X,UNKNOWN,1,NONE,V05C-contexts.csv,SOURCE_PROVED_NOT_YET_ADMITTED
TP07F468,00:E0B0:0:1:1,0x0060B0,9716,STA,DP_IND_LONG_Y,UNKNOWN,0,NONE,V05C-contexts.csv,SOURCE_PROVED_NOT_YET_ADMITTED
TP07F468,00:E0B2:0:1:1,0x0060B2,E210,SEP,IMM8,UNKNOWN,0,NONE,V05C-contexts.csv,SOURCE_PROVED_NOT_YET_ADMITTED
TP07F468,00:E0B4:0:1:1,0x0060B4,C220,REP,IMM8,UNKNOWN,0,NONE,V05C-contexts.csv,SOURCE_PROVED_NOT_YET_ADMITTED
TP07F468,00:E0B6:0:0:1,0x0060B6,A90000,LDA,IMM_M,UNKNOWN,0,NONE,V05C-contexts.csv,SOURCE_PROVED_NOT_YET_ADMITTED
TP07F468,00:E0B9:0:0:1,0x0060B9,A023,LDY,IMM_X,UNKNOWN,1,NONE,V05C-contexts.csv,SOURCE_PROVED_NOT_YET_ADMITTED
TP07F468,00:E0BB:0:0:1,0x0060BB,9716,STA,DP_IND_LONG_Y,UNKNOWN,0,NONE,V05C-contexts.csv,SOURCE_PROVED_NOT_YET_ADMITTED
TP07F468,00:E0BD:0:0:1,0x0060BD,E230,SEP,IMM8,UNKNOWN,0,NONE,V05C-contexts.csv,SOURCE_PROVED_NOT_YET_ADMITTED
TP07F468,00:E0BF:0:1:1,0x0060BF,A90C,LDA,IMM_M,UNKNOWN,0,NONE,V05C-contexts.csv,SOURCE_PROVED_NOT_YET_ADMITTED
TP07F468,00:E0C1:0:1:1,0x0060C1,A010,LDY,IMM_X,UNKNOWN,0,NONE,V05C-contexts.csv,SOURCE_PROVED_NOT_YET_ADMITTED
TP07F468,00:E0C3:0:1:1,0x0060C3,9716,STA,DP_IND_LONG_Y,UNKNOWN,0,NONE,V05C-contexts.csv,SOURCE_PROVED_NOT_YET_ADMITTED
TP07F468,00:E0C5:0:1:1,0x0060C5,E210,SEP,IMM8,UNKNOWN,0,NONE,V05C-contexts.csv,SOURCE_PROVED_NOT_YET_ADMITTED
TP07F468,00:E0C7:0:1:1,0x0060C7,C220,REP,IMM8,UNKNOWN,0,NONE,V05C-contexts.csv,SOURCE_PROVED_NOT_YET_ADMITTED
TP07F468,00:E0C9:0:0:1,0x0060C9,A02D,LDY,IMM_X,UNKNOWN,0,NONE,V05C-contexts.csv,SOURCE_PROVED_NOT_YET_ADMITTED
TP07F468,00:E0CB:0:0:1,0x0060CB,B719,LDA,DP_IND_LONG_Y,UNKNOWN,0,NONE,V05C-contexts.csv,SOURCE_PROVED_NOT_YET_ADMITTED
TP07F468,00:E0CD:0:0:1,0x0060CD,18,CLC,IMP,UNKNOWN,UNKNOWN,NONE,V05C-contexts.csv,SOURCE_PROVED_NOT_YET_ADMITTED
TP07F468,00:E0CE:0:0:1,0x0060CE,690100,ADC,IMM_M,0,UNKNOWN,NONE,V05C-contexts.csv,SOURCE_PROVED_NOT_YET_ADMITTED
TP07F468,00:E0D1:0:0:1,0x0060D1,9719,STA,DP_IND_LONG_Y,UNKNOWN,UNKNOWN,NONE,V05C-contexts.csv,SOURCE_PROVED_NOT_YET_ADMITTED
TP07F468,00:E0D3:0:0:1,0x0060D3,C230,REP,IMM8,UNKNOWN,UNKNOWN,NONE,V05C-contexts.csv,SOURCE_PROVED_NOT_YET_ADMITTED
TP07F468,00:E0D5:0:0:0,0x0060D5,A90100,LDA,IMM_M,UNKNOWN,UNKNOWN,NONE,V05C-contexts.csv,SOURCE_PROVED_NOT_YET_ADMITTED
TP07F468,00:E0D8:0:0:0,0x0060D8,823406,BRL,REL16,UNKNOWN,0,NONE,V05C-contexts.csv,SOURCE_PROVED_NOT_YET_ADMITTED
TP07F468,00:E0DB:0:0:0,0x0060DB,C230,REP,IMM8,UNKNOWN|0,0|1,NONE,V05C-contexts.csv,SOURCE_PROVED_NOT_YET_ADMITTED
TP07F468,00:E0DB:0:1:1,0x0060DB,C230,REP,IMM8,UNKNOWN,0|1,NONE,V05C-contexts.csv,SOURCE_PROVED_NOT_YET_ADMITTED
TP07F468,00:E0DD:0:0:0,0x0060DD,AD0F04,LDA,ABS,UNKNOWN|0,0|1,DBR:040F,V05C-contexts.csv,SOURCE_PROVED_NOT_YET_ADMITTED
TP07F468,00:E0E0:0:0:0,0x0060E0,49FFFF,EOR,IMM_M,UNKNOWN|0,UNKNOWN,NONE,V05C-contexts.csv,SOURCE_PROVED_NOT_YET_ADMITTED
TP07F468,00:E0E3:0:0:0,0x0060E3,8D8A07,STA,ABS,UNKNOWN|0,UNKNOWN,DBR:078A,V05C-contexts.csv,SOURCE_PROVED_NOT_YET_ADMITTED
TP07F468,00:E0E6:0:0:0,0x0060E6,AC1504,LDY,ABS,UNKNOWN|0,UNKNOWN,DBR:0415,V05C-contexts.csv,SOURCE_PROVED_NOT_YET_ADMITTED
TP07F468,00:E0E9:0:0:0,0x0060E9,98,TYA,IMP,UNKNOWN|0,UNKNOWN,NONE,V05C-contexts.csv,SOURCE_PROVED_NOT_YET_ADMITTED
TP07F468,00:E0EA:0:0:0,0x0060EA,0A,ASL,ACC,UNKNOWN|0,UNKNOWN,NONE,V05C-contexts.csv,SOURCE_PROVED_NOT_YET_ADMITTED
TP07F468,00:E0EB:0:0:0,0x0060EB,0A,ASL,ACC,UNKNOWN,UNKNOWN,NONE,V05C-contexts.csv,SOURCE_PROVED_NOT_YET_ADMITTED
TP07F468,00:E0EC:0:0:0,0x0060EC,A8,TAY,IMP,UNKNOWN,UNKNOWN,NONE,V05C-contexts.csv,SOURCE_PROVED_NOT_YET_ADMITTED
TP07F468,00:E0ED:0:0:0,0x0060ED,AA,TAX,IMP,UNKNOWN,UNKNOWN,NONE,V05C-contexts.csv,SOURCE_PROVED_NOT_YET_ADMITTED
TP07F468,00:E0EE:0:0:0,0x0060EE,BFBA8801,LDA,ABSL_X,UNKNOWN,UNKNOWN,01:88BA+X,V05C-contexts.csv,SOURCE_PROVED_NOT_YET_ADMITTED
TP07F468,00:E0F2:0:0:0,0x0060F2,E230,SEP,IMM8,UNKNOWN,UNKNOWN,NONE,V05C-contexts.csv,SOURCE_PROVED_NOT_YET_ADMITTED
TP07F468,00:E0F4:0:1:1,0x0060F4,AA,TAX,IMP,UNKNOWN,UNKNOWN,NONE,V05C-contexts.csv,SOURCE_PROVED_NOT_YET_ADMITTED
TP07F468,00:E0F5:0:1:1,0x0060F5,BFC98D01,LDA,ABSL_X,UNKNOWN,UNKNOWN,01:8DC9+X,V05C-contexts.csv,SOURCE_PROVED_NOT_YET_ADMITTED
TP07F468,00:E0F9:0:1:1,0x0060F9,C230,REP,IMM8,UNKNOWN,UNKNOWN,NONE,V05C-contexts.csv,SOURCE_PROVED_NOT_YET_ADMITTED
TP07F468,00:E0FB:0:0:0,0x0060FB,29FF00,AND,IMM_M,UNKNOWN,UNKNOWN,NONE,V05C-contexts.csv,SOURCE_PROVED_NOT_YET_ADMITTED
TP07F468,00:E0FE:0:0:0,0x0060FE,2D8A07,AND,ABS,UNKNOWN,UNKNOWN,DBR:078A,V05C-contexts.csv,SOURCE_PROVED_NOT_YET_ADMITTED
TP07F468,00:E101:0:0:0,0x006101,8D1704,STA,ABS,UNKNOWN,UNKNOWN,DBR:0417,V05C-contexts.csv,SOURCE_PROVED_NOT_YET_ADMITTED
TP07F468,00:E104:0:0:0,0x006104,8006,BRA,REL8,UNKNOWN,UNKNOWN,NONE,V05C-contexts.csv,SOURCE_PROVED_NOT_YET_ADMITTED
TP07F468,00:E106:0:0:0,0x006106,AD0F04,LDA,ABS,UNKNOWN,0,DBR:040F,V05C-contexts.csv,SOURCE_PROVED_NOT_YET_ADMITTED
TP07F468,00:E109:0:0:0,0x006109,8D1704,STA,ABS,UNKNOWN,UNKNOWN,DBR:0417,V05C-contexts.csv,SOURCE_PROVED_NOT_YET_ADMITTED
TP07F468,00:E10C:0:0:0,0x00610C,828500,BRL,REL16,UNKNOWN|1,UNKNOWN,NONE,V05C-contexts.csv,SOURCE_PROVED_NOT_YET_ADMITTED
TP07F468,00:E10F:0:0:0,0x00610F,A90400,LDA,IMM_M,UNKNOWN,1,NONE,V05C-contexts.csv,SOURCE_PROVED_NOT_YET_ADMITTED
TP07F468,00:E112:0:0:0,0x006112,8D8E07,STA,ABS,UNKNOWN,0,DBR:078E,V05C-contexts.csv,SOURCE_PROVED_NOT_YET_ADMITTED
TP07F468,00:E115:0:0:0,0x006115,E220,SEP,IMM8,UNKNOWN,0,NONE,V05C-contexts.csv,SOURCE_PROVED_NOT_YET_ADMITTED
TP07F468,00:E117:0:1:0,0x006117,C210,REP,IMM8,UNKNOWN,0,NONE,V05C-contexts.csv,SOURCE_PROVED_NOT_YET_ADMITTED
TP07F468,00:E119:0:1:0,0x006119,A00300,LDY,IMM_X,UNKNOWN,0,NONE,V05C-contexts.csv,SOURCE_PROVED_NOT_YET_ADMITTED
TP07F468,00:E11C:0:1:0,0x00611C,B746,LDA,DP_IND_LONG_Y,UNKNOWN,0,NONE,V05C-contexts.csv,SOURCE_PROVED_NOT_YET_ADMITTED
TP07F468,00:E11E:0:1:0,0x00611E,C90A,CMP,IMM_M,UNKNOWN,UNKNOWN,NONE,V05C-contexts.csv,SOURCE_PROVED_NOT_YET_ADMITTED
TP07F468,00:E120:0:1:0,0x006120,F007,BEQ,REL8,UNKNOWN,UNKNOWN,NONE,V05C-contexts.csv,SOURCE_PROVED_NOT_YET_ADMITTED
TP07F468,00:E122:0:1:0,0x006122,C230,REP,IMM8,UNKNOWN,0,NONE,V05C-contexts.csv,SOURCE_PROVED_NOT_YET_ADMITTED
TP07F468,00:E124:0:0:0,0x006124,A9C0FF,LDA,IMM_M,UNKNOWN,0,NONE,V05C-contexts.csv,SOURCE_PROVED_NOT_YET_ADMITTED
TP07F468,00:E127:0:0:0,0x006127,8005,BRA,REL8,UNKNOWN,0,NONE,V05C-contexts.csv,SOURCE_PROVED_NOT_YET_ADMITTED
TP07F468,00:E129:0:1:0,0x006129,C230,REP,IMM8,UNKNOWN,1,NONE,V05C-contexts.csv,SOURCE_PROVED_NOT_YET_ADMITTED
TP07F468,00:E12B:0:0:0,0x00612B,A94300,LDA,IMM_M,UNKNOWN,1,NONE,V05C-contexts.csv,SOURCE_PROVED_NOT_YET_ADMITTED
TP07F468,00:E12E:0:0:0,0x00612E,A8,TAY,IMP,UNKNOWN,0,NONE,V05C-contexts.csv,SOURCE_PROVED_NOT_YET_ADMITTED
TP07F468,00:E12F:0:0:0,0x00612F,98,TYA,IMP,UNKNOWN,UNKNOWN,NONE,V05C-contexts.csv,SOURCE_PROVED_NOT_YET_ADMITTED
TP07F468,00:E130:0:0:0,0x006130,0A,ASL,ACC,UNKNOWN,UNKNOWN,NONE,V05C-contexts.csv,SOURCE_PROVED_NOT_YET_ADMITTED
TP07F468,00:E131:0:0:0,0x006131,0A,ASL,ACC,UNKNOWN,UNKNOWN,NONE,V05C-contexts.csv,SOURCE_PROVED_NOT_YET_ADMITTED
TP07F468,00:E132:0:0:0,0x006132,A8,TAY,IMP,UNKNOWN,UNKNOWN,NONE,V05C-contexts.csv,SOURCE_PROVED_NOT_YET_ADMITTED
TP07F468,00:E133:0:0:0,0x006133,18,CLC,IMP,UNKNOWN,UNKNOWN,NONE,V05C-contexts.csv,SOURCE_PROVED_NOT_YET_ADMITTED
TP07F468,00:E134:0:0:0,0x006134,6D4600,ADC,ABS,0,UNKNOWN,DBR:0046,V05C-contexts.csv,SOURCE_PROVED_NOT_YET_ADMITTED
TP07F468,00:E137:0:0:0,0x006137,8D8A07,STA,ABS,UNKNOWN,UNKNOWN,DBR:078A,V05C-contexts.csv,SOURCE_PROVED_NOT_YET_ADMITTED
TP07F468,00:E13A:0:0:0,0x00613A,E230,SEP,IMM8,UNKNOWN,UNKNOWN,NONE,V05C-contexts.csv,SOURCE_PROVED_NOT_YET_ADMITTED
TP07F468,00:E13C:0:1:1,0x00613C,AD4800,LDA,ABS,UNKNOWN,UNKNOWN,DBR:0048,V05C-contexts.csv,SOURCE_PROVED_NOT_YET_ADMITTED
TP07F468,00:E13F:0:1:1,0x00613F,8D8C07,STA,ABS,UNKNOWN,UNKNOWN,DBR:078C,V05C-contexts.csv,SOURCE_PROVED_NOT_YET_ADMITTED
TP07F468,00:E142:0:1:1,0x006142,222FA800,JSL,ABSL_JUMP,UNKNOWN,UNKNOWN,NONE,V05C-contexts.csv,SOURCE_PROVED_NOT_YET_ADMITTED
TP07F468,00:E146:0:0:1,0x006146,E230,SEP,IMM8,UNKNOWN|0,UNKNOWN,NONE,V05C-contexts.csv,SOURCE_PROVED_NOT_YET_ADMITTED
TP07F468,00:E148:0:1:1,0x006148,ADA407,LDA,ABS,UNKNOWN|0,UNKNOWN,DBR:07A4,V05C-contexts.csv,SOURCE_PROVED_NOT_YET_ADMITTED
TP07F468,00:E14B:0:1:1,0x00614B,8D1B00,STA,ABS,UNKNOWN|0,UNKNOWN,DBR:001B,V05C-contexts.csv,SOURCE_PROVED_NOT_YET_ADMITTED
TP07F468,00:E14E:0:1:1,0x00614E,C230,REP,IMM8,UNKNOWN|0,UNKNOWN,NONE,V05C-contexts.csv,SOURCE_PROVED_NOT_YET_ADMITTED
TP07F468,00:E150:0:0:0,0x006150,ADA207,LDA,ABS,UNKNOWN|0,UNKNOWN,DBR:07A2,V05C-contexts.csv,SOURCE_PROVED_NOT_YET_ADMITTED
TP07F468,00:E153:0:0:0,0x006153,8D1900,STA,ABS,UNKNOWN|0,UNKNOWN,DBR:0019,V05C-contexts.csv,SOURCE_PROVED_NOT_YET_ADMITTED
TP07F468,00:E156:0:0:0,0x006156,F003,BEQ,REL8,UNKNOWN|0,UNKNOWN,NONE,V05C-contexts.csv,SOURCE_PROVED_NOT_YET_ADMITTED
TP07F468,00:E158:0:0:0,0x006158,82D0FE,BRL,REL16,UNKNOWN|0,0,NONE,V05C-contexts.csv,SOURCE_PROVED_NOT_YET_ADMITTED
TP07F468,00:E15B:0:0:0,0x00615B,E230,SEP,IMM8,UNKNOWN|0,1,NONE,V05C-contexts.csv,SOURCE_PROVED_NOT_YET_ADMITTED
TP07F468,00:E15D:0:1:1,0x00615D,A016,LDY,IMM_X,UNKNOWN|0,1,NONE,V05C-contexts.csv,SOURCE_PROVED_NOT_YET_ADMITTED
TP07F468,00:E15F:0:1:1,0x00615F,B716,LDA,DP_IND_LONG_Y,UNKNOWN|0,0,NONE,V05C-contexts.csv,SOURCE_PROVED_NOT_YET_ADMITTED
TP07F468,00:E161:0:1:1,0x006161,AA,TAX,IMP,UNKNOWN|0,UNKNOWN,NONE,V05C-contexts.csv,SOURCE_PROVED_NOT_YET_ADMITTED
TP07F468,00:E162:0:1:1,0x006162,A901,LDA,IMM_M,UNKNOWN|0,UNKNOWN,NONE,V05C-contexts.csv,SOURCE_PROVED_NOT_YET_ADMITTED
TP07F468,00:E164:0:1:1,0x006164,E000,CPX,IMM_X,UNKNOWN|0,0,NONE,V05C-contexts.csv,SOURCE_PROVED_NOT_YET_ADMITTED
TP07F468,00:E166:0:1:1,0x006166,F004,BEQ,REL8,UNKNOWN,UNKNOWN,NONE,V05C-contexts.csv,SOURCE_PROVED_NOT_YET_ADMITTED
TP07F468,00:E168:0:1:1,0x006168,0A,ASL,ACC,UNKNOWN,0,NONE,V05C-contexts.csv,SOURCE_PROVED_NOT_YET_ADMITTED
TP07F468,00:E169:0:1:1,0x006169,CA,DEX,IMP,UNKNOWN,UNKNOWN,NONE,V05C-contexts.csv,SOURCE_PROVED_NOT_YET_ADMITTED
TP07F468,00:E16A:0:1:1,0x00616A,D0FC,BNE,REL8,UNKNOWN,UNKNOWN,NONE,V05C-contexts.csv,SOURCE_PROVED_NOT_YET_ADMITTED
TP07F468,00:E16C:0:1:1,0x00616C,8D8A07,STA,ABS,UNKNOWN,1,DBR:078A,V05C-contexts.csv,SOURCE_PROVED_NOT_YET_ADMITTED
TP07F468,00:E16F:0:1:1,0x00616F,2D0F04,AND,ABS,UNKNOWN,1,DBR:040F,V05C-contexts.csv,SOURCE_PROVED_NOT_YET_ADMITTED
TP07F468,00:E172:0:1:1,0x006172,F00D,BEQ,REL8,UNKNOWN,UNKNOWN,NONE,V05C-contexts.csv,SOURCE_PROVED_NOT_YET_ADMITTED
TP07F468,00:E174:0:1:1,0x006174,AD8A07,LDA,ABS,UNKNOWN,0,DBR:078A,V05C-contexts.csv,SOURCE_PROVED_NOT_YET_ADMITTED
TP07F468,00:E177:0:1:1,0x006177,C230,REP,IMM8,UNKNOWN,UNKNOWN,NONE,V05C-contexts.csv,SOURCE_PROVED_NOT_YET_ADMITTED
TP07F468,00:E179:0:0:0,0x006179,29FF00,AND,IMM_M,UNKNOWN,UNKNOWN,NONE,V05C-contexts.csv,SOURCE_PROVED_NOT_YET_ADMITTED
TP07F468,00:E17C:0:0:0,0x00617C,8D1704,STA,ABS,UNKNOWN,UNKNOWN,DBR:0417,V05C-contexts.csv,SOURCE_PROVED_NOT_YET_ADMITTED
TP07F468,00:E17F:0:0:0,0x00617F,8013,BRA,REL8,UNKNOWN,UNKNOWN,NONE,V05C-contexts.csv,SOURCE_PROVED_NOT_YET_ADMITTED
TP07F468,00:E181:0:1:1,0x006181,2085B1,JSR,ABS_JUMP,UNKNOWN,1,NONE,V05C-contexts.csv,SOURCE_PROVED_NOT_YET_ADMITTED
TP07F468,00:E184:0:0:1,0x006184,C230,REP,IMM8,UNKNOWN|1,UNKNOWN,NONE,V05C-contexts.csv,SOURCE_PROVED_NOT_YET_ADMITTED
TP07F468,00:E186:0:0:0,0x006186,2D0F04,AND,ABS,UNKNOWN|1,UNKNOWN,DBR:040F,V05C-contexts.csv,SOURCE_PROVED_NOT_YET_ADMITTED
TP07F468,00:E189:0:0:0,0x006189,8D1704,STA,ABS,UNKNOWN|1,UNKNOWN,DBR:0417,V05C-contexts.csv,SOURCE_PROVED_NOT_YET_ADMITTED
TP07F468,00:E18C:0:0:0,0x00618C,D006,BNE,REL8,UNKNOWN|1,UNKNOWN,NONE,V05C-contexts.csv,SOURCE_PROVED_NOT_YET_ADMITTED
TP07F468,00:E18E:0:0:0,0x00618E,AD0F04,LDA,ABS,UNKNOWN|1,1,DBR:040F,V05C-contexts.csv,SOURCE_PROVED_NOT_YET_ADMITTED
TP07F468,00:E191:0:0:0,0x006191,8D1704,STA,ABS,UNKNOWN|1,UNKNOWN,DBR:0417,V05C-contexts.csv,SOURCE_PROVED_NOT_YET_ADMITTED
TP07F468,00:E194:0:0:0,0x006194,E230,SEP,IMM8,UNKNOWN|1,UNKNOWN|0,NONE,V05C-contexts.csv,SOURCE_PROVED_NOT_YET_ADMITTED
TP07F468,00:E196:0:1:1,0x006196,AE1704,LDX,ABS,UNKNOWN|1,UNKNOWN|0,DBR:0417,V05C-contexts.csv,SOURCE_PROVED_NOT_YET_ADMITTED
TP07F468,00:E199:0:1:1,0x006199,BF218E01,LDA,ABSL_X,UNKNOWN|1,UNKNOWN,01:8E21+X,V05C-contexts.csv,SOURCE_PROVED_NOT_YET_ADMITTED
TP07F468,00:E19D:0:1:1,0x00619D,A016,LDY,IMM_X,UNKNOWN|1,UNKNOWN,NONE,V05C-contexts.csv,SOURCE_PROVED_NOT_YET_ADMITTED
TP07F468,00:E19F:0:1:1,0x00619F,9716,STA,DP_IND_LONG_Y,UNKNOWN|1,0,NONE,V05C-contexts.csv,SOURCE_PROVED_NOT_YET_ADMITTED
TP07F468,00:E1A1:0:1:1,0x0061A1,C230,REP,IMM8,UNKNOWN|1,0,NONE,V05C-contexts.csv,SOURCE_PROVED_NOT_YET_ADMITTED
TP07F468,00:E1A3:0:0:0,0x0061A3,A05A00,LDY,IMM_X,UNKNOWN|1,0,NONE,V05C-contexts.csv,SOURCE_PROVED_NOT_YET_ADMITTED
TP07F468,00:E1A6:0:0:0,0x0061A6,B716,LDA,DP_IND_LONG_Y,UNKNOWN|1,0,NONE,V05C-contexts.csv,SOURCE_PROVED_NOT_YET_ADMITTED
TP07F468,00:E1A8:0:0:0,0x0061A8,29FF00,AND,IMM_M,UNKNOWN|1,UNKNOWN,NONE,V05C-contexts.csv,SOURCE_PROVED_NOT_YET_ADMITTED
TP07F468,00:E1AB:0:0:0,0x0061AB,A8,TAY,IMP,UNKNOWN|1,UNKNOWN,NONE,V05C-contexts.csv,SOURCE_PROVED_NOT_YET_ADMITTED
TP07F468,00:E1AC:0:0:0,0x0061AC,98,TYA,IMP,UNKNOWN|1,UNKNOWN,NONE,V05C-contexts.csv,SOURCE_PROVED_NOT_YET_ADMITTED
TP07F468,00:E1AD:0:0:0,0x0061AD,A92400,LDA,IMM_M,UNKNOWN|1,UNKNOWN,NONE,V05C-contexts.csv,SOURCE_PROVED_NOT_YET_ADMITTED
TP07F468,00:E1B0:0:0:0,0x0061B0,22A78004,JSL,ABSL_JUMP,UNKNOWN|1,0,NONE,V05C-contexts.csv,SOURCE_PROVED_NOT_YET_ADMITTED
TP07F468,00:E1B4:0:0:0,0x0061B4,A8,TAY,IMP,UNKNOWN,UNKNOWN,NONE,V05C-contexts.csv,SOURCE_PROVED_NOT_YET_ADMITTED
TP07F468,00:E1B5:0:0:0,0x0061B5,8D6400,STA,ABS,UNKNOWN,UNKNOWN,DBR:0064,V05C-contexts.csv,SOURCE_PROVED_NOT_YET_ADMITTED
TP07F468,00:E1B8:0:0:0,0x0061B8,A90000,LDA,IMM_M,UNKNOWN,UNKNOWN,NONE,V05C-contexts.csv,SOURCE_PROVED_NOT_YET_ADMITTED
TP07F468,00:E1BB:0:0:0,0x0061BB,0A,ASL,ACC,UNKNOWN,1,NONE,V05C-contexts.csv,SOURCE_PROVED_NOT_YET_ADMITTED
TP07F468,00:E1BC:0:0:0,0x0061BC,18,CLC,IMP,UNKNOWN,UNKNOWN,NONE,V05C-contexts.csv,SOURCE_PROVED_NOT_YET_ADMITTED
TP07F468,00:E1BD:0:0:0,0x0061BD,6D6400,ADC,ABS,0,UNKNOWN,DBR:0064,V05C-contexts.csv,SOURCE_PROVED_NOT_YET_ADMITTED
TP07F468,00:E1C0:0:0:0,0x0061C0,8D6400,STA,ABS,UNKNOWN,UNKNOWN,DBR:0064,V05C-contexts.csv,SOURCE_PROVED_NOT_YET_ADMITTED
TP07F468,00:E1C3:0:0:0,0x0061C3,AA,TAX,IMP,UNKNOWN,UNKNOWN,NONE,V05C-contexts.csv,SOURCE_PROVED_NOT_YET_ADMITTED
TP07F468,00:E1C4:0:0:0,0x0061C4,BF16C301,LDA,ABSL_X,UNKNOWN,UNKNOWN,01:C316+X,V05C-contexts.csv,SOURCE_PROVED_NOT_YET_ADMITTED
TP07F468,00:E1C8:0:0:0,0x0061C8,8D6400,STA,ABS,UNKNOWN,UNKNOWN,DBR:0064,V05C-contexts.csv,SOURCE_PROVED_NOT_YET_ADMITTED
TP07F468,00:E1CB:0:0:0,0x0061CB,A01600,LDY,IMM_X,UNKNOWN,UNKNOWN,NONE,V05C-contexts.csv,SOURCE_PROVED_NOT_YET_ADMITTED
TP07F468,00:E1CE:0:0:0,0x0061CE,B716,LDA,DP_IND_LONG_Y,UNKNOWN,0,NONE,V05C-contexts.csv,SOURCE_PROVED_NOT_YET_ADMITTED
TP07F468,00:E1D0:0:0:0,0x0061D0,29FF00,AND,IMM_M,UNKNOWN,UNKNOWN,NONE,V05C-contexts.csv,SOURCE_PROVED_NOT_YET_ADMITTED
TP07F468,00:E1D3:0:0:0,0x0061D3,18,CLC,IMP,UNKNOWN,UNKNOWN,NONE,V05C-contexts.csv,SOURCE_PROVED_NOT_YET_ADMITTED
TP07F468,00:E1D4:0:0:0,0x0061D4,6D6400,ADC,ABS,0,UNKNOWN,DBR:0064,V05C-contexts.csv,SOURCE_PROVED_NOT_YET_ADMITTED
TP07F468,00:E1D7:0:0:0,0x0061D7,0A,ASL,ACC,UNKNOWN,UNKNOWN,NONE,V05C-contexts.csv,SOURCE_PROVED_NOT_YET_ADMITTED
TP07F468,00:E1D8:0:0:0,0x0061D8,AA,TAX,IMP,UNKNOWN,UNKNOWN,NONE,V05C-contexts.csv,SOURCE_PROVED_NOT_YET_ADMITTED
TP07F468,00:E1D9:0:0:0,0x0061D9,BFC29305,LDA,ABSL_X,UNKNOWN,UNKNOWN,05:93C2+X,V05C-contexts.csv,SOURCE_PROVED_NOT_YET_ADMITTED
TP07F468,00:E1DD:0:0:0,0x0061DD,E210,SEP,IMM8,UNKNOWN,UNKNOWN,NONE,V05C-contexts.csv,SOURCE_PROVED_NOT_YET_ADMITTED
TP07F468,00:E1DF:0:0:1,0x0061DF,C220,REP,IMM8,UNKNOWN,UNKNOWN,NONE,V05C-contexts.csv,SOURCE_PROVED_NOT_YET_ADMITTED
TP07F468,00:E1E1:0:0:1,0x0061E1,A00E,LDY,IMM_X,UNKNOWN,UNKNOWN,NONE,V05C-contexts.csv,SOURCE_PROVED_NOT_YET_ADMITTED
TP07F468,00:E1E3:0:0:1,0x0061E3,9716,STA,DP_IND_LONG_Y,UNKNOWN,0,NONE,V05C-contexts.csv,SOURCE_PROVED_NOT_YET_ADMITTED
TP07F468,00:E1E5:0:0:1,0x0061E5,806F,BRA,REL8,UNKNOWN,0,NONE,V05C-contexts.csv,SOURCE_PROVED_NOT_YET_ADMITTED
TP07F468,00:E1E7:0:0:0,0x0061E7,E210,SEP,IMM8,UNKNOWN,1,NONE,V05C-contexts.csv,SOURCE_PROVED_NOT_YET_ADMITTED
TP07F468,00:E1E9:0:0:1,0x0061E9,C220,REP,IMM8,UNKNOWN,1,NONE,V05C-contexts.csv,SOURCE_PROVED_NOT_YET_ADMITTED
TP07F468,00:E1EB:0:0:1,0x0061EB,AD1600,LDA,ABS,UNKNOWN,1,DBR:0016,V05C-contexts.csv,SOURCE_PROVED_NOT_YET_ADMITTED
TP07F468,00:E1EE:0:0:1,0x0061EE,8D8A07,STA,ABS,UNKNOWN,UNKNOWN,DBR:078A,V05C-contexts.csv,SOURCE_PROVED_NOT_YET_ADMITTED
TP07F468,00:E1F1:0:0:1,0x0061F1,AE1800,LDX,ABS,UNKNOWN,UNKNOWN,DBR:0018,V05C-contexts.csv,SOURCE_PROVED_NOT_YET_ADMITTED
TP07F468,00:E1F4:0:0:1,0x0061F4,8E8C07,STX,ABS,UNKNOWN,UNKNOWN,DBR:078C,V05C-contexts.csv,SOURCE_PROVED_NOT_YET_ADMITTED
TP07F468,00:E1F7:0:0:1,0x0061F7,2264C400,JSL,ABSL_JUMP,UNKNOWN,UNKNOWN,NONE,V05C-contexts.csv,SOURCE_PROVED_NOT_YET_ADMITTED
TP07F468,00:E1FB:0:0:1,0x0061FB,E230,SEP,IMM8,UNKNOWN|0|1,UNKNOWN,NONE,V05C-contexts.csv,SOURCE_PROVED_NOT_YET_ADMITTED
TP07F468,00:E1FD:0:1:1,0x0061FD,A906,LDA,IMM_M,UNKNOWN|0|1,UNKNOWN,NONE,V05C-contexts.csv,SOURCE_PROVED_NOT_YET_ADMITTED
TP07F468,00:E1FF:0:1:1,0x0061FF,A010,LDY,IMM_X,UNKNOWN|0|1,0,NONE,V05C-contexts.csv,SOURCE_PROVED_NOT_YET_ADMITTED
TP07F468,00:E201:0:1:1,0x006201,9716,STA,DP_IND_LONG_Y,UNKNOWN|0|1,0,NONE,V05C-contexts.csv,SOURCE_PROVED_NOT_YET_ADMITTED
TP07F468,00:E203:0:1:1,0x006203,C230,REP,IMM8,UNKNOWN|0|1,0,NONE,V05C-contexts.csv,SOURCE_PROVED_NOT_YET_ADMITTED
TP07F468,00:E205:0:0:0,0x006205,A90000,LDA,IMM_M,UNKNOWN|0|1,0,NONE,V05C-contexts.csv,SOURCE_PROVED_NOT_YET_ADMITTED
TP07F468,00:E208:0:0:0,0x006208,A01800,LDY,IMM_X,UNKNOWN|0|1,1,NONE,V05C-contexts.csv,SOURCE_PROVED_NOT_YET_ADMITTED
TP07F468,00:E20B:0:0:0,0x00620B,9716,STA,DP_IND_LONG_Y,UNKNOWN|0|1,0,NONE,V05C-contexts.csv,SOURCE_PROVED_NOT_YET_ADMITTED
TP07F468,00:E20D:0:0:0,0x00620D,C230,REP,IMM8,UNKNOWN|0|1,0,NONE,V05C-contexts.csv,SOURCE_PROVED_NOT_YET_ADMITTED
TP07F468,00:E20F:0:0:0,0x00620F,A05A00,LDY,IMM_X,UNKNOWN|0|1,0,NONE,V05C-contexts.csv,SOURCE_PROVED_NOT_YET_ADMITTED
TP07F468,00:E212:0:0:0,0x006212,B716,LDA,DP_IND_LONG_Y,UNKNOWN|0|1,0,NONE,V05C-contexts.csv,SOURCE_PROVED_NOT_YET_ADMITTED
TP07F468,00:E214:0:0:0,0x006214,29FF00,AND,IMM_M,UNKNOWN|0|1,UNKNOWN,NONE,V05C-contexts.csv,SOURCE_PROVED_NOT_YET_ADMITTED
TP07F468,00:E217:0:0:0,0x006217,A8,TAY,IMP,UNKNOWN|0|1,UNKNOWN,NONE,V05C-contexts.csv,SOURCE_PROVED_NOT_YET_ADMITTED
TP07F468,00:E218:0:0:0,0x006218,98,TYA,IMP,UNKNOWN|0|1,UNKNOWN,NONE,V05C-contexts.csv,SOURCE_PROVED_NOT_YET_ADMITTED
TP07F468,00:E219:0:0:0,0x006219,A92400,LDA,IMM_M,UNKNOWN|0|1,UNKNOWN,NONE,V05C-contexts.csv,SOURCE_PROVED_NOT_YET_ADMITTED
TP07F468,00:E21C:0:0:0,0x00621C,22A78004,JSL,ABSL_JUMP,UNKNOWN|0|1,0,NONE,V05C-contexts.csv,SOURCE_PROVED_NOT_YET_ADMITTED
TP07F468,00:E220:0:0:0,0x006220,A8,TAY,IMP,UNKNOWN,UNKNOWN,NONE,V05C-contexts.csv,SOURCE_PROVED_NOT_YET_ADMITTED
TP07F468,00:E221:0:0:0,0x006221,8D6400,STA,ABS,UNKNOWN,UNKNOWN,DBR:0064,V05C-contexts.csv,SOURCE_PROVED_NOT_YET_ADMITTED
TP07F468,00:E224:0:0:0,0x006224,A90000,LDA,IMM_M,UNKNOWN,UNKNOWN,NONE,V05C-contexts.csv,SOURCE_PROVED_NOT_YET_ADMITTED
TP07F468,00:E227:0:0:0,0x006227,0A,ASL,ACC,UNKNOWN,1,NONE,V05C-contexts.csv,SOURCE_PROVED_NOT_YET_ADMITTED
TP07F468,00:E228:0:0:0,0x006228,18,CLC,IMP,UNKNOWN,UNKNOWN,NONE,V05C-contexts.csv,SOURCE_PROVED_NOT_YET_ADMITTED
TP07F468,00:E229:0:0:0,0x006229,6D6400,ADC,ABS,0,UNKNOWN,DBR:0064,V05C-contexts.csv,SOURCE_PROVED_NOT_YET_ADMITTED
TP07F468,00:E22C:0:0:0,0x00622C,8D6400,STA,ABS,UNKNOWN,UNKNOWN,DBR:0064,V05C-contexts.csv,SOURCE_PROVED_NOT_YET_ADMITTED
TP07F468,00:E22F:0:0:0,0x00622F,AA,TAX,IMP,UNKNOWN,UNKNOWN,NONE,V05C-contexts.csv,SOURCE_PROVED_NOT_YET_ADMITTED
TP07F468,00:E230:0:0:0,0x006230,BF16C301,LDA,ABSL_X,UNKNOWN,UNKNOWN,01:C316+X,V05C-contexts.csv,SOURCE_PROVED_NOT_YET_ADMITTED
TP07F468,00:E234:0:0:0,0x006234,8D6400,STA,ABS,UNKNOWN,UNKNOWN,DBR:0064,V05C-contexts.csv,SOURCE_PROVED_NOT_YET_ADMITTED
TP07F468,00:E237:0:0:0,0x006237,A01600,LDY,IMM_X,UNKNOWN,UNKNOWN,NONE,V05C-contexts.csv,SOURCE_PROVED_NOT_YET_ADMITTED
TP07F468,00:E23A:0:0:0,0x00623A,B716,LDA,DP_IND_LONG_Y,UNKNOWN,0,NONE,V05C-contexts.csv,SOURCE_PROVED_NOT_YET_ADMITTED
TP07F468,00:E23C:0:0:0,0x00623C,29FF00,AND,IMM_M,UNKNOWN,UNKNOWN,NONE,V05C-contexts.csv,SOURCE_PROVED_NOT_YET_ADMITTED
TP07F468,00:E23F:0:0:0,0x00623F,18,CLC,IMP,UNKNOWN,UNKNOWN,NONE,V05C-contexts.csv,SOURCE_PROVED_NOT_YET_ADMITTED
TP07F468,00:E240:0:0:0,0x006240,6D6400,ADC,ABS,0,UNKNOWN,DBR:0064,V05C-contexts.csv,SOURCE_PROVED_NOT_YET_ADMITTED
TP07F468,00:E243:0:0:0,0x006243,0A,ASL,ACC,UNKNOWN,UNKNOWN,NONE,V05C-contexts.csv,SOURCE_PROVED_NOT_YET_ADMITTED
TP07F468,00:E244:0:0:0,0x006244,AA,TAX,IMP,UNKNOWN,UNKNOWN,NONE,V05C-contexts.csv,SOURCE_PROVED_NOT_YET_ADMITTED
TP07F468,00:E245:0:0:0,0x006245,BFC29305,LDA,ABSL_X,UNKNOWN,UNKNOWN,05:93C2+X,V05C-contexts.csv,SOURCE_PROVED_NOT_YET_ADMITTED
TP07F468,00:E249:0:0:0,0x006249,C230,REP,IMM8,UNKNOWN,UNKNOWN,NONE,V05C-contexts.csv,SOURCE_PROVED_NOT_YET_ADMITTED
TP07F468,00:E24B:0:0:0,0x00624B,A00E00,LDY,IMM_X,UNKNOWN,UNKNOWN,NONE,V05C-contexts.csv,SOURCE_PROVED_NOT_YET_ADMITTED
TP07F468,00:E24E:0:0:0,0x00624E,9716,STA,DP_IND_LONG_Y,UNKNOWN,0,NONE,V05C-contexts.csv,SOURCE_PROVED_NOT_YET_ADMITTED
TP07F468,00:E250:0:0:0,0x006250,A90100,LDA,IMM_M,UNKNOWN,0,NONE,V05C-contexts.csv,SOURCE_PROVED_NOT_YET_ADMITTED
TP07F468,00:E253:0:0:0,0x006253,82B904,BRL,REL16,UNKNOWN,0,NONE,V05C-contexts.csv,SOURCE_PROVED_NOT_YET_ADMITTED
TP07F468,00:E256:0:0:1,0x006256,8008,BRA,REL8,UNKNOWN,0,NONE,V05C-contexts.csv,SOURCE_PROVED_NOT_YET_ADMITTED
TP07F468,00:E258:0:1:1,0x006258,A009,LDY,IMM_X,UNKNOWN,0,NONE,V05C-contexts.csv,SOURCE_PROVED_NOT_YET_ADMITTED
TP07F468,00:E25A:0:1:1,0x00625A,B716,LDA,DP_IND_LONG_Y,UNKNOWN,0,NONE,V05C-contexts.csv,SOURCE_PROVED_NOT_YET_ADMITTED
TP07F468,00:E25C:0:1:1,0x00625C,29FD,AND,IMM_M,UNKNOWN,UNKNOWN,NONE,V05C-contexts.csv,SOURCE_PROVED_NOT_YET_ADMITTED
TP07F468,00:E25E:0:1:1,0x00625E,9716,STA,DP_IND_LONG_Y,UNKNOWN,UNKNOWN,NONE,V05C-contexts.csv,SOURCE_PROVED_NOT_YET_ADMITTED
TP07F468,00:E260:0:0:1,0x006260,C230,REP,IMM8,UNKNOWN,0,NONE,V05C-contexts.csv,SOURCE_PROVED_NOT_YET_ADMITTED
TP07F468,00:E260:0:1:1,0x006260,C230,REP,IMM8,UNKNOWN,UNKNOWN|0,NONE,V05C-contexts.csv,SOURCE_PROVED_NOT_YET_ADMITTED
TP07F468,00:E262:0:0:0,0x006262,AD301F,LDA,ABS,UNKNOWN,UNKNOWN|0,DBR:1F30,V05C-contexts.csv,SOURCE_PROVED_NOT_YET_ADMITTED
TP07F468,00:E265:0:0:0,0x006265,290300,AND,IMM_M,UNKNOWN,UNKNOWN,NONE,V05C-contexts.csv,SOURCE_PROVED_NOT_YET_ADMITTED
TP07F468,00:E268:0:0:0,0x006268,D01A,BNE,REL8,UNKNOWN,UNKNOWN,NONE,V05C-contexts.csv,SOURCE_PROVED_NOT_YET_ADMITTED
TP07F468,00:E26A:0:0:0,0x00626A,A00E00,LDY,IMM_X,UNKNOWN,1,NONE,V05C-contexts.csv,SOURCE_PROVED_NOT_YET_ADMITTED
TP07F468,00:E26D:0:0:0,0x00626D,B716,LDA,DP_IND_LONG_Y,UNKNOWN,0,NONE,V05C-contexts.csv,SOURCE_PROVED_NOT_YET_ADMITTED
TP07F468,00:E26F:0:0:0,0x00626F,2224C300,JSL,ABSL_JUMP,UNKNOWN,UNKNOWN,NONE,V05C-contexts.csv,SOURCE_PROVED_NOT_YET_ADMITTED
TP07F468,00:E273:0:0:1,0x006273,8D6400,STA,ABS,UNKNOWN,UNKNOWN,DBR:0064,V05C-contexts.csv,SOURCE_PROVED_NOT_YET_ADMITTED
TP07F468,00:E276:0:0:1,0x006276,8E6600,STX,ABS,UNKNOWN,UNKNOWN,DBR:0066,V05C-contexts.csv,SOURCE_PROVED_NOT_YET_ADMITTED
TP07F468,00:E279:0:0:1,0x006279,A006,LDY,IMM_X,UNKNOWN,UNKNOWN,NONE,V05C-contexts.csv,SOURCE_PROVED_NOT_YET_ADMITTED
TP07F468,00:E27B:0:0:1,0x00627B,B764,LDA,DP_IND_LONG_Y,UNKNOWN,0,NONE,V05C-contexts.csv,SOURCE_PROVED_NOT_YET_ADMITTED
TP07F468,00:E27D:0:0:1,0x00627D,C230,REP,IMM8,UNKNOWN,UNKNOWN,NONE,V05C-contexts.csv,SOURCE_PROVED_NOT_YET_ADMITTED
TP07F468,00:E27F:0:0:0,0x00627F,A00E00,LDY,IMM_X,UNKNOWN,UNKNOWN,NONE,V05C-contexts.csv,SOURCE_PROVED_NOT_YET_ADMITTED
TP07F468,00:E282:0:0:0,0x006282,9716,STA,DP_IND_LONG_Y,UNKNOWN,0,NONE,V05C-contexts.csv,SOURCE_PROVED_NOT_YET_ADMITTED
TP07F468,00:E284:0:0:0,0x006284,E230,SEP,IMM8,UNKNOWN,0,NONE,V05C-contexts.csv,SOURCE_PROVED_NOT_YET_ADMITTED
TP07F468,00:E286:0:1:1,0x006286,A016,LDY,IMM_X,UNKNOWN,0,NONE,V05C-contexts.csv,SOURCE_PROVED_NOT_YET_ADMITTED
TP07F468,00:E288:0:1:1,0x006288,B716,LDA,DP_IND_LONG_Y,UNKNOWN,0,NONE,V05C-contexts.csv,SOURCE_PROVED_NOT_YET_ADMITTED
TP07F468,00:E28A:0:1:1,0x00628A,0A,ASL,ACC,UNKNOWN,UNKNOWN,NONE,V05C-contexts.csv,SOURCE_PROVED_NOT_YET_ADMITTED
TP07F468,00:E28B:0:1:1,0x00628B,0A,ASL,ACC,UNKNOWN,UNKNOWN,NONE,V05C-contexts.csv,SOURCE_PROVED_NOT_YET_ADMITTED
TP07F468,00:E28C:0:1:1,0x00628C,A017,LDY,IMM_X,UNKNOWN,UNKNOWN,NONE,V05C-contexts.csv,SOURCE_PROVED_NOT_YET_ADMITTED
TP07F468,00:E28E:0:1:1,0x00628E,18,CLC,IMP,UNKNOWN,0,NONE,V05C-contexts.csv,SOURCE_PROVED_NOT_YET_ADMITTED
TP07F468,00:E28F:0:1:1,0x00628F,7716,ADC,DP_IND_LONG_Y,0,0,NONE,V05C-contexts.csv,SOURCE_PROVED_NOT_YET_ADMITTED
TP07F468,00:E291:0:1:1,0x006291,AA,TAX,IMP,UNKNOWN,UNKNOWN,NONE,V05C-contexts.csv,SOURCE_PROVED_NOT_YET_ADMITTED
TP07F468,00:E292:0:1:1,0x006292,E210,SEP,IMM8,UNKNOWN,UNKNOWN,NONE,V05C-contexts.csv,SOURCE_PROVED_NOT_YET_ADMITTED
TP07F468,00:E294:0:1:1,0x006294,C220,REP,IMM8,UNKNOWN,UNKNOWN,NONE,V05C-contexts.csv,SOURCE_PROVED_NOT_YET_ADMITTED
TP07F468,00:E296:0:0:1,0x006296,BF569201,LDA,ABSL_X,UNKNOWN,UNKNOWN,01:9256+X,V05C-contexts.csv,SOURCE_PROVED_NOT_YET_ADMITTED
TP07F468,00:E29A:0:0:1,0x00629A,A00A,LDY,IMM_X,UNKNOWN,UNKNOWN,NONE,V05C-contexts.csv,SOURCE_PROVED_NOT_YET_ADMITTED
TP07F468,00:E29C:0:0:1,0x00629C,18,CLC,IMP,UNKNOWN,0,NONE,V05C-contexts.csv,SOURCE_PROVED_NOT_YET_ADMITTED
TP07F468,00:E29D:0:0:1,0x00629D,7716,ADC,DP_IND_LONG_Y,0,0,NONE,V05C-contexts.csv,SOURCE_PROVED_NOT_YET_ADMITTED
TP07F468,00:E29F:0:0:1,0x00629F,8D0B04,STA,ABS,UNKNOWN,UNKNOWN,DBR:040B,V05C-contexts.csv,SOURCE_PROVED_NOT_YET_ADMITTED
TP07F468,00:E2A2:0:0:1,0x0062A2,BF589201,LDA,ABSL_X,UNKNOWN,UNKNOWN,01:9258+X,V05C-contexts.csv,SOURCE_PROVED_NOT_YET_ADMITTED
TP07F468,00:E2A6:0:0:1,0x0062A6,A00C,LDY,IMM_X,UNKNOWN,UNKNOWN,NONE,V05C-contexts.csv,SOURCE_PROVED_NOT_YET_ADMITTED
TP07F468,00:E2A8:0:0:1,0x0062A8,18,CLC,IMP,UNKNOWN,0,NONE,V05C-contexts.csv,SOURCE_PROVED_NOT_YET_ADMITTED
TP07F468,00:E2A9:0:0:1,0x0062A9,7716,ADC,DP_IND_LONG_Y,0,0,NONE,V05C-contexts.csv,SOURCE_PROVED_NOT_YET_ADMITTED
TP07F468,00:E2AB:0:0:1,0x0062AB,8D0D04,STA,ABS,UNKNOWN,UNKNOWN,DBR:040D,V05C-contexts.csv,SOURCE_PROVED_NOT_YET_ADMITTED
TP07F468,00:E2AE:0:0:1,0x0062AE,E210,SEP,IMM8,UNKNOWN,UNKNOWN,NONE,V05C-contexts.csv,SOURCE_PROVED_NOT_YET_ADMITTED
TP07F468,00:E2B0:0:0:1,0x0062B0,C220,REP,IMM8,UNKNOWN,UNKNOWN,NONE,V05C-contexts.csv,SOURCE_PROVED_NOT_YET_ADMITTED
TP07F468,00:E2B2:0:0:1,0x0062B2,AD1600,LDA,ABS,UNKNOWN,UNKNOWN,DBR:0016,V05C-contexts.csv,SOURCE_PROVED_NOT_YET_ADMITTED
TP07F468,00:E2B5:0:0:1,0x0062B5,8D8A07,STA,ABS,UNKNOWN,UNKNOWN,DBR:078A,V05C-contexts.csv,SOURCE_PROVED_NOT_YET_ADMITTED
TP07F468,00:E2B8:0:0:1,0x0062B8,AE1800,LDX,ABS,UNKNOWN,UNKNOWN,DBR:0018,V05C-contexts.csv,SOURCE_PROVED_NOT_YET_ADMITTED
TP07F468,00:E2BB:0:0:1,0x0062BB,8E8C07,STX,ABS,UNKNOWN,UNKNOWN,DBR:078C,V05C-contexts.csv,SOURCE_PROVED_NOT_YET_ADMITTED
TP07F468,00:E2BE:0:0:1,0x0062BE,AD0B04,LDA,ABS,UNKNOWN,UNKNOWN,DBR:040B,V05C-contexts.csv,SOURCE_PROVED_NOT_YET_ADMITTED
TP07F468,00:E2C1:0:0:1,0x0062C1,8D8E07,STA,ABS,UNKNOWN,UNKNOWN,DBR:078E,V05C-contexts.csv,SOURCE_PROVED_NOT_YET_ADMITTED
TP07F468,00:E2C4:0:0:1,0x0062C4,AD0D04,LDA,ABS,UNKNOWN,UNKNOWN,DBR:040D,V05C-contexts.csv,SOURCE_PROVED_NOT_YET_ADMITTED
TP07F468,00:E2C7:0:0:1,0x0062C7,8D9207,STA,ABS,UNKNOWN,UNKNOWN,DBR:0792,V05C-contexts.csv,SOURCE_PROVED_NOT_YET_ADMITTED
TP07F468,00:E2CA:0:0:1,0x0062CA,22098807,JSL,ABSL_JUMP,UNKNOWN,UNKNOWN,NONE,V05C-contexts.csv,SOURCE_PROVED_NOT_YET_ADMITTED
TP07F468,00:E2CE:0:0:0,0x0062CE,C230,REP,IMM8,UNKNOWN|1,UNKNOWN,NONE,V05C-contexts.csv,SOURCE_PROVED_NOT_YET_ADMITTED
TP07F468,00:E2D0:0:0:0,0x0062D0,ADA207,LDA,ABS,UNKNOWN|1,UNKNOWN,DBR:07A2,V05C-contexts.csv,SOURCE_PROVED_NOT_YET_ADMITTED
TP07F468,00:E2D3:0:0:0,0x0062D3,8D1704,STA,ABS,UNKNOWN|1,UNKNOWN,DBR:0417,V05C-contexts.csv,SOURCE_PROVED_NOT_YET_ADMITTED
TP07F468,00:E2D6:0:0:0,0x0062D6,E210,SEP,IMM8,UNKNOWN|1,UNKNOWN,NONE,V05C-contexts.csv,SOURCE_PROVED_NOT_YET_ADMITTED
TP07F468,00:E2D8:0:0:1,0x0062D8,C220,REP,IMM8,UNKNOWN|1,UNKNOWN,NONE,V05C-contexts.csv,SOURCE_PROVED_NOT_YET_ADMITTED
TP07F468,00:E2DA:0:0:1,0x0062DA,AD0C04,LDA,ABS,UNKNOWN|1,UNKNOWN,DBR:040C,V05C-contexts.csv,SOURCE_PROVED_NOT_YET_ADMITTED
TP07F468,00:E2DD:0:0:1,0x0062DD,29FF00,AND,IMM_M,UNKNOWN|1,UNKNOWN,NONE,V05C-contexts.csv,SOURCE_PROVED_NOT_YET_ADMITTED
TP07F468,00:E2E0:0:0:1,0x0062E0,8D1104,STA,ABS,UNKNOWN|1,UNKNOWN,DBR:0411,V05C-contexts.csv,SOURCE_PROVED_NOT_YET_ADMITTED
TP07F468,00:E2E3:0:0:1,0x0062E3,AD0E04,LDA,ABS,UNKNOWN|1,UNKNOWN,DBR:040E,V05C-contexts.csv,SOURCE_PROVED_NOT_YET_ADMITTED
TP07F468,00:E2E6:0:0:1,0x0062E6,29FF00,AND,IMM_M,UNKNOWN|1,UNKNOWN,NONE,V05C-contexts.csv,SOURCE_PROVED_NOT_YET_ADMITTED
TP07F468,00:E2E9:0:0:1,0x0062E9,8D1304,STA,ABS,UNKNOWN|1,UNKNOWN,DBR:0413,V05C-contexts.csv,SOURCE_PROVED_NOT_YET_ADMITTED
TP07F468,00:E2EC:0:0:1,0x0062EC,AD1304,LDA,ABS,UNKNOWN|1,UNKNOWN,DBR:0413,V05C-contexts.csv,SOURCE_PROVED_NOT_YET_ADMITTED
TP07F468,00:E2EF:0:0:1,0x0062EF,A240,LDX,IMM_X,UNKNOWN|1,UNKNOWN,NONE,V05C-contexts.csv,SOURCE_PROVED_NOT_YET_ADMITTED
TP07F468,00:E2F1:0:0:1,0x0062F1,E230,SEP,IMM8,UNKNOWN|1,0,NONE,V05C-contexts.csv,SOURCE_PROVED_NOT_YET_ADMITTED
TP07F468,00:E2F3:0:1:1,0x0062F3,8D1B21,STA,ABS,UNKNOWN|1,0,DBR:211B,V05C-contexts.csv,SOURCE_PROVED_NOT_YET_ADMITTED
TP07F468,00:E2F6:0:1:1,0x0062F6,EB,XBA,IMP,UNKNOWN|1,0,NONE,V05C-contexts.csv,SOURCE_PROVED_NOT_YET_ADMITTED
TP07F468,00:E2F7:0:1:1,0x0062F7,8D1B21,STA,ABS,UNKNOWN|1,UNKNOWN,DBR:211B,V05C-contexts.csv,SOURCE_PROVED_NOT_YET_ADMITTED
TP07F468,00:E2FA:0:1:1,0x0062FA,8E1C21,STX,ABS,UNKNOWN|1,UNKNOWN,DBR:211C,V05C-contexts.csv,SOURCE_PROVED_NOT_YET_ADMITTED
TP07F468,00:E2FD:0:1:1,0x0062FD,E210,SEP,IMM8,UNKNOWN|1,UNKNOWN,NONE,V05C-contexts.csv,SOURCE_PROVED_NOT_YET_ADMITTED
TP07F468,00:E2FF:0:1:1,0x0062FF,C220,REP,IMM8,UNKNOWN|1,UNKNOWN,NONE,V05C-contexts.csv,SOURCE_PROVED_NOT_YET_ADMITTED
TP07F468,00:E301:0:0:1,0x006301,AD3421,LDA,ABS,UNKNOWN|1,UNKNOWN,DBR:2134,V05C-contexts.csv,SOURCE_PROVED_NOT_YET_ADMITTED
TP07F468,00:E304:0:0:1,0x006304,AE3621,LDX,ABS,UNKNOWN|1,UNKNOWN,DBR:2136,V05C-contexts.csv,SOURCE_PROVED_NOT_YET_ADMITTED
TP07F468,00:E307:0:0:1,0x006307,18,CLC,IMP,UNKNOWN|1,UNKNOWN,NONE,V05C-contexts.csv,SOURCE_PROVED_NOT_YET_ADMITTED
TP07F468,00:E308:0:0:1,0x006308,6D1104,ADC,ABS,0,UNKNOWN,DBR:0411,V05C-contexts.csv,SOURCE_PROVED_NOT_YET_ADMITTED
TP07F468,00:E30B:0:0:1,0x00630B,C230,REP,IMM8,UNKNOWN,UNKNOWN,NONE,V05C-contexts.csv,SOURCE_PROVED_NOT_YET_ADMITTED
TP07F468,00:E30D:0:0:0,0x00630D,A8,TAY,IMP,UNKNOWN,UNKNOWN,NONE,V05C-contexts.csv,SOURCE_PROVED_NOT_YET_ADMITTED
TP07F468,00:E30E:0:0:0,0x00630E,98,TYA,IMP,UNKNOWN,UNKNOWN,NONE,V05C-contexts.csv,SOURCE_PROVED_NOT_YET_ADMITTED
TP07F468,00:E30F:0:0:0,0x00630F,0A,ASL,ACC,UNKNOWN,UNKNOWN,NONE,V05C-contexts.csv,SOURCE_PROVED_NOT_YET_ADMITTED
TP07F468,00:E310:0:0:0,0x006310,0A,ASL,ACC,UNKNOWN,UNKNOWN,NONE,V05C-contexts.csv,SOURCE_PROVED_NOT_YET_ADMITTED
TP07F468,00:E311:0:0:0,0x006311,A8,TAY,IMP,UNKNOWN,UNKNOWN,NONE,V05C-contexts.csv,SOURCE_PROVED_NOT_YET_ADMITTED
TP07F468,00:E312:0:0:0,0x006312,18,CLC,IMP,UNKNOWN,UNKNOWN,NONE,V05C-contexts.csv,SOURCE_PROVED_NOT_YET_ADMITTED
TP07F468,00:E313:0:0:0,0x006313,6D4F00,ADC,ABS,0,UNKNOWN,DBR:004F,V05C-contexts.csv,SOURCE_PROVED_NOT_YET_ADMITTED
TP07F468,00:E316:0:0:0,0x006316,8D4600,STA,ABS,UNKNOWN,UNKNOWN,DBR:0046,V05C-contexts.csv,SOURCE_PROVED_NOT_YET_ADMITTED
TP07F468,00:E319:0:0:0,0x006319,E230,SEP,IMM8,UNKNOWN,UNKNOWN,NONE,V05C-contexts.csv,SOURCE_PROVED_NOT_YET_ADMITTED
TP07F468,00:E31B:0:1:1,0x00631B,AD5100,LDA,ABS,UNKNOWN,UNKNOWN,DBR:0051,V05C-contexts.csv,SOURCE_PROVED_NOT_YET_ADMITTED
TP07F468,00:E31E:0:1:1,0x00631E,8D4800,STA,ABS,UNKNOWN,UNKNOWN,DBR:0048,V05C-contexts.csv,SOURCE_PROVED_NOT_YET_ADMITTED
TP07F468,00:E321:0:1:1,0x006321,A002,LDY,IMM_X,UNKNOWN,UNKNOWN,NONE,V05C-contexts.csv,SOURCE_PROVED_NOT_YET_ADMITTED
TP07F468,00:E323:0:1:1,0x006323,B746,LDA,DP_IND_LONG_Y,UNKNOWN,0,NONE,V05C-contexts.csv,SOURCE_PROVED_NOT_YET_ADMITTED
TP07F468,00:E325:0:1:1,0x006325,C230,REP,IMM8,UNKNOWN,UNKNOWN,NONE,V05C-contexts.csv,SOURCE_PROVED_NOT_YET_ADMITTED
TP07F468,00:E327:0:0:0,0x006327,29FF00,AND,IMM_M,UNKNOWN,UNKNOWN,NONE,V05C-contexts.csv,SOURCE_PROVED_NOT_YET_ADMITTED
TP07F468,00:E32A:0:0:0,0x00632A,A8,TAY,IMP,UNKNOWN,UNKNOWN,NONE,V05C-contexts.csv,SOURCE_PROVED_NOT_YET_ADMITTED
TP07F468,00:E32B:0:0:0,0x00632B,98,TYA,IMP,UNKNOWN,UNKNOWN,NONE,V05C-contexts.csv,SOURCE_PROVED_NOT_YET_ADMITTED
TP07F468,00:E32C:0:0:0,0x00632C,0A,ASL,ACC,UNKNOWN,UNKNOWN,NONE,V05C-contexts.csv,SOURCE_PROVED_NOT_YET_ADMITTED
TP07F468,00:E32D:0:0:0,0x00632D,0A,ASL,ACC,UNKNOWN,UNKNOWN,NONE,V05C-contexts.csv,SOURCE_PROVED_NOT_YET_ADMITTED
TP07F468,00:E32E:0:0:0,0x00632E,A8,TAY,IMP,UNKNOWN,UNKNOWN,NONE,V05C-contexts.csv,SOURCE_PROVED_NOT_YET_ADMITTED
TP07F468,00:E32F:0:0:0,0x00632F,BB,TYX,IMP,UNKNOWN,UNKNOWN,NONE,V05C-contexts.csv,SOURCE_PROVED_NOT_YET_ADMITTED
TP07F468,00:E330:0:0:0,0x006330,BFB78801,LDA,ABSL_X,UNKNOWN,UNKNOWN,01:88B7+X,V05C-contexts.csv,SOURCE_PROVED_NOT_YET_ADMITTED
TP07F468,00:E334:0:0:0,0x006334,290800,AND,IMM_M,UNKNOWN,UNKNOWN,NONE,V05C-contexts.csv,SOURCE_PROVED_NOT_YET_ADMITTED
TP07F468,00:E337:0:0:0,0x006337,D008,BNE,REL8,UNKNOWN,UNKNOWN,NONE,V05C-contexts.csv,SOURCE_PROVED_NOT_YET_ADMITTED
TP07F468,00:E339:0:0:0,0x006339,AD1704,LDA,ABS,UNKNOWN,1,DBR:0417,V05C-contexts.csv,SOURCE_PROVED_NOT_YET_ADMITTED
TP07F468,00:E33C:0:0:0,0x00633C,F003,BEQ,REL8,UNKNOWN,UNKNOWN,NONE,V05C-contexts.csv,SOURCE_PROVED_NOT_YET_ADMITTED
TP07F468,00:E33E:0:0:0,0x00633E,826E02,BRL,REL16,UNKNOWN,0,NONE,V05C-contexts.csv,SOURCE_PROVED_NOT_YET_ADMITTED
TP07F468,00:E341:0:0:0,0x006341,A9FFFF,LDA,IMM_M,UNKNOWN,0|1,NONE,V05C-contexts.csv,SOURCE_PROVED_NOT_YET_ADMITTED
TP07F468,00:E344:0:0:0,0x006344,8D1704,STA,ABS,UNKNOWN,0,DBR:0417,V05C-contexts.csv,SOURCE_PROVED_NOT_YET_ADMITTED
TP07F468,00:E347:0:0:0,0x006347,A00000,LDY,IMM_X,UNKNOWN,0,NONE,V05C-contexts.csv,SOURCE_PROVED_NOT_YET_ADMITTED
TP07F468,00:E34A:0:0:0,0x00634A,B746,LDA,DP_IND_LONG_Y,UNKNOWN,1,NONE,V05C-contexts.csv,SOURCE_PROVED_NOT_YET_ADMITTED
TP07F468,00:E34C:0:0:0,0x00634C,2085C2,JSR,ABS_JUMP,UNKNOWN,UNKNOWN,NONE,V05C-contexts.csv,SOURCE_PROVED_NOT_YET_ADMITTED
TP07F468,00:E34F:0:0:1,0x00634F,8D1F00,STA,ABS,UNKNOWN,UNKNOWN,DBR:001F,V05C-contexts.csv,SOURCE_PROVED_NOT_YET_ADMITTED
TP07F468,00:E352:0:0:1,0x006352,8E2100,STX,ABS,UNKNOWN,UNKNOWN,DBR:0021,V05C-contexts.csv,SOURCE_PROVED_NOT_YET_ADMITTED
TP07F468,00:E355:0:0:1,0x006355,A9E803,LDA,IMM_M,UNKNOWN,UNKNOWN,NONE,V05C-contexts.csv,SOURCE_PROVED_NOT_YET_ADMITTED
TP07F468,00:E358:0:0:1,0x006358,8D1904,STA,ABS,UNKNOWN,0,DBR:0419,V05C-contexts.csv,SOURCE_PROVED_NOT_YET_ADMITTED
TP07F468,00:E35B:0:0:1,0x00635B,AD1F00,LDA,ABS,UNKNOWN,UNKNOWN|0,DBR:001F,V05C-contexts.csv,SOURCE_PROVED_NOT_YET_ADMITTED
TP07F468,00:E35E:0:0:1,0x00635E,CD3A00,CMP,ABS,UNKNOWN,UNKNOWN,DBR:003A,V05C-contexts.csv,SOURCE_PROVED_NOT_YET_ADMITTED
TP07F468,00:E361:0:0:1,0x006361,D003,BNE,REL8,UNKNOWN,UNKNOWN,NONE,V05C-contexts.csv,SOURCE_PROVED_NOT_YET_ADMITTED
TP07F468,00:E363:0:0:1,0x006363,824602,BRL,REL16,UNKNOWN,1,NONE,V05C-contexts.csv,SOURCE_PROVED_NOT_YET_ADMITTED
TP07F468,00:E366:0:0:1,0x006366,B003,BCS,REL8,UNKNOWN,0,NONE,V05C-contexts.csv,SOURCE_PROVED_NOT_YET_ADMITTED
TP07F468,00:E368:0:0:1,0x006368,4CACE5,JMP,ABS_JUMP,0,0,NONE,V05C-contexts.csv,SOURCE_PROVED_NOT_YET_ADMITTED
TP07F468,00:E36B:0:0:1,0x00636B,E230,SEP,IMM8,1,0,NONE,V05C-contexts.csv,SOURCE_PROVED_NOT_YET_ADMITTED
TP07F468,00:E36D:0:1:1,0x00636D,A008,LDY,IMM_X,1,0,NONE,V05C-contexts.csv,SOURCE_PROVED_NOT_YET_ADMITTED
TP07F468,00:E36F:0:1:1,0x00636F,B71F,LDA,DP_IND_LONG_Y,1,0,NONE,V05C-contexts.csv,SOURCE_PROVED_NOT_YET_ADMITTED
TP07F468,00:E371:0:1:1,0x006371,C902,CMP,IMM_M,1,UNKNOWN,NONE,V05C-contexts.csv,SOURCE_PROVED_NOT_YET_ADMITTED
TP07F468,00:E373:0:1:1,0x006373,F003,BEQ,REL8,UNKNOWN,UNKNOWN,NONE,V05C-contexts.csv,SOURCE_PROVED_NOT_YET_ADMITTED
TP07F468,00:E375:0:1:1,0x006375,822102,BRL,REL16,UNKNOWN,0,NONE,V05C-contexts.csv,SOURCE_PROVED_NOT_YET_ADMITTED
TP07F468,00:E378:0:1:1,0x006378,A010,LDY,IMM_X,UNKNOWN,1,NONE,V05C-contexts.csv,SOURCE_PROVED_NOT_YET_ADMITTED
TP07F468,00:E37A:0:1:1,0x00637A,B71F,LDA,DP_IND_LONG_Y,UNKNOWN,0,NONE,V05C-contexts.csv,SOURCE_PROVED_NOT_YET_ADMITTED
TP07F468,00:E37C:0:1:1,0x00637C,C90C,CMP,IMM_M,UNKNOWN,UNKNOWN,NONE,V05C-contexts.csv,SOURCE_PROVED_NOT_YET_ADMITTED
TP07F468,00:E37E:0:1:1,0x00637E,F003,BEQ,REL8,UNKNOWN,UNKNOWN,NONE,V05C-contexts.csv,SOURCE_PROVED_NOT_YET_ADMITTED
TP07F468,00:E380:0:1:1,0x006380,821602,BRL,REL16,UNKNOWN,0,NONE,V05C-contexts.csv,SOURCE_PROVED_NOT_YET_ADMITTED
TP07F468,00:E383:0:1:1,0x006383,E210,SEP,IMM8,UNKNOWN,1,NONE,V05C-contexts.csv,SOURCE_PROVED_NOT_YET_ADMITTED
TP07F468,00:E385:0:1:1,0x006385,C220,REP,IMM8,UNKNOWN,1,NONE,V05C-contexts.csv,SOURCE_PROVED_NOT_YET_ADMITTED
TP07F468,00:E387:0:0:1,0x006387,A023,LDY,IMM_X,UNKNOWN,1,NONE,V05C-contexts.csv,SOURCE_PROVED_NOT_YET_ADMITTED
TP07F468,00:E389:0:0:1,0x006389,B71F,LDA,DP_IND_LONG_Y,UNKNOWN,0,NONE,V05C-contexts.csv,SOURCE_PROVED_NOT_YET_ADMITTED
TP07F468,00:E38B:0:0:1,0x00638B,F003,BEQ,REL8,UNKNOWN,UNKNOWN,NONE,V05C-contexts.csv,SOURCE_PROVED_NOT_YET_ADMITTED
TP07F468,00:E38D:0:0:1,0x00638D,82B801,BRL,REL16,UNKNOWN,0,NONE,V05C-contexts.csv,SOURCE_PROVED_NOT_YET_ADMITTED
TP07F468,00:E390:0:0:1,0x006390,C230,REP,IMM8,UNKNOWN,1,NONE,V05C-contexts.csv,SOURCE_PROVED_NOT_YET_ADMITTED
TP07F468,00:E392:0:0:0,0x006392,AD1600,LDA,ABS,UNKNOWN,1,DBR:0016,V05C-contexts.csv,SOURCE_PROVED_NOT_YET_ADMITTED
TP07F468,00:E395:0:0:0,0x006395,20B6C2,JSR,ABS_JUMP,UNKNOWN,UNKNOWN,NONE,V05C-contexts.csv,SOURCE_PROVED_NOT_YET_ADMITTED
TP07F468,00:E398:0:0:0,0x006398,A02300,LDY,IMM_X,UNKNOWN,UNKNOWN,NONE,V05C-contexts.csv,SOURCE_PROVED_NOT_YET_ADMITTED
TP07F468,00:E39B:0:0:0,0x00639B,971F,STA,DP_IND_LONG_Y,UNKNOWN,0,NONE,V05C-contexts.csv,SOURCE_PROVED_NOT_YET_ADMITTED
TP07F468,00:E39D:0:0:0,0x00639D,A00A00,LDY,IMM_X,UNKNOWN,0,NONE,V05C-contexts.csv,SOURCE_PROVED_NOT_YET_ADMITTED
TP07F468,00:E3A0:0:0:0,0x0063A0,B71F,LDA,DP_IND_LONG_Y,UNKNOWN,0,NONE,V05C-contexts.csv,SOURCE_PROVED_NOT_YET_ADMITTED
TP07F468,00:E3A2:0:0:0,0x0063A2,9716,STA,DP_IND_LONG_Y,UNKNOWN,UNKNOWN,NONE,V05C-contexts.csv,SOURCE_PROVED_NOT_YET_ADMITTED
TP07F468,00:E3A4:0:0:0,0x0063A4,A00C00,LDY,IMM_X,UNKNOWN,UNKNOWN,NONE,V05C-contexts.csv,SOURCE_PROVED_NOT_YET_ADMITTED
TP07F468,00:E3A7:0:0:0,0x0063A7,B71F,LDA,DP_IND_LONG_Y,UNKNOWN,0,NONE,V05C-contexts.csv,SOURCE_PROVED_NOT_YET_ADMITTED
TP07F468,00:E3A9:0:0:0,0x0063A9,9716,STA,DP_IND_LONG_Y,UNKNOWN,UNKNOWN,NONE,V05C-contexts.csv,SOURCE_PROVED_NOT_YET_ADMITTED
TP07F468,00:E3AB:0:0:0,0x0063AB,E230,SEP,IMM8,UNKNOWN,UNKNOWN,NONE,V05C-contexts.csv,SOURCE_PROVED_NOT_YET_ADMITTED
TP07F468,00:E3AD:0:1:1,0x0063AD,A016,LDY,IMM_X,UNKNOWN,UNKNOWN,NONE,V05C-contexts.csv,SOURCE_PROVED_NOT_YET_ADMITTED
TP07F468,00:E3AF:0:1:1,0x0063AF,B71F,LDA,DP_IND_LONG_Y,UNKNOWN,0,NONE,V05C-contexts.csv,SOURCE_PROVED_NOT_YET_ADMITTED
TP07F468,00:E3B1:0:1:1,0x0063B1,0A,ASL,ACC,UNKNOWN,UNKNOWN,NONE,V05C-contexts.csv,SOURCE_PROVED_NOT_YET_ADMITTED
TP07F468,00:E3B2:0:1:1,0x0063B2,AA,TAX,IMP,UNKNOWN,UNKNOWN,NONE,V05C-contexts.csv,SOURCE_PROVED_NOT_YET_ADMITTED
TP07F468,00:E3B3:0:1:1,0x0063B3,BFE38D01,LDA,ABSL_X,UNKNOWN,UNKNOWN,01:8DE3+X,V05C-contexts.csv,SOURCE_PROVED_NOT_YET_ADMITTED
TP07F468,00:E3B7:0:1:1,0x0063B7,9716,STA,DP_IND_LONG_Y,UNKNOWN,UNKNOWN,NONE,V05C-contexts.csv,SOURCE_PROVED_NOT_YET_ADMITTED
TP07F468,00:E3B9:0:1:1,0x0063B9,C230,REP,IMM8,UNKNOWN,UNKNOWN,NONE,V05C-contexts.csv,SOURCE_PROVED_NOT_YET_ADMITTED
TP07F468,00:E3BB:0:0:0,0x0063BB,A96000,LDA,IMM_M,UNKNOWN,UNKNOWN,NONE,V05C-contexts.csv,SOURCE_PROVED_NOT_YET_ADMITTED
TP07F468,00:E3BE:0:0:0,0x0063BE,8D1704,STA,ABS,UNKNOWN,0,DBR:0417,V05C-contexts.csv,SOURCE_PROVED_NOT_YET_ADMITTED
TP07F468,00:E3C1:0:0:0,0x0063C1,E230,SEP,IMM8,UNKNOWN,UNKNOWN|0,NONE,V05C-contexts.csv,SOURCE_PROVED_NOT_YET_ADMITTED
TP07F468,00:E3C3:0:1:1,0x0063C3,AD1704,LDA,ABS,UNKNOWN,UNKNOWN|0,DBR:0417,V05C-contexts.csv,SOURCE_PROVED_NOT_YET_ADMITTED
TP07F468,00:E3C6:0:1:1,0x0063C6,D003,BNE,REL8,UNKNOWN,UNKNOWN,NONE,V05C-contexts.csv,SOURCE_PROVED_NOT_YET_ADMITTED
TP07F468,00:E3C8:0:1:1,0x0063C8,82F400,BRL,REL16,UNKNOWN,1,NONE,V05C-contexts.csv,SOURCE_PROVED_NOT_YET_ADMITTED
TP07F468,00:E3CB:0:1:1,0x0063CB,1003,BPL,REL8,UNKNOWN,0,NONE,V05C-contexts.csv,SOURCE_PROVED_NOT_YET_ADMITTED
TP07F468,00:E3CD:0:1:1,0x0063CD,4CBFE4,JMP,ABS_JUMP,UNKNOWN,0,NONE,V05C-contexts.csv,SOURCE_PROVED_NOT_YET_ADMITTED
TP07F468,00:E3D0:0:1:1,0x0063D0,A00A,LDY,IMM_X,UNKNOWN,0,NONE,V05C-contexts.csv,SOURCE_PROVED_NOT_YET_ADMITTED
TP07F468,00:E3D2:0:1:1,0x0063D2,B716,LDA,DP_IND_LONG_Y,UNKNOWN,0,NONE,V05C-contexts.csv,SOURCE_PROVED_NOT_YET_ADMITTED
TP07F468,00:E3D4:0:1:1,0x0063D4,C980,CMP,IMM_M,UNKNOWN,UNKNOWN,NONE,V05C-contexts.csv,SOURCE_PROVED_NOT_YET_ADMITTED
TP07F468,00:E3D6:0:1:1,0x0063D6,F003,BEQ,REL8,UNKNOWN,UNKNOWN,NONE,V05C-contexts.csv,SOURCE_PROVED_NOT_YET_ADMITTED
TP07F468,00:E3D8:0:1:1,0x0063D8,828B00,BRL,REL16,UNKNOWN,0,NONE,V05C-contexts.csv,SOURCE_PROVED_NOT_YET_ADMITTED
TP07F468,00:E3DB:0:1:1,0x0063DB,A00C,LDY,IMM_X,UNKNOWN,1,NONE,V05C-contexts.csv,SOURCE_PROVED_NOT_YET_ADMITTED
TP07F468,00:E3DD:0:1:1,0x0063DD,B716,LDA,DP_IND_LONG_Y,UNKNOWN,0,NONE,V05C-contexts.csv,SOURCE_PROVED_NOT_YET_ADMITTED
TP07F468,00:E3DF:0:1:1,0x0063DF,C980,CMP,IMM_M,UNKNOWN,UNKNOWN,NONE,V05C-contexts.csv,SOURCE_PROVED_NOT_YET_ADMITTED
TP07F468,00:E3E1:0:1:1,0x0063E1,F003,BEQ,REL8,UNKNOWN,UNKNOWN,NONE,V05C-contexts.csv,SOURCE_PROVED_NOT_YET_ADMITTED
TP07F468,00:E3E3:0:1:1,0x0063E3,828000,BRL,REL16,UNKNOWN,0,NONE,V05C-contexts.csv,SOURCE_PROVED_NOT_YET_ADMITTED
TP07F468,00:E3E6:0:1:1,0x0063E6,A002,LDY,IMM_X,UNKNOWN,1,NONE,V05C-contexts.csv,SOURCE_PROVED_NOT_YET_ADMITTED
TP07F468,00:E3E8:0:1:1,0x0063E8,B746,LDA,DP_IND_LONG_Y,UNKNOWN,0,NONE,V05C-contexts.csv,SOURCE_PROVED_NOT_YET_ADMITTED
TP07F468,00:E3EA:0:1:1,0x0063EA,A8,TAY,IMP,UNKNOWN,UNKNOWN,NONE,V05C-contexts.csv,SOURCE_PROVED_NOT_YET_ADMITTED
TP07F468,00:E3EB:0:1:1,0x0063EB,C230,REP,IMM8,UNKNOWN,UNKNOWN,NONE,V05C-contexts.csv,SOURCE_PROVED_NOT_YET_ADMITTED
TP07F468,00:E3ED:0:0:0,0x0063ED,98,TYA,IMP,UNKNOWN,UNKNOWN,NONE,V05C-contexts.csv,SOURCE_PROVED_NOT_YET_ADMITTED
TP07F468,00:E3EE:0:0:0,0x0063EE,0A,ASL,ACC,UNKNOWN,UNKNOWN,NONE,V05C-contexts.csv,SOURCE_PROVED_NOT_YET_ADMITTED
TP07F468,00:E3EF:0:0:0,0x0063EF,0A,ASL,ACC,UNKNOWN,UNKNOWN,NONE,V05C-contexts.csv,SOURCE_PROVED_NOT_YET_ADMITTED
TP07F468,00:E3F0:0:0:0,0x0063F0,A8,TAY,IMP,UNKNOWN,UNKNOWN,NONE,V05C-contexts.csv,SOURCE_PROVED_NOT_YET_ADMITTED
TP07F468,00:E3F1:0:0:0,0x0063F1,AA,TAX,IMP,UNKNOWN,UNKNOWN,NONE,V05C-contexts.csv,SOURCE_PROVED_NOT_YET_ADMITTED
TP07F468,00:E3F2:0:0:0,0x0063F2,E220,SEP,IMM8,UNKNOWN,UNKNOWN,NONE,V05C-contexts.csv,SOURCE_PROVED_NOT_YET_ADMITTED
TP07F468,00:E3F4:0:1:0,0x0063F4,C210,REP,IMM8,UNKNOWN,UNKNOWN,NONE,V05C-contexts.csv,SOURCE_PROVED_NOT_YET_ADMITTED
TP07F468,00:E3F6:0:1:0,0x0063F6,BFBA8801,LDA,ABSL_X,UNKNOWN,UNKNOWN,01:88BA+X,V05C-contexts.csv,SOURCE_PROVED_NOT_YET_ADMITTED
TP07F468,00:E3FA:0:1:0,0x0063FA,E230,SEP,IMM8,UNKNOWN,UNKNOWN,NONE,V05C-contexts.csv,SOURCE_PROVED_NOT_YET_ADMITTED
TP07F468,00:E3FC:0:1:1,0x0063FC,AA,TAX,IMP,UNKNOWN,UNKNOWN,NONE,V05C-contexts.csv,SOURCE_PROVED_NOT_YET_ADMITTED
TP07F468,00:E3FD:0:1:1,0x0063FD,BFC98D01,LDA,ABSL_X,UNKNOWN,UNKNOWN,01:8DC9+X,V05C-contexts.csv,SOURCE_PROVED_NOT_YET_ADMITTED
TP07F468,00:E401:0:1:1,0x006401,C230,REP,IMM8,UNKNOWN,UNKNOWN,NONE,V05C-contexts.csv,SOURCE_PROVED_NOT_YET_ADMITTED
TP07F468,00:E403:0:0:0,0x006403,29FF00,AND,IMM_M,UNKNOWN,UNKNOWN,NONE,V05C-contexts.csv,SOURCE_PROVED_NOT_YET_ADMITTED
TP07F468,00:E406:0:0:0,0x006406,8D0F04,STA,ABS,UNKNOWN,UNKNOWN,DBR:040F,V05C-contexts.csv,SOURCE_PROVED_NOT_YET_ADMITTED
TP07F468,00:E409:0:0:0,0x006409,8D1904,STA,ABS,UNKNOWN,UNKNOWN,DBR:0419,V05C-contexts.csv,SOURCE_PROVED_NOT_YET_ADMITTED
TP07F468,00:E40C:0:0:0,0x00640C,E230,SEP,IMM8,UNKNOWN,UNKNOWN,NONE,V05C-contexts.csv,SOURCE_PROVED_NOT_YET_ADMITTED
TP07F468,00:E40E:0:1:1,0x00640E,A016,LDY,IMM_X,UNKNOWN,UNKNOWN,NONE,V05C-contexts.csv,SOURCE_PROVED_NOT_YET_ADMITTED
TP07F468,00:E410:0:1:1,0x006410,B716,LDA,DP_IND_LONG_Y,UNKNOWN,0,NONE,V05C-contexts.csv,SOURCE_PROVED_NOT_YET_ADMITTED
TP07F468,00:E412:0:1:1,0x006412,AA,TAX,IMP,UNKNOWN,UNKNOWN,NONE,V05C-contexts.csv,SOURCE_PROVED_NOT_YET_ADMITTED
TP07F468,00:E413:0:1:1,0x006413,BF138E01,LDA,ABSL_X,UNKNOWN,UNKNOWN,01:8E13+X,V05C-contexts.csv,SOURCE_PROVED_NOT_YET_ADMITTED
TP07F468,00:E417:0:1:1,0x006417,C230,REP,IMM8,UNKNOWN,UNKNOWN,NONE,V05C-contexts.csv,SOURCE_PROVED_NOT_YET_ADMITTED
TP07F468,00:E419:0:0:0,0x006419,29FF00,AND,IMM_M,UNKNOWN,UNKNOWN,NONE,V05C-contexts.csv,SOURCE_PROVED_NOT_YET_ADMITTED
TP07F468,00:E41C:0:0:0,0x00641C,49FFFF,EOR,IMM_M,UNKNOWN,UNKNOWN,NONE,V05C-contexts.csv,SOURCE_PROVED_NOT_YET_ADMITTED
TP07F468,00:E41F:0:0:0,0x00641F,2D0F04,AND,ABS,UNKNOWN,UNKNOWN,DBR:040F,V05C-contexts.csv,SOURCE_PROVED_NOT_YET_ADMITTED
TP07F468,00:E422:0:0:0,0x006422,8D0F04,STA,ABS,UNKNOWN,UNKNOWN,DBR:040F,V05C-contexts.csv,SOURCE_PROVED_NOT_YET_ADMITTED
TP07F468,00:E425:0:0:0,0x006425,CD1904,CMP,ABS,UNKNOWN,UNKNOWN,DBR:0419,V05C-contexts.csv,SOURCE_PROVED_NOT_YET_ADMITTED
TP07F468,00:E428:0:0:0,0x006428,F00B,BEQ,REL8,UNKNOWN,UNKNOWN,NONE,V05C-contexts.csv,SOURCE_PROVED_NOT_YET_ADMITTED
TP07F468,00:E42A:0:0:0,0x00642A,AD0F04,LDA,ABS,UNKNOWN,0,DBR:040F,V05C-contexts.csv,SOURCE_PROVED_NOT_YET_ADMITTED
TP07F468,00:E42D:0:0:0,0x00642D,D02A,BNE,REL8,UNKNOWN,UNKNOWN,NONE,V05C-contexts.csv,SOURCE_PROVED_NOT_YET_ADMITTED
TP07F468,00:E42F:0:0:0,0x00642F,A90000,LDA,IMM_M,UNKNOWN,1,NONE,V05C-contexts.csv,SOURCE_PROVED_NOT_YET_ADMITTED
TP07F468,00:E432:0:0:0,0x006432,82DA02,BRL,REL16,UNKNOWN,1,NONE,V05C-contexts.csv,SOURCE_PROVED_NOT_YET_ADMITTED
TP07F468,00:E435:0:0:0,0x006435,E230,SEP,IMM8,UNKNOWN,1,NONE,V05C-contexts.csv,SOURCE_PROVED_NOT_YET_ADMITTED
TP07F468,00:E437:0:1:1,0x006437,A016,LDY,IMM_X,UNKNOWN,1,NONE,V05C-contexts.csv,SOURCE_PROVED_NOT_YET_ADMITTED
TP07F468,00:E439:0:1:1,0x006439,B716,LDA,DP_IND_LONG_Y,UNKNOWN,0,NONE,V05C-contexts.csv,SOURCE_PROVED_NOT_YET_ADMITTED
TP07F468,00:E43B:0:1:1,0x00643B,AA,TAX,IMP,UNKNOWN,UNKNOWN,NONE,V05C-contexts.csv,SOURCE_PROVED_NOT_YET_ADMITTED
TP07F468,00:E43C:0:1:1,0x00643C,A901,LDA,IMM_M,UNKNOWN,UNKNOWN,NONE,V05C-contexts.csv,SOURCE_PROVED_NOT_YET_ADMITTED
TP07F468,00:E43E:0:1:1,0x00643E,E000,CPX,IMM_X,UNKNOWN,0,NONE,V05C-contexts.csv,SOURCE_PROVED_NOT_YET_ADMITTED
TP07F468,00:E440:0:1:1,0x006440,F004,BEQ,REL8,UNKNOWN,UNKNOWN,NONE,V05C-contexts.csv,SOURCE_PROVED_NOT_YET_ADMITTED
TP07F468,00:E442:0:1:1,0x006442,0A,ASL,ACC,UNKNOWN,0,NONE,V05C-contexts.csv,SOURCE_PROVED_NOT_YET_ADMITTED
TP07F468,00:E443:0:1:1,0x006443,CA,DEX,IMP,UNKNOWN,UNKNOWN,NONE,V05C-contexts.csv,SOURCE_PROVED_NOT_YET_ADMITTED
TP07F468,00:E444:0:1:1,0x006444,D0FC,BNE,REL8,UNKNOWN,UNKNOWN,NONE,V05C-contexts.csv,SOURCE_PROVED_NOT_YET_ADMITTED
TP07F468,00:E446:0:1:1,0x006446,8D8A07,STA,ABS,UNKNOWN,1,DBR:078A,V05C-contexts.csv,SOURCE_PROVED_NOT_YET_ADMITTED
TP07F468,00:E449:0:1:1,0x006449,2D0F04,AND,ABS,UNKNOWN,1,DBR:040F,V05C-contexts.csv,SOURCE_PROVED_NOT_YET_ADMITTED
TP07F468,00:E44C:0:1:1,0x00644C,F00B,BEQ,REL8,UNKNOWN,UNKNOWN,NONE,V05C-contexts.csv,SOURCE_PROVED_NOT_YET_ADMITTED
TP07F468,00:E44E:0:1:1,0x00644E,C230,REP,IMM8,UNKNOWN,0,NONE,V05C-contexts.csv,SOURCE_PROVED_NOT_YET_ADMITTED
TP07F468,00:E450:0:0:0,0x006450,AD8A07,LDA,ABS,UNKNOWN,0,DBR:078A,V05C-contexts.csv,SOURCE_PROVED_NOT_YET_ADMITTED
TP07F468,00:E453:0:0:0,0x006453,29FF00,AND,IMM_M,UNKNOWN,UNKNOWN,NONE,V05C-contexts.csv,SOURCE_PROVED_NOT_YET_ADMITTED
TP07F468,00:E456:0:0:0,0x006456,8D0F04,STA,ABS,UNKNOWN,UNKNOWN,DBR:040F,V05C-contexts.csv,SOURCE_PROVED_NOT_YET_ADMITTED
TP07F468,00:E459:0:0:0,0x006459,E230,SEP,IMM8,UNKNOWN,UNKNOWN|0,NONE,V05C-contexts.csv,SOURCE_PROVED_NOT_YET_ADMITTED
TP07F468,00:E459:0:1:1,0x006459,E230,SEP,IMM8,UNKNOWN,1,NONE,V05C-contexts.csv,SOURCE_PROVED_NOT_YET_ADMITTED
TP07F468,00:E45B:0:1:1,0x00645B,AE0F04,LDX,ABS,UNKNOWN,UNKNOWN|0|1,DBR:040F,V05C-contexts.csv,SOURCE_PROVED_NOT_YET_ADMITTED
TP07F468,00:E45E:0:1:1,0x00645E,BF218E01,LDA,ABSL_X,UNKNOWN,UNKNOWN,01:8E21+X,V05C-contexts.csv,SOURCE_PROVED_NOT_YET_ADMITTED
TP07F468,00:E462:0:1:1,0x006462,A016,LDY,IMM_X,UNKNOWN,UNKNOWN,NONE,V05C-contexts.csv,SOURCE_PROVED_NOT_YET_ADMITTED
TP07F468,00:E464:0:1:1,0x006464,9716,STA,DP_IND_LONG_Y,UNKNOWN,0,NONE,V05C-contexts.csv,SOURCE_PROVED_NOT_YET_ADMITTED
TP07F468,00:E466:0:1:1,0x006466,E230,SEP,IMM8,UNKNOWN,0,NONE,V05C-contexts.csv,SOURCE_PROVED_NOT_YET_ADMITTED
TP07F468,00:E468:0:1:1,0x006468,A016,LDY,IMM_X,UNKNOWN,0,NONE,V05C-contexts.csv,SOURCE_PROVED_NOT_YET_ADMITTED
TP07F468,00:E46A:0:1:1,0x00646A,B716,LDA,DP_IND_LONG_Y,UNKNOWN,0,NONE,V05C-contexts.csv,SOURCE_PROVED_NOT_YET_ADMITTED
TP07F468,00:E46C:0:1:1,0x00646C,0A,ASL,ACC,UNKNOWN,UNKNOWN,NONE,V05C-contexts.csv,SOURCE_PROVED_NOT_YET_ADMITTED
TP07F468,00:E46D:0:1:1,0x00646D,0A,ASL,ACC,UNKNOWN,UNKNOWN,NONE,V05C-contexts.csv,SOURCE_PROVED_NOT_YET_ADMITTED
TP07F468,00:E46E:0:1:1,0x00646E,A017,LDY,IMM_X,UNKNOWN,UNKNOWN,NONE,V05C-contexts.csv,SOURCE_PROVED_NOT_YET_ADMITTED
TP07F468,00:E470:0:1:1,0x006470,18,CLC,IMP,UNKNOWN,0,NONE,V05C-contexts.csv,SOURCE_PROVED_NOT_YET_ADMITTED
TP07F468,00:E471:0:1:1,0x006471,7716,ADC,DP_IND_LONG_Y,0,0,NONE,V05C-contexts.csv,SOURCE_PROVED_NOT_YET_ADMITTED
TP07F468,00:E473:0:1:1,0x006473,AA,TAX,IMP,UNKNOWN,UNKNOWN,NONE,V05C-contexts.csv,SOURCE_PROVED_NOT_YET_ADMITTED
TP07F468,00:E474:0:1:1,0x006474,E210,SEP,IMM8,UNKNOWN,UNKNOWN,NONE,V05C-contexts.csv,SOURCE_PROVED_NOT_YET_ADMITTED
TP07F468,00:E476:0:1:1,0x006476,C220,REP,IMM8,UNKNOWN,UNKNOWN,NONE,V05C-contexts.csv,SOURCE_PROVED_NOT_YET_ADMITTED
TP07F468,00:E478:0:0:1,0x006478,BF569201,LDA,ABSL_X,UNKNOWN,UNKNOWN,01:9256+X,V05C-contexts.csv,SOURCE_PROVED_NOT_YET_ADMITTED
TP07F468,00:E47C:0:0:1,0x00647C,A00A,LDY,IMM_X,UNKNOWN,UNKNOWN,NONE,V05C-contexts.csv,SOURCE_PROVED_NOT_YET_ADMITTED
TP07F468,00:E47E:0:0:1,0x00647E,18,CLC,IMP,UNKNOWN,0,NONE,V05C-contexts.csv,SOURCE_PROVED_NOT_YET_ADMITTED
TP07F468,00:E47F:0:0:1,0x00647F,7716,ADC,DP_IND_LONG_Y,0,0,NONE,V05C-contexts.csv,SOURCE_PROVED_NOT_YET_ADMITTED
TP07F468,00:E481:0:0:1,0x006481,8D8E07,STA,ABS,UNKNOWN,UNKNOWN,DBR:078E,V05C-contexts.csv,SOURCE_PROVED_NOT_YET_ADMITTED
TP07F468,00:E484:0:0:1,0x006484,BF589201,LDA,ABSL_X,UNKNOWN,UNKNOWN,01:9258+X,V05C-contexts.csv,SOURCE_PROVED_NOT_YET_ADMITTED
TP07F468,00:E488:0:0:1,0x006488,A00C,LDY,IMM_X,UNKNOWN,UNKNOWN,NONE,V05C-contexts.csv,SOURCE_PROVED_NOT_YET_ADMITTED
TP07F468,00:E48A:0:0:1,0x00648A,18,CLC,IMP,UNKNOWN,0,NONE,V05C-contexts.csv,SOURCE_PROVED_NOT_YET_ADMITTED
TP07F468,00:E48B:0:0:1,0x00648B,7716,ADC,DP_IND_LONG_Y,0,0,NONE,V05C-contexts.csv,SOURCE_PROVED_NOT_YET_ADMITTED
TP07F468,00:E48D:0:0:1,0x00648D,8D9207,STA,ABS,UNKNOWN,UNKNOWN,DBR:0792,V05C-contexts.csv,SOURCE_PROVED_NOT_YET_ADMITTED
TP07F468,00:E490:0:0:1,0x006490,E210,SEP,IMM8,UNKNOWN,UNKNOWN,NONE,V05C-contexts.csv,SOURCE_PROVED_NOT_YET_ADMITTED
TP07F468,00:E492:0:0:1,0x006492,C220,REP,IMM8,UNKNOWN,UNKNOWN,NONE,V05C-contexts.csv,SOURCE_PROVED_NOT_YET_ADMITTED
TP07F468,00:E494:0:0:1,0x006494,AD1600,LDA,ABS,UNKNOWN,UNKNOWN,DBR:0016,V05C-contexts.csv,SOURCE_PROVED_NOT_YET_ADMITTED
TP07F468,00:E497:0:0:1,0x006497,8D8A07,STA,ABS,UNKNOWN,UNKNOWN,DBR:078A,V05C-contexts.csv,SOURCE_PROVED_NOT_YET_ADMITTED
TP07F468,00:E49A:0:0:1,0x00649A,AE1800,LDX,ABS,UNKNOWN,UNKNOWN,DBR:0018,V05C-contexts.csv,SOURCE_PROVED_NOT_YET_ADMITTED
TP07F468,00:E49D:0:0:1,0x00649D,8E8C07,STX,ABS,UNKNOWN,UNKNOWN,DBR:078C,V05C-contexts.csv,SOURCE_PROVED_NOT_YET_ADMITTED
TP07F468,00:E4A0:0:0:1,0x0064A0,22098807,JSL,ABSL_JUMP,UNKNOWN,UNKNOWN,NONE,V05C-contexts.csv,SOURCE_PROVED_NOT_YET_ADMITTED
TP07F468,00:E4A4:0:0:0,0x0064A4,E230,SEP,IMM8,UNKNOWN|1,UNKNOWN,NONE,V05C-contexts.csv,SOURCE_PROVED_NOT_YET_ADMITTED
TP07F468,00:E4A6:0:1:1,0x0064A6,A017,LDY,IMM_X,UNKNOWN|1,UNKNOWN,NONE,V05C-contexts.csv,SOURCE_PROVED_NOT_YET_ADMITTED
TP07F468,00:E4A8:0:1:1,0x0064A8,B716,LDA,DP_IND_LONG_Y,UNKNOWN|1,0,NONE,V05C-contexts.csv,SOURCE_PROVED_NOT_YET_ADMITTED
TP07F468,00:E4AA:0:1:1,0x0064AA,C230,REP,IMM8,UNKNOWN|1,UNKNOWN,NONE,V05C-contexts.csv,SOURCE_PROVED_NOT_YET_ADMITTED
TP07F468,00:E4AC:0:0:0,0x0064AC,29FF00,AND,IMM_M,UNKNOWN|1,UNKNOWN,NONE,V05C-contexts.csv,SOURCE_PROVED_NOT_YET_ADMITTED
TP07F468,00:E4AF:0:0:0,0x0064AF,8D8A07,STA,ABS,UNKNOWN|1,UNKNOWN,DBR:078A,V05C-contexts.csv,SOURCE_PROVED_NOT_YET_ADMITTED
TP07F468,00:E4B2:0:0:0,0x0064B2,AD1704,LDA,ABS,UNKNOWN|1,UNKNOWN,DBR:0417,V05C-contexts.csv,SOURCE_PROVED_NOT_YET_ADMITTED
TP07F468,00:E4B5:0:0:0,0x0064B5,38,SEC,IMP,UNKNOWN|1,UNKNOWN,NONE,V05C-contexts.csv,SOURCE_PROVED_NOT_YET_ADMITTED
TP07F468,00:E4B6:0:0:0,0x0064B6,ED8A07,SBC,ABS,1,UNKNOWN,DBR:078A,V05C-contexts.csv,SOURCE_PROVED_NOT_YET_ADMITTED
TP07F468,00:E4B9:0:0:0,0x0064B9,8D1704,STA,ABS,UNKNOWN,UNKNOWN,DBR:0417,V05C-contexts.csv,SOURCE_PROVED_NOT_YET_ADMITTED
TP07F468,00:E4BC:0:0:0,0x0064BC,8202FF,BRL,REL16,UNKNOWN,UNKNOWN,NONE,V05C-contexts.csv,SOURCE_PROVED_NOT_YET_ADMITTED
TP07F468,00:E4BF:0:1:1,0x0064BF,E210,SEP,IMM8,UNKNOWN,0|1,NONE,V05C-contexts.csv,SOURCE_PROVED_NOT_YET_ADMITTED
TP07F468,00:E4C1:0:1:1,0x0064C1,C220,REP,IMM8,UNKNOWN,0|1,NONE,V05C-contexts.csv,SOURCE_PROVED_NOT_YET_ADMITTED
TP07F468,00:E4C3:0:0:1,0x0064C3,A01A,LDY,IMM_X,UNKNOWN,0|1,NONE,V05C-contexts.csv,SOURCE_PROVED_NOT_YET_ADMITTED
TP07F468,00:E4C5:0:0:1,0x0064C5,B71F,LDA,DP_IND_LONG_Y,UNKNOWN,0,NONE,V05C-contexts.csv,SOURCE_PROVED_NOT_YET_ADMITTED
TP07F468,00:E4C7:0:0:1,0x0064C7,9716,STA,DP_IND_LONG_Y,UNKNOWN,UNKNOWN,NONE,V05C-contexts.csv,SOURCE_PROVED_NOT_YET_ADMITTED
TP07F468,00:E4C9:0:0:1,0x0064C9,AD301F,LDA,ABS,UNKNOWN,UNKNOWN,DBR:1F30,V05C-contexts.csv,SOURCE_PROVED_NOT_YET_ADMITTED
TP07F468,00:E4CC:0:0:1,0x0064CC,A025,LDY,IMM_X,UNKNOWN,UNKNOWN,NONE,V05C-contexts.csv,SOURCE_PROVED_NOT_YET_ADMITTED
TP07F468,00:E4CE:0:0:1,0x0064CE,9716,STA,DP_IND_LONG_Y,UNKNOWN,0,NONE,V05C-contexts.csv,SOURCE_PROVED_NOT_YET_ADMITTED
TP07F468,00:E4D0:0:0:1,0x0064D0,AD321F,LDA,ABS,UNKNOWN,0,DBR:1F32,V05C-contexts.csv,SOURCE_PROVED_NOT_YET_ADMITTED
TP07F468,00:E4D3:0:0:1,0x0064D3,A027,LDY,IMM_X,UNKNOWN,UNKNOWN,NONE,V05C-contexts.csv,SOURCE_PROVED_NOT_YET_ADMITTED
TP07F468,00:E4D5:0:0:1,0x0064D5,9716,STA,DP_IND_LONG_Y,UNKNOWN,0,NONE,V05C-contexts.csv,SOURCE_PROVED_NOT_YET_ADMITTED
TP07F468,00:E4D7:0:0:1,0x0064D7,E230,SEP,IMM8,UNKNOWN,0,NONE,V05C-contexts.csv,SOURCE_PROVED_NOT_YET_ADMITTED
TP07F468,00:E4D9:0:1:1,0x0064D9,A04E,LDY,IMM_X,UNKNOWN,0,NONE,V05C-contexts.csv,SOURCE_PROVED_NOT_YET_ADMITTED
TP07F468,00:E4DB:0:1:1,0x0064DB,A900,LDA,IMM_M,UNKNOWN,0,NONE,V05C-contexts.csv,SOURCE_PROVED_NOT_YET_ADMITTED
TP07F468,00:E4DD:0:1:1,0x0064DD,9716,STA,DP_IND_LONG_Y,UNKNOWN,1,NONE,V05C-contexts.csv,SOURCE_PROVED_NOT_YET_ADMITTED
TP07F468,00:E4DF:0:1:1,0x0064DF,E210,SEP,IMM8,UNKNOWN,1,NONE,V05C-contexts.csv,SOURCE_PROVED_NOT_YET_ADMITTED
TP07F468,00:E4E1:0:1:1,0x0064E1,C220,REP,IMM8,UNKNOWN,1,NONE,V05C-contexts.csv,SOURCE_PROVED_NOT_YET_ADMITTED
TP07F468,00:E4E3:0:0:1,0x0064E3,A023,LDY,IMM_X,UNKNOWN,1,NONE,V05C-contexts.csv,SOURCE_PROVED_NOT_YET_ADMITTED
TP07F468,00:E4E5:0:0:1,0x0064E5,A90000,LDA,IMM_M,UNKNOWN,0,NONE,V05C-contexts.csv,SOURCE_PROVED_NOT_YET_ADMITTED
TP07F468,00:E4E8:0:0:1,0x0064E8,9716,STA,DP_IND_LONG_Y,UNKNOWN,1,NONE,V05C-contexts.csv,SOURCE_PROVED_NOT_YET_ADMITTED
TP07F468,00:E4EA:0:0:1,0x0064EA,E230,SEP,IMM8,UNKNOWN,1,NONE,V05C-contexts.csv,SOURCE_PROVED_NOT_YET_ADMITTED
TP07F468,00:E4EC:0:1:1,0x0064EC,A90C,LDA,IMM_M,UNKNOWN,1,NONE,V05C-contexts.csv,SOURCE_PROVED_NOT_YET_ADMITTED
TP07F468,00:E4EE:0:1:1,0x0064EE,A010,LDY,IMM_X,UNKNOWN,0,NONE,V05C-contexts.csv,SOURCE_PROVED_NOT_YET_ADMITTED
TP07F468,00:E4F0:0:1:1,0x0064F0,9716,STA,DP_IND_LONG_Y,UNKNOWN,0,NONE,V05C-contexts.csv,SOURCE_PROVED_NOT_YET_ADMITTED
TP07F468,00:E4F2:0:1:1,0x0064F2,A016,LDY,IMM_X,UNKNOWN,0,NONE,V05C-contexts.csv,SOURCE_PROVED_NOT_YET_ADMITTED
TP07F468,00:E4F4:0:1:1,0x0064F4,B716,LDA,DP_IND_LONG_Y,UNKNOWN,0,NONE,V05C-contexts.csv,SOURCE_PROVED_NOT_YET_ADMITTED
TP07F468,00:E4F6:0:1:1,0x0064F6,0A,ASL,ACC,UNKNOWN,UNKNOWN,NONE,V05C-contexts.csv,SOURCE_PROVED_NOT_YET_ADMITTED
TP07F468,00:E4F7:0:1:1,0x0064F7,AA,TAX,IMP,UNKNOWN,UNKNOWN,NONE,V05C-contexts.csv,SOURCE_PROVED_NOT_YET_ADMITTED
TP07F468,00:E4F8:0:1:1,0x0064F8,BFE38D01,LDA,ABSL_X,UNKNOWN,UNKNOWN,01:8DE3+X,V05C-contexts.csv,SOURCE_PROVED_NOT_YET_ADMITTED
TP07F468,00:E4FC:0:1:1,0x0064FC,9716,STA,DP_IND_LONG_Y,UNKNOWN,UNKNOWN,NONE,V05C-contexts.csv,SOURCE_PROVED_NOT_YET_ADMITTED
TP07F468,00:E4FE:0:1:1,0x0064FE,C230,REP,IMM8,UNKNOWN,UNKNOWN,NONE,V05C-contexts.csv,SOURCE_PROVED_NOT_YET_ADMITTED
TP07F468,00:E500:0:0:0,0x006500,A05A00,LDY,IMM_X,UNKNOWN,UNKNOWN,NONE,V05C-contexts.csv,SOURCE_PROVED_NOT_YET_ADMITTED
TP07F468,00:E503:0:0:0,0x006503,B716,LDA,DP_IND_LONG_Y,UNKNOWN,0,NONE,V05C-contexts.csv,SOURCE_PROVED_NOT_YET_ADMITTED
TP07F468,00:E505:0:0:0,0x006505,29FF00,AND,IMM_M,UNKNOWN,UNKNOWN,NONE,V05C-contexts.csv,SOURCE_PROVED_NOT_YET_ADMITTED
TP07F468,00:E508:0:0:0,0x006508,A8,TAY,IMP,UNKNOWN,UNKNOWN,NONE,V05C-contexts.csv,SOURCE_PROVED_NOT_YET_ADMITTED
TP07F468,00:E509:0:0:0,0x006509,98,TYA,IMP,UNKNOWN,UNKNOWN,NONE,V05C-contexts.csv,SOURCE_PROVED_NOT_YET_ADMITTED
TP07F468,00:E50A:0:0:0,0x00650A,A92400,LDA,IMM_M,UNKNOWN,UNKNOWN,NONE,V05C-contexts.csv,SOURCE_PROVED_NOT_YET_ADMITTED
TP07F468,00:E50D:0:0:0,0x00650D,22A78004,JSL,ABSL_JUMP,UNKNOWN,0,NONE,V05C-contexts.csv,SOURCE_PROVED_NOT_YET_ADMITTED
TP07F468,00:E511:0:0:0,0x006511,A8,TAY,IMP,UNKNOWN,UNKNOWN,NONE,V05C-contexts.csv,SOURCE_PROVED_NOT_YET_ADMITTED
TP07F468,00:E512:0:0:0,0x006512,AA,TAX,IMP,UNKNOWN,UNKNOWN,NONE,V05C-contexts.csv,SOURCE_PROVED_NOT_YET_ADMITTED
TP07F468,00:E513:0:0:0,0x006513,BF1AC301,LDA,ABSL_X,UNKNOWN,UNKNOWN,01:C31A+X,V05C-contexts.csv,SOURCE_PROVED_NOT_YET_ADMITTED
TP07F468,00:E517:0:0:0,0x006517,0A,ASL,ACC,UNKNOWN,UNKNOWN,NONE,V05C-contexts.csv,SOURCE_PROVED_NOT_YET_ADMITTED
TP07F468,00:E518:0:0:0,0x006518,AA,TAX,IMP,UNKNOWN,UNKNOWN,NONE,V05C-contexts.csv,SOURCE_PROVED_NOT_YET_ADMITTED
TP07F468,00:E519:0:0:0,0x006519,BFC29305,LDA,ABSL_X,UNKNOWN,UNKNOWN,05:93C2+X,V05C-contexts.csv,SOURCE_PROVED_NOT_YET_ADMITTED
TP07F468,00:E51D:0:0:0,0x00651D,A00E00,LDY,IMM_X,UNKNOWN,UNKNOWN,NONE,V05C-contexts.csv,SOURCE_PROVED_NOT_YET_ADMITTED
TP07F468,00:E520:0:0:0,0x006520,9716,STA,DP_IND_LONG_Y,UNKNOWN,0,NONE,V05C-contexts.csv,SOURCE_PROVED_NOT_YET_ADMITTED
TP07F468,00:E522:0:0:0,0x006522,C230,REP,IMM8,UNKNOWN,0,NONE,V05C-contexts.csv,SOURCE_PROVED_NOT_YET_ADMITTED
TP07F468,00:E524:0:0:0,0x006524,A01A00,LDY,IMM_X,UNKNOWN,0,NONE,V05C-contexts.csv,SOURCE_PROVED_NOT_YET_ADMITTED
TP07F468,00:E527:0:0:0,0x006527,B71F,LDA,DP_IND_LONG_Y,UNKNOWN,0,NONE,V05C-contexts.csv,SOURCE_PROVED_NOT_YET_ADMITTED
TP07F468,00:E529:0:0:0,0x006529,2085C2,JSR,ABS_JUMP,UNKNOWN,UNKNOWN,NONE,V05C-contexts.csv,SOURCE_PROVED_NOT_YET_ADMITTED
TP07F468,00:E52C:0:0:1,0x00652C,8D1900,STA,ABS,UNKNOWN,UNKNOWN,DBR:0019,V05C-contexts.csv,SOURCE_PROVED_NOT_YET_ADMITTED
TP07F468,00:E52F:0:0:1,0x00652F,8E1B00,STX,ABS,UNKNOWN,UNKNOWN,DBR:001B,V05C-contexts.csv,SOURCE_PROVED_NOT_YET_ADMITTED
TP07F468,00:E532:0:0:1,0x006532,E210,SEP,IMM8,UNKNOWN,UNKNOWN,NONE,V05C-contexts.csv,SOURCE_PROVED_NOT_YET_ADMITTED
TP07F468,00:E534:0:0:1,0x006534,C220,REP,IMM8,UNKNOWN,UNKNOWN,NONE,V05C-contexts.csv,SOURCE_PROVED_NOT_YET_ADMITTED
TP07F468,00:E536:0:0:1,0x006536,A02D,LDY,IMM_X,UNKNOWN,UNKNOWN,NONE,V05C-contexts.csv,SOURCE_PROVED_NOT_YET_ADMITTED
TP07F468,00:E538:0:0:1,0x006538,B716,LDA,DP_IND_LONG_Y,UNKNOWN,0,NONE,V05C-contexts.csv,SOURCE_PROVED_NOT_YET_ADMITTED
TP07F468,00:E53A:0:0:1,0x00653A,18,CLC,IMP,UNKNOWN,UNKNOWN,NONE,V05C-contexts.csv,SOURCE_PROVED_NOT_YET_ADMITTED
TP07F468,00:E53B:0:0:1,0x00653B,690100,ADC,IMM_M,0,UNKNOWN,NONE,V05C-contexts.csv,SOURCE_PROVED_NOT_YET_ADMITTED
TP07F468,00:E53E:0:0:1,0x00653E,9716,STA,DP_IND_LONG_Y,UNKNOWN,UNKNOWN,NONE,V05C-contexts.csv,SOURCE_PROVED_NOT_YET_ADMITTED
TP07F468,00:E540:0:0:1,0x006540,C230,REP,IMM8,UNKNOWN,UNKNOWN,NONE,V05C-contexts.csv,SOURCE_PROVED_NOT_YET_ADMITTED
TP07F468,00:E542:0:0:0,0x006542,A90100,LDA,IMM_M,UNKNOWN,UNKNOWN,NONE,V05C-contexts.csv,SOURCE_PROVED_NOT_YET_ADMITTED
TP07F468,00:E545:0:0:0,0x006545,82C701,BRL,REL16,UNKNOWN,0,NONE,V05C-contexts.csv,SOURCE_PROVED_NOT_YET_ADMITTED
TP07F468,00:E548:0:0:1,0x006548,E230,SEP,IMM8,UNKNOWN,0,NONE,V05C-contexts.csv,SOURCE_PROVED_NOT_YET_ADMITTED
TP07F468,00:E54A:0:1:1,0x00654A,A9FF,LDA,IMM_M,UNKNOWN,0,NONE,V05C-contexts.csv,SOURCE_PROVED_NOT_YET_ADMITTED
TP07F468,00:E54C:0:1:1,0x00654C,CD1704,CMP,ABS,UNKNOWN,0,DBR:0417,V05C-contexts.csv,SOURCE_PROVED_NOT_YET_ADMITTED
TP07F468,00:E54F:0:1:1,0x00654F,F01E,BEQ,REL8,UNKNOWN,UNKNOWN,NONE,V05C-contexts.csv,SOURCE_PROVED_NOT_YET_ADMITTED
TP07F468,00:E551:0:1:1,0x006551,C230,REP,IMM8,UNKNOWN,0,NONE,V05C-contexts.csv,SOURCE_PROVED_NOT_YET_ADMITTED
TP07F468,00:E553:0:0:0,0x006553,A00A00,LDY,IMM_X,UNKNOWN,0,NONE,V05C-contexts.csv,SOURCE_PROVED_NOT_YET_ADMITTED
TP07F468,00:E556:0:0:0,0x006556,B71F,LDA,DP_IND_LONG_Y,UNKNOWN,0,NONE,V05C-contexts.csv,SOURCE_PROVED_NOT_YET_ADMITTED
TP07F468,00:E558:0:0:0,0x006558,29FF00,AND,IMM_M,UNKNOWN,UNKNOWN,NONE,V05C-contexts.csv,SOURCE_PROVED_NOT_YET_ADMITTED
TP07F468,00:E55B:0:0:0,0x00655B,8D8A07,STA,ABS,UNKNOWN,UNKNOWN,DBR:078A,V05C-contexts.csv,SOURCE_PROVED_NOT_YET_ADMITTED
TP07F468,00:E55E:0:0:0,0x00655E,A00C00,LDY,IMM_X,UNKNOWN,UNKNOWN,NONE,V05C-contexts.csv,SOURCE_PROVED_NOT_YET_ADMITTED
TP07F468,00:E561:0:0:0,0x006561,B71F,LDA,DP_IND_LONG_Y,UNKNOWN,0,NONE,V05C-contexts.csv,SOURCE_PROVED_NOT_YET_ADMITTED
TP07F468,00:E563:0:0:0,0x006563,29FF00,AND,IMM_M,UNKNOWN,UNKNOWN,NONE,V05C-contexts.csv,SOURCE_PROVED_NOT_YET_ADMITTED
TP07F468,00:E566:0:0:0,0x006566,18,CLC,IMP,UNKNOWN,UNKNOWN,NONE,V05C-contexts.csv,SOURCE_PROVED_NOT_YET_ADMITTED
TP07F468,00:E567:0:0:0,0x006567,6D8A07,ADC,ABS,0,UNKNOWN,DBR:078A,V05C-contexts.csv,SOURCE_PROVED_NOT_YET_ADMITTED
TP07F468,00:E56A:0:0:0,0x00656A,CD1904,CMP,ABS,UNKNOWN,UNKNOWN,DBR:0419,V05C-contexts.csv,SOURCE_PROVED_NOT_YET_ADMITTED
TP07F468,00:E56D:0:0:0,0x00656D,B02A,BCS,REL8,UNKNOWN,UNKNOWN,NONE,V05C-contexts.csv,SOURCE_PROVED_NOT_YET_ADMITTED
TP07F468,00:E56F:0:0:0,0x00656F,E230,SEP,IMM8,0,UNKNOWN,NONE,V05C-contexts.csv,SOURCE_PROVED_NOT_YET_ADMITTED
TP07F468,00:E56F:0:1:1,0x00656F,E230,SEP,IMM8,UNKNOWN,1,NONE,V05C-contexts.csv,SOURCE_PROVED_NOT_YET_ADMITTED
TP07F468,00:E571:0:1:1,0x006571,A016,LDY,IMM_X,UNKNOWN|0,UNKNOWN|1,NONE,V05C-contexts.csv,SOURCE_PROVED_NOT_YET_ADMITTED
TP07F468,00:E573:0:1:1,0x006573,B71F,LDA,DP_IND_LONG_Y,UNKNOWN|0,0,NONE,V05C-contexts.csv,SOURCE_PROVED_NOT_YET_ADMITTED
TP07F468,00:E575:0:1:1,0x006575,C230,REP,IMM8,UNKNOWN|0,UNKNOWN,NONE,V05C-contexts.csv,SOURCE_PROVED_NOT_YET_ADMITTED
TP07F468,00:E577:0:0:0,0x006577,29FF00,AND,IMM_M,UNKNOWN|0,UNKNOWN,NONE,V05C-contexts.csv,SOURCE_PROVED_NOT_YET_ADMITTED
TP07F468,00:E57A:0:0:0,0x00657A,8D1704,STA,ABS,UNKNOWN|0,UNKNOWN,DBR:0417,V05C-contexts.csv,SOURCE_PROVED_NOT_YET_ADMITTED
TP07F468,00:E57D:0:0:0,0x00657D,E210,SEP,IMM8,UNKNOWN|0,UNKNOWN,NONE,V05C-contexts.csv,SOURCE_PROVED_NOT_YET_ADMITTED
TP07F468,00:E57F:0:0:1,0x00657F,C220,REP,IMM8,UNKNOWN|0,UNKNOWN,NONE,V05C-contexts.csv,SOURCE_PROVED_NOT_YET_ADMITTED
TP07F468,00:E581:0:0:1,0x006581,A00A,LDY,IMM_X,UNKNOWN|0,UNKNOWN,NONE,V05C-contexts.csv,SOURCE_PROVED_NOT_YET_ADMITTED
TP07F468,00:E583:0:0:1,0x006583,B71F,LDA,DP_IND_LONG_Y,UNKNOWN|0,0,NONE,V05C-contexts.csv,SOURCE_PROVED_NOT_YET_ADMITTED
TP07F468,00:E585:0:0:1,0x006585,29FF00,AND,IMM_M,UNKNOWN|0,UNKNOWN,NONE,V05C-contexts.csv,SOURCE_PROVED_NOT_YET_ADMITTED
TP07F468,00:E588:0:0:1,0x006588,8D8A07,STA,ABS,UNKNOWN|0,UNKNOWN,DBR:078A,V05C-contexts.csv,SOURCE_PROVED_NOT_YET_ADMITTED
TP07F468,00:E58B:0:0:1,0x00658B,A00C,LDY,IMM_X,UNKNOWN|0,UNKNOWN,NONE,V05C-contexts.csv,SOURCE_PROVED_NOT_YET_ADMITTED
TP07F468,00:E58D:0:0:1,0x00658D,B71F,LDA,DP_IND_LONG_Y,UNKNOWN|0,0,NONE,V05C-contexts.csv,SOURCE_PROVED_NOT_YET_ADMITTED
TP07F468,00:E58F:0:0:1,0x00658F,29FF00,AND,IMM_M,UNKNOWN|0,UNKNOWN,NONE,V05C-contexts.csv,SOURCE_PROVED_NOT_YET_ADMITTED
TP07F468,00:E592:0:0:1,0x006592,18,CLC,IMP,UNKNOWN|0,UNKNOWN,NONE,V05C-contexts.csv,SOURCE_PROVED_NOT_YET_ADMITTED
TP07F468,00:E593:0:0:1,0x006593,6D8A07,ADC,ABS,0,UNKNOWN,DBR:078A,V05C-contexts.csv,SOURCE_PROVED_NOT_YET_ADMITTED
TP07F468,00:E596:0:0:1,0x006596,8D1904,STA,ABS,UNKNOWN,UNKNOWN,DBR:0419,V05C-contexts.csv,SOURCE_PROVED_NOT_YET_ADMITTED
TP07F468,00:E599:0:0:0,0x006599,C230,REP,IMM8,1,UNKNOWN,NONE,V05C-contexts.csv,SOURCE_PROVED_NOT_YET_ADMITTED
TP07F468,00:E599:0:0:1,0x006599,C230,REP,IMM8,UNKNOWN,UNKNOWN,NONE,V05C-contexts.csv,SOURCE_PROVED_NOT_YET_ADMITTED
TP07F468,00:E599:0:1:1,0x006599,C230,REP,IMM8,UNKNOWN,0,NONE,V05C-contexts.csv,SOURCE_PROVED_NOT_YET_ADMITTED
TP07F468,00:E59B:0:0:0,0x00659B,A00600,LDY,IMM_X,UNKNOWN|1,UNKNOWN|0,NONE,V05C-contexts.csv,SOURCE_PROVED_NOT_YET_ADMITTED
TP07F468,00:E59E:0:0:0,0x00659E,B71F,LDA,DP_IND_LONG_Y,UNKNOWN|1,0,NONE,V05C-contexts.csv,SOURCE_PROVED_NOT_YET_ADMITTED
TP07F468,00:E5A0:0:0:0,0x0065A0,2085C2,JSR,ABS_JUMP,UNKNOWN|1,UNKNOWN,NONE,V05C-contexts.csv,SOURCE_PROVED_NOT_YET_ADMITTED
TP07F468,00:E5A3:0:0:1,0x0065A3,8D1F00,STA,ABS,UNKNOWN,UNKNOWN,DBR:001F,V05C-contexts.csv,SOURCE_PROVED_NOT_YET_ADMITTED
TP07F468,00:E5A6:0:0:1,0x0065A6,8E2100,STX,ABS,UNKNOWN,UNKNOWN,DBR:0021,V05C-contexts.csv,SOURCE_PROVED_NOT_YET_ADMITTED
TP07F468,00:E5A9:0:0:1,0x0065A9,82AFFD,BRL,REL16,UNKNOWN,UNKNOWN,NONE,V05C-contexts.csv,SOURCE_PROVED_NOT_YET_ADMITTED
TP07F468,00:E5AC:0:0:1,0x0065AC,827200,BRL,REL16,UNKNOWN|0,0|1,NONE,V05C-contexts.csv,SOURCE_PROVED_NOT_YET_ADMITTED
TP07F468,00:E5AF:0:0:0,0x0065AF,E230,SEP,IMM8,UNKNOWN,0,NONE,V05C-contexts.csv,SOURCE_PROVED_NOT_YET_ADMITTED
TP07F468,00:E5B1:0:1:1,0x0065B1,AD1800,LDA,ABS,UNKNOWN,0,DBR:0018,V05C-contexts.csv,SOURCE_PROVED_NOT_YET_ADMITTED
TP07F468,00:E5B4:0:1:1,0x0065B4,8D8C07,STA,ABS,UNKNOWN,UNKNOWN,DBR:078C,V05C-contexts.csv,SOURCE_PROVED_NOT_YET_ADMITTED
TP07F468,00:E5B7:0:1:1,0x0065B7,C230,REP,IMM8,UNKNOWN,UNKNOWN,NONE,V05C-contexts.csv,SOURCE_PROVED_NOT_YET_ADMITTED
TP07F468,00:E5B9:0:0:0,0x0065B9,AD1600,LDA,ABS,UNKNOWN,UNKNOWN,DBR:0016,V05C-contexts.csv,SOURCE_PROVED_NOT_YET_ADMITTED
TP07F468,00:E5BC:0:0:0,0x0065BC,8D8A07,STA,ABS,UNKNOWN,UNKNOWN,DBR:078A,V05C-contexts.csv,SOURCE_PROVED_NOT_YET_ADMITTED
TP07F468,00:E5BF:0:0:0,0x0065BF,2264C400,JSL,ABSL_JUMP,UNKNOWN,UNKNOWN,NONE,V05C-contexts.csv,SOURCE_PROVED_NOT_YET_ADMITTED
TP07F468,00:E5C3:0:0:1,0x0065C3,E230,SEP,IMM8,UNKNOWN|0|1,UNKNOWN,NONE,V05C-contexts.csv,SOURCE_PROVED_NOT_YET_ADMITTED
TP07F468,00:E5C5:0:1:1,0x0065C5,A010,LDY,IMM_X,UNKNOWN|0|1,UNKNOWN,NONE,V05C-contexts.csv,SOURCE_PROVED_NOT_YET_ADMITTED
TP07F468,00:E5C7:0:1:1,0x0065C7,A906,LDA,IMM_M,UNKNOWN|0|1,0,NONE,V05C-contexts.csv,SOURCE_PROVED_NOT_YET_ADMITTED
TP07F468,00:E5C9:0:1:1,0x0065C9,9716,STA,DP_IND_LONG_Y,UNKNOWN|0|1,0,NONE,V05C-contexts.csv,SOURCE_PROVED_NOT_YET_ADMITTED
TP07F468,00:E5CB:0:1:1,0x0065CB,C230,REP,IMM8,UNKNOWN|0|1,0,NONE,V05C-contexts.csv,SOURCE_PROVED_NOT_YET_ADMITTED
TP07F468,00:E5CD:0:0:0,0x0065CD,A01800,LDY,IMM_X,UNKNOWN|0|1,0,NONE,V05C-contexts.csv,SOURCE_PROVED_NOT_YET_ADMITTED
TP07F468,00:E5D0:0:0:0,0x0065D0,A90000,LDA,IMM_M,UNKNOWN|0|1,0,NONE,V05C-contexts.csv,SOURCE_PROVED_NOT_YET_ADMITTED
TP07F468,00:E5D3:0:0:0,0x0065D3,9716,STA,DP_IND_LONG_Y,UNKNOWN|0|1,1,NONE,V05C-contexts.csv,SOURCE_PROVED_NOT_YET_ADMITTED
TP07F468,00:E5D5:0:0:0,0x0065D5,C230,REP,IMM8,UNKNOWN|0|1,1,NONE,V05C-contexts.csv,SOURCE_PROVED_NOT_YET_ADMITTED
TP07F468,00:E5D7:0:0:0,0x0065D7,A05A00,LDY,IMM_X,UNKNOWN|0|1,1,NONE,V05C-contexts.csv,SOURCE_PROVED_NOT_YET_ADMITTED
TP07F468,00:E5DA:0:0:0,0x0065DA,B716,LDA,DP_IND_LONG_Y,UNKNOWN|0|1,0,NONE,V05C-contexts.csv,SOURCE_PROVED_NOT_YET_ADMITTED
TP07F468,00:E5DC:0:0:0,0x0065DC,29FF00,AND,IMM_M,UNKNOWN|0|1,UNKNOWN,NONE,V05C-contexts.csv,SOURCE_PROVED_NOT_YET_ADMITTED
TP07F468,00:E5DF:0:0:0,0x0065DF,A8,TAY,IMP,UNKNOWN|0|1,UNKNOWN,NONE,V05C-contexts.csv,SOURCE_PROVED_NOT_YET_ADMITTED
TP07F468,00:E5E0:0:0:0,0x0065E0,98,TYA,IMP,UNKNOWN|0|1,UNKNOWN,NONE,V05C-contexts.csv,SOURCE_PROVED_NOT_YET_ADMITTED
TP07F468,00:E5E1:0:0:0,0x0065E1,A92400,LDA,IMM_M,UNKNOWN|0|1,UNKNOWN,NONE,V05C-contexts.csv,SOURCE_PROVED_NOT_YET_ADMITTED
TP07F468,00:E5E4:0:0:0,0x0065E4,22A78004,JSL,ABSL_JUMP,UNKNOWN|0|1,0,NONE,V05C-contexts.csv,SOURCE_PROVED_NOT_YET_ADMITTED
TP07F468,00:E5E8:0:0:0,0x0065E8,A8,TAY,IMP,UNKNOWN,UNKNOWN,NONE,V05C-contexts.csv,SOURCE_PROVED_NOT_YET_ADMITTED
TP07F468,00:E5E9:0:0:0,0x0065E9,8D6400,STA,ABS,UNKNOWN,UNKNOWN,DBR:0064,V05C-contexts.csv,SOURCE_PROVED_NOT_YET_ADMITTED
TP07F468,00:E5EC:0:0:0,0x0065EC,A90000,LDA,IMM_M,UNKNOWN,UNKNOWN,NONE,V05C-contexts.csv,SOURCE_PROVED_NOT_YET_ADMITTED
TP07F468,00:E5EF:0:0:0,0x0065EF,0A,ASL,ACC,UNKNOWN,1,NONE,V05C-contexts.csv,SOURCE_PROVED_NOT_YET_ADMITTED
TP07F468,00:E5F0:0:0:0,0x0065F0,18,CLC,IMP,UNKNOWN,UNKNOWN,NONE,V05C-contexts.csv,SOURCE_PROVED_NOT_YET_ADMITTED
TP07F468,00:E5F1:0:0:0,0x0065F1,6D6400,ADC,ABS,0,UNKNOWN,DBR:0064,V05C-contexts.csv,SOURCE_PROVED_NOT_YET_ADMITTED
TP07F468,00:E5F4:0:0:0,0x0065F4,8D6400,STA,ABS,UNKNOWN,UNKNOWN,DBR:0064,V05C-contexts.csv,SOURCE_PROVED_NOT_YET_ADMITTED
TP07F468,00:E5F7:0:0:0,0x0065F7,AA,TAX,IMP,UNKNOWN,UNKNOWN,NONE,V05C-contexts.csv,SOURCE_PROVED_NOT_YET_ADMITTED
TP07F468,00:E5F8:0:0:0,0x0065F8,BF16C301,LDA,ABSL_X,UNKNOWN,UNKNOWN,01:C316+X,V05C-contexts.csv,SOURCE_PROVED_NOT_YET_ADMITTED
TP07F468,00:E5FC:0:0:0,0x0065FC,8D6400,STA,ABS,UNKNOWN,UNKNOWN,DBR:0064,V05C-contexts.csv,SOURCE_PROVED_NOT_YET_ADMITTED
TP07F468,00:E5FF:0:0:0,0x0065FF,A01600,LDY,IMM_X,UNKNOWN,UNKNOWN,NONE,V05C-contexts.csv,SOURCE_PROVED_NOT_YET_ADMITTED
TP07F468,00:E602:0:0:0,0x006602,B716,LDA,DP_IND_LONG_Y,UNKNOWN,0,NONE,V05C-contexts.csv,SOURCE_PROVED_NOT_YET_ADMITTED
TP07F468,00:E604:0:0:0,0x006604,29FF00,AND,IMM_M,UNKNOWN,UNKNOWN,NONE,V05C-contexts.csv,SOURCE_PROVED_NOT_YET_ADMITTED
TP07F468,00:E607:0:0:0,0x006607,18,CLC,IMP,UNKNOWN,UNKNOWN,NONE,V05C-contexts.csv,SOURCE_PROVED_NOT_YET_ADMITTED
TP07F468,00:E608:0:0:0,0x006608,6D6400,ADC,ABS,0,UNKNOWN,DBR:0064,V05C-contexts.csv,SOURCE_PROVED_NOT_YET_ADMITTED
TP07F468,00:E60B:0:0:0,0x00660B,0A,ASL,ACC,UNKNOWN,UNKNOWN,NONE,V05C-contexts.csv,SOURCE_PROVED_NOT_YET_ADMITTED
TP07F468,00:E60C:0:0:0,0x00660C,AA,TAX,IMP,UNKNOWN,UNKNOWN,NONE,V05C-contexts.csv,SOURCE_PROVED_NOT_YET_ADMITTED
TP07F468,00:E60D:0:0:0,0x00660D,BFC29305,LDA,ABSL_X,UNKNOWN,UNKNOWN,05:93C2+X,V05C-contexts.csv,SOURCE_PROVED_NOT_YET_ADMITTED
TP07F468,00:E611:0:0:0,0x006611,E210,SEP,IMM8,UNKNOWN,UNKNOWN,NONE,V05C-contexts.csv,SOURCE_PROVED_NOT_YET_ADMITTED
TP07F468,00:E613:0:0:1,0x006613,C220,REP,IMM8,UNKNOWN,UNKNOWN,NONE,V05C-contexts.csv,SOURCE_PROVED_NOT_YET_ADMITTED
TP07F468,00:E615:0:0:1,0x006615,A00E,LDY,IMM_X,UNKNOWN,UNKNOWN,NONE,V05C-contexts.csv,SOURCE_PROVED_NOT_YET_ADMITTED
TP07F468,00:E617:0:0:1,0x006617,9716,STA,DP_IND_LONG_Y,UNKNOWN,0,NONE,V05C-contexts.csv,SOURCE_PROVED_NOT_YET_ADMITTED
TP07F468,00:E619:0:0:1,0x006619,C230,REP,IMM8,UNKNOWN,0,NONE,V05C-contexts.csv,SOURCE_PROVED_NOT_YET_ADMITTED
TP07F468,00:E61B:0:0:0,0x00661B,A90100,LDA,IMM_M,UNKNOWN,0,NONE,V05C-contexts.csv,SOURCE_PROVED_NOT_YET_ADMITTED
TP07F468,00:E61E:0:0:0,0x00661E,82EE00,BRL,REL16,UNKNOWN,0,NONE,V05C-contexts.csv,SOURCE_PROVED_NOT_YET_ADMITTED
TP07F468,00:E621:0:0:1,0x006621,C230,REP,IMM8,UNKNOWN|0,0|1,NONE,V05C-contexts.csv,SOURCE_PROVED_NOT_YET_ADMITTED
TP07F468,00:E623:0:0:0,0x006623,AD1704,LDA,ABS,UNKNOWN|0,0|1,DBR:0417,V05C-contexts.csv,SOURCE_PROVED_NOT_YET_ADMITTED
TP07F468,00:E626:0:0:0,0x006626,C9FFFF,CMP,IMM_M,UNKNOWN|0,UNKNOWN,NONE,V05C-contexts.csv,SOURCE_PROVED_NOT_YET_ADMITTED
TP07F468,00:E629:0:0:0,0x006629,D003,BNE,REL8,UNKNOWN,UNKNOWN,NONE,V05C-contexts.csv,SOURCE_PROVED_NOT_YET_ADMITTED
TP07F468,00:E62B:0:0:0,0x00662B,82DC00,BRL,REL16,UNKNOWN,1,NONE,V05C-contexts.csv,SOURCE_PROVED_NOT_YET_ADMITTED
TP07F468,00:E62E:0:0:0,0x00662E,E230,SEP,IMM8,UNKNOWN,0,NONE,V05C-contexts.csv,SOURCE_PROVED_NOT_YET_ADMITTED
TP07F468,00:E630:0:1:1,0x006630,A002,LDY,IMM_X,UNKNOWN,0,NONE,V05C-contexts.csv,SOURCE_PROVED_NOT_YET_ADMITTED
TP07F468,00:E632:0:1:1,0x006632,B746,LDA,DP_IND_LONG_Y,UNKNOWN,0,NONE,V05C-contexts.csv,SOURCE_PROVED_NOT_YET_ADMITTED
TP07F468,00:E634:0:1:1,0x006634,A8,TAY,IMP,UNKNOWN,UNKNOWN,NONE,V05C-contexts.csv,SOURCE_PROVED_NOT_YET_ADMITTED
TP07F468,00:E635:0:1:1,0x006635,C230,REP,IMM8,UNKNOWN,UNKNOWN,NONE,V05C-contexts.csv,SOURCE_PROVED_NOT_YET_ADMITTED
TP07F468,00:E637:0:0:0,0x006637,98,TYA,IMP,UNKNOWN,UNKNOWN,NONE,V05C-contexts.csv,SOURCE_PROVED_NOT_YET_ADMITTED
TP07F468,00:E638:0:0:0,0x006638,0A,ASL,ACC,UNKNOWN,UNKNOWN,NONE,V05C-contexts.csv,SOURCE_PROVED_NOT_YET_ADMITTED
TP07F468,00:E639:0:0:0,0x006639,0A,ASL,ACC,UNKNOWN,UNKNOWN,NONE,V05C-contexts.csv,SOURCE_PROVED_NOT_YET_ADMITTED
TP07F468,00:E63A:0:0:0,0x00663A,A8,TAY,IMP,UNKNOWN,UNKNOWN,NONE,V05C-contexts.csv,SOURCE_PROVED_NOT_YET_ADMITTED
TP07F468,00:E63B:0:0:0,0x00663B,BB,TYX,IMP,UNKNOWN,UNKNOWN,NONE,V05C-contexts.csv,SOURCE_PROVED_NOT_YET_ADMITTED
TP07F468,00:E63C:0:0:0,0x00663C,BFBA8801,LDA,ABSL_X,UNKNOWN,UNKNOWN,01:88BA+X,V05C-contexts.csv,SOURCE_PROVED_NOT_YET_ADMITTED
TP07F468,00:E640:0:0:0,0x006640,29FF00,AND,IMM_M,UNKNOWN,UNKNOWN,NONE,V05C-contexts.csv,SOURCE_PROVED_NOT_YET_ADMITTED
TP07F468,00:E643:0:0:0,0x006643,AA,TAX,IMP,UNKNOWN,UNKNOWN,NONE,V05C-contexts.csv,SOURCE_PROVED_NOT_YET_ADMITTED
TP07F468,00:E644:0:0:0,0x006644,BFC98D01,LDA,ABSL_X,UNKNOWN,UNKNOWN,01:8DC9+X,V05C-contexts.csv,SOURCE_PROVED_NOT_YET_ADMITTED
TP07F468,00:E648:0:0:0,0x006648,29FF00,AND,IMM_M,UNKNOWN,UNKNOWN,NONE,V05C-contexts.csv,SOURCE_PROVED_NOT_YET_ADMITTED
TP07F468,00:E64B:0:0:0,0x00664B,8D0F04,STA,ABS,UNKNOWN,UNKNOWN,DBR:040F,V05C-contexts.csv,SOURCE_PROVED_NOT_YET_ADMITTED
TP07F468,00:E64E:0:0:0,0x00664E,E210,SEP,IMM8,UNKNOWN,UNKNOWN,NONE,V05C-contexts.csv,SOURCE_PROVED_NOT_YET_ADMITTED
TP07F468,00:E650:0:0:1,0x006650,C220,REP,IMM8,UNKNOWN,UNKNOWN,NONE,V05C-contexts.csv,SOURCE_PROVED_NOT_YET_ADMITTED
TP07F468,00:E652:0:0:1,0x006652,A90100,LDA,IMM_M,UNKNOWN,UNKNOWN,NONE,V05C-contexts.csv,SOURCE_PROVED_NOT_YET_ADMITTED
TP07F468,00:E655:0:0:1,0x006655,AE1704,LDX,ABS,UNKNOWN,0,DBR:0417,V05C-contexts.csv,SOURCE_PROVED_NOT_YET_ADMITTED
TP07F468,00:E658:0:0:1,0x006658,F004,BEQ,REL8,UNKNOWN,UNKNOWN,NONE,V05C-contexts.csv,SOURCE_PROVED_NOT_YET_ADMITTED
TP07F468,00:E65A:0:0:1,0x00665A,0A,ASL,ACC,UNKNOWN,0,NONE,V05C-contexts.csv,SOURCE_PROVED_NOT_YET_ADMITTED
TP07F468,00:E65B:0:0:1,0x00665B,CA,DEX,IMP,UNKNOWN,UNKNOWN,NONE,V05C-contexts.csv,SOURCE_PROVED_NOT_YET_ADMITTED
TP07F468,00:E65C:0:0:1,0x00665C,D0FC,BNE,REL8,UNKNOWN,UNKNOWN,NONE,V05C-contexts.csv,SOURCE_PROVED_NOT_YET_ADMITTED
TP07F468,00:E65E:0:0:1,0x00665E,29FF00,AND,IMM_M,UNKNOWN,1,NONE,V05C-contexts.csv,SOURCE_PROVED_NOT_YET_ADMITTED
TP07F468,00:E661:0:0:1,0x006661,8D8A07,STA,ABS,UNKNOWN,UNKNOWN,DBR:078A,V05C-contexts.csv,SOURCE_PROVED_NOT_YET_ADMITTED
TP07F468,00:E664:0:0:1,0x006664,2D0F04,AND,ABS,UNKNOWN,UNKNOWN,DBR:040F,V05C-contexts.csv,SOURCE_PROVED_NOT_YET_ADMITTED
TP07F468,00:E667:0:0:1,0x006667,D020,BNE,REL8,UNKNOWN,UNKNOWN,NONE,V05C-contexts.csv,SOURCE_PROVED_NOT_YET_ADMITTED
TP07F468,00:E669:0:0:1,0x006669,E230,SEP,IMM8,UNKNOWN,1,NONE,V05C-contexts.csv,SOURCE_PROVED_NOT_YET_ADMITTED
TP07F468,00:E66B:0:1:1,0x00666B,AD1704,LDA,ABS,UNKNOWN,1,DBR:0417,V05C-contexts.csv,SOURCE_PROVED_NOT_YET_ADMITTED
TP07F468,00:E66E:0:1:1,0x00666E,0A,ASL,ACC,UNKNOWN,UNKNOWN,NONE,V05C-contexts.csv,SOURCE_PROVED_NOT_YET_ADMITTED
TP07F468,00:E66F:0:1:1,0x00666F,AA,TAX,IMP,UNKNOWN,UNKNOWN,NONE,V05C-contexts.csv,SOURCE_PROVED_NOT_YET_ADMITTED
TP07F468,00:E670:0:1:1,0x006670,BFE38D01,LDA,ABSL_X,UNKNOWN,UNKNOWN,01:8DE3+X,V05C-contexts.csv,SOURCE_PROVED_NOT_YET_ADMITTED
TP07F468,00:E674:0:1:1,0x006674,AA,TAX,IMP,UNKNOWN,UNKNOWN,NONE,V05C-contexts.csv,SOURCE_PROVED_NOT_YET_ADMITTED
TP07F468,00:E675:0:1:1,0x006675,A901,LDA,IMM_M,UNKNOWN,UNKNOWN,NONE,V05C-contexts.csv,SOURCE_PROVED_NOT_YET_ADMITTED
TP07F468,00:E677:0:1:1,0x006677,E000,CPX,IMM_X,UNKNOWN,0,NONE,V05C-contexts.csv,SOURCE_PROVED_NOT_YET_ADMITTED
TP07F468,00:E679:0:1:1,0x006679,F004,BEQ,REL8,UNKNOWN,UNKNOWN,NONE,V05C-contexts.csv,SOURCE_PROVED_NOT_YET_ADMITTED
TP07F468,00:E67B:0:1:1,0x00667B,0A,ASL,ACC,UNKNOWN,0,NONE,V05C-contexts.csv,SOURCE_PROVED_NOT_YET_ADMITTED
TP07F468,00:E67C:0:1:1,0x00667C,CA,DEX,IMP,UNKNOWN,UNKNOWN,NONE,V05C-contexts.csv,SOURCE_PROVED_NOT_YET_ADMITTED
TP07F468,00:E67D:0:1:1,0x00667D,D0FC,BNE,REL8,UNKNOWN,UNKNOWN,NONE,V05C-contexts.csv,SOURCE_PROVED_NOT_YET_ADMITTED
TP07F468,00:E67F:0:1:1,0x00667F,C230,REP,IMM8,UNKNOWN,1,NONE,V05C-contexts.csv,SOURCE_PROVED_NOT_YET_ADMITTED
TP07F468,00:E681:0:0:0,0x006681,29FF00,AND,IMM_M,UNKNOWN,1,NONE,V05C-contexts.csv,SOURCE_PROVED_NOT_YET_ADMITTED
TP07F468,00:E684:0:0:0,0x006684,8D0F04,STA,ABS,UNKNOWN,UNKNOWN,DBR:040F,V05C-contexts.csv,SOURCE_PROVED_NOT_YET_ADMITTED
TP07F468,00:E687:0:0:0,0x006687,8014,BRA,REL8,UNKNOWN,UNKNOWN,NONE,V05C-contexts.csv,SOURCE_PROVED_NOT_YET_ADMITTED
TP07F468,00:E689:0:0:1,0x006689,AD8A07,LDA,ABS,UNKNOWN,0,DBR:078A,V05C-contexts.csv,SOURCE_PROVED_NOT_YET_ADMITTED
TP07F468,00:E68C:0:0:1,0x00668C,49FFFF,EOR,IMM_M,UNKNOWN,UNKNOWN,NONE,V05C-contexts.csv,SOURCE_PROVED_NOT_YET_ADMITTED
TP07F468,00:E68F:0:0:1,0x00668F,2D0F04,AND,ABS,UNKNOWN,UNKNOWN,DBR:040F,V05C-contexts.csv,SOURCE_PROVED_NOT_YET_ADMITTED
TP07F468,00:E692:0:0:1,0x006692,8D8A07,STA,ABS,UNKNOWN,UNKNOWN,DBR:078A,V05C-contexts.csv,SOURCE_PROVED_NOT_YET_ADMITTED
TP07F468,00:E695:0:0:1,0x006695,F006,BEQ,REL8,UNKNOWN,UNKNOWN,NONE,V05C-contexts.csv,SOURCE_PROVED_NOT_YET_ADMITTED
TP07F468,00:E697:0:0:1,0x006697,AD8A07,LDA,ABS,UNKNOWN,0,DBR:078A,V05C-contexts.csv,SOURCE_PROVED_NOT_YET_ADMITTED
TP07F468,00:E69A:0:0:1,0x00669A,8D0F04,STA,ABS,UNKNOWN,UNKNOWN,DBR:040F,V05C-contexts.csv,SOURCE_PROVED_NOT_YET_ADMITTED
TP07F468,00:E69D:0:0:0,0x00669D,E230,SEP,IMM8,UNKNOWN,UNKNOWN,NONE,V05C-contexts.csv,SOURCE_PROVED_NOT_YET_ADMITTED
TP07F468,00:E69D:0:0:1,0x00669D,E230,SEP,IMM8,UNKNOWN,UNKNOWN|1,NONE,V05C-contexts.csv,SOURCE_PROVED_NOT_YET_ADMITTED
TP07F468,00:E69F:0:1:1,0x00669F,AE0F04,LDX,ABS,UNKNOWN,UNKNOWN|1,DBR:040F,V05C-contexts.csv,SOURCE_PROVED_NOT_YET_ADMITTED
TP07F468,00:E6A2:0:1:1,0x0066A2,BF218E01,LDA,ABSL_X,UNKNOWN,UNKNOWN,01:8E21+X,V05C-contexts.csv,SOURCE_PROVED_NOT_YET_ADMITTED
TP07F468,00:E6A6:0:1:1,0x0066A6,A016,LDY,IMM_X,UNKNOWN,UNKNOWN,NONE,V05C-contexts.csv,SOURCE_PROVED_NOT_YET_ADMITTED
TP07F468,00:E6A8:0:1:1,0x0066A8,9716,STA,DP_IND_LONG_Y,UNKNOWN,0,NONE,V05C-contexts.csv,SOURCE_PROVED_NOT_YET_ADMITTED
TP07F468,00:E6AA:0:1:1,0x0066AA,C230,REP,IMM8,UNKNOWN,0,NONE,V05C-contexts.csv,SOURCE_PROVED_NOT_YET_ADMITTED
TP07F468,00:E6AC:0:0:0,0x0066AC,A05A00,LDY,IMM_X,UNKNOWN,0,NONE,V05C-contexts.csv,SOURCE_PROVED_NOT_YET_ADMITTED
TP07F468,00:E6AF:0:0:0,0x0066AF,B716,LDA,DP_IND_LONG_Y,UNKNOWN,0,NONE,V05C-contexts.csv,SOURCE_PROVED_NOT_YET_ADMITTED
TP07F468,00:E6B1:0:0:0,0x0066B1,29FF00,AND,IMM_M,UNKNOWN,UNKNOWN,NONE,V05C-contexts.csv,SOURCE_PROVED_NOT_YET_ADMITTED
TP07F468,00:E6B4:0:0:0,0x0066B4,A8,TAY,IMP,UNKNOWN,UNKNOWN,NONE,V05C-contexts.csv,SOURCE_PROVED_NOT_YET_ADMITTED
TP07F468,00:E6B5:0:0:0,0x0066B5,98,TYA,IMP,UNKNOWN,UNKNOWN,NONE,V05C-contexts.csv,SOURCE_PROVED_NOT_YET_ADMITTED
TP07F468,00:E6B6:0:0:0,0x0066B6,A92400,LDA,IMM_M,UNKNOWN,UNKNOWN,NONE,V05C-contexts.csv,SOURCE_PROVED_NOT_YET_ADMITTED
TP07F468,00:E6B9:0:0:0,0x0066B9,22A78004,JSL,ABSL_JUMP,UNKNOWN,0,NONE,V05C-contexts.csv,SOURCE_PROVED_NOT_YET_ADMITTED
TP07F468,00:E6BD:0:0:0,0x0066BD,A8,TAY,IMP,UNKNOWN,UNKNOWN,NONE,V05C-contexts.csv,SOURCE_PROVED_NOT_YET_ADMITTED
TP07F468,00:E6BE:0:0:0,0x0066BE,8D6400,STA,ABS,UNKNOWN,UNKNOWN,DBR:0064,V05C-contexts.csv,SOURCE_PROVED_NOT_YET_ADMITTED
TP07F468,00:E6C1:0:0:0,0x0066C1,A90000,LDA,IMM_M,UNKNOWN,UNKNOWN,NONE,V05C-contexts.csv,SOURCE_PROVED_NOT_YET_ADMITTED
TP07F468,00:E6C4:0:0:0,0x0066C4,0A,ASL,ACC,UNKNOWN,1,NONE,V05C-contexts.csv,SOURCE_PROVED_NOT_YET_ADMITTED
TP07F468,00:E6C5:0:0:0,0x0066C5,18,CLC,IMP,UNKNOWN,UNKNOWN,NONE,V05C-contexts.csv,SOURCE_PROVED_NOT_YET_ADMITTED
TP07F468,00:E6C6:0:0:0,0x0066C6,6D6400,ADC,ABS,0,UNKNOWN,DBR:0064,V05C-contexts.csv,SOURCE_PROVED_NOT_YET_ADMITTED
TP07F468,00:E6C9:0:0:0,0x0066C9,8D6400,STA,ABS,UNKNOWN,UNKNOWN,DBR:0064,V05C-contexts.csv,SOURCE_PROVED_NOT_YET_ADMITTED
TP07F468,00:E6CC:0:0:0,0x0066CC,AA,TAX,IMP,UNKNOWN,UNKNOWN,NONE,V05C-contexts.csv,SOURCE_PROVED_NOT_YET_ADMITTED
TP07F468,00:E6CD:0:0:0,0x0066CD,BF16C301,LDA,ABSL_X,UNKNOWN,UNKNOWN,01:C316+X,V05C-contexts.csv,SOURCE_PROVED_NOT_YET_ADMITTED
TP07F468,00:E6D1:0:0:0,0x0066D1,8D6400,STA,ABS,UNKNOWN,UNKNOWN,DBR:0064,V05C-contexts.csv,SOURCE_PROVED_NOT_YET_ADMITTED
TP07F468,00:E6D4:0:0:0,0x0066D4,A01600,LDY,IMM_X,UNKNOWN,UNKNOWN,NONE,V05C-contexts.csv,SOURCE_PROVED_NOT_YET_ADMITTED
TP07F468,00:E6D7:0:0:0,0x0066D7,B716,LDA,DP_IND_LONG_Y,UNKNOWN,0,NONE,V05C-contexts.csv,SOURCE_PROVED_NOT_YET_ADMITTED
TP07F468,00:E6D9:0:0:0,0x0066D9,29FF00,AND,IMM_M,UNKNOWN,UNKNOWN,NONE,V05C-contexts.csv,SOURCE_PROVED_NOT_YET_ADMITTED
TP07F468,00:E6DC:0:0:0,0x0066DC,18,CLC,IMP,UNKNOWN,UNKNOWN,NONE,V05C-contexts.csv,SOURCE_PROVED_NOT_YET_ADMITTED
TP07F468,00:E6DD:0:0:0,0x0066DD,6D6400,ADC,ABS,0,UNKNOWN,DBR:0064,V05C-contexts.csv,SOURCE_PROVED_NOT_YET_ADMITTED
TP07F468,00:E6E0:0:0:0,0x0066E0,0A,ASL,ACC,UNKNOWN,UNKNOWN,NONE,V05C-contexts.csv,SOURCE_PROVED_NOT_YET_ADMITTED
TP07F468,00:E6E1:0:0:0,0x0066E1,AA,TAX,IMP,UNKNOWN,UNKNOWN,NONE,V05C-contexts.csv,SOURCE_PROVED_NOT_YET_ADMITTED
TP07F468,00:E6E2:0:0:0,0x0066E2,BFC29305,LDA,ABSL_X,UNKNOWN,UNKNOWN,05:93C2+X,V05C-contexts.csv,SOURCE_PROVED_NOT_YET_ADMITTED
TP07F468,00:E6E6:0:0:0,0x0066E6,E210,SEP,IMM8,UNKNOWN,UNKNOWN,NONE,V05C-contexts.csv,SOURCE_PROVED_NOT_YET_ADMITTED
TP07F468,00:E6E8:0:0:1,0x0066E8,C220,REP,IMM8,UNKNOWN,UNKNOWN,NONE,V05C-contexts.csv,SOURCE_PROVED_NOT_YET_ADMITTED
TP07F468,00:E6EA:0:0:1,0x0066EA,A00E,LDY,IMM_X,UNKNOWN,UNKNOWN,NONE,V05C-contexts.csv,SOURCE_PROVED_NOT_YET_ADMITTED
TP07F468,00:E6EC:0:0:1,0x0066EC,9716,STA,DP_IND_LONG_Y,UNKNOWN,0,NONE,V05C-contexts.csv,SOURCE_PROVED_NOT_YET_ADMITTED
TP07F468,00:E6EE:0:0:1,0x0066EE,E230,SEP,IMM8,UNKNOWN,0,NONE,V05C-contexts.csv,SOURCE_PROVED_NOT_YET_ADMITTED
TP07F468,00:E6F0:0:1:1,0x0066F0,A016,LDY,IMM_X,UNKNOWN,0,NONE,V05C-contexts.csv,SOURCE_PROVED_NOT_YET_ADMITTED
TP07F468,00:E6F2:0:1:1,0x0066F2,B716,LDA,DP_IND_LONG_Y,UNKNOWN,0,NONE,V05C-contexts.csv,SOURCE_PROVED_NOT_YET_ADMITTED
TP07F468,00:E6F4:0:1:1,0x0066F4,C901,CMP,IMM_M,UNKNOWN,UNKNOWN,NONE,V05C-contexts.csv,SOURCE_PROVED_NOT_YET_ADMITTED
TP07F468,00:E6F6:0:1:1,0x0066F6,F004,BEQ,REL8,UNKNOWN,UNKNOWN,NONE,V05C-contexts.csv,SOURCE_PROVED_NOT_YET_ADMITTED
TP07F468,00:E6F8:0:1:1,0x0066F8,C903,CMP,IMM_M,UNKNOWN,0,NONE,V05C-contexts.csv,SOURCE_PROVED_NOT_YET_ADMITTED
TP07F468,00:E6FA:0:1:1,0x0066FA,D008,BNE,REL8,UNKNOWN,UNKNOWN,NONE,V05C-contexts.csv,SOURCE_PROVED_NOT_YET_ADMITTED
TP07F468,00:E6FC:0:1:1,0x0066FC,A00C,LDY,IMM_X,UNKNOWN,1,NONE,V05C-contexts.csv,SOURCE_PROVED_NOT_YET_ADMITTED
TP07F468,00:E6FE:0:1:1,0x0066FE,A980,LDA,IMM_M,UNKNOWN,0,NONE,V05C-contexts.csv,SOURCE_PROVED_NOT_YET_ADMITTED
TP07F468,00:E700:0:1:1,0x006700,9716,STA,DP_IND_LONG_Y,UNKNOWN,0,NONE,V05C-contexts.csv,SOURCE_PROVED_NOT_YET_ADMITTED
TP07F468,00:E702:0:1:1,0x006702,8006,BRA,REL8,UNKNOWN,0,NONE,V05C-contexts.csv,SOURCE_PROVED_NOT_YET_ADMITTED
TP07F468,00:E704:0:1:1,0x006704,A00A,LDY,IMM_X,UNKNOWN,0,NONE,V05C-contexts.csv,SOURCE_PROVED_NOT_YET_ADMITTED
TP07F468,00:E706:0:1:1,0x006706,A980,LDA,IMM_M,UNKNOWN,0,NONE,V05C-contexts.csv,SOURCE_PROVED_NOT_YET_ADMITTED
TP07F468,00:E708:0:1:1,0x006708,9716,STA,DP_IND_LONG_Y,UNKNOWN,0,NONE,V05C-contexts.csv,SOURCE_PROVED_NOT_YET_ADMITTED
TP07F468,00:E70A:0:0:0,0x00670A,C230,REP,IMM8,UNKNOWN,1,NONE,V05C-contexts.csv,SOURCE_PROVED_NOT_YET_ADMITTED
TP07F468,00:E70A:0:1:1,0x00670A,C230,REP,IMM8,UNKNOWN,0,NONE,V05C-contexts.csv,SOURCE_PROVED_NOT_YET_ADMITTED
TP07F468,00:E70C:0:0:0,0x00670C,A90000,LDA,IMM_M,UNKNOWN,0|1,NONE,V05C-contexts.csv,SOURCE_PROVED_NOT_YET_ADMITTED
TP07F468,00:E70F:0:0:0,0x00670F,8DA207,STA,ABS,UNKNOWN,0|1,DBR:07A2,V05C-contexts.csv,SOURCE_PROVED_NOT_YET_ADMITTED
TP07F468,00:E712:0:0:0,0x006712,C230,REP,IMM8,UNKNOWN,0|1,NONE,V05C-contexts.csv,SOURCE_PROVED_NOT_YET_ADMITTED
TP07F468,00:E714:0:0:0,0x006714,68,PLA,IMP,UNKNOWN,0|1,NONE,V05C-contexts.csv,SOURCE_PROVED_NOT_YET_ADMITTED
TP07F468,00:E715:0:0:0,0x006715,8D1904,STA,ABS,UNKNOWN,UNKNOWN,DBR:0419,V05C-contexts.csv,SOURCE_PROVED_NOT_YET_ADMITTED
TP07F468,00:E718:0:0:0,0x006718,68,PLA,IMP,UNKNOWN,UNKNOWN,NONE,V05C-contexts.csv,SOURCE_PROVED_NOT_YET_ADMITTED
TP07F468,00:E719:0:0:0,0x006719,8D1704,STA,ABS,UNKNOWN,UNKNOWN,DBR:0417,V05C-contexts.csv,SOURCE_PROVED_NOT_YET_ADMITTED
TP07F468,00:E71C:0:0:0,0x00671C,68,PLA,IMP,UNKNOWN,UNKNOWN,NONE,V05C-contexts.csv,SOURCE_PROVED_NOT_YET_ADMITTED
TP07F468,00:E71D:0:0:0,0x00671D,8D1504,STA,ABS,UNKNOWN,UNKNOWN,DBR:0415,V05C-contexts.csv,SOURCE_PROVED_NOT_YET_ADMITTED
TP07F468,00:E720:0:0:0,0x006720,68,PLA,IMP,UNKNOWN,UNKNOWN,NONE,V05C-contexts.csv,SOURCE_PROVED_NOT_YET_ADMITTED
TP07F468,00:E721:0:0:0,0x006721,8D1304,STA,ABS,UNKNOWN,UNKNOWN,DBR:0413,V05C-contexts.csv,SOURCE_PROVED_NOT_YET_ADMITTED
TP07F468,00:E724:0:0:0,0x006724,68,PLA,IMP,UNKNOWN,UNKNOWN,NONE,V05C-contexts.csv,SOURCE_PROVED_NOT_YET_ADMITTED
TP07F468,00:E725:0:0:0,0x006725,8D1104,STA,ABS,UNKNOWN,UNKNOWN,DBR:0411,V05C-contexts.csv,SOURCE_PROVED_NOT_YET_ADMITTED
TP07F468,00:E728:0:0:0,0x006728,68,PLA,IMP,UNKNOWN,UNKNOWN,NONE,V05C-contexts.csv,SOURCE_PROVED_NOT_YET_ADMITTED
TP07F468,00:E729:0:0:0,0x006729,8D0F04,STA,ABS,UNKNOWN,UNKNOWN,DBR:040F,V05C-contexts.csv,SOURCE_PROVED_NOT_YET_ADMITTED
TP07F468,00:E72C:0:0:0,0x00672C,68,PLA,IMP,UNKNOWN,UNKNOWN,NONE,V05C-contexts.csv,SOURCE_PROVED_NOT_YET_ADMITTED
TP07F468,00:E72D:0:0:0,0x00672D,8D0D04,STA,ABS,UNKNOWN,UNKNOWN,DBR:040D,V05C-contexts.csv,SOURCE_PROVED_NOT_YET_ADMITTED
TP07F468,00:E730:0:0:0,0x006730,68,PLA,IMP,UNKNOWN,UNKNOWN,NONE,V05C-contexts.csv,SOURCE_PROVED_NOT_YET_ADMITTED
TP07F468,00:E731:0:0:0,0x006731,8D0B04,STA,ABS,UNKNOWN,UNKNOWN,DBR:040B,V05C-contexts.csv,SOURCE_PROVED_NOT_YET_ADMITTED
TP07F468,00:E734:0:0:0,0x006734,E210,SEP,IMM8,UNKNOWN,UNKNOWN,NONE,V05C-contexts.csv,SOURCE_PROVED_NOT_YET_ADMITTED
TP07F468,00:E736:0:0:1,0x006736,C220,REP,IMM8,UNKNOWN,UNKNOWN,NONE,V05C-contexts.csv,SOURCE_PROVED_NOT_YET_ADMITTED
TP07F468,00:E738:0:0:1,0x006738,FA,PLX,IMP,UNKNOWN,UNKNOWN,NONE,V05C-contexts.csv,SOURCE_PROVED_NOT_YET_ADMITTED
TP07F468,00:E739:0:0:1,0x006739,8E4800,STX,ABS,UNKNOWN,UNKNOWN,DBR:0048,V05C-contexts.csv,SOURCE_PROVED_NOT_YET_ADMITTED
TP07F468,00:E73C:0:0:1,0x00673C,68,PLA,IMP,UNKNOWN,UNKNOWN,NONE,V05C-contexts.csv,SOURCE_PROVED_NOT_YET_ADMITTED
TP07F468,00:E73D:0:0:1,0x00673D,8D4600,STA,ABS,UNKNOWN,UNKNOWN,DBR:0046,V05C-contexts.csv,SOURCE_PROVED_NOT_YET_ADMITTED
TP07F468,00:E740:0:0:1,0x006740,FA,PLX,IMP,UNKNOWN,UNKNOWN,NONE,V05C-contexts.csv,SOURCE_PROVED_NOT_YET_ADMITTED
TP07F468,00:E741:0:0:1,0x006741,8E2100,STX,ABS,UNKNOWN,UNKNOWN,DBR:0021,V05C-contexts.csv,SOURCE_PROVED_NOT_YET_ADMITTED
TP07F468,00:E744:0:0:1,0x006744,68,PLA,IMP,UNKNOWN,UNKNOWN,NONE,V05C-contexts.csv,SOURCE_PROVED_NOT_YET_ADMITTED
TP07F468,00:E745:0:0:1,0x006745,8D1F00,STA,ABS,UNKNOWN,UNKNOWN,DBR:001F,V05C-contexts.csv,SOURCE_PROVED_NOT_YET_ADMITTED
TP07F468,00:E748:0:0:1,0x006748,FA,PLX,IMP,UNKNOWN,UNKNOWN,NONE,V05C-contexts.csv,SOURCE_PROVED_NOT_YET_ADMITTED
TP07F468,00:E749:0:0:1,0x006749,8E1E00,STX,ABS,UNKNOWN,UNKNOWN,DBR:001E,V05C-contexts.csv,SOURCE_PROVED_NOT_YET_ADMITTED
TP07F468,00:E74C:0:0:1,0x00674C,68,PLA,IMP,UNKNOWN,UNKNOWN,NONE,V05C-contexts.csv,SOURCE_PROVED_NOT_YET_ADMITTED
TP07F468,00:E74D:0:0:1,0x00674D,8D1C00,STA,ABS,UNKNOWN,UNKNOWN,DBR:001C,V05C-contexts.csv,SOURCE_PROVED_NOT_YET_ADMITTED
TP07F468,00:E750:0:0:1,0x006750,FA,PLX,IMP,UNKNOWN,UNKNOWN,NONE,V05C-contexts.csv,SOURCE_PROVED_NOT_YET_ADMITTED
TP07F468,00:E751:0:0:1,0x006751,8E1B00,STX,ABS,UNKNOWN,UNKNOWN,DBR:001B,V05C-contexts.csv,SOURCE_PROVED_NOT_YET_ADMITTED
TP07F468,00:E754:0:0:1,0x006754,68,PLA,IMP,UNKNOWN,UNKNOWN,NONE,V05C-contexts.csv,SOURCE_PROVED_NOT_YET_ADMITTED
TP07F468,00:E755:0:0:1,0x006755,8D1900,STA,ABS,UNKNOWN,UNKNOWN,DBR:0019,V05C-contexts.csv,SOURCE_PROVED_NOT_YET_ADMITTED
TP07F468,00:E758:0:0:1,0x006758,FA,PLX,IMP,UNKNOWN,UNKNOWN,NONE,V05C-contexts.csv,SOURCE_PROVED_NOT_YET_ADMITTED
TP07F468,00:E759:0:0:1,0x006759,8E1800,STX,ABS,UNKNOWN,UNKNOWN,DBR:0018,V05C-contexts.csv,SOURCE_PROVED_NOT_YET_ADMITTED
TP07F468,00:E75C:0:0:1,0x00675C,68,PLA,IMP,UNKNOWN,UNKNOWN,NONE,V05C-contexts.csv,SOURCE_PROVED_NOT_YET_ADMITTED
TP07F468,00:E75D:0:0:1,0x00675D,8D1600,STA,ABS,UNKNOWN,UNKNOWN,DBR:0016,V05C-contexts.csv,SOURCE_PROVED_NOT_YET_ADMITTED
TP07F468,00:E760:0:0:1,0x006760,60,RTS,IMP,UNKNOWN,UNKNOWN,NONE,V05C-contexts.csv,SOURCE_PROVED_NOT_YET_ADMITTED
