Family,Context,ROM_Offset,Bytes,Mnemonic,Mode,Carry_In_Facts,Zero_In_Facts,Access_Expression,Proof_Source,Admission_State
TP07F484,00:CE3D:0:0:0,0x004E3D,E210,SEP,IMM8,UNKNOWN,UNKNOWN,NONE,V05C-contexts.csv,SOURCE_PROVED_NOT_YET_ADMITTED
TP07F484,00:CE3F:0:0:1,0x004E3F,C220,REP,IMM8,UNKNOWN,UNKNOWN,NONE,V05C-contexts.csv,SOURCE_PROVED_NOT_YET_ADMITTED
TP07F484,00:CE41:0:0:1,0x004E41,AD1600,LDA,ABS,UNKNOWN,UNKNOWN,DBR:0016,V05C-contexts.csv,SOURCE_PROVED_NOT_YET_ADMITTED
TP07F484,00:CE44:0:0:1,0x004E44,48,PHA,IMP,UNKNOWN,UNKNOWN,NONE,V05C-contexts.csv,SOURCE_PROVED_NOT_YET_ADMITTED
TP07F484,00:CE45:0:0:1,0x004E45,AE1800,LDX,ABS,UNKNOWN,UNKNOWN,DBR:0018,V05C-contexts.csv,SOURCE_PROVED_NOT_YET_ADMITTED
TP07F484,00:CE48:0:0:1,0x004E48,DA,PHX,IMP,UNKNOWN,UNKNOWN,NONE,V05C-contexts.csv,SOURCE_PROVED_NOT_YET_ADMITTED
TP07F484,00:CE49:0:0:1,0x004E49,AD1900,LDA,ABS,UNKNOWN,UNKNOWN,DBR:0019,V05C-contexts.csv,SOURCE_PROVED_NOT_YET_ADMITTED
TP07F484,00:CE4C:0:0:1,0x004E4C,48,PHA,IMP,UNKNOWN,UNKNOWN,NONE,V05C-contexts.csv,SOURCE_PROVED_NOT_YET_ADMITTED
TP07F484,00:CE4D:0:0:1,0x004E4D,AE1B00,LDX,ABS,UNKNOWN,UNKNOWN,DBR:001B,V05C-contexts.csv,SOURCE_PROVED_NOT_YET_ADMITTED
TP07F484,00:CE50:0:0:1,0x004E50,DA,PHX,IMP,UNKNOWN,UNKNOWN,NONE,V05C-contexts.csv,SOURCE_PROVED_NOT_YET_ADMITTED
TP07F484,00:CE51:0:0:1,0x004E51,AD1C00,LDA,ABS,UNKNOWN,UNKNOWN,DBR:001C,V05C-contexts.csv,SOURCE_PROVED_NOT_YET_ADMITTED
TP07F484,00:CE54:0:0:1,0x004E54,48,PHA,IMP,UNKNOWN,UNKNOWN,NONE,V05C-contexts.csv,SOURCE_PROVED_NOT_YET_ADMITTED
TP07F484,00:CE55:0:0:1,0x004E55,AE1E00,LDX,ABS,UNKNOWN,UNKNOWN,DBR:001E,V05C-contexts.csv,SOURCE_PROVED_NOT_YET_ADMITTED
TP07F484,00:CE58:0:0:1,0x004E58,DA,PHX,IMP,UNKNOWN,UNKNOWN,NONE,V05C-contexts.csv,SOURCE_PROVED_NOT_YET_ADMITTED
TP07F484,00:CE59:0:0:1,0x004E59,AD1F00,LDA,ABS,UNKNOWN,UNKNOWN,DBR:001F,V05C-contexts.csv,SOURCE_PROVED_NOT_YET_ADMITTED
TP07F484,00:CE5C:0:0:1,0x004E5C,48,PHA,IMP,UNKNOWN,UNKNOWN,NONE,V05C-contexts.csv,SOURCE_PROVED_NOT_YET_ADMITTED
TP07F484,00:CE5D:0:0:1,0x004E5D,AE2100,LDX,ABS,UNKNOWN,UNKNOWN,DBR:0021,V05C-contexts.csv,SOURCE_PROVED_NOT_YET_ADMITTED
TP07F484,00:CE60:0:0:1,0x004E60,DA,PHX,IMP,UNKNOWN,UNKNOWN,NONE,V05C-contexts.csv,SOURCE_PROVED_NOT_YET_ADMITTED
TP07F484,00:CE61:0:0:1,0x004E61,AD2500,LDA,ABS,UNKNOWN,UNKNOWN,DBR:0025,V05C-contexts.csv,SOURCE_PROVED_NOT_YET_ADMITTED
TP07F484,00:CE64:0:0:1,0x004E64,48,PHA,IMP,UNKNOWN,UNKNOWN,NONE,V05C-contexts.csv,SOURCE_PROVED_NOT_YET_ADMITTED
TP07F484,00:CE65:0:0:1,0x004E65,AE2700,LDX,ABS,UNKNOWN,UNKNOWN,DBR:0027,V05C-contexts.csv,SOURCE_PROVED_NOT_YET_ADMITTED
TP07F484,00:CE68:0:0:1,0x004E68,DA,PHX,IMP,UNKNOWN,UNKNOWN,NONE,V05C-contexts.csv,SOURCE_PROVED_NOT_YET_ADMITTED
TP07F484,00:CE69:0:0:1,0x004E69,AD4600,LDA,ABS,UNKNOWN,UNKNOWN,DBR:0046,V05C-contexts.csv,SOURCE_PROVED_NOT_YET_ADMITTED
TP07F484,00:CE6C:0:0:1,0x004E6C,48,PHA,IMP,UNKNOWN,UNKNOWN,NONE,V05C-contexts.csv,SOURCE_PROVED_NOT_YET_ADMITTED
TP07F484,00:CE6D:0:0:1,0x004E6D,AE4800,LDX,ABS,UNKNOWN,UNKNOWN,DBR:0048,V05C-contexts.csv,SOURCE_PROVED_NOT_YET_ADMITTED
TP07F484,00:CE70:0:0:1,0x004E70,DA,PHX,IMP,UNKNOWN,UNKNOWN,NONE,V05C-contexts.csv,SOURCE_PROVED_NOT_YET_ADMITTED
TP07F484,00:CE71:0:0:1,0x004E71,AD4900,LDA,ABS,UNKNOWN,UNKNOWN,DBR:0049,V05C-contexts.csv,SOURCE_PROVED_NOT_YET_ADMITTED
TP07F484,00:CE74:0:0:1,0x004E74,48,PHA,IMP,UNKNOWN,UNKNOWN,NONE,V05C-contexts.csv,SOURCE_PROVED_NOT_YET_ADMITTED
TP07F484,00:CE75:0:0:1,0x004E75,AE4B00,LDX,ABS,UNKNOWN,UNKNOWN,DBR:004B,V05C-contexts.csv,SOURCE_PROVED_NOT_YET_ADMITTED
TP07F484,00:CE78:0:0:1,0x004E78,DA,PHX,IMP,UNKNOWN,UNKNOWN,NONE,V05C-contexts.csv,SOURCE_PROVED_NOT_YET_ADMITTED
TP07F484,00:CE79:0:0:1,0x004E79,C230,REP,IMM8,UNKNOWN,UNKNOWN,NONE,V05C-contexts.csv,SOURCE_PROVED_NOT_YET_ADMITTED
TP07F484,00:CE7B:0:0:0,0x004E7B,AD0B04,LDA,ABS,UNKNOWN,UNKNOWN,DBR:040B,V05C-contexts.csv,SOURCE_PROVED_NOT_YET_ADMITTED
TP07F484,00:CE7E:0:0:0,0x004E7E,48,PHA,IMP,UNKNOWN,UNKNOWN,NONE,V05C-contexts.csv,SOURCE_PROVED_NOT_YET_ADMITTED
TP07F484,00:CE7F:0:0:0,0x004E7F,AD0D04,LDA,ABS,UNKNOWN,UNKNOWN,DBR:040D,V05C-contexts.csv,SOURCE_PROVED_NOT_YET_ADMITTED
TP07F484,00:CE82:0:0:0,0x004E82,48,PHA,IMP,UNKNOWN,UNKNOWN,NONE,V05C-contexts.csv,SOURCE_PROVED_NOT_YET_ADMITTED
TP07F484,00:CE83:0:0:0,0x004E83,AD0F04,LDA,ABS,UNKNOWN,UNKNOWN,DBR:040F,V05C-contexts.csv,SOURCE_PROVED_NOT_YET_ADMITTED
TP07F484,00:CE86:0:0:0,0x004E86,48,PHA,IMP,UNKNOWN,UNKNOWN,NONE,V05C-contexts.csv,SOURCE_PROVED_NOT_YET_ADMITTED
TP07F484,00:CE87:0:0:0,0x004E87,AD1104,LDA,ABS,UNKNOWN,UNKNOWN,DBR:0411,V05C-contexts.csv,SOURCE_PROVED_NOT_YET_ADMITTED
TP07F484,00:CE8A:0:0:0,0x004E8A,48,PHA,IMP,UNKNOWN,UNKNOWN,NONE,V05C-contexts.csv,SOURCE_PROVED_NOT_YET_ADMITTED
TP07F484,00:CE8B:0:0:0,0x004E8B,AD1304,LDA,ABS,UNKNOWN,UNKNOWN,DBR:0413,V05C-contexts.csv,SOURCE_PROVED_NOT_YET_ADMITTED
TP07F484,00:CE8E:0:0:0,0x004E8E,48,PHA,IMP,UNKNOWN,UNKNOWN,NONE,V05C-contexts.csv,SOURCE_PROVED_NOT_YET_ADMITTED
TP07F484,00:CE8F:0:0:0,0x004E8F,AD1504,LDA,ABS,UNKNOWN,UNKNOWN,DBR:0415,V05C-contexts.csv,SOURCE_PROVED_NOT_YET_ADMITTED
TP07F484,00:CE92:0:0:0,0x004E92,48,PHA,IMP,UNKNOWN,UNKNOWN,NONE,V05C-contexts.csv,SOURCE_PROVED_NOT_YET_ADMITTED
TP07F484,00:CE93:0:0:0,0x004E93,AD1704,LDA,ABS,UNKNOWN,UNKNOWN,DBR:0417,V05C-contexts.csv,SOURCE_PROVED_NOT_YET_ADMITTED
TP07F484,00:CE96:0:0:0,0x004E96,48,PHA,IMP,UNKNOWN,UNKNOWN,NONE,V05C-contexts.csv,SOURCE_PROVED_NOT_YET_ADMITTED
TP07F484,00:CE97:0:0:0,0x004E97,AD1904,LDA,ABS,UNKNOWN,UNKNOWN,DBR:0419,V05C-contexts.csv,SOURCE_PROVED_NOT_YET_ADMITTED
TP07F484,00:CE9A:0:0:0,0x004E9A,48,PHA,IMP,UNKNOWN,UNKNOWN,NONE,V05C-contexts.csv,SOURCE_PROVED_NOT_YET_ADMITTED
TP07F484,00:CE9B:0:0:0,0x004E9B,AD1B04,LDA,ABS,UNKNOWN,UNKNOWN,DBR:041B,V05C-contexts.csv,SOURCE_PROVED_NOT_YET_ADMITTED
TP07F484,00:CE9E:0:0:0,0x004E9E,48,PHA,IMP,UNKNOWN,UNKNOWN,NONE,V05C-contexts.csv,SOURCE_PROVED_NOT_YET_ADMITTED
TP07F484,00:CE9F:0:0:0,0x004E9F,AD1D04,LDA,ABS,UNKNOWN,UNKNOWN,DBR:041D,V05C-contexts.csv,SOURCE_PROVED_NOT_YET_ADMITTED
TP07F484,00:CEA2:0:0:0,0x004EA2,48,PHA,IMP,UNKNOWN,UNKNOWN,NONE,V05C-contexts.csv,SOURCE_PROVED_NOT_YET_ADMITTED
TP07F484,00:CEA3:0:0:0,0x004EA3,AD1F04,LDA,ABS,UNKNOWN,UNKNOWN,DBR:041F,V05C-contexts.csv,SOURCE_PROVED_NOT_YET_ADMITTED
TP07F484,00:CEA6:0:0:0,0x004EA6,48,PHA,IMP,UNKNOWN,UNKNOWN,NONE,V05C-contexts.csv,SOURCE_PROVED_NOT_YET_ADMITTED
TP07F484,00:CEA7:0:0:0,0x004EA7,E230,SEP,IMM8,UNKNOWN,UNKNOWN,NONE,V05C-contexts.csv,SOURCE_PROVED_NOT_YET_ADMITTED
TP07F484,00:CEA9:0:1:1,0x004EA9,AD0004,LDA,ABS,UNKNOWN,UNKNOWN,DBR:0400,V05C-contexts.csv,SOURCE_PROVED_NOT_YET_ADMITTED
TP07F484,00:CEAC:0:1:1,0x004EAC,48,PHA,IMP,UNKNOWN,UNKNOWN,NONE,V05C-contexts.csv,SOURCE_PROVED_NOT_YET_ADMITTED
TP07F484,00:CEAD:0:1:1,0x004EAD,AD0104,LDA,ABS,UNKNOWN,UNKNOWN,DBR:0401,V05C-contexts.csv,SOURCE_PROVED_NOT_YET_ADMITTED
TP07F484,00:CEB0:0:1:1,0x004EB0,48,PHA,IMP,UNKNOWN,UNKNOWN,NONE,V05C-contexts.csv,SOURCE_PROVED_NOT_YET_ADMITTED
TP07F484,00:CEB1:0:1:1,0x004EB1,AD0204,LDA,ABS,UNKNOWN,UNKNOWN,DBR:0402,V05C-contexts.csv,SOURCE_PROVED_NOT_YET_ADMITTED
TP07F484,00:CEB4:0:1:1,0x004EB4,48,PHA,IMP,UNKNOWN,UNKNOWN,NONE,V05C-contexts.csv,SOURCE_PROVED_NOT_YET_ADMITTED
TP07F484,00:CEB5:0:1:1,0x004EB5,AD0304,LDA,ABS,UNKNOWN,UNKNOWN,DBR:0403,V05C-contexts.csv,SOURCE_PROVED_NOT_YET_ADMITTED
TP07F484,00:CEB8:0:1:1,0x004EB8,48,PHA,IMP,UNKNOWN,UNKNOWN,NONE,V05C-contexts.csv,SOURCE_PROVED_NOT_YET_ADMITTED
TP07F484,00:CEB9:0:1:1,0x004EB9,AD0404,LDA,ABS,UNKNOWN,UNKNOWN,DBR:0404,V05C-contexts.csv,SOURCE_PROVED_NOT_YET_ADMITTED
TP07F484,00:CEBC:0:1:1,0x004EBC,48,PHA,IMP,UNKNOWN,UNKNOWN,NONE,V05C-contexts.csv,SOURCE_PROVED_NOT_YET_ADMITTED
TP07F484,00:CEBD:0:1:1,0x004EBD,AD0504,LDA,ABS,UNKNOWN,UNKNOWN,DBR:0405,V05C-contexts.csv,SOURCE_PROVED_NOT_YET_ADMITTED
TP07F484,00:CEC0:0:1:1,0x004EC0,48,PHA,IMP,UNKNOWN,UNKNOWN,NONE,V05C-contexts.csv,SOURCE_PROVED_NOT_YET_ADMITTED
TP07F484,00:CEC1:0:1:1,0x004EC1,AD0604,LDA,ABS,UNKNOWN,UNKNOWN,DBR:0406,V05C-contexts.csv,SOURCE_PROVED_NOT_YET_ADMITTED
TP07F484,00:CEC4:0:1:1,0x004EC4,48,PHA,IMP,UNKNOWN,UNKNOWN,NONE,V05C-contexts.csv,SOURCE_PROVED_NOT_YET_ADMITTED
TP07F484,00:CEC5:0:1:1,0x004EC5,AD0704,LDA,ABS,UNKNOWN,UNKNOWN,DBR:0407,V05C-contexts.csv,SOURCE_PROVED_NOT_YET_ADMITTED
TP07F484,00:CEC8:0:1:1,0x004EC8,48,PHA,IMP,UNKNOWN,UNKNOWN,NONE,V05C-contexts.csv,SOURCE_PROVED_NOT_YET_ADMITTED
TP07F484,00:CEC9:0:1:1,0x004EC9,AD0804,LDA,ABS,UNKNOWN,UNKNOWN,DBR:0408,V05C-contexts.csv,SOURCE_PROVED_NOT_YET_ADMITTED
TP07F484,00:CECC:0:1:1,0x004ECC,48,PHA,IMP,UNKNOWN,UNKNOWN,NONE,V05C-contexts.csv,SOURCE_PROVED_NOT_YET_ADMITTED
TP07F484,00:CECD:0:1:1,0x004ECD,AD0904,LDA,ABS,UNKNOWN,UNKNOWN,DBR:0409,V05C-contexts.csv,SOURCE_PROVED_NOT_YET_ADMITTED
TP07F484,00:CED0:0:1:1,0x004ED0,48,PHA,IMP,UNKNOWN,UNKNOWN,NONE,V05C-contexts.csv,SOURCE_PROVED_NOT_YET_ADMITTED
TP07F484,00:CED1:0:1:1,0x004ED1,E230,SEP,IMM8,UNKNOWN,UNKNOWN,NONE,V05C-contexts.csv,SOURCE_PROVED_NOT_YET_ADMITTED
TP07F484,00:CED3:0:1:1,0x004ED3,AD8C07,LDA,ABS,UNKNOWN,UNKNOWN,DBR:078C,V05C-contexts.csv,SOURCE_PROVED_NOT_YET_ADMITTED
TP07F484,00:CED6:0:1:1,0x004ED6,8D1800,STA,ABS,UNKNOWN,UNKNOWN,DBR:0018,V05C-contexts.csv,SOURCE_PROVED_NOT_YET_ADMITTED
TP07F484,00:CED9:0:1:1,0x004ED9,C230,REP,IMM8,UNKNOWN,UNKNOWN,NONE,V05C-contexts.csv,SOURCE_PROVED_NOT_YET_ADMITTED
TP07F484,00:CEDB:0:0:0,0x004EDB,AD8A07,LDA,ABS,UNKNOWN,UNKNOWN,DBR:078A,V05C-contexts.csv,SOURCE_PROVED_NOT_YET_ADMITTED
TP07F484,00:CEDE:0:0:0,0x004EDE,8D1600,STA,ABS,UNKNOWN,UNKNOWN,DBR:0016,V05C-contexts.csv,SOURCE_PROVED_NOT_YET_ADMITTED
TP07F484,00:CEE1:0:0:0,0x004EE1,A01800,LDY,IMM_X,UNKNOWN,UNKNOWN,NONE,V05C-contexts.csv,SOURCE_PROVED_NOT_YET_ADMITTED
TP07F484,00:CEE4:0:0:0,0x004EE4,B716,LDA,DP_IND_LONG_Y,UNKNOWN,0,NONE,V05C-contexts.csv,SOURCE_PROVED_NOT_YET_ADMITTED
TP07F484,00:CEE6:0:0:0,0x004EE6,D003,BNE,REL8,UNKNOWN,UNKNOWN,NONE,V05C-contexts.csv,SOURCE_PROVED_NOT_YET_ADMITTED
TP07F484,00:CEE8:0:0:0,0x004EE8,825900,BRL,REL16,UNKNOWN,1,NONE,V05C-contexts.csv,SOURCE_PROVED_NOT_YET_ADMITTED
TP07F484,00:CEEB:0:0:0,0x004EEB,1003,BPL,REL8,UNKNOWN,0,NONE,V05C-contexts.csv,SOURCE_PROVED_NOT_YET_ADMITTED
TP07F484,00:CEED:0:0:0,0x004EED,4C44CF,JMP,ABS_JUMP,UNKNOWN,0,NONE,V05C-contexts.csv,SOURCE_PROVED_NOT_YET_ADMITTED
TP07F484,00:CEF0:0:0:0,0x004EF0,A00E00,LDY,IMM_X,UNKNOWN,0,NONE,V05C-contexts.csv,SOURCE_PROVED_NOT_YET_ADMITTED
TP07F484,00:CEF3:0:0:0,0x004EF3,B716,LDA,DP_IND_LONG_Y,UNKNOWN,0,NONE,V05C-contexts.csv,SOURCE_PROVED_NOT_YET_ADMITTED
TP07F484,00:CEF5:0:0:0,0x004EF5,2224C300,JSL,ABSL_JUMP,UNKNOWN,UNKNOWN,NONE,V05C-contexts.csv,SOURCE_PROVED_NOT_YET_ADMITTED
TP07F484,00:CEF9:0:0:1,0x004EF9,8D6400,STA,ABS,UNKNOWN,UNKNOWN,DBR:0064,V05C-contexts.csv,SOURCE_PROVED_NOT_YET_ADMITTED
TP07F484,00:CEFC:0:0:1,0x004EFC,8E6600,STX,ABS,UNKNOWN,UNKNOWN,DBR:0066,V05C-contexts.csv,SOURCE_PROVED_NOT_YET_ADMITTED
TP07F484,00:CEFF:0:0:1,0x004EFF,A006,LDY,IMM_X,UNKNOWN,UNKNOWN,NONE,V05C-contexts.csv,SOURCE_PROVED_NOT_YET_ADMITTED
TP07F484,00:CF01:0:0:1,0x004F01,B764,LDA,DP_IND_LONG_Y,UNKNOWN,0,NONE,V05C-contexts.csv,SOURCE_PROVED_NOT_YET_ADMITTED
TP07F484,00:CF03:0:0:1,0x004F03,C230,REP,IMM8,UNKNOWN,UNKNOWN,NONE,V05C-contexts.csv,SOURCE_PROVED_NOT_YET_ADMITTED
TP07F484,00:CF05:0:0:0,0x004F05,A00E00,LDY,IMM_X,UNKNOWN,UNKNOWN,NONE,V05C-contexts.csv,SOURCE_PROVED_NOT_YET_ADMITTED
TP07F484,00:CF08:0:0:0,0x004F08,9716,STA,DP_IND_LONG_Y,UNKNOWN,0,NONE,V05C-contexts.csv,SOURCE_PROVED_NOT_YET_ADMITTED
TP07F484,00:CF0A:0:0:0,0x004F0A,E230,SEP,IMM8,UNKNOWN,0,NONE,V05C-contexts.csv,SOURCE_PROVED_NOT_YET_ADMITTED
TP07F484,00:CF0C:0:1:1,0x004F0C,A016,LDY,IMM_X,UNKNOWN,0,NONE,V05C-contexts.csv,SOURCE_PROVED_NOT_YET_ADMITTED
TP07F484,00:CF0E:0:1:1,0x004F0E,B716,LDA,DP_IND_LONG_Y,UNKNOWN,0,NONE,V05C-contexts.csv,SOURCE_PROVED_NOT_YET_ADMITTED
TP07F484,00:CF10:0:1:1,0x004F10,0A,ASL,ACC,UNKNOWN,UNKNOWN,NONE,V05C-contexts.csv,SOURCE_PROVED_NOT_YET_ADMITTED
TP07F484,00:CF11:0:1:1,0x004F11,0A,ASL,ACC,UNKNOWN,UNKNOWN,NONE,V05C-contexts.csv,SOURCE_PROVED_NOT_YET_ADMITTED
TP07F484,00:CF12:0:1:1,0x004F12,A017,LDY,IMM_X,UNKNOWN,UNKNOWN,NONE,V05C-contexts.csv,SOURCE_PROVED_NOT_YET_ADMITTED
TP07F484,00:CF14:0:1:1,0x004F14,18,CLC,IMP,UNKNOWN,0,NONE,V05C-contexts.csv,SOURCE_PROVED_NOT_YET_ADMITTED
TP07F484,00:CF15:0:1:1,0x004F15,7716,ADC,DP_IND_LONG_Y,0,0,NONE,V05C-contexts.csv,SOURCE_PROVED_NOT_YET_ADMITTED
TP07F484,00:CF17:0:1:1,0x004F17,AA,TAX,IMP,UNKNOWN,UNKNOWN,NONE,V05C-contexts.csv,SOURCE_PROVED_NOT_YET_ADMITTED
TP07F484,00:CF18:0:1:1,0x004F18,E210,SEP,IMM8,UNKNOWN,UNKNOWN,NONE,V05C-contexts.csv,SOURCE_PROVED_NOT_YET_ADMITTED
TP07F484,00:CF1A:0:1:1,0x004F1A,C220,REP,IMM8,UNKNOWN,UNKNOWN,NONE,V05C-contexts.csv,SOURCE_PROVED_NOT_YET_ADMITTED
TP07F484,00:CF1C:0:0:1,0x004F1C,BF969201,LDA,ABSL_X,UNKNOWN,UNKNOWN,01:9296+X,V05C-contexts.csv,SOURCE_PROVED_NOT_YET_ADMITTED
TP07F484,00:CF20:0:0:1,0x004F20,A00A,LDY,IMM_X,UNKNOWN,UNKNOWN,NONE,V05C-contexts.csv,SOURCE_PROVED_NOT_YET_ADMITTED
TP07F484,00:CF22:0:0:1,0x004F22,18,CLC,IMP,UNKNOWN,0,NONE,V05C-contexts.csv,SOURCE_PROVED_NOT_YET_ADMITTED
TP07F484,00:CF23:0:0:1,0x004F23,7716,ADC,DP_IND_LONG_Y,0,0,NONE,V05C-contexts.csv,SOURCE_PROVED_NOT_YET_ADMITTED
TP07F484,00:CF25:0:0:1,0x004F25,8D8E07,STA,ABS,UNKNOWN,UNKNOWN,DBR:078E,V05C-contexts.csv,SOURCE_PROVED_NOT_YET_ADMITTED
TP07F484,00:CF28:0:0:1,0x004F28,BF989201,LDA,ABSL_X,UNKNOWN,UNKNOWN,01:9298+X,V05C-contexts.csv,SOURCE_PROVED_NOT_YET_ADMITTED
TP07F484,00:CF2C:0:0:1,0x004F2C,A00C,LDY,IMM_X,UNKNOWN,UNKNOWN,NONE,V05C-contexts.csv,SOURCE_PROVED_NOT_YET_ADMITTED
TP07F484,00:CF2E:0:0:1,0x004F2E,18,CLC,IMP,UNKNOWN,0,NONE,V05C-contexts.csv,SOURCE_PROVED_NOT_YET_ADMITTED
TP07F484,00:CF2F:0:0:1,0x004F2F,7716,ADC,DP_IND_LONG_Y,0,0,NONE,V05C-contexts.csv,SOURCE_PROVED_NOT_YET_ADMITTED
TP07F484,00:CF31:0:0:1,0x004F31,8D9207,STA,ABS,UNKNOWN,UNKNOWN,DBR:0792,V05C-contexts.csv,SOURCE_PROVED_NOT_YET_ADMITTED
TP07F484,00:CF34:0:0:1,0x004F34,AD1600,LDA,ABS,UNKNOWN,UNKNOWN,DBR:0016,V05C-contexts.csv,SOURCE_PROVED_NOT_YET_ADMITTED
TP07F484,00:CF37:0:0:1,0x004F37,8D8A07,STA,ABS,UNKNOWN,UNKNOWN,DBR:078A,V05C-contexts.csv,SOURCE_PROVED_NOT_YET_ADMITTED
TP07F484,00:CF3A:0:0:1,0x004F3A,AE1800,LDX,ABS,UNKNOWN,UNKNOWN,DBR:0018,V05C-contexts.csv,SOURCE_PROVED_NOT_YET_ADMITTED
TP07F484,00:CF3D:0:0:1,0x004F3D,8E8C07,STX,ABS,UNKNOWN,UNKNOWN,DBR:078C,V05C-contexts.csv,SOURCE_PROVED_NOT_YET_ADMITTED
TP07F484,00:CF40:0:0:1,0x004F40,22098807,JSL,ABSL_JUMP,UNKNOWN,UNKNOWN,NONE,V05C-contexts.csv,SOURCE_PROVED_NOT_YET_ADMITTED
TP07F484,00:CF44:0:0:0,0x004F44,C230,REP,IMM8,UNKNOWN|1,UNKNOWN|0|1,NONE,V05C-contexts.csv,SOURCE_PROVED_NOT_YET_ADMITTED
TP07F484,00:CF46:0:0:0,0x004F46,A01800,LDY,IMM_X,UNKNOWN|1,UNKNOWN|0|1,NONE,V05C-contexts.csv,SOURCE_PROVED_NOT_YET_ADMITTED
TP07F484,00:CF49:0:0:0,0x004F49,B716,LDA,DP_IND_LONG_Y,UNKNOWN|1,0,NONE,V05C-contexts.csv,SOURCE_PROVED_NOT_YET_ADMITTED
TP07F484,00:CF4B:0:0:0,0x004F4B,3A,DEC,ACC,UNKNOWN|1,UNKNOWN,NONE,V05C-contexts.csv,SOURCE_PROVED_NOT_YET_ADMITTED
TP07F484,00:CF4C:0:0:0,0x004F4C,3A,DEC,ACC,UNKNOWN|1,UNKNOWN,NONE,V05C-contexts.csv,SOURCE_PROVED_NOT_YET_ADMITTED
TP07F484,00:CF4D:0:0:0,0x004F4D,9716,STA,DP_IND_LONG_Y,UNKNOWN|1,UNKNOWN,NONE,V05C-contexts.csv,SOURCE_PROVED_NOT_YET_ADMITTED
TP07F484,00:CF4F:0:0:0,0x004F4F,F005,BEQ,REL8,UNKNOWN|1,UNKNOWN,NONE,V05C-contexts.csv,SOURCE_PROVED_NOT_YET_ADMITTED
TP07F484,00:CF51:0:0:0,0x004F51,3003,BMI,REL8,UNKNOWN|1,0,NONE,V05C-contexts.csv,SOURCE_PROVED_NOT_YET_ADMITTED
TP07F484,00:CF53:0:0:0,0x004F53,4C83DC,JMP,ABS_JUMP,UNKNOWN|1,0,NONE,V05C-contexts.csv,SOURCE_PROVED_NOT_YET_ADMITTED
TP07F484,00:CF56:0:0:0,0x004F56,A90000,LDA,IMM_M,UNKNOWN|1,0|1,NONE,V05C-contexts.csv,SOURCE_PROVED_NOT_YET_ADMITTED
TP07F484,00:CF59:0:0:0,0x004F59,A04900,LDY,IMM_X,UNKNOWN|1,1,NONE,V05C-contexts.csv,SOURCE_PROVED_NOT_YET_ADMITTED
TP07F484,00:CF5C:0:0:0,0x004F5C,9716,STA,DP_IND_LONG_Y,UNKNOWN|1,0,NONE,V05C-contexts.csv,SOURCE_PROVED_NOT_YET_ADMITTED
TP07F484,00:CF5E:0:0:0,0x004F5E,E230,SEP,IMM8,UNKNOWN|1,0,NONE,V05C-contexts.csv,SOURCE_PROVED_NOT_YET_ADMITTED
TP07F484,00:CF60:0:1:1,0x004F60,A00C,LDY,IMM_X,UNKNOWN|1,0,NONE,V05C-contexts.csv,SOURCE_PROVED_NOT_YET_ADMITTED
TP07F484,00:CF62:0:1:1,0x004F62,A970,LDA,IMM_M,UNKNOWN|1,0,NONE,V05C-contexts.csv,SOURCE_PROVED_NOT_YET_ADMITTED
TP07F484,00:CF64:0:1:1,0x004F64,9716,STA,DP_IND_LONG_Y,UNKNOWN|1,0,NONE,V05C-contexts.csv,SOURCE_PROVED_NOT_YET_ADMITTED
TP07F484,00:CF66:0:1:1,0x004F66,A980,LDA,IMM_M,UNKNOWN|1,0,NONE,V05C-contexts.csv,SOURCE_PROVED_NOT_YET_ADMITTED
TP07F484,00:CF68:0:1:1,0x004F68,A00A,LDY,IMM_X,UNKNOWN|1,0,NONE,V05C-contexts.csv,SOURCE_PROVED_NOT_YET_ADMITTED
TP07F484,00:CF6A:0:1:1,0x004F6A,9716,STA,DP_IND_LONG_Y,UNKNOWN|1,0,NONE,V05C-contexts.csv,SOURCE_PROVED_NOT_YET_ADMITTED
TP07F484,00:CF6C:0:1:1,0x004F6C,E210,SEP,IMM8,UNKNOWN|1,0,NONE,V05C-contexts.csv,SOURCE_PROVED_NOT_YET_ADMITTED
TP07F484,00:CF6E:0:1:1,0x004F6E,C220,REP,IMM8,UNKNOWN|1,0,NONE,V05C-contexts.csv,SOURCE_PROVED_NOT_YET_ADMITTED
TP07F484,00:CF70:0:0:1,0x004F70,AD1600,LDA,ABS,UNKNOWN|1,0,DBR:0016,V05C-contexts.csv,SOURCE_PROVED_NOT_YET_ADMITTED
TP07F484,00:CF73:0:0:1,0x004F73,8D8A07,STA,ABS,UNKNOWN|1,UNKNOWN,DBR:078A,V05C-contexts.csv,SOURCE_PROVED_NOT_YET_ADMITTED
TP07F484,00:CF76:0:0:1,0x004F76,AE1800,LDX,ABS,UNKNOWN|1,UNKNOWN,DBR:0018,V05C-contexts.csv,SOURCE_PROVED_NOT_YET_ADMITTED
TP07F484,00:CF79:0:0:1,0x004F79,8E8C07,STX,ABS,UNKNOWN|1,UNKNOWN,DBR:078C,V05C-contexts.csv,SOURCE_PROVED_NOT_YET_ADMITTED
TP07F484,00:CF7C:0:0:1,0x004F7C,A90000,LDA,IMM_M,UNKNOWN|1,UNKNOWN,NONE,V05C-contexts.csv,SOURCE_PROVED_NOT_YET_ADMITTED
TP07F484,00:CF7F:0:0:1,0x004F7F,8D8E07,STA,ABS,UNKNOWN|1,1,DBR:078E,V05C-contexts.csv,SOURCE_PROVED_NOT_YET_ADMITTED
TP07F484,00:CF82:0:0:1,0x004F82,22CEB307,JSL,ABSL_JUMP,UNKNOWN|1,1,NONE,V05C-contexts.csv,SOURCE_PROVED_NOT_YET_ADMITTED
TP07F484,00:CF86:0:0:1,0x004F86,C230,REP,IMM8,UNKNOWN|0|1,UNKNOWN,NONE,V05C-contexts.csv,SOURCE_PROVED_NOT_YET_ADMITTED
TP07F484,00:CF88:0:0:0,0x004F88,ADA207,LDA,ABS,UNKNOWN|0|1,UNKNOWN,DBR:07A2,V05C-contexts.csv,SOURCE_PROVED_NOT_YET_ADMITTED
TP07F484,00:CF8B:0:0:0,0x004F8B,F006,BEQ,REL8,UNKNOWN|0|1,UNKNOWN,NONE,V05C-contexts.csv,SOURCE_PROVED_NOT_YET_ADMITTED
TP07F484,00:CF8D:0:0:0,0x004F8D,A90100,LDA,IMM_M,UNKNOWN|0|1,0,NONE,V05C-contexts.csv,SOURCE_PROVED_NOT_YET_ADMITTED
TP07F484,00:CF90:0:0:0,0x004F90,82100D,BRL,REL16,UNKNOWN|0|1,0,NONE,V05C-contexts.csv,SOURCE_PROVED_NOT_YET_ADMITTED
TP07F484,00:CF93:0:0:0,0x004F93,E210,SEP,IMM8,UNKNOWN|0|1,1,NONE,V05C-contexts.csv,SOURCE_PROVED_NOT_YET_ADMITTED
TP07F484,00:CF95:0:0:1,0x004F95,C220,REP,IMM8,UNKNOWN|0|1,1,NONE,V05C-contexts.csv,SOURCE_PROVED_NOT_YET_ADMITTED
TP07F484,00:CF97:0:0:1,0x004F97,AD1600,LDA,ABS,UNKNOWN|0|1,1,DBR:0016,V05C-contexts.csv,SOURCE_PROVED_NOT_YET_ADMITTED
TP07F484,00:CF9A:0:0:1,0x004F9A,8D8A07,STA,ABS,UNKNOWN|0|1,UNKNOWN,DBR:078A,V05C-contexts.csv,SOURCE_PROVED_NOT_YET_ADMITTED
TP07F484,00:CF9D:0:0:1,0x004F9D,AE1800,LDX,ABS,UNKNOWN|0|1,UNKNOWN,DBR:0018,V05C-contexts.csv,SOURCE_PROVED_NOT_YET_ADMITTED
TP07F484,00:CFA0:0:0:1,0x004FA0,8E8C07,STX,ABS,UNKNOWN|0|1,UNKNOWN,DBR:078C,V05C-contexts.csv,SOURCE_PROVED_NOT_YET_ADMITTED
TP07F484,00:CFA3:0:0:1,0x004FA3,22D2FA07,JSL,ABSL_JUMP,UNKNOWN|0|1,UNKNOWN,NONE,V05C-contexts.csv,SOURCE_PROVED_NOT_YET_ADMITTED
TP07F484,00:CFA7:0:0:1,0x004FA7,E230,SEP,IMM8,UNKNOWN,UNKNOWN,NONE,V05C-contexts.csv,SOURCE_PROVED_NOT_YET_ADMITTED
TP07F484,00:CFA9:0:1:1,0x004FA9,9C0004,STZ,ABS,UNKNOWN,UNKNOWN,DBR:0400,V05C-contexts.csv,SOURCE_PROVED_NOT_YET_ADMITTED
TP07F484,00:CFAC:0:1:1,0x004FAC,A016,LDY,IMM_X,UNKNOWN,UNKNOWN,NONE,V05C-contexts.csv,SOURCE_PROVED_NOT_YET_ADMITTED
TP07F484,00:CFAE:0:1:1,0x004FAE,B716,LDA,DP_IND_LONG_Y,UNKNOWN,0,NONE,V05C-contexts.csv,SOURCE_PROVED_NOT_YET_ADMITTED
TP07F484,00:CFB0:0:1:1,0x004FB0,8D0104,STA,ABS,UNKNOWN,UNKNOWN,DBR:0401,V05C-contexts.csv,SOURCE_PROVED_NOT_YET_ADMITTED
TP07F484,00:CFB3:0:1:1,0x004FB3,E210,SEP,IMM8,UNKNOWN,UNKNOWN,NONE,V05C-contexts.csv,SOURCE_PROVED_NOT_YET_ADMITTED
TP07F484,00:CFB5:0:1:1,0x004FB5,C220,REP,IMM8,UNKNOWN,UNKNOWN,NONE,V05C-contexts.csv,SOURCE_PROVED_NOT_YET_ADMITTED
TP07F484,00:CFB7:0:0:1,0x004FB7,A017,LDY,IMM_X,UNKNOWN,UNKNOWN,NONE,V05C-contexts.csv,SOURCE_PROVED_NOT_YET_ADMITTED
TP07F484,00:CFB9:0:0:1,0x004FB9,B716,LDA,DP_IND_LONG_Y,UNKNOWN,0,NONE,V05C-contexts.csv,SOURCE_PROVED_NOT_YET_ADMITTED
TP07F484,00:CFBB:0:0:1,0x004FBB,AA,TAX,IMP,UNKNOWN,UNKNOWN,NONE,V05C-contexts.csv,SOURCE_PROVED_NOT_YET_ADMITTED
TP07F484,00:CFBC:0:0:1,0x004FBC,BF3C9205,LDA,ABSL_X,UNKNOWN,UNKNOWN,05:923C+X,V05C-contexts.csv,SOURCE_PROVED_NOT_YET_ADMITTED
TP07F484,00:CFC0:0:0:1,0x004FC0,A018,LDY,IMM_X,UNKNOWN,UNKNOWN,NONE,V05C-contexts.csv,SOURCE_PROVED_NOT_YET_ADMITTED
TP07F484,00:CFC2:0:0:1,0x004FC2,9716,STA,DP_IND_LONG_Y,UNKNOWN,0,NONE,V05C-contexts.csv,SOURCE_PROVED_NOT_YET_ADMITTED
TP07F484,00:CFC4:0:0:1,0x004FC4,E210,SEP,IMM8,UNKNOWN,0,NONE,V05C-contexts.csv,SOURCE_PROVED_NOT_YET_ADMITTED
TP07F484,00:CFC6:0:0:1,0x004FC6,C220,REP,IMM8,UNKNOWN,0,NONE,V05C-contexts.csv,SOURCE_PROVED_NOT_YET_ADMITTED
TP07F484,00:CFC8:0:0:1,0x004FC8,A00B,LDY,IMM_X,UNKNOWN,0,NONE,V05C-contexts.csv,SOURCE_PROVED_NOT_YET_ADMITTED
TP07F484,00:CFCA:0:0:1,0x004FCA,B716,LDA,DP_IND_LONG_Y,UNKNOWN,0,NONE,V05C-contexts.csv,SOURCE_PROVED_NOT_YET_ADMITTED
TP07F484,00:CFCC:0:0:1,0x004FCC,29FF00,AND,IMM_M,UNKNOWN,UNKNOWN,NONE,V05C-contexts.csv,SOURCE_PROVED_NOT_YET_ADMITTED
TP07F484,00:CFCF:0:0:1,0x004FCF,8D0604,STA,ABS,UNKNOWN,UNKNOWN,DBR:0406,V05C-contexts.csv,SOURCE_PROVED_NOT_YET_ADMITTED
TP07F484,00:CFD2:0:0:1,0x004FD2,A00D,LDY,IMM_X,UNKNOWN,UNKNOWN,NONE,V05C-contexts.csv,SOURCE_PROVED_NOT_YET_ADMITTED
TP07F484,00:CFD4:0:0:1,0x004FD4,B716,LDA,DP_IND_LONG_Y,UNKNOWN,0,NONE,V05C-contexts.csv,SOURCE_PROVED_NOT_YET_ADMITTED
TP07F484,00:CFD6:0:0:1,0x004FD6,29FF00,AND,IMM_M,UNKNOWN,UNKNOWN,NONE,V05C-contexts.csv,SOURCE_PROVED_NOT_YET_ADMITTED
TP07F484,00:CFD9:0:0:1,0x004FD9,8D0804,STA,ABS,UNKNOWN,UNKNOWN,DBR:0408,V05C-contexts.csv,SOURCE_PROVED_NOT_YET_ADMITTED
TP07F484,00:CFDC:0:0:1,0x004FDC,AD0804,LDA,ABS,UNKNOWN,UNKNOWN,DBR:0408,V05C-contexts.csv,SOURCE_PROVED_NOT_YET_ADMITTED
TP07F484,00:CFDF:0:0:1,0x004FDF,A240,LDX,IMM_X,UNKNOWN,UNKNOWN,NONE,V05C-contexts.csv,SOURCE_PROVED_NOT_YET_ADMITTED
TP07F484,00:CFE1:0:0:1,0x004FE1,E230,SEP,IMM8,UNKNOWN,0,NONE,V05C-contexts.csv,SOURCE_PROVED_NOT_YET_ADMITTED
TP07F484,00:CFE3:0:1:1,0x004FE3,8D1B21,STA,ABS,UNKNOWN,0,DBR:211B,V05C-contexts.csv,SOURCE_PROVED_NOT_YET_ADMITTED
TP07F484,00:CFE6:0:1:1,0x004FE6,EB,XBA,IMP,UNKNOWN,0,NONE,V05C-contexts.csv,SOURCE_PROVED_NOT_YET_ADMITTED
TP07F484,00:CFE7:0:1:1,0x004FE7,8D1B21,STA,ABS,UNKNOWN,UNKNOWN,DBR:211B,V05C-contexts.csv,SOURCE_PROVED_NOT_YET_ADMITTED
TP07F484,00:CFEA:0:1:1,0x004FEA,8E1C21,STX,ABS,UNKNOWN,UNKNOWN,DBR:211C,V05C-contexts.csv,SOURCE_PROVED_NOT_YET_ADMITTED
TP07F484,00:CFED:0:1:1,0x004FED,E210,SEP,IMM8,UNKNOWN,UNKNOWN,NONE,V05C-contexts.csv,SOURCE_PROVED_NOT_YET_ADMITTED
TP07F484,00:CFEF:0:1:1,0x004FEF,C220,REP,IMM8,UNKNOWN,UNKNOWN,NONE,V05C-contexts.csv,SOURCE_PROVED_NOT_YET_ADMITTED
TP07F484,00:CFF1:0:0:1,0x004FF1,AD3421,LDA,ABS,UNKNOWN,UNKNOWN,DBR:2134,V05C-contexts.csv,SOURCE_PROVED_NOT_YET_ADMITTED
TP07F484,00:CFF4:0:0:1,0x004FF4,AE3621,LDX,ABS,UNKNOWN,UNKNOWN,DBR:2136,V05C-contexts.csv,SOURCE_PROVED_NOT_YET_ADMITTED
TP07F484,00:CFF7:0:0:1,0x004FF7,18,CLC,IMP,UNKNOWN,UNKNOWN,NONE,V05C-contexts.csv,SOURCE_PROVED_NOT_YET_ADMITTED
TP07F484,00:CFF8:0:0:1,0x004FF8,6D0604,ADC,ABS,0,UNKNOWN,DBR:0406,V05C-contexts.csv,SOURCE_PROVED_NOT_YET_ADMITTED
TP07F484,00:CFFB:0:0:1,0x004FFB,C230,REP,IMM8,UNKNOWN,UNKNOWN,NONE,V05C-contexts.csv,SOURCE_PROVED_NOT_YET_ADMITTED
TP07F484,00:CFFD:0:0:0,0x004FFD,A8,TAY,IMP,UNKNOWN,UNKNOWN,NONE,V05C-contexts.csv,SOURCE_PROVED_NOT_YET_ADMITTED
TP07F484,00:CFFE:0:0:0,0x004FFE,98,TYA,IMP,UNKNOWN,UNKNOWN,NONE,V05C-contexts.csv,SOURCE_PROVED_NOT_YET_ADMITTED
TP07F484,00:CFFF:0:0:0,0x004FFF,0A,ASL,ACC,UNKNOWN,UNKNOWN,NONE,V05C-contexts.csv,SOURCE_PROVED_NOT_YET_ADMITTED
TP07F484,00:D000:0:0:0,0x005000,0A,ASL,ACC,UNKNOWN,UNKNOWN,NONE,V05C-contexts.csv,SOURCE_PROVED_NOT_YET_ADMITTED
TP07F484,00:D001:0:0:0,0x005001,A8,TAY,IMP,UNKNOWN,UNKNOWN,NONE,V05C-contexts.csv,SOURCE_PROVED_NOT_YET_ADMITTED
TP07F484,00:D002:0:0:0,0x005002,18,CLC,IMP,UNKNOWN,UNKNOWN,NONE,V05C-contexts.csv,SOURCE_PROVED_NOT_YET_ADMITTED
TP07F484,00:D003:0:0:0,0x005003,6D4F00,ADC,ABS,0,UNKNOWN,DBR:004F,V05C-contexts.csv,SOURCE_PROVED_NOT_YET_ADMITTED
TP07F484,00:D006:0:0:0,0x005006,8D4600,STA,ABS,UNKNOWN,UNKNOWN,DBR:0046,V05C-contexts.csv,SOURCE_PROVED_NOT_YET_ADMITTED
TP07F484,00:D009:0:0:0,0x005009,E230,SEP,IMM8,UNKNOWN,UNKNOWN,NONE,V05C-contexts.csv,SOURCE_PROVED_NOT_YET_ADMITTED
TP07F484,00:D00B:0:1:1,0x00500B,AD5100,LDA,ABS,UNKNOWN,UNKNOWN,DBR:0051,V05C-contexts.csv,SOURCE_PROVED_NOT_YET_ADMITTED
TP07F484,00:D00E:0:1:1,0x00500E,8D4800,STA,ABS,UNKNOWN,UNKNOWN,DBR:0048,V05C-contexts.csv,SOURCE_PROVED_NOT_YET_ADMITTED
TP07F484,00:D011:0:1:1,0x005011,A002,LDY,IMM_X,UNKNOWN,UNKNOWN,NONE,V05C-contexts.csv,SOURCE_PROVED_NOT_YET_ADMITTED
TP07F484,00:D013:0:1:1,0x005013,B746,LDA,DP_IND_LONG_Y,UNKNOWN,0,NONE,V05C-contexts.csv,SOURCE_PROVED_NOT_YET_ADMITTED
TP07F484,00:D015:0:1:1,0x005015,C230,REP,IMM8,UNKNOWN,UNKNOWN,NONE,V05C-contexts.csv,SOURCE_PROVED_NOT_YET_ADMITTED
TP07F484,00:D017:0:0:0,0x005017,29FF00,AND,IMM_M,UNKNOWN,UNKNOWN,NONE,V05C-contexts.csv,SOURCE_PROVED_NOT_YET_ADMITTED
TP07F484,00:D01A:0:0:0,0x00501A,A8,TAY,IMP,UNKNOWN,UNKNOWN,NONE,V05C-contexts.csv,SOURCE_PROVED_NOT_YET_ADMITTED
TP07F484,00:D01B:0:0:0,0x00501B,98,TYA,IMP,UNKNOWN,UNKNOWN,NONE,V05C-contexts.csv,SOURCE_PROVED_NOT_YET_ADMITTED
TP07F484,00:D01C:0:0:0,0x00501C,0A,ASL,ACC,UNKNOWN,UNKNOWN,NONE,V05C-contexts.csv,SOURCE_PROVED_NOT_YET_ADMITTED
TP07F484,00:D01D:0:0:0,0x00501D,0A,ASL,ACC,UNKNOWN,UNKNOWN,NONE,V05C-contexts.csv,SOURCE_PROVED_NOT_YET_ADMITTED
TP07F484,00:D01E:0:0:0,0x00501E,A8,TAY,IMP,UNKNOWN,UNKNOWN,NONE,V05C-contexts.csv,SOURCE_PROVED_NOT_YET_ADMITTED
TP07F484,00:D01F:0:0:0,0x00501F,BB,TYX,IMP,UNKNOWN,UNKNOWN,NONE,V05C-contexts.csv,SOURCE_PROVED_NOT_YET_ADMITTED
TP07F484,00:D020:0:0:0,0x005020,BFB78801,LDA,ABSL_X,UNKNOWN,UNKNOWN,01:88B7+X,V05C-contexts.csv,SOURCE_PROVED_NOT_YET_ADMITTED
TP07F484,00:D024:0:0:0,0x005024,8D1304,STA,ABS,UNKNOWN,UNKNOWN,DBR:0413,V05C-contexts.csv,SOURCE_PROVED_NOT_YET_ADMITTED
TP07F484,00:D027:0:0:0,0x005027,C230,REP,IMM8,UNKNOWN,UNKNOWN,NONE,V05C-contexts.csv,SOURCE_PROVED_NOT_YET_ADMITTED
TP07F484,00:D029:0:0:0,0x005029,C230,REP,IMM8,UNKNOWN,UNKNOWN,NONE,V05C-contexts.csv,SOURCE_PROVED_NOT_YET_ADMITTED
TP07F484,00:D02B:0:0:0,0x00502B,AD5318,LDA,ABS,UNKNOWN,UNKNOWN,DBR:1853,V05C-contexts.csv,SOURCE_PROVED_NOT_YET_ADMITTED
TP07F484,00:D02E:0:0:0,0x00502E,8D8A07,STA,ABS,UNKNOWN,UNKNOWN,DBR:078A,V05C-contexts.csv,SOURCE_PROVED_NOT_YET_ADMITTED
TP07F484,00:D031:0:0:0,0x005031,E210,SEP,IMM8,UNKNOWN,UNKNOWN,NONE,V05C-contexts.csv,SOURCE_PROVED_NOT_YET_ADMITTED
TP07F484,00:D033:0:0:1,0x005033,C220,REP,IMM8,UNKNOWN,UNKNOWN,NONE,V05C-contexts.csv,SOURCE_PROVED_NOT_YET_ADMITTED
TP07F484,00:D035:0:0:1,0x005035,A072,LDY,IMM_X,UNKNOWN,UNKNOWN,NONE,V05C-contexts.csv,SOURCE_PROVED_NOT_YET_ADMITTED
TP07F484,00:D037:0:0:1,0x005037,B716,LDA,DP_IND_LONG_Y,UNKNOWN,0,NONE,V05C-contexts.csv,SOURCE_PROVED_NOT_YET_ADMITTED
TP07F484,00:D039:0:0:1,0x005039,3006,BMI,REL8,UNKNOWN,UNKNOWN,NONE,V05C-contexts.csv,SOURCE_PROVED_NOT_YET_ADMITTED
TP07F484,00:D03B:0:0:1,0x00503B,0A,ASL,ACC,UNKNOWN,UNKNOWN,NONE,V05C-contexts.csv,SOURCE_PROVED_NOT_YET_ADMITTED
TP07F484,00:D03C:0:0:1,0x00503C,CD8A07,CMP,ABS,UNKNOWN,UNKNOWN,DBR:078A,V05C-contexts.csv,SOURCE_PROVED_NOT_YET_ADMITTED
TP07F484,00:D03F:0:0:1,0x00503F,B034,BCS,REL8,UNKNOWN,UNKNOWN,NONE,V05C-contexts.csv,SOURCE_PROVED_NOT_YET_ADMITTED
TP07F484,00:D041:0:0:1,0x005041,B716,LDA,DP_IND_LONG_Y,UNKNOWN|0,UNKNOWN,NONE,V05C-contexts.csv,SOURCE_PROVED_NOT_YET_ADMITTED
TP07F484,00:D043:0:0:1,0x005043,C9411F,CMP,IMM_M,UNKNOWN|0,UNKNOWN,NONE,V05C-contexts.csv,SOURCE_PROVED_NOT_YET_ADMITTED
TP07F484,00:D046:0:0:1,0x005046,B02D,BCS,REL8,UNKNOWN,UNKNOWN,NONE,V05C-contexts.csv,SOURCE_PROVED_NOT_YET_ADMITTED
TP07F484,00:D048:0:0:1,0x005048,A06D,LDY,IMM_X,0,UNKNOWN,NONE,V05C-contexts.csv,SOURCE_PROVED_NOT_YET_ADMITTED
TP07F484,00:D04A:0:0:1,0x00504A,B716,LDA,DP_IND_LONG_Y,0,0,NONE,V05C-contexts.csv,SOURCE_PROVED_NOT_YET_ADMITTED
TP07F484,00:D04C:0:0:1,0x00504C,8D8A07,STA,ABS,0,UNKNOWN,DBR:078A,V05C-contexts.csv,SOURCE_PROVED_NOT_YET_ADMITTED
TP07F484,00:D04F:0:0:1,0x00504F,A06F,LDY,IMM_X,0,UNKNOWN,NONE,V05C-contexts.csv,SOURCE_PROVED_NOT_YET_ADMITTED
TP07F484,00:D051:0:0:1,0x005051,B716,LDA,DP_IND_LONG_Y,0,0,NONE,V05C-contexts.csv,SOURCE_PROVED_NOT_YET_ADMITTED
TP07F484,00:D053:0:0:1,0x005053,8D8E07,STA,ABS,0,UNKNOWN,DBR:078E,V05C-contexts.csv,SOURCE_PROVED_NOT_YET_ADMITTED
TP07F484,00:D056:0:0:1,0x005056,AD301F,LDA,ABS,0,UNKNOWN,DBR:1F30,V05C-contexts.csv,SOURCE_PROVED_NOT_YET_ADMITTED
TP07F484,00:D059:0:0:1,0x005059,38,SEC,IMP,0,UNKNOWN,NONE,V05C-contexts.csv,SOURCE_PROVED_NOT_YET_ADMITTED
TP07F484,00:D05A:0:0:1,0x00505A,ED8A07,SBC,ABS,1,UNKNOWN,DBR:078A,V05C-contexts.csv,SOURCE_PROVED_NOT_YET_ADMITTED
TP07F484,00:D05D:0:0:1,0x00505D,8D8A07,STA,ABS,UNKNOWN,UNKNOWN,DBR:078A,V05C-contexts.csv,SOURCE_PROVED_NOT_YET_ADMITTED
TP07F484,00:D060:0:0:1,0x005060,AD321F,LDA,ABS,UNKNOWN,UNKNOWN,DBR:1F32,V05C-contexts.csv,SOURCE_PROVED_NOT_YET_ADMITTED
TP07F484,00:D063:0:0:1,0x005063,ED8E07,SBC,ABS,UNKNOWN,UNKNOWN,DBR:078E,V05C-contexts.csv,SOURCE_PROVED_NOT_YET_ADMITTED
TP07F484,00:D066:0:0:1,0x005066,8D8E07,STA,ABS,UNKNOWN,UNKNOWN,DBR:078E,V05C-contexts.csv,SOURCE_PROVED_NOT_YET_ADMITTED
TP07F484,00:D069:0:0:1,0x005069,3037,BMI,REL8,UNKNOWN,UNKNOWN,NONE,V05C-contexts.csv,SOURCE_PROVED_NOT_YET_ADMITTED
TP07F484,00:D06B:0:0:1,0x00506B,D008,BNE,REL8,UNKNOWN,UNKNOWN,NONE,V05C-contexts.csv,SOURCE_PROVED_NOT_YET_ADMITTED
TP07F484,00:D06D:0:0:1,0x00506D,AD8A07,LDA,ABS,UNKNOWN,1,DBR:078A,V05C-contexts.csv,SOURCE_PROVED_NOT_YET_ADMITTED
TP07F484,00:D070:0:0:1,0x005070,C9A10F,CMP,IMM_M,UNKNOWN,UNKNOWN,NONE,V05C-contexts.csv,SOURCE_PROVED_NOT_YET_ADMITTED
TP07F484,00:D073:0:0:1,0x005073,902D,BCC,REL8,UNKNOWN,UNKNOWN,NONE,V05C-contexts.csv,SOURCE_PROVED_NOT_YET_ADMITTED
TP07F484,00:D075:0:0:1,0x005075,ACBE07,LDY,ABS,UNKNOWN|1,UNKNOWN|0,DBR:07BE,V05C-contexts.csv,SOURCE_PROVED_NOT_YET_ADMITTED
TP07F484,00:D078:0:0:1,0x005078,C002,CPY,IMM_X,UNKNOWN|1,UNKNOWN,NONE,V05C-contexts.csv,SOURCE_PROVED_NOT_YET_ADMITTED
TP07F484,00:D07A:0:0:1,0x00507A,F026,BEQ,REL8,UNKNOWN,UNKNOWN,NONE,V05C-contexts.csv,SOURCE_PROVED_NOT_YET_ADMITTED
TP07F484,00:D07C:0:0:1,0x00507C,C230,REP,IMM8,UNKNOWN,0,NONE,V05C-contexts.csv,SOURCE_PROVED_NOT_YET_ADMITTED
TP07F484,00:D07E:0:0:0,0x00507E,A01800,LDY,IMM_X,UNKNOWN,0,NONE,V05C-contexts.csv,SOURCE_PROVED_NOT_YET_ADMITTED
TP07F484,00:D081:0:0:0,0x005081,A90000,LDA,IMM_M,UNKNOWN,0,NONE,V05C-contexts.csv,SOURCE_PROVED_NOT_YET_ADMITTED
TP07F484,00:D084:0:0:0,0x005084,9716,STA,DP_IND_LONG_Y,UNKNOWN,1,NONE,V05C-contexts.csv,SOURCE_PROVED_NOT_YET_ADMITTED
TP07F484,00:D086:0:0:0,0x005086,E230,SEP,IMM8,UNKNOWN,1,NONE,V05C-contexts.csv,SOURCE_PROVED_NOT_YET_ADMITTED
TP07F484,00:D088:0:1:1,0x005088,A010,LDY,IMM_X,UNKNOWN,1,NONE,V05C-contexts.csv,SOURCE_PROVED_NOT_YET_ADMITTED
TP07F484,00:D08A:0:1:1,0x00508A,A940,LDA,IMM_M,UNKNOWN,0,NONE,V05C-contexts.csv,SOURCE_PROVED_NOT_YET_ADMITTED
TP07F484,00:D08C:0:1:1,0x00508C,9716,STA,DP_IND_LONG_Y,UNKNOWN,0,NONE,V05C-contexts.csv,SOURCE_PROVED_NOT_YET_ADMITTED
TP07F484,00:D08E:0:1:1,0x00508E,A057,LDY,IMM_X,UNKNOWN,0,NONE,V05C-contexts.csv,SOURCE_PROVED_NOT_YET_ADMITTED
TP07F484,00:D090:0:1:1,0x005090,A920,LDA,IMM_M,UNKNOWN,0,NONE,V05C-contexts.csv,SOURCE_PROVED_NOT_YET_ADMITTED
TP07F484,00:D092:0:1:1,0x005092,9716,STA,DP_IND_LONG_Y,UNKNOWN,0,NONE,V05C-contexts.csv,SOURCE_PROVED_NOT_YET_ADMITTED
TP07F484,00:D094:0:1:1,0x005094,A058,LDY,IMM_X,UNKNOWN,0,NONE,V05C-contexts.csv,SOURCE_PROVED_NOT_YET_ADMITTED
TP07F484,00:D096:0:1:1,0x005096,A93C,LDA,IMM_M,UNKNOWN,0,NONE,V05C-contexts.csv,SOURCE_PROVED_NOT_YET_ADMITTED
TP07F484,00:D098:0:1:1,0x005098,9716,STA,DP_IND_LONG_Y,UNKNOWN,0,NONE,V05C-contexts.csv,SOURCE_PROVED_NOT_YET_ADMITTED
TP07F484,00:D09A:0:1:1,0x00509A,C230,REP,IMM8,UNKNOWN,0,NONE,V05C-contexts.csv,SOURCE_PROVED_NOT_YET_ADMITTED
TP07F484,00:D09C:0:0:0,0x00509C,A90100,LDA,IMM_M,UNKNOWN,0,NONE,V05C-contexts.csv,SOURCE_PROVED_NOT_YET_ADMITTED
TP07F484,00:D09F:0:0:0,0x00509F,82010C,BRL,REL16,UNKNOWN,0,NONE,V05C-contexts.csv,SOURCE_PROVED_NOT_YET_ADMITTED
TP07F484,00:D0A2:0:0:1,0x0050A2,C230,REP,IMM8,UNKNOWN|0,UNKNOWN|1,NONE,V05C-contexts.csv,SOURCE_PROVED_NOT_YET_ADMITTED
TP07F484,00:D0A4:0:0:0,0x0050A4,AD1304,LDA,ABS,UNKNOWN|0,UNKNOWN|1,DBR:0413,V05C-contexts.csv,SOURCE_PROVED_NOT_YET_ADMITTED
TP07F484,00:D0A7:0:0:0,0x0050A7,290200,AND,IMM_M,UNKNOWN|0,UNKNOWN,NONE,V05C-contexts.csv,SOURCE_PROVED_NOT_YET_ADMITTED
TP07F484,00:D0AA:0:0:0,0x0050AA,D003,BNE,REL8,UNKNOWN|0,UNKNOWN,NONE,V05C-contexts.csv,SOURCE_PROVED_NOT_YET_ADMITTED
TP07F484,00:D0AC:0:0:0,0x0050AC,82610B,BRL,REL16,UNKNOWN|0,1,NONE,V05C-contexts.csv,SOURCE_PROVED_NOT_YET_ADMITTED
TP07F484,00:D0AF:0:0:0,0x0050AF,E230,SEP,IMM8,UNKNOWN|0,0,NONE,V05C-contexts.csv,SOURCE_PROVED_NOT_YET_ADMITTED
TP07F484,00:D0B1:0:1:1,0x0050B1,A003,LDY,IMM_X,UNKNOWN|0,0,NONE,V05C-contexts.csv,SOURCE_PROVED_NOT_YET_ADMITTED
TP07F484,00:D0B3:0:1:1,0x0050B3,B746,LDA,DP_IND_LONG_Y,UNKNOWN|0,0,NONE,V05C-contexts.csv,SOURCE_PROVED_NOT_YET_ADMITTED
TP07F484,00:D0B5:0:1:1,0x0050B5,2904,AND,IMM_M,UNKNOWN|0,UNKNOWN,NONE,V05C-contexts.csv,SOURCE_PROVED_NOT_YET_ADMITTED
TP07F484,00:D0B7:0:1:1,0x0050B7,F056,BEQ,REL8,UNKNOWN|0,UNKNOWN,NONE,V05C-contexts.csv,SOURCE_PROVED_NOT_YET_ADMITTED
TP07F484,00:D0B9:0:1:1,0x0050B9,A003,LDY,IMM_X,UNKNOWN|0,0,NONE,V05C-contexts.csv,SOURCE_PROVED_NOT_YET_ADMITTED
TP07F484,00:D0BB:0:1:1,0x0050BB,B746,LDA,DP_IND_LONG_Y,UNKNOWN|0,0,NONE,V05C-contexts.csv,SOURCE_PROVED_NOT_YET_ADMITTED
TP07F484,00:D0BD:0:1:1,0x0050BD,2903,AND,IMM_M,UNKNOWN|0,UNKNOWN,NONE,V05C-contexts.csv,SOURCE_PROVED_NOT_YET_ADMITTED
TP07F484,00:D0BF:0:1:1,0x0050BF,A016,LDY,IMM_X,UNKNOWN|0,UNKNOWN,NONE,V05C-contexts.csv,SOURCE_PROVED_NOT_YET_ADMITTED
TP07F484,00:D0C1:0:1:1,0x0050C1,9716,STA,DP_IND_LONG_Y,UNKNOWN|0,0,NONE,V05C-contexts.csv,SOURCE_PROVED_NOT_YET_ADMITTED
TP07F484,00:D0C3:0:1:1,0x0050C3,C230,REP,IMM8,UNKNOWN|0,0,NONE,V05C-contexts.csv,SOURCE_PROVED_NOT_YET_ADMITTED
TP07F484,00:D0C5:0:0:0,0x0050C5,A05A00,LDY,IMM_X,UNKNOWN|0,0,NONE,V05C-contexts.csv,SOURCE_PROVED_NOT_YET_ADMITTED
TP07F484,00:D0C8:0:0:0,0x0050C8,B716,LDA,DP_IND_LONG_Y,UNKNOWN|0,0,NONE,V05C-contexts.csv,SOURCE_PROVED_NOT_YET_ADMITTED
TP07F484,00:D0CA:0:0:0,0x0050CA,29FF00,AND,IMM_M,UNKNOWN|0,UNKNOWN,NONE,V05C-contexts.csv,SOURCE_PROVED_NOT_YET_ADMITTED
TP07F484,00:D0CD:0:0:0,0x0050CD,A8,TAY,IMP,UNKNOWN|0,UNKNOWN,NONE,V05C-contexts.csv,SOURCE_PROVED_NOT_YET_ADMITTED
TP07F484,00:D0CE:0:0:0,0x0050CE,98,TYA,IMP,UNKNOWN|0,UNKNOWN,NONE,V05C-contexts.csv,SOURCE_PROVED_NOT_YET_ADMITTED
TP07F484,00:D0CF:0:0:0,0x0050CF,A92400,LDA,IMM_M,UNKNOWN|0,UNKNOWN,NONE,V05C-contexts.csv,SOURCE_PROVED_NOT_YET_ADMITTED
TP07F484,00:D0D2:0:0:0,0x0050D2,22A78004,JSL,ABSL_JUMP,UNKNOWN|0,0,NONE,V05C-contexts.csv,SOURCE_PROVED_NOT_YET_ADMITTED
TP07F484,00:D0D6:0:0:0,0x0050D6,A8,TAY,IMP,UNKNOWN,UNKNOWN,NONE,V05C-contexts.csv,SOURCE_PROVED_NOT_YET_ADMITTED
TP07F484,00:D0D7:0:0:0,0x0050D7,8D6400,STA,ABS,UNKNOWN,UNKNOWN,DBR:0064,V05C-contexts.csv,SOURCE_PROVED_NOT_YET_ADMITTED
TP07F484,00:D0DA:0:0:0,0x0050DA,A90000,LDA,IMM_M,UNKNOWN,UNKNOWN,NONE,V05C-contexts.csv,SOURCE_PROVED_NOT_YET_ADMITTED
TP07F484,00:D0DD:0:0:0,0x0050DD,0A,ASL,ACC,UNKNOWN,1,NONE,V05C-contexts.csv,SOURCE_PROVED_NOT_YET_ADMITTED
TP07F484,00:D0DE:0:0:0,0x0050DE,18,CLC,IMP,UNKNOWN,UNKNOWN,NONE,V05C-contexts.csv,SOURCE_PROVED_NOT_YET_ADMITTED
TP07F484,00:D0DF:0:0:0,0x0050DF,6D6400,ADC,ABS,0,UNKNOWN,DBR:0064,V05C-contexts.csv,SOURCE_PROVED_NOT_YET_ADMITTED
TP07F484,00:D0E2:0:0:0,0x0050E2,8D6400,STA,ABS,UNKNOWN,UNKNOWN,DBR:0064,V05C-contexts.csv,SOURCE_PROVED_NOT_YET_ADMITTED
TP07F484,00:D0E5:0:0:0,0x0050E5,AA,TAX,IMP,UNKNOWN,UNKNOWN,NONE,V05C-contexts.csv,SOURCE_PROVED_NOT_YET_ADMITTED
TP07F484,00:D0E6:0:0:0,0x0050E6,BF16C301,LDA,ABSL_X,UNKNOWN,UNKNOWN,01:C316+X,V05C-contexts.csv,SOURCE_PROVED_NOT_YET_ADMITTED
TP07F484,00:D0EA:0:0:0,0x0050EA,8D6400,STA,ABS,UNKNOWN,UNKNOWN,DBR:0064,V05C-contexts.csv,SOURCE_PROVED_NOT_YET_ADMITTED
TP07F484,00:D0ED:0:0:0,0x0050ED,A01600,LDY,IMM_X,UNKNOWN,UNKNOWN,NONE,V05C-contexts.csv,SOURCE_PROVED_NOT_YET_ADMITTED
TP07F484,00:D0F0:0:0:0,0x0050F0,B716,LDA,DP_IND_LONG_Y,UNKNOWN,0,NONE,V05C-contexts.csv,SOURCE_PROVED_NOT_YET_ADMITTED
TP07F484,00:D0F2:0:0:0,0x0050F2,29FF00,AND,IMM_M,UNKNOWN,UNKNOWN,NONE,V05C-contexts.csv,SOURCE_PROVED_NOT_YET_ADMITTED
TP07F484,00:D0F5:0:0:0,0x0050F5,18,CLC,IMP,UNKNOWN,UNKNOWN,NONE,V05C-contexts.csv,SOURCE_PROVED_NOT_YET_ADMITTED
TP07F484,00:D0F6:0:0:0,0x0050F6,6D6400,ADC,ABS,0,UNKNOWN,DBR:0064,V05C-contexts.csv,SOURCE_PROVED_NOT_YET_ADMITTED
TP07F484,00:D0F9:0:0:0,0x0050F9,0A,ASL,ACC,UNKNOWN,UNKNOWN,NONE,V05C-contexts.csv,SOURCE_PROVED_NOT_YET_ADMITTED
TP07F484,00:D0FA:0:0:0,0x0050FA,AA,TAX,IMP,UNKNOWN,UNKNOWN,NONE,V05C-contexts.csv,SOURCE_PROVED_NOT_YET_ADMITTED
TP07F484,00:D0FB:0:0:0,0x0050FB,BFC29305,LDA,ABSL_X,UNKNOWN,UNKNOWN,05:93C2+X,V05C-contexts.csv,SOURCE_PROVED_NOT_YET_ADMITTED
TP07F484,00:D0FF:0:0:0,0x0050FF,E210,SEP,IMM8,UNKNOWN,UNKNOWN,NONE,V05C-contexts.csv,SOURCE_PROVED_NOT_YET_ADMITTED
TP07F484,00:D101:0:0:1,0x005101,C220,REP,IMM8,UNKNOWN,UNKNOWN,NONE,V05C-contexts.csv,SOURCE_PROVED_NOT_YET_ADMITTED
TP07F484,00:D103:0:0:1,0x005103,A00E,LDY,IMM_X,UNKNOWN,UNKNOWN,NONE,V05C-contexts.csv,SOURCE_PROVED_NOT_YET_ADMITTED
TP07F484,00:D105:0:0:1,0x005105,9716,STA,DP_IND_LONG_Y,UNKNOWN,0,NONE,V05C-contexts.csv,SOURCE_PROVED_NOT_YET_ADMITTED
TP07F484,00:D107:0:0:1,0x005107,C230,REP,IMM8,UNKNOWN,0,NONE,V05C-contexts.csv,SOURCE_PROVED_NOT_YET_ADMITTED
TP07F484,00:D109:0:0:0,0x005109,A90000,LDA,IMM_M,UNKNOWN,0,NONE,V05C-contexts.csv,SOURCE_PROVED_NOT_YET_ADMITTED
TP07F484,00:D10C:0:0:0,0x00510C,82940B,BRL,REL16,UNKNOWN,1,NONE,V05C-contexts.csv,SOURCE_PROVED_NOT_YET_ADMITTED
TP07F484,00:D10F:0:1:1,0x00510F,E230,SEP,IMM8,UNKNOWN|0,1,NONE,V05C-contexts.csv,SOURCE_PROVED_NOT_YET_ADMITTED
TP07F484,00:D111:0:1:1,0x005111,9C0404,STZ,ABS,UNKNOWN|0,1,DBR:0404,V05C-contexts.csv,SOURCE_PROVED_NOT_YET_ADMITTED
TP07F484,00:D114:0:1:1,0x005114,AD0404,LDA,ABS,UNKNOWN|0|1,UNKNOWN|1,DBR:0404,V05C-contexts.csv,SOURCE_PROVED_NOT_YET_ADMITTED
TP07F484,00:D117:0:1:1,0x005117,C904,CMP,IMM_M,UNKNOWN|0|1,UNKNOWN,NONE,V05C-contexts.csv,SOURCE_PROVED_NOT_YET_ADMITTED
TP07F484,00:D119:0:1:1,0x005119,9003,BCC,REL8,UNKNOWN,UNKNOWN,NONE,V05C-contexts.csv,SOURCE_PROVED_NOT_YET_ADMITTED
TP07F484,00:D11B:0:1:1,0x00511B,4C1CD9,JMP,ABS_JUMP,1,UNKNOWN,NONE,V05C-contexts.csv,SOURCE_PROVED_NOT_YET_ADMITTED
TP07F484,00:D11E:0:1:1,0x00511E,AC0404,LDY,ABS,0,UNKNOWN,DBR:0404,V05C-contexts.csv,SOURCE_PROVED_NOT_YET_ADMITTED
TP07F484,00:D121:0:1:1,0x005121,C230,REP,IMM8,0,UNKNOWN,NONE,V05C-contexts.csv,SOURCE_PROVED_NOT_YET_ADMITTED
TP07F484,00:D123:0:0:0,0x005123,98,TYA,IMP,0,UNKNOWN,NONE,V05C-contexts.csv,SOURCE_PROVED_NOT_YET_ADMITTED
TP07F484,00:D124:0:0:0,0x005124,0A,ASL,ACC,0,UNKNOWN,NONE,V05C-contexts.csv,SOURCE_PROVED_NOT_YET_ADMITTED
TP07F484,00:D125:0:0:0,0x005125,A8,TAY,IMP,UNKNOWN,UNKNOWN,NONE,V05C-contexts.csv,SOURCE_PROVED_NOT_YET_ADMITTED
TP07F484,00:D126:0:0:0,0x005126,BB,TYX,IMP,UNKNOWN,UNKNOWN,NONE,V05C-contexts.csv,SOURCE_PROVED_NOT_YET_ADMITTED
TP07F484,00:D127:0:0:0,0x005127,BF198E01,LDA,ABSL_X,UNKNOWN,UNKNOWN,01:8E19+X,V05C-contexts.csv,SOURCE_PROVED_NOT_YET_ADMITTED
TP07F484,00:D12B:0:0:0,0x00512B,A8,TAY,IMP,UNKNOWN,UNKNOWN,NONE,V05C-contexts.csv,SOURCE_PROVED_NOT_YET_ADMITTED
TP07F484,00:D12C:0:0:0,0x00512C,98,TYA,IMP,UNKNOWN,UNKNOWN,NONE,V05C-contexts.csv,SOURCE_PROVED_NOT_YET_ADMITTED
TP07F484,00:D12D:0:0:0,0x00512D,0A,ASL,ACC,UNKNOWN,UNKNOWN,NONE,V05C-contexts.csv,SOURCE_PROVED_NOT_YET_ADMITTED
TP07F484,00:D12E:0:0:0,0x00512E,0A,ASL,ACC,UNKNOWN,UNKNOWN,NONE,V05C-contexts.csv,SOURCE_PROVED_NOT_YET_ADMITTED
TP07F484,00:D12F:0:0:0,0x00512F,A8,TAY,IMP,UNKNOWN,UNKNOWN,NONE,V05C-contexts.csv,SOURCE_PROVED_NOT_YET_ADMITTED
TP07F484,00:D130:0:0:0,0x005130,8C8A07,STY,ABS,UNKNOWN,UNKNOWN,DBR:078A,V05C-contexts.csv,SOURCE_PROVED_NOT_YET_ADMITTED
TP07F484,00:D133:0:0:0,0x005133,A00200,LDY,IMM_X,UNKNOWN,UNKNOWN,NONE,V05C-contexts.csv,SOURCE_PROVED_NOT_YET_ADMITTED
TP07F484,00:D136:0:0:0,0x005136,AD4600,LDA,ABS,UNKNOWN,0,DBR:0046,V05C-contexts.csv,SOURCE_PROVED_NOT_YET_ADMITTED
TP07F484,00:D139:0:0:0,0x005139,8D8E07,STA,ABS,UNKNOWN,UNKNOWN,DBR:078E,V05C-contexts.csv,SOURCE_PROVED_NOT_YET_ADMITTED
TP07F484,00:D13C:0:0:0,0x00513C,18,CLC,IMP,UNKNOWN,UNKNOWN,NONE,V05C-contexts.csv,SOURCE_PROVED_NOT_YET_ADMITTED
TP07F484,00:D13D:0:0:0,0x00513D,6D8A07,ADC,ABS,0,UNKNOWN,DBR:078A,V05C-contexts.csv,SOURCE_PROVED_NOT_YET_ADMITTED
TP07F484,00:D140:0:0:0,0x005140,8D4600,STA,ABS,UNKNOWN,UNKNOWN,DBR:0046,V05C-contexts.csv,SOURCE_PROVED_NOT_YET_ADMITTED
TP07F484,00:D143:0:0:0,0x005143,E220,SEP,IMM8,UNKNOWN,UNKNOWN,NONE,V05C-contexts.csv,SOURCE_PROVED_NOT_YET_ADMITTED
TP07F484,00:D145:0:1:0,0x005145,C210,REP,IMM8,UNKNOWN,UNKNOWN,NONE,V05C-contexts.csv,SOURCE_PROVED_NOT_YET_ADMITTED
TP07F484,00:D147:0:1:0,0x005147,B746,LDA,DP_IND_LONG_Y,UNKNOWN,UNKNOWN,NONE,V05C-contexts.csv,SOURCE_PROVED_NOT_YET_ADMITTED
TP07F484,00:D149:0:1:0,0x005149,AC8E07,LDY,ABS,UNKNOWN,UNKNOWN,DBR:078E,V05C-contexts.csv,SOURCE_PROVED_NOT_YET_ADMITTED
TP07F484,00:D14C:0:1:0,0x00514C,8C4600,STY,ABS,UNKNOWN,UNKNOWN,DBR:0046,V05C-contexts.csv,SOURCE_PROVED_NOT_YET_ADMITTED
TP07F484,00:D14F:0:1:0,0x00514F,C9ED,CMP,IMM_M,UNKNOWN,UNKNOWN,NONE,V05C-contexts.csv,SOURCE_PROVED_NOT_YET_ADMITTED
TP07F484,00:D151:0:1:0,0x005151,F003,BEQ,REL8,UNKNOWN,UNKNOWN,NONE,V05C-contexts.csv,SOURCE_PROVED_NOT_YET_ADMITTED
TP07F484,00:D153:0:1:0,0x005153,82BA00,BRL,REL16,UNKNOWN,0,NONE,V05C-contexts.csv,SOURCE_PROVED_NOT_YET_ADMITTED
TP07F484,00:D156:0:1:0,0x005156,E230,SEP,IMM8,UNKNOWN,1,NONE,V05C-contexts.csv,SOURCE_PROVED_NOT_YET_ADMITTED
TP07F484,00:D158:0:1:1,0x005158,A018,LDY,IMM_X,UNKNOWN,1,NONE,V05C-contexts.csv,SOURCE_PROVED_NOT_YET_ADMITTED
TP07F484,00:D15A:0:1:1,0x00515A,B75B,LDA,DP_IND_LONG_Y,UNKNOWN,0,NONE,V05C-contexts.csv,SOURCE_PROVED_NOT_YET_ADMITTED
TP07F484,00:D15C:0:1:1,0x00515C,F04F,BEQ,REL8,UNKNOWN,UNKNOWN,NONE,V05C-contexts.csv,SOURCE_PROVED_NOT_YET_ADMITTED
TP07F484,00:D15E:0:1:1,0x00515E,E210,SEP,IMM8,UNKNOWN,0,NONE,V05C-contexts.csv,SOURCE_PROVED_NOT_YET_ADMITTED
TP07F484,00:D160:0:1:1,0x005160,C220,REP,IMM8,UNKNOWN,0,NONE,V05C-contexts.csv,SOURCE_PROVED_NOT_YET_ADMITTED
TP07F484,00:D162:0:0:1,0x005162,A072,LDY,IMM_X,UNKNOWN,0,NONE,V05C-contexts.csv,SOURCE_PROVED_NOT_YET_ADMITTED
TP07F484,00:D164:0:0:1,0x005164,B716,LDA,DP_IND_LONG_Y,UNKNOWN,0,NONE,V05C-contexts.csv,SOURCE_PROVED_NOT_YET_ADMITTED
TP07F484,00:D166:0:0:1,0x005166,3018,BMI,REL8,UNKNOWN,UNKNOWN,NONE,V05C-contexts.csv,SOURCE_PROVED_NOT_YET_ADMITTED
TP07F484,00:D168:0:0:1,0x005168,C230,REP,IMM8,UNKNOWN,UNKNOWN,NONE,V05C-contexts.csv,SOURCE_PROVED_NOT_YET_ADMITTED
TP07F484,00:D16A:0:0:0,0x00516A,AD5318,LDA,ABS,UNKNOWN,UNKNOWN,DBR:1853,V05C-contexts.csv,SOURCE_PROVED_NOT_YET_ADMITTED
TP07F484,00:D16D:0:0:0,0x00516D,E210,SEP,IMM8,UNKNOWN,UNKNOWN,NONE,V05C-contexts.csv,SOURCE_PROVED_NOT_YET_ADMITTED
TP07F484,00:D16F:0:0:1,0x00516F,C220,REP,IMM8,UNKNOWN,UNKNOWN,NONE,V05C-contexts.csv,SOURCE_PROVED_NOT_YET_ADMITTED
TP07F484,00:D171:0:0:1,0x005171,A072,LDY,IMM_X,UNKNOWN,UNKNOWN,NONE,V05C-contexts.csv,SOURCE_PROVED_NOT_YET_ADMITTED
TP07F484,00:D173:0:0:1,0x005173,D716,CMP,DP_IND_LONG_Y,UNKNOWN,0,NONE,V05C-contexts.csv,SOURCE_PROVED_NOT_YET_ADMITTED
TP07F484,00:D175:0:0:1,0x005175,F036,BEQ,REL8,UNKNOWN,UNKNOWN,NONE,V05C-contexts.csv,SOURCE_PROVED_NOT_YET_ADMITTED
TP07F484,00:D177:0:0:1,0x005177,9034,BCC,REL8,UNKNOWN,0,NONE,V05C-contexts.csv,SOURCE_PROVED_NOT_YET_ADMITTED
TP07F484,00:D179:0:0:1,0x005179,B716,LDA,DP_IND_LONG_Y,1,0,NONE,V05C-contexts.csv,SOURCE_PROVED_NOT_YET_ADMITTED
TP07F484,00:D17B:0:0:1,0x00517B,C9401F,CMP,IMM_M,1,UNKNOWN,NONE,V05C-contexts.csv,SOURCE_PROVED_NOT_YET_ADMITTED
TP07F484,00:D17E:0:0:1,0x00517E,B02D,BCS,REL8,UNKNOWN,UNKNOWN,NONE,V05C-contexts.csv,SOURCE_PROVED_NOT_YET_ADMITTED
TP07F484,00:D180:0:0:1,0x005180,A06D,LDY,IMM_X,UNKNOWN|0,UNKNOWN,NONE,V05C-contexts.csv,SOURCE_PROVED_NOT_YET_ADMITTED
TP07F484,00:D182:0:0:1,0x005182,B716,LDA,DP_IND_LONG_Y,UNKNOWN|0,0,NONE,V05C-contexts.csv,SOURCE_PROVED_NOT_YET_ADMITTED
TP07F484,00:D184:0:0:1,0x005184,8D8A07,STA,ABS,UNKNOWN|0,UNKNOWN,DBR:078A,V05C-contexts.csv,SOURCE_PROVED_NOT_YET_ADMITTED
TP07F484,00:D187:0:0:1,0x005187,A06F,LDY,IMM_X,UNKNOWN|0,UNKNOWN,NONE,V05C-contexts.csv,SOURCE_PROVED_NOT_YET_ADMITTED
TP07F484,00:D189:0:0:1,0x005189,B716,LDA,DP_IND_LONG_Y,UNKNOWN|0,0,NONE,V05C-contexts.csv,SOURCE_PROVED_NOT_YET_ADMITTED
TP07F484,00:D18B:0:0:1,0x00518B,8D8E07,STA,ABS,UNKNOWN|0,UNKNOWN,DBR:078E,V05C-contexts.csv,SOURCE_PROVED_NOT_YET_ADMITTED
TP07F484,00:D18E:0:0:1,0x00518E,AD301F,LDA,ABS,UNKNOWN|0,UNKNOWN,DBR:1F30,V05C-contexts.csv,SOURCE_PROVED_NOT_YET_ADMITTED
TP07F484,00:D191:0:0:1,0x005191,38,SEC,IMP,UNKNOWN|0,UNKNOWN,NONE,V05C-contexts.csv,SOURCE_PROVED_NOT_YET_ADMITTED
TP07F484,00:D192:0:0:1,0x005192,ED8A07,SBC,ABS,1,UNKNOWN,DBR:078A,V05C-contexts.csv,SOURCE_PROVED_NOT_YET_ADMITTED
TP07F484,00:D195:0:0:1,0x005195,8D8A07,STA,ABS,UNKNOWN,UNKNOWN,DBR:078A,V05C-contexts.csv,SOURCE_PROVED_NOT_YET_ADMITTED
TP07F484,00:D198:0:0:1,0x005198,AD321F,LDA,ABS,UNKNOWN,UNKNOWN,DBR:1F32,V05C-contexts.csv,SOURCE_PROVED_NOT_YET_ADMITTED
TP07F484,00:D19B:0:0:1,0x00519B,ED8E07,SBC,ABS,UNKNOWN,UNKNOWN,DBR:078E,V05C-contexts.csv,SOURCE_PROVED_NOT_YET_ADMITTED
TP07F484,00:D19E:0:0:1,0x00519E,8D8E07,STA,ABS,UNKNOWN,UNKNOWN,DBR:078E,V05C-contexts.csv,SOURCE_PROVED_NOT_YET_ADMITTED
TP07F484,00:D1A1:0:0:1,0x0051A1,306A,BMI,REL8,UNKNOWN,UNKNOWN,NONE,V05C-contexts.csv,SOURCE_PROVED_NOT_YET_ADMITTED
TP07F484,00:D1A3:0:0:1,0x0051A3,D008,BNE,REL8,UNKNOWN,UNKNOWN,NONE,V05C-contexts.csv,SOURCE_PROVED_NOT_YET_ADMITTED
TP07F484,00:D1A5:0:0:1,0x0051A5,AD8A07,LDA,ABS,UNKNOWN,1,DBR:078A,V05C-contexts.csv,SOURCE_PROVED_NOT_YET_ADMITTED
TP07F484,00:D1A8:0:0:1,0x0051A8,C9A00F,CMP,IMM_M,UNKNOWN,UNKNOWN,NONE,V05C-contexts.csv,SOURCE_PROVED_NOT_YET_ADMITTED
TP07F484,00:D1AB:0:0:1,0x0051AB,9060,BCC,REL8,UNKNOWN,UNKNOWN,NONE,V05C-contexts.csv,SOURCE_PROVED_NOT_YET_ADMITTED
TP07F484,00:D1AD:0:0:1,0x0051AD,E230,SEP,IMM8,UNKNOWN|0|1,UNKNOWN|0|1,NONE,V05C-contexts.csv,SOURCE_PROVED_NOT_YET_ADMITTED
TP07F484,00:D1AD:0:1:1,0x0051AD,E230,SEP,IMM8,UNKNOWN,1,NONE,V05C-contexts.csv,SOURCE_PROVED_NOT_YET_ADMITTED
TP07F484,00:D1AF:0:1:1,0x0051AF,A010,LDY,IMM_X,UNKNOWN|0|1,UNKNOWN|0|1,NONE,V05C-contexts.csv,SOURCE_PROVED_NOT_YET_ADMITTED
TP07F484,00:D1B1:0:1:1,0x0051B1,A91E,LDA,IMM_M,UNKNOWN|0|1,0,NONE,V05C-contexts.csv,SOURCE_PROVED_NOT_YET_ADMITTED
TP07F484,00:D1B3:0:1:1,0x0051B3,9716,STA,DP_IND_LONG_Y,UNKNOWN|0|1,0,NONE,V05C-contexts.csv,SOURCE_PROVED_NOT_YET_ADMITTED
TP07F484,00:D1B5:0:1:1,0x0051B5,AD0404,LDA,ABS,UNKNOWN|0|1,0,DBR:0404,V05C-contexts.csv,SOURCE_PROVED_NOT_YET_ADMITTED
TP07F484,00:D1B8:0:1:1,0x0051B8,CD0104,CMP,ABS,UNKNOWN|0|1,UNKNOWN,DBR:0401,V05C-contexts.csv,SOURCE_PROVED_NOT_YET_ADMITTED
TP07F484,00:D1BB:0:1:1,0x0051BB,F048,BEQ,REL8,UNKNOWN,UNKNOWN,NONE,V05C-contexts.csv,SOURCE_PROVED_NOT_YET_ADMITTED
TP07F484,00:D1BD:0:1:1,0x0051BD,A016,LDY,IMM_X,UNKNOWN,0,NONE,V05C-contexts.csv,SOURCE_PROVED_NOT_YET_ADMITTED
TP07F484,00:D1BF:0:1:1,0x0051BF,9716,STA,DP_IND_LONG_Y,UNKNOWN,0,NONE,V05C-contexts.csv,SOURCE_PROVED_NOT_YET_ADMITTED
TP07F484,00:D1C1:0:1:1,0x0051C1,C230,REP,IMM8,UNKNOWN,0,NONE,V05C-contexts.csv,SOURCE_PROVED_NOT_YET_ADMITTED
TP07F484,00:D1C3:0:0:0,0x0051C3,A05A00,LDY,IMM_X,UNKNOWN,0,NONE,V05C-contexts.csv,SOURCE_PROVED_NOT_YET_ADMITTED
TP07F484,00:D1C6:0:0:0,0x0051C6,B716,LDA,DP_IND_LONG_Y,UNKNOWN,0,NONE,V05C-contexts.csv,SOURCE_PROVED_NOT_YET_ADMITTED
TP07F484,00:D1C8:0:0:0,0x0051C8,29FF00,AND,IMM_M,UNKNOWN,UNKNOWN,NONE,V05C-contexts.csv,SOURCE_PROVED_NOT_YET_ADMITTED
TP07F484,00:D1CB:0:0:0,0x0051CB,A8,TAY,IMP,UNKNOWN,UNKNOWN,NONE,V05C-contexts.csv,SOURCE_PROVED_NOT_YET_ADMITTED
TP07F484,00:D1CC:0:0:0,0x0051CC,98,TYA,IMP,UNKNOWN,UNKNOWN,NONE,V05C-contexts.csv,SOURCE_PROVED_NOT_YET_ADMITTED
TP07F484,00:D1CD:0:0:0,0x0051CD,A92400,LDA,IMM_M,UNKNOWN,UNKNOWN,NONE,V05C-contexts.csv,SOURCE_PROVED_NOT_YET_ADMITTED
TP07F484,00:D1D0:0:0:0,0x0051D0,22A78004,JSL,ABSL_JUMP,UNKNOWN,0,NONE,V05C-contexts.csv,SOURCE_PROVED_NOT_YET_ADMITTED
TP07F484,00:D1D4:0:0:0,0x0051D4,A8,TAY,IMP,UNKNOWN,UNKNOWN,NONE,V05C-contexts.csv,SOURCE_PROVED_NOT_YET_ADMITTED
TP07F484,00:D1D5:0:0:0,0x0051D5,8D6400,STA,ABS,UNKNOWN,UNKNOWN,DBR:0064,V05C-contexts.csv,SOURCE_PROVED_NOT_YET_ADMITTED
TP07F484,00:D1D8:0:0:0,0x0051D8,A90000,LDA,IMM_M,UNKNOWN,UNKNOWN,NONE,V05C-contexts.csv,SOURCE_PROVED_NOT_YET_ADMITTED
TP07F484,00:D1DB:0:0:0,0x0051DB,0A,ASL,ACC,UNKNOWN,1,NONE,V05C-contexts.csv,SOURCE_PROVED_NOT_YET_ADMITTED
TP07F484,00:D1DC:0:0:0,0x0051DC,18,CLC,IMP,UNKNOWN,UNKNOWN,NONE,V05C-contexts.csv,SOURCE_PROVED_NOT_YET_ADMITTED
TP07F484,00:D1DD:0:0:0,0x0051DD,6D6400,ADC,ABS,0,UNKNOWN,DBR:0064,V05C-contexts.csv,SOURCE_PROVED_NOT_YET_ADMITTED
TP07F484,00:D1E0:0:0:0,0x0051E0,8D6400,STA,ABS,UNKNOWN,UNKNOWN,DBR:0064,V05C-contexts.csv,SOURCE_PROVED_NOT_YET_ADMITTED
TP07F484,00:D1E3:0:0:0,0x0051E3,AA,TAX,IMP,UNKNOWN,UNKNOWN,NONE,V05C-contexts.csv,SOURCE_PROVED_NOT_YET_ADMITTED
TP07F484,00:D1E4:0:0:0,0x0051E4,BF16C301,LDA,ABSL_X,UNKNOWN,UNKNOWN,01:C316+X,V05C-contexts.csv,SOURCE_PROVED_NOT_YET_ADMITTED
TP07F484,00:D1E8:0:0:0,0x0051E8,8D6400,STA,ABS,UNKNOWN,UNKNOWN,DBR:0064,V05C-contexts.csv,SOURCE_PROVED_NOT_YET_ADMITTED
TP07F484,00:D1EB:0:0:0,0x0051EB,A01600,LDY,IMM_X,UNKNOWN,UNKNOWN,NONE,V05C-contexts.csv,SOURCE_PROVED_NOT_YET_ADMITTED
TP07F484,00:D1EE:0:0:0,0x0051EE,B716,LDA,DP_IND_LONG_Y,UNKNOWN,0,NONE,V05C-contexts.csv,SOURCE_PROVED_NOT_YET_ADMITTED
TP07F484,00:D1F0:0:0:0,0x0051F0,29FF00,AND,IMM_M,UNKNOWN,UNKNOWN,NONE,V05C-contexts.csv,SOURCE_PROVED_NOT_YET_ADMITTED
TP07F484,00:D1F3:0:0:0,0x0051F3,18,CLC,IMP,UNKNOWN,UNKNOWN,NONE,V05C-contexts.csv,SOURCE_PROVED_NOT_YET_ADMITTED
TP07F484,00:D1F4:0:0:0,0x0051F4,6D6400,ADC,ABS,0,UNKNOWN,DBR:0064,V05C-contexts.csv,SOURCE_PROVED_NOT_YET_ADMITTED
TP07F484,00:D1F7:0:0:0,0x0051F7,0A,ASL,ACC,UNKNOWN,UNKNOWN,NONE,V05C-contexts.csv,SOURCE_PROVED_NOT_YET_ADMITTED
TP07F484,00:D1F8:0:0:0,0x0051F8,AA,TAX,IMP,UNKNOWN,UNKNOWN,NONE,V05C-contexts.csv,SOURCE_PROVED_NOT_YET_ADMITTED
TP07F484,00:D1F9:0:0:0,0x0051F9,BFC29305,LDA,ABSL_X,UNKNOWN,UNKNOWN,05:93C2+X,V05C-contexts.csv,SOURCE_PROVED_NOT_YET_ADMITTED
TP07F484,00:D1FD:0:0:0,0x0051FD,E210,SEP,IMM8,UNKNOWN,UNKNOWN,NONE,V05C-contexts.csv,SOURCE_PROVED_NOT_YET_ADMITTED
TP07F484,00:D1FF:0:0:1,0x0051FF,C220,REP,IMM8,UNKNOWN,UNKNOWN,NONE,V05C-contexts.csv,SOURCE_PROVED_NOT_YET_ADMITTED
TP07F484,00:D201:0:0:1,0x005201,A00E,LDY,IMM_X,UNKNOWN,UNKNOWN,NONE,V05C-contexts.csv,SOURCE_PROVED_NOT_YET_ADMITTED
TP07F484,00:D203:0:0:1,0x005203,9716,STA,DP_IND_LONG_Y,UNKNOWN,0,NONE,V05C-contexts.csv,SOURCE_PROVED_NOT_YET_ADMITTED
TP07F484,00:D205:0:0:1,0x005205,C230,REP,IMM8,UNKNOWN,0,NONE,V05C-contexts.csv,SOURCE_PROVED_NOT_YET_ADMITTED
TP07F484,00:D205:0:1:1,0x005205,C230,REP,IMM8,UNKNOWN,1,NONE,V05C-contexts.csv,SOURCE_PROVED_NOT_YET_ADMITTED
TP07F484,00:D207:0:0:0,0x005207,A90100,LDA,IMM_M,UNKNOWN,0|1,NONE,V05C-contexts.csv,SOURCE_PROVED_NOT_YET_ADMITTED
TP07F484,00:D20A:0:0:0,0x00520A,82960A,BRL,REL16,UNKNOWN,0,NONE,V05C-contexts.csv,SOURCE_PROVED_NOT_YET_ADMITTED
TP07F484,00:D20D:0:0:1,0x00520D,820407,BRL,REL16,UNKNOWN|0,UNKNOWN,NONE,V05C-contexts.csv,SOURCE_PROVED_NOT_YET_ADMITTED
TP07F484,00:D210:0:1:0,0x005210,E230,SEP,IMM8,UNKNOWN,0,NONE,V05C-contexts.csv,SOURCE_PROVED_NOT_YET_ADMITTED
TP07F484,00:D212:0:1:1,0x005212,AD0104,LDA,ABS,UNKNOWN,0,DBR:0401,V05C-contexts.csv,SOURCE_PROVED_NOT_YET_ADMITTED
TP07F484,00:D215:0:1:1,0x005215,0A,ASL,ACC,UNKNOWN,UNKNOWN,NONE,V05C-contexts.csv,SOURCE_PROVED_NOT_YET_ADMITTED
TP07F484,00:D216:0:1:1,0x005216,AA,TAX,IMP,UNKNOWN,UNKNOWN,NONE,V05C-contexts.csv,SOURCE_PROVED_NOT_YET_ADMITTED
TP07F484,00:D217:0:1:1,0x005217,BFE38D01,LDA,ABSL_X,UNKNOWN,UNKNOWN,01:8DE3+X,V05C-contexts.csv,SOURCE_PROVED_NOT_YET_ADMITTED
TP07F484,00:D21B:0:1:1,0x00521B,CD0404,CMP,ABS,UNKNOWN,UNKNOWN,DBR:0404,V05C-contexts.csv,SOURCE_PROVED_NOT_YET_ADMITTED
TP07F484,00:D21E:0:1:1,0x00521E,D003,BNE,REL8,UNKNOWN,UNKNOWN,NONE,V05C-contexts.csv,SOURCE_PROVED_NOT_YET_ADMITTED
TP07F484,00:D220:0:1:1,0x005220,82F106,BRL,REL16,UNKNOWN,1,NONE,V05C-contexts.csv,SOURCE_PROVED_NOT_YET_ADMITTED
TP07F484,00:D223:0:1:1,0x005223,E230,SEP,IMM8,UNKNOWN,0,NONE,V05C-contexts.csv,SOURCE_PROVED_NOT_YET_ADMITTED
TP07F484,00:D225:0:1:1,0x005225,AC0404,LDY,ABS,UNKNOWN,0,DBR:0404,V05C-contexts.csv,SOURCE_PROVED_NOT_YET_ADMITTED
TP07F484,00:D228:0:1:1,0x005228,C230,REP,IMM8,UNKNOWN,UNKNOWN,NONE,V05C-contexts.csv,SOURCE_PROVED_NOT_YET_ADMITTED
TP07F484,00:D22A:0:0:0,0x00522A,98,TYA,IMP,UNKNOWN,UNKNOWN,NONE,V05C-contexts.csv,SOURCE_PROVED_NOT_YET_ADMITTED
TP07F484,00:D22B:0:0:0,0x00522B,0A,ASL,ACC,UNKNOWN,UNKNOWN,NONE,V05C-contexts.csv,SOURCE_PROVED_NOT_YET_ADMITTED
TP07F484,00:D22C:0:0:0,0x00522C,A8,TAY,IMP,UNKNOWN,UNKNOWN,NONE,V05C-contexts.csv,SOURCE_PROVED_NOT_YET_ADMITTED
TP07F484,00:D22D:0:0:0,0x00522D,AA,TAX,IMP,UNKNOWN,UNKNOWN,NONE,V05C-contexts.csv,SOURCE_PROVED_NOT_YET_ADMITTED
TP07F484,00:D22E:0:0:0,0x00522E,BF198E01,LDA,ABSL_X,UNKNOWN,UNKNOWN,01:8E19+X,V05C-contexts.csv,SOURCE_PROVED_NOT_YET_ADMITTED
TP07F484,00:D232:0:0:0,0x005232,A8,TAY,IMP,UNKNOWN,UNKNOWN,NONE,V05C-contexts.csv,SOURCE_PROVED_NOT_YET_ADMITTED
TP07F484,00:D233:0:0:0,0x005233,98,TYA,IMP,UNKNOWN,UNKNOWN,NONE,V05C-contexts.csv,SOURCE_PROVED_NOT_YET_ADMITTED
TP07F484,00:D234:0:0:0,0x005234,0A,ASL,ACC,UNKNOWN,UNKNOWN,NONE,V05C-contexts.csv,SOURCE_PROVED_NOT_YET_ADMITTED
TP07F484,00:D235:0:0:0,0x005235,0A,ASL,ACC,UNKNOWN,UNKNOWN,NONE,V05C-contexts.csv,SOURCE_PROVED_NOT_YET_ADMITTED
TP07F484,00:D236:0:0:0,0x005236,A8,TAY,IMP,UNKNOWN,UNKNOWN,NONE,V05C-contexts.csv,SOURCE_PROVED_NOT_YET_ADMITTED
TP07F484,00:D237:0:0:0,0x005237,8C8E07,STY,ABS,UNKNOWN,UNKNOWN,DBR:078E,V05C-contexts.csv,SOURCE_PROVED_NOT_YET_ADMITTED
TP07F484,00:D23A:0:0:0,0x00523A,A00200,LDY,IMM_X,UNKNOWN,UNKNOWN,NONE,V05C-contexts.csv,SOURCE_PROVED_NOT_YET_ADMITTED
TP07F484,00:D23D:0:0:0,0x00523D,AD4600,LDA,ABS,UNKNOWN,0,DBR:0046,V05C-contexts.csv,SOURCE_PROVED_NOT_YET_ADMITTED
TP07F484,00:D240:0:0:0,0x005240,8D8A07,STA,ABS,UNKNOWN,UNKNOWN,DBR:078A,V05C-contexts.csv,SOURCE_PROVED_NOT_YET_ADMITTED
TP07F484,00:D243:0:0:0,0x005243,18,CLC,IMP,UNKNOWN,UNKNOWN,NONE,V05C-contexts.csv,SOURCE_PROVED_NOT_YET_ADMITTED
TP07F484,00:D244:0:0:0,0x005244,6D8E07,ADC,ABS,0,UNKNOWN,DBR:078E,V05C-contexts.csv,SOURCE_PROVED_NOT_YET_ADMITTED
TP07F484,00:D247:0:0:0,0x005247,8D4600,STA,ABS,UNKNOWN,UNKNOWN,DBR:0046,V05C-contexts.csv,SOURCE_PROVED_NOT_YET_ADMITTED
TP07F484,00:D24A:0:0:0,0x00524A,E220,SEP,IMM8,UNKNOWN,UNKNOWN,NONE,V05C-contexts.csv,SOURCE_PROVED_NOT_YET_ADMITTED
TP07F484,00:D24C:0:1:0,0x00524C,C210,REP,IMM8,UNKNOWN,UNKNOWN,NONE,V05C-contexts.csv,SOURCE_PROVED_NOT_YET_ADMITTED
TP07F484,00:D24E:0:1:0,0x00524E,B746,LDA,DP_IND_LONG_Y,UNKNOWN,UNKNOWN,NONE,V05C-contexts.csv,SOURCE_PROVED_NOT_YET_ADMITTED
TP07F484,00:D250:0:1:0,0x005250,AC8A07,LDY,ABS,UNKNOWN,UNKNOWN,DBR:078A,V05C-contexts.csv,SOURCE_PROVED_NOT_YET_ADMITTED
TP07F484,00:D253:0:1:0,0x005253,8C4600,STY,ABS,UNKNOWN,UNKNOWN,DBR:0046,V05C-contexts.csv,SOURCE_PROVED_NOT_YET_ADMITTED
TP07F484,00:D256:0:1:0,0x005256,C230,REP,IMM8,UNKNOWN,UNKNOWN,NONE,V05C-contexts.csv,SOURCE_PROVED_NOT_YET_ADMITTED
TP07F484,00:D258:0:0:0,0x005258,29FF00,AND,IMM_M,UNKNOWN,UNKNOWN,NONE,V05C-contexts.csv,SOURCE_PROVED_NOT_YET_ADMITTED
TP07F484,00:D25B:0:0:0,0x00525B,A8,TAY,IMP,UNKNOWN,UNKNOWN,NONE,V05C-contexts.csv,SOURCE_PROVED_NOT_YET_ADMITTED
TP07F484,00:D25C:0:0:0,0x00525C,98,TYA,IMP,UNKNOWN,UNKNOWN,NONE,V05C-contexts.csv,SOURCE_PROVED_NOT_YET_ADMITTED
TP07F484,00:D25D:0:0:0,0x00525D,0A,ASL,ACC,UNKNOWN,UNKNOWN,NONE,V05C-contexts.csv,SOURCE_PROVED_NOT_YET_ADMITTED
TP07F484,00:D25E:0:0:0,0x00525E,0A,ASL,ACC,UNKNOWN,UNKNOWN,NONE,V05C-contexts.csv,SOURCE_PROVED_NOT_YET_ADMITTED
TP07F484,00:D25F:0:0:0,0x00525F,A8,TAY,IMP,UNKNOWN,UNKNOWN,NONE,V05C-contexts.csv,SOURCE_PROVED_NOT_YET_ADMITTED
TP07F484,00:D260:0:0:0,0x005260,BB,TYX,IMP,UNKNOWN,UNKNOWN,NONE,V05C-contexts.csv,SOURCE_PROVED_NOT_YET_ADMITTED
TP07F484,00:D261:0:0:0,0x005261,BFB78801,LDA,ABSL_X,UNKNOWN,UNKNOWN,01:88B7+X,V05C-contexts.csv,SOURCE_PROVED_NOT_YET_ADMITTED
TP07F484,00:D265:0:0:0,0x005265,8D1D04,STA,ABS,UNKNOWN,UNKNOWN,DBR:041D,V05C-contexts.csv,SOURCE_PROVED_NOT_YET_ADMITTED
TP07F484,00:D268:0:0:0,0x005268,298000,AND,IMM_M,UNKNOWN,UNKNOWN,NONE,V05C-contexts.csv,SOURCE_PROVED_NOT_YET_ADMITTED
TP07F484,00:D26B:0:0:0,0x00526B,D003,BNE,REL8,UNKNOWN,UNKNOWN,NONE,V05C-contexts.csv,SOURCE_PROVED_NOT_YET_ADMITTED
TP07F484,00:D26D:0:0:0,0x00526D,824201,BRL,REL16,UNKNOWN,1,NONE,V05C-contexts.csv,SOURCE_PROVED_NOT_YET_ADMITTED
TP07F484,00:D270:0:0:0,0x005270,E230,SEP,IMM8,UNKNOWN,0,NONE,V05C-contexts.csv,SOURCE_PROVED_NOT_YET_ADMITTED
TP07F484,00:D272:0:1:1,0x005272,A051,LDY,IMM_X,UNKNOWN,0,NONE,V05C-contexts.csv,SOURCE_PROVED_NOT_YET_ADMITTED
TP07F484,00:D274:0:1:1,0x005274,B716,LDA,DP_IND_LONG_Y,UNKNOWN,0,NONE,V05C-contexts.csv,SOURCE_PROVED_NOT_YET_ADMITTED
TP07F484,00:D276:0:1:1,0x005276,C9FF,CMP,IMM_M,UNKNOWN,UNKNOWN,NONE,V05C-contexts.csv,SOURCE_PROVED_NOT_YET_ADMITTED
TP07F484,00:D278:0:1:1,0x005278,F003,BEQ,REL8,UNKNOWN,UNKNOWN,NONE,V05C-contexts.csv,SOURCE_PROVED_NOT_YET_ADMITTED
TP07F484,00:D27A:0:1:1,0x00527A,823201,BRL,REL16,UNKNOWN,0,NONE,V05C-contexts.csv,SOURCE_PROVED_NOT_YET_ADMITTED
TP07F484,00:D27D:0:1:1,0x00527D,A018,LDY,IMM_X,UNKNOWN,1,NONE,V05C-contexts.csv,SOURCE_PROVED_NOT_YET_ADMITTED
TP07F484,00:D27F:0:1:1,0x00527F,B75B,LDA,DP_IND_LONG_Y,UNKNOWN,0,NONE,V05C-contexts.csv,SOURCE_PROVED_NOT_YET_ADMITTED
TP07F484,00:D281:0:1:1,0x005281,D017,BNE,REL8,UNKNOWN,UNKNOWN,NONE,V05C-contexts.csv,SOURCE_PROVED_NOT_YET_ADMITTED
TP07F484,00:D283:0:1:1,0x005283,E230,SEP,IMM8,UNKNOWN,1,NONE,V05C-contexts.csv,SOURCE_PROVED_NOT_YET_ADMITTED
TP07F484,00:D285:0:1:1,0x005285,A016,LDY,IMM_X,UNKNOWN,1,NONE,V05C-contexts.csv,SOURCE_PROVED_NOT_YET_ADMITTED
TP07F484,00:D287:0:1:1,0x005287,B716,LDA,DP_IND_LONG_Y,UNKNOWN,0,NONE,V05C-contexts.csv,SOURCE_PROVED_NOT_YET_ADMITTED
TP07F484,00:D289:0:1:1,0x005289,AA,TAX,IMP,UNKNOWN,UNKNOWN,NONE,V05C-contexts.csv,SOURCE_PROVED_NOT_YET_ADMITTED
TP07F484,00:D28A:0:1:1,0x00528A,A901,LDA,IMM_M,UNKNOWN,UNKNOWN,NONE,V05C-contexts.csv,SOURCE_PROVED_NOT_YET_ADMITTED
TP07F484,00:D28C:0:1:1,0x00528C,E000,CPX,IMM_X,UNKNOWN,0,NONE,V05C-contexts.csv,SOURCE_PROVED_NOT_YET_ADMITTED
TP07F484,00:D28E:0:1:1,0x00528E,F004,BEQ,REL8,UNKNOWN,UNKNOWN,NONE,V05C-contexts.csv,SOURCE_PROVED_NOT_YET_ADMITTED
TP07F484,00:D290:0:1:1,0x005290,0A,ASL,ACC,UNKNOWN,0,NONE,V05C-contexts.csv,SOURCE_PROVED_NOT_YET_ADMITTED
TP07F484,00:D291:0:1:1,0x005291,CA,DEX,IMP,UNKNOWN,UNKNOWN,NONE,V05C-contexts.csv,SOURCE_PROVED_NOT_YET_ADMITTED
TP07F484,00:D292:0:1:1,0x005292,D0FC,BNE,REL8,UNKNOWN,UNKNOWN,NONE,V05C-contexts.csv,SOURCE_PROVED_NOT_YET_ADMITTED
TP07F484,00:D294:0:1:1,0x005294,8D0004,STA,ABS,UNKNOWN,1,DBR:0400,V05C-contexts.csv,SOURCE_PROVED_NOT_YET_ADMITTED
TP07F484,00:D297:0:1:1,0x005297,821501,BRL,REL16,UNKNOWN,1,NONE,V05C-contexts.csv,SOURCE_PROVED_NOT_YET_ADMITTED
TP07F484,00:D29A:0:1:1,0x00529A,E230,SEP,IMM8,UNKNOWN,0,NONE,V05C-contexts.csv,SOURCE_PROVED_NOT_YET_ADMITTED
TP07F484,00:D29C:0:1:1,0x00529C,AD0404,LDA,ABS,UNKNOWN,0,DBR:0404,V05C-contexts.csv,SOURCE_PROVED_NOT_YET_ADMITTED
TP07F484,00:D29F:0:1:1,0x00529F,C902,CMP,IMM_M,UNKNOWN,UNKNOWN,NONE,V05C-contexts.csv,SOURCE_PROVED_NOT_YET_ADMITTED
TP07F484,00:D2A1:0:1:1,0x0052A1,B03E,BCS,REL8,UNKNOWN,UNKNOWN,NONE,V05C-contexts.csv,SOURCE_PROVED_NOT_YET_ADMITTED
TP07F484,00:D2A3:0:1:1,0x0052A3,E210,SEP,IMM8,0,UNKNOWN,NONE,V05C-contexts.csv,SOURCE_PROVED_NOT_YET_ADMITTED
TP07F484,00:D2A5:0:1:1,0x0052A5,C220,REP,IMM8,0,UNKNOWN,NONE,V05C-contexts.csv,SOURCE_PROVED_NOT_YET_ADMITTED
TP07F484,00:D2A7:0:0:1,0x0052A7,A017,LDY,IMM_X,0,UNKNOWN,NONE,V05C-contexts.csv,SOURCE_PROVED_NOT_YET_ADMITTED
TP07F484,00:D2A9:0:0:1,0x0052A9,B716,LDA,DP_IND_LONG_Y,0,0,NONE,V05C-contexts.csv,SOURCE_PROVED_NOT_YET_ADMITTED
TP07F484,00:D2AB:0:0:1,0x0052AB,AA,TAX,IMP,0,UNKNOWN,NONE,V05C-contexts.csv,SOURCE_PROVED_NOT_YET_ADMITTED
TP07F484,00:D2AC:0:0:1,0x0052AC,A00A,LDY,IMM_X,0,UNKNOWN,NONE,V05C-contexts.csv,SOURCE_PROVED_NOT_YET_ADMITTED
TP07F484,00:D2AE:0:0:1,0x0052AE,B716,LDA,DP_IND_LONG_Y,0,0,NONE,V05C-contexts.csv,SOURCE_PROVED_NOT_YET_ADMITTED
TP07F484,00:D2B0:0:0:1,0x0052B0,29FF00,AND,IMM_M,0,UNKNOWN,NONE,V05C-contexts.csv,SOURCE_PROVED_NOT_YET_ADMITTED
TP07F484,00:D2B3:0:0:1,0x0052B3,C90000,CMP,IMM_M,0,UNKNOWN,NONE,V05C-contexts.csv,SOURCE_PROVED_NOT_YET_ADMITTED
TP07F484,00:D2B6:0:0:1,0x0052B6,F01C,BEQ,REL8,UNKNOWN,UNKNOWN,NONE,V05C-contexts.csv,SOURCE_PROVED_NOT_YET_ADMITTED
TP07F484,00:D2B8:0:0:1,0x0052B8,E000,CPX,IMM_X,UNKNOWN,0,NONE,V05C-contexts.csv,SOURCE_PROVED_NOT_YET_ADMITTED
TP07F484,00:D2BA:0:0:1,0x0052BA,F018,BEQ,REL8,UNKNOWN,UNKNOWN,NONE,V05C-contexts.csv,SOURCE_PROVED_NOT_YET_ADMITTED
TP07F484,00:D2BC:0:0:1,0x0052BC,8D0442,STA,ABS,UNKNOWN,0,DBR:4204,V05C-contexts.csv,SOURCE_PROVED_NOT_YET_ADMITTED
TP07F484,00:D2BF:0:0:1,0x0052BF,8E0642,STX,ABS,UNKNOWN,0,DBR:4206,V05C-contexts.csv,SOURCE_PROVED_NOT_YET_ADMITTED
TP07F484,00:D2C2:0:0:1,0x0052C2,EA,NOP,IMP,UNKNOWN,0,NONE,V05C-contexts.csv,SOURCE_PROVED_NOT_YET_ADMITTED
TP07F484,00:D2C3:0:0:1,0x0052C3,EA,NOP,IMP,UNKNOWN,0,NONE,V05C-contexts.csv,SOURCE_PROVED_NOT_YET_ADMITTED
TP07F484,00:D2C4:0:0:1,0x0052C4,EA,NOP,IMP,UNKNOWN,0,NONE,V05C-contexts.csv,SOURCE_PROVED_NOT_YET_ADMITTED
TP07F484,00:D2C5:0:0:1,0x0052C5,EA,NOP,IMP,UNKNOWN,0,NONE,V05C-contexts.csv,SOURCE_PROVED_NOT_YET_ADMITTED
TP07F484,00:D2C6:0:0:1,0x0052C6,EA,NOP,IMP,UNKNOWN,0,NONE,V05C-contexts.csv,SOURCE_PROVED_NOT_YET_ADMITTED
TP07F484,00:D2C7:0:0:1,0x0052C7,EA,NOP,IMP,UNKNOWN,0,NONE,V05C-contexts.csv,SOURCE_PROVED_NOT_YET_ADMITTED
TP07F484,00:D2C8:0:0:1,0x0052C8,EA,NOP,IMP,UNKNOWN,0,NONE,V05C-contexts.csv,SOURCE_PROVED_NOT_YET_ADMITTED
TP07F484,00:D2C9:0:0:1,0x0052C9,EA,NOP,IMP,UNKNOWN,0,NONE,V05C-contexts.csv,SOURCE_PROVED_NOT_YET_ADMITTED
TP07F484,00:D2CA:0:0:1,0x0052CA,C230,REP,IMM8,UNKNOWN,0,NONE,V05C-contexts.csv,SOURCE_PROVED_NOT_YET_ADMITTED
TP07F484,00:D2CC:0:0:0,0x0052CC,AD1442,LDA,ABS,UNKNOWN,0,DBR:4214,V05C-contexts.csv,SOURCE_PROVED_NOT_YET_ADMITTED
TP07F484,00:D2CF:0:0:0,0x0052CF,AE1642,LDX,ABS,UNKNOWN,UNKNOWN,DBR:4216,V05C-contexts.csv,SOURCE_PROVED_NOT_YET_ADMITTED
TP07F484,00:D2D2:0:0:0,0x0052D2,8006,BRA,REL8,UNKNOWN,UNKNOWN,NONE,V05C-contexts.csv,SOURCE_PROVED_NOT_YET_ADMITTED
TP07F484,00:D2D4:0:0:1,0x0052D4,C230,REP,IMM8,UNKNOWN,1,NONE,V05C-contexts.csv,SOURCE_PROVED_NOT_YET_ADMITTED
TP07F484,00:D2D6:0:0:0,0x0052D6,A90000,LDA,IMM_M,UNKNOWN,1,NONE,V05C-contexts.csv,SOURCE_PROVED_NOT_YET_ADMITTED
TP07F484,00:D2D9:0:0:0,0x0052D9,AA,TAX,IMP,UNKNOWN,1,NONE,V05C-contexts.csv,SOURCE_PROVED_NOT_YET_ADMITTED
TP07F484,00:D2DA:0:0:0,0x0052DA,A01800,LDY,IMM_X,UNKNOWN,UNKNOWN,NONE,V05C-contexts.csv,SOURCE_PROVED_NOT_YET_ADMITTED
TP07F484,00:D2DD:0:0:0,0x0052DD,9716,STA,DP_IND_LONG_Y,UNKNOWN,0,NONE,V05C-contexts.csv,SOURCE_PROVED_NOT_YET_ADMITTED
TP07F484,00:D2DF:0:0:0,0x0052DF,804A,BRA,REL8,UNKNOWN,0,NONE,V05C-contexts.csv,SOURCE_PROVED_NOT_YET_ADMITTED
TP07F484,00:D2E1:0:1:1,0x0052E1,C904,CMP,IMM_M,1,UNKNOWN,NONE,V05C-contexts.csv,SOURCE_PROVED_NOT_YET_ADMITTED
TP07F484,00:D2E3:0:1:1,0x0052E3,B046,BCS,REL8,UNKNOWN,UNKNOWN,NONE,V05C-contexts.csv,SOURCE_PROVED_NOT_YET_ADMITTED
TP07F484,00:D2E5:0:1:1,0x0052E5,E210,SEP,IMM8,0,UNKNOWN,NONE,V05C-contexts.csv,SOURCE_PROVED_NOT_YET_ADMITTED
TP07F484,00:D2E7:0:1:1,0x0052E7,C220,REP,IMM8,0,UNKNOWN,NONE,V05C-contexts.csv,SOURCE_PROVED_NOT_YET_ADMITTED
TP07F484,00:D2E9:0:0:1,0x0052E9,A017,LDY,IMM_X,0,UNKNOWN,NONE,V05C-contexts.csv,SOURCE_PROVED_NOT_YET_ADMITTED
TP07F484,00:D2EB:0:0:1,0x0052EB,B716,LDA,DP_IND_LONG_Y,0,0,NONE,V05C-contexts.csv,SOURCE_PROVED_NOT_YET_ADMITTED
TP07F484,00:D2ED:0:0:1,0x0052ED,AA,TAX,IMP,0,UNKNOWN,NONE,V05C-contexts.csv,SOURCE_PROVED_NOT_YET_ADMITTED
TP07F484,00:D2EE:0:0:1,0x0052EE,A00A,LDY,IMM_X,0,UNKNOWN,NONE,V05C-contexts.csv,SOURCE_PROVED_NOT_YET_ADMITTED
TP07F484,00:D2F0:0:0:1,0x0052F0,B716,LDA,DP_IND_LONG_Y,0,0,NONE,V05C-contexts.csv,SOURCE_PROVED_NOT_YET_ADMITTED
TP07F484,00:D2F2:0:0:1,0x0052F2,29FF00,AND,IMM_M,0,UNKNOWN,NONE,V05C-contexts.csv,SOURCE_PROVED_NOT_YET_ADMITTED
TP07F484,00:D2F5:0:0:1,0x0052F5,8D8A07,STA,ABS,0,UNKNOWN,DBR:078A,V05C-contexts.csv,SOURCE_PROVED_NOT_YET_ADMITTED
TP07F484,00:D2F8:0:0:1,0x0052F8,A9FF00,LDA,IMM_M,0,UNKNOWN,NONE,V05C-contexts.csv,SOURCE_PROVED_NOT_YET_ADMITTED
TP07F484,00:D2FB:0:0:1,0x0052FB,38,SEC,IMP,0,0,NONE,V05C-contexts.csv,SOURCE_PROVED_NOT_YET_ADMITTED
TP07F484,00:D2FC:0:0:1,0x0052FC,ED8A07,SBC,ABS,1,0,DBR:078A,V05C-contexts.csv,SOURCE_PROVED_NOT_YET_ADMITTED
TP07F484,00:D2FF:0:0:1,0x0052FF,C90000,CMP,IMM_M,UNKNOWN,UNKNOWN,NONE,V05C-contexts.csv,SOURCE_PROVED_NOT_YET_ADMITTED
TP07F484,00:D302:0:0:1,0x005302,F01C,BEQ,REL8,UNKNOWN,UNKNOWN,NONE,V05C-contexts.csv,SOURCE_PROVED_NOT_YET_ADMITTED
TP07F484,00:D304:0:0:1,0x005304,E000,CPX,IMM_X,UNKNOWN,0,NONE,V05C-contexts.csv,SOURCE_PROVED_NOT_YET_ADMITTED
TP07F484,00:D306:0:0:1,0x005306,F018,BEQ,REL8,UNKNOWN,UNKNOWN,NONE,V05C-contexts.csv,SOURCE_PROVED_NOT_YET_ADMITTED
TP07F484,00:D308:0:0:1,0x005308,8D0442,STA,ABS,UNKNOWN,0,DBR:4204,V05C-contexts.csv,SOURCE_PROVED_NOT_YET_ADMITTED
TP07F484,00:D30B:0:0:1,0x00530B,8E0642,STX,ABS,UNKNOWN,0,DBR:4206,V05C-contexts.csv,SOURCE_PROVED_NOT_YET_ADMITTED
TP07F484,00:D30E:0:0:1,0x00530E,EA,NOP,IMP,UNKNOWN,0,NONE,V05C-contexts.csv,SOURCE_PROVED_NOT_YET_ADMITTED
TP07F484,00:D30F:0:0:1,0x00530F,EA,NOP,IMP,UNKNOWN,0,NONE,V05C-contexts.csv,SOURCE_PROVED_NOT_YET_ADMITTED
TP07F484,00:D310:0:0:1,0x005310,EA,NOP,IMP,UNKNOWN,0,NONE,V05C-contexts.csv,SOURCE_PROVED_NOT_YET_ADMITTED
TP07F484,00:D311:0:0:1,0x005311,EA,NOP,IMP,UNKNOWN,0,NONE,V05C-contexts.csv,SOURCE_PROVED_NOT_YET_ADMITTED
TP07F484,00:D312:0:0:1,0x005312,EA,NOP,IMP,UNKNOWN,0,NONE,V05C-contexts.csv,SOURCE_PROVED_NOT_YET_ADMITTED
TP07F484,00:D313:0:0:1,0x005313,EA,NOP,IMP,UNKNOWN,0,NONE,V05C-contexts.csv,SOURCE_PROVED_NOT_YET_ADMITTED
TP07F484,00:D314:0:0:1,0x005314,EA,NOP,IMP,UNKNOWN,0,NONE,V05C-contexts.csv,SOURCE_PROVED_NOT_YET_ADMITTED
TP07F484,00:D315:0:0:1,0x005315,EA,NOP,IMP,UNKNOWN,0,NONE,V05C-contexts.csv,SOURCE_PROVED_NOT_YET_ADMITTED
TP07F484,00:D316:0:0:1,0x005316,C230,REP,IMM8,UNKNOWN,0,NONE,V05C-contexts.csv,SOURCE_PROVED_NOT_YET_ADMITTED
TP07F484,00:D318:0:0:0,0x005318,AD1442,LDA,ABS,UNKNOWN,0,DBR:4214,V05C-contexts.csv,SOURCE_PROVED_NOT_YET_ADMITTED
TP07F484,00:D31B:0:0:0,0x00531B,AE1642,LDX,ABS,UNKNOWN,UNKNOWN,DBR:4216,V05C-contexts.csv,SOURCE_PROVED_NOT_YET_ADMITTED
TP07F484,00:D31E:0:0:0,0x00531E,8006,BRA,REL8,UNKNOWN,UNKNOWN,NONE,V05C-contexts.csv,SOURCE_PROVED_NOT_YET_ADMITTED
TP07F484,00:D320:0:0:1,0x005320,C230,REP,IMM8,UNKNOWN,1,NONE,V05C-contexts.csv,SOURCE_PROVED_NOT_YET_ADMITTED
TP07F484,00:D322:0:0:0,0x005322,A90000,LDA,IMM_M,UNKNOWN,1,NONE,V05C-contexts.csv,SOURCE_PROVED_NOT_YET_ADMITTED
TP07F484,00:D325:0:0:0,0x005325,AA,TAX,IMP,UNKNOWN,1,NONE,V05C-contexts.csv,SOURCE_PROVED_NOT_YET_ADMITTED
TP07F484,00:D326:0:0:0,0x005326,A01800,LDY,IMM_X,UNKNOWN,UNKNOWN,NONE,V05C-contexts.csv,SOURCE_PROVED_NOT_YET_ADMITTED
TP07F484,00:D329:0:0:0,0x005329,9716,STA,DP_IND_LONG_Y,UNKNOWN,0,NONE,V05C-contexts.csv,SOURCE_PROVED_NOT_YET_ADMITTED
TP07F484,00:D32B:0:0:0,0x00532B,E230,SEP,IMM8,UNKNOWN,0,NONE,V05C-contexts.csv,SOURCE_PROVED_NOT_YET_ADMITTED
TP07F484,00:D32B:0:1:1,0x00532B,E230,SEP,IMM8,1,UNKNOWN,NONE,V05C-contexts.csv,SOURCE_PROVED_NOT_YET_ADMITTED
TP07F484,00:D32D:0:1:1,0x00532D,A010,LDY,IMM_X,UNKNOWN|1,UNKNOWN|0,NONE,V05C-contexts.csv,SOURCE_PROVED_NOT_YET_ADMITTED
TP07F484,00:D32F:0:1:1,0x00532F,B716,LDA,DP_IND_LONG_Y,UNKNOWN|1,0,NONE,V05C-contexts.csv,SOURCE_PROVED_NOT_YET_ADMITTED
TP07F484,00:D331:0:1:1,0x005331,A011,LDY,IMM_X,UNKNOWN|1,UNKNOWN,NONE,V05C-contexts.csv,SOURCE_PROVED_NOT_YET_ADMITTED
TP07F484,00:D333:0:1:1,0x005333,9716,STA,DP_IND_LONG_Y,UNKNOWN|1,0,NONE,V05C-contexts.csv,SOURCE_PROVED_NOT_YET_ADMITTED
TP07F484,00:D335:0:1:1,0x005335,A016,LDY,IMM_X,UNKNOWN|1,0,NONE,V05C-contexts.csv,SOURCE_PROVED_NOT_YET_ADMITTED
TP07F484,00:D337:0:1:1,0x005337,B716,LDA,DP_IND_LONG_Y,UNKNOWN|1,0,NONE,V05C-contexts.csv,SOURCE_PROVED_NOT_YET_ADMITTED
TP07F484,00:D339:0:1:1,0x005339,A059,LDY,IMM_X,UNKNOWN|1,UNKNOWN,NONE,V05C-contexts.csv,SOURCE_PROVED_NOT_YET_ADMITTED
TP07F484,00:D33B:0:1:1,0x00533B,9716,STA,DP_IND_LONG_Y,UNKNOWN|1,0,NONE,V05C-contexts.csv,SOURCE_PROVED_NOT_YET_ADMITTED
TP07F484,00:D33D:0:1:1,0x00533D,AD0404,LDA,ABS,UNKNOWN|1,0,DBR:0404,V05C-contexts.csv,SOURCE_PROVED_NOT_YET_ADMITTED
TP07F484,00:D340:0:1:1,0x005340,CD0104,CMP,ABS,UNKNOWN|1,UNKNOWN,DBR:0401,V05C-contexts.csv,SOURCE_PROVED_NOT_YET_ADMITTED
TP07F484,00:D343:0:1:1,0x005343,F048,BEQ,REL8,UNKNOWN,UNKNOWN,NONE,V05C-contexts.csv,SOURCE_PROVED_NOT_YET_ADMITTED
TP07F484,00:D345:0:1:1,0x005345,A016,LDY,IMM_X,UNKNOWN,0,NONE,V05C-contexts.csv,SOURCE_PROVED_NOT_YET_ADMITTED
TP07F484,00:D347:0:1:1,0x005347,9716,STA,DP_IND_LONG_Y,UNKNOWN,0,NONE,V05C-contexts.csv,SOURCE_PROVED_NOT_YET_ADMITTED
TP07F484,00:D349:0:1:1,0x005349,C230,REP,IMM8,UNKNOWN,0,NONE,V05C-contexts.csv,SOURCE_PROVED_NOT_YET_ADMITTED
TP07F484,00:D34B:0:0:0,0x00534B,A05A00,LDY,IMM_X,UNKNOWN,0,NONE,V05C-contexts.csv,SOURCE_PROVED_NOT_YET_ADMITTED
TP07F484,00:D34E:0:0:0,0x00534E,B716,LDA,DP_IND_LONG_Y,UNKNOWN,0,NONE,V05C-contexts.csv,SOURCE_PROVED_NOT_YET_ADMITTED
TP07F484,00:D350:0:0:0,0x005350,29FF00,AND,IMM_M,UNKNOWN,UNKNOWN,NONE,V05C-contexts.csv,SOURCE_PROVED_NOT_YET_ADMITTED
TP07F484,00:D353:0:0:0,0x005353,A8,TAY,IMP,UNKNOWN,UNKNOWN,NONE,V05C-contexts.csv,SOURCE_PROVED_NOT_YET_ADMITTED
TP07F484,00:D354:0:0:0,0x005354,98,TYA,IMP,UNKNOWN,UNKNOWN,NONE,V05C-contexts.csv,SOURCE_PROVED_NOT_YET_ADMITTED
TP07F484,00:D355:0:0:0,0x005355,A92400,LDA,IMM_M,UNKNOWN,UNKNOWN,NONE,V05C-contexts.csv,SOURCE_PROVED_NOT_YET_ADMITTED
TP07F484,00:D358:0:0:0,0x005358,22A78004,JSL,ABSL_JUMP,UNKNOWN,0,NONE,V05C-contexts.csv,SOURCE_PROVED_NOT_YET_ADMITTED
TP07F484,00:D35C:0:0:0,0x00535C,A8,TAY,IMP,UNKNOWN,UNKNOWN,NONE,V05C-contexts.csv,SOURCE_PROVED_NOT_YET_ADMITTED
TP07F484,00:D35D:0:0:0,0x00535D,8D6400,STA,ABS,UNKNOWN,UNKNOWN,DBR:0064,V05C-contexts.csv,SOURCE_PROVED_NOT_YET_ADMITTED
TP07F484,00:D360:0:0:0,0x005360,A90000,LDA,IMM_M,UNKNOWN,UNKNOWN,NONE,V05C-contexts.csv,SOURCE_PROVED_NOT_YET_ADMITTED
TP07F484,00:D363:0:0:0,0x005363,0A,ASL,ACC,UNKNOWN,1,NONE,V05C-contexts.csv,SOURCE_PROVED_NOT_YET_ADMITTED
TP07F484,00:D364:0:0:0,0x005364,18,CLC,IMP,UNKNOWN,UNKNOWN,NONE,V05C-contexts.csv,SOURCE_PROVED_NOT_YET_ADMITTED
TP07F484,00:D365:0:0:0,0x005365,6D6400,ADC,ABS,0,UNKNOWN,DBR:0064,V05C-contexts.csv,SOURCE_PROVED_NOT_YET_ADMITTED
TP07F484,00:D368:0:0:0,0x005368,8D6400,STA,ABS,UNKNOWN,UNKNOWN,DBR:0064,V05C-contexts.csv,SOURCE_PROVED_NOT_YET_ADMITTED
TP07F484,00:D36B:0:0:0,0x00536B,AA,TAX,IMP,UNKNOWN,UNKNOWN,NONE,V05C-contexts.csv,SOURCE_PROVED_NOT_YET_ADMITTED
TP07F484,00:D36C:0:0:0,0x00536C,BF16C301,LDA,ABSL_X,UNKNOWN,UNKNOWN,01:C316+X,V05C-contexts.csv,SOURCE_PROVED_NOT_YET_ADMITTED
TP07F484,00:D370:0:0:0,0x005370,8D6400,STA,ABS,UNKNOWN,UNKNOWN,DBR:0064,V05C-contexts.csv,SOURCE_PROVED_NOT_YET_ADMITTED
TP07F484,00:D373:0:0:0,0x005373,A01600,LDY,IMM_X,UNKNOWN,UNKNOWN,NONE,V05C-contexts.csv,SOURCE_PROVED_NOT_YET_ADMITTED
TP07F484,00:D376:0:0:0,0x005376,B716,LDA,DP_IND_LONG_Y,UNKNOWN,0,NONE,V05C-contexts.csv,SOURCE_PROVED_NOT_YET_ADMITTED
TP07F484,00:D378:0:0:0,0x005378,29FF00,AND,IMM_M,UNKNOWN,UNKNOWN,NONE,V05C-contexts.csv,SOURCE_PROVED_NOT_YET_ADMITTED
TP07F484,00:D37B:0:0:0,0x00537B,18,CLC,IMP,UNKNOWN,UNKNOWN,NONE,V05C-contexts.csv,SOURCE_PROVED_NOT_YET_ADMITTED
TP07F484,00:D37C:0:0:0,0x00537C,6D6400,ADC,ABS,0,UNKNOWN,DBR:0064,V05C-contexts.csv,SOURCE_PROVED_NOT_YET_ADMITTED
TP07F484,00:D37F:0:0:0,0x00537F,0A,ASL,ACC,UNKNOWN,UNKNOWN,NONE,V05C-contexts.csv,SOURCE_PROVED_NOT_YET_ADMITTED
TP07F484,00:D380:0:0:0,0x005380,AA,TAX,IMP,UNKNOWN,UNKNOWN,NONE,V05C-contexts.csv,SOURCE_PROVED_NOT_YET_ADMITTED
TP07F484,00:D381:0:0:0,0x005381,BFC29305,LDA,ABSL_X,UNKNOWN,UNKNOWN,05:93C2+X,V05C-contexts.csv,SOURCE_PROVED_NOT_YET_ADMITTED
TP07F484,00:D385:0:0:0,0x005385,E210,SEP,IMM8,UNKNOWN,UNKNOWN,NONE,V05C-contexts.csv,SOURCE_PROVED_NOT_YET_ADMITTED
TP07F484,00:D387:0:0:1,0x005387,C220,REP,IMM8,UNKNOWN,UNKNOWN,NONE,V05C-contexts.csv,SOURCE_PROVED_NOT_YET_ADMITTED
TP07F484,00:D389:0:0:1,0x005389,A00E,LDY,IMM_X,UNKNOWN,UNKNOWN,NONE,V05C-contexts.csv,SOURCE_PROVED_NOT_YET_ADMITTED
TP07F484,00:D38B:0:0:1,0x00538B,9716,STA,DP_IND_LONG_Y,UNKNOWN,0,NONE,V05C-contexts.csv,SOURCE_PROVED_NOT_YET_ADMITTED
TP07F484,00:D38D:0:0:1,0x00538D,E210,SEP,IMM8,UNKNOWN,0,NONE,V05C-contexts.csv,SOURCE_PROVED_NOT_YET_ADMITTED
TP07F484,00:D38D:0:1:1,0x00538D,E210,SEP,IMM8,UNKNOWN,1,NONE,V05C-contexts.csv,SOURCE_PROVED_NOT_YET_ADMITTED
TP07F484,00:D38F:0:0:1,0x00538F,C220,REP,IMM8,UNKNOWN,0,NONE,V05C-contexts.csv,SOURCE_PROVED_NOT_YET_ADMITTED
TP07F484,00:D38F:0:1:1,0x00538F,C220,REP,IMM8,UNKNOWN,1,NONE,V05C-contexts.csv,SOURCE_PROVED_NOT_YET_ADMITTED
TP07F484,00:D391:0:0:1,0x005391,A025,LDY,IMM_X,UNKNOWN,0|1,NONE,V05C-contexts.csv,SOURCE_PROVED_NOT_YET_ADMITTED
TP07F484,00:D393:0:0:1,0x005393,A90000,LDA,IMM_M,UNKNOWN,0,NONE,V05C-contexts.csv,SOURCE_PROVED_NOT_YET_ADMITTED
TP07F484,00:D396:0:0:1,0x005396,9716,STA,DP_IND_LONG_Y,UNKNOWN,1,NONE,V05C-contexts.csv,SOURCE_PROVED_NOT_YET_ADMITTED
TP07F484,00:D398:0:0:1,0x005398,A027,LDY,IMM_X,UNKNOWN,1,NONE,V05C-contexts.csv,SOURCE_PROVED_NOT_YET_ADMITTED
TP07F484,00:D39A:0:0:1,0x00539A,9716,STA,DP_IND_LONG_Y,UNKNOWN,0,NONE,V05C-contexts.csv,SOURCE_PROVED_NOT_YET_ADMITTED
TP07F484,00:D39C:0:0:1,0x00539C,E230,SEP,IMM8,UNKNOWN,0,NONE,V05C-contexts.csv,SOURCE_PROVED_NOT_YET_ADMITTED
TP07F484,00:D39E:0:1:1,0x00539E,A010,LDY,IMM_X,UNKNOWN,0,NONE,V05C-contexts.csv,SOURCE_PROVED_NOT_YET_ADMITTED
TP07F484,00:D3A0:0:1:1,0x0053A0,A904,LDA,IMM_M,UNKNOWN,0,NONE,V05C-contexts.csv,SOURCE_PROVED_NOT_YET_ADMITTED
TP07F484,00:D3A2:0:1:1,0x0053A2,9716,STA,DP_IND_LONG_Y,UNKNOWN,0,NONE,V05C-contexts.csv,SOURCE_PROVED_NOT_YET_ADMITTED
TP07F484,00:D3A4:0:1:1,0x0053A4,C230,REP,IMM8,UNKNOWN,0,NONE,V05C-contexts.csv,SOURCE_PROVED_NOT_YET_ADMITTED
TP07F484,00:D3A6:0:0:0,0x0053A6,A90100,LDA,IMM_M,UNKNOWN,0,NONE,V05C-contexts.csv,SOURCE_PROVED_NOT_YET_ADMITTED
TP07F484,00:D3A9:0:0:0,0x0053A9,8DA207,STA,ABS,UNKNOWN,0,DBR:07A2,V05C-contexts.csv,SOURCE_PROVED_NOT_YET_ADMITTED
TP07F484,00:D3AC:0:0:0,0x0053AC,82F408,BRL,REL16,UNKNOWN,0,NONE,V05C-contexts.csv,SOURCE_PROVED_NOT_YET_ADMITTED
TP07F484,00:D3AF:0:1:1,0x0053AF,826205,BRL,REL16,UNKNOWN,0|1,NONE,V05C-contexts.csv,SOURCE_PROVED_NOT_YET_ADMITTED
TP07F484,00:D3B2:0:0:0,0x0053B2,AD1D04,LDA,ABS,UNKNOWN,1,DBR:041D,V05C-contexts.csv,SOURCE_PROVED_NOT_YET_ADMITTED
TP07F484,00:D3B5:0:0:0,0x0053B5,290001,AND,IMM_M,UNKNOWN,UNKNOWN,NONE,V05C-contexts.csv,SOURCE_PROVED_NOT_YET_ADMITTED
TP07F484,00:D3B8:0:0:0,0x0053B8,D003,BNE,REL8,UNKNOWN,UNKNOWN,NONE,V05C-contexts.csv,SOURCE_PROVED_NOT_YET_ADMITTED
TP07F484,00:D3BA:0:0:0,0x0053BA,829202,BRL,REL16,UNKNOWN,1,NONE,V05C-contexts.csv,SOURCE_PROVED_NOT_YET_ADMITTED
TP07F484,00:D3BD:0:0:0,0x0053BD,AD0404,LDA,ABS,UNKNOWN,0,DBR:0404,V05C-contexts.csv,SOURCE_PROVED_NOT_YET_ADMITTED
TP07F484,00:D3C0:0:0:0,0x0053C0,29FF00,AND,IMM_M,UNKNOWN,UNKNOWN,NONE,V05C-contexts.csv,SOURCE_PROVED_NOT_YET_ADMITTED
TP07F484,00:D3C3:0:0:0,0x0053C3,A8,TAY,IMP,UNKNOWN,UNKNOWN,NONE,V05C-contexts.csv,SOURCE_PROVED_NOT_YET_ADMITTED
TP07F484,00:D3C4:0:0:0,0x0053C4,98,TYA,IMP,UNKNOWN,UNKNOWN,NONE,V05C-contexts.csv,SOURCE_PROVED_NOT_YET_ADMITTED
TP07F484,00:D3C5:0:0:0,0x0053C5,0A,ASL,ACC,UNKNOWN,UNKNOWN,NONE,V05C-contexts.csv,SOURCE_PROVED_NOT_YET_ADMITTED
TP07F484,00:D3C6:0:0:0,0x0053C6,A8,TAY,IMP,UNKNOWN,UNKNOWN,NONE,V05C-contexts.csv,SOURCE_PROVED_NOT_YET_ADMITTED
TP07F484,00:D3C7:0:0:0,0x0053C7,AA,TAX,IMP,UNKNOWN,UNKNOWN,NONE,V05C-contexts.csv,SOURCE_PROVED_NOT_YET_ADMITTED
TP07F484,00:D3C8:0:0:0,0x0053C8,BF198E01,LDA,ABSL_X,UNKNOWN,UNKNOWN,01:8E19+X,V05C-contexts.csv,SOURCE_PROVED_NOT_YET_ADMITTED
TP07F484,00:D3CC:0:0:0,0x0053CC,A8,TAY,IMP,UNKNOWN,UNKNOWN,NONE,V05C-contexts.csv,SOURCE_PROVED_NOT_YET_ADMITTED
TP07F484,00:D3CD:0:0:0,0x0053CD,98,TYA,IMP,UNKNOWN,UNKNOWN,NONE,V05C-contexts.csv,SOURCE_PROVED_NOT_YET_ADMITTED
TP07F484,00:D3CE:0:0:0,0x0053CE,0A,ASL,ACC,UNKNOWN,UNKNOWN,NONE,V05C-contexts.csv,SOURCE_PROVED_NOT_YET_ADMITTED
TP07F484,00:D3CF:0:0:0,0x0053CF,0A,ASL,ACC,UNKNOWN,UNKNOWN,NONE,V05C-contexts.csv,SOURCE_PROVED_NOT_YET_ADMITTED
TP07F484,00:D3D0:0:0:0,0x0053D0,A8,TAY,IMP,UNKNOWN,UNKNOWN,NONE,V05C-contexts.csv,SOURCE_PROVED_NOT_YET_ADMITTED
TP07F484,00:D3D1:0:0:0,0x0053D1,18,CLC,IMP,UNKNOWN,UNKNOWN,NONE,V05C-contexts.csv,SOURCE_PROVED_NOT_YET_ADMITTED
TP07F484,00:D3D2:0:0:0,0x0053D2,6D4600,ADC,ABS,0,UNKNOWN,DBR:0046,V05C-contexts.csv,SOURCE_PROVED_NOT_YET_ADMITTED
TP07F484,00:D3D5:0:0:0,0x0053D5,8D8A07,STA,ABS,UNKNOWN,UNKNOWN,DBR:078A,V05C-contexts.csv,SOURCE_PROVED_NOT_YET_ADMITTED
TP07F484,00:D3D8:0:0:0,0x0053D8,A90A00,LDA,IMM_M,UNKNOWN,UNKNOWN,NONE,V05C-contexts.csv,SOURCE_PROVED_NOT_YET_ADMITTED
TP07F484,00:D3DB:0:0:0,0x0053DB,8D8E07,STA,ABS,UNKNOWN,0,DBR:078E,V05C-contexts.csv,SOURCE_PROVED_NOT_YET_ADMITTED
TP07F484,00:D3DE:0:0:0,0x0053DE,E230,SEP,IMM8,UNKNOWN,0,NONE,V05C-contexts.csv,SOURCE_PROVED_NOT_YET_ADMITTED
TP07F484,00:D3E0:0:1:1,0x0053E0,AD4800,LDA,ABS,UNKNOWN,0,DBR:0048,V05C-contexts.csv,SOURCE_PROVED_NOT_YET_ADMITTED
TP07F484,00:D3E3:0:1:1,0x0053E3,8D8C07,STA,ABS,UNKNOWN,UNKNOWN,DBR:078C,V05C-contexts.csv,SOURCE_PROVED_NOT_YET_ADMITTED
TP07F484,00:D3E6:0:1:1,0x0053E6,222FA800,JSL,ABSL_JUMP,UNKNOWN,UNKNOWN,NONE,V05C-contexts.csv,SOURCE_PROVED_NOT_YET_ADMITTED
TP07F484,00:D3EA:0:0:1,0x0053EA,E210,SEP,IMM8,UNKNOWN|0,UNKNOWN,NONE,V05C-contexts.csv,SOURCE_PROVED_NOT_YET_ADMITTED
TP07F484,00:D3EC:0:0:1,0x0053EC,C220,REP,IMM8,UNKNOWN|0,UNKNOWN,NONE,V05C-contexts.csv,SOURCE_PROVED_NOT_YET_ADMITTED
TP07F484,00:D3EE:0:0:1,0x0053EE,AEA407,LDX,ABS,UNKNOWN|0,UNKNOWN,DBR:07A4,V05C-contexts.csv,SOURCE_PROVED_NOT_YET_ADMITTED
TP07F484,00:D3F1:0:0:1,0x0053F1,8E2100,STX,ABS,UNKNOWN|0,UNKNOWN,DBR:0021,V05C-contexts.csv,SOURCE_PROVED_NOT_YET_ADMITTED
TP07F484,00:D3F4:0:0:1,0x0053F4,ADA207,LDA,ABS,UNKNOWN|0,UNKNOWN,DBR:07A2,V05C-contexts.csv,SOURCE_PROVED_NOT_YET_ADMITTED
TP07F484,00:D3F7:0:0:1,0x0053F7,8D1F00,STA,ABS,UNKNOWN|0,UNKNOWN,DBR:001F,V05C-contexts.csv,SOURCE_PROVED_NOT_YET_ADMITTED
TP07F484,00:D3FA:0:0:1,0x0053FA,D003,BNE,REL8,UNKNOWN|0,UNKNOWN,NONE,V05C-contexts.csv,SOURCE_PROVED_NOT_YET_ADMITTED
TP07F484,00:D3FC:0:0:1,0x0053FC,824D02,BRL,REL16,UNKNOWN|0,1,NONE,V05C-contexts.csv,SOURCE_PROVED_NOT_YET_ADMITTED
TP07F484,00:D3FF:0:0:1,0x0053FF,E230,SEP,IMM8,UNKNOWN|0,0,NONE,V05C-contexts.csv,SOURCE_PROVED_NOT_YET_ADMITTED
TP07F484,00:D401:0:1:1,0x005401,A018,LDY,IMM_X,UNKNOWN|0,0,NONE,V05C-contexts.csv,SOURCE_PROVED_NOT_YET_ADMITTED
TP07F484,00:D403:0:1:1,0x005403,B75B,LDA,DP_IND_LONG_Y,UNKNOWN|0,0,NONE,V05C-contexts.csv,SOURCE_PROVED_NOT_YET_ADMITTED
TP07F484,00:D405:0:1:1,0x005405,D003,BNE,REL8,UNKNOWN|0,UNKNOWN,NONE,V05C-contexts.csv,SOURCE_PROVED_NOT_YET_ADMITTED
TP07F484,00:D407:0:1:1,0x005407,824202,BRL,REL16,UNKNOWN|0,1,NONE,V05C-contexts.csv,SOURCE_PROVED_NOT_YET_ADMITTED
TP07F484,00:D40A:0:1:1,0x00540A,E210,SEP,IMM8,UNKNOWN|0,0,NONE,V05C-contexts.csv,SOURCE_PROVED_NOT_YET_ADMITTED
TP07F484,00:D40C:0:1:1,0x00540C,C220,REP,IMM8,UNKNOWN|0,0,NONE,V05C-contexts.csv,SOURCE_PROVED_NOT_YET_ADMITTED
TP07F484,00:D40E:0:0:1,0x00540E,A04B,LDY,IMM_X,UNKNOWN|0,0,NONE,V05C-contexts.csv,SOURCE_PROVED_NOT_YET_ADMITTED
TP07F484,00:D410:0:0:1,0x005410,B71F,LDA,DP_IND_LONG_Y,UNKNOWN|0,0,NONE,V05C-contexts.csv,SOURCE_PROVED_NOT_YET_ADMITTED
TP07F484,00:D412:0:0:1,0x005412,F00D,BEQ,REL8,UNKNOWN|0,UNKNOWN,NONE,V05C-contexts.csv,SOURCE_PROVED_NOT_YET_ADMITTED
TP07F484,00:D414:0:0:1,0x005414,C230,REP,IMM8,UNKNOWN|0,0,NONE,V05C-contexts.csv,SOURCE_PROVED_NOT_YET_ADMITTED
TP07F484,00:D416:0:0:0,0x005416,B71F,LDA,DP_IND_LONG_Y,UNKNOWN|0,0,NONE,V05C-contexts.csv,SOURCE_PROVED_NOT_YET_ADMITTED
TP07F484,00:D418:0:0:0,0x005418,2085C2,JSR,ABS_JUMP,UNKNOWN|0,UNKNOWN,NONE,V05C-contexts.csv,SOURCE_PROVED_NOT_YET_ADMITTED
TP07F484,00:D41B:0:0:1,0x00541B,8D1F00,STA,ABS,UNKNOWN,UNKNOWN,DBR:001F,V05C-contexts.csv,SOURCE_PROVED_NOT_YET_ADMITTED
TP07F484,00:D41E:0:0:1,0x00541E,8E2100,STX,ABS,UNKNOWN,UNKNOWN,DBR:0021,V05C-contexts.csv,SOURCE_PROVED_NOT_YET_ADMITTED
TP07F484,00:D421:0:0:1,0x005421,A01A,LDY,IMM_X,UNKNOWN|0,UNKNOWN|1,NONE,V05C-contexts.csv,SOURCE_PROVED_NOT_YET_ADMITTED
TP07F484,00:D423:0:0:1,0x005423,B71F,LDA,DP_IND_LONG_Y,UNKNOWN|0,0,NONE,V05C-contexts.csv,SOURCE_PROVED_NOT_YET_ADMITTED
TP07F484,00:D425:0:0:1,0x005425,2049C3,JSR,ABS_JUMP,UNKNOWN|0,UNKNOWN,NONE,V05C-contexts.csv,SOURCE_PROVED_NOT_YET_ADMITTED
TP07F484,00:D428:0:0:1,0x005428,8D2200,STA,ABS,UNKNOWN,1,DBR:0022,V05C-contexts.csv,SOURCE_PROVED_NOT_YET_ADMITTED
TP07F484,00:D42B:0:0:1,0x00542B,8E2400,STX,ABS,UNKNOWN,1,DBR:0024,V05C-contexts.csv,SOURCE_PROVED_NOT_YET_ADMITTED
TP07F484,00:D42E:0:0:1,0x00542E,E230,SEP,IMM8,UNKNOWN,1,NONE,V05C-contexts.csv,SOURCE_PROVED_NOT_YET_ADMITTED
TP07F484,00:D430:0:1:1,0x005430,A064,LDY,IMM_X,UNKNOWN,1,NONE,V05C-contexts.csv,SOURCE_PROVED_NOT_YET_ADMITTED
TP07F484,00:D432:0:1:1,0x005432,B716,LDA,DP_IND_LONG_Y,UNKNOWN,0,NONE,V05C-contexts.csv,SOURCE_PROVED_NOT_YET_ADMITTED
TP07F484,00:D434:0:1:1,0x005434,F00B,BEQ,REL8,UNKNOWN,UNKNOWN,NONE,V05C-contexts.csv,SOURCE_PROVED_NOT_YET_ADMITTED
TP07F484,00:D436:0:1:1,0x005436,A002,LDY,IMM_X,UNKNOWN,0,NONE,V05C-contexts.csv,SOURCE_PROVED_NOT_YET_ADMITTED
TP07F484,00:D438:0:1:1,0x005438,B722,LDA,DP_IND_LONG_Y,UNKNOWN,0,NONE,V05C-contexts.csv,SOURCE_PROVED_NOT_YET_ADMITTED
TP07F484,00:D43A:0:1:1,0x00543A,2908,AND,IMM_M,UNKNOWN,UNKNOWN,NONE,V05C-contexts.csv,SOURCE_PROVED_NOT_YET_ADMITTED
TP07F484,00:D43C:0:1:1,0x00543C,D003,BNE,REL8,UNKNOWN,UNKNOWN,NONE,V05C-contexts.csv,SOURCE_PROVED_NOT_YET_ADMITTED
TP07F484,00:D43E:0:1:1,0x00543E,82F901,BRL,REL16,UNKNOWN,1,NONE,V05C-contexts.csv,SOURCE_PROVED_NOT_YET_ADMITTED
TP07F484,00:D441:0:1:1,0x005441,C230,REP,IMM8,UNKNOWN,0|1,NONE,V05C-contexts.csv,SOURCE_PROVED_NOT_YET_ADMITTED
TP07F484,00:D443:0:0:0,0x005443,AD0404,LDA,ABS,UNKNOWN,0|1,DBR:0404,V05C-contexts.csv,SOURCE_PROVED_NOT_YET_ADMITTED
TP07F484,00:D446:0:0:0,0x005446,29FF00,AND,IMM_M,UNKNOWN,UNKNOWN,NONE,V05C-contexts.csv,SOURCE_PROVED_NOT_YET_ADMITTED
TP07F484,00:D449:0:0:0,0x005449,A8,TAY,IMP,UNKNOWN,UNKNOWN,NONE,V05C-contexts.csv,SOURCE_PROVED_NOT_YET_ADMITTED
TP07F484,00:D44A:0:0:0,0x00544A,98,TYA,IMP,UNKNOWN,UNKNOWN,NONE,V05C-contexts.csv,SOURCE_PROVED_NOT_YET_ADMITTED
TP07F484,00:D44B:0:0:0,0x00544B,0A,ASL,ACC,UNKNOWN,UNKNOWN,NONE,V05C-contexts.csv,SOURCE_PROVED_NOT_YET_ADMITTED
TP07F484,00:D44C:0:0:0,0x00544C,A8,TAY,IMP,UNKNOWN,UNKNOWN,NONE,V05C-contexts.csv,SOURCE_PROVED_NOT_YET_ADMITTED
TP07F484,00:D44D:0:0:0,0x00544D,AA,TAX,IMP,UNKNOWN,UNKNOWN,NONE,V05C-contexts.csv,SOURCE_PROVED_NOT_YET_ADMITTED
TP07F484,00:D44E:0:0:0,0x00544E,BF198E01,LDA,ABSL_X,UNKNOWN,UNKNOWN,01:8E19+X,V05C-contexts.csv,SOURCE_PROVED_NOT_YET_ADMITTED
TP07F484,00:D452:0:0:0,0x005452,A8,TAY,IMP,UNKNOWN,UNKNOWN,NONE,V05C-contexts.csv,SOURCE_PROVED_NOT_YET_ADMITTED
TP07F484,00:D453:0:0:0,0x005453,98,TYA,IMP,UNKNOWN,UNKNOWN,NONE,V05C-contexts.csv,SOURCE_PROVED_NOT_YET_ADMITTED
TP07F484,00:D454:0:0:0,0x005454,0A,ASL,ACC,UNKNOWN,UNKNOWN,NONE,V05C-contexts.csv,SOURCE_PROVED_NOT_YET_ADMITTED
TP07F484,00:D455:0:0:0,0x005455,0A,ASL,ACC,UNKNOWN,UNKNOWN,NONE,V05C-contexts.csv,SOURCE_PROVED_NOT_YET_ADMITTED
TP07F484,00:D456:0:0:0,0x005456,A8,TAY,IMP,UNKNOWN,UNKNOWN,NONE,V05C-contexts.csv,SOURCE_PROVED_NOT_YET_ADMITTED
TP07F484,00:D457:0:0:0,0x005457,18,CLC,IMP,UNKNOWN,UNKNOWN,NONE,V05C-contexts.csv,SOURCE_PROVED_NOT_YET_ADMITTED
TP07F484,00:D458:0:0:0,0x005458,6D4600,ADC,ABS,0,UNKNOWN,DBR:0046,V05C-contexts.csv,SOURCE_PROVED_NOT_YET_ADMITTED
TP07F484,00:D45B:0:0:0,0x00545B,8D2500,STA,ABS,UNKNOWN,UNKNOWN,DBR:0025,V05C-contexts.csv,SOURCE_PROVED_NOT_YET_ADMITTED
TP07F484,00:D45E:0:0:0,0x00545E,E230,SEP,IMM8,UNKNOWN,UNKNOWN,NONE,V05C-contexts.csv,SOURCE_PROVED_NOT_YET_ADMITTED
TP07F484,00:D460:0:1:1,0x005460,AD4800,LDA,ABS,UNKNOWN,UNKNOWN,DBR:0048,V05C-contexts.csv,SOURCE_PROVED_NOT_YET_ADMITTED
TP07F484,00:D463:0:1:1,0x005463,8D2700,STA,ABS,UNKNOWN,UNKNOWN,DBR:0027,V05C-contexts.csv,SOURCE_PROVED_NOT_YET_ADMITTED
TP07F484,00:D466:0:1:1,0x005466,C230,REP,IMM8,UNKNOWN,UNKNOWN,NONE,V05C-contexts.csv,SOURCE_PROVED_NOT_YET_ADMITTED
TP07F484,00:D468:0:0:0,0x005468,9C1F04,STZ,ABS,UNKNOWN,UNKNOWN,DBR:041F,V05C-contexts.csv,SOURCE_PROVED_NOT_YET_ADMITTED
TP07F484,00:D46B:0:0:0,0x00546B,A00000,LDY,IMM_X,UNKNOWN,UNKNOWN,NONE,V05C-contexts.csv,SOURCE_PROVED_NOT_YET_ADMITTED
TP07F484,00:D46E:0:0:0,0x00546E,B725,LDA,DP_IND_LONG_Y,UNKNOWN,1,NONE,V05C-contexts.csv,SOURCE_PROVED_NOT_YET_ADMITTED
TP07F484,00:D470:0:0:0,0x005470,2085C2,JSR,ABS_JUMP,UNKNOWN,UNKNOWN,NONE,V05C-contexts.csv,SOURCE_PROVED_NOT_YET_ADMITTED
TP07F484,00:D473:0:0:1,0x005473,8D4900,STA,ABS,UNKNOWN,UNKNOWN,DBR:0049,V05C-contexts.csv,SOURCE_PROVED_NOT_YET_ADMITTED
TP07F484,00:D476:0:0:1,0x005476,8E4B00,STX,ABS,UNKNOWN,UNKNOWN,DBR:004B,V05C-contexts.csv,SOURCE_PROVED_NOT_YET_ADMITTED
TP07F484,00:D479:0:0:1,0x005479,AD4900,LDA,ABS,UNKNOWN,UNKNOWN,DBR:0049,V05C-contexts.csv,SOURCE_PROVED_NOT_YET_ADMITTED
TP07F484,00:D47C:0:0:1,0x00547C,CD3A00,CMP,ABS,UNKNOWN,UNKNOWN,DBR:003A,V05C-contexts.csv,SOURCE_PROVED_NOT_YET_ADMITTED
TP07F484,00:D47F:0:0:1,0x00547F,9026,BCC,REL8,UNKNOWN,UNKNOWN,NONE,V05C-contexts.csv,SOURCE_PROVED_NOT_YET_ADMITTED
TP07F484,00:D481:0:0:1,0x005481,F024,BEQ,REL8,1,UNKNOWN,NONE,V05C-contexts.csv,SOURCE_PROVED_NOT_YET_ADMITTED
TP07F484,00:D483:0:0:1,0x005483,E230,SEP,IMM8,1,0,NONE,V05C-contexts.csv,SOURCE_PROVED_NOT_YET_ADMITTED
TP07F484,00:D485:0:1:1,0x005485,A008,LDY,IMM_X,1,0,NONE,V05C-contexts.csv,SOURCE_PROVED_NOT_YET_ADMITTED
TP07F484,00:D487:0:1:1,0x005487,B749,LDA,DP_IND_LONG_Y,1,0,NONE,V05C-contexts.csv,SOURCE_PROVED_NOT_YET_ADMITTED
TP07F484,00:D489:0:1:1,0x005489,C902,CMP,IMM_M,1,UNKNOWN,NONE,V05C-contexts.csv,SOURCE_PROVED_NOT_YET_ADMITTED
TP07F484,00:D48B:0:1:1,0x00548B,F003,BEQ,REL8,UNKNOWN,UNKNOWN,NONE,V05C-contexts.csv,SOURCE_PROVED_NOT_YET_ADMITTED
TP07F484,00:D48D:0:1:1,0x00548D,820500,BRL,REL16,UNKNOWN,0,NONE,V05C-contexts.csv,SOURCE_PROVED_NOT_YET_ADMITTED
TP07F484,00:D490:0:1:1,0x005490,C230,REP,IMM8,UNKNOWN,1,NONE,V05C-contexts.csv,SOURCE_PROVED_NOT_YET_ADMITTED
TP07F484,00:D492:0:0:0,0x005492,EE1F04,INC,ABS,UNKNOWN,1,DBR:041F,V05C-contexts.csv,SOURCE_PROVED_NOT_YET_ADMITTED
TP07F484,00:D495:0:0:0,0x005495,C230,REP,IMM8,UNKNOWN,UNKNOWN,NONE,V05C-contexts.csv,SOURCE_PROVED_NOT_YET_ADMITTED
TP07F484,00:D495:0:1:1,0x005495,C230,REP,IMM8,UNKNOWN,0,NONE,V05C-contexts.csv,SOURCE_PROVED_NOT_YET_ADMITTED
TP07F484,00:D497:0:0:0,0x005497,A00600,LDY,IMM_X,UNKNOWN,UNKNOWN|0,NONE,V05C-contexts.csv,SOURCE_PROVED_NOT_YET_ADMITTED
TP07F484,00:D49A:0:0:0,0x00549A,B749,LDA,DP_IND_LONG_Y,UNKNOWN,0,NONE,V05C-contexts.csv,SOURCE_PROVED_NOT_YET_ADMITTED
TP07F484,00:D49C:0:0:0,0x00549C,2085C2,JSR,ABS_JUMP,UNKNOWN,UNKNOWN,NONE,V05C-contexts.csv,SOURCE_PROVED_NOT_YET_ADMITTED
TP07F484,00:D49F:0:0:1,0x00549F,8D4900,STA,ABS,UNKNOWN,UNKNOWN,DBR:0049,V05C-contexts.csv,SOURCE_PROVED_NOT_YET_ADMITTED
TP07F484,00:D4A2:0:0:1,0x0054A2,8E4B00,STX,ABS,UNKNOWN,UNKNOWN,DBR:004B,V05C-contexts.csv,SOURCE_PROVED_NOT_YET_ADMITTED
TP07F484,00:D4A5:0:0:1,0x0054A5,80D2,BRA,REL8,UNKNOWN,UNKNOWN,NONE,V05C-contexts.csv,SOURCE_PROVED_NOT_YET_ADMITTED
TP07F484,00:D4A7:0:0:1,0x0054A7,E230,SEP,IMM8,0|1,UNKNOWN|1,NONE,V05C-contexts.csv,SOURCE_PROVED_NOT_YET_ADMITTED
TP07F484,00:D4A9:0:1:1,0x0054A9,A002,LDY,IMM_X,0|1,UNKNOWN|1,NONE,V05C-contexts.csv,SOURCE_PROVED_NOT_YET_ADMITTED
TP07F484,00:D4AB:0:1:1,0x0054AB,B722,LDA,DP_IND_LONG_Y,0|1,0,NONE,V05C-contexts.csv,SOURCE_PROVED_NOT_YET_ADMITTED
TP07F484,00:D4AD:0:1:1,0x0054AD,C908,CMP,IMM_M,0|1,UNKNOWN,NONE,V05C-contexts.csv,SOURCE_PROVED_NOT_YET_ADMITTED
TP07F484,00:D4AF:0:1:1,0x0054AF,D00C,BNE,REL8,UNKNOWN,UNKNOWN,NONE,V05C-contexts.csv,SOURCE_PROVED_NOT_YET_ADMITTED
TP07F484,00:D4B1:0:1:1,0x0054B1,C230,REP,IMM8,UNKNOWN,1,NONE,V05C-contexts.csv,SOURCE_PROVED_NOT_YET_ADMITTED
TP07F484,00:D4B3:0:0:0,0x0054B3,AD1F04,LDA,ABS,UNKNOWN,1,DBR:041F,V05C-contexts.csv,SOURCE_PROVED_NOT_YET_ADMITTED
TP07F484,00:D4B6:0:0:0,0x0054B6,F012,BEQ,REL8,UNKNOWN,UNKNOWN,NONE,V05C-contexts.csv,SOURCE_PROVED_NOT_YET_ADMITTED
TP07F484,00:D4B8:0:0:0,0x0054B8,F003,BEQ,REL8,UNKNOWN,0,NONE,V05C-contexts.csv,SOURCE_PROVED_NOT_YET_ADMITTED
TP07F484,00:D4BA:0:0:0,0x0054BA,827B01,BRL,REL16,UNKNOWN,0,NONE,V05C-contexts.csv,SOURCE_PROVED_NOT_YET_ADMITTED
TP07F484,00:D4BD:0:1:1,0x0054BD,C230,REP,IMM8,UNKNOWN,0,NONE,V05C-contexts.csv,SOURCE_PROVED_NOT_YET_ADMITTED
TP07F484,00:D4BF:0:0:0,0x0054BF,AD1F04,LDA,ABS,UNKNOWN,0,DBR:041F,V05C-contexts.csv,SOURCE_PROVED_NOT_YET_ADMITTED
TP07F484,00:D4C2:0:0:0,0x0054C2,C90500,CMP,IMM_M,UNKNOWN,UNKNOWN,NONE,V05C-contexts.csv,SOURCE_PROVED_NOT_YET_ADMITTED
TP07F484,00:D4C5:0:0:0,0x0054C5,9003,BCC,REL8,UNKNOWN,UNKNOWN,NONE,V05C-contexts.csv,SOURCE_PROVED_NOT_YET_ADMITTED
TP07F484,00:D4C7:0:0:0,0x0054C7,4C38D6,JMP,ABS_JUMP,1,UNKNOWN,NONE,V05C-contexts.csv,SOURCE_PROVED_NOT_YET_ADMITTED
TP07F484,00:D4CA:0:0:0,0x0054CA,E210,SEP,IMM8,UNKNOWN|0,UNKNOWN|1,NONE,V05C-contexts.csv,SOURCE_PROVED_NOT_YET_ADMITTED
TP07F484,00:D4CC:0:0:1,0x0054CC,C220,REP,IMM8,UNKNOWN|0,UNKNOWN|1,NONE,V05C-contexts.csv,SOURCE_PROVED_NOT_YET_ADMITTED
TP07F484,00:D4CE:0:0:1,0x0054CE,AD1600,LDA,ABS,UNKNOWN|0,UNKNOWN|1,DBR:0016,V05C-contexts.csv,SOURCE_PROVED_NOT_YET_ADMITTED
TP07F484,00:D4D1:0:0:1,0x0054D1,8D8A07,STA,ABS,UNKNOWN|0,UNKNOWN,DBR:078A,V05C-contexts.csv,SOURCE_PROVED_NOT_YET_ADMITTED
TP07F484,00:D4D4:0:0:1,0x0054D4,AE1800,LDX,ABS,UNKNOWN|0,UNKNOWN,DBR:0018,V05C-contexts.csv,SOURCE_PROVED_NOT_YET_ADMITTED
TP07F484,00:D4D7:0:0:1,0x0054D7,8E8C07,STX,ABS,UNKNOWN|0,UNKNOWN,DBR:078C,V05C-contexts.csv,SOURCE_PROVED_NOT_YET_ADMITTED
TP07F484,00:D4DA:0:0:1,0x0054DA,AE2100,LDX,ABS,UNKNOWN|0,UNKNOWN,DBR:0021,V05C-contexts.csv,SOURCE_PROVED_NOT_YET_ADMITTED
TP07F484,00:D4DD:0:0:1,0x0054DD,8E9007,STX,ABS,UNKNOWN|0,UNKNOWN,DBR:0790,V05C-contexts.csv,SOURCE_PROVED_NOT_YET_ADMITTED
TP07F484,00:D4E0:0:0:1,0x0054E0,AD1F00,LDA,ABS,UNKNOWN|0,UNKNOWN,DBR:001F,V05C-contexts.csv,SOURCE_PROVED_NOT_YET_ADMITTED
TP07F484,00:D4E3:0:0:1,0x0054E3,8D8E07,STA,ABS,UNKNOWN|0,UNKNOWN,DBR:078E,V05C-contexts.csv,SOURCE_PROVED_NOT_YET_ADMITTED
TP07F484,00:D4E6:0:0:1,0x0054E6,2234F307,JSL,ABSL_JUMP,UNKNOWN|0,UNKNOWN,NONE,V05C-contexts.csv,SOURCE_PROVED_NOT_YET_ADMITTED
TP07F484,00:D4EA:0:0:1,0x0054EA,C230,REP,IMM8,UNKNOWN|0|1,UNKNOWN,NONE,V05C-contexts.csv,SOURCE_PROVED_NOT_YET_ADMITTED
TP07F484,00:D4EC:0:0:0,0x0054EC,ADA207,LDA,ABS,UNKNOWN|0|1,UNKNOWN,DBR:07A2,V05C-contexts.csv,SOURCE_PROVED_NOT_YET_ADMITTED
TP07F484,00:D4EF:0:0:0,0x0054EF,D003,BNE,REL8,UNKNOWN|0|1,UNKNOWN,NONE,V05C-contexts.csv,SOURCE_PROVED_NOT_YET_ADMITTED
TP07F484,00:D4F1:0:0:0,0x0054F1,824401,BRL,REL16,UNKNOWN|0|1,1,NONE,V05C-contexts.csv,SOURCE_PROVED_NOT_YET_ADMITTED
TP07F484,00:D4F4:0:0:0,0x0054F4,E210,SEP,IMM8,UNKNOWN|0|1,0,NONE,V05C-contexts.csv,SOURCE_PROVED_NOT_YET_ADMITTED
TP07F484,00:D4F6:0:0:1,0x0054F6,C220,REP,IMM8,UNKNOWN|0|1,0,NONE,V05C-contexts.csv,SOURCE_PROVED_NOT_YET_ADMITTED
TP07F484,00:D4F8:0:0:1,0x0054F8,A017,LDY,IMM_X,UNKNOWN|0|1,0,NONE,V05C-contexts.csv,SOURCE_PROVED_NOT_YET_ADMITTED
TP07F484,00:D4FA:0:0:1,0x0054FA,B716,LDA,DP_IND_LONG_Y,UNKNOWN|0|1,0,NONE,V05C-contexts.csv,SOURCE_PROVED_NOT_YET_ADMITTED
TP07F484,00:D4FC:0:0:1,0x0054FC,29FF00,AND,IMM_M,UNKNOWN|0|1,UNKNOWN,NONE,V05C-contexts.csv,SOURCE_PROVED_NOT_YET_ADMITTED
TP07F484,00:D4FF:0:0:1,0x0054FF,AA,TAX,IMP,UNKNOWN|0|1,UNKNOWN,NONE,V05C-contexts.csv,SOURCE_PROVED_NOT_YET_ADMITTED
TP07F484,00:D500:0:0:1,0x005500,A98000,LDA,IMM_M,UNKNOWN|0|1,UNKNOWN,NONE,V05C-contexts.csv,SOURCE_PROVED_NOT_YET_ADMITTED
TP07F484,00:D503:0:0:1,0x005503,C90000,CMP,IMM_M,UNKNOWN|0|1,0,NONE,V05C-contexts.csv,SOURCE_PROVED_NOT_YET_ADMITTED
TP07F484,00:D506:0:0:1,0x005506,F01C,BEQ,REL8,UNKNOWN,UNKNOWN,NONE,V05C-contexts.csv,SOURCE_PROVED_NOT_YET_ADMITTED
TP07F484,00:D508:0:0:1,0x005508,E000,CPX,IMM_X,UNKNOWN,0,NONE,V05C-contexts.csv,SOURCE_PROVED_NOT_YET_ADMITTED
TP07F484,00:D50A:0:0:1,0x00550A,F018,BEQ,REL8,UNKNOWN,UNKNOWN,NONE,V05C-contexts.csv,SOURCE_PROVED_NOT_YET_ADMITTED
TP07F484,00:D50C:0:0:1,0x00550C,8D0442,STA,ABS,UNKNOWN,0,DBR:4204,V05C-contexts.csv,SOURCE_PROVED_NOT_YET_ADMITTED
TP07F484,00:D50F:0:0:1,0x00550F,8E0642,STX,ABS,UNKNOWN,0,DBR:4206,V05C-contexts.csv,SOURCE_PROVED_NOT_YET_ADMITTED
TP07F484,00:D512:0:0:1,0x005512,EA,NOP,IMP,UNKNOWN,0,NONE,V05C-contexts.csv,SOURCE_PROVED_NOT_YET_ADMITTED
TP07F484,00:D513:0:0:1,0x005513,EA,NOP,IMP,UNKNOWN,0,NONE,V05C-contexts.csv,SOURCE_PROVED_NOT_YET_ADMITTED
TP07F484,00:D514:0:0:1,0x005514,EA,NOP,IMP,UNKNOWN,0,NONE,V05C-contexts.csv,SOURCE_PROVED_NOT_YET_ADMITTED
TP07F484,00:D515:0:0:1,0x005515,EA,NOP,IMP,UNKNOWN,0,NONE,V05C-contexts.csv,SOURCE_PROVED_NOT_YET_ADMITTED
TP07F484,00:D516:0:0:1,0x005516,EA,NOP,IMP,UNKNOWN,0,NONE,V05C-contexts.csv,SOURCE_PROVED_NOT_YET_ADMITTED
TP07F484,00:D517:0:0:1,0x005517,EA,NOP,IMP,UNKNOWN,0,NONE,V05C-contexts.csv,SOURCE_PROVED_NOT_YET_ADMITTED
TP07F484,00:D518:0:0:1,0x005518,EA,NOP,IMP,UNKNOWN,0,NONE,V05C-contexts.csv,SOURCE_PROVED_NOT_YET_ADMITTED
TP07F484,00:D519:0:0:1,0x005519,EA,NOP,IMP,UNKNOWN,0,NONE,V05C-contexts.csv,SOURCE_PROVED_NOT_YET_ADMITTED
TP07F484,00:D51A:0:0:1,0x00551A,C230,REP,IMM8,UNKNOWN,0,NONE,V05C-contexts.csv,SOURCE_PROVED_NOT_YET_ADMITTED
TP07F484,00:D51C:0:0:0,0x00551C,AD1442,LDA,ABS,UNKNOWN,0,DBR:4214,V05C-contexts.csv,SOURCE_PROVED_NOT_YET_ADMITTED
TP07F484,00:D51F:0:0:0,0x00551F,AE1642,LDX,ABS,UNKNOWN,UNKNOWN,DBR:4216,V05C-contexts.csv,SOURCE_PROVED_NOT_YET_ADMITTED
TP07F484,00:D522:0:0:0,0x005522,8006,BRA,REL8,UNKNOWN,UNKNOWN,NONE,V05C-contexts.csv,SOURCE_PROVED_NOT_YET_ADMITTED
TP07F484,00:D524:0:0:1,0x005524,C230,REP,IMM8,UNKNOWN,1,NONE,V05C-contexts.csv,SOURCE_PROVED_NOT_YET_ADMITTED
TP07F484,00:D526:0:0:0,0x005526,A90000,LDA,IMM_M,UNKNOWN,1,NONE,V05C-contexts.csv,SOURCE_PROVED_NOT_YET_ADMITTED
TP07F484,00:D529:0:0:0,0x005529,AA,TAX,IMP,UNKNOWN,1,NONE,V05C-contexts.csv,SOURCE_PROVED_NOT_YET_ADMITTED
TP07F484,00:D52A:0:0:0,0x00552A,18,CLC,IMP,UNKNOWN,UNKNOWN,NONE,V05C-contexts.csv,SOURCE_PROVED_NOT_YET_ADMITTED
TP07F484,00:D52B:0:0:0,0x00552B,690100,ADC,IMM_M,0,UNKNOWN,NONE,V05C-contexts.csv,SOURCE_PROVED_NOT_YET_ADMITTED
TP07F484,00:D52E:0:0:0,0x00552E,8D1704,STA,ABS,UNKNOWN,UNKNOWN,DBR:0417,V05C-contexts.csv,SOURCE_PROVED_NOT_YET_ADMITTED
TP07F484,00:D531:0:0:0,0x005531,1003,BPL,REL8,UNKNOWN,UNKNOWN,NONE,V05C-contexts.csv,SOURCE_PROVED_NOT_YET_ADMITTED
TP07F484,00:D533:0:0:0,0x005533,4C38D6,JMP,ABS_JUMP,UNKNOWN,UNKNOWN,NONE,V05C-contexts.csv,SOURCE_PROVED_NOT_YET_ADMITTED
TP07F484,00:D536:0:0:0,0x005536,D003,BNE,REL8,UNKNOWN,UNKNOWN,NONE,V05C-contexts.csv,SOURCE_PROVED_NOT_YET_ADMITTED
TP07F484,00:D538:0:0:0,0x005538,82FD00,BRL,REL16,UNKNOWN,1,NONE,V05C-contexts.csv,SOURCE_PROVED_NOT_YET_ADMITTED
TP07F484,00:D53B:0:0:0,0x00553B,E210,SEP,IMM8,UNKNOWN,0,NONE,V05C-contexts.csv,SOURCE_PROVED_NOT_YET_ADMITTED
TP07F484,00:D53D:0:0:1,0x00553D,C220,REP,IMM8,UNKNOWN,0,NONE,V05C-contexts.csv,SOURCE_PROVED_NOT_YET_ADMITTED
TP07F484,00:D53F:0:0:1,0x00553F,A00B,LDY,IMM_X,UNKNOWN,0,NONE,V05C-contexts.csv,SOURCE_PROVED_NOT_YET_ADMITTED
TP07F484,00:D541:0:0:1,0x005541,B71F,LDA,DP_IND_LONG_Y,UNKNOWN,0,NONE,V05C-contexts.csv,SOURCE_PROVED_NOT_YET_ADMITTED
TP07F484,00:D543:0:0:1,0x005543,29FF00,AND,IMM_M,UNKNOWN,UNKNOWN,NONE,V05C-contexts.csv,SOURCE_PROVED_NOT_YET_ADMITTED
TP07F484,00:D546:0:0:1,0x005546,8D0604,STA,ABS,UNKNOWN,UNKNOWN,DBR:0406,V05C-contexts.csv,SOURCE_PROVED_NOT_YET_ADMITTED
TP07F484,00:D549:0:0:1,0x005549,A00D,LDY,IMM_X,UNKNOWN,UNKNOWN,NONE,V05C-contexts.csv,SOURCE_PROVED_NOT_YET_ADMITTED
TP07F484,00:D54B:0:0:1,0x00554B,B71F,LDA,DP_IND_LONG_Y,UNKNOWN,0,NONE,V05C-contexts.csv,SOURCE_PROVED_NOT_YET_ADMITTED
TP07F484,00:D54D:0:0:1,0x00554D,29FF00,AND,IMM_M,UNKNOWN,UNKNOWN,NONE,V05C-contexts.csv,SOURCE_PROVED_NOT_YET_ADMITTED
TP07F484,00:D550:0:0:1,0x005550,8D0804,STA,ABS,UNKNOWN,UNKNOWN,DBR:0408,V05C-contexts.csv,SOURCE_PROVED_NOT_YET_ADMITTED
TP07F484,00:D553:0:0:1,0x005553,AD0804,LDA,ABS,UNKNOWN,UNKNOWN,DBR:0408,V05C-contexts.csv,SOURCE_PROVED_NOT_YET_ADMITTED
TP07F484,00:D556:0:0:1,0x005556,A240,LDX,IMM_X,UNKNOWN,UNKNOWN,NONE,V05C-contexts.csv,SOURCE_PROVED_NOT_YET_ADMITTED
TP07F484,00:D558:0:0:1,0x005558,E230,SEP,IMM8,UNKNOWN,0,NONE,V05C-contexts.csv,SOURCE_PROVED_NOT_YET_ADMITTED
TP07F484,00:D55A:0:1:1,0x00555A,8D1B21,STA,ABS,UNKNOWN,0,DBR:211B,V05C-contexts.csv,SOURCE_PROVED_NOT_YET_ADMITTED
TP07F484,00:D55D:0:1:1,0x00555D,EB,XBA,IMP,UNKNOWN,0,NONE,V05C-contexts.csv,SOURCE_PROVED_NOT_YET_ADMITTED
TP07F484,00:D55E:0:1:1,0x00555E,8D1B21,STA,ABS,UNKNOWN,UNKNOWN,DBR:211B,V05C-contexts.csv,SOURCE_PROVED_NOT_YET_ADMITTED
TP07F484,00:D561:0:1:1,0x005561,8E1C21,STX,ABS,UNKNOWN,UNKNOWN,DBR:211C,V05C-contexts.csv,SOURCE_PROVED_NOT_YET_ADMITTED
TP07F484,00:D564:0:1:1,0x005564,E210,SEP,IMM8,UNKNOWN,UNKNOWN,NONE,V05C-contexts.csv,SOURCE_PROVED_NOT_YET_ADMITTED
TP07F484,00:D566:0:1:1,0x005566,C220,REP,IMM8,UNKNOWN,UNKNOWN,NONE,V05C-contexts.csv,SOURCE_PROVED_NOT_YET_ADMITTED
TP07F484,00:D568:0:0:1,0x005568,AD3421,LDA,ABS,UNKNOWN,UNKNOWN,DBR:2134,V05C-contexts.csv,SOURCE_PROVED_NOT_YET_ADMITTED
TP07F484,00:D56B:0:0:1,0x00556B,AE3621,LDX,ABS,UNKNOWN,UNKNOWN,DBR:2136,V05C-contexts.csv,SOURCE_PROVED_NOT_YET_ADMITTED
TP07F484,00:D56E:0:0:1,0x00556E,18,CLC,IMP,UNKNOWN,UNKNOWN,NONE,V05C-contexts.csv,SOURCE_PROVED_NOT_YET_ADMITTED
TP07F484,00:D56F:0:0:1,0x00556F,6D0604,ADC,ABS,0,UNKNOWN,DBR:0406,V05C-contexts.csv,SOURCE_PROVED_NOT_YET_ADMITTED
TP07F484,00:D572:0:0:1,0x005572,C230,REP,IMM8,UNKNOWN,UNKNOWN,NONE,V05C-contexts.csv,SOURCE_PROVED_NOT_YET_ADMITTED
TP07F484,00:D574:0:0:0,0x005574,A04B00,LDY,IMM_X,UNKNOWN,UNKNOWN,NONE,V05C-contexts.csv,SOURCE_PROVED_NOT_YET_ADMITTED
TP07F484,00:D577:0:0:0,0x005577,9716,STA,DP_IND_LONG_Y,UNKNOWN,0,NONE,V05C-contexts.csv,SOURCE_PROVED_NOT_YET_ADMITTED
TP07F484,00:D579:0:0:0,0x005579,C230,REP,IMM8,UNKNOWN,0,NONE,V05C-contexts.csv,SOURCE_PROVED_NOT_YET_ADMITTED
TP07F484,00:D57B:0:0:0,0x00557B,AD1F00,LDA,ABS,UNKNOWN,0,DBR:001F,V05C-contexts.csv,SOURCE_PROVED_NOT_YET_ADMITTED
TP07F484,00:D57E:0:0:0,0x00557E,20B6C2,JSR,ABS_JUMP,UNKNOWN,UNKNOWN,NONE,V05C-contexts.csv,SOURCE_PROVED_NOT_YET_ADMITTED
TP07F484,00:D581:0:0:0,0x005581,A01A00,LDY,IMM_X,UNKNOWN,UNKNOWN,NONE,V05C-contexts.csv,SOURCE_PROVED_NOT_YET_ADMITTED
TP07F484,00:D584:0:0:0,0x005584,9716,STA,DP_IND_LONG_Y,UNKNOWN,0,NONE,V05C-contexts.csv,SOURCE_PROVED_NOT_YET_ADMITTED
TP07F484,00:D586:0:0:0,0x005586,E230,SEP,IMM8,UNKNOWN,0,NONE,V05C-contexts.csv,SOURCE_PROVED_NOT_YET_ADMITTED
TP07F484,00:D588:0:1:1,0x005588,A00B,LDY,IMM_X,UNKNOWN,0,NONE,V05C-contexts.csv,SOURCE_PROVED_NOT_YET_ADMITTED
TP07F484,00:D58A:0:1:1,0x00558A,B716,LDA,DP_IND_LONG_Y,UNKNOWN,0,NONE,V05C-contexts.csv,SOURCE_PROVED_NOT_YET_ADMITTED
TP07F484,00:D58C:0:1:1,0x00558C,A057,LDY,IMM_X,UNKNOWN,UNKNOWN,NONE,V05C-contexts.csv,SOURCE_PROVED_NOT_YET_ADMITTED
TP07F484,00:D58E:0:1:1,0x00558E,9716,STA,DP_IND_LONG_Y,UNKNOWN,0,NONE,V05C-contexts.csv,SOURCE_PROVED_NOT_YET_ADMITTED
TP07F484,00:D590:0:1:1,0x005590,A00D,LDY,IMM_X,UNKNOWN,0,NONE,V05C-contexts.csv,SOURCE_PROVED_NOT_YET_ADMITTED
TP07F484,00:D592:0:1:1,0x005592,B716,LDA,DP_IND_LONG_Y,UNKNOWN,0,NONE,V05C-contexts.csv,SOURCE_PROVED_NOT_YET_ADMITTED
TP07F484,00:D594:0:1:1,0x005594,A058,LDY,IMM_X,UNKNOWN,UNKNOWN,NONE,V05C-contexts.csv,SOURCE_PROVED_NOT_YET_ADMITTED
TP07F484,00:D596:0:1:1,0x005596,9716,STA,DP_IND_LONG_Y,UNKNOWN,0,NONE,V05C-contexts.csv,SOURCE_PROVED_NOT_YET_ADMITTED
TP07F484,00:D598:0:1:1,0x005598,A010,LDY,IMM_X,UNKNOWN,0,NONE,V05C-contexts.csv,SOURCE_PROVED_NOT_YET_ADMITTED
TP07F484,00:D59A:0:1:1,0x00559A,A914,LDA,IMM_M,UNKNOWN,0,NONE,V05C-contexts.csv,SOURCE_PROVED_NOT_YET_ADMITTED
TP07F484,00:D59C:0:1:1,0x00559C,9716,STA,DP_IND_LONG_Y,UNKNOWN,0,NONE,V05C-contexts.csv,SOURCE_PROVED_NOT_YET_ADMITTED
TP07F484,00:D59E:0:1:1,0x00559E,A059,LDY,IMM_X,UNKNOWN,0,NONE,V05C-contexts.csv,SOURCE_PROVED_NOT_YET_ADMITTED
TP07F484,00:D5A0:0:1:1,0x0055A0,AD0104,LDA,ABS,UNKNOWN,0,DBR:0401,V05C-contexts.csv,SOURCE_PROVED_NOT_YET_ADMITTED
TP07F484,00:D5A3:0:1:1,0x0055A3,9716,STA,DP_IND_LONG_Y,UNKNOWN,UNKNOWN,NONE,V05C-contexts.csv,SOURCE_PROVED_NOT_YET_ADMITTED
TP07F484,00:D5A5:0:1:1,0x0055A5,E210,SEP,IMM8,UNKNOWN,UNKNOWN,NONE,V05C-contexts.csv,SOURCE_PROVED_NOT_YET_ADMITTED
TP07F484,00:D5A7:0:1:1,0x0055A7,C220,REP,IMM8,UNKNOWN,UNKNOWN,NONE,V05C-contexts.csv,SOURCE_PROVED_NOT_YET_ADMITTED
TP07F484,00:D5A9:0:0:1,0x0055A9,A01A,LDY,IMM_X,UNKNOWN,UNKNOWN,NONE,V05C-contexts.csv,SOURCE_PROVED_NOT_YET_ADMITTED
TP07F484,00:D5AB:0:0:1,0x0055AB,B71F,LDA,DP_IND_LONG_Y,UNKNOWN,0,NONE,V05C-contexts.csv,SOURCE_PROVED_NOT_YET_ADMITTED
TP07F484,00:D5AD:0:0:1,0x0055AD,2250C300,JSL,ABSL_JUMP,UNKNOWN,UNKNOWN,NONE,V05C-contexts.csv,SOURCE_PROVED_NOT_YET_ADMITTED
TP07F484,00:D5B1:0:0:1,0x0055B1,8D6400,STA,ABS,UNKNOWN,1,DBR:0064,V05C-contexts.csv,SOURCE_PROVED_NOT_YET_ADMITTED
TP07F484,00:D5B4:0:0:1,0x0055B4,8E6600,STX,ABS,UNKNOWN,1,DBR:0066,V05C-contexts.csv,SOURCE_PROVED_NOT_YET_ADMITTED
TP07F484,00:D5B7:0:0:1,0x0055B7,E230,SEP,IMM8,UNKNOWN,1,NONE,V05C-contexts.csv,SOURCE_PROVED_NOT_YET_ADMITTED
TP07F484,00:D5B9:0:1:1,0x0055B9,A006,LDY,IMM_X,UNKNOWN,1,NONE,V05C-contexts.csv,SOURCE_PROVED_NOT_YET_ADMITTED
TP07F484,00:D5BB:0:1:1,0x0055BB,B764,LDA,DP_IND_LONG_Y,UNKNOWN,0,NONE,V05C-contexts.csv,SOURCE_PROVED_NOT_YET_ADMITTED
TP07F484,00:D5BD:0:1:1,0x0055BD,D00D,BNE,REL8,UNKNOWN,UNKNOWN,NONE,V05C-contexts.csv,SOURCE_PROVED_NOT_YET_ADMITTED
TP07F484,00:D5BF:0:1:1,0x0055BF,C230,REP,IMM8,UNKNOWN,1,NONE,V05C-contexts.csv,SOURCE_PROVED_NOT_YET_ADMITTED
TP07F484,00:D5C1:0:0:0,0x0055C1,A01800,LDY,IMM_X,UNKNOWN,1,NONE,V05C-contexts.csv,SOURCE_PROVED_NOT_YET_ADMITTED
TP07F484,00:D5C4:0:0:0,0x0055C4,AD1704,LDA,ABS,UNKNOWN,0,DBR:0417,V05C-contexts.csv,SOURCE_PROVED_NOT_YET_ADMITTED
TP07F484,00:D5C7:0:0:0,0x0055C7,0A,ASL,ACC,UNKNOWN,UNKNOWN,NONE,V05C-contexts.csv,SOURCE_PROVED_NOT_YET_ADMITTED
TP07F484,00:D5C8:0:0:0,0x0055C8,9716,STA,DP_IND_LONG_Y,UNKNOWN,UNKNOWN,NONE,V05C-contexts.csv,SOURCE_PROVED_NOT_YET_ADMITTED
TP07F484,00:D5CA:0:0:0,0x0055CA,800F,BRA,REL8,UNKNOWN,UNKNOWN,NONE,V05C-contexts.csv,SOURCE_PROVED_NOT_YET_ADMITTED
TP07F484,00:D5CC:0:1:1,0x0055CC,C230,REP,IMM8,UNKNOWN,0,NONE,V05C-contexts.csv,SOURCE_PROVED_NOT_YET_ADMITTED
TP07F484,00:D5CE:0:0:0,0x0055CE,A01800,LDY,IMM_X,UNKNOWN,0,NONE,V05C-contexts.csv,SOURCE_PROVED_NOT_YET_ADMITTED
TP07F484,00:D5D1:0:0:0,0x0055D1,AD1704,LDA,ABS,UNKNOWN,0,DBR:0417,V05C-contexts.csv,SOURCE_PROVED_NOT_YET_ADMITTED
TP07F484,00:D5D4:0:0:0,0x0055D4,0A,ASL,ACC,UNKNOWN,UNKNOWN,NONE,V05C-contexts.csv,SOURCE_PROVED_NOT_YET_ADMITTED
TP07F484,00:D5D5:0:0:0,0x0055D5,38,SEC,IMP,UNKNOWN,UNKNOWN,NONE,V05C-contexts.csv,SOURCE_PROVED_NOT_YET_ADMITTED
TP07F484,00:D5D6:0:0:0,0x0055D6,E90500,SBC,IMM_M,1,UNKNOWN,NONE,V05C-contexts.csv,SOURCE_PROVED_NOT_YET_ADMITTED
TP07F484,00:D5D9:0:0:0,0x0055D9,9716,STA,DP_IND_LONG_Y,UNKNOWN,UNKNOWN,NONE,V05C-contexts.csv,SOURCE_PROVED_NOT_YET_ADMITTED
TP07F484,00:D5DB:0:0:0,0x0055DB,E230,SEP,IMM8,UNKNOWN,UNKNOWN,NONE,V05C-contexts.csv,SOURCE_PROVED_NOT_YET_ADMITTED
TP07F484,00:D5DD:0:1:1,0x0055DD,AD0104,LDA,ABS,UNKNOWN,UNKNOWN,DBR:0401,V05C-contexts.csv,SOURCE_PROVED_NOT_YET_ADMITTED
TP07F484,00:D5E0:0:1:1,0x0055E0,CD0404,CMP,ABS,UNKNOWN,UNKNOWN,DBR:0404,V05C-contexts.csv,SOURCE_PROVED_NOT_YET_ADMITTED
TP07F484,00:D5E3:0:1:1,0x0055E3,F04B,BEQ,REL8,UNKNOWN,UNKNOWN,NONE,V05C-contexts.csv,SOURCE_PROVED_NOT_YET_ADMITTED
TP07F484,00:D5E5:0:1:1,0x0055E5,A016,LDY,IMM_X,UNKNOWN,0,NONE,V05C-contexts.csv,SOURCE_PROVED_NOT_YET_ADMITTED
TP07F484,00:D5E7:0:1:1,0x0055E7,AD0404,LDA,ABS,UNKNOWN,0,DBR:0404,V05C-contexts.csv,SOURCE_PROVED_NOT_YET_ADMITTED
TP07F484,00:D5EA:0:1:1,0x0055EA,9716,STA,DP_IND_LONG_Y,UNKNOWN,UNKNOWN,NONE,V05C-contexts.csv,SOURCE_PROVED_NOT_YET_ADMITTED
TP07F484,00:D5EC:0:1:1,0x0055EC,C230,REP,IMM8,UNKNOWN,UNKNOWN,NONE,V05C-contexts.csv,SOURCE_PROVED_NOT_YET_ADMITTED
TP07F484,00:D5EE:0:0:0,0x0055EE,A05A00,LDY,IMM_X,UNKNOWN,UNKNOWN,NONE,V05C-contexts.csv,SOURCE_PROVED_NOT_YET_ADMITTED
TP07F484,00:D5F1:0:0:0,0x0055F1,B716,LDA,DP_IND_LONG_Y,UNKNOWN,0,NONE,V05C-contexts.csv,SOURCE_PROVED_NOT_YET_ADMITTED
TP07F484,00:D5F3:0:0:0,0x0055F3,29FF00,AND,IMM_M,UNKNOWN,UNKNOWN,NONE,V05C-contexts.csv,SOURCE_PROVED_NOT_YET_ADMITTED
TP07F484,00:D5F6:0:0:0,0x0055F6,A8,TAY,IMP,UNKNOWN,UNKNOWN,NONE,V05C-contexts.csv,SOURCE_PROVED_NOT_YET_ADMITTED
TP07F484,00:D5F7:0:0:0,0x0055F7,98,TYA,IMP,UNKNOWN,UNKNOWN,NONE,V05C-contexts.csv,SOURCE_PROVED_NOT_YET_ADMITTED
TP07F484,00:D5F8:0:0:0,0x0055F8,A92400,LDA,IMM_M,UNKNOWN,UNKNOWN,NONE,V05C-contexts.csv,SOURCE_PROVED_NOT_YET_ADMITTED
TP07F484,00:D5FB:0:0:0,0x0055FB,22A78004,JSL,ABSL_JUMP,UNKNOWN,0,NONE,V05C-contexts.csv,SOURCE_PROVED_NOT_YET_ADMITTED
TP07F484,00:D5FF:0:0:0,0x0055FF,A8,TAY,IMP,UNKNOWN,UNKNOWN,NONE,V05C-contexts.csv,SOURCE_PROVED_NOT_YET_ADMITTED
TP07F484,00:D600:0:0:0,0x005600,8D6400,STA,ABS,UNKNOWN,UNKNOWN,DBR:0064,V05C-contexts.csv,SOURCE_PROVED_NOT_YET_ADMITTED
TP07F484,00:D603:0:0:0,0x005603,A90000,LDA,IMM_M,UNKNOWN,UNKNOWN,NONE,V05C-contexts.csv,SOURCE_PROVED_NOT_YET_ADMITTED
TP07F484,00:D606:0:0:0,0x005606,0A,ASL,ACC,UNKNOWN,1,NONE,V05C-contexts.csv,SOURCE_PROVED_NOT_YET_ADMITTED
TP07F484,00:D607:0:0:0,0x005607,18,CLC,IMP,UNKNOWN,UNKNOWN,NONE,V05C-contexts.csv,SOURCE_PROVED_NOT_YET_ADMITTED
TP07F484,00:D608:0:0:0,0x005608,6D6400,ADC,ABS,0,UNKNOWN,DBR:0064,V05C-contexts.csv,SOURCE_PROVED_NOT_YET_ADMITTED
TP07F484,00:D60B:0:0:0,0x00560B,8D6400,STA,ABS,UNKNOWN,UNKNOWN,DBR:0064,V05C-contexts.csv,SOURCE_PROVED_NOT_YET_ADMITTED
TP07F484,00:D60E:0:0:0,0x00560E,AA,TAX,IMP,UNKNOWN,UNKNOWN,NONE,V05C-contexts.csv,SOURCE_PROVED_NOT_YET_ADMITTED
TP07F484,00:D60F:0:0:0,0x00560F,BF16C301,LDA,ABSL_X,UNKNOWN,UNKNOWN,01:C316+X,V05C-contexts.csv,SOURCE_PROVED_NOT_YET_ADMITTED
TP07F484,00:D613:0:0:0,0x005613,8D6400,STA,ABS,UNKNOWN,UNKNOWN,DBR:0064,V05C-contexts.csv,SOURCE_PROVED_NOT_YET_ADMITTED
TP07F484,00:D616:0:0:0,0x005616,A01600,LDY,IMM_X,UNKNOWN,UNKNOWN,NONE,V05C-contexts.csv,SOURCE_PROVED_NOT_YET_ADMITTED
TP07F484,00:D619:0:0:0,0x005619,B716,LDA,DP_IND_LONG_Y,UNKNOWN,0,NONE,V05C-contexts.csv,SOURCE_PROVED_NOT_YET_ADMITTED
TP07F484,00:D61B:0:0:0,0x00561B,29FF00,AND,IMM_M,UNKNOWN,UNKNOWN,NONE,V05C-contexts.csv,SOURCE_PROVED_NOT_YET_ADMITTED
TP07F484,00:D61E:0:0:0,0x00561E,18,CLC,IMP,UNKNOWN,UNKNOWN,NONE,V05C-contexts.csv,SOURCE_PROVED_NOT_YET_ADMITTED
TP07F484,00:D61F:0:0:0,0x00561F,6D6400,ADC,ABS,0,UNKNOWN,DBR:0064,V05C-contexts.csv,SOURCE_PROVED_NOT_YET_ADMITTED
TP07F484,00:D622:0:0:0,0x005622,0A,ASL,ACC,UNKNOWN,UNKNOWN,NONE,V05C-contexts.csv,SOURCE_PROVED_NOT_YET_ADMITTED
TP07F484,00:D623:0:0:0,0x005623,AA,TAX,IMP,UNKNOWN,UNKNOWN,NONE,V05C-contexts.csv,SOURCE_PROVED_NOT_YET_ADMITTED
TP07F484,00:D624:0:0:0,0x005624,BFC29305,LDA,ABSL_X,UNKNOWN,UNKNOWN,05:93C2+X,V05C-contexts.csv,SOURCE_PROVED_NOT_YET_ADMITTED
TP07F484,00:D628:0:0:0,0x005628,E210,SEP,IMM8,UNKNOWN,UNKNOWN,NONE,V05C-contexts.csv,SOURCE_PROVED_NOT_YET_ADMITTED
TP07F484,00:D62A:0:0:1,0x00562A,C220,REP,IMM8,UNKNOWN,UNKNOWN,NONE,V05C-contexts.csv,SOURCE_PROVED_NOT_YET_ADMITTED
TP07F484,00:D62C:0:0:1,0x00562C,A00E,LDY,IMM_X,UNKNOWN,UNKNOWN,NONE,V05C-contexts.csv,SOURCE_PROVED_NOT_YET_ADMITTED
TP07F484,00:D62E:0:0:1,0x00562E,9716,STA,DP_IND_LONG_Y,UNKNOWN,0,NONE,V05C-contexts.csv,SOURCE_PROVED_NOT_YET_ADMITTED
TP07F484,00:D630:0:0:1,0x005630,C230,REP,IMM8,UNKNOWN,0,NONE,V05C-contexts.csv,SOURCE_PROVED_NOT_YET_ADMITTED
TP07F484,00:D630:0:1:1,0x005630,C230,REP,IMM8,UNKNOWN,1,NONE,V05C-contexts.csv,SOURCE_PROVED_NOT_YET_ADMITTED
TP07F484,00:D632:0:0:0,0x005632,A90100,LDA,IMM_M,UNKNOWN,0|1,NONE,V05C-contexts.csv,SOURCE_PROVED_NOT_YET_ADMITTED
TP07F484,00:D635:0:0:0,0x005635,826B06,BRL,REL16,UNKNOWN,0,NONE,V05C-contexts.csv,SOURCE_PROVED_NOT_YET_ADMITTED
TP07F484,00:D638:0:0:0,0x005638,8012,BRA,REL8,UNKNOWN|0|1,UNKNOWN|0|1,NONE,V05C-contexts.csv,SOURCE_PROVED_NOT_YET_ADMITTED
TP07F484,00:D63A:0:1:1,0x00563A,E230,SEP,IMM8,UNKNOWN,1,NONE,V05C-contexts.csv,SOURCE_PROVED_NOT_YET_ADMITTED
TP07F484,00:D63C:0:1:1,0x00563C,A009,LDY,IMM_X,UNKNOWN,1,NONE,V05C-contexts.csv,SOURCE_PROVED_NOT_YET_ADMITTED
TP07F484,00:D63E:0:1:1,0x00563E,B716,LDA,DP_IND_LONG_Y,UNKNOWN,0,NONE,V05C-contexts.csv,SOURCE_PROVED_NOT_YET_ADMITTED
TP07F484,00:D640:0:1:1,0x005640,2902,AND,IMM_M,UNKNOWN,UNKNOWN,NONE,V05C-contexts.csv,SOURCE_PROVED_NOT_YET_ADMITTED
TP07F484,00:D642:0:1:1,0x005642,D002,BNE,REL8,UNKNOWN,UNKNOWN,NONE,V05C-contexts.csv,SOURCE_PROVED_NOT_YET_ADMITTED
TP07F484,00:D644:0:1:1,0x005644,8006,BRA,REL8,UNKNOWN,1,NONE,V05C-contexts.csv,SOURCE_PROVED_NOT_YET_ADMITTED
TP07F484,00:D646:0:1:1,0x005646,B716,LDA,DP_IND_LONG_Y,UNKNOWN,0,NONE,V05C-contexts.csv,SOURCE_PROVED_NOT_YET_ADMITTED
TP07F484,00:D648:0:1:1,0x005648,29FD,AND,IMM_M,UNKNOWN,UNKNOWN,NONE,V05C-contexts.csv,SOURCE_PROVED_NOT_YET_ADMITTED
TP07F484,00:D64A:0:1:1,0x00564A,9716,STA,DP_IND_LONG_Y,UNKNOWN,UNKNOWN,NONE,V05C-contexts.csv,SOURCE_PROVED_NOT_YET_ADMITTED
TP07F484,00:D64C:0:0:0,0x00564C,82C502,BRL,REL16,UNKNOWN|0|1,UNKNOWN|0|1,NONE,V05C-contexts.csv,SOURCE_PROVED_NOT_YET_ADMITTED
TP07F484,00:D64C:0:0:1,0x00564C,82C502,BRL,REL16,UNKNOWN|0,1,NONE,V05C-contexts.csv,SOURCE_PROVED_NOT_YET_ADMITTED
TP07F484,00:D64C:0:1:1,0x00564C,82C502,BRL,REL16,UNKNOWN|0,UNKNOWN|1,NONE,V05C-contexts.csv,SOURCE_PROVED_NOT_YET_ADMITTED
TP07F484,00:D64F:0:0:0,0x00564F,AD1D04,LDA,ABS,UNKNOWN,1,DBR:041D,V05C-contexts.csv,SOURCE_PROVED_NOT_YET_ADMITTED
TP07F484,00:D652:0:0:0,0x005652,291000,AND,IMM_M,UNKNOWN,UNKNOWN,NONE,V05C-contexts.csv,SOURCE_PROVED_NOT_YET_ADMITTED
TP07F484,00:D655:0:0:0,0x005655,D003,BNE,REL8,UNKNOWN,UNKNOWN,NONE,V05C-contexts.csv,SOURCE_PROVED_NOT_YET_ADMITTED
TP07F484,00:D657:0:0:0,0x005657,821B01,BRL,REL16,UNKNOWN,1,NONE,V05C-contexts.csv,SOURCE_PROVED_NOT_YET_ADMITTED
TP07F484,00:D65A:0:0:0,0x00565A,E210,SEP,IMM8,UNKNOWN,0,NONE,V05C-contexts.csv,SOURCE_PROVED_NOT_YET_ADMITTED
TP07F484,00:D65C:0:0:1,0x00565C,C220,REP,IMM8,UNKNOWN,0,NONE,V05C-contexts.csv,SOURCE_PROVED_NOT_YET_ADMITTED
TP07F484,00:D65E:0:0:1,0x00565E,AD1600,LDA,ABS,UNKNOWN,0,DBR:0016,V05C-contexts.csv,SOURCE_PROVED_NOT_YET_ADMITTED
TP07F484,00:D661:0:0:1,0x005661,8D8A07,STA,ABS,UNKNOWN,UNKNOWN,DBR:078A,V05C-contexts.csv,SOURCE_PROVED_NOT_YET_ADMITTED
TP07F484,00:D664:0:0:1,0x005664,AE1800,LDX,ABS,UNKNOWN,UNKNOWN,DBR:0018,V05C-contexts.csv,SOURCE_PROVED_NOT_YET_ADMITTED
TP07F484,00:D667:0:0:1,0x005667,8E8C07,STX,ABS,UNKNOWN,UNKNOWN,DBR:078C,V05C-contexts.csv,SOURCE_PROVED_NOT_YET_ADMITTED
TP07F484,00:D66A:0:0:1,0x00566A,AE4800,LDX,ABS,UNKNOWN,UNKNOWN,DBR:0048,V05C-contexts.csv,SOURCE_PROVED_NOT_YET_ADMITTED
TP07F484,00:D66D:0:0:1,0x00566D,8E9007,STX,ABS,UNKNOWN,UNKNOWN,DBR:0790,V05C-contexts.csv,SOURCE_PROVED_NOT_YET_ADMITTED
TP07F484,00:D670:0:0:1,0x005670,AC0404,LDY,ABS,UNKNOWN,UNKNOWN,DBR:0404,V05C-contexts.csv,SOURCE_PROVED_NOT_YET_ADMITTED
TP07F484,00:D673:0:0:1,0x005673,C230,REP,IMM8,UNKNOWN,UNKNOWN,NONE,V05C-contexts.csv,SOURCE_PROVED_NOT_YET_ADMITTED
TP07F484,00:D675:0:0:0,0x005675,98,TYA,IMP,UNKNOWN,UNKNOWN,NONE,V05C-contexts.csv,SOURCE_PROVED_NOT_YET_ADMITTED
TP07F484,00:D676:0:0:0,0x005676,0A,ASL,ACC,UNKNOWN,UNKNOWN,NONE,V05C-contexts.csv,SOURCE_PROVED_NOT_YET_ADMITTED
TP07F484,00:D677:0:0:0,0x005677,A8,TAY,IMP,UNKNOWN,UNKNOWN,NONE,V05C-contexts.csv,SOURCE_PROVED_NOT_YET_ADMITTED
TP07F484,00:D678:0:0:0,0x005678,BB,TYX,IMP,UNKNOWN,UNKNOWN,NONE,V05C-contexts.csv,SOURCE_PROVED_NOT_YET_ADMITTED
TP07F484,00:D679:0:0:0,0x005679,BF198E01,LDA,ABSL_X,UNKNOWN,UNKNOWN,01:8E19+X,V05C-contexts.csv,SOURCE_PROVED_NOT_YET_ADMITTED
TP07F484,00:D67D:0:0:0,0x00567D,A8,TAY,IMP,UNKNOWN,UNKNOWN,NONE,V05C-contexts.csv,SOURCE_PROVED_NOT_YET_ADMITTED
TP07F484,00:D67E:0:0:0,0x00567E,98,TYA,IMP,UNKNOWN,UNKNOWN,NONE,V05C-contexts.csv,SOURCE_PROVED_NOT_YET_ADMITTED
TP07F484,00:D67F:0:0:0,0x00567F,0A,ASL,ACC,UNKNOWN,UNKNOWN,NONE,V05C-contexts.csv,SOURCE_PROVED_NOT_YET_ADMITTED
TP07F484,00:D680:0:0:0,0x005680,0A,ASL,ACC,UNKNOWN,UNKNOWN,NONE,V05C-contexts.csv,SOURCE_PROVED_NOT_YET_ADMITTED
TP07F484,00:D681:0:0:0,0x005681,A8,TAY,IMP,UNKNOWN,UNKNOWN,NONE,V05C-contexts.csv,SOURCE_PROVED_NOT_YET_ADMITTED
TP07F484,00:D682:0:0:0,0x005682,18,CLC,IMP,UNKNOWN,UNKNOWN,NONE,V05C-contexts.csv,SOURCE_PROVED_NOT_YET_ADMITTED
TP07F484,00:D683:0:0:0,0x005683,6D4600,ADC,ABS,0,UNKNOWN,DBR:0046,V05C-contexts.csv,SOURCE_PROVED_NOT_YET_ADMITTED
TP07F484,00:D686:0:0:0,0x005686,8D8E07,STA,ABS,UNKNOWN,UNKNOWN,DBR:078E,V05C-contexts.csv,SOURCE_PROVED_NOT_YET_ADMITTED
TP07F484,00:D689:0:0:0,0x005689,2061E7,JSR,ABS_JUMP,UNKNOWN,UNKNOWN,NONE,V05C-contexts.csv,SOURCE_PROVED_NOT_YET_ADMITTED
TP07F484,00:D68C:0:0:1,0x00568C,C230,REP,IMM8,UNKNOWN|0|1,UNKNOWN,NONE,V05C-contexts.csv,SOURCE_PROVED_NOT_YET_ADMITTED
TP07F484,00:D68E:0:0:0,0x00568E,ADA207,LDA,ABS,UNKNOWN|0|1,UNKNOWN,DBR:07A2,V05C-contexts.csv,SOURCE_PROVED_NOT_YET_ADMITTED
TP07F484,00:D691:0:0:0,0x005691,D003,BNE,REL8,UNKNOWN|0|1,UNKNOWN,NONE,V05C-contexts.csv,SOURCE_PROVED_NOT_YET_ADMITTED
TP07F484,00:D693:0:0:0,0x005693,82DC00,BRL,REL16,UNKNOWN|0|1,1,NONE,V05C-contexts.csv,SOURCE_PROVED_NOT_YET_ADMITTED
TP07F484,00:D696:0:0:0,0x005696,C230,REP,IMM8,UNKNOWN|0|1,0,NONE,V05C-contexts.csv,SOURCE_PROVED_NOT_YET_ADMITTED
TP07F484,00:D698:0:0:0,0x005698,AD0404,LDA,ABS,UNKNOWN|0|1,0,DBR:0404,V05C-contexts.csv,SOURCE_PROVED_NOT_YET_ADMITTED
TP07F484,00:D69B:0:0:0,0x00569B,29FF00,AND,IMM_M,UNKNOWN|0|1,UNKNOWN,NONE,V05C-contexts.csv,SOURCE_PROVED_NOT_YET_ADMITTED
TP07F484,00:D69E:0:0:0,0x00569E,A8,TAY,IMP,UNKNOWN|0|1,UNKNOWN,NONE,V05C-contexts.csv,SOURCE_PROVED_NOT_YET_ADMITTED
TP07F484,00:D69F:0:0:0,0x00569F,98,TYA,IMP,UNKNOWN|0|1,UNKNOWN,NONE,V05C-contexts.csv,SOURCE_PROVED_NOT_YET_ADMITTED
TP07F484,00:D6A0:0:0:0,0x0056A0,0A,ASL,ACC,UNKNOWN|0|1,UNKNOWN,NONE,V05C-contexts.csv,SOURCE_PROVED_NOT_YET_ADMITTED
TP07F484,00:D6A1:0:0:0,0x0056A1,A8,TAY,IMP,UNKNOWN,UNKNOWN,NONE,V05C-contexts.csv,SOURCE_PROVED_NOT_YET_ADMITTED
TP07F484,00:D6A2:0:0:0,0x0056A2,AA,TAX,IMP,UNKNOWN,UNKNOWN,NONE,V05C-contexts.csv,SOURCE_PROVED_NOT_YET_ADMITTED
TP07F484,00:D6A3:0:0:0,0x0056A3,BF198E01,LDA,ABSL_X,UNKNOWN,UNKNOWN,01:8E19+X,V05C-contexts.csv,SOURCE_PROVED_NOT_YET_ADMITTED
TP07F484,00:D6A7:0:0:0,0x0056A7,A8,TAY,IMP,UNKNOWN,UNKNOWN,NONE,V05C-contexts.csv,SOURCE_PROVED_NOT_YET_ADMITTED
TP07F484,00:D6A8:0:0:0,0x0056A8,98,TYA,IMP,UNKNOWN,UNKNOWN,NONE,V05C-contexts.csv,SOURCE_PROVED_NOT_YET_ADMITTED
TP07F484,00:D6A9:0:0:0,0x0056A9,0A,ASL,ACC,UNKNOWN,UNKNOWN,NONE,V05C-contexts.csv,SOURCE_PROVED_NOT_YET_ADMITTED
TP07F484,00:D6AA:0:0:0,0x0056AA,0A,ASL,ACC,UNKNOWN,UNKNOWN,NONE,V05C-contexts.csv,SOURCE_PROVED_NOT_YET_ADMITTED
TP07F484,00:D6AB:0:0:0,0x0056AB,A8,TAY,IMP,UNKNOWN,UNKNOWN,NONE,V05C-contexts.csv,SOURCE_PROVED_NOT_YET_ADMITTED
TP07F484,00:D6AC:0:0:0,0x0056AC,AE4600,LDX,ABS,UNKNOWN,UNKNOWN,DBR:0046,V05C-contexts.csv,SOURCE_PROVED_NOT_YET_ADMITTED
TP07F484,00:D6AF:0:0:0,0x0056AF,18,CLC,IMP,UNKNOWN,UNKNOWN,NONE,V05C-contexts.csv,SOURCE_PROVED_NOT_YET_ADMITTED
TP07F484,00:D6B0:0:0:0,0x0056B0,6D4600,ADC,ABS,0,UNKNOWN,DBR:0046,V05C-contexts.csv,SOURCE_PROVED_NOT_YET_ADMITTED
TP07F484,00:D6B3:0:0:0,0x0056B3,8D4600,STA,ABS,UNKNOWN,UNKNOWN,DBR:0046,V05C-contexts.csv,SOURCE_PROVED_NOT_YET_ADMITTED
TP07F484,00:D6B6:0:0:0,0x0056B6,A00000,LDY,IMM_X,UNKNOWN,UNKNOWN,NONE,V05C-contexts.csv,SOURCE_PROVED_NOT_YET_ADMITTED
TP07F484,00:D6B9:0:0:0,0x0056B9,B746,LDA,DP_IND_LONG_Y,UNKNOWN,1,NONE,V05C-contexts.csv,SOURCE_PROVED_NOT_YET_ADMITTED
TP07F484,00:D6BB:0:0:0,0x0056BB,8E4600,STX,ABS,UNKNOWN,UNKNOWN,DBR:0046,V05C-contexts.csv,SOURCE_PROVED_NOT_YET_ADMITTED
TP07F484,00:D6BE:0:0:0,0x0056BE,2085C2,JSR,ABS_JUMP,UNKNOWN,UNKNOWN,NONE,V05C-contexts.csv,SOURCE_PROVED_NOT_YET_ADMITTED
TP07F484,00:D6C1:0:0:1,0x0056C1,8D1C00,STA,ABS,UNKNOWN,UNKNOWN,DBR:001C,V05C-contexts.csv,SOURCE_PROVED_NOT_YET_ADMITTED
TP07F484,00:D6C4:0:0:1,0x0056C4,8E1E00,STX,ABS,UNKNOWN,UNKNOWN,DBR:001E,V05C-contexts.csv,SOURCE_PROVED_NOT_YET_ADMITTED
TP07F484,00:D6C7:0:0:1,0x0056C7,AD1C00,LDA,ABS,UNKNOWN,UNKNOWN,DBR:001C,V05C-contexts.csv,SOURCE_PROVED_NOT_YET_ADMITTED
TP07F484,00:D6CA:0:0:1,0x0056CA,CD3A00,CMP,ABS,UNKNOWN,UNKNOWN,DBR:003A,V05C-contexts.csv,SOURCE_PROVED_NOT_YET_ADMITTED
TP07F484,00:D6CD:0:0:1,0x0056CD,901E,BCC,REL8,UNKNOWN,UNKNOWN,NONE,V05C-contexts.csv,SOURCE_PROVED_NOT_YET_ADMITTED
TP07F484,00:D6CF:0:0:1,0x0056CF,F01C,BEQ,REL8,1,UNKNOWN,NONE,V05C-contexts.csv,SOURCE_PROVED_NOT_YET_ADMITTED
TP07F484,00:D6D1:0:0:1,0x0056D1,E230,SEP,IMM8,1,0,NONE,V05C-contexts.csv,SOURCE_PROVED_NOT_YET_ADMITTED
TP07F484,00:D6D3:0:1:1,0x0056D3,A010,LDY,IMM_X,1,0,NONE,V05C-contexts.csv,SOURCE_PROVED_NOT_YET_ADMITTED
TP07F484,00:D6D5:0:1:1,0x0056D5,B71C,LDA,DP_IND_LONG_Y,1,0,NONE,V05C-contexts.csv,SOURCE_PROVED_NOT_YET_ADMITTED
TP07F484,00:D6D7:0:1:1,0x0056D7,C90C,CMP,IMM_M,1,UNKNOWN,NONE,V05C-contexts.csv,SOURCE_PROVED_NOT_YET_ADMITTED
TP07F484,00:D6D9:0:1:1,0x0056D9,D000,BNE,REL8,UNKNOWN,UNKNOWN,NONE,V05C-contexts.csv,SOURCE_PROVED_NOT_YET_ADMITTED
TP07F484,00:D6DB:0:1:1,0x0056DB,C230,REP,IMM8,UNKNOWN,0|1,NONE,V05C-contexts.csv,SOURCE_PROVED_NOT_YET_ADMITTED
TP07F484,00:D6DD:0:0:0,0x0056DD,A00600,LDY,IMM_X,UNKNOWN,0|1,NONE,V05C-contexts.csv,SOURCE_PROVED_NOT_YET_ADMITTED
TP07F484,00:D6E0:0:0:0,0x0056E0,B71C,LDA,DP_IND_LONG_Y,UNKNOWN,0,NONE,V05C-contexts.csv,SOURCE_PROVED_NOT_YET_ADMITTED
TP07F484,00:D6E2:0:0:0,0x0056E2,2085C2,JSR,ABS_JUMP,UNKNOWN,UNKNOWN,NONE,V05C-contexts.csv,SOURCE_PROVED_NOT_YET_ADMITTED
TP07F484,00:D6E5:0:0:1,0x0056E5,8D1C00,STA,ABS,UNKNOWN,UNKNOWN,DBR:001C,V05C-contexts.csv,SOURCE_PROVED_NOT_YET_ADMITTED
TP07F484,00:D6E8:0:0:1,0x0056E8,8E1E00,STX,ABS,UNKNOWN,UNKNOWN,DBR:001E,V05C-contexts.csv,SOURCE_PROVED_NOT_YET_ADMITTED
TP07F484,00:D6EB:0:0:1,0x0056EB,80DA,BRA,REL8,UNKNOWN,UNKNOWN,NONE,V05C-contexts.csv,SOURCE_PROVED_NOT_YET_ADMITTED
TP07F484,00:D6ED:0:0:1,0x0056ED,2085B1,JSR,ABS_JUMP,0|1,UNKNOWN|1,NONE,V05C-contexts.csv,SOURCE_PROVED_NOT_YET_ADMITTED
TP07F484,00:D6F0:0:0:1,0x0056F0,E230,SEP,IMM8,UNKNOWN|0|1,UNKNOWN,NONE,V05C-contexts.csv,SOURCE_PROVED_NOT_YET_ADMITTED
TP07F484,00:D6F2:0:1:1,0x0056F2,ADA207,LDA,ABS,UNKNOWN|0|1,UNKNOWN,DBR:07A2,V05C-contexts.csv,SOURCE_PROVED_NOT_YET_ADMITTED
TP07F484,00:D6F5:0:1:1,0x0056F5,2903,AND,IMM_M,UNKNOWN|0|1,UNKNOWN,NONE,V05C-contexts.csv,SOURCE_PROVED_NOT_YET_ADMITTED
TP07F484,00:D6F7:0:1:1,0x0056F7,C903,CMP,IMM_M,UNKNOWN|0|1,UNKNOWN,NONE,V05C-contexts.csv,SOURCE_PROVED_NOT_YET_ADMITTED
TP07F484,00:D6F9:0:1:1,0x0056F9,F001,BEQ,REL8,UNKNOWN,UNKNOWN,NONE,V05C-contexts.csv,SOURCE_PROVED_NOT_YET_ADMITTED
TP07F484,00:D6FB:0:1:1,0x0056FB,1A,INC,ACC,UNKNOWN,0,NONE,V05C-contexts.csv,SOURCE_PROVED_NOT_YET_ADMITTED
TP07F484,00:D6FC:0:1:1,0x0056FC,A05B,LDY,IMM_X,UNKNOWN,UNKNOWN|1,NONE,V05C-contexts.csv,SOURCE_PROVED_NOT_YET_ADMITTED
TP07F484,00:D6FE:0:1:1,0x0056FE,9716,STA,DP_IND_LONG_Y,UNKNOWN,0,NONE,V05C-contexts.csv,SOURCE_PROVED_NOT_YET_ADMITTED
TP07F484,00:D700:0:1:1,0x005700,A010,LDY,IMM_X,UNKNOWN,0,NONE,V05C-contexts.csv,SOURCE_PROVED_NOT_YET_ADMITTED
TP07F484,00:D702:0:1:1,0x005702,A90A,LDA,IMM_M,UNKNOWN,0,NONE,V05C-contexts.csv,SOURCE_PROVED_NOT_YET_ADMITTED
TP07F484,00:D704:0:1:1,0x005704,9716,STA,DP_IND_LONG_Y,UNKNOWN,0,NONE,V05C-contexts.csv,SOURCE_PROVED_NOT_YET_ADMITTED
TP07F484,00:D706:0:1:1,0x005706,A009,LDY,IMM_X,UNKNOWN,0,NONE,V05C-contexts.csv,SOURCE_PROVED_NOT_YET_ADMITTED
TP07F484,00:D708:0:1:1,0x005708,B716,LDA,DP_IND_LONG_Y,UNKNOWN,0,NONE,V05C-contexts.csv,SOURCE_PROVED_NOT_YET_ADMITTED
TP07F484,00:D70A:0:1:1,0x00570A,0902,ORA,IMM_M,UNKNOWN,UNKNOWN,NONE,V05C-contexts.csv,SOURCE_PROVED_NOT_YET_ADMITTED
TP07F484,00:D70C:0:1:1,0x00570C,9716,STA,DP_IND_LONG_Y,UNKNOWN,UNKNOWN,NONE,V05C-contexts.csv,SOURCE_PROVED_NOT_YET_ADMITTED
TP07F484,00:D70E:0:1:1,0x00570E,AD0404,LDA,ABS,UNKNOWN,UNKNOWN,DBR:0404,V05C-contexts.csv,SOURCE_PROVED_NOT_YET_ADMITTED
TP07F484,00:D711:0:1:1,0x005711,CD0104,CMP,ABS,UNKNOWN,UNKNOWN,DBR:0401,V05C-contexts.csv,SOURCE_PROVED_NOT_YET_ADMITTED
TP07F484,00:D714:0:1:1,0x005714,F048,BEQ,REL8,UNKNOWN,UNKNOWN,NONE,V05C-contexts.csv,SOURCE_PROVED_NOT_YET_ADMITTED
TP07F484,00:D716:0:1:1,0x005716,A016,LDY,IMM_X,UNKNOWN,0,NONE,V05C-contexts.csv,SOURCE_PROVED_NOT_YET_ADMITTED
TP07F484,00:D718:0:1:1,0x005718,9716,STA,DP_IND_LONG_Y,UNKNOWN,0,NONE,V05C-contexts.csv,SOURCE_PROVED_NOT_YET_ADMITTED
TP07F484,00:D71A:0:1:1,0x00571A,C230,REP,IMM8,UNKNOWN,0,NONE,V05C-contexts.csv,SOURCE_PROVED_NOT_YET_ADMITTED
TP07F484,00:D71C:0:0:0,0x00571C,A05A00,LDY,IMM_X,UNKNOWN,0,NONE,V05C-contexts.csv,SOURCE_PROVED_NOT_YET_ADMITTED
TP07F484,00:D71F:0:0:0,0x00571F,B716,LDA,DP_IND_LONG_Y,UNKNOWN,0,NONE,V05C-contexts.csv,SOURCE_PROVED_NOT_YET_ADMITTED
TP07F484,00:D721:0:0:0,0x005721,29FF00,AND,IMM_M,UNKNOWN,UNKNOWN,NONE,V05C-contexts.csv,SOURCE_PROVED_NOT_YET_ADMITTED
TP07F484,00:D724:0:0:0,0x005724,A8,TAY,IMP,UNKNOWN,UNKNOWN,NONE,V05C-contexts.csv,SOURCE_PROVED_NOT_YET_ADMITTED
TP07F484,00:D725:0:0:0,0x005725,98,TYA,IMP,UNKNOWN,UNKNOWN,NONE,V05C-contexts.csv,SOURCE_PROVED_NOT_YET_ADMITTED
TP07F484,00:D726:0:0:0,0x005726,A92400,LDA,IMM_M,UNKNOWN,UNKNOWN,NONE,V05C-contexts.csv,SOURCE_PROVED_NOT_YET_ADMITTED
TP07F484,00:D729:0:0:0,0x005729,22A78004,JSL,ABSL_JUMP,UNKNOWN,0,NONE,V05C-contexts.csv,SOURCE_PROVED_NOT_YET_ADMITTED
TP07F484,00:D72D:0:0:0,0x00572D,A8,TAY,IMP,UNKNOWN,UNKNOWN,NONE,V05C-contexts.csv,SOURCE_PROVED_NOT_YET_ADMITTED
TP07F484,00:D72E:0:0:0,0x00572E,8D6400,STA,ABS,UNKNOWN,UNKNOWN,DBR:0064,V05C-contexts.csv,SOURCE_PROVED_NOT_YET_ADMITTED
TP07F484,00:D731:0:0:0,0x005731,A90000,LDA,IMM_M,UNKNOWN,UNKNOWN,NONE,V05C-contexts.csv,SOURCE_PROVED_NOT_YET_ADMITTED
TP07F484,00:D734:0:0:0,0x005734,0A,ASL,ACC,UNKNOWN,1,NONE,V05C-contexts.csv,SOURCE_PROVED_NOT_YET_ADMITTED
TP07F484,00:D735:0:0:0,0x005735,18,CLC,IMP,UNKNOWN,UNKNOWN,NONE,V05C-contexts.csv,SOURCE_PROVED_NOT_YET_ADMITTED
TP07F484,00:D736:0:0:0,0x005736,6D6400,ADC,ABS,0,UNKNOWN,DBR:0064,V05C-contexts.csv,SOURCE_PROVED_NOT_YET_ADMITTED
TP07F484,00:D739:0:0:0,0x005739,8D6400,STA,ABS,UNKNOWN,UNKNOWN,DBR:0064,V05C-contexts.csv,SOURCE_PROVED_NOT_YET_ADMITTED
TP07F484,00:D73C:0:0:0,0x00573C,AA,TAX,IMP,UNKNOWN,UNKNOWN,NONE,V05C-contexts.csv,SOURCE_PROVED_NOT_YET_ADMITTED
TP07F484,00:D73D:0:0:0,0x00573D,BF16C301,LDA,ABSL_X,UNKNOWN,UNKNOWN,01:C316+X,V05C-contexts.csv,SOURCE_PROVED_NOT_YET_ADMITTED
TP07F484,00:D741:0:0:0,0x005741,8D6400,STA,ABS,UNKNOWN,UNKNOWN,DBR:0064,V05C-contexts.csv,SOURCE_PROVED_NOT_YET_ADMITTED
TP07F484,00:D744:0:0:0,0x005744,A01600,LDY,IMM_X,UNKNOWN,UNKNOWN,NONE,V05C-contexts.csv,SOURCE_PROVED_NOT_YET_ADMITTED
TP07F484,00:D747:0:0:0,0x005747,B716,LDA,DP_IND_LONG_Y,UNKNOWN,0,NONE,V05C-contexts.csv,SOURCE_PROVED_NOT_YET_ADMITTED
TP07F484,00:D749:0:0:0,0x005749,29FF00,AND,IMM_M,UNKNOWN,UNKNOWN,NONE,V05C-contexts.csv,SOURCE_PROVED_NOT_YET_ADMITTED
TP07F484,00:D74C:0:0:0,0x00574C,18,CLC,IMP,UNKNOWN,UNKNOWN,NONE,V05C-contexts.csv,SOURCE_PROVED_NOT_YET_ADMITTED
TP07F484,00:D74D:0:0:0,0x00574D,6D6400,ADC,ABS,0,UNKNOWN,DBR:0064,V05C-contexts.csv,SOURCE_PROVED_NOT_YET_ADMITTED
TP07F484,00:D750:0:0:0,0x005750,0A,ASL,ACC,UNKNOWN,UNKNOWN,NONE,V05C-contexts.csv,SOURCE_PROVED_NOT_YET_ADMITTED
TP07F484,00:D751:0:0:0,0x005751,AA,TAX,IMP,UNKNOWN,UNKNOWN,NONE,V05C-contexts.csv,SOURCE_PROVED_NOT_YET_ADMITTED
TP07F484,00:D752:0:0:0,0x005752,BFC29305,LDA,ABSL_X,UNKNOWN,UNKNOWN,05:93C2+X,V05C-contexts.csv,SOURCE_PROVED_NOT_YET_ADMITTED
TP07F484,00:D756:0:0:0,0x005756,E210,SEP,IMM8,UNKNOWN,UNKNOWN,NONE,V05C-contexts.csv,SOURCE_PROVED_NOT_YET_ADMITTED
TP07F484,00:D758:0:0:1,0x005758,C220,REP,IMM8,UNKNOWN,UNKNOWN,NONE,V05C-contexts.csv,SOURCE_PROVED_NOT_YET_ADMITTED
TP07F484,00:D75A:0:0:1,0x00575A,A00E,LDY,IMM_X,UNKNOWN,UNKNOWN,NONE,V05C-contexts.csv,SOURCE_PROVED_NOT_YET_ADMITTED
TP07F484,00:D75C:0:0:1,0x00575C,9716,STA,DP_IND_LONG_Y,UNKNOWN,0,NONE,V05C-contexts.csv,SOURCE_PROVED_NOT_YET_ADMITTED
TP07F484,00:D75E:0:0:1,0x00575E,E230,SEP,IMM8,UNKNOWN,0,NONE,V05C-contexts.csv,SOURCE_PROVED_NOT_YET_ADMITTED
TP07F484,00:D75E:0:1:1,0x00575E,E230,SEP,IMM8,UNKNOWN,1,NONE,V05C-contexts.csv,SOURCE_PROVED_NOT_YET_ADMITTED
TP07F484,00:D760:0:1:1,0x005760,A00C,LDY,IMM_X,UNKNOWN,0|1,NONE,V05C-contexts.csv,SOURCE_PROVED_NOT_YET_ADMITTED
TP07F484,00:D762:0:1:1,0x005762,A980,LDA,IMM_M,UNKNOWN,0,NONE,V05C-contexts.csv,SOURCE_PROVED_NOT_YET_ADMITTED
TP07F484,00:D764:0:1:1,0x005764,9716,STA,DP_IND_LONG_Y,UNKNOWN,0,NONE,V05C-contexts.csv,SOURCE_PROVED_NOT_YET_ADMITTED
TP07F484,00:D766:0:1:1,0x005766,A00A,LDY,IMM_X,UNKNOWN,0,NONE,V05C-contexts.csv,SOURCE_PROVED_NOT_YET_ADMITTED
TP07F484,00:D768:0:1:1,0x005768,9716,STA,DP_IND_LONG_Y,UNKNOWN,0,NONE,V05C-contexts.csv,SOURCE_PROVED_NOT_YET_ADMITTED
TP07F484,00:D76A:0:1:1,0x00576A,C230,REP,IMM8,UNKNOWN,0,NONE,V05C-contexts.csv,SOURCE_PROVED_NOT_YET_ADMITTED
TP07F484,00:D76C:0:0:0,0x00576C,A90100,LDA,IMM_M,UNKNOWN,0,NONE,V05C-contexts.csv,SOURCE_PROVED_NOT_YET_ADMITTED
TP07F484,00:D76F:0:0:0,0x00576F,823105,BRL,REL16,UNKNOWN,0,NONE,V05C-contexts.csv,SOURCE_PROVED_NOT_YET_ADMITTED
TP07F484,00:D772:0:0:0,0x005772,829F01,BRL,REL16,UNKNOWN|0|1,1,NONE,V05C-contexts.csv,SOURCE_PROVED_NOT_YET_ADMITTED
TP07F484,00:D775:0:0:0,0x005775,AD1D04,LDA,ABS,UNKNOWN,1,DBR:041D,V05C-contexts.csv,SOURCE_PROVED_NOT_YET_ADMITTED
TP07F484,00:D778:0:0:0,0x005778,290080,AND,IMM_M,UNKNOWN,UNKNOWN,NONE,V05C-contexts.csv,SOURCE_PROVED_NOT_YET_ADMITTED
TP07F484,00:D77B:0:0:0,0x00577B,D003,BNE,REL8,UNKNOWN,UNKNOWN,NONE,V05C-contexts.csv,SOURCE_PROVED_NOT_YET_ADMITTED
TP07F484,00:D77D:0:0:0,0x00577D,828900,BRL,REL16,UNKNOWN,1,NONE,V05C-contexts.csv,SOURCE_PROVED_NOT_YET_ADMITTED
TP07F484,00:D780:0:0:0,0x005780,AD0404,LDA,ABS,UNKNOWN,0,DBR:0404,V05C-contexts.csv,SOURCE_PROVED_NOT_YET_ADMITTED
TP07F484,00:D783:0:0:0,0x005783,29FF00,AND,IMM_M,UNKNOWN,UNKNOWN,NONE,V05C-contexts.csv,SOURCE_PROVED_NOT_YET_ADMITTED
TP07F484,00:D786:0:0:0,0x005786,A8,TAY,IMP,UNKNOWN,UNKNOWN,NONE,V05C-contexts.csv,SOURCE_PROVED_NOT_YET_ADMITTED
TP07F484,00:D787:0:0:0,0x005787,98,TYA,IMP,UNKNOWN,UNKNOWN,NONE,V05C-contexts.csv,SOURCE_PROVED_NOT_YET_ADMITTED
TP07F484,00:D788:0:0:0,0x005788,0A,ASL,ACC,UNKNOWN,UNKNOWN,NONE,V05C-contexts.csv,SOURCE_PROVED_NOT_YET_ADMITTED
TP07F484,00:D789:0:0:0,0x005789,A8,TAY,IMP,UNKNOWN,UNKNOWN,NONE,V05C-contexts.csv,SOURCE_PROVED_NOT_YET_ADMITTED
TP07F484,00:D78A:0:0:0,0x00578A,AA,TAX,IMP,UNKNOWN,UNKNOWN,NONE,V05C-contexts.csv,SOURCE_PROVED_NOT_YET_ADMITTED
TP07F484,00:D78B:0:0:0,0x00578B,BF198E01,LDA,ABSL_X,UNKNOWN,UNKNOWN,01:8E19+X,V05C-contexts.csv,SOURCE_PROVED_NOT_YET_ADMITTED
TP07F484,00:D78F:0:0:0,0x00578F,A8,TAY,IMP,UNKNOWN,UNKNOWN,NONE,V05C-contexts.csv,SOURCE_PROVED_NOT_YET_ADMITTED
TP07F484,00:D790:0:0:0,0x005790,98,TYA,IMP,UNKNOWN,UNKNOWN,NONE,V05C-contexts.csv,SOURCE_PROVED_NOT_YET_ADMITTED
TP07F484,00:D791:0:0:0,0x005791,0A,ASL,ACC,UNKNOWN,UNKNOWN,NONE,V05C-contexts.csv,SOURCE_PROVED_NOT_YET_ADMITTED
TP07F484,00:D792:0:0:0,0x005792,0A,ASL,ACC,UNKNOWN,UNKNOWN,NONE,V05C-contexts.csv,SOURCE_PROVED_NOT_YET_ADMITTED
TP07F484,00:D793:0:0:0,0x005793,A8,TAY,IMP,UNKNOWN,UNKNOWN,NONE,V05C-contexts.csv,SOURCE_PROVED_NOT_YET_ADMITTED
TP07F484,00:D794:0:0:0,0x005794,18,CLC,IMP,UNKNOWN,UNKNOWN,NONE,V05C-contexts.csv,SOURCE_PROVED_NOT_YET_ADMITTED
TP07F484,00:D795:0:0:0,0x005795,6D4600,ADC,ABS,0,UNKNOWN,DBR:0046,V05C-contexts.csv,SOURCE_PROVED_NOT_YET_ADMITTED
TP07F484,00:D798:0:0:0,0x005798,8D8A07,STA,ABS,UNKNOWN,UNKNOWN,DBR:078A,V05C-contexts.csv,SOURCE_PROVED_NOT_YET_ADMITTED
TP07F484,00:D79B:0:0:0,0x00579B,A91800,LDA,IMM_M,UNKNOWN,UNKNOWN,NONE,V05C-contexts.csv,SOURCE_PROVED_NOT_YET_ADMITTED
TP07F484,00:D79E:0:0:0,0x00579E,8D8E07,STA,ABS,UNKNOWN,0,DBR:078E,V05C-contexts.csv,SOURCE_PROVED_NOT_YET_ADMITTED
TP07F484,00:D7A1:0:0:0,0x0057A1,E230,SEP,IMM8,UNKNOWN,0,NONE,V05C-contexts.csv,SOURCE_PROVED_NOT_YET_ADMITTED
TP07F484,00:D7A3:0:1:1,0x0057A3,AD4800,LDA,ABS,UNKNOWN,0,DBR:0048,V05C-contexts.csv,SOURCE_PROVED_NOT_YET_ADMITTED
TP07F484,00:D7A6:0:1:1,0x0057A6,8D8C07,STA,ABS,UNKNOWN,UNKNOWN,DBR:078C,V05C-contexts.csv,SOURCE_PROVED_NOT_YET_ADMITTED
TP07F484,00:D7A9:0:1:1,0x0057A9,222FA800,JSL,ABSL_JUMP,UNKNOWN,UNKNOWN,NONE,V05C-contexts.csv,SOURCE_PROVED_NOT_YET_ADMITTED
TP07F484,00:D7AD:0:0:1,0x0057AD,E210,SEP,IMM8,UNKNOWN|0,UNKNOWN,NONE,V05C-contexts.csv,SOURCE_PROVED_NOT_YET_ADMITTED
TP07F484,00:D7AF:0:0:1,0x0057AF,C220,REP,IMM8,UNKNOWN|0,UNKNOWN,NONE,V05C-contexts.csv,SOURCE_PROVED_NOT_YET_ADMITTED
TP07F484,00:D7B1:0:0:1,0x0057B1,AEA407,LDX,ABS,UNKNOWN|0,UNKNOWN,DBR:07A4,V05C-contexts.csv,SOURCE_PROVED_NOT_YET_ADMITTED
TP07F484,00:D7B4:0:0:1,0x0057B4,8E2400,STX,ABS,UNKNOWN|0,UNKNOWN,DBR:0024,V05C-contexts.csv,SOURCE_PROVED_NOT_YET_ADMITTED
TP07F484,00:D7B7:0:0:1,0x0057B7,ADA207,LDA,ABS,UNKNOWN|0,UNKNOWN,DBR:07A2,V05C-contexts.csv,SOURCE_PROVED_NOT_YET_ADMITTED
TP07F484,00:D7BA:0:0:1,0x0057BA,8D2200,STA,ABS,UNKNOWN|0,UNKNOWN,DBR:0022,V05C-contexts.csv,SOURCE_PROVED_NOT_YET_ADMITTED
TP07F484,00:D7BD:0:0:1,0x0057BD,CD3A00,CMP,ABS,UNKNOWN|0,UNKNOWN,DBR:003A,V05C-contexts.csv,SOURCE_PROVED_NOT_YET_ADMITTED
TP07F484,00:D7C0:0:0:1,0x0057C0,D003,BNE,REL8,UNKNOWN,UNKNOWN,NONE,V05C-contexts.csv,SOURCE_PROVED_NOT_YET_ADMITTED
TP07F484,00:D7C2:0:0:1,0x0057C2,824F01,BRL,REL16,UNKNOWN,1,NONE,V05C-contexts.csv,SOURCE_PROVED_NOT_YET_ADMITTED
TP07F484,00:D7C5:0:0:1,0x0057C5,E230,SEP,IMM8,UNKNOWN,0,NONE,V05C-contexts.csv,SOURCE_PROVED_NOT_YET_ADMITTED
TP07F484,00:D7C7:0:1:1,0x0057C7,A010,LDY,IMM_X,UNKNOWN,0,NONE,V05C-contexts.csv,SOURCE_PROVED_NOT_YET_ADMITTED
TP07F484,00:D7C9:0:1:1,0x0057C9,B722,LDA,DP_IND_LONG_Y,UNKNOWN,0,NONE,V05C-contexts.csv,SOURCE_PROVED_NOT_YET_ADMITTED
TP07F484,00:D7CB:0:1:1,0x0057CB,C904,CMP,IMM_M,UNKNOWN,UNKNOWN,NONE,V05C-contexts.csv,SOURCE_PROVED_NOT_YET_ADMITTED
TP07F484,00:D7CD:0:1:1,0x0057CD,F003,BEQ,REL8,UNKNOWN,UNKNOWN,NONE,V05C-contexts.csv,SOURCE_PROVED_NOT_YET_ADMITTED
TP07F484,00:D7CF:0:1:1,0x0057CF,824201,BRL,REL16,UNKNOWN,0,NONE,V05C-contexts.csv,SOURCE_PROVED_NOT_YET_ADMITTED
TP07F484,00:D7D2:0:1:1,0x0057D2,E210,SEP,IMM8,UNKNOWN,1,NONE,V05C-contexts.csv,SOURCE_PROVED_NOT_YET_ADMITTED
TP07F484,00:D7D4:0:1:1,0x0057D4,C220,REP,IMM8,UNKNOWN,1,NONE,V05C-contexts.csv,SOURCE_PROVED_NOT_YET_ADMITTED
TP07F484,00:D7D6:0:0:1,0x0057D6,A01A,LDY,IMM_X,UNKNOWN,1,NONE,V05C-contexts.csv,SOURCE_PROVED_NOT_YET_ADMITTED
TP07F484,00:D7D8:0:0:1,0x0057D8,B722,LDA,DP_IND_LONG_Y,UNKNOWN,0,NONE,V05C-contexts.csv,SOURCE_PROVED_NOT_YET_ADMITTED
TP07F484,00:D7DA:0:0:1,0x0057DA,18,CLC,IMP,UNKNOWN,UNKNOWN,NONE,V05C-contexts.csv,SOURCE_PROVED_NOT_YET_ADMITTED
TP07F484,00:D7DB:0:0:1,0x0057DB,C230,REP,IMM8,0,UNKNOWN,NONE,V05C-contexts.csv,SOURCE_PROVED_NOT_YET_ADMITTED
TP07F484,00:D7DD:0:0:0,0x0057DD,A8,TAY,IMP,0,UNKNOWN,NONE,V05C-contexts.csv,SOURCE_PROVED_NOT_YET_ADMITTED
TP07F484,00:D7DE:0:0:0,0x0057DE,98,TYA,IMP,0,UNKNOWN,NONE,V05C-contexts.csv,SOURCE_PROVED_NOT_YET_ADMITTED
TP07F484,00:D7DF:0:0:0,0x0057DF,A91800,LDA,IMM_M,0,UNKNOWN,NONE,V05C-contexts.csv,SOURCE_PROVED_NOT_YET_ADMITTED
TP07F484,00:D7E2:0:0:0,0x0057E2,22A78004,JSL,ABSL_JUMP,0,0,NONE,V05C-contexts.csv,SOURCE_PROVED_NOT_YET_ADMITTED
TP07F484,00:D7E6:0:0:0,0x0057E6,A8,TAY,IMP,UNKNOWN,UNKNOWN,NONE,V05C-contexts.csv,SOURCE_PROVED_NOT_YET_ADMITTED
TP07F484,00:D7E7:0:0:0,0x0057E7,E210,SEP,IMM8,UNKNOWN,UNKNOWN,NONE,V05C-contexts.csv,SOURCE_PROVED_NOT_YET_ADMITTED
TP07F484,00:D7E9:0:0:1,0x0057E9,C220,REP,IMM8,UNKNOWN,UNKNOWN,NONE,V05C-contexts.csv,SOURCE_PROVED_NOT_YET_ADMITTED
TP07F484,00:D7EB:0:0:1,0x0057EB,69E410,ADC,IMM_M,UNKNOWN,UNKNOWN,NONE,V05C-contexts.csv,SOURCE_PROVED_NOT_YET_ADMITTED
TP07F484,00:D7EE:0:0:1,0x0057EE,8D8E07,STA,ABS,UNKNOWN,UNKNOWN,DBR:078E,V05C-contexts.csv,SOURCE_PROVED_NOT_YET_ADMITTED
TP07F484,00:D7F1:0:0:1,0x0057F1,A200,LDX,IMM_X,UNKNOWN,UNKNOWN,NONE,V05C-contexts.csv,SOURCE_PROVED_NOT_YET_ADMITTED
TP07F484,00:D7F3:0:0:1,0x0057F3,8D9007,STA,ABS,UNKNOWN,1,DBR:0790,V05C-contexts.csv,SOURCE_PROVED_NOT_YET_ADMITTED
TP07F484,00:D7F6:0:0:1,0x0057F6,AD1600,LDA,ABS,UNKNOWN,1,DBR:0016,V05C-contexts.csv,SOURCE_PROVED_NOT_YET_ADMITTED
TP07F484,00:D7F9:0:0:1,0x0057F9,8D8A07,STA,ABS,UNKNOWN,UNKNOWN,DBR:078A,V05C-contexts.csv,SOURCE_PROVED_NOT_YET_ADMITTED
TP07F484,00:D7FC:0:0:1,0x0057FC,AE1800,LDX,ABS,UNKNOWN,UNKNOWN,DBR:0018,V05C-contexts.csv,SOURCE_PROVED_NOT_YET_ADMITTED
TP07F484,00:D7FF:0:0:1,0x0057FF,8E8C07,STX,ABS,UNKNOWN,UNKNOWN,DBR:078C,V05C-contexts.csv,SOURCE_PROVED_NOT_YET_ADMITTED
TP07F484,00:D802:0:0:1,0x005802,22DFB007,JSL,ABSL_JUMP,UNKNOWN,UNKNOWN,NONE,V05C-contexts.csv,SOURCE_PROVED_NOT_YET_ADMITTED
TP07F484,00:D806:0:0:1,0x005806,820B01,BRL,REL16,UNKNOWN,UNKNOWN,NONE,V05C-contexts.csv,SOURCE_PROVED_NOT_YET_ADMITTED
TP07F484,00:D809:0:0:0,0x005809,C230,REP,IMM8,UNKNOWN,1,NONE,V05C-contexts.csv,SOURCE_PROVED_NOT_YET_ADMITTED
TP07F484,00:D80B:0:0:0,0x00580B,AD0404,LDA,ABS,UNKNOWN,1,DBR:0404,V05C-contexts.csv,SOURCE_PROVED_NOT_YET_ADMITTED
TP07F484,00:D80E:0:0:0,0x00580E,29FF00,AND,IMM_M,UNKNOWN,UNKNOWN,NONE,V05C-contexts.csv,SOURCE_PROVED_NOT_YET_ADMITTED
TP07F484,00:D811:0:0:0,0x005811,A8,TAY,IMP,UNKNOWN,UNKNOWN,NONE,V05C-contexts.csv,SOURCE_PROVED_NOT_YET_ADMITTED
TP07F484,00:D812:0:0:0,0x005812,98,TYA,IMP,UNKNOWN,UNKNOWN,NONE,V05C-contexts.csv,SOURCE_PROVED_NOT_YET_ADMITTED
TP07F484,00:D813:0:0:0,0x005813,0A,ASL,ACC,UNKNOWN,UNKNOWN,NONE,V05C-contexts.csv,SOURCE_PROVED_NOT_YET_ADMITTED
TP07F484,00:D814:0:0:0,0x005814,A8,TAY,IMP,UNKNOWN,UNKNOWN,NONE,V05C-contexts.csv,SOURCE_PROVED_NOT_YET_ADMITTED
TP07F484,00:D815:0:0:0,0x005815,AA,TAX,IMP,UNKNOWN,UNKNOWN,NONE,V05C-contexts.csv,SOURCE_PROVED_NOT_YET_ADMITTED
TP07F484,00:D816:0:0:0,0x005816,BF198E01,LDA,ABSL_X,UNKNOWN,UNKNOWN,01:8E19+X,V05C-contexts.csv,SOURCE_PROVED_NOT_YET_ADMITTED
TP07F484,00:D81A:0:0:0,0x00581A,A8,TAY,IMP,UNKNOWN,UNKNOWN,NONE,V05C-contexts.csv,SOURCE_PROVED_NOT_YET_ADMITTED
TP07F484,00:D81B:0:0:0,0x00581B,98,TYA,IMP,UNKNOWN,UNKNOWN,NONE,V05C-contexts.csv,SOURCE_PROVED_NOT_YET_ADMITTED
TP07F484,00:D81C:0:0:0,0x00581C,0A,ASL,ACC,UNKNOWN,UNKNOWN,NONE,V05C-contexts.csv,SOURCE_PROVED_NOT_YET_ADMITTED
TP07F484,00:D81D:0:0:0,0x00581D,0A,ASL,ACC,UNKNOWN,UNKNOWN,NONE,V05C-contexts.csv,SOURCE_PROVED_NOT_YET_ADMITTED
TP07F484,00:D81E:0:0:0,0x00581E,A8,TAY,IMP,UNKNOWN,UNKNOWN,NONE,V05C-contexts.csv,SOURCE_PROVED_NOT_YET_ADMITTED
TP07F484,00:D81F:0:0:0,0x00581F,18,CLC,IMP,UNKNOWN,UNKNOWN,NONE,V05C-contexts.csv,SOURCE_PROVED_NOT_YET_ADMITTED
TP07F484,00:D820:0:0:0,0x005820,6D4600,ADC,ABS,0,UNKNOWN,DBR:0046,V05C-contexts.csv,SOURCE_PROVED_NOT_YET_ADMITTED
TP07F484,00:D823:0:0:0,0x005823,8D6400,STA,ABS,UNKNOWN,UNKNOWN,DBR:0064,V05C-contexts.csv,SOURCE_PROVED_NOT_YET_ADMITTED
TP07F484,00:D826:0:0:0,0x005826,E230,SEP,IMM8,UNKNOWN,UNKNOWN,NONE,V05C-contexts.csv,SOURCE_PROVED_NOT_YET_ADMITTED
TP07F484,00:D828:0:1:1,0x005828,AD4800,LDA,ABS,UNKNOWN,UNKNOWN,DBR:0048,V05C-contexts.csv,SOURCE_PROVED_NOT_YET_ADMITTED
TP07F484,00:D82B:0:1:1,0x00582B,8D6600,STA,ABS,UNKNOWN,UNKNOWN,DBR:0066,V05C-contexts.csv,SOURCE_PROVED_NOT_YET_ADMITTED
TP07F484,00:D82E:0:1:1,0x00582E,A003,LDY,IMM_X,UNKNOWN,UNKNOWN,NONE,V05C-contexts.csv,SOURCE_PROVED_NOT_YET_ADMITTED
TP07F484,00:D830:0:1:1,0x005830,B764,LDA,DP_IND_LONG_Y,UNKNOWN,0,NONE,V05C-contexts.csv,SOURCE_PROVED_NOT_YET_ADMITTED
TP07F484,00:D832:0:1:1,0x005832,2904,AND,IMM_M,UNKNOWN,UNKNOWN,NONE,V05C-contexts.csv,SOURCE_PROVED_NOT_YET_ADMITTED
TP07F484,00:D834:0:1:1,0x005834,F02B,BEQ,REL8,UNKNOWN,UNKNOWN,NONE,V05C-contexts.csv,SOURCE_PROVED_NOT_YET_ADMITTED
TP07F484,00:D836:0:1:1,0x005836,B764,LDA,DP_IND_LONG_Y,UNKNOWN,0,NONE,V05C-contexts.csv,SOURCE_PROVED_NOT_YET_ADMITTED
TP07F484,00:D838:0:1:1,0x005838,2903,AND,IMM_M,UNKNOWN,UNKNOWN,NONE,V05C-contexts.csv,SOURCE_PROVED_NOT_YET_ADMITTED
TP07F484,00:D83A:0:1:1,0x00583A,8D6400,STA,ABS,UNKNOWN,UNKNOWN,DBR:0064,V05C-contexts.csv,SOURCE_PROVED_NOT_YET_ADMITTED
TP07F484,00:D83D:0:1:1,0x00583D,AD0404,LDA,ABS,UNKNOWN,UNKNOWN,DBR:0404,V05C-contexts.csv,SOURCE_PROVED_NOT_YET_ADMITTED
TP07F484,00:D840:0:1:1,0x005840,0A,ASL,ACC,UNKNOWN,UNKNOWN,NONE,V05C-contexts.csv,SOURCE_PROVED_NOT_YET_ADMITTED
TP07F484,00:D841:0:1:1,0x005841,AA,TAX,IMP,UNKNOWN,UNKNOWN,NONE,V05C-contexts.csv,SOURCE_PROVED_NOT_YET_ADMITTED
TP07F484,00:D842:0:1:1,0x005842,BFE38D01,LDA,ABSL_X,UNKNOWN,UNKNOWN,01:8DE3+X,V05C-contexts.csv,SOURCE_PROVED_NOT_YET_ADMITTED
TP07F484,00:D846:0:1:1,0x005846,CD6400,CMP,ABS,UNKNOWN,UNKNOWN,DBR:0064,V05C-contexts.csv,SOURCE_PROVED_NOT_YET_ADMITTED
TP07F484,00:D849:0:1:1,0x005849,D013,BNE,REL8,UNKNOWN,UNKNOWN,NONE,V05C-contexts.csv,SOURCE_PROVED_NOT_YET_ADMITTED
TP07F484,00:D84B:0:1:1,0x00584B,AE0404,LDX,ABS,UNKNOWN,1,DBR:0404,V05C-contexts.csv,SOURCE_PROVED_NOT_YET_ADMITTED
TP07F484,00:D84E:0:1:1,0x00584E,A901,LDA,IMM_M,UNKNOWN,UNKNOWN,NONE,V05C-contexts.csv,SOURCE_PROVED_NOT_YET_ADMITTED
TP07F484,00:D850:0:1:1,0x005850,E000,CPX,IMM_X,UNKNOWN,0,NONE,V05C-contexts.csv,SOURCE_PROVED_NOT_YET_ADMITTED
TP07F484,00:D852:0:1:1,0x005852,F004,BEQ,REL8,UNKNOWN,UNKNOWN,NONE,V05C-contexts.csv,SOURCE_PROVED_NOT_YET_ADMITTED
TP07F484,00:D854:0:1:1,0x005854,0A,ASL,ACC,UNKNOWN,0,NONE,V05C-contexts.csv,SOURCE_PROVED_NOT_YET_ADMITTED
TP07F484,00:D855:0:1:1,0x005855,CA,DEX,IMP,UNKNOWN,UNKNOWN,NONE,V05C-contexts.csv,SOURCE_PROVED_NOT_YET_ADMITTED
TP07F484,00:D856:0:1:1,0x005856,D0FC,BNE,REL8,UNKNOWN,UNKNOWN,NONE,V05C-contexts.csv,SOURCE_PROVED_NOT_YET_ADMITTED
TP07F484,00:D858:0:1:1,0x005858,0D0004,ORA,ABS,UNKNOWN,1,DBR:0400,V05C-contexts.csv,SOURCE_PROVED_NOT_YET_ADMITTED
TP07F484,00:D85B:0:1:1,0x00585B,8D0004,STA,ABS,UNKNOWN,UNKNOWN,DBR:0400,V05C-contexts.csv,SOURCE_PROVED_NOT_YET_ADMITTED
TP07F484,00:D85E:0:1:1,0x00585E,82B300,BRL,REL16,UNKNOWN,UNKNOWN|0,NONE,V05C-contexts.csv,SOURCE_PROVED_NOT_YET_ADMITTED
TP07F484,00:D861:0:1:1,0x005861,C230,REP,IMM8,UNKNOWN,1,NONE,V05C-contexts.csv,SOURCE_PROVED_NOT_YET_ADMITTED
TP07F484,00:D863:0:0:0,0x005863,AD0404,LDA,ABS,UNKNOWN,1,DBR:0404,V05C-contexts.csv,SOURCE_PROVED_NOT_YET_ADMITTED
TP07F484,00:D866:0:0:0,0x005866,29FF00,AND,IMM_M,UNKNOWN,UNKNOWN,NONE,V05C-contexts.csv,SOURCE_PROVED_NOT_YET_ADMITTED
TP07F484,00:D869:0:0:0,0x005869,A8,TAY,IMP,UNKNOWN,UNKNOWN,NONE,V05C-contexts.csv,SOURCE_PROVED_NOT_YET_ADMITTED
TP07F484,00:D86A:0:0:0,0x00586A,98,TYA,IMP,UNKNOWN,UNKNOWN,NONE,V05C-contexts.csv,SOURCE_PROVED_NOT_YET_ADMITTED
TP07F484,00:D86B:0:0:0,0x00586B,0A,ASL,ACC,UNKNOWN,UNKNOWN,NONE,V05C-contexts.csv,SOURCE_PROVED_NOT_YET_ADMITTED
TP07F484,00:D86C:0:0:0,0x00586C,A8,TAY,IMP,UNKNOWN,UNKNOWN,NONE,V05C-contexts.csv,SOURCE_PROVED_NOT_YET_ADMITTED
TP07F484,00:D86D:0:0:0,0x00586D,0A,ASL,ACC,UNKNOWN,UNKNOWN,NONE,V05C-contexts.csv,SOURCE_PROVED_NOT_YET_ADMITTED
TP07F484,00:D86E:0:0:0,0x00586E,AA,TAX,IMP,UNKNOWN,UNKNOWN,NONE,V05C-contexts.csv,SOURCE_PROVED_NOT_YET_ADMITTED
TP07F484,00:D86F:0:0:0,0x00586F,BF198E01,LDA,ABSL_X,UNKNOWN,UNKNOWN,01:8E19+X,V05C-contexts.csv,SOURCE_PROVED_NOT_YET_ADMITTED
TP07F484,00:D873:0:0:0,0x005873,A8,TAY,IMP,UNKNOWN,UNKNOWN,NONE,V05C-contexts.csv,SOURCE_PROVED_NOT_YET_ADMITTED
TP07F484,00:D874:0:0:0,0x005874,98,TYA,IMP,UNKNOWN,UNKNOWN,NONE,V05C-contexts.csv,SOURCE_PROVED_NOT_YET_ADMITTED
TP07F484,00:D875:0:0:0,0x005875,0A,ASL,ACC,UNKNOWN,UNKNOWN,NONE,V05C-contexts.csv,SOURCE_PROVED_NOT_YET_ADMITTED
TP07F484,00:D876:0:0:0,0x005876,0A,ASL,ACC,UNKNOWN,UNKNOWN,NONE,V05C-contexts.csv,SOURCE_PROVED_NOT_YET_ADMITTED
TP07F484,00:D877:0:0:0,0x005877,A8,TAY,IMP,UNKNOWN,UNKNOWN,NONE,V05C-contexts.csv,SOURCE_PROVED_NOT_YET_ADMITTED
TP07F484,00:D878:0:0:0,0x005878,AC4600,LDY,ABS,UNKNOWN,UNKNOWN,DBR:0046,V05C-contexts.csv,SOURCE_PROVED_NOT_YET_ADMITTED
TP07F484,00:D87B:0:0:0,0x00587B,18,CLC,IMP,UNKNOWN,UNKNOWN,NONE,V05C-contexts.csv,SOURCE_PROVED_NOT_YET_ADMITTED
TP07F484,00:D87C:0:0:0,0x00587C,6D4600,ADC,ABS,0,UNKNOWN,DBR:0046,V05C-contexts.csv,SOURCE_PROVED_NOT_YET_ADMITTED
TP07F484,00:D87F:0:0:0,0x00587F,8D4600,STA,ABS,UNKNOWN,UNKNOWN,DBR:0046,V05C-contexts.csv,SOURCE_PROVED_NOT_YET_ADMITTED
TP07F484,00:D882:0:0:0,0x005882,A746,LDA,DP_IND_LONG,UNKNOWN,UNKNOWN,NONE,V05C-contexts.csv,SOURCE_PROVED_NOT_YET_ADMITTED
TP07F484,00:D884:0:0:0,0x005884,8C4600,STY,ABS,UNKNOWN,UNKNOWN,DBR:0046,V05C-contexts.csv,SOURCE_PROVED_NOT_YET_ADMITTED
TP07F484,00:D887:0:0:0,0x005887,8D1704,STA,ABS,UNKNOWN,UNKNOWN,DBR:0417,V05C-contexts.csv,SOURCE_PROVED_NOT_YET_ADMITTED
TP07F484,00:D88A:0:0:0,0x00588A,3003,BMI,REL8,UNKNOWN,UNKNOWN,NONE,V05C-contexts.csv,SOURCE_PROVED_NOT_YET_ADMITTED
TP07F484,00:D88C:0:0:0,0x00588C,4C14D9,JMP,ABS_JUMP,UNKNOWN,UNKNOWN,NONE,V05C-contexts.csv,SOURCE_PROVED_NOT_YET_ADMITTED
TP07F484,00:D88F:0:0:0,0x00588F,18,CLC,IMP,UNKNOWN,UNKNOWN,NONE,V05C-contexts.csv,SOURCE_PROVED_NOT_YET_ADMITTED
TP07F484,00:D890:0:0:0,0x005890,690A00,ADC,IMM_M,0,UNKNOWN,NONE,V05C-contexts.csv,SOURCE_PROVED_NOT_YET_ADMITTED
TP07F484,00:D893:0:0:0,0x005893,1003,BPL,REL8,UNKNOWN,UNKNOWN,NONE,V05C-contexts.csv,SOURCE_PROVED_NOT_YET_ADMITTED
TP07F484,00:D895:0:0:0,0x005895,4C14D9,JMP,ABS_JUMP,UNKNOWN,UNKNOWN,NONE,V05C-contexts.csv,SOURCE_PROVED_NOT_YET_ADMITTED
TP07F484,00:D898:0:0:0,0x005898,AD301F,LDA,ABS,UNKNOWN,UNKNOWN,DBR:1F30,V05C-contexts.csv,SOURCE_PROVED_NOT_YET_ADMITTED
TP07F484,00:D89B:0:0:0,0x00589B,8D8A07,STA,ABS,UNKNOWN,UNKNOWN,DBR:078A,V05C-contexts.csv,SOURCE_PROVED_NOT_YET_ADMITTED
TP07F484,00:D89E:0:0:0,0x00589E,AD321F,LDA,ABS,UNKNOWN,UNKNOWN,DBR:1F32,V05C-contexts.csv,SOURCE_PROVED_NOT_YET_ADMITTED
TP07F484,00:D8A1:0:0:0,0x0058A1,8D8C07,STA,ABS,UNKNOWN,UNKNOWN,DBR:078C,V05C-contexts.csv,SOURCE_PROVED_NOT_YET_ADMITTED
TP07F484,00:D8A4:0:0:0,0x0058A4,A98000,LDA,IMM_M,UNKNOWN,UNKNOWN,NONE,V05C-contexts.csv,SOURCE_PROVED_NOT_YET_ADMITTED
TP07F484,00:D8A7:0:0:0,0x0058A7,8D8E07,STA,ABS,UNKNOWN,0,DBR:078E,V05C-contexts.csv,SOURCE_PROVED_NOT_YET_ADMITTED
TP07F484,00:D8AA:0:0:0,0x0058AA,9C9007,STZ,ABS,UNKNOWN,0,DBR:0790,V05C-contexts.csv,SOURCE_PROVED_NOT_YET_ADMITTED
TP07F484,00:D8AD:0:0:0,0x0058AD,227EF807,JSL,ABSL_JUMP,UNKNOWN,0,NONE,V05C-contexts.csv,SOURCE_PROVED_NOT_YET_ADMITTED
TP07F484,00:D8B1:0:0:0,0x0058B1,AD8E07,LDA,ABS,UNKNOWN|0|1,UNKNOWN,DBR:078E,V05C-contexts.csv,SOURCE_PROVED_NOT_YET_ADMITTED
TP07F484,00:D8B4:0:0:0,0x0058B4,8D9207,STA,ABS,UNKNOWN|0|1,UNKNOWN,DBR:0792,V05C-contexts.csv,SOURCE_PROVED_NOT_YET_ADMITTED
TP07F484,00:D8B7:0:0:0,0x0058B7,38,SEC,IMP,UNKNOWN|0|1,UNKNOWN,NONE,V05C-contexts.csv,SOURCE_PROVED_NOT_YET_ADMITTED
TP07F484,00:D8B8:0:0:0,0x0058B8,A07C00,LDY,IMM_X,1,UNKNOWN,NONE,V05C-contexts.csv,SOURCE_PROVED_NOT_YET_ADMITTED
TP07F484,00:D8BB:0:0:0,0x0058BB,F716,SBC,DP_IND_LONG_Y,1,0,NONE,V05C-contexts.csv,SOURCE_PROVED_NOT_YET_ADMITTED
TP07F484,00:D8BD:0:0:0,0x0058BD,8D8E07,STA,ABS,UNKNOWN,UNKNOWN,DBR:078E,V05C-contexts.csv,SOURCE_PROVED_NOT_YET_ADMITTED
TP07F484,00:D8C0:0:0:0,0x0058C0,AD9007,LDA,ABS,UNKNOWN,UNKNOWN,DBR:0790,V05C-contexts.csv,SOURCE_PROVED_NOT_YET_ADMITTED
TP07F484,00:D8C3:0:0:0,0x0058C3,E90000,SBC,IMM_M,UNKNOWN,UNKNOWN,NONE,V05C-contexts.csv,SOURCE_PROVED_NOT_YET_ADMITTED
TP07F484,00:D8C6:0:0:0,0x0058C6,304C,BMI,REL8,UNKNOWN,UNKNOWN,NONE,V05C-contexts.csv,SOURCE_PROVED_NOT_YET_ADMITTED
TP07F484,00:D8C8:0:0:0,0x0058C8,D005,BNE,REL8,UNKNOWN,UNKNOWN,NONE,V05C-contexts.csv,SOURCE_PROVED_NOT_YET_ADMITTED
TP07F484,00:D8CA:0:0:0,0x0058CA,AD8E07,LDA,ABS,UNKNOWN,1,DBR:078E,V05C-contexts.csv,SOURCE_PROVED_NOT_YET_ADMITTED
TP07F484,00:D8CD:0:0:0,0x0058CD,F045,BEQ,REL8,UNKNOWN,UNKNOWN,NONE,V05C-contexts.csv,SOURCE_PROVED_NOT_YET_ADMITTED
TP07F484,00:D8CF:0:0:0,0x0058CF,9C1504,STZ,ABS,UNKNOWN,0,DBR:0415,V05C-contexts.csv,SOURCE_PROVED_NOT_YET_ADMITTED
TP07F484,00:D8D2:0:0:0,0x0058D2,AC1504,LDY,ABS,UNKNOWN,UNKNOWN|0,DBR:0415,V05C-contexts.csv,SOURCE_PROVED_NOT_YET_ADMITTED
TP07F484,00:D8D5:0:0:0,0x0058D5,98,TYA,IMP,UNKNOWN,UNKNOWN,NONE,V05C-contexts.csv,SOURCE_PROVED_NOT_YET_ADMITTED
TP07F484,00:D8D6:0:0:0,0x0058D6,A91800,LDA,IMM_M,UNKNOWN,UNKNOWN,NONE,V05C-contexts.csv,SOURCE_PROVED_NOT_YET_ADMITTED
TP07F484,00:D8D9:0:0:0,0x0058D9,22A78004,JSL,ABSL_JUMP,UNKNOWN,0,NONE,V05C-contexts.csv,SOURCE_PROVED_NOT_YET_ADMITTED
TP07F484,00:D8DD:0:0:0,0x0058DD,A8,TAY,IMP,UNKNOWN,UNKNOWN,NONE,V05C-contexts.csv,SOURCE_PROVED_NOT_YET_ADMITTED
TP07F484,00:D8DE:0:0:0,0x0058DE,B9E410,LDA,ABS_Y,UNKNOWN,UNKNOWN,NONE,V05C-contexts.csv,SOURCE_PROVED_NOT_YET_ADMITTED
TP07F484,00:D8E1:0:0:0,0x0058E1,F031,BEQ,REL8,UNKNOWN,UNKNOWN,NONE,V05C-contexts.csv,SOURCE_PROVED_NOT_YET_ADMITTED
TP07F484,00:D8E3:0:0:0,0x0058E3,B9E810,LDA,ABS_Y,UNKNOWN,0,NONE,V05C-contexts.csv,SOURCE_PROVED_NOT_YET_ADMITTED
TP07F484,00:D8E6:0:0:0,0x0058E6,CD1704,CMP,ABS,UNKNOWN,UNKNOWN,DBR:0417,V05C-contexts.csv,SOURCE_PROVED_NOT_YET_ADMITTED
TP07F484,00:D8E9:0:0:0,0x0058E9,D024,BNE,REL8,UNKNOWN,UNKNOWN,NONE,V05C-contexts.csv,SOURCE_PROVED_NOT_YET_ADMITTED
TP07F484,00:D8EB:0:0:0,0x0058EB,98,TYA,IMP,UNKNOWN,1,NONE,V05C-contexts.csv,SOURCE_PROVED_NOT_YET_ADMITTED
TP07F484,00:D8EC:0:0:0,0x0058EC,18,CLC,IMP,UNKNOWN,UNKNOWN,NONE,V05C-contexts.csv,SOURCE_PROVED_NOT_YET_ADMITTED
TP07F484,00:D8ED:0:0:0,0x0058ED,69E410,ADC,IMM_M,0,UNKNOWN,NONE,V05C-contexts.csv,SOURCE_PROVED_NOT_YET_ADMITTED
TP07F484,00:D8F0:0:0:0,0x0058F0,8D8E07,STA,ABS,UNKNOWN,UNKNOWN,DBR:078E,V05C-contexts.csv,SOURCE_PROVED_NOT_YET_ADMITTED
TP07F484,00:D8F3:0:0:0,0x0058F3,E210,SEP,IMM8,UNKNOWN,UNKNOWN,NONE,V05C-contexts.csv,SOURCE_PROVED_NOT_YET_ADMITTED
TP07F484,00:D8F5:0:0:1,0x0058F5,C220,REP,IMM8,UNKNOWN,UNKNOWN,NONE,V05C-contexts.csv,SOURCE_PROVED_NOT_YET_ADMITTED
TP07F484,00:D8F7:0:0:1,0x0058F7,A90000,LDA,IMM_M,UNKNOWN,UNKNOWN,NONE,V05C-contexts.csv,SOURCE_PROVED_NOT_YET_ADMITTED
TP07F484,00:D8FA:0:0:1,0x0058FA,8D9007,STA,ABS,UNKNOWN,1,DBR:0790,V05C-contexts.csv,SOURCE_PROVED_NOT_YET_ADMITTED
TP07F484,00:D8FD:0:0:1,0x0058FD,AD1600,LDA,ABS,UNKNOWN,1,DBR:0016,V05C-contexts.csv,SOURCE_PROVED_NOT_YET_ADMITTED
TP07F484,00:D900:0:0:1,0x005900,8D8A07,STA,ABS,UNKNOWN,UNKNOWN,DBR:078A,V05C-contexts.csv,SOURCE_PROVED_NOT_YET_ADMITTED
TP07F484,00:D903:0:0:1,0x005903,AE1800,LDX,ABS,UNKNOWN,UNKNOWN,DBR:0018,V05C-contexts.csv,SOURCE_PROVED_NOT_YET_ADMITTED
TP07F484,00:D906:0:0:1,0x005906,8E8C07,STX,ABS,UNKNOWN,UNKNOWN,DBR:078C,V05C-contexts.csv,SOURCE_PROVED_NOT_YET_ADMITTED
TP07F484,00:D909:0:0:1,0x005909,22DFB007,JSL,ABSL_JUMP,UNKNOWN,UNKNOWN,NONE,V05C-contexts.csv,SOURCE_PROVED_NOT_YET_ADMITTED
TP07F484,00:D90D:0:0:1,0x00590D,8005,BRA,REL8,UNKNOWN,UNKNOWN,NONE,V05C-contexts.csv,SOURCE_PROVED_NOT_YET_ADMITTED
TP07F484,00:D90F:0:0:0,0x00590F,EE1504,INC,ABS,UNKNOWN,0,DBR:0415,V05C-contexts.csv,SOURCE_PROVED_NOT_YET_ADMITTED
TP07F484,00:D912:0:0:0,0x005912,80BE,BRA,REL8,UNKNOWN,UNKNOWN,NONE,V05C-contexts.csv,SOURCE_PROVED_NOT_YET_ADMITTED
TP07F484,00:D914:0:0:0,0x005914,E230,SEP,IMM8,UNKNOWN|0|1,UNKNOWN|0|1,NONE,V05C-contexts.csv,SOURCE_PROVED_NOT_YET_ADMITTED
TP07F484,00:D914:0:0:1,0x005914,E230,SEP,IMM8,UNKNOWN|0,UNKNOWN|1,NONE,V05C-contexts.csv,SOURCE_PROVED_NOT_YET_ADMITTED
TP07F484,00:D914:0:1:1,0x005914,E230,SEP,IMM8,UNKNOWN|0,UNKNOWN|0|1,NONE,V05C-contexts.csv,SOURCE_PROVED_NOT_YET_ADMITTED
TP07F484,00:D916:0:1:1,0x005916,EE0404,INC,ABS,UNKNOWN|0|1,UNKNOWN|0|1,DBR:0404,V05C-contexts.csv,SOURCE_PROVED_NOT_YET_ADMITTED
TP07F484,00:D919:0:1:1,0x005919,82F8F7,BRL,REL16,UNKNOWN|0|1,UNKNOWN,NONE,V05C-contexts.csv,SOURCE_PROVED_NOT_YET_ADMITTED
TP07F484,00:D91C:0:1:1,0x00591C,E210,SEP,IMM8,1,UNKNOWN,NONE,V05C-contexts.csv,SOURCE_PROVED_NOT_YET_ADMITTED
TP07F484,00:D91E:0:1:1,0x00591E,C220,REP,IMM8,1,UNKNOWN,NONE,V05C-contexts.csv,SOURCE_PROVED_NOT_YET_ADMITTED
TP07F484,00:D920:0:0:1,0x005920,A00B,LDY,IMM_X,1,UNKNOWN,NONE,V05C-contexts.csv,SOURCE_PROVED_NOT_YET_ADMITTED
TP07F484,00:D922:0:0:1,0x005922,B716,LDA,DP_IND_LONG_Y,1,0,NONE,V05C-contexts.csv,SOURCE_PROVED_NOT_YET_ADMITTED
TP07F484,00:D924:0:0:1,0x005924,29FF00,AND,IMM_M,1,UNKNOWN,NONE,V05C-contexts.csv,SOURCE_PROVED_NOT_YET_ADMITTED
TP07F484,00:D927:0:0:1,0x005927,8D0604,STA,ABS,1,UNKNOWN,DBR:0406,V05C-contexts.csv,SOURCE_PROVED_NOT_YET_ADMITTED
TP07F484,00:D92A:0:0:1,0x00592A,A00D,LDY,IMM_X,1,UNKNOWN,NONE,V05C-contexts.csv,SOURCE_PROVED_NOT_YET_ADMITTED
TP07F484,00:D92C:0:0:1,0x00592C,B716,LDA,DP_IND_LONG_Y,1,0,NONE,V05C-contexts.csv,SOURCE_PROVED_NOT_YET_ADMITTED
TP07F484,00:D92E:0:0:1,0x00592E,29FF00,AND,IMM_M,1,UNKNOWN,NONE,V05C-contexts.csv,SOURCE_PROVED_NOT_YET_ADMITTED
TP07F484,00:D931:0:0:1,0x005931,8D0804,STA,ABS,1,UNKNOWN,DBR:0408,V05C-contexts.csv,SOURCE_PROVED_NOT_YET_ADMITTED
TP07F484,00:D934:0:0:1,0x005934,AD0804,LDA,ABS,1,UNKNOWN,DBR:0408,V05C-contexts.csv,SOURCE_PROVED_NOT_YET_ADMITTED
TP07F484,00:D937:0:0:1,0x005937,A240,LDX,IMM_X,1,UNKNOWN,NONE,V05C-contexts.csv,SOURCE_PROVED_NOT_YET_ADMITTED
TP07F484,00:D939:0:0:1,0x005939,E230,SEP,IMM8,1,0,NONE,V05C-contexts.csv,SOURCE_PROVED_NOT_YET_ADMITTED
TP07F484,00:D93B:0:1:1,0x00593B,8D1B21,STA,ABS,1,0,DBR:211B,V05C-contexts.csv,SOURCE_PROVED_NOT_YET_ADMITTED
TP07F484,00:D93E:0:1:1,0x00593E,EB,XBA,IMP,1,0,NONE,V05C-contexts.csv,SOURCE_PROVED_NOT_YET_ADMITTED
TP07F484,00:D93F:0:1:1,0x00593F,8D1B21,STA,ABS,1,UNKNOWN,DBR:211B,V05C-contexts.csv,SOURCE_PROVED_NOT_YET_ADMITTED
TP07F484,00:D942:0:1:1,0x005942,8E1C21,STX,ABS,1,UNKNOWN,DBR:211C,V05C-contexts.csv,SOURCE_PROVED_NOT_YET_ADMITTED
TP07F484,00:D945:0:1:1,0x005945,E210,SEP,IMM8,1,UNKNOWN,NONE,V05C-contexts.csv,SOURCE_PROVED_NOT_YET_ADMITTED
TP07F484,00:D947:0:1:1,0x005947,C220,REP,IMM8,1,UNKNOWN,NONE,V05C-contexts.csv,SOURCE_PROVED_NOT_YET_ADMITTED
TP07F484,00:D949:0:0:1,0x005949,AD3421,LDA,ABS,1,UNKNOWN,DBR:2134,V05C-contexts.csv,SOURCE_PROVED_NOT_YET_ADMITTED
TP07F484,00:D94C:0:0:1,0x00594C,AE3621,LDX,ABS,1,UNKNOWN,DBR:2136,V05C-contexts.csv,SOURCE_PROVED_NOT_YET_ADMITTED
TP07F484,00:D94F:0:0:1,0x00594F,18,CLC,IMP,1,UNKNOWN,NONE,V05C-contexts.csv,SOURCE_PROVED_NOT_YET_ADMITTED
TP07F484,00:D950:0:0:1,0x005950,6D0604,ADC,ABS,0,UNKNOWN,DBR:0406,V05C-contexts.csv,SOURCE_PROVED_NOT_YET_ADMITTED
TP07F484,00:D953:0:0:1,0x005953,8D0F04,STA,ABS,UNKNOWN,UNKNOWN,DBR:040F,V05C-contexts.csv,SOURCE_PROVED_NOT_YET_ADMITTED
TP07F484,00:D956:0:0:1,0x005956,C230,REP,IMM8,UNKNOWN,UNKNOWN,NONE,V05C-contexts.csv,SOURCE_PROVED_NOT_YET_ADMITTED
TP07F484,00:D958:0:0:0,0x005958,AC0F04,LDY,ABS,UNKNOWN,UNKNOWN,DBR:040F,V05C-contexts.csv,SOURCE_PROVED_NOT_YET_ADMITTED
TP07F484,00:D95B:0:0:0,0x00595B,98,TYA,IMP,UNKNOWN,UNKNOWN,NONE,V05C-contexts.csv,SOURCE_PROVED_NOT_YET_ADMITTED
TP07F484,00:D95C:0:0:0,0x00595C,0A,ASL,ACC,UNKNOWN,UNKNOWN,NONE,V05C-contexts.csv,SOURCE_PROVED_NOT_YET_ADMITTED
TP07F484,00:D95D:0:0:0,0x00595D,0A,ASL,ACC,UNKNOWN,UNKNOWN,NONE,V05C-contexts.csv,SOURCE_PROVED_NOT_YET_ADMITTED
TP07F484,00:D95E:0:0:0,0x00595E,A8,TAY,IMP,UNKNOWN,UNKNOWN,NONE,V05C-contexts.csv,SOURCE_PROVED_NOT_YET_ADMITTED
TP07F484,00:D95F:0:0:0,0x00595F,18,CLC,IMP,UNKNOWN,UNKNOWN,NONE,V05C-contexts.csv,SOURCE_PROVED_NOT_YET_ADMITTED
TP07F484,00:D960:0:0:0,0x005960,6D4F00,ADC,ABS,0,UNKNOWN,DBR:004F,V05C-contexts.csv,SOURCE_PROVED_NOT_YET_ADMITTED
TP07F484,00:D963:0:0:0,0x005963,8D1900,STA,ABS,UNKNOWN,UNKNOWN,DBR:0019,V05C-contexts.csv,SOURCE_PROVED_NOT_YET_ADMITTED
TP07F484,00:D966:0:0:0,0x005966,E230,SEP,IMM8,UNKNOWN,UNKNOWN,NONE,V05C-contexts.csv,SOURCE_PROVED_NOT_YET_ADMITTED
TP07F484,00:D968:0:1:1,0x005968,AD5100,LDA,ABS,UNKNOWN,UNKNOWN,DBR:0051,V05C-contexts.csv,SOURCE_PROVED_NOT_YET_ADMITTED
TP07F484,00:D96B:0:1:1,0x00596B,8D1B00,STA,ABS,UNKNOWN,UNKNOWN,DBR:001B,V05C-contexts.csv,SOURCE_PROVED_NOT_YET_ADMITTED
TP07F484,00:D96E:0:1:1,0x00596E,A002,LDY,IMM_X,UNKNOWN,UNKNOWN,NONE,V05C-contexts.csv,SOURCE_PROVED_NOT_YET_ADMITTED
TP07F484,00:D970:0:1:1,0x005970,B719,LDA,DP_IND_LONG_Y,UNKNOWN,0,NONE,V05C-contexts.csv,SOURCE_PROVED_NOT_YET_ADMITTED
TP07F484,00:D972:0:1:1,0x005972,C230,REP,IMM8,UNKNOWN,UNKNOWN,NONE,V05C-contexts.csv,SOURCE_PROVED_NOT_YET_ADMITTED
TP07F484,00:D974:0:0:0,0x005974,29FF00,AND,IMM_M,UNKNOWN,UNKNOWN,NONE,V05C-contexts.csv,SOURCE_PROVED_NOT_YET_ADMITTED
TP07F484,00:D977:0:0:0,0x005977,A8,TAY,IMP,UNKNOWN,UNKNOWN,NONE,V05C-contexts.csv,SOURCE_PROVED_NOT_YET_ADMITTED
TP07F484,00:D978:0:0:0,0x005978,98,TYA,IMP,UNKNOWN,UNKNOWN,NONE,V05C-contexts.csv,SOURCE_PROVED_NOT_YET_ADMITTED
TP07F484,00:D979:0:0:0,0x005979,0A,ASL,ACC,UNKNOWN,UNKNOWN,NONE,V05C-contexts.csv,SOURCE_PROVED_NOT_YET_ADMITTED
TP07F484,00:D97A:0:0:0,0x00597A,0A,ASL,ACC,UNKNOWN,UNKNOWN,NONE,V05C-contexts.csv,SOURCE_PROVED_NOT_YET_ADMITTED
TP07F484,00:D97B:0:0:0,0x00597B,A8,TAY,IMP,UNKNOWN,UNKNOWN,NONE,V05C-contexts.csv,SOURCE_PROVED_NOT_YET_ADMITTED
TP07F484,00:D97C:0:0:0,0x00597C,BB,TYX,IMP,UNKNOWN,UNKNOWN,NONE,V05C-contexts.csv,SOURCE_PROVED_NOT_YET_ADMITTED
TP07F484,00:D97D:0:0:0,0x00597D,E220,SEP,IMM8,UNKNOWN,UNKNOWN,NONE,V05C-contexts.csv,SOURCE_PROVED_NOT_YET_ADMITTED
TP07F484,00:D97F:0:1:0,0x00597F,C210,REP,IMM8,UNKNOWN,UNKNOWN,NONE,V05C-contexts.csv,SOURCE_PROVED_NOT_YET_ADMITTED
TP07F484,00:D981:0:1:0,0x005981,BFBA8801,LDA,ABSL_X,UNKNOWN,UNKNOWN,01:88BA+X,V05C-contexts.csv,SOURCE_PROVED_NOT_YET_ADMITTED
TP07F484,00:D985:0:1:0,0x005985,C230,REP,IMM8,UNKNOWN,UNKNOWN,NONE,V05C-contexts.csv,SOURCE_PROVED_NOT_YET_ADMITTED
TP07F484,00:D987:0:0:0,0x005987,29FF00,AND,IMM_M,UNKNOWN,UNKNOWN,NONE,V05C-contexts.csv,SOURCE_PROVED_NOT_YET_ADMITTED
TP07F484,00:D98A:0:0:0,0x00598A,AA,TAX,IMP,UNKNOWN,UNKNOWN,NONE,V05C-contexts.csv,SOURCE_PROVED_NOT_YET_ADMITTED
TP07F484,00:D98B:0:0:0,0x00598B,BF418E01,LDA,ABSL_X,UNKNOWN,UNKNOWN,01:8E41+X,V05C-contexts.csv,SOURCE_PROVED_NOT_YET_ADMITTED
TP07F484,00:D98F:0:0:0,0x00598F,29FF00,AND,IMM_M,UNKNOWN,UNKNOWN,NONE,V05C-contexts.csv,SOURCE_PROVED_NOT_YET_ADMITTED
TP07F484,00:D992:0:0:0,0x005992,8D1B04,STA,ABS,UNKNOWN,UNKNOWN,DBR:041B,V05C-contexts.csv,SOURCE_PROVED_NOT_YET_ADMITTED
TP07F484,00:D995:0:0:0,0x005995,D003,BNE,REL8,UNKNOWN,UNKNOWN,NONE,V05C-contexts.csv,SOURCE_PROVED_NOT_YET_ADMITTED
TP07F484,00:D997:0:0:0,0x005997,827602,BRL,REL16,UNKNOWN,1,NONE,V05C-contexts.csv,SOURCE_PROVED_NOT_YET_ADMITTED
TP07F484,00:D99A:0:0:0,0x00599A,E230,SEP,IMM8,UNKNOWN,0,NONE,V05C-contexts.csv,SOURCE_PROVED_NOT_YET_ADMITTED
TP07F484,00:D99C:0:1:1,0x00599C,AD0004,LDA,ABS,UNKNOWN,0,DBR:0400,V05C-contexts.csv,SOURCE_PROVED_NOT_YET_ADMITTED
TP07F484,00:D99F:0:1:1,0x00599F,1007,BPL,REL8,UNKNOWN,UNKNOWN,NONE,V05C-contexts.csv,SOURCE_PROVED_NOT_YET_ADMITTED
TP07F484,00:D9A1:0:1:1,0x0059A1,C230,REP,IMM8,UNKNOWN,UNKNOWN,NONE,V05C-contexts.csv,SOURCE_PROVED_NOT_YET_ADMITTED
TP07F484,00:D9A3:0:0:0,0x0059A3,0900FF,ORA,IMM_M,UNKNOWN,UNKNOWN,NONE,V05C-contexts.csv,SOURCE_PROVED_NOT_YET_ADMITTED
TP07F484,00:D9A6:0:0:0,0x0059A6,8005,BRA,REL8,UNKNOWN,UNKNOWN,NONE,V05C-contexts.csv,SOURCE_PROVED_NOT_YET_ADMITTED
TP07F484,00:D9A8:0:1:1,0x0059A8,C230,REP,IMM8,UNKNOWN,UNKNOWN,NONE,V05C-contexts.csv,SOURCE_PROVED_NOT_YET_ADMITTED
TP07F484,00:D9AA:0:0:0,0x0059AA,29FF00,AND,IMM_M,UNKNOWN,UNKNOWN,NONE,V05C-contexts.csv,SOURCE_PROVED_NOT_YET_ADMITTED
TP07F484,00:D9AD:0:0:0,0x0059AD,49FFFF,EOR,IMM_M,UNKNOWN,UNKNOWN,NONE,V05C-contexts.csv,SOURCE_PROVED_NOT_YET_ADMITTED
TP07F484,00:D9B0:0:0:0,0x0059B0,8D9207,STA,ABS,UNKNOWN,UNKNOWN,DBR:0792,V05C-contexts.csv,SOURCE_PROVED_NOT_YET_ADMITTED
TP07F484,00:D9B3:0:0:0,0x0059B3,AD1B04,LDA,ABS,UNKNOWN,UNKNOWN,DBR:041B,V05C-contexts.csv,SOURCE_PROVED_NOT_YET_ADMITTED
TP07F484,00:D9B6:0:0:0,0x0059B6,2D9207,AND,ABS,UNKNOWN,UNKNOWN,DBR:0792,V05C-contexts.csv,SOURCE_PROVED_NOT_YET_ADMITTED
TP07F484,00:D9B9:0:0:0,0x0059B9,F003,BEQ,REL8,UNKNOWN,UNKNOWN,NONE,V05C-contexts.csv,SOURCE_PROVED_NOT_YET_ADMITTED
TP07F484,00:D9BB:0:0:0,0x0059BB,8D1B04,STA,ABS,UNKNOWN,0,DBR:041B,V05C-contexts.csv,SOURCE_PROVED_NOT_YET_ADMITTED
TP07F484,00:D9BE:0:0:0,0x0059BE,C230,REP,IMM8,UNKNOWN,0|1,NONE,V05C-contexts.csv,SOURCE_PROVED_NOT_YET_ADMITTED
TP07F484,00:D9C0:0:0:0,0x0059C0,AD0104,LDA,ABS,UNKNOWN,0|1,DBR:0401,V05C-contexts.csv,SOURCE_PROVED_NOT_YET_ADMITTED
TP07F484,00:D9C3:0:0:0,0x0059C3,29FF00,AND,IMM_M,UNKNOWN,UNKNOWN,NONE,V05C-contexts.csv,SOURCE_PROVED_NOT_YET_ADMITTED
TP07F484,00:D9C6:0:0:0,0x0059C6,8D9207,STA,ABS,UNKNOWN,UNKNOWN,DBR:0792,V05C-contexts.csv,SOURCE_PROVED_NOT_YET_ADMITTED
TP07F484,00:D9C9:0:0:0,0x0059C9,AD1B04,LDA,ABS,UNKNOWN,UNKNOWN,DBR:041B,V05C-contexts.csv,SOURCE_PROVED_NOT_YET_ADMITTED
TP07F484,00:D9CC:0:0:0,0x0059CC,0A,ASL,ACC,UNKNOWN,UNKNOWN,NONE,V05C-contexts.csv,SOURCE_PROVED_NOT_YET_ADMITTED
TP07F484,00:D9CD:0:0:0,0x0059CD,0A,ASL,ACC,UNKNOWN,UNKNOWN,NONE,V05C-contexts.csv,SOURCE_PROVED_NOT_YET_ADMITTED
TP07F484,00:D9CE:0:0:0,0x0059CE,18,CLC,IMP,UNKNOWN,UNKNOWN,NONE,V05C-contexts.csv,SOURCE_PROVED_NOT_YET_ADMITTED
TP07F484,00:D9CF:0:0:0,0x0059CF,6D9207,ADC,ABS,0,UNKNOWN,DBR:0792,V05C-contexts.csv,SOURCE_PROVED_NOT_YET_ADMITTED
TP07F484,00:D9D2:0:0:0,0x0059D2,AA,TAX,IMP,UNKNOWN,UNKNOWN,NONE,V05C-contexts.csv,SOURCE_PROVED_NOT_YET_ADMITTED
TP07F484,00:D9D3:0:0:0,0x0059D3,E220,SEP,IMM8,UNKNOWN,UNKNOWN,NONE,V05C-contexts.csv,SOURCE_PROVED_NOT_YET_ADMITTED
TP07F484,00:D9D5:0:1:0,0x0059D5,C210,REP,IMM8,UNKNOWN,UNKNOWN,NONE,V05C-contexts.csv,SOURCE_PROVED_NOT_YET_ADMITTED
TP07F484,00:D9D7:0:1:0,0x0059D7,BFE69201,LDA,ABSL_X,UNKNOWN,UNKNOWN,01:92E6+X,V05C-contexts.csv,SOURCE_PROVED_NOT_YET_ADMITTED
TP07F484,00:D9DB:0:1:0,0x0059DB,1007,BPL,REL8,UNKNOWN,UNKNOWN,NONE,V05C-contexts.csv,SOURCE_PROVED_NOT_YET_ADMITTED
TP07F484,00:D9DD:0:1:0,0x0059DD,C230,REP,IMM8,UNKNOWN,UNKNOWN,NONE,V05C-contexts.csv,SOURCE_PROVED_NOT_YET_ADMITTED
TP07F484,00:D9DF:0:0:0,0x0059DF,0900FF,ORA,IMM_M,UNKNOWN,UNKNOWN,NONE,V05C-contexts.csv,SOURCE_PROVED_NOT_YET_ADMITTED
TP07F484,00:D9E2:0:0:0,0x0059E2,8005,BRA,REL8,UNKNOWN,UNKNOWN,NONE,V05C-contexts.csv,SOURCE_PROVED_NOT_YET_ADMITTED
TP07F484,00:D9E4:0:1:0,0x0059E4,C230,REP,IMM8,UNKNOWN,UNKNOWN,NONE,V05C-contexts.csv,SOURCE_PROVED_NOT_YET_ADMITTED
TP07F484,00:D9E6:0:0:0,0x0059E6,29FF00,AND,IMM_M,UNKNOWN,UNKNOWN,NONE,V05C-contexts.csv,SOURCE_PROVED_NOT_YET_ADMITTED
TP07F484,00:D9E9:0:0:0,0x0059E9,8D1104,STA,ABS,UNKNOWN,UNKNOWN,DBR:0411,V05C-contexts.csv,SOURCE_PROVED_NOT_YET_ADMITTED
TP07F484,00:D9EC:0:0:0,0x0059EC,C9FFFF,CMP,IMM_M,UNKNOWN,UNKNOWN,NONE,V05C-contexts.csv,SOURCE_PROVED_NOT_YET_ADMITTED
TP07F484,00:D9EF:0:0:0,0x0059EF,F003,BEQ,REL8,UNKNOWN,UNKNOWN,NONE,V05C-contexts.csv,SOURCE_PROVED_NOT_YET_ADMITTED
TP07F484,00:D9F1:0:0:0,0x0059F1,82CA01,BRL,REL16,UNKNOWN,0,NONE,V05C-contexts.csv,SOURCE_PROVED_NOT_YET_ADMITTED
TP07F484,00:D9F4:0:0:0,0x0059F4,C230,REP,IMM8,UNKNOWN,1,NONE,V05C-contexts.csv,SOURCE_PROVED_NOT_YET_ADMITTED
TP07F484,00:D9F6:0:0:0,0x0059F6,AD0104,LDA,ABS,UNKNOWN,1,DBR:0401,V05C-contexts.csv,SOURCE_PROVED_NOT_YET_ADMITTED
TP07F484,00:D9F9:0:0:0,0x0059F9,29FF00,AND,IMM_M,UNKNOWN,UNKNOWN,NONE,V05C-contexts.csv,SOURCE_PROVED_NOT_YET_ADMITTED
TP07F484,00:D9FC:0:0:0,0x0059FC,0A,ASL,ACC,UNKNOWN,UNKNOWN,NONE,V05C-contexts.csv,SOURCE_PROVED_NOT_YET_ADMITTED
TP07F484,00:D9FD:0:0:0,0x0059FD,AA,TAX,IMP,UNKNOWN,UNKNOWN,NONE,V05C-contexts.csv,SOURCE_PROVED_NOT_YET_ADMITTED
TP07F484,00:D9FE:0:0:0,0x0059FE,BFE38D01,LDA,ABSL_X,UNKNOWN,UNKNOWN,01:8DE3+X,V05C-contexts.csv,SOURCE_PROVED_NOT_YET_ADMITTED
TP07F484,00:DA02:0:0:0,0x005A02,8D8A07,STA,ABS,UNKNOWN,UNKNOWN,DBR:078A,V05C-contexts.csv,SOURCE_PROVED_NOT_YET_ADMITTED
TP07F484,00:DA05:0:0:0,0x005A05,A90100,LDA,IMM_M,UNKNOWN,UNKNOWN,NONE,V05C-contexts.csv,SOURCE_PROVED_NOT_YET_ADMITTED
TP07F484,00:DA08:0:0:0,0x005A08,AE8A07,LDX,ABS,UNKNOWN,0,DBR:078A,V05C-contexts.csv,SOURCE_PROVED_NOT_YET_ADMITTED
TP07F484,00:DA0B:0:0:0,0x005A0B,F004,BEQ,REL8,UNKNOWN,UNKNOWN,NONE,V05C-contexts.csv,SOURCE_PROVED_NOT_YET_ADMITTED
TP07F484,00:DA0D:0:0:0,0x005A0D,0A,ASL,ACC,UNKNOWN,0,NONE,V05C-contexts.csv,SOURCE_PROVED_NOT_YET_ADMITTED
TP07F484,00:DA0E:0:0:0,0x005A0E,CA,DEX,IMP,UNKNOWN,UNKNOWN,NONE,V05C-contexts.csv,SOURCE_PROVED_NOT_YET_ADMITTED
TP07F484,00:DA0F:0:0:0,0x005A0F,D0FC,BNE,REL8,UNKNOWN,UNKNOWN,NONE,V05C-contexts.csv,SOURCE_PROVED_NOT_YET_ADMITTED
TP07F484,00:DA11:0:0:0,0x005A11,8D8A07,STA,ABS,UNKNOWN,1,DBR:078A,V05C-contexts.csv,SOURCE_PROVED_NOT_YET_ADMITTED
TP07F484,00:DA14:0:0:0,0x005A14,49FFFF,EOR,IMM_M,UNKNOWN,1,NONE,V05C-contexts.csv,SOURCE_PROVED_NOT_YET_ADMITTED
TP07F484,00:DA17:0:0:0,0x005A17,2D1B04,AND,ABS,UNKNOWN,UNKNOWN,DBR:041B,V05C-contexts.csv,SOURCE_PROVED_NOT_YET_ADMITTED
TP07F484,00:DA1A:0:0:0,0x005A1A,8D1B04,STA,ABS,UNKNOWN,UNKNOWN,DBR:041B,V05C-contexts.csv,SOURCE_PROVED_NOT_YET_ADMITTED
TP07F484,00:DA1D:0:0:0,0x005A1D,E230,SEP,IMM8,UNKNOWN,UNKNOWN,NONE,V05C-contexts.csv,SOURCE_PROVED_NOT_YET_ADMITTED
TP07F484,00:DA1F:0:1:1,0x005A1F,9C0404,STZ,ABS,UNKNOWN,UNKNOWN,DBR:0404,V05C-contexts.csv,SOURCE_PROVED_NOT_YET_ADMITTED
TP07F484,00:DA22:0:1:1,0x005A22,9C0304,STZ,ABS,UNKNOWN,UNKNOWN,DBR:0403,V05C-contexts.csv,SOURCE_PROVED_NOT_YET_ADMITTED
TP07F484,00:DA25:0:1:1,0x005A25,AD0404,LDA,ABS,UNKNOWN|0,UNKNOWN,DBR:0404,V05C-contexts.csv,SOURCE_PROVED_NOT_YET_ADMITTED
TP07F484,00:DA28:0:1:1,0x005A28,C904,CMP,IMM_M,UNKNOWN|0,UNKNOWN,NONE,V05C-contexts.csv,SOURCE_PROVED_NOT_YET_ADMITTED
TP07F484,00:DA2A:0:1:1,0x005A2A,B02B,BCS,REL8,UNKNOWN,UNKNOWN,NONE,V05C-contexts.csv,SOURCE_PROVED_NOT_YET_ADMITTED
TP07F484,00:DA2C:0:1:1,0x005A2C,E210,SEP,IMM8,0,UNKNOWN,NONE,V05C-contexts.csv,SOURCE_PROVED_NOT_YET_ADMITTED
TP07F484,00:DA2E:0:1:1,0x005A2E,C220,REP,IMM8,0,UNKNOWN,NONE,V05C-contexts.csv,SOURCE_PROVED_NOT_YET_ADMITTED
TP07F484,00:DA30:0:0:1,0x005A30,A90100,LDA,IMM_M,0,UNKNOWN,NONE,V05C-contexts.csv,SOURCE_PROVED_NOT_YET_ADMITTED
TP07F484,00:DA33:0:0:1,0x005A33,AE0404,LDX,ABS,0,0,DBR:0404,V05C-contexts.csv,SOURCE_PROVED_NOT_YET_ADMITTED
TP07F484,00:DA36:0:0:1,0x005A36,F004,BEQ,REL8,0,UNKNOWN,NONE,V05C-contexts.csv,SOURCE_PROVED_NOT_YET_ADMITTED
TP07F484,00:DA38:0:0:1,0x005A38,0A,ASL,ACC,UNKNOWN|0,0,NONE,V05C-contexts.csv,SOURCE_PROVED_NOT_YET_ADMITTED
TP07F484,00:DA39:0:0:1,0x005A39,CA,DEX,IMP,UNKNOWN,UNKNOWN,NONE,V05C-contexts.csv,SOURCE_PROVED_NOT_YET_ADMITTED
TP07F484,00:DA3A:0:0:1,0x005A3A,D0FC,BNE,REL8,UNKNOWN,UNKNOWN,NONE,V05C-contexts.csv,SOURCE_PROVED_NOT_YET_ADMITTED
TP07F484,00:DA3C:0:0:1,0x005A3C,2D1B04,AND,ABS,UNKNOWN|0,1,DBR:041B,V05C-contexts.csv,SOURCE_PROVED_NOT_YET_ADMITTED
TP07F484,00:DA3F:0:0:1,0x005A3F,F00F,BEQ,REL8,UNKNOWN|0,UNKNOWN,NONE,V05C-contexts.csv,SOURCE_PROVED_NOT_YET_ADMITTED
TP07F484,00:DA41:0:0:1,0x005A41,E230,SEP,IMM8,UNKNOWN|0,0,NONE,V05C-contexts.csv,SOURCE_PROVED_NOT_YET_ADMITTED
TP07F484,00:DA43:0:1:1,0x005A43,AE0304,LDX,ABS,UNKNOWN|0,0,DBR:0403,V05C-contexts.csv,SOURCE_PROVED_NOT_YET_ADMITTED
TP07F484,00:DA46:0:1:1,0x005A46,AD0404,LDA,ABS,UNKNOWN|0,UNKNOWN,DBR:0404,V05C-contexts.csv,SOURCE_PROVED_NOT_YET_ADMITTED
TP07F484,00:DA49:0:1:1,0x005A49,9F77AB7E,STA,ABSL_X,UNKNOWN|0,UNKNOWN,7E:AB77+X,V05C-contexts.csv,SOURCE_PROVED_NOT_YET_ADMITTED
TP07F484,00:DA4D:0:1:1,0x005A4D,EE0304,INC,ABS,UNKNOWN|0,UNKNOWN,DBR:0403,V05C-contexts.csv,SOURCE_PROVED_NOT_YET_ADMITTED
TP07F484,00:DA50:0:0:1,0x005A50,E230,SEP,IMM8,UNKNOWN|0,1,NONE,V05C-contexts.csv,SOURCE_PROVED_NOT_YET_ADMITTED
TP07F484,00:DA50:0:1:1,0x005A50,E230,SEP,IMM8,UNKNOWN|0,UNKNOWN,NONE,V05C-contexts.csv,SOURCE_PROVED_NOT_YET_ADMITTED
TP07F484,00:DA52:0:1:1,0x005A52,EE0404,INC,ABS,UNKNOWN|0,UNKNOWN|1,DBR:0404,V05C-contexts.csv,SOURCE_PROVED_NOT_YET_ADMITTED
TP07F484,00:DA55:0:1:1,0x005A55,80CE,BRA,REL8,UNKNOWN|0,UNKNOWN,NONE,V05C-contexts.csv,SOURCE_PROVED_NOT_YET_ADMITTED
TP07F484,00:DA57:0:1:1,0x005A57,2085B1,JSR,ABS_JUMP,1,UNKNOWN,NONE,V05C-contexts.csv,SOURCE_PROVED_NOT_YET_ADMITTED
TP07F484,00:DA5A:0:0:1,0x005A5A,E230,SEP,IMM8,UNKNOWN|1,UNKNOWN,NONE,V05C-contexts.csv,SOURCE_PROVED_NOT_YET_ADMITTED
TP07F484,00:DA5C:0:1:1,0x005A5C,2D0304,AND,ABS,UNKNOWN|1,UNKNOWN,DBR:0403,V05C-contexts.csv,SOURCE_PROVED_NOT_YET_ADMITTED
TP07F484,00:DA5F:0:1:1,0x005A5F,8D0204,STA,ABS,UNKNOWN|1,UNKNOWN,DBR:0402,V05C-contexts.csv,SOURCE_PROVED_NOT_YET_ADMITTED
TP07F484,00:DA62:0:1:1,0x005A62,AD0304,LDA,ABS,UNKNOWN|1,UNKNOWN,DBR:0403,V05C-contexts.csv,SOURCE_PROVED_NOT_YET_ADMITTED
TP07F484,00:DA65:0:1:1,0x005A65,F006,BEQ,REL8,UNKNOWN|1,UNKNOWN,NONE,V05C-contexts.csv,SOURCE_PROVED_NOT_YET_ADMITTED
TP07F484,00:DA67:0:1:1,0x005A67,3A,DEC,ACC,UNKNOWN|1,0,NONE,V05C-contexts.csv,SOURCE_PROVED_NOT_YET_ADMITTED
TP07F484,00:DA68:0:1:1,0x005A68,CD0204,CMP,ABS,UNKNOWN|1,UNKNOWN,DBR:0402,V05C-contexts.csv,SOURCE_PROVED_NOT_YET_ADMITTED
TP07F484,00:DA6B:0:1:1,0x005A6B,B007,BCS,REL8,UNKNOWN,UNKNOWN,NONE,V05C-contexts.csv,SOURCE_PROVED_NOT_YET_ADMITTED
TP07F484,00:DA6D:0:1:1,0x005A6D,AD0304,LDA,ABS,UNKNOWN|0|1,UNKNOWN|1,DBR:0403,V05C-contexts.csv,SOURCE_PROVED_NOT_YET_ADMITTED
TP07F484,00:DA70:0:1:1,0x005A70,4A,LSR,ACC,UNKNOWN|0|1,UNKNOWN,NONE,V05C-contexts.csv,SOURCE_PROVED_NOT_YET_ADMITTED
TP07F484,00:DA71:0:1:1,0x005A71,8D0204,STA,ABS,UNKNOWN,UNKNOWN,DBR:0402,V05C-contexts.csv,SOURCE_PROVED_NOT_YET_ADMITTED
TP07F484,00:DA74:0:1:1,0x005A74,AE0204,LDX,ABS,UNKNOWN|1,UNKNOWN,DBR:0402,V05C-contexts.csv,SOURCE_PROVED_NOT_YET_ADMITTED
TP07F484,00:DA77:0:1:1,0x005A77,BF77AB7E,LDA,ABSL_X,UNKNOWN|1,UNKNOWN,7E:AB77+X,V05C-contexts.csv,SOURCE_PROVED_NOT_YET_ADMITTED
TP07F484,00:DA7B:0:1:1,0x005A7B,C230,REP,IMM8,UNKNOWN|1,UNKNOWN,NONE,V05C-contexts.csv,SOURCE_PROVED_NOT_YET_ADMITTED
TP07F484,00:DA7D:0:0:0,0x005A7D,29FF00,AND,IMM_M,UNKNOWN|1,UNKNOWN,NONE,V05C-contexts.csv,SOURCE_PROVED_NOT_YET_ADMITTED
TP07F484,00:DA80:0:0:0,0x005A80,8D1104,STA,ABS,UNKNOWN|1,UNKNOWN,DBR:0411,V05C-contexts.csv,SOURCE_PROVED_NOT_YET_ADMITTED
TP07F484,00:DA83:0:0:0,0x005A83,E230,SEP,IMM8,UNKNOWN|1,UNKNOWN,NONE,V05C-contexts.csv,SOURCE_PROVED_NOT_YET_ADMITTED
TP07F484,00:DA85:0:1:1,0x005A85,AD0104,LDA,ABS,UNKNOWN|1,UNKNOWN,DBR:0401,V05C-contexts.csv,SOURCE_PROVED_NOT_YET_ADMITTED
TP07F484,00:DA88:0:1:1,0x005A88,CD1104,CMP,ABS,UNKNOWN|1,UNKNOWN,DBR:0411,V05C-contexts.csv,SOURCE_PROVED_NOT_YET_ADMITTED
TP07F484,00:DA8B:0:1:1,0x005A8B,D003,BNE,REL8,UNKNOWN,UNKNOWN,NONE,V05C-contexts.csv,SOURCE_PROVED_NOT_YET_ADMITTED
TP07F484,00:DA8D:0:1:1,0x005A8D,822E01,BRL,REL16,UNKNOWN,1,NONE,V05C-contexts.csv,SOURCE_PROVED_NOT_YET_ADMITTED
TP07F484,00:DA90:0:1:1,0x005A90,A901,LDA,IMM_M,UNKNOWN,0,NONE,V05C-contexts.csv,SOURCE_PROVED_NOT_YET_ADMITTED
TP07F484,00:DA92:0:1:1,0x005A92,AE0104,LDX,ABS,UNKNOWN,0,DBR:0401,V05C-contexts.csv,SOURCE_PROVED_NOT_YET_ADMITTED
TP07F484,00:DA95:0:1:1,0x005A95,F004,BEQ,REL8,UNKNOWN,UNKNOWN,NONE,V05C-contexts.csv,SOURCE_PROVED_NOT_YET_ADMITTED
TP07F484,00:DA97:0:1:1,0x005A97,0A,ASL,ACC,UNKNOWN,0,NONE,V05C-contexts.csv,SOURCE_PROVED_NOT_YET_ADMITTED
TP07F484,00:DA98:0:1:1,0x005A98,CA,DEX,IMP,UNKNOWN,UNKNOWN,NONE,V05C-contexts.csv,SOURCE_PROVED_NOT_YET_ADMITTED
TP07F484,00:DA99:0:1:1,0x005A99,D0FC,BNE,REL8,UNKNOWN,UNKNOWN,NONE,V05C-contexts.csv,SOURCE_PROVED_NOT_YET_ADMITTED
TP07F484,00:DA9B:0:1:1,0x005A9B,C230,REP,IMM8,UNKNOWN,1,NONE,V05C-contexts.csv,SOURCE_PROVED_NOT_YET_ADMITTED
TP07F484,00:DA9D:0:0:0,0x005A9D,29FF00,AND,IMM_M,UNKNOWN,1,NONE,V05C-contexts.csv,SOURCE_PROVED_NOT_YET_ADMITTED
TP07F484,00:DAA0:0:0:0,0x005AA0,2D1B04,AND,ABS,UNKNOWN,UNKNOWN,DBR:041B,V05C-contexts.csv,SOURCE_PROVED_NOT_YET_ADMITTED
TP07F484,00:DAA3:0:0:0,0x005AA3,F067,BEQ,REL8,UNKNOWN,UNKNOWN,NONE,V05C-contexts.csv,SOURCE_PROVED_NOT_YET_ADMITTED
TP07F484,00:DAA5:0:0:0,0x005AA5,AC1104,LDY,ABS,UNKNOWN,0,DBR:0411,V05C-contexts.csv,SOURCE_PROVED_NOT_YET_ADMITTED
TP07F484,00:DAA8:0:0:0,0x005AA8,98,TYA,IMP,UNKNOWN,UNKNOWN,NONE,V05C-contexts.csv,SOURCE_PROVED_NOT_YET_ADMITTED
TP07F484,00:DAA9:0:0:0,0x005AA9,0A,ASL,ACC,UNKNOWN,UNKNOWN,NONE,V05C-contexts.csv,SOURCE_PROVED_NOT_YET_ADMITTED
TP07F484,00:DAAA:0:0:0,0x005AAA,A8,TAY,IMP,UNKNOWN,UNKNOWN,NONE,V05C-contexts.csv,SOURCE_PROVED_NOT_YET_ADMITTED
TP07F484,00:DAAB:0:0:0,0x005AAB,BB,TYX,IMP,UNKNOWN,UNKNOWN,NONE,V05C-contexts.csv,SOURCE_PROVED_NOT_YET_ADMITTED
TP07F484,00:DAAC:0:0:0,0x005AAC,BF198E01,LDA,ABSL_X,UNKNOWN,UNKNOWN,01:8E19+X,V05C-contexts.csv,SOURCE_PROVED_NOT_YET_ADMITTED
TP07F484,00:DAB0:0:0:0,0x005AB0,18,CLC,IMP,UNKNOWN,UNKNOWN,NONE,V05C-contexts.csv,SOURCE_PROVED_NOT_YET_ADMITTED
TP07F484,00:DAB1:0:0:0,0x005AB1,6D0F04,ADC,ABS,0,UNKNOWN,DBR:040F,V05C-contexts.csv,SOURCE_PROVED_NOT_YET_ADMITTED
TP07F484,00:DAB4:0:0:0,0x005AB4,A8,TAY,IMP,UNKNOWN,UNKNOWN,NONE,V05C-contexts.csv,SOURCE_PROVED_NOT_YET_ADMITTED
TP07F484,00:DAB5:0:0:0,0x005AB5,98,TYA,IMP,UNKNOWN,UNKNOWN,NONE,V05C-contexts.csv,SOURCE_PROVED_NOT_YET_ADMITTED
TP07F484,00:DAB6:0:0:0,0x005AB6,0A,ASL,ACC,UNKNOWN,UNKNOWN,NONE,V05C-contexts.csv,SOURCE_PROVED_NOT_YET_ADMITTED
TP07F484,00:DAB7:0:0:0,0x005AB7,0A,ASL,ACC,UNKNOWN,UNKNOWN,NONE,V05C-contexts.csv,SOURCE_PROVED_NOT_YET_ADMITTED
TP07F484,00:DAB8:0:0:0,0x005AB8,A8,TAY,IMP,UNKNOWN,UNKNOWN,NONE,V05C-contexts.csv,SOURCE_PROVED_NOT_YET_ADMITTED
TP07F484,00:DAB9:0:0:0,0x005AB9,18,CLC,IMP,UNKNOWN,UNKNOWN,NONE,V05C-contexts.csv,SOURCE_PROVED_NOT_YET_ADMITTED
TP07F484,00:DABA:0:0:0,0x005ABA,6D4F00,ADC,ABS,0,UNKNOWN,DBR:004F,V05C-contexts.csv,SOURCE_PROVED_NOT_YET_ADMITTED
TP07F484,00:DABD:0:0:0,0x005ABD,8D1900,STA,ABS,UNKNOWN,UNKNOWN,DBR:0019,V05C-contexts.csv,SOURCE_PROVED_NOT_YET_ADMITTED
TP07F484,00:DAC0:0:0:0,0x005AC0,E230,SEP,IMM8,UNKNOWN,UNKNOWN,NONE,V05C-contexts.csv,SOURCE_PROVED_NOT_YET_ADMITTED
TP07F484,00:DAC2:0:1:1,0x005AC2,AD5100,LDA,ABS,UNKNOWN,UNKNOWN,DBR:0051,V05C-contexts.csv,SOURCE_PROVED_NOT_YET_ADMITTED
TP07F484,00:DAC5:0:1:1,0x005AC5,8D1B00,STA,ABS,UNKNOWN,UNKNOWN,DBR:001B,V05C-contexts.csv,SOURCE_PROVED_NOT_YET_ADMITTED
TP07F484,00:DAC8:0:1:1,0x005AC8,A002,LDY,IMM_X,UNKNOWN,UNKNOWN,NONE,V05C-contexts.csv,SOURCE_PROVED_NOT_YET_ADMITTED
TP07F484,00:DACA:0:1:1,0x005ACA,B719,LDA,DP_IND_LONG_Y,UNKNOWN,0,NONE,V05C-contexts.csv,SOURCE_PROVED_NOT_YET_ADMITTED
TP07F484,00:DACC:0:1:1,0x005ACC,C230,REP,IMM8,UNKNOWN,UNKNOWN,NONE,V05C-contexts.csv,SOURCE_PROVED_NOT_YET_ADMITTED
TP07F484,00:DACE:0:0:0,0x005ACE,29FF00,AND,IMM_M,UNKNOWN,UNKNOWN,NONE,V05C-contexts.csv,SOURCE_PROVED_NOT_YET_ADMITTED
TP07F484,00:DAD1:0:0:0,0x005AD1,A8,TAY,IMP,UNKNOWN,UNKNOWN,NONE,V05C-contexts.csv,SOURCE_PROVED_NOT_YET_ADMITTED
TP07F484,00:DAD2:0:0:0,0x005AD2,98,TYA,IMP,UNKNOWN,UNKNOWN,NONE,V05C-contexts.csv,SOURCE_PROVED_NOT_YET_ADMITTED
TP07F484,00:DAD3:0:0:0,0x005AD3,0A,ASL,ACC,UNKNOWN,UNKNOWN,NONE,V05C-contexts.csv,SOURCE_PROVED_NOT_YET_ADMITTED
TP07F484,00:DAD4:0:0:0,0x005AD4,0A,ASL,ACC,UNKNOWN,UNKNOWN,NONE,V05C-contexts.csv,SOURCE_PROVED_NOT_YET_ADMITTED
TP07F484,00:DAD5:0:0:0,0x005AD5,A8,TAY,IMP,UNKNOWN,UNKNOWN,NONE,V05C-contexts.csv,SOURCE_PROVED_NOT_YET_ADMITTED
TP07F484,00:DAD6:0:0:0,0x005AD6,BB,TYX,IMP,UNKNOWN,UNKNOWN,NONE,V05C-contexts.csv,SOURCE_PROVED_NOT_YET_ADMITTED
TP07F484,00:DAD7:0:0:0,0x005AD7,BFB78801,LDA,ABSL_X,UNKNOWN,UNKNOWN,01:88B7+X,V05C-contexts.csv,SOURCE_PROVED_NOT_YET_ADMITTED
TP07F484,00:DADB:0:0:0,0x005ADB,AA,TAX,IMP,UNKNOWN,UNKNOWN,NONE,V05C-contexts.csv,SOURCE_PROVED_NOT_YET_ADMITTED
TP07F484,00:DADC:0:0:0,0x005ADC,BF418E01,LDA,ABSL_X,UNKNOWN,UNKNOWN,01:8E41+X,V05C-contexts.csv,SOURCE_PROVED_NOT_YET_ADMITTED
TP07F484,00:DAE0:0:0:0,0x005AE0,29FF00,AND,IMM_M,UNKNOWN,UNKNOWN,NONE,V05C-contexts.csv,SOURCE_PROVED_NOT_YET_ADMITTED
TP07F484,00:DAE3:0:0:0,0x005AE3,2D8A07,AND,ABS,UNKNOWN,UNKNOWN,DBR:078A,V05C-contexts.csv,SOURCE_PROVED_NOT_YET_ADMITTED
TP07F484,00:DAE6:0:0:0,0x005AE6,F021,BEQ,REL8,UNKNOWN,UNKNOWN,NONE,V05C-contexts.csv,SOURCE_PROVED_NOT_YET_ADMITTED
TP07F484,00:DAE8:0:0:0,0x005AE8,2085B1,JSR,ABS_JUMP,UNKNOWN,0,NONE,V05C-contexts.csv,SOURCE_PROVED_NOT_YET_ADMITTED
TP07F484,00:DAEB:0:0:1,0x005AEB,290400,AND,IMM_M,UNKNOWN,UNKNOWN,NONE,V05C-contexts.csv,SOURCE_PROVED_NOT_YET_ADMITTED
TP07F484,00:DAEE:0:0:1,0x005AEE,C90400,CMP,IMM_M,UNKNOWN,UNKNOWN,NONE,V05C-contexts.csv,SOURCE_PROVED_NOT_YET_ADMITTED
TP07F484,00:DAF1:0:0:1,0x005AF1,D016,BNE,REL8,UNKNOWN,UNKNOWN,NONE,V05C-contexts.csv,SOURCE_PROVED_NOT_YET_ADMITTED
TP07F484,00:DAF3:0:0:1,0x005AF3,E230,SEP,IMM8,UNKNOWN,1,NONE,V05C-contexts.csv,SOURCE_PROVED_NOT_YET_ADMITTED
TP07F484,00:DAF5:0:1:1,0x005AF5,AD0104,LDA,ABS,UNKNOWN,1,DBR:0401,V05C-contexts.csv,SOURCE_PROVED_NOT_YET_ADMITTED
TP07F484,00:DAF8:0:1:1,0x005AF8,1007,BPL,REL8,UNKNOWN,UNKNOWN,NONE,V05C-contexts.csv,SOURCE_PROVED_NOT_YET_ADMITTED
TP07F484,00:DAFA:0:1:1,0x005AFA,C230,REP,IMM8,UNKNOWN,UNKNOWN,NONE,V05C-contexts.csv,SOURCE_PROVED_NOT_YET_ADMITTED
TP07F484,00:DAFC:0:0:0,0x005AFC,0900FF,ORA,IMM_M,UNKNOWN,UNKNOWN,NONE,V05C-contexts.csv,SOURCE_PROVED_NOT_YET_ADMITTED
TP07F484,00:DAFF:0:0:0,0x005AFF,8005,BRA,REL8,UNKNOWN,UNKNOWN,NONE,V05C-contexts.csv,SOURCE_PROVED_NOT_YET_ADMITTED
TP07F484,00:DB01:0:1:1,0x005B01,C230,REP,IMM8,UNKNOWN,UNKNOWN,NONE,V05C-contexts.csv,SOURCE_PROVED_NOT_YET_ADMITTED
TP07F484,00:DB03:0:0:0,0x005B03,29FF00,AND,IMM_M,UNKNOWN,UNKNOWN,NONE,V05C-contexts.csv,SOURCE_PROVED_NOT_YET_ADMITTED
TP07F484,00:DB06:0:0:0,0x005B06,8D1104,STA,ABS,UNKNOWN,UNKNOWN,DBR:0411,V05C-contexts.csv,SOURCE_PROVED_NOT_YET_ADMITTED
TP07F484,00:DB09:0:0:0,0x005B09,82B200,BRL,REL16,UNKNOWN,UNKNOWN|1,NONE,V05C-contexts.csv,SOURCE_PROVED_NOT_YET_ADMITTED
TP07F484,00:DB09:0:0:1,0x005B09,82B200,BRL,REL16,UNKNOWN,0,NONE,V05C-contexts.csv,SOURCE_PROVED_NOT_YET_ADMITTED
TP07F484,00:DB0C:0:0:0,0x005B0C,C230,REP,IMM8,UNKNOWN,1,NONE,V05C-contexts.csv,SOURCE_PROVED_NOT_YET_ADMITTED
TP07F484,00:DB0E:0:0:0,0x005B0E,AC1104,LDY,ABS,UNKNOWN,1,DBR:0411,V05C-contexts.csv,SOURCE_PROVED_NOT_YET_ADMITTED
TP07F484,00:DB11:0:0:0,0x005B11,98,TYA,IMP,UNKNOWN,UNKNOWN,NONE,V05C-contexts.csv,SOURCE_PROVED_NOT_YET_ADMITTED
TP07F484,00:DB12:0:0:0,0x005B12,0A,ASL,ACC,UNKNOWN,UNKNOWN,NONE,V05C-contexts.csv,SOURCE_PROVED_NOT_YET_ADMITTED
TP07F484,00:DB13:0:0:0,0x005B13,A8,TAY,IMP,UNKNOWN,UNKNOWN,NONE,V05C-contexts.csv,SOURCE_PROVED_NOT_YET_ADMITTED
TP07F484,00:DB14:0:0:0,0x005B14,BB,TYX,IMP,UNKNOWN,UNKNOWN,NONE,V05C-contexts.csv,SOURCE_PROVED_NOT_YET_ADMITTED
TP07F484,00:DB15:0:0:0,0x005B15,BF198E01,LDA,ABSL_X,UNKNOWN,UNKNOWN,01:8E19+X,V05C-contexts.csv,SOURCE_PROVED_NOT_YET_ADMITTED
TP07F484,00:DB19:0:0:0,0x005B19,18,CLC,IMP,UNKNOWN,UNKNOWN,NONE,V05C-contexts.csv,SOURCE_PROVED_NOT_YET_ADMITTED
TP07F484,00:DB1A:0:0:0,0x005B1A,6D0F04,ADC,ABS,0,UNKNOWN,DBR:040F,V05C-contexts.csv,SOURCE_PROVED_NOT_YET_ADMITTED
TP07F484,00:DB1D:0:0:0,0x005B1D,A8,TAY,IMP,UNKNOWN,UNKNOWN,NONE,V05C-contexts.csv,SOURCE_PROVED_NOT_YET_ADMITTED
TP07F484,00:DB1E:0:0:0,0x005B1E,98,TYA,IMP,UNKNOWN,UNKNOWN,NONE,V05C-contexts.csv,SOURCE_PROVED_NOT_YET_ADMITTED
TP07F484,00:DB1F:0:0:0,0x005B1F,0A,ASL,ACC,UNKNOWN,UNKNOWN,NONE,V05C-contexts.csv,SOURCE_PROVED_NOT_YET_ADMITTED
TP07F484,00:DB20:0:0:0,0x005B20,0A,ASL,ACC,UNKNOWN,UNKNOWN,NONE,V05C-contexts.csv,SOURCE_PROVED_NOT_YET_ADMITTED
TP07F484,00:DB21:0:0:0,0x005B21,A8,TAY,IMP,UNKNOWN,UNKNOWN,NONE,V05C-contexts.csv,SOURCE_PROVED_NOT_YET_ADMITTED
TP07F484,00:DB22:0:0:0,0x005B22,18,CLC,IMP,UNKNOWN,UNKNOWN,NONE,V05C-contexts.csv,SOURCE_PROVED_NOT_YET_ADMITTED
TP07F484,00:DB23:0:0:0,0x005B23,6D4F00,ADC,ABS,0,UNKNOWN,DBR:004F,V05C-contexts.csv,SOURCE_PROVED_NOT_YET_ADMITTED
TP07F484,00:DB26:0:0:0,0x005B26,8D1900,STA,ABS,UNKNOWN,UNKNOWN,DBR:0019,V05C-contexts.csv,SOURCE_PROVED_NOT_YET_ADMITTED
TP07F484,00:DB29:0:0:0,0x005B29,E230,SEP,IMM8,UNKNOWN,UNKNOWN,NONE,V05C-contexts.csv,SOURCE_PROVED_NOT_YET_ADMITTED
TP07F484,00:DB2B:0:1:1,0x005B2B,AD5100,LDA,ABS,UNKNOWN,UNKNOWN,DBR:0051,V05C-contexts.csv,SOURCE_PROVED_NOT_YET_ADMITTED
TP07F484,00:DB2E:0:1:1,0x005B2E,8D1B00,STA,ABS,UNKNOWN,UNKNOWN,DBR:001B,V05C-contexts.csv,SOURCE_PROVED_NOT_YET_ADMITTED
TP07F484,00:DB31:0:1:1,0x005B31,A002,LDY,IMM_X,UNKNOWN,UNKNOWN,NONE,V05C-contexts.csv,SOURCE_PROVED_NOT_YET_ADMITTED
TP07F484,00:DB33:0:1:1,0x005B33,B719,LDA,DP_IND_LONG_Y,UNKNOWN,0,NONE,V05C-contexts.csv,SOURCE_PROVED_NOT_YET_ADMITTED
TP07F484,00:DB35:0:1:1,0x005B35,C230,REP,IMM8,UNKNOWN,UNKNOWN,NONE,V05C-contexts.csv,SOURCE_PROVED_NOT_YET_ADMITTED
TP07F484,00:DB37:0:0:0,0x005B37,29FF00,AND,IMM_M,UNKNOWN,UNKNOWN,NONE,V05C-contexts.csv,SOURCE_PROVED_NOT_YET_ADMITTED
TP07F484,00:DB3A:0:0:0,0x005B3A,A8,TAY,IMP,UNKNOWN,UNKNOWN,NONE,V05C-contexts.csv,SOURCE_PROVED_NOT_YET_ADMITTED
TP07F484,00:DB3B:0:0:0,0x005B3B,98,TYA,IMP,UNKNOWN,UNKNOWN,NONE,V05C-contexts.csv,SOURCE_PROVED_NOT_YET_ADMITTED
TP07F484,00:DB3C:0:0:0,0x005B3C,0A,ASL,ACC,UNKNOWN,UNKNOWN,NONE,V05C-contexts.csv,SOURCE_PROVED_NOT_YET_ADMITTED
TP07F484,00:DB3D:0:0:0,0x005B3D,0A,ASL,ACC,UNKNOWN,UNKNOWN,NONE,V05C-contexts.csv,SOURCE_PROVED_NOT_YET_ADMITTED
TP07F484,00:DB3E:0:0:0,0x005B3E,A8,TAY,IMP,UNKNOWN,UNKNOWN,NONE,V05C-contexts.csv,SOURCE_PROVED_NOT_YET_ADMITTED
TP07F484,00:DB3F:0:0:0,0x005B3F,BB,TYX,IMP,UNKNOWN,UNKNOWN,NONE,V05C-contexts.csv,SOURCE_PROVED_NOT_YET_ADMITTED
TP07F484,00:DB40:0:0:0,0x005B40,BFB78801,LDA,ABSL_X,UNKNOWN,UNKNOWN,01:88B7+X,V05C-contexts.csv,SOURCE_PROVED_NOT_YET_ADMITTED
TP07F484,00:DB44:0:0:0,0x005B44,AA,TAX,IMP,UNKNOWN,UNKNOWN,NONE,V05C-contexts.csv,SOURCE_PROVED_NOT_YET_ADMITTED
TP07F484,00:DB45:0:0:0,0x005B45,BF418E01,LDA,ABSL_X,UNKNOWN,UNKNOWN,01:8E41+X,V05C-contexts.csv,SOURCE_PROVED_NOT_YET_ADMITTED
TP07F484,00:DB49:0:0:0,0x005B49,29FF00,AND,IMM_M,UNKNOWN,UNKNOWN,NONE,V05C-contexts.csv,SOURCE_PROVED_NOT_YET_ADMITTED
TP07F484,00:DB4C:0:0:0,0x005B4C,2D8A07,AND,ABS,UNKNOWN,UNKNOWN,DBR:078A,V05C-contexts.csv,SOURCE_PROVED_NOT_YET_ADMITTED
TP07F484,00:DB4F:0:0:0,0x005B4F,F06D,BEQ,REL8,UNKNOWN,UNKNOWN,NONE,V05C-contexts.csv,SOURCE_PROVED_NOT_YET_ADMITTED
TP07F484,00:DB51:0:0:0,0x005B51,C230,REP,IMM8,UNKNOWN,0,NONE,V05C-contexts.csv,SOURCE_PROVED_NOT_YET_ADMITTED
TP07F484,00:DB53:0:0:0,0x005B53,A90100,LDA,IMM_M,UNKNOWN,0,NONE,V05C-contexts.csv,SOURCE_PROVED_NOT_YET_ADMITTED
TP07F484,00:DB56:0:0:0,0x005B56,AE1104,LDX,ABS,UNKNOWN,0,DBR:0411,V05C-contexts.csv,SOURCE_PROVED_NOT_YET_ADMITTED
TP07F484,00:DB59:0:0:0,0x005B59,F004,BEQ,REL8,UNKNOWN,UNKNOWN,NONE,V05C-contexts.csv,SOURCE_PROVED_NOT_YET_ADMITTED
TP07F484,00:DB5B:0:0:0,0x005B5B,0A,ASL,ACC,UNKNOWN,0,NONE,V05C-contexts.csv,SOURCE_PROVED_NOT_YET_ADMITTED
TP07F484,00:DB5C:0:0:0,0x005B5C,CA,DEX,IMP,UNKNOWN,UNKNOWN,NONE,V05C-contexts.csv,SOURCE_PROVED_NOT_YET_ADMITTED
TP07F484,00:DB5D:0:0:0,0x005B5D,D0FC,BNE,REL8,UNKNOWN,UNKNOWN,NONE,V05C-contexts.csv,SOURCE_PROVED_NOT_YET_ADMITTED
TP07F484,00:DB5F:0:0:0,0x005B5F,8D8E07,STA,ABS,UNKNOWN,1,DBR:078E,V05C-contexts.csv,SOURCE_PROVED_NOT_YET_ADMITTED
TP07F484,00:DB62:0:0:0,0x005B62,AC1104,LDY,ABS,UNKNOWN,1,DBR:0411,V05C-contexts.csv,SOURCE_PROVED_NOT_YET_ADMITTED
TP07F484,00:DB65:0:0:0,0x005B65,98,TYA,IMP,UNKNOWN,UNKNOWN,NONE,V05C-contexts.csv,SOURCE_PROVED_NOT_YET_ADMITTED
TP07F484,00:DB66:0:0:0,0x005B66,0A,ASL,ACC,UNKNOWN,UNKNOWN,NONE,V05C-contexts.csv,SOURCE_PROVED_NOT_YET_ADMITTED
TP07F484,00:DB67:0:0:0,0x005B67,A8,TAY,IMP,UNKNOWN,UNKNOWN,NONE,V05C-contexts.csv,SOURCE_PROVED_NOT_YET_ADMITTED
TP07F484,00:DB68:0:0:0,0x005B68,BB,TYX,IMP,UNKNOWN,UNKNOWN,NONE,V05C-contexts.csv,SOURCE_PROVED_NOT_YET_ADMITTED
TP07F484,00:DB69:0:0:0,0x005B69,BF198E01,LDA,ABSL_X,UNKNOWN,UNKNOWN,01:8E19+X,V05C-contexts.csv,SOURCE_PROVED_NOT_YET_ADMITTED
TP07F484,00:DB6D:0:0:0,0x005B6D,18,CLC,IMP,UNKNOWN,UNKNOWN,NONE,V05C-contexts.csv,SOURCE_PROVED_NOT_YET_ADMITTED
TP07F484,00:DB6E:0:0:0,0x005B6E,6D0F04,ADC,ABS,0,UNKNOWN,DBR:040F,V05C-contexts.csv,SOURCE_PROVED_NOT_YET_ADMITTED
TP07F484,00:DB71:0:0:0,0x005B71,A8,TAY,IMP,UNKNOWN,UNKNOWN,NONE,V05C-contexts.csv,SOURCE_PROVED_NOT_YET_ADMITTED
TP07F484,00:DB72:0:0:0,0x005B72,98,TYA,IMP,UNKNOWN,UNKNOWN,NONE,V05C-contexts.csv,SOURCE_PROVED_NOT_YET_ADMITTED
TP07F484,00:DB73:0:0:0,0x005B73,0A,ASL,ACC,UNKNOWN,UNKNOWN,NONE,V05C-contexts.csv,SOURCE_PROVED_NOT_YET_ADMITTED
TP07F484,00:DB74:0:0:0,0x005B74,0A,ASL,ACC,UNKNOWN,UNKNOWN,NONE,V05C-contexts.csv,SOURCE_PROVED_NOT_YET_ADMITTED
TP07F484,00:DB75:0:0:0,0x005B75,A8,TAY,IMP,UNKNOWN,UNKNOWN,NONE,V05C-contexts.csv,SOURCE_PROVED_NOT_YET_ADMITTED
TP07F484,00:DB76:0:0:0,0x005B76,18,CLC,IMP,UNKNOWN,UNKNOWN,NONE,V05C-contexts.csv,SOURCE_PROVED_NOT_YET_ADMITTED
TP07F484,00:DB77:0:0:0,0x005B77,6D4F00,ADC,ABS,0,UNKNOWN,DBR:004F,V05C-contexts.csv,SOURCE_PROVED_NOT_YET_ADMITTED
TP07F484,00:DB7A:0:0:0,0x005B7A,8D1900,STA,ABS,UNKNOWN,UNKNOWN,DBR:0019,V05C-contexts.csv,SOURCE_PROVED_NOT_YET_ADMITTED
TP07F484,00:DB7D:0:0:0,0x005B7D,E230,SEP,IMM8,UNKNOWN,UNKNOWN,NONE,V05C-contexts.csv,SOURCE_PROVED_NOT_YET_ADMITTED
TP07F484,00:DB7F:0:1:1,0x005B7F,AD5100,LDA,ABS,UNKNOWN,UNKNOWN,DBR:0051,V05C-contexts.csv,SOURCE_PROVED_NOT_YET_ADMITTED
TP07F484,00:DB82:0:1:1,0x005B82,8D1B00,STA,ABS,UNKNOWN,UNKNOWN,DBR:001B,V05C-contexts.csv,SOURCE_PROVED_NOT_YET_ADMITTED
TP07F484,00:DB85:0:1:1,0x005B85,A002,LDY,IMM_X,UNKNOWN,UNKNOWN,NONE,V05C-contexts.csv,SOURCE_PROVED_NOT_YET_ADMITTED
TP07F484,00:DB87:0:1:1,0x005B87,B719,LDA,DP_IND_LONG_Y,UNKNOWN,0,NONE,V05C-contexts.csv,SOURCE_PROVED_NOT_YET_ADMITTED
TP07F484,00:DB89:0:1:1,0x005B89,C230,REP,IMM8,UNKNOWN,UNKNOWN,NONE,V05C-contexts.csv,SOURCE_PROVED_NOT_YET_ADMITTED
TP07F484,00:DB8B:0:0:0,0x005B8B,29FF00,AND,IMM_M,UNKNOWN,UNKNOWN,NONE,V05C-contexts.csv,SOURCE_PROVED_NOT_YET_ADMITTED
TP07F484,00:DB8E:0:0:0,0x005B8E,A8,TAY,IMP,UNKNOWN,UNKNOWN,NONE,V05C-contexts.csv,SOURCE_PROVED_NOT_YET_ADMITTED
TP07F484,00:DB8F:0:0:0,0x005B8F,98,TYA,IMP,UNKNOWN,UNKNOWN,NONE,V05C-contexts.csv,SOURCE_PROVED_NOT_YET_ADMITTED
TP07F484,00:DB90:0:0:0,0x005B90,0A,ASL,ACC,UNKNOWN,UNKNOWN,NONE,V05C-contexts.csv,SOURCE_PROVED_NOT_YET_ADMITTED
TP07F484,00:DB91:0:0:0,0x005B91,0A,ASL,ACC,UNKNOWN,UNKNOWN,NONE,V05C-contexts.csv,SOURCE_PROVED_NOT_YET_ADMITTED
TP07F484,00:DB92:0:0:0,0x005B92,A8,TAY,IMP,UNKNOWN,UNKNOWN,NONE,V05C-contexts.csv,SOURCE_PROVED_NOT_YET_ADMITTED
TP07F484,00:DB93:0:0:0,0x005B93,BB,TYX,IMP,UNKNOWN,UNKNOWN,NONE,V05C-contexts.csv,SOURCE_PROVED_NOT_YET_ADMITTED
TP07F484,00:DB94:0:0:0,0x005B94,BFB78801,LDA,ABSL_X,UNKNOWN,UNKNOWN,01:88B7+X,V05C-contexts.csv,SOURCE_PROVED_NOT_YET_ADMITTED
TP07F484,00:DB98:0:0:0,0x005B98,AA,TAX,IMP,UNKNOWN,UNKNOWN,NONE,V05C-contexts.csv,SOURCE_PROVED_NOT_YET_ADMITTED
TP07F484,00:DB99:0:0:0,0x005B99,BF418E01,LDA,ABSL_X,UNKNOWN,UNKNOWN,01:8E41+X,V05C-contexts.csv,SOURCE_PROVED_NOT_YET_ADMITTED
TP07F484,00:DB9D:0:0:0,0x005B9D,29FF00,AND,IMM_M,UNKNOWN,UNKNOWN,NONE,V05C-contexts.csv,SOURCE_PROVED_NOT_YET_ADMITTED
TP07F484,00:DBA0:0:0:0,0x005BA0,2D8E07,AND,ABS,UNKNOWN,UNKNOWN,DBR:078E,V05C-contexts.csv,SOURCE_PROVED_NOT_YET_ADMITTED
TP07F484,00:DBA3:0:0:0,0x005BA3,D019,BNE,REL8,UNKNOWN,UNKNOWN,NONE,V05C-contexts.csv,SOURCE_PROVED_NOT_YET_ADMITTED
TP07F484,00:DBA5:0:0:0,0x005BA5,2085B1,JSR,ABS_JUMP,UNKNOWN,1,NONE,V05C-contexts.csv,SOURCE_PROVED_NOT_YET_ADMITTED
TP07F484,00:DBA8:0:0:1,0x005BA8,290400,AND,IMM_M,UNKNOWN,UNKNOWN,NONE,V05C-contexts.csv,SOURCE_PROVED_NOT_YET_ADMITTED
TP07F484,00:DBAB:0:0:1,0x005BAB,C90400,CMP,IMM_M,UNKNOWN,UNKNOWN,NONE,V05C-contexts.csv,SOURCE_PROVED_NOT_YET_ADMITTED
TP07F484,00:DBAE:0:0:1,0x005BAE,D00E,BNE,REL8,UNKNOWN,UNKNOWN,NONE,V05C-contexts.csv,SOURCE_PROVED_NOT_YET_ADMITTED
TP07F484,00:DBB0:0:0:1,0x005BB0,AD1104,LDA,ABS,UNKNOWN,1,DBR:0411,V05C-contexts.csv,SOURCE_PROVED_NOT_YET_ADMITTED
TP07F484,00:DBB3:0:0:1,0x005BB3,0A,ASL,ACC,UNKNOWN,UNKNOWN,NONE,V05C-contexts.csv,SOURCE_PROVED_NOT_YET_ADMITTED
TP07F484,00:DBB4:0:0:1,0x005BB4,AA,TAX,IMP,UNKNOWN,UNKNOWN,NONE,V05C-contexts.csv,SOURCE_PROVED_NOT_YET_ADMITTED
TP07F484,00:DBB5:0:0:1,0x005BB5,BFE38D01,LDA,ABSL_X,UNKNOWN,UNKNOWN,01:8DE3+X,V05C-contexts.csv,SOURCE_PROVED_NOT_YET_ADMITTED
TP07F484,00:DBB9:0:0:1,0x005BB9,E230,SEP,IMM8,UNKNOWN,UNKNOWN,NONE,V05C-contexts.csv,SOURCE_PROVED_NOT_YET_ADMITTED
TP07F484,00:DBBB:0:1:1,0x005BBB,8D1104,STA,ABS,UNKNOWN,UNKNOWN,DBR:0411,V05C-contexts.csv,SOURCE_PROVED_NOT_YET_ADMITTED
TP07F484,00:DBBE:0:0:0,0x005BBE,E230,SEP,IMM8,UNKNOWN,UNKNOWN|0|1,NONE,V05C-contexts.csv,SOURCE_PROVED_NOT_YET_ADMITTED
TP07F484,00:DBBE:0:0:1,0x005BBE,E230,SEP,IMM8,UNKNOWN,0,NONE,V05C-contexts.csv,SOURCE_PROVED_NOT_YET_ADMITTED
TP07F484,00:DBBE:0:1:1,0x005BBE,E230,SEP,IMM8,UNKNOWN,UNKNOWN|1,NONE,V05C-contexts.csv,SOURCE_PROVED_NOT_YET_ADMITTED
TP07F484,00:DBC0:0:1:1,0x005BC0,AD1104,LDA,ABS,UNKNOWN,UNKNOWN|0|1,DBR:0411,V05C-contexts.csv,SOURCE_PROVED_NOT_YET_ADMITTED
TP07F484,00:DBC3:0:1:1,0x005BC3,A016,LDY,IMM_X,UNKNOWN,UNKNOWN,NONE,V05C-contexts.csv,SOURCE_PROVED_NOT_YET_ADMITTED
TP07F484,00:DBC5:0:1:1,0x005BC5,9716,STA,DP_IND_LONG_Y,UNKNOWN,0,NONE,V05C-contexts.csv,SOURCE_PROVED_NOT_YET_ADMITTED
TP07F484,00:DBC7:0:1:1,0x005BC7,C230,REP,IMM8,UNKNOWN,0,NONE,V05C-contexts.csv,SOURCE_PROVED_NOT_YET_ADMITTED
TP07F484,00:DBC9:0:0:0,0x005BC9,A05A00,LDY,IMM_X,UNKNOWN,0,NONE,V05C-contexts.csv,SOURCE_PROVED_NOT_YET_ADMITTED
TP07F484,00:DBCC:0:0:0,0x005BCC,B716,LDA,DP_IND_LONG_Y,UNKNOWN,0,NONE,V05C-contexts.csv,SOURCE_PROVED_NOT_YET_ADMITTED
TP07F484,00:DBCE:0:0:0,0x005BCE,29FF00,AND,IMM_M,UNKNOWN,UNKNOWN,NONE,V05C-contexts.csv,SOURCE_PROVED_NOT_YET_ADMITTED
TP07F484,00:DBD1:0:0:0,0x005BD1,A8,TAY,IMP,UNKNOWN,UNKNOWN,NONE,V05C-contexts.csv,SOURCE_PROVED_NOT_YET_ADMITTED
TP07F484,00:DBD2:0:0:0,0x005BD2,98,TYA,IMP,UNKNOWN,UNKNOWN,NONE,V05C-contexts.csv,SOURCE_PROVED_NOT_YET_ADMITTED
TP07F484,00:DBD3:0:0:0,0x005BD3,A92400,LDA,IMM_M,UNKNOWN,UNKNOWN,NONE,V05C-contexts.csv,SOURCE_PROVED_NOT_YET_ADMITTED
TP07F484,00:DBD6:0:0:0,0x005BD6,22A78004,JSL,ABSL_JUMP,UNKNOWN,0,NONE,V05C-contexts.csv,SOURCE_PROVED_NOT_YET_ADMITTED
TP07F484,00:DBDA:0:0:0,0x005BDA,A8,TAY,IMP,UNKNOWN,UNKNOWN,NONE,V05C-contexts.csv,SOURCE_PROVED_NOT_YET_ADMITTED
TP07F484,00:DBDB:0:0:0,0x005BDB,8D6400,STA,ABS,UNKNOWN,UNKNOWN,DBR:0064,V05C-contexts.csv,SOURCE_PROVED_NOT_YET_ADMITTED
TP07F484,00:DBDE:0:0:0,0x005BDE,A90000,LDA,IMM_M,UNKNOWN,UNKNOWN,NONE,V05C-contexts.csv,SOURCE_PROVED_NOT_YET_ADMITTED
TP07F484,00:DBE1:0:0:0,0x005BE1,0A,ASL,ACC,UNKNOWN,1,NONE,V05C-contexts.csv,SOURCE_PROVED_NOT_YET_ADMITTED
TP07F484,00:DBE2:0:0:0,0x005BE2,18,CLC,IMP,UNKNOWN,UNKNOWN,NONE,V05C-contexts.csv,SOURCE_PROVED_NOT_YET_ADMITTED
TP07F484,00:DBE3:0:0:0,0x005BE3,6D6400,ADC,ABS,0,UNKNOWN,DBR:0064,V05C-contexts.csv,SOURCE_PROVED_NOT_YET_ADMITTED
TP07F484,00:DBE6:0:0:0,0x005BE6,8D6400,STA,ABS,UNKNOWN,UNKNOWN,DBR:0064,V05C-contexts.csv,SOURCE_PROVED_NOT_YET_ADMITTED
TP07F484,00:DBE9:0:0:0,0x005BE9,AA,TAX,IMP,UNKNOWN,UNKNOWN,NONE,V05C-contexts.csv,SOURCE_PROVED_NOT_YET_ADMITTED
TP07F484,00:DBEA:0:0:0,0x005BEA,BF16C301,LDA,ABSL_X,UNKNOWN,UNKNOWN,01:C316+X,V05C-contexts.csv,SOURCE_PROVED_NOT_YET_ADMITTED
TP07F484,00:DBEE:0:0:0,0x005BEE,8D6400,STA,ABS,UNKNOWN,UNKNOWN,DBR:0064,V05C-contexts.csv,SOURCE_PROVED_NOT_YET_ADMITTED
TP07F484,00:DBF1:0:0:0,0x005BF1,A01600,LDY,IMM_X,UNKNOWN,UNKNOWN,NONE,V05C-contexts.csv,SOURCE_PROVED_NOT_YET_ADMITTED
TP07F484,00:DBF4:0:0:0,0x005BF4,B716,LDA,DP_IND_LONG_Y,UNKNOWN,0,NONE,V05C-contexts.csv,SOURCE_PROVED_NOT_YET_ADMITTED
TP07F484,00:DBF6:0:0:0,0x005BF6,29FF00,AND,IMM_M,UNKNOWN,UNKNOWN,NONE,V05C-contexts.csv,SOURCE_PROVED_NOT_YET_ADMITTED
TP07F484,00:DBF9:0:0:0,0x005BF9,18,CLC,IMP,UNKNOWN,UNKNOWN,NONE,V05C-contexts.csv,SOURCE_PROVED_NOT_YET_ADMITTED
TP07F484,00:DBFA:0:0:0,0x005BFA,6D6400,ADC,ABS,0,UNKNOWN,DBR:0064,V05C-contexts.csv,SOURCE_PROVED_NOT_YET_ADMITTED
TP07F484,00:DBFD:0:0:0,0x005BFD,0A,ASL,ACC,UNKNOWN,UNKNOWN,NONE,V05C-contexts.csv,SOURCE_PROVED_NOT_YET_ADMITTED
TP07F484,00:DBFE:0:0:0,0x005BFE,AA,TAX,IMP,UNKNOWN,UNKNOWN,NONE,V05C-contexts.csv,SOURCE_PROVED_NOT_YET_ADMITTED
TP07F484,00:DBFF:0:0:0,0x005BFF,BFC29305,LDA,ABSL_X,UNKNOWN,UNKNOWN,05:93C2+X,V05C-contexts.csv,SOURCE_PROVED_NOT_YET_ADMITTED
TP07F484,00:DC03:0:0:0,0x005C03,E210,SEP,IMM8,UNKNOWN,UNKNOWN,NONE,V05C-contexts.csv,SOURCE_PROVED_NOT_YET_ADMITTED
TP07F484,00:DC05:0:0:1,0x005C05,C220,REP,IMM8,UNKNOWN,UNKNOWN,NONE,V05C-contexts.csv,SOURCE_PROVED_NOT_YET_ADMITTED
TP07F484,00:DC07:0:0:1,0x005C07,A00E,LDY,IMM_X,UNKNOWN,UNKNOWN,NONE,V05C-contexts.csv,SOURCE_PROVED_NOT_YET_ADMITTED
TP07F484,00:DC09:0:0:1,0x005C09,9716,STA,DP_IND_LONG_Y,UNKNOWN,0,NONE,V05C-contexts.csv,SOURCE_PROVED_NOT_YET_ADMITTED
TP07F484,00:DC0B:0:0:1,0x005C0B,E230,SEP,IMM8,UNKNOWN,0,NONE,V05C-contexts.csv,SOURCE_PROVED_NOT_YET_ADMITTED
TP07F484,00:DC0D:0:1:1,0x005C0D,827100,BRL,REL16,UNKNOWN,0,NONE,V05C-contexts.csv,SOURCE_PROVED_NOT_YET_ADMITTED
TP07F484,00:DC10:0:0:0,0x005C10,E210,SEP,IMM8,UNKNOWN|0,1,NONE,V05C-contexts.csv,SOURCE_PROVED_NOT_YET_ADMITTED
TP07F484,00:DC12:0:0:1,0x005C12,C220,REP,IMM8,UNKNOWN|0,1,NONE,V05C-contexts.csv,SOURCE_PROVED_NOT_YET_ADMITTED
TP07F484,00:DC14:0:0:1,0x005C14,AD1600,LDA,ABS,UNKNOWN|0,1,DBR:0016,V05C-contexts.csv,SOURCE_PROVED_NOT_YET_ADMITTED
TP07F484,00:DC17:0:0:1,0x005C17,8D8A07,STA,ABS,UNKNOWN|0,UNKNOWN,DBR:078A,V05C-contexts.csv,SOURCE_PROVED_NOT_YET_ADMITTED
TP07F484,00:DC1A:0:0:1,0x005C1A,AE1800,LDX,ABS,UNKNOWN|0,UNKNOWN,DBR:0018,V05C-contexts.csv,SOURCE_PROVED_NOT_YET_ADMITTED
TP07F484,00:DC1D:0:0:1,0x005C1D,8E8C07,STX,ABS,UNKNOWN|0,UNKNOWN,DBR:078C,V05C-contexts.csv,SOURCE_PROVED_NOT_YET_ADMITTED
TP07F484,00:DC20:0:0:1,0x005C20,2264C400,JSL,ABSL_JUMP,UNKNOWN|0,UNKNOWN,NONE,V05C-contexts.csv,SOURCE_PROVED_NOT_YET_ADMITTED
TP07F484,00:DC24:0:0:1,0x005C24,E230,SEP,IMM8,UNKNOWN|0|1,UNKNOWN,NONE,V05C-contexts.csv,SOURCE_PROVED_NOT_YET_ADMITTED
TP07F484,00:DC26:0:1:1,0x005C26,A010,LDY,IMM_X,UNKNOWN|0|1,UNKNOWN,NONE,V05C-contexts.csv,SOURCE_PROVED_NOT_YET_ADMITTED
TP07F484,00:DC28:0:1:1,0x005C28,A906,LDA,IMM_M,UNKNOWN|0|1,0,NONE,V05C-contexts.csv,SOURCE_PROVED_NOT_YET_ADMITTED
TP07F484,00:DC2A:0:1:1,0x005C2A,9716,STA,DP_IND_LONG_Y,UNKNOWN|0|1,0,NONE,V05C-contexts.csv,SOURCE_PROVED_NOT_YET_ADMITTED
TP07F484,00:DC2C:0:1:1,0x005C2C,C230,REP,IMM8,UNKNOWN|0|1,0,NONE,V05C-contexts.csv,SOURCE_PROVED_NOT_YET_ADMITTED
TP07F484,00:DC2E:0:0:0,0x005C2E,A01800,LDY,IMM_X,UNKNOWN|0|1,0,NONE,V05C-contexts.csv,SOURCE_PROVED_NOT_YET_ADMITTED
TP07F484,00:DC31:0:0:0,0x005C31,A90000,LDA,IMM_M,UNKNOWN|0|1,0,NONE,V05C-contexts.csv,SOURCE_PROVED_NOT_YET_ADMITTED
TP07F484,00:DC34:0:0:0,0x005C34,9716,STA,DP_IND_LONG_Y,UNKNOWN|0|1,1,NONE,V05C-contexts.csv,SOURCE_PROVED_NOT_YET_ADMITTED
TP07F484,00:DC36:0:0:0,0x005C36,C230,REP,IMM8,UNKNOWN|0|1,1,NONE,V05C-contexts.csv,SOURCE_PROVED_NOT_YET_ADMITTED
TP07F484,00:DC38:0:0:0,0x005C38,A05A00,LDY,IMM_X,UNKNOWN|0|1,1,NONE,V05C-contexts.csv,SOURCE_PROVED_NOT_YET_ADMITTED
TP07F484,00:DC3B:0:0:0,0x005C3B,B716,LDA,DP_IND_LONG_Y,UNKNOWN|0|1,0,NONE,V05C-contexts.csv,SOURCE_PROVED_NOT_YET_ADMITTED
TP07F484,00:DC3D:0:0:0,0x005C3D,29FF00,AND,IMM_M,UNKNOWN|0|1,UNKNOWN,NONE,V05C-contexts.csv,SOURCE_PROVED_NOT_YET_ADMITTED
TP07F484,00:DC40:0:0:0,0x005C40,A8,TAY,IMP,UNKNOWN|0|1,UNKNOWN,NONE,V05C-contexts.csv,SOURCE_PROVED_NOT_YET_ADMITTED
TP07F484,00:DC41:0:0:0,0x005C41,98,TYA,IMP,UNKNOWN|0|1,UNKNOWN,NONE,V05C-contexts.csv,SOURCE_PROVED_NOT_YET_ADMITTED
TP07F484,00:DC42:0:0:0,0x005C42,A92400,LDA,IMM_M,UNKNOWN|0|1,UNKNOWN,NONE,V05C-contexts.csv,SOURCE_PROVED_NOT_YET_ADMITTED
TP07F484,00:DC45:0:0:0,0x005C45,22A78004,JSL,ABSL_JUMP,UNKNOWN|0|1,0,NONE,V05C-contexts.csv,SOURCE_PROVED_NOT_YET_ADMITTED
TP07F484,00:DC49:0:0:0,0x005C49,A8,TAY,IMP,UNKNOWN,UNKNOWN,NONE,V05C-contexts.csv,SOURCE_PROVED_NOT_YET_ADMITTED
TP07F484,00:DC4A:0:0:0,0x005C4A,8D6400,STA,ABS,UNKNOWN,UNKNOWN,DBR:0064,V05C-contexts.csv,SOURCE_PROVED_NOT_YET_ADMITTED
TP07F484,00:DC4D:0:0:0,0x005C4D,A90000,LDA,IMM_M,UNKNOWN,UNKNOWN,NONE,V05C-contexts.csv,SOURCE_PROVED_NOT_YET_ADMITTED
TP07F484,00:DC50:0:0:0,0x005C50,0A,ASL,ACC,UNKNOWN,1,NONE,V05C-contexts.csv,SOURCE_PROVED_NOT_YET_ADMITTED
TP07F484,00:DC51:0:0:0,0x005C51,18,CLC,IMP,UNKNOWN,UNKNOWN,NONE,V05C-contexts.csv,SOURCE_PROVED_NOT_YET_ADMITTED
TP07F484,00:DC52:0:0:0,0x005C52,6D6400,ADC,ABS,0,UNKNOWN,DBR:0064,V05C-contexts.csv,SOURCE_PROVED_NOT_YET_ADMITTED
TP07F484,00:DC55:0:0:0,0x005C55,8D6400,STA,ABS,UNKNOWN,UNKNOWN,DBR:0064,V05C-contexts.csv,SOURCE_PROVED_NOT_YET_ADMITTED
TP07F484,00:DC58:0:0:0,0x005C58,AA,TAX,IMP,UNKNOWN,UNKNOWN,NONE,V05C-contexts.csv,SOURCE_PROVED_NOT_YET_ADMITTED
TP07F484,00:DC59:0:0:0,0x005C59,BF16C301,LDA,ABSL_X,UNKNOWN,UNKNOWN,01:C316+X,V05C-contexts.csv,SOURCE_PROVED_NOT_YET_ADMITTED
TP07F484,00:DC5D:0:0:0,0x005C5D,8D6400,STA,ABS,UNKNOWN,UNKNOWN,DBR:0064,V05C-contexts.csv,SOURCE_PROVED_NOT_YET_ADMITTED
TP07F484,00:DC60:0:0:0,0x005C60,A01600,LDY,IMM_X,UNKNOWN,UNKNOWN,NONE,V05C-contexts.csv,SOURCE_PROVED_NOT_YET_ADMITTED
TP07F484,00:DC63:0:0:0,0x005C63,B716,LDA,DP_IND_LONG_Y,UNKNOWN,0,NONE,V05C-contexts.csv,SOURCE_PROVED_NOT_YET_ADMITTED
TP07F484,00:DC65:0:0:0,0x005C65,29FF00,AND,IMM_M,UNKNOWN,UNKNOWN,NONE,V05C-contexts.csv,SOURCE_PROVED_NOT_YET_ADMITTED
TP07F484,00:DC68:0:0:0,0x005C68,18,CLC,IMP,UNKNOWN,UNKNOWN,NONE,V05C-contexts.csv,SOURCE_PROVED_NOT_YET_ADMITTED
TP07F484,00:DC69:0:0:0,0x005C69,6D6400,ADC,ABS,0,UNKNOWN,DBR:0064,V05C-contexts.csv,SOURCE_PROVED_NOT_YET_ADMITTED
TP07F484,00:DC6C:0:0:0,0x005C6C,0A,ASL,ACC,UNKNOWN,UNKNOWN,NONE,V05C-contexts.csv,SOURCE_PROVED_NOT_YET_ADMITTED
TP07F484,00:DC6D:0:0:0,0x005C6D,AA,TAX,IMP,UNKNOWN,UNKNOWN,NONE,V05C-contexts.csv,SOURCE_PROVED_NOT_YET_ADMITTED
TP07F484,00:DC6E:0:0:0,0x005C6E,BFC29305,LDA,ABSL_X,UNKNOWN,UNKNOWN,05:93C2+X,V05C-contexts.csv,SOURCE_PROVED_NOT_YET_ADMITTED
TP07F484,00:DC72:0:0:0,0x005C72,E210,SEP,IMM8,UNKNOWN,UNKNOWN,NONE,V05C-contexts.csv,SOURCE_PROVED_NOT_YET_ADMITTED
TP07F484,00:DC74:0:0:1,0x005C74,C220,REP,IMM8,UNKNOWN,UNKNOWN,NONE,V05C-contexts.csv,SOURCE_PROVED_NOT_YET_ADMITTED
TP07F484,00:DC76:0:0:1,0x005C76,A00E,LDY,IMM_X,UNKNOWN,UNKNOWN,NONE,V05C-contexts.csv,SOURCE_PROVED_NOT_YET_ADMITTED
TP07F484,00:DC78:0:0:1,0x005C78,9716,STA,DP_IND_LONG_Y,UNKNOWN,0,NONE,V05C-contexts.csv,SOURCE_PROVED_NOT_YET_ADMITTED
TP07F484,00:DC7A:0:0:1,0x005C7A,C230,REP,IMM8,UNKNOWN,0,NONE,V05C-contexts.csv,SOURCE_PROVED_NOT_YET_ADMITTED
TP07F484,00:DC7C:0:0:0,0x005C7C,A90100,LDA,IMM_M,UNKNOWN,0,NONE,V05C-contexts.csv,SOURCE_PROVED_NOT_YET_ADMITTED
TP07F484,00:DC7F:0:0:0,0x005C7F,8022,BRA,REL8,UNKNOWN,0,NONE,V05C-contexts.csv,SOURCE_PROVED_NOT_YET_ADMITTED
TP07F484,00:DC81:0:1:1,0x005C81,801B,BRA,REL8,UNKNOWN,0,NONE,V05C-contexts.csv,SOURCE_PROVED_NOT_YET_ADMITTED
TP07F484,00:DC83:0:0:0,0x005C83,E210,SEP,IMM8,UNKNOWN|1,0,NONE,V05C-contexts.csv,SOURCE_PROVED_NOT_YET_ADMITTED
TP07F484,00:DC85:0:0:1,0x005C85,C220,REP,IMM8,UNKNOWN|1,0,NONE,V05C-contexts.csv,SOURCE_PROVED_NOT_YET_ADMITTED
TP07F484,00:DC87:0:0:1,0x005C87,AD1600,LDA,ABS,UNKNOWN|1,0,DBR:0016,V05C-contexts.csv,SOURCE_PROVED_NOT_YET_ADMITTED
TP07F484,00:DC8A:0:0:1,0x005C8A,8D8A07,STA,ABS,UNKNOWN|1,UNKNOWN,DBR:078A,V05C-contexts.csv,SOURCE_PROVED_NOT_YET_ADMITTED
TP07F484,00:DC8D:0:0:1,0x005C8D,AE1800,LDX,ABS,UNKNOWN|1,UNKNOWN,DBR:0018,V05C-contexts.csv,SOURCE_PROVED_NOT_YET_ADMITTED
TP07F484,00:DC90:0:0:1,0x005C90,8E8C07,STX,ABS,UNKNOWN|1,UNKNOWN,DBR:078C,V05C-contexts.csv,SOURCE_PROVED_NOT_YET_ADMITTED
TP07F484,00:DC93:0:0:1,0x005C93,9C8E07,STZ,ABS,UNKNOWN|1,UNKNOWN,DBR:078E,V05C-contexts.csv,SOURCE_PROVED_NOT_YET_ADMITTED
TP07F484,00:DC96:0:0:1,0x005C96,22CEB307,JSL,ABSL_JUMP,UNKNOWN|1,UNKNOWN,NONE,V05C-contexts.csv,SOURCE_PROVED_NOT_YET_ADMITTED
TP07F484,00:DC9A:0:0:1,0x005C9A,C230,REP,IMM8,UNKNOWN|0|1,UNKNOWN,NONE,V05C-contexts.csv,SOURCE_PROVED_NOT_YET_ADMITTED
TP07F484,00:DC9C:0:0:0,0x005C9C,8005,BRA,REL8,UNKNOWN|0|1,UNKNOWN,NONE,V05C-contexts.csv,SOURCE_PROVED_NOT_YET_ADMITTED
TP07F484,00:DC9E:0:1:1,0x005C9E,C230,REP,IMM8,UNKNOWN,0,NONE,V05C-contexts.csv,SOURCE_PROVED_NOT_YET_ADMITTED
TP07F484,00:DCA0:0:0:0,0x005CA0,A90000,LDA,IMM_M,UNKNOWN,0,NONE,V05C-contexts.csv,SOURCE_PROVED_NOT_YET_ADMITTED
TP07F484,00:DCA3:0:0:0,0x005CA3,8DA207,STA,ABS,UNKNOWN|0|1,UNKNOWN|0|1,DBR:07A2,V05C-contexts.csv,SOURCE_PROVED_NOT_YET_ADMITTED
TP07F484,00:DCA6:0:0:0,0x005CA6,E230,SEP,IMM8,UNKNOWN|0|1,UNKNOWN|0|1,NONE,V05C-contexts.csv,SOURCE_PROVED_NOT_YET_ADMITTED
TP07F484,00:DCA8:0:1:1,0x005CA8,68,PLA,IMP,UNKNOWN|0|1,UNKNOWN|0|1,NONE,V05C-contexts.csv,SOURCE_PROVED_NOT_YET_ADMITTED
TP07F484,00:DCA9:0:1:1,0x005CA9,8D0904,STA,ABS,UNKNOWN|0|1,UNKNOWN,DBR:0409,V05C-contexts.csv,SOURCE_PROVED_NOT_YET_ADMITTED
TP07F484,00:DCAC:0:1:1,0x005CAC,68,PLA,IMP,UNKNOWN|0|1,UNKNOWN,NONE,V05C-contexts.csv,SOURCE_PROVED_NOT_YET_ADMITTED
TP07F484,00:DCAD:0:1:1,0x005CAD,8D0804,STA,ABS,UNKNOWN|0|1,UNKNOWN,DBR:0408,V05C-contexts.csv,SOURCE_PROVED_NOT_YET_ADMITTED
TP07F484,00:DCB0:0:1:1,0x005CB0,68,PLA,IMP,UNKNOWN|0|1,UNKNOWN,NONE,V05C-contexts.csv,SOURCE_PROVED_NOT_YET_ADMITTED
TP07F484,00:DCB1:0:1:1,0x005CB1,8D0704,STA,ABS,UNKNOWN|0|1,UNKNOWN,DBR:0407,V05C-contexts.csv,SOURCE_PROVED_NOT_YET_ADMITTED
TP07F484,00:DCB4:0:1:1,0x005CB4,68,PLA,IMP,UNKNOWN|0|1,UNKNOWN,NONE,V05C-contexts.csv,SOURCE_PROVED_NOT_YET_ADMITTED
TP07F484,00:DCB5:0:1:1,0x005CB5,8D0604,STA,ABS,UNKNOWN|0|1,UNKNOWN,DBR:0406,V05C-contexts.csv,SOURCE_PROVED_NOT_YET_ADMITTED
TP07F484,00:DCB8:0:1:1,0x005CB8,68,PLA,IMP,UNKNOWN|0|1,UNKNOWN,NONE,V05C-contexts.csv,SOURCE_PROVED_NOT_YET_ADMITTED
TP07F484,00:DCB9:0:1:1,0x005CB9,8D0504,STA,ABS,UNKNOWN|0|1,UNKNOWN,DBR:0405,V05C-contexts.csv,SOURCE_PROVED_NOT_YET_ADMITTED
TP07F484,00:DCBC:0:1:1,0x005CBC,68,PLA,IMP,UNKNOWN|0|1,UNKNOWN,NONE,V05C-contexts.csv,SOURCE_PROVED_NOT_YET_ADMITTED
TP07F484,00:DCBD:0:1:1,0x005CBD,8D0404,STA,ABS,UNKNOWN|0|1,UNKNOWN,DBR:0404,V05C-contexts.csv,SOURCE_PROVED_NOT_YET_ADMITTED
TP07F484,00:DCC0:0:1:1,0x005CC0,68,PLA,IMP,UNKNOWN|0|1,UNKNOWN,NONE,V05C-contexts.csv,SOURCE_PROVED_NOT_YET_ADMITTED
TP07F484,00:DCC1:0:1:1,0x005CC1,8D0304,STA,ABS,UNKNOWN|0|1,UNKNOWN,DBR:0403,V05C-contexts.csv,SOURCE_PROVED_NOT_YET_ADMITTED
TP07F484,00:DCC4:0:1:1,0x005CC4,68,PLA,IMP,UNKNOWN|0|1,UNKNOWN,NONE,V05C-contexts.csv,SOURCE_PROVED_NOT_YET_ADMITTED
TP07F484,00:DCC5:0:1:1,0x005CC5,8D0204,STA,ABS,UNKNOWN|0|1,UNKNOWN,DBR:0402,V05C-contexts.csv,SOURCE_PROVED_NOT_YET_ADMITTED
TP07F484,00:DCC8:0:1:1,0x005CC8,68,PLA,IMP,UNKNOWN|0|1,UNKNOWN,NONE,V05C-contexts.csv,SOURCE_PROVED_NOT_YET_ADMITTED
TP07F484,00:DCC9:0:1:1,0x005CC9,8D0104,STA,ABS,UNKNOWN|0|1,UNKNOWN,DBR:0401,V05C-contexts.csv,SOURCE_PROVED_NOT_YET_ADMITTED
TP07F484,00:DCCC:0:1:1,0x005CCC,68,PLA,IMP,UNKNOWN|0|1,UNKNOWN,NONE,V05C-contexts.csv,SOURCE_PROVED_NOT_YET_ADMITTED
TP07F484,00:DCCD:0:1:1,0x005CCD,8D0004,STA,ABS,UNKNOWN|0|1,UNKNOWN,DBR:0400,V05C-contexts.csv,SOURCE_PROVED_NOT_YET_ADMITTED
TP07F484,00:DCD0:0:1:1,0x005CD0,C230,REP,IMM8,UNKNOWN|0|1,UNKNOWN,NONE,V05C-contexts.csv,SOURCE_PROVED_NOT_YET_ADMITTED
TP07F484,00:DCD2:0:0:0,0x005CD2,68,PLA,IMP,UNKNOWN|0|1,UNKNOWN,NONE,V05C-contexts.csv,SOURCE_PROVED_NOT_YET_ADMITTED
TP07F484,00:DCD3:0:0:0,0x005CD3,8D1F04,STA,ABS,UNKNOWN|0|1,UNKNOWN,DBR:041F,V05C-contexts.csv,SOURCE_PROVED_NOT_YET_ADMITTED
TP07F484,00:DCD6:0:0:0,0x005CD6,68,PLA,IMP,UNKNOWN|0|1,UNKNOWN,NONE,V05C-contexts.csv,SOURCE_PROVED_NOT_YET_ADMITTED
TP07F484,00:DCD7:0:0:0,0x005CD7,8D1D04,STA,ABS,UNKNOWN|0|1,UNKNOWN,DBR:041D,V05C-contexts.csv,SOURCE_PROVED_NOT_YET_ADMITTED
TP07F484,00:DCDA:0:0:0,0x005CDA,68,PLA,IMP,UNKNOWN|0|1,UNKNOWN,NONE,V05C-contexts.csv,SOURCE_PROVED_NOT_YET_ADMITTED
TP07F484,00:DCDB:0:0:0,0x005CDB,8D1B04,STA,ABS,UNKNOWN|0|1,UNKNOWN,DBR:041B,V05C-contexts.csv,SOURCE_PROVED_NOT_YET_ADMITTED
TP07F484,00:DCDE:0:0:0,0x005CDE,68,PLA,IMP,UNKNOWN|0|1,UNKNOWN,NONE,V05C-contexts.csv,SOURCE_PROVED_NOT_YET_ADMITTED
TP07F484,00:DCDF:0:0:0,0x005CDF,8D1904,STA,ABS,UNKNOWN|0|1,UNKNOWN,DBR:0419,V05C-contexts.csv,SOURCE_PROVED_NOT_YET_ADMITTED
TP07F484,00:DCE2:0:0:0,0x005CE2,68,PLA,IMP,UNKNOWN|0|1,UNKNOWN,NONE,V05C-contexts.csv,SOURCE_PROVED_NOT_YET_ADMITTED
TP07F484,00:DCE3:0:0:0,0x005CE3,8D1704,STA,ABS,UNKNOWN|0|1,UNKNOWN,DBR:0417,V05C-contexts.csv,SOURCE_PROVED_NOT_YET_ADMITTED
TP07F484,00:DCE6:0:0:0,0x005CE6,68,PLA,IMP,UNKNOWN|0|1,UNKNOWN,NONE,V05C-contexts.csv,SOURCE_PROVED_NOT_YET_ADMITTED
TP07F484,00:DCE7:0:0:0,0x005CE7,8D1504,STA,ABS,UNKNOWN|0|1,UNKNOWN,DBR:0415,V05C-contexts.csv,SOURCE_PROVED_NOT_YET_ADMITTED
TP07F484,00:DCEA:0:0:0,0x005CEA,68,PLA,IMP,UNKNOWN|0|1,UNKNOWN,NONE,V05C-contexts.csv,SOURCE_PROVED_NOT_YET_ADMITTED
TP07F484,00:DCEB:0:0:0,0x005CEB,8D1304,STA,ABS,UNKNOWN|0|1,UNKNOWN,DBR:0413,V05C-contexts.csv,SOURCE_PROVED_NOT_YET_ADMITTED
TP07F484,00:DCEE:0:0:0,0x005CEE,68,PLA,IMP,UNKNOWN|0|1,UNKNOWN,NONE,V05C-contexts.csv,SOURCE_PROVED_NOT_YET_ADMITTED
TP07F484,00:DCEF:0:0:0,0x005CEF,8D1104,STA,ABS,UNKNOWN|0|1,UNKNOWN,DBR:0411,V05C-contexts.csv,SOURCE_PROVED_NOT_YET_ADMITTED
TP07F484,00:DCF2:0:0:0,0x005CF2,68,PLA,IMP,UNKNOWN|0|1,UNKNOWN,NONE,V05C-contexts.csv,SOURCE_PROVED_NOT_YET_ADMITTED
TP07F484,00:DCF3:0:0:0,0x005CF3,8D0F04,STA,ABS,UNKNOWN|0|1,UNKNOWN,DBR:040F,V05C-contexts.csv,SOURCE_PROVED_NOT_YET_ADMITTED
TP07F484,00:DCF6:0:0:0,0x005CF6,68,PLA,IMP,UNKNOWN|0|1,UNKNOWN,NONE,V05C-contexts.csv,SOURCE_PROVED_NOT_YET_ADMITTED
TP07F484,00:DCF7:0:0:0,0x005CF7,8D0D04,STA,ABS,UNKNOWN|0|1,UNKNOWN,DBR:040D,V05C-contexts.csv,SOURCE_PROVED_NOT_YET_ADMITTED
TP07F484,00:DCFA:0:0:0,0x005CFA,68,PLA,IMP,UNKNOWN|0|1,UNKNOWN,NONE,V05C-contexts.csv,SOURCE_PROVED_NOT_YET_ADMITTED
TP07F484,00:DCFB:0:0:0,0x005CFB,8D0B04,STA,ABS,UNKNOWN|0|1,UNKNOWN,DBR:040B,V05C-contexts.csv,SOURCE_PROVED_NOT_YET_ADMITTED
TP07F484,00:DCFE:0:0:0,0x005CFE,E210,SEP,IMM8,UNKNOWN|0|1,UNKNOWN,NONE,V05C-contexts.csv,SOURCE_PROVED_NOT_YET_ADMITTED
TP07F484,00:DD00:0:0:1,0x005D00,C220,REP,IMM8,UNKNOWN|0|1,UNKNOWN,NONE,V05C-contexts.csv,SOURCE_PROVED_NOT_YET_ADMITTED
TP07F484,00:DD02:0:0:1,0x005D02,FA,PLX,IMP,UNKNOWN|0|1,UNKNOWN,NONE,V05C-contexts.csv,SOURCE_PROVED_NOT_YET_ADMITTED
TP07F484,00:DD03:0:0:1,0x005D03,8E4B00,STX,ABS,UNKNOWN|0|1,UNKNOWN,DBR:004B,V05C-contexts.csv,SOURCE_PROVED_NOT_YET_ADMITTED
TP07F484,00:DD06:0:0:1,0x005D06,68,PLA,IMP,UNKNOWN|0|1,UNKNOWN,NONE,V05C-contexts.csv,SOURCE_PROVED_NOT_YET_ADMITTED
TP07F484,00:DD07:0:0:1,0x005D07,8D4900,STA,ABS,UNKNOWN|0|1,UNKNOWN,DBR:0049,V05C-contexts.csv,SOURCE_PROVED_NOT_YET_ADMITTED
TP07F484,00:DD0A:0:0:1,0x005D0A,FA,PLX,IMP,UNKNOWN|0|1,UNKNOWN,NONE,V05C-contexts.csv,SOURCE_PROVED_NOT_YET_ADMITTED
TP07F484,00:DD0B:0:0:1,0x005D0B,8E4800,STX,ABS,UNKNOWN|0|1,UNKNOWN,DBR:0048,V05C-contexts.csv,SOURCE_PROVED_NOT_YET_ADMITTED
TP07F484,00:DD0E:0:0:1,0x005D0E,68,PLA,IMP,UNKNOWN|0|1,UNKNOWN,NONE,V05C-contexts.csv,SOURCE_PROVED_NOT_YET_ADMITTED
TP07F484,00:DD0F:0:0:1,0x005D0F,8D4600,STA,ABS,UNKNOWN|0|1,UNKNOWN,DBR:0046,V05C-contexts.csv,SOURCE_PROVED_NOT_YET_ADMITTED
TP07F484,00:DD12:0:0:1,0x005D12,FA,PLX,IMP,UNKNOWN|0|1,UNKNOWN,NONE,V05C-contexts.csv,SOURCE_PROVED_NOT_YET_ADMITTED
TP07F484,00:DD13:0:0:1,0x005D13,8E2700,STX,ABS,UNKNOWN|0|1,UNKNOWN,DBR:0027,V05C-contexts.csv,SOURCE_PROVED_NOT_YET_ADMITTED
TP07F484,00:DD16:0:0:1,0x005D16,68,PLA,IMP,UNKNOWN|0|1,UNKNOWN,NONE,V05C-contexts.csv,SOURCE_PROVED_NOT_YET_ADMITTED
TP07F484,00:DD17:0:0:1,0x005D17,8D2500,STA,ABS,UNKNOWN|0|1,UNKNOWN,DBR:0025,V05C-contexts.csv,SOURCE_PROVED_NOT_YET_ADMITTED
TP07F484,00:DD1A:0:0:1,0x005D1A,FA,PLX,IMP,UNKNOWN|0|1,UNKNOWN,NONE,V05C-contexts.csv,SOURCE_PROVED_NOT_YET_ADMITTED
TP07F484,00:DD1B:0:0:1,0x005D1B,8E2100,STX,ABS,UNKNOWN|0|1,UNKNOWN,DBR:0021,V05C-contexts.csv,SOURCE_PROVED_NOT_YET_ADMITTED
TP07F484,00:DD1E:0:0:1,0x005D1E,68,PLA,IMP,UNKNOWN|0|1,UNKNOWN,NONE,V05C-contexts.csv,SOURCE_PROVED_NOT_YET_ADMITTED
TP07F484,00:DD1F:0:0:1,0x005D1F,8D1F00,STA,ABS,UNKNOWN|0|1,UNKNOWN,DBR:001F,V05C-contexts.csv,SOURCE_PROVED_NOT_YET_ADMITTED
TP07F484,00:DD22:0:0:1,0x005D22,FA,PLX,IMP,UNKNOWN|0|1,UNKNOWN,NONE,V05C-contexts.csv,SOURCE_PROVED_NOT_YET_ADMITTED
TP07F484,00:DD23:0:0:1,0x005D23,8E1E00,STX,ABS,UNKNOWN|0|1,UNKNOWN,DBR:001E,V05C-contexts.csv,SOURCE_PROVED_NOT_YET_ADMITTED
TP07F484,00:DD26:0:0:1,0x005D26,68,PLA,IMP,UNKNOWN|0|1,UNKNOWN,NONE,V05C-contexts.csv,SOURCE_PROVED_NOT_YET_ADMITTED
TP07F484,00:DD27:0:0:1,0x005D27,8D1C00,STA,ABS,UNKNOWN|0|1,UNKNOWN,DBR:001C,V05C-contexts.csv,SOURCE_PROVED_NOT_YET_ADMITTED
TP07F484,00:DD2A:0:0:1,0x005D2A,FA,PLX,IMP,UNKNOWN|0|1,UNKNOWN,NONE,V05C-contexts.csv,SOURCE_PROVED_NOT_YET_ADMITTED
TP07F484,00:DD2B:0:0:1,0x005D2B,8E1B00,STX,ABS,UNKNOWN|0|1,UNKNOWN,DBR:001B,V05C-contexts.csv,SOURCE_PROVED_NOT_YET_ADMITTED
TP07F484,00:DD2E:0:0:1,0x005D2E,68,PLA,IMP,UNKNOWN|0|1,UNKNOWN,NONE,V05C-contexts.csv,SOURCE_PROVED_NOT_YET_ADMITTED
TP07F484,00:DD2F:0:0:1,0x005D2F,8D1900,STA,ABS,UNKNOWN|0|1,UNKNOWN,DBR:0019,V05C-contexts.csv,SOURCE_PROVED_NOT_YET_ADMITTED
TP07F484,00:DD32:0:0:1,0x005D32,FA,PLX,IMP,UNKNOWN|0|1,UNKNOWN,NONE,V05C-contexts.csv,SOURCE_PROVED_NOT_YET_ADMITTED
TP07F484,00:DD33:0:0:1,0x005D33,8E1800,STX,ABS,UNKNOWN|0|1,UNKNOWN,DBR:0018,V05C-contexts.csv,SOURCE_PROVED_NOT_YET_ADMITTED
TP07F484,00:DD36:0:0:1,0x005D36,68,PLA,IMP,UNKNOWN|0|1,UNKNOWN,NONE,V05C-contexts.csv,SOURCE_PROVED_NOT_YET_ADMITTED
TP07F484,00:DD37:0:0:1,0x005D37,8D1600,STA,ABS,UNKNOWN|0|1,UNKNOWN,DBR:0016,V05C-contexts.csv,SOURCE_PROVED_NOT_YET_ADMITTED
TP07F484,00:DD3A:0:0:1,0x005D3A,60,RTS,IMP,UNKNOWN|0|1,UNKNOWN,NONE,V05C-contexts.csv,SOURCE_PROVED_NOT_YET_ADMITTED
