Family,Source,Kind,Target,Proof_Source
TP07F484,00:CE3D:0:0:0,FALLTHROUGH_STATUS,00:CE3F:0:0:1,V05C-edges.csv
TP07F484,00:CE3F:0:0:1,FALLTHROUGH_STATUS,00:CE41:0:0:1,V05C-edges.csv
TP07F484,00:CE41:0:0:1,FALLTHROUGH,00:CE44:0:0:1,V05C-edges.csv
TP07F484,00:CE44:0:0:1,FALLTHROUGH,00:CE45:0:0:1,V05C-edges.csv
TP07F484,00:CE45:0:0:1,FALLTHROUGH,00:CE48:0:0:1,V05C-edges.csv
TP07F484,00:CE48:0:0:1,FALLTHROUGH,00:CE49:0:0:1,V05C-edges.csv
TP07F484,00:CE49:0:0:1,FALLTHROUGH,00:CE4C:0:0:1,V05C-edges.csv
TP07F484,00:CE4C:0:0:1,FALLTHROUGH,00:CE4D:0:0:1,V05C-edges.csv
TP07F484,00:CE4D:0:0:1,FALLTHROUGH,00:CE50:0:0:1,V05C-edges.csv
TP07F484,00:CE50:0:0:1,FALLTHROUGH,00:CE51:0:0:1,V05C-edges.csv
TP07F484,00:CE51:0:0:1,FALLTHROUGH,00:CE54:0:0:1,V05C-edges.csv
TP07F484,00:CE54:0:0:1,FALLTHROUGH,00:CE55:0:0:1,V05C-edges.csv
TP07F484,00:CE55:0:0:1,FALLTHROUGH,00:CE58:0:0:1,V05C-edges.csv
TP07F484,00:CE58:0:0:1,FALLTHROUGH,00:CE59:0:0:1,V05C-edges.csv
TP07F484,00:CE59:0:0:1,FALLTHROUGH,00:CE5C:0:0:1,V05C-edges.csv
TP07F484,00:CE5C:0:0:1,FALLTHROUGH,00:CE5D:0:0:1,V05C-edges.csv
TP07F484,00:CE5D:0:0:1,FALLTHROUGH,00:CE60:0:0:1,V05C-edges.csv
TP07F484,00:CE60:0:0:1,FALLTHROUGH,00:CE61:0:0:1,V05C-edges.csv
TP07F484,00:CE61:0:0:1,FALLTHROUGH,00:CE64:0:0:1,V05C-edges.csv
TP07F484,00:CE64:0:0:1,FALLTHROUGH,00:CE65:0:0:1,V05C-edges.csv
TP07F484,00:CE65:0:0:1,FALLTHROUGH,00:CE68:0:0:1,V05C-edges.csv
TP07F484,00:CE68:0:0:1,FALLTHROUGH,00:CE69:0:0:1,V05C-edges.csv
TP07F484,00:CE69:0:0:1,FALLTHROUGH,00:CE6C:0:0:1,V05C-edges.csv
TP07F484,00:CE6C:0:0:1,FALLTHROUGH,00:CE6D:0:0:1,V05C-edges.csv
TP07F484,00:CE6D:0:0:1,FALLTHROUGH,00:CE70:0:0:1,V05C-edges.csv
TP07F484,00:CE70:0:0:1,FALLTHROUGH,00:CE71:0:0:1,V05C-edges.csv
TP07F484,00:CE71:0:0:1,FALLTHROUGH,00:CE74:0:0:1,V05C-edges.csv
TP07F484,00:CE74:0:0:1,FALLTHROUGH,00:CE75:0:0:1,V05C-edges.csv
TP07F484,00:CE75:0:0:1,FALLTHROUGH,00:CE78:0:0:1,V05C-edges.csv
TP07F484,00:CE78:0:0:1,FALLTHROUGH,00:CE79:0:0:1,V05C-edges.csv
TP07F484,00:CE79:0:0:1,FALLTHROUGH_STATUS,00:CE7B:0:0:0,V05C-edges.csv
TP07F484,00:CE7B:0:0:0,FALLTHROUGH,00:CE7E:0:0:0,V05C-edges.csv
TP07F484,00:CE7E:0:0:0,FALLTHROUGH,00:CE7F:0:0:0,V05C-edges.csv
TP07F484,00:CE7F:0:0:0,FALLTHROUGH,00:CE82:0:0:0,V05C-edges.csv
TP07F484,00:CE82:0:0:0,FALLTHROUGH,00:CE83:0:0:0,V05C-edges.csv
TP07F484,00:CE83:0:0:0,FALLTHROUGH,00:CE86:0:0:0,V05C-edges.csv
TP07F484,00:CE86:0:0:0,FALLTHROUGH,00:CE87:0:0:0,V05C-edges.csv
TP07F484,00:CE87:0:0:0,FALLTHROUGH,00:CE8A:0:0:0,V05C-edges.csv
TP07F484,00:CE8A:0:0:0,FALLTHROUGH,00:CE8B:0:0:0,V05C-edges.csv
TP07F484,00:CE8B:0:0:0,FALLTHROUGH,00:CE8E:0:0:0,V05C-edges.csv
TP07F484,00:CE8E:0:0:0,FALLTHROUGH,00:CE8F:0:0:0,V05C-edges.csv
TP07F484,00:CE8F:0:0:0,FALLTHROUGH,00:CE92:0:0:0,V05C-edges.csv
TP07F484,00:CE92:0:0:0,FALLTHROUGH,00:CE93:0:0:0,V05C-edges.csv
TP07F484,00:CE93:0:0:0,FALLTHROUGH,00:CE96:0:0:0,V05C-edges.csv
TP07F484,00:CE96:0:0:0,FALLTHROUGH,00:CE97:0:0:0,V05C-edges.csv
TP07F484,00:CE97:0:0:0,FALLTHROUGH,00:CE9A:0:0:0,V05C-edges.csv
TP07F484,00:CE9A:0:0:0,FALLTHROUGH,00:CE9B:0:0:0,V05C-edges.csv
TP07F484,00:CE9B:0:0:0,FALLTHROUGH,00:CE9E:0:0:0,V05C-edges.csv
TP07F484,00:CE9E:0:0:0,FALLTHROUGH,00:CE9F:0:0:0,V05C-edges.csv
TP07F484,00:CE9F:0:0:0,FALLTHROUGH,00:CEA2:0:0:0,V05C-edges.csv
TP07F484,00:CEA2:0:0:0,FALLTHROUGH,00:CEA3:0:0:0,V05C-edges.csv
TP07F484,00:CEA3:0:0:0,FALLTHROUGH,00:CEA6:0:0:0,V05C-edges.csv
TP07F484,00:CEA6:0:0:0,FALLTHROUGH,00:CEA7:0:0:0,V05C-edges.csv
TP07F484,00:CEA7:0:0:0,FALLTHROUGH_STATUS,00:CEA9:0:1:1,V05C-edges.csv
TP07F484,00:CEA9:0:1:1,FALLTHROUGH,00:CEAC:0:1:1,V05C-edges.csv
TP07F484,00:CEAC:0:1:1,FALLTHROUGH,00:CEAD:0:1:1,V05C-edges.csv
TP07F484,00:CEAD:0:1:1,FALLTHROUGH,00:CEB0:0:1:1,V05C-edges.csv
TP07F484,00:CEB0:0:1:1,FALLTHROUGH,00:CEB1:0:1:1,V05C-edges.csv
TP07F484,00:CEB1:0:1:1,FALLTHROUGH,00:CEB4:0:1:1,V05C-edges.csv
TP07F484,00:CEB4:0:1:1,FALLTHROUGH,00:CEB5:0:1:1,V05C-edges.csv
TP07F484,00:CEB5:0:1:1,FALLTHROUGH,00:CEB8:0:1:1,V05C-edges.csv
TP07F484,00:CEB8:0:1:1,FALLTHROUGH,00:CEB9:0:1:1,V05C-edges.csv
TP07F484,00:CEB9:0:1:1,FALLTHROUGH,00:CEBC:0:1:1,V05C-edges.csv
TP07F484,00:CEBC:0:1:1,FALLTHROUGH,00:CEBD:0:1:1,V05C-edges.csv
TP07F484,00:CEBD:0:1:1,FALLTHROUGH,00:CEC0:0:1:1,V05C-edges.csv
TP07F484,00:CEC0:0:1:1,FALLTHROUGH,00:CEC1:0:1:1,V05C-edges.csv
TP07F484,00:CEC1:0:1:1,FALLTHROUGH,00:CEC4:0:1:1,V05C-edges.csv
TP07F484,00:CEC4:0:1:1,FALLTHROUGH,00:CEC5:0:1:1,V05C-edges.csv
TP07F484,00:CEC5:0:1:1,FALLTHROUGH,00:CEC8:0:1:1,V05C-edges.csv
TP07F484,00:CEC8:0:1:1,FALLTHROUGH,00:CEC9:0:1:1,V05C-edges.csv
TP07F484,00:CEC9:0:1:1,FALLTHROUGH,00:CECC:0:1:1,V05C-edges.csv
TP07F484,00:CECC:0:1:1,FALLTHROUGH,00:CECD:0:1:1,V05C-edges.csv
TP07F484,00:CECD:0:1:1,FALLTHROUGH,00:CED0:0:1:1,V05C-edges.csv
TP07F484,00:CED0:0:1:1,FALLTHROUGH,00:CED1:0:1:1,V05C-edges.csv
TP07F484,00:CED1:0:1:1,FALLTHROUGH_STATUS,00:CED3:0:1:1,V05C-edges.csv
TP07F484,00:CED3:0:1:1,FALLTHROUGH,00:CED6:0:1:1,V05C-edges.csv
TP07F484,00:CED6:0:1:1,FALLTHROUGH,00:CED9:0:1:1,V05C-edges.csv
TP07F484,00:CED9:0:1:1,FALLTHROUGH_STATUS,00:CEDB:0:0:0,V05C-edges.csv
TP07F484,00:CEDB:0:0:0,FALLTHROUGH,00:CEDE:0:0:0,V05C-edges.csv
TP07F484,00:CEDE:0:0:0,FALLTHROUGH,00:CEE1:0:0:0,V05C-edges.csv
TP07F484,00:CEE1:0:0:0,FALLTHROUGH,00:CEE4:0:0:0,V05C-edges.csv
TP07F484,00:CEE4:0:0:0,FALLTHROUGH,00:CEE6:0:0:0,V05C-edges.csv
TP07F484,00:CEE6:0:0:0,BRANCH_NOT_TAKEN,00:CEE8:0:0:0,V05C-edges.csv
TP07F484,00:CEE6:0:0:0,BRANCH_TAKEN,00:CEEB:0:0:0,V05C-edges.csv
TP07F484,00:CEE8:0:0:0,BRANCH_ALWAYS,00:CF44:0:0:0,V05C-edges.csv
TP07F484,00:CEEB:0:0:0,BRANCH_NOT_TAKEN,00:CEED:0:0:0,V05C-edges.csv
TP07F484,00:CEEB:0:0:0,BRANCH_TAKEN,00:CEF0:0:0:0,V05C-edges.csv
TP07F484,00:CEED:0:0:0,DIRECT_JUMP,00:CF44:0:0:0,V05C-edges.csv
TP07F484,00:CEF0:0:0:0,FALLTHROUGH,00:CEF3:0:0:0,V05C-edges.csv
TP07F484,00:CEF3:0:0:0,FALLTHROUGH,00:CEF5:0:0:0,V05C-edges.csv
TP07F484,00:CEF5:0:0:0,DIRECT_CALL,00:C324:0:0:0,V05C-dynamic-proofs.csv
TP07F484,00:CEF9:0:0:1,FALLTHROUGH,00:CEFC:0:0:1,V05C-edges.csv
TP07F484,00:CEFC:0:0:1,FALLTHROUGH,00:CEFF:0:0:1,V05C-edges.csv
TP07F484,00:CEFF:0:0:1,FALLTHROUGH,00:CF01:0:0:1,V05C-edges.csv
TP07F484,00:CF01:0:0:1,FALLTHROUGH,00:CF03:0:0:1,V05C-edges.csv
TP07F484,00:CF03:0:0:1,FALLTHROUGH_STATUS,00:CF05:0:0:0,V05C-edges.csv
TP07F484,00:CF05:0:0:0,FALLTHROUGH,00:CF08:0:0:0,V05C-edges.csv
TP07F484,00:CF08:0:0:0,FALLTHROUGH,00:CF0A:0:0:0,V05C-edges.csv
TP07F484,00:CF0A:0:0:0,FALLTHROUGH_STATUS,00:CF0C:0:1:1,V05C-edges.csv
TP07F484,00:CF0C:0:1:1,FALLTHROUGH,00:CF0E:0:1:1,V05C-edges.csv
TP07F484,00:CF0E:0:1:1,FALLTHROUGH,00:CF10:0:1:1,V05C-edges.csv
TP07F484,00:CF10:0:1:1,FALLTHROUGH,00:CF11:0:1:1,V05C-edges.csv
TP07F484,00:CF11:0:1:1,FALLTHROUGH,00:CF12:0:1:1,V05C-edges.csv
TP07F484,00:CF12:0:1:1,FALLTHROUGH,00:CF14:0:1:1,V05C-edges.csv
TP07F484,00:CF14:0:1:1,FALLTHROUGH,00:CF15:0:1:1,V05C-edges.csv
TP07F484,00:CF15:0:1:1,FALLTHROUGH,00:CF17:0:1:1,V05C-edges.csv
TP07F484,00:CF17:0:1:1,FALLTHROUGH,00:CF18:0:1:1,V05C-edges.csv
TP07F484,00:CF18:0:1:1,FALLTHROUGH_STATUS,00:CF1A:0:1:1,V05C-edges.csv
TP07F484,00:CF1A:0:1:1,FALLTHROUGH_STATUS,00:CF1C:0:0:1,V05C-edges.csv
TP07F484,00:CF1C:0:0:1,FALLTHROUGH,00:CF20:0:0:1,V05C-edges.csv
TP07F484,00:CF20:0:0:1,FALLTHROUGH,00:CF22:0:0:1,V05C-edges.csv
TP07F484,00:CF22:0:0:1,FALLTHROUGH,00:CF23:0:0:1,V05C-edges.csv
TP07F484,00:CF23:0:0:1,FALLTHROUGH,00:CF25:0:0:1,V05C-edges.csv
TP07F484,00:CF25:0:0:1,FALLTHROUGH,00:CF28:0:0:1,V05C-edges.csv
TP07F484,00:CF28:0:0:1,FALLTHROUGH,00:CF2C:0:0:1,V05C-edges.csv
TP07F484,00:CF2C:0:0:1,FALLTHROUGH,00:CF2E:0:0:1,V05C-edges.csv
TP07F484,00:CF2E:0:0:1,FALLTHROUGH,00:CF2F:0:0:1,V05C-edges.csv
TP07F484,00:CF2F:0:0:1,FALLTHROUGH,00:CF31:0:0:1,V05C-edges.csv
TP07F484,00:CF31:0:0:1,FALLTHROUGH,00:CF34:0:0:1,V05C-edges.csv
TP07F484,00:CF34:0:0:1,FALLTHROUGH,00:CF37:0:0:1,V05C-edges.csv
TP07F484,00:CF37:0:0:1,FALLTHROUGH,00:CF3A:0:0:1,V05C-edges.csv
TP07F484,00:CF3A:0:0:1,FALLTHROUGH,00:CF3D:0:0:1,V05C-edges.csv
TP07F484,00:CF3D:0:0:1,FALLTHROUGH,00:CF40:0:0:1,V05C-edges.csv
TP07F484,00:CF40:0:0:1,DIRECT_CALL,07:8809:0:0:1,V05C-dynamic-proofs.csv
TP07F484,00:CF44:0:0:0,FALLTHROUGH_STATUS,00:CF46:0:0:0,V05C-edges.csv
TP07F484,00:CF46:0:0:0,FALLTHROUGH,00:CF49:0:0:0,V05C-edges.csv
TP07F484,00:CF49:0:0:0,FALLTHROUGH,00:CF4B:0:0:0,V05C-edges.csv
TP07F484,00:CF4B:0:0:0,FALLTHROUGH,00:CF4C:0:0:0,V05C-edges.csv
TP07F484,00:CF4C:0:0:0,FALLTHROUGH,00:CF4D:0:0:0,V05C-edges.csv
TP07F484,00:CF4D:0:0:0,FALLTHROUGH,00:CF4F:0:0:0,V05C-edges.csv
TP07F484,00:CF4F:0:0:0,BRANCH_NOT_TAKEN,00:CF51:0:0:0,V05C-edges.csv
TP07F484,00:CF4F:0:0:0,BRANCH_TAKEN,00:CF56:0:0:0,V05C-edges.csv
TP07F484,00:CF51:0:0:0,BRANCH_NOT_TAKEN,00:CF53:0:0:0,V05C-edges.csv
TP07F484,00:CF51:0:0:0,BRANCH_TAKEN,00:CF56:0:0:0,V05C-edges.csv
TP07F484,00:CF53:0:0:0,DIRECT_JUMP,00:DC83:0:0:0,V05C-edges.csv
TP07F484,00:CF56:0:0:0,FALLTHROUGH,00:CF59:0:0:0,V05C-edges.csv
TP07F484,00:CF59:0:0:0,FALLTHROUGH,00:CF5C:0:0:0,V05C-edges.csv
TP07F484,00:CF5C:0:0:0,FALLTHROUGH,00:CF5E:0:0:0,V05C-edges.csv
TP07F484,00:CF5E:0:0:0,FALLTHROUGH_STATUS,00:CF60:0:1:1,V05C-edges.csv
TP07F484,00:CF60:0:1:1,FALLTHROUGH,00:CF62:0:1:1,V05C-edges.csv
TP07F484,00:CF62:0:1:1,FALLTHROUGH,00:CF64:0:1:1,V05C-edges.csv
TP07F484,00:CF64:0:1:1,FALLTHROUGH,00:CF66:0:1:1,V05C-edges.csv
TP07F484,00:CF66:0:1:1,FALLTHROUGH,00:CF68:0:1:1,V05C-edges.csv
TP07F484,00:CF68:0:1:1,FALLTHROUGH,00:CF6A:0:1:1,V05C-edges.csv
TP07F484,00:CF6A:0:1:1,FALLTHROUGH,00:CF6C:0:1:1,V05C-edges.csv
TP07F484,00:CF6C:0:1:1,FALLTHROUGH_STATUS,00:CF6E:0:1:1,V05C-edges.csv
TP07F484,00:CF6E:0:1:1,FALLTHROUGH_STATUS,00:CF70:0:0:1,V05C-edges.csv
TP07F484,00:CF70:0:0:1,FALLTHROUGH,00:CF73:0:0:1,V05C-edges.csv
TP07F484,00:CF73:0:0:1,FALLTHROUGH,00:CF76:0:0:1,V05C-edges.csv
TP07F484,00:CF76:0:0:1,FALLTHROUGH,00:CF79:0:0:1,V05C-edges.csv
TP07F484,00:CF79:0:0:1,FALLTHROUGH,00:CF7C:0:0:1,V05C-edges.csv
TP07F484,00:CF7C:0:0:1,FALLTHROUGH,00:CF7F:0:0:1,V05C-edges.csv
TP07F484,00:CF7F:0:0:1,FALLTHROUGH,00:CF82:0:0:1,V05C-edges.csv
TP07F484,00:CF82:0:0:1,DIRECT_CALL,07:B3CE:0:0:1,V05C-dynamic-proofs.csv
TP07F484,00:CF86:0:0:1,FALLTHROUGH_STATUS,00:CF88:0:0:0,V05C-edges.csv
TP07F484,00:CF88:0:0:0,FALLTHROUGH,00:CF8B:0:0:0,V05C-edges.csv
TP07F484,00:CF8B:0:0:0,BRANCH_NOT_TAKEN,00:CF8D:0:0:0,V05C-edges.csv
TP07F484,00:CF8B:0:0:0,BRANCH_TAKEN,00:CF93:0:0:0,V05C-edges.csv
TP07F484,00:CF8D:0:0:0,FALLTHROUGH,00:CF90:0:0:0,V05C-edges.csv
TP07F484,00:CF90:0:0:0,BRANCH_ALWAYS,00:DCA3:0:0:0,V05C-edges.csv
TP07F484,00:CF93:0:0:0,FALLTHROUGH_STATUS,00:CF95:0:0:1,V05C-edges.csv
TP07F484,00:CF95:0:0:1,FALLTHROUGH_STATUS,00:CF97:0:0:1,V05C-edges.csv
TP07F484,00:CF97:0:0:1,FALLTHROUGH,00:CF9A:0:0:1,V05C-edges.csv
TP07F484,00:CF9A:0:0:1,FALLTHROUGH,00:CF9D:0:0:1,V05C-edges.csv
TP07F484,00:CF9D:0:0:1,FALLTHROUGH,00:CFA0:0:0:1,V05C-edges.csv
TP07F484,00:CFA0:0:0:1,FALLTHROUGH,00:CFA3:0:0:1,V05C-edges.csv
TP07F484,00:CFA3:0:0:1,DIRECT_CALL,07:FAD2:0:0:1,V05C-dynamic-proofs.csv
TP07F484,00:CFA7:0:0:1,FALLTHROUGH_STATUS,00:CFA9:0:1:1,V05C-edges.csv
TP07F484,00:CFA9:0:1:1,FALLTHROUGH,00:CFAC:0:1:1,V05C-edges.csv
TP07F484,00:CFAC:0:1:1,FALLTHROUGH,00:CFAE:0:1:1,V05C-edges.csv
TP07F484,00:CFAE:0:1:1,FALLTHROUGH,00:CFB0:0:1:1,V05C-edges.csv
TP07F484,00:CFB0:0:1:1,FALLTHROUGH,00:CFB3:0:1:1,V05C-edges.csv
TP07F484,00:CFB3:0:1:1,FALLTHROUGH_STATUS,00:CFB5:0:1:1,V05C-edges.csv
TP07F484,00:CFB5:0:1:1,FALLTHROUGH_STATUS,00:CFB7:0:0:1,V05C-edges.csv
TP07F484,00:CFB7:0:0:1,FALLTHROUGH,00:CFB9:0:0:1,V05C-edges.csv
TP07F484,00:CFB9:0:0:1,FALLTHROUGH,00:CFBB:0:0:1,V05C-edges.csv
TP07F484,00:CFBB:0:0:1,FALLTHROUGH,00:CFBC:0:0:1,V05C-edges.csv
TP07F484,00:CFBC:0:0:1,FALLTHROUGH,00:CFC0:0:0:1,V05C-edges.csv
TP07F484,00:CFC0:0:0:1,FALLTHROUGH,00:CFC2:0:0:1,V05C-edges.csv
TP07F484,00:CFC2:0:0:1,FALLTHROUGH,00:CFC4:0:0:1,V05C-edges.csv
TP07F484,00:CFC4:0:0:1,FALLTHROUGH_STATUS,00:CFC6:0:0:1,V05C-edges.csv
TP07F484,00:CFC6:0:0:1,FALLTHROUGH_STATUS,00:CFC8:0:0:1,V05C-edges.csv
TP07F484,00:CFC8:0:0:1,FALLTHROUGH,00:CFCA:0:0:1,V05C-edges.csv
TP07F484,00:CFCA:0:0:1,FALLTHROUGH,00:CFCC:0:0:1,V05C-edges.csv
TP07F484,00:CFCC:0:0:1,FALLTHROUGH,00:CFCF:0:0:1,V05C-edges.csv
TP07F484,00:CFCF:0:0:1,FALLTHROUGH,00:CFD2:0:0:1,V05C-edges.csv
TP07F484,00:CFD2:0:0:1,FALLTHROUGH,00:CFD4:0:0:1,V05C-edges.csv
TP07F484,00:CFD4:0:0:1,FALLTHROUGH,00:CFD6:0:0:1,V05C-edges.csv
TP07F484,00:CFD6:0:0:1,FALLTHROUGH,00:CFD9:0:0:1,V05C-edges.csv
TP07F484,00:CFD9:0:0:1,FALLTHROUGH,00:CFDC:0:0:1,V05C-edges.csv
TP07F484,00:CFDC:0:0:1,FALLTHROUGH,00:CFDF:0:0:1,V05C-edges.csv
TP07F484,00:CFDF:0:0:1,FALLTHROUGH,00:CFE1:0:0:1,V05C-edges.csv
TP07F484,00:CFE1:0:0:1,FALLTHROUGH_STATUS,00:CFE3:0:1:1,V05C-edges.csv
TP07F484,00:CFE3:0:1:1,FALLTHROUGH,00:CFE6:0:1:1,V05C-edges.csv
TP07F484,00:CFE6:0:1:1,FALLTHROUGH,00:CFE7:0:1:1,V05C-edges.csv
TP07F484,00:CFE7:0:1:1,FALLTHROUGH,00:CFEA:0:1:1,V05C-edges.csv
TP07F484,00:CFEA:0:1:1,FALLTHROUGH,00:CFED:0:1:1,V05C-edges.csv
TP07F484,00:CFED:0:1:1,FALLTHROUGH_STATUS,00:CFEF:0:1:1,V05C-edges.csv
TP07F484,00:CFEF:0:1:1,FALLTHROUGH_STATUS,00:CFF1:0:0:1,V05C-edges.csv
TP07F484,00:CFF1:0:0:1,FALLTHROUGH,00:CFF4:0:0:1,V05C-edges.csv
TP07F484,00:CFF4:0:0:1,FALLTHROUGH,00:CFF7:0:0:1,V05C-edges.csv
TP07F484,00:CFF7:0:0:1,FALLTHROUGH,00:CFF8:0:0:1,V05C-edges.csv
TP07F484,00:CFF8:0:0:1,FALLTHROUGH,00:CFFB:0:0:1,V05C-edges.csv
TP07F484,00:CFFB:0:0:1,FALLTHROUGH_STATUS,00:CFFD:0:0:0,V05C-edges.csv
TP07F484,00:CFFD:0:0:0,FALLTHROUGH,00:CFFE:0:0:0,V05C-edges.csv
TP07F484,00:CFFE:0:0:0,FALLTHROUGH,00:CFFF:0:0:0,V05C-edges.csv
TP07F484,00:CFFF:0:0:0,FALLTHROUGH,00:D000:0:0:0,V05C-edges.csv
TP07F484,00:D000:0:0:0,FALLTHROUGH,00:D001:0:0:0,V05C-edges.csv
TP07F484,00:D001:0:0:0,FALLTHROUGH,00:D002:0:0:0,V05C-edges.csv
TP07F484,00:D002:0:0:0,FALLTHROUGH,00:D003:0:0:0,V05C-edges.csv
TP07F484,00:D003:0:0:0,FALLTHROUGH,00:D006:0:0:0,V05C-edges.csv
TP07F484,00:D006:0:0:0,FALLTHROUGH,00:D009:0:0:0,V05C-edges.csv
TP07F484,00:D009:0:0:0,FALLTHROUGH_STATUS,00:D00B:0:1:1,V05C-edges.csv
TP07F484,00:D00B:0:1:1,FALLTHROUGH,00:D00E:0:1:1,V05C-edges.csv
TP07F484,00:D00E:0:1:1,FALLTHROUGH,00:D011:0:1:1,V05C-edges.csv
TP07F484,00:D011:0:1:1,FALLTHROUGH,00:D013:0:1:1,V05C-edges.csv
TP07F484,00:D013:0:1:1,FALLTHROUGH,00:D015:0:1:1,V05C-edges.csv
TP07F484,00:D015:0:1:1,FALLTHROUGH_STATUS,00:D017:0:0:0,V05C-edges.csv
TP07F484,00:D017:0:0:0,FALLTHROUGH,00:D01A:0:0:0,V05C-edges.csv
TP07F484,00:D01A:0:0:0,FALLTHROUGH,00:D01B:0:0:0,V05C-edges.csv
TP07F484,00:D01B:0:0:0,FALLTHROUGH,00:D01C:0:0:0,V05C-edges.csv
TP07F484,00:D01C:0:0:0,FALLTHROUGH,00:D01D:0:0:0,V05C-edges.csv
TP07F484,00:D01D:0:0:0,FALLTHROUGH,00:D01E:0:0:0,V05C-edges.csv
TP07F484,00:D01E:0:0:0,FALLTHROUGH,00:D01F:0:0:0,V05C-edges.csv
TP07F484,00:D01F:0:0:0,FALLTHROUGH,00:D020:0:0:0,V05C-edges.csv
TP07F484,00:D020:0:0:0,FALLTHROUGH,00:D024:0:0:0,V05C-edges.csv
TP07F484,00:D024:0:0:0,FALLTHROUGH,00:D027:0:0:0,V05C-edges.csv
TP07F484,00:D027:0:0:0,FALLTHROUGH_STATUS,00:D029:0:0:0,V05C-edges.csv
TP07F484,00:D029:0:0:0,FALLTHROUGH_STATUS,00:D02B:0:0:0,V05C-edges.csv
TP07F484,00:D02B:0:0:0,FALLTHROUGH,00:D02E:0:0:0,V05C-edges.csv
TP07F484,00:D02E:0:0:0,FALLTHROUGH,00:D031:0:0:0,V05C-edges.csv
TP07F484,00:D031:0:0:0,FALLTHROUGH_STATUS,00:D033:0:0:1,V05C-edges.csv
TP07F484,00:D033:0:0:1,FALLTHROUGH_STATUS,00:D035:0:0:1,V05C-edges.csv
TP07F484,00:D035:0:0:1,FALLTHROUGH,00:D037:0:0:1,V05C-edges.csv
TP07F484,00:D037:0:0:1,FALLTHROUGH,00:D039:0:0:1,V05C-edges.csv
TP07F484,00:D039:0:0:1,BRANCH_NOT_TAKEN,00:D03B:0:0:1,V05C-edges.csv
TP07F484,00:D039:0:0:1,BRANCH_TAKEN,00:D041:0:0:1,V05C-edges.csv
TP07F484,00:D03B:0:0:1,FALLTHROUGH,00:D03C:0:0:1,V05C-edges.csv
TP07F484,00:D03C:0:0:1,FALLTHROUGH,00:D03F:0:0:1,V05C-edges.csv
TP07F484,00:D03F:0:0:1,BRANCH_NOT_TAKEN,00:D041:0:0:1,V05C-edges.csv
TP07F484,00:D03F:0:0:1,BRANCH_TAKEN,00:D075:0:0:1,V05C-edges.csv
TP07F484,00:D041:0:0:1,FALLTHROUGH,00:D043:0:0:1,V05C-edges.csv
TP07F484,00:D043:0:0:1,FALLTHROUGH,00:D046:0:0:1,V05C-edges.csv
TP07F484,00:D046:0:0:1,BRANCH_NOT_TAKEN,00:D048:0:0:1,V05C-edges.csv
TP07F484,00:D046:0:0:1,BRANCH_TAKEN,00:D075:0:0:1,V05C-edges.csv
TP07F484,00:D048:0:0:1,FALLTHROUGH,00:D04A:0:0:1,V05C-edges.csv
TP07F484,00:D04A:0:0:1,FALLTHROUGH,00:D04C:0:0:1,V05C-edges.csv
TP07F484,00:D04C:0:0:1,FALLTHROUGH,00:D04F:0:0:1,V05C-edges.csv
TP07F484,00:D04F:0:0:1,FALLTHROUGH,00:D051:0:0:1,V05C-edges.csv
TP07F484,00:D051:0:0:1,FALLTHROUGH,00:D053:0:0:1,V05C-edges.csv
TP07F484,00:D053:0:0:1,FALLTHROUGH,00:D056:0:0:1,V05C-edges.csv
TP07F484,00:D056:0:0:1,FALLTHROUGH,00:D059:0:0:1,V05C-edges.csv
TP07F484,00:D059:0:0:1,FALLTHROUGH,00:D05A:0:0:1,V05C-edges.csv
TP07F484,00:D05A:0:0:1,FALLTHROUGH,00:D05D:0:0:1,V05C-edges.csv
TP07F484,00:D05D:0:0:1,FALLTHROUGH,00:D060:0:0:1,V05C-edges.csv
TP07F484,00:D060:0:0:1,FALLTHROUGH,00:D063:0:0:1,V05C-edges.csv
TP07F484,00:D063:0:0:1,FALLTHROUGH,00:D066:0:0:1,V05C-edges.csv
TP07F484,00:D066:0:0:1,FALLTHROUGH,00:D069:0:0:1,V05C-edges.csv
TP07F484,00:D069:0:0:1,BRANCH_NOT_TAKEN,00:D06B:0:0:1,V05C-edges.csv
TP07F484,00:D069:0:0:1,BRANCH_TAKEN,00:D0A2:0:0:1,V05C-edges.csv
TP07F484,00:D06B:0:0:1,BRANCH_NOT_TAKEN,00:D06D:0:0:1,V05C-edges.csv
TP07F484,00:D06B:0:0:1,BRANCH_TAKEN,00:D075:0:0:1,V05C-edges.csv
TP07F484,00:D06D:0:0:1,FALLTHROUGH,00:D070:0:0:1,V05C-edges.csv
TP07F484,00:D070:0:0:1,FALLTHROUGH,00:D073:0:0:1,V05C-edges.csv
TP07F484,00:D073:0:0:1,BRANCH_NOT_TAKEN,00:D075:0:0:1,V05C-edges.csv
TP07F484,00:D073:0:0:1,BRANCH_TAKEN,00:D0A2:0:0:1,V05C-edges.csv
TP07F484,00:D075:0:0:1,FALLTHROUGH,00:D078:0:0:1,V05C-edges.csv
TP07F484,00:D078:0:0:1,FALLTHROUGH,00:D07A:0:0:1,V05C-edges.csv
TP07F484,00:D07A:0:0:1,BRANCH_NOT_TAKEN,00:D07C:0:0:1,V05C-edges.csv
TP07F484,00:D07A:0:0:1,BRANCH_TAKEN,00:D0A2:0:0:1,V05C-edges.csv
TP07F484,00:D07C:0:0:1,FALLTHROUGH_STATUS,00:D07E:0:0:0,V05C-edges.csv
TP07F484,00:D07E:0:0:0,FALLTHROUGH,00:D081:0:0:0,V05C-edges.csv
TP07F484,00:D081:0:0:0,FALLTHROUGH,00:D084:0:0:0,V05C-edges.csv
TP07F484,00:D084:0:0:0,FALLTHROUGH,00:D086:0:0:0,V05C-edges.csv
TP07F484,00:D086:0:0:0,FALLTHROUGH_STATUS,00:D088:0:1:1,V05C-edges.csv
TP07F484,00:D088:0:1:1,FALLTHROUGH,00:D08A:0:1:1,V05C-edges.csv
TP07F484,00:D08A:0:1:1,FALLTHROUGH,00:D08C:0:1:1,V05C-edges.csv
TP07F484,00:D08C:0:1:1,FALLTHROUGH,00:D08E:0:1:1,V05C-edges.csv
TP07F484,00:D08E:0:1:1,FALLTHROUGH,00:D090:0:1:1,V05C-edges.csv
TP07F484,00:D090:0:1:1,FALLTHROUGH,00:D092:0:1:1,V05C-edges.csv
TP07F484,00:D092:0:1:1,FALLTHROUGH,00:D094:0:1:1,V05C-edges.csv
TP07F484,00:D094:0:1:1,FALLTHROUGH,00:D096:0:1:1,V05C-edges.csv
TP07F484,00:D096:0:1:1,FALLTHROUGH,00:D098:0:1:1,V05C-edges.csv
TP07F484,00:D098:0:1:1,FALLTHROUGH,00:D09A:0:1:1,V05C-edges.csv
TP07F484,00:D09A:0:1:1,FALLTHROUGH_STATUS,00:D09C:0:0:0,V05C-edges.csv
TP07F484,00:D09C:0:0:0,FALLTHROUGH,00:D09F:0:0:0,V05C-edges.csv
TP07F484,00:D09F:0:0:0,BRANCH_ALWAYS,00:DCA3:0:0:0,V05C-edges.csv
TP07F484,00:D0A2:0:0:1,FALLTHROUGH_STATUS,00:D0A4:0:0:0,V05C-edges.csv
TP07F484,00:D0A4:0:0:0,FALLTHROUGH,00:D0A7:0:0:0,V05C-edges.csv
TP07F484,00:D0A7:0:0:0,FALLTHROUGH,00:D0AA:0:0:0,V05C-edges.csv
TP07F484,00:D0AA:0:0:0,BRANCH_NOT_TAKEN,00:D0AC:0:0:0,V05C-edges.csv
TP07F484,00:D0AA:0:0:0,BRANCH_TAKEN,00:D0AF:0:0:0,V05C-edges.csv
TP07F484,00:D0AC:0:0:0,BRANCH_ALWAYS,00:DC10:0:0:0,V05C-edges.csv
TP07F484,00:D0AF:0:0:0,FALLTHROUGH_STATUS,00:D0B1:0:1:1,V05C-edges.csv
TP07F484,00:D0B1:0:1:1,FALLTHROUGH,00:D0B3:0:1:1,V05C-edges.csv
TP07F484,00:D0B3:0:1:1,FALLTHROUGH,00:D0B5:0:1:1,V05C-edges.csv
TP07F484,00:D0B5:0:1:1,FALLTHROUGH,00:D0B7:0:1:1,V05C-edges.csv
TP07F484,00:D0B7:0:1:1,BRANCH_NOT_TAKEN,00:D0B9:0:1:1,V05C-edges.csv
TP07F484,00:D0B7:0:1:1,BRANCH_TAKEN,00:D10F:0:1:1,V05C-edges.csv
TP07F484,00:D0B9:0:1:1,FALLTHROUGH,00:D0BB:0:1:1,V05C-edges.csv
TP07F484,00:D0BB:0:1:1,FALLTHROUGH,00:D0BD:0:1:1,V05C-edges.csv
TP07F484,00:D0BD:0:1:1,FALLTHROUGH,00:D0BF:0:1:1,V05C-edges.csv
TP07F484,00:D0BF:0:1:1,FALLTHROUGH,00:D0C1:0:1:1,V05C-edges.csv
TP07F484,00:D0C1:0:1:1,FALLTHROUGH,00:D0C3:0:1:1,V05C-edges.csv
TP07F484,00:D0C3:0:1:1,FALLTHROUGH_STATUS,00:D0C5:0:0:0,V05C-edges.csv
TP07F484,00:D0C5:0:0:0,FALLTHROUGH,00:D0C8:0:0:0,V05C-edges.csv
TP07F484,00:D0C8:0:0:0,FALLTHROUGH,00:D0CA:0:0:0,V05C-edges.csv
TP07F484,00:D0CA:0:0:0,FALLTHROUGH,00:D0CD:0:0:0,V05C-edges.csv
TP07F484,00:D0CD:0:0:0,FALLTHROUGH,00:D0CE:0:0:0,V05C-edges.csv
TP07F484,00:D0CE:0:0:0,FALLTHROUGH,00:D0CF:0:0:0,V05C-edges.csv
TP07F484,00:D0CF:0:0:0,FALLTHROUGH,00:D0D2:0:0:0,V05C-edges.csv
TP07F484,00:D0D2:0:0:0,DIRECT_CALL,04:80A7:0:0:0,V05C-dynamic-proofs.csv
TP07F484,00:D0D6:0:0:0,FALLTHROUGH,00:D0D7:0:0:0,V05C-edges.csv
TP07F484,00:D0D7:0:0:0,FALLTHROUGH,00:D0DA:0:0:0,V05C-edges.csv
TP07F484,00:D0DA:0:0:0,FALLTHROUGH,00:D0DD:0:0:0,V05C-edges.csv
TP07F484,00:D0DD:0:0:0,FALLTHROUGH,00:D0DE:0:0:0,V05C-edges.csv
TP07F484,00:D0DE:0:0:0,FALLTHROUGH,00:D0DF:0:0:0,V05C-edges.csv
TP07F484,00:D0DF:0:0:0,FALLTHROUGH,00:D0E2:0:0:0,V05C-edges.csv
TP07F484,00:D0E2:0:0:0,FALLTHROUGH,00:D0E5:0:0:0,V05C-edges.csv
TP07F484,00:D0E5:0:0:0,FALLTHROUGH,00:D0E6:0:0:0,V05C-edges.csv
TP07F484,00:D0E6:0:0:0,FALLTHROUGH,00:D0EA:0:0:0,V05C-edges.csv
TP07F484,00:D0EA:0:0:0,FALLTHROUGH,00:D0ED:0:0:0,V05C-edges.csv
TP07F484,00:D0ED:0:0:0,FALLTHROUGH,00:D0F0:0:0:0,V05C-edges.csv
TP07F484,00:D0F0:0:0:0,FALLTHROUGH,00:D0F2:0:0:0,V05C-edges.csv
TP07F484,00:D0F2:0:0:0,FALLTHROUGH,00:D0F5:0:0:0,V05C-edges.csv
TP07F484,00:D0F5:0:0:0,FALLTHROUGH,00:D0F6:0:0:0,V05C-edges.csv
TP07F484,00:D0F6:0:0:0,FALLTHROUGH,00:D0F9:0:0:0,V05C-edges.csv
TP07F484,00:D0F9:0:0:0,FALLTHROUGH,00:D0FA:0:0:0,V05C-edges.csv
TP07F484,00:D0FA:0:0:0,FALLTHROUGH,00:D0FB:0:0:0,V05C-edges.csv
TP07F484,00:D0FB:0:0:0,FALLTHROUGH,00:D0FF:0:0:0,V05C-edges.csv
TP07F484,00:D0FF:0:0:0,FALLTHROUGH_STATUS,00:D101:0:0:1,V05C-edges.csv
TP07F484,00:D101:0:0:1,FALLTHROUGH_STATUS,00:D103:0:0:1,V05C-edges.csv
TP07F484,00:D103:0:0:1,FALLTHROUGH,00:D105:0:0:1,V05C-edges.csv
TP07F484,00:D105:0:0:1,FALLTHROUGH,00:D107:0:0:1,V05C-edges.csv
TP07F484,00:D107:0:0:1,FALLTHROUGH_STATUS,00:D109:0:0:0,V05C-edges.csv
TP07F484,00:D109:0:0:0,FALLTHROUGH,00:D10C:0:0:0,V05C-edges.csv
TP07F484,00:D10C:0:0:0,BRANCH_ALWAYS,00:DCA3:0:0:0,V05C-edges.csv
TP07F484,00:D10F:0:1:1,FALLTHROUGH_STATUS,00:D111:0:1:1,V05C-edges.csv
TP07F484,00:D111:0:1:1,FALLTHROUGH,00:D114:0:1:1,V05C-edges.csv
TP07F484,00:D114:0:1:1,FALLTHROUGH,00:D117:0:1:1,V05C-edges.csv
TP07F484,00:D117:0:1:1,FALLTHROUGH,00:D119:0:1:1,V05C-edges.csv
TP07F484,00:D119:0:1:1,BRANCH_NOT_TAKEN,00:D11B:0:1:1,V05C-edges.csv
TP07F484,00:D119:0:1:1,BRANCH_TAKEN,00:D11E:0:1:1,V05C-edges.csv
TP07F484,00:D11B:0:1:1,DIRECT_JUMP,00:D91C:0:1:1,V05C-edges.csv
TP07F484,00:D11E:0:1:1,FALLTHROUGH,00:D121:0:1:1,V05C-edges.csv
TP07F484,00:D121:0:1:1,FALLTHROUGH_STATUS,00:D123:0:0:0,V05C-edges.csv
TP07F484,00:D123:0:0:0,FALLTHROUGH,00:D124:0:0:0,V05C-edges.csv
TP07F484,00:D124:0:0:0,FALLTHROUGH,00:D125:0:0:0,V05C-edges.csv
TP07F484,00:D125:0:0:0,FALLTHROUGH,00:D126:0:0:0,V05C-edges.csv
TP07F484,00:D126:0:0:0,FALLTHROUGH,00:D127:0:0:0,V05C-edges.csv
TP07F484,00:D127:0:0:0,FALLTHROUGH,00:D12B:0:0:0,V05C-edges.csv
TP07F484,00:D12B:0:0:0,FALLTHROUGH,00:D12C:0:0:0,V05C-edges.csv
TP07F484,00:D12C:0:0:0,FALLTHROUGH,00:D12D:0:0:0,V05C-edges.csv
TP07F484,00:D12D:0:0:0,FALLTHROUGH,00:D12E:0:0:0,V05C-edges.csv
TP07F484,00:D12E:0:0:0,FALLTHROUGH,00:D12F:0:0:0,V05C-edges.csv
TP07F484,00:D12F:0:0:0,FALLTHROUGH,00:D130:0:0:0,V05C-edges.csv
TP07F484,00:D130:0:0:0,FALLTHROUGH,00:D133:0:0:0,V05C-edges.csv
TP07F484,00:D133:0:0:0,FALLTHROUGH,00:D136:0:0:0,V05C-edges.csv
TP07F484,00:D136:0:0:0,FALLTHROUGH,00:D139:0:0:0,V05C-edges.csv
TP07F484,00:D139:0:0:0,FALLTHROUGH,00:D13C:0:0:0,V05C-edges.csv
TP07F484,00:D13C:0:0:0,FALLTHROUGH,00:D13D:0:0:0,V05C-edges.csv
TP07F484,00:D13D:0:0:0,FALLTHROUGH,00:D140:0:0:0,V05C-edges.csv
TP07F484,00:D140:0:0:0,FALLTHROUGH,00:D143:0:0:0,V05C-edges.csv
TP07F484,00:D143:0:0:0,FALLTHROUGH_STATUS,00:D145:0:1:0,V05C-edges.csv
TP07F484,00:D145:0:1:0,FALLTHROUGH_STATUS,00:D147:0:1:0,V05C-edges.csv
TP07F484,00:D147:0:1:0,FALLTHROUGH,00:D149:0:1:0,V05C-edges.csv
TP07F484,00:D149:0:1:0,FALLTHROUGH,00:D14C:0:1:0,V05C-edges.csv
TP07F484,00:D14C:0:1:0,FALLTHROUGH,00:D14F:0:1:0,V05C-edges.csv
TP07F484,00:D14F:0:1:0,FALLTHROUGH,00:D151:0:1:0,V05C-edges.csv
TP07F484,00:D151:0:1:0,BRANCH_NOT_TAKEN,00:D153:0:1:0,V05C-edges.csv
TP07F484,00:D151:0:1:0,BRANCH_TAKEN,00:D156:0:1:0,V05C-edges.csv
TP07F484,00:D153:0:1:0,BRANCH_ALWAYS,00:D210:0:1:0,V05C-edges.csv
TP07F484,00:D156:0:1:0,FALLTHROUGH_STATUS,00:D158:0:1:1,V05C-edges.csv
TP07F484,00:D158:0:1:1,FALLTHROUGH,00:D15A:0:1:1,V05C-edges.csv
TP07F484,00:D15A:0:1:1,FALLTHROUGH,00:D15C:0:1:1,V05C-edges.csv
TP07F484,00:D15C:0:1:1,BRANCH_NOT_TAKEN,00:D15E:0:1:1,V05C-edges.csv
TP07F484,00:D15C:0:1:1,BRANCH_TAKEN,00:D1AD:0:1:1,V05C-edges.csv
TP07F484,00:D15E:0:1:1,FALLTHROUGH_STATUS,00:D160:0:1:1,V05C-edges.csv
TP07F484,00:D160:0:1:1,FALLTHROUGH_STATUS,00:D162:0:0:1,V05C-edges.csv
TP07F484,00:D162:0:0:1,FALLTHROUGH,00:D164:0:0:1,V05C-edges.csv
TP07F484,00:D164:0:0:1,FALLTHROUGH,00:D166:0:0:1,V05C-edges.csv
TP07F484,00:D166:0:0:1,BRANCH_NOT_TAKEN,00:D168:0:0:1,V05C-edges.csv
TP07F484,00:D166:0:0:1,BRANCH_TAKEN,00:D180:0:0:1,V05C-edges.csv
TP07F484,00:D168:0:0:1,FALLTHROUGH_STATUS,00:D16A:0:0:0,V05C-edges.csv
TP07F484,00:D16A:0:0:0,FALLTHROUGH,00:D16D:0:0:0,V05C-edges.csv
TP07F484,00:D16D:0:0:0,FALLTHROUGH_STATUS,00:D16F:0:0:1,V05C-edges.csv
TP07F484,00:D16F:0:0:1,FALLTHROUGH_STATUS,00:D171:0:0:1,V05C-edges.csv
TP07F484,00:D171:0:0:1,FALLTHROUGH,00:D173:0:0:1,V05C-edges.csv
TP07F484,00:D173:0:0:1,FALLTHROUGH,00:D175:0:0:1,V05C-edges.csv
TP07F484,00:D175:0:0:1,BRANCH_NOT_TAKEN,00:D177:0:0:1,V05C-edges.csv
TP07F484,00:D175:0:0:1,BRANCH_TAKEN,00:D1AD:0:0:1,V05C-edges.csv
TP07F484,00:D177:0:0:1,BRANCH_NOT_TAKEN,00:D179:0:0:1,V05C-edges.csv
TP07F484,00:D177:0:0:1,BRANCH_TAKEN,00:D1AD:0:0:1,V05C-edges.csv
TP07F484,00:D179:0:0:1,FALLTHROUGH,00:D17B:0:0:1,V05C-edges.csv
TP07F484,00:D17B:0:0:1,FALLTHROUGH,00:D17E:0:0:1,V05C-edges.csv
TP07F484,00:D17E:0:0:1,BRANCH_NOT_TAKEN,00:D180:0:0:1,V05C-edges.csv
TP07F484,00:D17E:0:0:1,BRANCH_TAKEN,00:D1AD:0:0:1,V05C-edges.csv
TP07F484,00:D180:0:0:1,FALLTHROUGH,00:D182:0:0:1,V05C-edges.csv
TP07F484,00:D182:0:0:1,FALLTHROUGH,00:D184:0:0:1,V05C-edges.csv
TP07F484,00:D184:0:0:1,FALLTHROUGH,00:D187:0:0:1,V05C-edges.csv
TP07F484,00:D187:0:0:1,FALLTHROUGH,00:D189:0:0:1,V05C-edges.csv
TP07F484,00:D189:0:0:1,FALLTHROUGH,00:D18B:0:0:1,V05C-edges.csv
TP07F484,00:D18B:0:0:1,FALLTHROUGH,00:D18E:0:0:1,V05C-edges.csv
TP07F484,00:D18E:0:0:1,FALLTHROUGH,00:D191:0:0:1,V05C-edges.csv
TP07F484,00:D191:0:0:1,FALLTHROUGH,00:D192:0:0:1,V05C-edges.csv
TP07F484,00:D192:0:0:1,FALLTHROUGH,00:D195:0:0:1,V05C-edges.csv
TP07F484,00:D195:0:0:1,FALLTHROUGH,00:D198:0:0:1,V05C-edges.csv
TP07F484,00:D198:0:0:1,FALLTHROUGH,00:D19B:0:0:1,V05C-edges.csv
TP07F484,00:D19B:0:0:1,FALLTHROUGH,00:D19E:0:0:1,V05C-edges.csv
TP07F484,00:D19E:0:0:1,FALLTHROUGH,00:D1A1:0:0:1,V05C-edges.csv
TP07F484,00:D1A1:0:0:1,BRANCH_NOT_TAKEN,00:D1A3:0:0:1,V05C-edges.csv
TP07F484,00:D1A1:0:0:1,BRANCH_TAKEN,00:D20D:0:0:1,V05C-edges.csv
TP07F484,00:D1A3:0:0:1,BRANCH_NOT_TAKEN,00:D1A5:0:0:1,V05C-edges.csv
TP07F484,00:D1A3:0:0:1,BRANCH_TAKEN,00:D1AD:0:0:1,V05C-edges.csv
TP07F484,00:D1A5:0:0:1,FALLTHROUGH,00:D1A8:0:0:1,V05C-edges.csv
TP07F484,00:D1A8:0:0:1,FALLTHROUGH,00:D1AB:0:0:1,V05C-edges.csv
TP07F484,00:D1AB:0:0:1,BRANCH_NOT_TAKEN,00:D1AD:0:0:1,V05C-edges.csv
TP07F484,00:D1AB:0:0:1,BRANCH_TAKEN,00:D20D:0:0:1,V05C-edges.csv
TP07F484,00:D1AD:0:0:1,FALLTHROUGH_STATUS,00:D1AF:0:1:1,V05C-edges.csv
TP07F484,00:D1AD:0:1:1,FALLTHROUGH_STATUS,00:D1AF:0:1:1,V05C-edges.csv
TP07F484,00:D1AF:0:1:1,FALLTHROUGH,00:D1B1:0:1:1,V05C-edges.csv
TP07F484,00:D1B1:0:1:1,FALLTHROUGH,00:D1B3:0:1:1,V05C-edges.csv
TP07F484,00:D1B3:0:1:1,FALLTHROUGH,00:D1B5:0:1:1,V05C-edges.csv
TP07F484,00:D1B5:0:1:1,FALLTHROUGH,00:D1B8:0:1:1,V05C-edges.csv
TP07F484,00:D1B8:0:1:1,FALLTHROUGH,00:D1BB:0:1:1,V05C-edges.csv
TP07F484,00:D1BB:0:1:1,BRANCH_NOT_TAKEN,00:D1BD:0:1:1,V05C-edges.csv
TP07F484,00:D1BB:0:1:1,BRANCH_TAKEN,00:D205:0:1:1,V05C-edges.csv
TP07F484,00:D1BD:0:1:1,FALLTHROUGH,00:D1BF:0:1:1,V05C-edges.csv
TP07F484,00:D1BF:0:1:1,FALLTHROUGH,00:D1C1:0:1:1,V05C-edges.csv
TP07F484,00:D1C1:0:1:1,FALLTHROUGH_STATUS,00:D1C3:0:0:0,V05C-edges.csv
TP07F484,00:D1C3:0:0:0,FALLTHROUGH,00:D1C6:0:0:0,V05C-edges.csv
TP07F484,00:D1C6:0:0:0,FALLTHROUGH,00:D1C8:0:0:0,V05C-edges.csv
TP07F484,00:D1C8:0:0:0,FALLTHROUGH,00:D1CB:0:0:0,V05C-edges.csv
TP07F484,00:D1CB:0:0:0,FALLTHROUGH,00:D1CC:0:0:0,V05C-edges.csv
TP07F484,00:D1CC:0:0:0,FALLTHROUGH,00:D1CD:0:0:0,V05C-edges.csv
TP07F484,00:D1CD:0:0:0,FALLTHROUGH,00:D1D0:0:0:0,V05C-edges.csv
TP07F484,00:D1D0:0:0:0,DIRECT_CALL,04:80A7:0:0:0,V05C-dynamic-proofs.csv
TP07F484,00:D1D4:0:0:0,FALLTHROUGH,00:D1D5:0:0:0,V05C-edges.csv
TP07F484,00:D1D5:0:0:0,FALLTHROUGH,00:D1D8:0:0:0,V05C-edges.csv
TP07F484,00:D1D8:0:0:0,FALLTHROUGH,00:D1DB:0:0:0,V05C-edges.csv
TP07F484,00:D1DB:0:0:0,FALLTHROUGH,00:D1DC:0:0:0,V05C-edges.csv
TP07F484,00:D1DC:0:0:0,FALLTHROUGH,00:D1DD:0:0:0,V05C-edges.csv
TP07F484,00:D1DD:0:0:0,FALLTHROUGH,00:D1E0:0:0:0,V05C-edges.csv
TP07F484,00:D1E0:0:0:0,FALLTHROUGH,00:D1E3:0:0:0,V05C-edges.csv
TP07F484,00:D1E3:0:0:0,FALLTHROUGH,00:D1E4:0:0:0,V05C-edges.csv
TP07F484,00:D1E4:0:0:0,FALLTHROUGH,00:D1E8:0:0:0,V05C-edges.csv
TP07F484,00:D1E8:0:0:0,FALLTHROUGH,00:D1EB:0:0:0,V05C-edges.csv
TP07F484,00:D1EB:0:0:0,FALLTHROUGH,00:D1EE:0:0:0,V05C-edges.csv
TP07F484,00:D1EE:0:0:0,FALLTHROUGH,00:D1F0:0:0:0,V05C-edges.csv
TP07F484,00:D1F0:0:0:0,FALLTHROUGH,00:D1F3:0:0:0,V05C-edges.csv
TP07F484,00:D1F3:0:0:0,FALLTHROUGH,00:D1F4:0:0:0,V05C-edges.csv
TP07F484,00:D1F4:0:0:0,FALLTHROUGH,00:D1F7:0:0:0,V05C-edges.csv
TP07F484,00:D1F7:0:0:0,FALLTHROUGH,00:D1F8:0:0:0,V05C-edges.csv
TP07F484,00:D1F8:0:0:0,FALLTHROUGH,00:D1F9:0:0:0,V05C-edges.csv
TP07F484,00:D1F9:0:0:0,FALLTHROUGH,00:D1FD:0:0:0,V05C-edges.csv
TP07F484,00:D1FD:0:0:0,FALLTHROUGH_STATUS,00:D1FF:0:0:1,V05C-edges.csv
TP07F484,00:D1FF:0:0:1,FALLTHROUGH_STATUS,00:D201:0:0:1,V05C-edges.csv
TP07F484,00:D201:0:0:1,FALLTHROUGH,00:D203:0:0:1,V05C-edges.csv
TP07F484,00:D203:0:0:1,FALLTHROUGH,00:D205:0:0:1,V05C-edges.csv
TP07F484,00:D205:0:0:1,FALLTHROUGH_STATUS,00:D207:0:0:0,V05C-edges.csv
TP07F484,00:D205:0:1:1,FALLTHROUGH_STATUS,00:D207:0:0:0,V05C-edges.csv
TP07F484,00:D207:0:0:0,FALLTHROUGH,00:D20A:0:0:0,V05C-edges.csv
TP07F484,00:D20A:0:0:0,BRANCH_ALWAYS,00:DCA3:0:0:0,V05C-edges.csv
TP07F484,00:D20D:0:0:1,BRANCH_ALWAYS,00:D914:0:0:1,V05C-edges.csv
TP07F484,00:D210:0:1:0,FALLTHROUGH_STATUS,00:D212:0:1:1,V05C-edges.csv
TP07F484,00:D212:0:1:1,FALLTHROUGH,00:D215:0:1:1,V05C-edges.csv
TP07F484,00:D215:0:1:1,FALLTHROUGH,00:D216:0:1:1,V05C-edges.csv
TP07F484,00:D216:0:1:1,FALLTHROUGH,00:D217:0:1:1,V05C-edges.csv
TP07F484,00:D217:0:1:1,FALLTHROUGH,00:D21B:0:1:1,V05C-edges.csv
TP07F484,00:D21B:0:1:1,FALLTHROUGH,00:D21E:0:1:1,V05C-edges.csv
TP07F484,00:D21E:0:1:1,BRANCH_NOT_TAKEN,00:D220:0:1:1,V05C-edges.csv
TP07F484,00:D21E:0:1:1,BRANCH_TAKEN,00:D223:0:1:1,V05C-edges.csv
TP07F484,00:D220:0:1:1,BRANCH_ALWAYS,00:D914:0:1:1,V05C-edges.csv
TP07F484,00:D223:0:1:1,FALLTHROUGH_STATUS,00:D225:0:1:1,V05C-edges.csv
TP07F484,00:D225:0:1:1,FALLTHROUGH,00:D228:0:1:1,V05C-edges.csv
TP07F484,00:D228:0:1:1,FALLTHROUGH_STATUS,00:D22A:0:0:0,V05C-edges.csv
TP07F484,00:D22A:0:0:0,FALLTHROUGH,00:D22B:0:0:0,V05C-edges.csv
TP07F484,00:D22B:0:0:0,FALLTHROUGH,00:D22C:0:0:0,V05C-edges.csv
TP07F484,00:D22C:0:0:0,FALLTHROUGH,00:D22D:0:0:0,V05C-edges.csv
TP07F484,00:D22D:0:0:0,FALLTHROUGH,00:D22E:0:0:0,V05C-edges.csv
TP07F484,00:D22E:0:0:0,FALLTHROUGH,00:D232:0:0:0,V05C-edges.csv
TP07F484,00:D232:0:0:0,FALLTHROUGH,00:D233:0:0:0,V05C-edges.csv
TP07F484,00:D233:0:0:0,FALLTHROUGH,00:D234:0:0:0,V05C-edges.csv
TP07F484,00:D234:0:0:0,FALLTHROUGH,00:D235:0:0:0,V05C-edges.csv
TP07F484,00:D235:0:0:0,FALLTHROUGH,00:D236:0:0:0,V05C-edges.csv
TP07F484,00:D236:0:0:0,FALLTHROUGH,00:D237:0:0:0,V05C-edges.csv
TP07F484,00:D237:0:0:0,FALLTHROUGH,00:D23A:0:0:0,V05C-edges.csv
TP07F484,00:D23A:0:0:0,FALLTHROUGH,00:D23D:0:0:0,V05C-edges.csv
TP07F484,00:D23D:0:0:0,FALLTHROUGH,00:D240:0:0:0,V05C-edges.csv
TP07F484,00:D240:0:0:0,FALLTHROUGH,00:D243:0:0:0,V05C-edges.csv
TP07F484,00:D243:0:0:0,FALLTHROUGH,00:D244:0:0:0,V05C-edges.csv
TP07F484,00:D244:0:0:0,FALLTHROUGH,00:D247:0:0:0,V05C-edges.csv
TP07F484,00:D247:0:0:0,FALLTHROUGH,00:D24A:0:0:0,V05C-edges.csv
TP07F484,00:D24A:0:0:0,FALLTHROUGH_STATUS,00:D24C:0:1:0,V05C-edges.csv
TP07F484,00:D24C:0:1:0,FALLTHROUGH_STATUS,00:D24E:0:1:0,V05C-edges.csv
TP07F484,00:D24E:0:1:0,FALLTHROUGH,00:D250:0:1:0,V05C-edges.csv
TP07F484,00:D250:0:1:0,FALLTHROUGH,00:D253:0:1:0,V05C-edges.csv
TP07F484,00:D253:0:1:0,FALLTHROUGH,00:D256:0:1:0,V05C-edges.csv
TP07F484,00:D256:0:1:0,FALLTHROUGH_STATUS,00:D258:0:0:0,V05C-edges.csv
TP07F484,00:D258:0:0:0,FALLTHROUGH,00:D25B:0:0:0,V05C-edges.csv
TP07F484,00:D25B:0:0:0,FALLTHROUGH,00:D25C:0:0:0,V05C-edges.csv
TP07F484,00:D25C:0:0:0,FALLTHROUGH,00:D25D:0:0:0,V05C-edges.csv
TP07F484,00:D25D:0:0:0,FALLTHROUGH,00:D25E:0:0:0,V05C-edges.csv
TP07F484,00:D25E:0:0:0,FALLTHROUGH,00:D25F:0:0:0,V05C-edges.csv
TP07F484,00:D25F:0:0:0,FALLTHROUGH,00:D260:0:0:0,V05C-edges.csv
TP07F484,00:D260:0:0:0,FALLTHROUGH,00:D261:0:0:0,V05C-edges.csv
TP07F484,00:D261:0:0:0,FALLTHROUGH,00:D265:0:0:0,V05C-edges.csv
TP07F484,00:D265:0:0:0,FALLTHROUGH,00:D268:0:0:0,V05C-edges.csv
TP07F484,00:D268:0:0:0,FALLTHROUGH,00:D26B:0:0:0,V05C-edges.csv
TP07F484,00:D26B:0:0:0,BRANCH_NOT_TAKEN,00:D26D:0:0:0,V05C-edges.csv
TP07F484,00:D26B:0:0:0,BRANCH_TAKEN,00:D270:0:0:0,V05C-edges.csv
TP07F484,00:D26D:0:0:0,BRANCH_ALWAYS,00:D3B2:0:0:0,V05C-edges.csv
TP07F484,00:D270:0:0:0,FALLTHROUGH_STATUS,00:D272:0:1:1,V05C-edges.csv
TP07F484,00:D272:0:1:1,FALLTHROUGH,00:D274:0:1:1,V05C-edges.csv
TP07F484,00:D274:0:1:1,FALLTHROUGH,00:D276:0:1:1,V05C-edges.csv
TP07F484,00:D276:0:1:1,FALLTHROUGH,00:D278:0:1:1,V05C-edges.csv
TP07F484,00:D278:0:1:1,BRANCH_NOT_TAKEN,00:D27A:0:1:1,V05C-edges.csv
TP07F484,00:D278:0:1:1,BRANCH_TAKEN,00:D27D:0:1:1,V05C-edges.csv
TP07F484,00:D27A:0:1:1,BRANCH_ALWAYS,00:D3AF:0:1:1,V05C-edges.csv
TP07F484,00:D27D:0:1:1,FALLTHROUGH,00:D27F:0:1:1,V05C-edges.csv
TP07F484,00:D27F:0:1:1,FALLTHROUGH,00:D281:0:1:1,V05C-edges.csv
TP07F484,00:D281:0:1:1,BRANCH_NOT_TAKEN,00:D283:0:1:1,V05C-edges.csv
TP07F484,00:D281:0:1:1,BRANCH_TAKEN,00:D29A:0:1:1,V05C-edges.csv
TP07F484,00:D283:0:1:1,FALLTHROUGH_STATUS,00:D285:0:1:1,V05C-edges.csv
TP07F484,00:D285:0:1:1,FALLTHROUGH,00:D287:0:1:1,V05C-edges.csv
TP07F484,00:D287:0:1:1,FALLTHROUGH,00:D289:0:1:1,V05C-edges.csv
TP07F484,00:D289:0:1:1,FALLTHROUGH,00:D28A:0:1:1,V05C-edges.csv
TP07F484,00:D28A:0:1:1,FALLTHROUGH,00:D28C:0:1:1,V05C-edges.csv
TP07F484,00:D28C:0:1:1,FALLTHROUGH,00:D28E:0:1:1,V05C-edges.csv
TP07F484,00:D28E:0:1:1,BRANCH_NOT_TAKEN,00:D290:0:1:1,V05C-edges.csv
TP07F484,00:D28E:0:1:1,BRANCH_TAKEN,00:D294:0:1:1,V05C-edges.csv
TP07F484,00:D290:0:1:1,FALLTHROUGH,00:D291:0:1:1,V05C-edges.csv
TP07F484,00:D291:0:1:1,FALLTHROUGH,00:D292:0:1:1,V05C-edges.csv
TP07F484,00:D292:0:1:1,BRANCH_NOT_TAKEN,00:D294:0:1:1,V05C-edges.csv
TP07F484,00:D292:0:1:1,BRANCH_TAKEN,00:D290:0:1:1,V05C-edges.csv
TP07F484,00:D294:0:1:1,FALLTHROUGH,00:D297:0:1:1,V05C-edges.csv
TP07F484,00:D297:0:1:1,BRANCH_ALWAYS,00:D3AF:0:1:1,V05C-edges.csv
TP07F484,00:D29A:0:1:1,FALLTHROUGH_STATUS,00:D29C:0:1:1,V05C-edges.csv
TP07F484,00:D29C:0:1:1,FALLTHROUGH,00:D29F:0:1:1,V05C-edges.csv
TP07F484,00:D29F:0:1:1,FALLTHROUGH,00:D2A1:0:1:1,V05C-edges.csv
TP07F484,00:D2A1:0:1:1,BRANCH_NOT_TAKEN,00:D2A3:0:1:1,V05C-edges.csv
TP07F484,00:D2A1:0:1:1,BRANCH_TAKEN,00:D2E1:0:1:1,V05C-edges.csv
TP07F484,00:D2A3:0:1:1,FALLTHROUGH_STATUS,00:D2A5:0:1:1,V05C-edges.csv
TP07F484,00:D2A5:0:1:1,FALLTHROUGH_STATUS,00:D2A7:0:0:1,V05C-edges.csv
TP07F484,00:D2A7:0:0:1,FALLTHROUGH,00:D2A9:0:0:1,V05C-edges.csv
TP07F484,00:D2A9:0:0:1,FALLTHROUGH,00:D2AB:0:0:1,V05C-edges.csv
TP07F484,00:D2AB:0:0:1,FALLTHROUGH,00:D2AC:0:0:1,V05C-edges.csv
TP07F484,00:D2AC:0:0:1,FALLTHROUGH,00:D2AE:0:0:1,V05C-edges.csv
TP07F484,00:D2AE:0:0:1,FALLTHROUGH,00:D2B0:0:0:1,V05C-edges.csv
TP07F484,00:D2B0:0:0:1,FALLTHROUGH,00:D2B3:0:0:1,V05C-edges.csv
TP07F484,00:D2B3:0:0:1,FALLTHROUGH,00:D2B6:0:0:1,V05C-edges.csv
TP07F484,00:D2B6:0:0:1,BRANCH_NOT_TAKEN,00:D2B8:0:0:1,V05C-edges.csv
TP07F484,00:D2B6:0:0:1,BRANCH_TAKEN,00:D2D4:0:0:1,V05C-edges.csv
TP07F484,00:D2B8:0:0:1,FALLTHROUGH,00:D2BA:0:0:1,V05C-edges.csv
TP07F484,00:D2BA:0:0:1,BRANCH_NOT_TAKEN,00:D2BC:0:0:1,V05C-edges.csv
TP07F484,00:D2BA:0:0:1,BRANCH_TAKEN,00:D2D4:0:0:1,V05C-edges.csv
TP07F484,00:D2BC:0:0:1,FALLTHROUGH,00:D2BF:0:0:1,V05C-edges.csv
TP07F484,00:D2BF:0:0:1,FALLTHROUGH,00:D2C2:0:0:1,V05C-edges.csv
TP07F484,00:D2C2:0:0:1,FALLTHROUGH,00:D2C3:0:0:1,V05C-edges.csv
TP07F484,00:D2C3:0:0:1,FALLTHROUGH,00:D2C4:0:0:1,V05C-edges.csv
TP07F484,00:D2C4:0:0:1,FALLTHROUGH,00:D2C5:0:0:1,V05C-edges.csv
TP07F484,00:D2C5:0:0:1,FALLTHROUGH,00:D2C6:0:0:1,V05C-edges.csv
TP07F484,00:D2C6:0:0:1,FALLTHROUGH,00:D2C7:0:0:1,V05C-edges.csv
TP07F484,00:D2C7:0:0:1,FALLTHROUGH,00:D2C8:0:0:1,V05C-edges.csv
TP07F484,00:D2C8:0:0:1,FALLTHROUGH,00:D2C9:0:0:1,V05C-edges.csv
TP07F484,00:D2C9:0:0:1,FALLTHROUGH,00:D2CA:0:0:1,V05C-edges.csv
TP07F484,00:D2CA:0:0:1,FALLTHROUGH_STATUS,00:D2CC:0:0:0,V05C-edges.csv
TP07F484,00:D2CC:0:0:0,FALLTHROUGH,00:D2CF:0:0:0,V05C-edges.csv
TP07F484,00:D2CF:0:0:0,FALLTHROUGH,00:D2D2:0:0:0,V05C-edges.csv
TP07F484,00:D2D2:0:0:0,BRANCH_ALWAYS,00:D2DA:0:0:0,V05C-edges.csv
TP07F484,00:D2D4:0:0:1,FALLTHROUGH_STATUS,00:D2D6:0:0:0,V05C-edges.csv
TP07F484,00:D2D6:0:0:0,FALLTHROUGH,00:D2D9:0:0:0,V05C-edges.csv
TP07F484,00:D2D9:0:0:0,FALLTHROUGH,00:D2DA:0:0:0,V05C-edges.csv
TP07F484,00:D2DA:0:0:0,FALLTHROUGH,00:D2DD:0:0:0,V05C-edges.csv
TP07F484,00:D2DD:0:0:0,FALLTHROUGH,00:D2DF:0:0:0,V05C-edges.csv
TP07F484,00:D2DF:0:0:0,BRANCH_ALWAYS,00:D32B:0:0:0,V05C-edges.csv
TP07F484,00:D2E1:0:1:1,FALLTHROUGH,00:D2E3:0:1:1,V05C-edges.csv
TP07F484,00:D2E3:0:1:1,BRANCH_NOT_TAKEN,00:D2E5:0:1:1,V05C-edges.csv
TP07F484,00:D2E3:0:1:1,BRANCH_TAKEN,00:D32B:0:1:1,V05C-edges.csv
TP07F484,00:D2E5:0:1:1,FALLTHROUGH_STATUS,00:D2E7:0:1:1,V05C-edges.csv
TP07F484,00:D2E7:0:1:1,FALLTHROUGH_STATUS,00:D2E9:0:0:1,V05C-edges.csv
TP07F484,00:D2E9:0:0:1,FALLTHROUGH,00:D2EB:0:0:1,V05C-edges.csv
TP07F484,00:D2EB:0:0:1,FALLTHROUGH,00:D2ED:0:0:1,V05C-edges.csv
TP07F484,00:D2ED:0:0:1,FALLTHROUGH,00:D2EE:0:0:1,V05C-edges.csv
TP07F484,00:D2EE:0:0:1,FALLTHROUGH,00:D2F0:0:0:1,V05C-edges.csv
TP07F484,00:D2F0:0:0:1,FALLTHROUGH,00:D2F2:0:0:1,V05C-edges.csv
TP07F484,00:D2F2:0:0:1,FALLTHROUGH,00:D2F5:0:0:1,V05C-edges.csv
TP07F484,00:D2F5:0:0:1,FALLTHROUGH,00:D2F8:0:0:1,V05C-edges.csv
TP07F484,00:D2F8:0:0:1,FALLTHROUGH,00:D2FB:0:0:1,V05C-edges.csv
TP07F484,00:D2FB:0:0:1,FALLTHROUGH,00:D2FC:0:0:1,V05C-edges.csv
TP07F484,00:D2FC:0:0:1,FALLTHROUGH,00:D2FF:0:0:1,V05C-edges.csv
TP07F484,00:D2FF:0:0:1,FALLTHROUGH,00:D302:0:0:1,V05C-edges.csv
TP07F484,00:D302:0:0:1,BRANCH_NOT_TAKEN,00:D304:0:0:1,V05C-edges.csv
TP07F484,00:D302:0:0:1,BRANCH_TAKEN,00:D320:0:0:1,V05C-edges.csv
TP07F484,00:D304:0:0:1,FALLTHROUGH,00:D306:0:0:1,V05C-edges.csv
TP07F484,00:D306:0:0:1,BRANCH_NOT_TAKEN,00:D308:0:0:1,V05C-edges.csv
TP07F484,00:D306:0:0:1,BRANCH_TAKEN,00:D320:0:0:1,V05C-edges.csv
TP07F484,00:D308:0:0:1,FALLTHROUGH,00:D30B:0:0:1,V05C-edges.csv
TP07F484,00:D30B:0:0:1,FALLTHROUGH,00:D30E:0:0:1,V05C-edges.csv
TP07F484,00:D30E:0:0:1,FALLTHROUGH,00:D30F:0:0:1,V05C-edges.csv
TP07F484,00:D30F:0:0:1,FALLTHROUGH,00:D310:0:0:1,V05C-edges.csv
TP07F484,00:D310:0:0:1,FALLTHROUGH,00:D311:0:0:1,V05C-edges.csv
TP07F484,00:D311:0:0:1,FALLTHROUGH,00:D312:0:0:1,V05C-edges.csv
TP07F484,00:D312:0:0:1,FALLTHROUGH,00:D313:0:0:1,V05C-edges.csv
TP07F484,00:D313:0:0:1,FALLTHROUGH,00:D314:0:0:1,V05C-edges.csv
TP07F484,00:D314:0:0:1,FALLTHROUGH,00:D315:0:0:1,V05C-edges.csv
TP07F484,00:D315:0:0:1,FALLTHROUGH,00:D316:0:0:1,V05C-edges.csv
TP07F484,00:D316:0:0:1,FALLTHROUGH_STATUS,00:D318:0:0:0,V05C-edges.csv
TP07F484,00:D318:0:0:0,FALLTHROUGH,00:D31B:0:0:0,V05C-edges.csv
TP07F484,00:D31B:0:0:0,FALLTHROUGH,00:D31E:0:0:0,V05C-edges.csv
TP07F484,00:D31E:0:0:0,BRANCH_ALWAYS,00:D326:0:0:0,V05C-edges.csv
TP07F484,00:D320:0:0:1,FALLTHROUGH_STATUS,00:D322:0:0:0,V05C-edges.csv
TP07F484,00:D322:0:0:0,FALLTHROUGH,00:D325:0:0:0,V05C-edges.csv
TP07F484,00:D325:0:0:0,FALLTHROUGH,00:D326:0:0:0,V05C-edges.csv
TP07F484,00:D326:0:0:0,FALLTHROUGH,00:D329:0:0:0,V05C-edges.csv
TP07F484,00:D329:0:0:0,FALLTHROUGH,00:D32B:0:0:0,V05C-edges.csv
TP07F484,00:D32B:0:0:0,FALLTHROUGH_STATUS,00:D32D:0:1:1,V05C-edges.csv
TP07F484,00:D32B:0:1:1,FALLTHROUGH_STATUS,00:D32D:0:1:1,V05C-edges.csv
TP07F484,00:D32D:0:1:1,FALLTHROUGH,00:D32F:0:1:1,V05C-edges.csv
TP07F484,00:D32F:0:1:1,FALLTHROUGH,00:D331:0:1:1,V05C-edges.csv
TP07F484,00:D331:0:1:1,FALLTHROUGH,00:D333:0:1:1,V05C-edges.csv
TP07F484,00:D333:0:1:1,FALLTHROUGH,00:D335:0:1:1,V05C-edges.csv
TP07F484,00:D335:0:1:1,FALLTHROUGH,00:D337:0:1:1,V05C-edges.csv
TP07F484,00:D337:0:1:1,FALLTHROUGH,00:D339:0:1:1,V05C-edges.csv
TP07F484,00:D339:0:1:1,FALLTHROUGH,00:D33B:0:1:1,V05C-edges.csv
TP07F484,00:D33B:0:1:1,FALLTHROUGH,00:D33D:0:1:1,V05C-edges.csv
TP07F484,00:D33D:0:1:1,FALLTHROUGH,00:D340:0:1:1,V05C-edges.csv
TP07F484,00:D340:0:1:1,FALLTHROUGH,00:D343:0:1:1,V05C-edges.csv
TP07F484,00:D343:0:1:1,BRANCH_NOT_TAKEN,00:D345:0:1:1,V05C-edges.csv
TP07F484,00:D343:0:1:1,BRANCH_TAKEN,00:D38D:0:1:1,V05C-edges.csv
TP07F484,00:D345:0:1:1,FALLTHROUGH,00:D347:0:1:1,V05C-edges.csv
TP07F484,00:D347:0:1:1,FALLTHROUGH,00:D349:0:1:1,V05C-edges.csv
TP07F484,00:D349:0:1:1,FALLTHROUGH_STATUS,00:D34B:0:0:0,V05C-edges.csv
TP07F484,00:D34B:0:0:0,FALLTHROUGH,00:D34E:0:0:0,V05C-edges.csv
TP07F484,00:D34E:0:0:0,FALLTHROUGH,00:D350:0:0:0,V05C-edges.csv
TP07F484,00:D350:0:0:0,FALLTHROUGH,00:D353:0:0:0,V05C-edges.csv
TP07F484,00:D353:0:0:0,FALLTHROUGH,00:D354:0:0:0,V05C-edges.csv
TP07F484,00:D354:0:0:0,FALLTHROUGH,00:D355:0:0:0,V05C-edges.csv
TP07F484,00:D355:0:0:0,FALLTHROUGH,00:D358:0:0:0,V05C-edges.csv
TP07F484,00:D358:0:0:0,DIRECT_CALL,04:80A7:0:0:0,V05C-dynamic-proofs.csv
TP07F484,00:D35C:0:0:0,FALLTHROUGH,00:D35D:0:0:0,V05C-edges.csv
TP07F484,00:D35D:0:0:0,FALLTHROUGH,00:D360:0:0:0,V05C-edges.csv
TP07F484,00:D360:0:0:0,FALLTHROUGH,00:D363:0:0:0,V05C-edges.csv
TP07F484,00:D363:0:0:0,FALLTHROUGH,00:D364:0:0:0,V05C-edges.csv
TP07F484,00:D364:0:0:0,FALLTHROUGH,00:D365:0:0:0,V05C-edges.csv
TP07F484,00:D365:0:0:0,FALLTHROUGH,00:D368:0:0:0,V05C-edges.csv
TP07F484,00:D368:0:0:0,FALLTHROUGH,00:D36B:0:0:0,V05C-edges.csv
TP07F484,00:D36B:0:0:0,FALLTHROUGH,00:D36C:0:0:0,V05C-edges.csv
TP07F484,00:D36C:0:0:0,FALLTHROUGH,00:D370:0:0:0,V05C-edges.csv
TP07F484,00:D370:0:0:0,FALLTHROUGH,00:D373:0:0:0,V05C-edges.csv
TP07F484,00:D373:0:0:0,FALLTHROUGH,00:D376:0:0:0,V05C-edges.csv
TP07F484,00:D376:0:0:0,FALLTHROUGH,00:D378:0:0:0,V05C-edges.csv
TP07F484,00:D378:0:0:0,FALLTHROUGH,00:D37B:0:0:0,V05C-edges.csv
TP07F484,00:D37B:0:0:0,FALLTHROUGH,00:D37C:0:0:0,V05C-edges.csv
TP07F484,00:D37C:0:0:0,FALLTHROUGH,00:D37F:0:0:0,V05C-edges.csv
TP07F484,00:D37F:0:0:0,FALLTHROUGH,00:D380:0:0:0,V05C-edges.csv
TP07F484,00:D380:0:0:0,FALLTHROUGH,00:D381:0:0:0,V05C-edges.csv
TP07F484,00:D381:0:0:0,FALLTHROUGH,00:D385:0:0:0,V05C-edges.csv
TP07F484,00:D385:0:0:0,FALLTHROUGH_STATUS,00:D387:0:0:1,V05C-edges.csv
TP07F484,00:D387:0:0:1,FALLTHROUGH_STATUS,00:D389:0:0:1,V05C-edges.csv
TP07F484,00:D389:0:0:1,FALLTHROUGH,00:D38B:0:0:1,V05C-edges.csv
TP07F484,00:D38B:0:0:1,FALLTHROUGH,00:D38D:0:0:1,V05C-edges.csv
TP07F484,00:D38D:0:0:1,FALLTHROUGH_STATUS,00:D38F:0:0:1,V05C-edges.csv
TP07F484,00:D38D:0:1:1,FALLTHROUGH_STATUS,00:D38F:0:1:1,V05C-edges.csv
TP07F484,00:D38F:0:0:1,FALLTHROUGH_STATUS,00:D391:0:0:1,V05C-edges.csv
TP07F484,00:D38F:0:1:1,FALLTHROUGH_STATUS,00:D391:0:0:1,V05C-edges.csv
TP07F484,00:D391:0:0:1,FALLTHROUGH,00:D393:0:0:1,V05C-edges.csv
TP07F484,00:D393:0:0:1,FALLTHROUGH,00:D396:0:0:1,V05C-edges.csv
TP07F484,00:D396:0:0:1,FALLTHROUGH,00:D398:0:0:1,V05C-edges.csv
TP07F484,00:D398:0:0:1,FALLTHROUGH,00:D39A:0:0:1,V05C-edges.csv
TP07F484,00:D39A:0:0:1,FALLTHROUGH,00:D39C:0:0:1,V05C-edges.csv
TP07F484,00:D39C:0:0:1,FALLTHROUGH_STATUS,00:D39E:0:1:1,V05C-edges.csv
TP07F484,00:D39E:0:1:1,FALLTHROUGH,00:D3A0:0:1:1,V05C-edges.csv
TP07F484,00:D3A0:0:1:1,FALLTHROUGH,00:D3A2:0:1:1,V05C-edges.csv
TP07F484,00:D3A2:0:1:1,FALLTHROUGH,00:D3A4:0:1:1,V05C-edges.csv
TP07F484,00:D3A4:0:1:1,FALLTHROUGH_STATUS,00:D3A6:0:0:0,V05C-edges.csv
TP07F484,00:D3A6:0:0:0,FALLTHROUGH,00:D3A9:0:0:0,V05C-edges.csv
TP07F484,00:D3A9:0:0:0,FALLTHROUGH,00:D3AC:0:0:0,V05C-edges.csv
TP07F484,00:D3AC:0:0:0,BRANCH_ALWAYS,00:DCA3:0:0:0,V05C-edges.csv
TP07F484,00:D3AF:0:1:1,BRANCH_ALWAYS,00:D914:0:1:1,V05C-edges.csv
TP07F484,00:D3B2:0:0:0,FALLTHROUGH,00:D3B5:0:0:0,V05C-edges.csv
TP07F484,00:D3B5:0:0:0,FALLTHROUGH,00:D3B8:0:0:0,V05C-edges.csv
TP07F484,00:D3B8:0:0:0,BRANCH_NOT_TAKEN,00:D3BA:0:0:0,V05C-edges.csv
TP07F484,00:D3B8:0:0:0,BRANCH_TAKEN,00:D3BD:0:0:0,V05C-edges.csv
TP07F484,00:D3BA:0:0:0,BRANCH_ALWAYS,00:D64F:0:0:0,V05C-edges.csv
TP07F484,00:D3BD:0:0:0,FALLTHROUGH,00:D3C0:0:0:0,V05C-edges.csv
TP07F484,00:D3C0:0:0:0,FALLTHROUGH,00:D3C3:0:0:0,V05C-edges.csv
TP07F484,00:D3C3:0:0:0,FALLTHROUGH,00:D3C4:0:0:0,V05C-edges.csv
TP07F484,00:D3C4:0:0:0,FALLTHROUGH,00:D3C5:0:0:0,V05C-edges.csv
TP07F484,00:D3C5:0:0:0,FALLTHROUGH,00:D3C6:0:0:0,V05C-edges.csv
TP07F484,00:D3C6:0:0:0,FALLTHROUGH,00:D3C7:0:0:0,V05C-edges.csv
TP07F484,00:D3C7:0:0:0,FALLTHROUGH,00:D3C8:0:0:0,V05C-edges.csv
TP07F484,00:D3C8:0:0:0,FALLTHROUGH,00:D3CC:0:0:0,V05C-edges.csv
TP07F484,00:D3CC:0:0:0,FALLTHROUGH,00:D3CD:0:0:0,V05C-edges.csv
TP07F484,00:D3CD:0:0:0,FALLTHROUGH,00:D3CE:0:0:0,V05C-edges.csv
TP07F484,00:D3CE:0:0:0,FALLTHROUGH,00:D3CF:0:0:0,V05C-edges.csv
TP07F484,00:D3CF:0:0:0,FALLTHROUGH,00:D3D0:0:0:0,V05C-edges.csv
TP07F484,00:D3D0:0:0:0,FALLTHROUGH,00:D3D1:0:0:0,V05C-edges.csv
TP07F484,00:D3D1:0:0:0,FALLTHROUGH,00:D3D2:0:0:0,V05C-edges.csv
TP07F484,00:D3D2:0:0:0,FALLTHROUGH,00:D3D5:0:0:0,V05C-edges.csv
TP07F484,00:D3D5:0:0:0,FALLTHROUGH,00:D3D8:0:0:0,V05C-edges.csv
TP07F484,00:D3D8:0:0:0,FALLTHROUGH,00:D3DB:0:0:0,V05C-edges.csv
TP07F484,00:D3DB:0:0:0,FALLTHROUGH,00:D3DE:0:0:0,V05C-edges.csv
TP07F484,00:D3DE:0:0:0,FALLTHROUGH_STATUS,00:D3E0:0:1:1,V05C-edges.csv
TP07F484,00:D3E0:0:1:1,FALLTHROUGH,00:D3E3:0:1:1,V05C-edges.csv
TP07F484,00:D3E3:0:1:1,FALLTHROUGH,00:D3E6:0:1:1,V05C-edges.csv
TP07F484,00:D3E6:0:1:1,DIRECT_CALL,00:A82F:0:1:1,V05C-dynamic-proofs.csv
TP07F484,00:D3EA:0:0:1,FALLTHROUGH_STATUS,00:D3EC:0:0:1,V05C-edges.csv
TP07F484,00:D3EC:0:0:1,FALLTHROUGH_STATUS,00:D3EE:0:0:1,V05C-edges.csv
TP07F484,00:D3EE:0:0:1,FALLTHROUGH,00:D3F1:0:0:1,V05C-edges.csv
TP07F484,00:D3F1:0:0:1,FALLTHROUGH,00:D3F4:0:0:1,V05C-edges.csv
TP07F484,00:D3F4:0:0:1,FALLTHROUGH,00:D3F7:0:0:1,V05C-edges.csv
TP07F484,00:D3F7:0:0:1,FALLTHROUGH,00:D3FA:0:0:1,V05C-edges.csv
TP07F484,00:D3FA:0:0:1,BRANCH_NOT_TAKEN,00:D3FC:0:0:1,V05C-edges.csv
TP07F484,00:D3FA:0:0:1,BRANCH_TAKEN,00:D3FF:0:0:1,V05C-edges.csv
TP07F484,00:D3FC:0:0:1,BRANCH_ALWAYS,00:D64C:0:0:1,V05C-edges.csv
TP07F484,00:D3FF:0:0:1,FALLTHROUGH_STATUS,00:D401:0:1:1,V05C-edges.csv
TP07F484,00:D401:0:1:1,FALLTHROUGH,00:D403:0:1:1,V05C-edges.csv
TP07F484,00:D403:0:1:1,FALLTHROUGH,00:D405:0:1:1,V05C-edges.csv
TP07F484,00:D405:0:1:1,BRANCH_NOT_TAKEN,00:D407:0:1:1,V05C-edges.csv
TP07F484,00:D405:0:1:1,BRANCH_TAKEN,00:D40A:0:1:1,V05C-edges.csv
TP07F484,00:D407:0:1:1,BRANCH_ALWAYS,00:D64C:0:1:1,V05C-edges.csv
TP07F484,00:D40A:0:1:1,FALLTHROUGH_STATUS,00:D40C:0:1:1,V05C-edges.csv
TP07F484,00:D40C:0:1:1,FALLTHROUGH_STATUS,00:D40E:0:0:1,V05C-edges.csv
TP07F484,00:D40E:0:0:1,FALLTHROUGH,00:D410:0:0:1,V05C-edges.csv
TP07F484,00:D410:0:0:1,FALLTHROUGH,00:D412:0:0:1,V05C-edges.csv
TP07F484,00:D412:0:0:1,BRANCH_NOT_TAKEN,00:D414:0:0:1,V05C-edges.csv
TP07F484,00:D412:0:0:1,BRANCH_TAKEN,00:D421:0:0:1,V05C-edges.csv
TP07F484,00:D414:0:0:1,FALLTHROUGH_STATUS,00:D416:0:0:0,V05C-edges.csv
TP07F484,00:D416:0:0:0,FALLTHROUGH,00:D418:0:0:0,V05C-edges.csv
TP07F484,00:D418:0:0:0,DIRECT_CALL,00:C285:0:0:0,V05C-dynamic-proofs.csv
TP07F484,00:D41B:0:0:1,FALLTHROUGH,00:D41E:0:0:1,V05C-edges.csv
TP07F484,00:D41E:0:0:1,FALLTHROUGH,00:D421:0:0:1,V05C-edges.csv
TP07F484,00:D421:0:0:1,FALLTHROUGH,00:D423:0:0:1,V05C-edges.csv
TP07F484,00:D423:0:0:1,FALLTHROUGH,00:D425:0:0:1,V05C-edges.csv
TP07F484,00:D425:0:0:1,DIRECT_CALL,00:C349:0:0:1,V05C-dynamic-proofs.csv
TP07F484,00:D428:0:0:1,FALLTHROUGH,00:D42B:0:0:1,V05C-edges.csv
TP07F484,00:D42B:0:0:1,FALLTHROUGH,00:D42E:0:0:1,V05C-edges.csv
TP07F484,00:D42E:0:0:1,FALLTHROUGH_STATUS,00:D430:0:1:1,V05C-edges.csv
TP07F484,00:D430:0:1:1,FALLTHROUGH,00:D432:0:1:1,V05C-edges.csv
TP07F484,00:D432:0:1:1,FALLTHROUGH,00:D434:0:1:1,V05C-edges.csv
TP07F484,00:D434:0:1:1,BRANCH_NOT_TAKEN,00:D436:0:1:1,V05C-edges.csv
TP07F484,00:D434:0:1:1,BRANCH_TAKEN,00:D441:0:1:1,V05C-edges.csv
TP07F484,00:D436:0:1:1,FALLTHROUGH,00:D438:0:1:1,V05C-edges.csv
TP07F484,00:D438:0:1:1,FALLTHROUGH,00:D43A:0:1:1,V05C-edges.csv
TP07F484,00:D43A:0:1:1,FALLTHROUGH,00:D43C:0:1:1,V05C-edges.csv
TP07F484,00:D43C:0:1:1,BRANCH_NOT_TAKEN,00:D43E:0:1:1,V05C-edges.csv
TP07F484,00:D43C:0:1:1,BRANCH_TAKEN,00:D441:0:1:1,V05C-edges.csv
TP07F484,00:D43E:0:1:1,BRANCH_ALWAYS,00:D63A:0:1:1,V05C-edges.csv
TP07F484,00:D441:0:1:1,FALLTHROUGH_STATUS,00:D443:0:0:0,V05C-edges.csv
TP07F484,00:D443:0:0:0,FALLTHROUGH,00:D446:0:0:0,V05C-edges.csv
TP07F484,00:D446:0:0:0,FALLTHROUGH,00:D449:0:0:0,V05C-edges.csv
TP07F484,00:D449:0:0:0,FALLTHROUGH,00:D44A:0:0:0,V05C-edges.csv
TP07F484,00:D44A:0:0:0,FALLTHROUGH,00:D44B:0:0:0,V05C-edges.csv
TP07F484,00:D44B:0:0:0,FALLTHROUGH,00:D44C:0:0:0,V05C-edges.csv
TP07F484,00:D44C:0:0:0,FALLTHROUGH,00:D44D:0:0:0,V05C-edges.csv
TP07F484,00:D44D:0:0:0,FALLTHROUGH,00:D44E:0:0:0,V05C-edges.csv
TP07F484,00:D44E:0:0:0,FALLTHROUGH,00:D452:0:0:0,V05C-edges.csv
TP07F484,00:D452:0:0:0,FALLTHROUGH,00:D453:0:0:0,V05C-edges.csv
TP07F484,00:D453:0:0:0,FALLTHROUGH,00:D454:0:0:0,V05C-edges.csv
TP07F484,00:D454:0:0:0,FALLTHROUGH,00:D455:0:0:0,V05C-edges.csv
TP07F484,00:D455:0:0:0,FALLTHROUGH,00:D456:0:0:0,V05C-edges.csv
TP07F484,00:D456:0:0:0,FALLTHROUGH,00:D457:0:0:0,V05C-edges.csv
TP07F484,00:D457:0:0:0,FALLTHROUGH,00:D458:0:0:0,V05C-edges.csv
TP07F484,00:D458:0:0:0,FALLTHROUGH,00:D45B:0:0:0,V05C-edges.csv
TP07F484,00:D45B:0:0:0,FALLTHROUGH,00:D45E:0:0:0,V05C-edges.csv
TP07F484,00:D45E:0:0:0,FALLTHROUGH_STATUS,00:D460:0:1:1,V05C-edges.csv
TP07F484,00:D460:0:1:1,FALLTHROUGH,00:D463:0:1:1,V05C-edges.csv
TP07F484,00:D463:0:1:1,FALLTHROUGH,00:D466:0:1:1,V05C-edges.csv
TP07F484,00:D466:0:1:1,FALLTHROUGH_STATUS,00:D468:0:0:0,V05C-edges.csv
TP07F484,00:D468:0:0:0,FALLTHROUGH,00:D46B:0:0:0,V05C-edges.csv
TP07F484,00:D46B:0:0:0,FALLTHROUGH,00:D46E:0:0:0,V05C-edges.csv
TP07F484,00:D46E:0:0:0,FALLTHROUGH,00:D470:0:0:0,V05C-edges.csv
TP07F484,00:D470:0:0:0,DIRECT_CALL,00:C285:0:0:0,V05C-dynamic-proofs.csv
TP07F484,00:D473:0:0:1,FALLTHROUGH,00:D476:0:0:1,V05C-edges.csv
TP07F484,00:D476:0:0:1,FALLTHROUGH,00:D479:0:0:1,V05C-edges.csv
TP07F484,00:D479:0:0:1,FALLTHROUGH,00:D47C:0:0:1,V05C-edges.csv
TP07F484,00:D47C:0:0:1,FALLTHROUGH,00:D47F:0:0:1,V05C-edges.csv
TP07F484,00:D47F:0:0:1,BRANCH_NOT_TAKEN,00:D481:0:0:1,V05C-edges.csv
TP07F484,00:D47F:0:0:1,BRANCH_TAKEN,00:D4A7:0:0:1,V05C-edges.csv
TP07F484,00:D481:0:0:1,BRANCH_NOT_TAKEN,00:D483:0:0:1,V05C-edges.csv
TP07F484,00:D481:0:0:1,BRANCH_TAKEN,00:D4A7:0:0:1,V05C-edges.csv
TP07F484,00:D483:0:0:1,FALLTHROUGH_STATUS,00:D485:0:1:1,V05C-edges.csv
TP07F484,00:D485:0:1:1,FALLTHROUGH,00:D487:0:1:1,V05C-edges.csv
TP07F484,00:D487:0:1:1,FALLTHROUGH,00:D489:0:1:1,V05C-edges.csv
TP07F484,00:D489:0:1:1,FALLTHROUGH,00:D48B:0:1:1,V05C-edges.csv
TP07F484,00:D48B:0:1:1,BRANCH_NOT_TAKEN,00:D48D:0:1:1,V05C-edges.csv
TP07F484,00:D48B:0:1:1,BRANCH_TAKEN,00:D490:0:1:1,V05C-edges.csv
TP07F484,00:D48D:0:1:1,BRANCH_ALWAYS,00:D495:0:1:1,V05C-edges.csv
TP07F484,00:D490:0:1:1,FALLTHROUGH_STATUS,00:D492:0:0:0,V05C-edges.csv
TP07F484,00:D492:0:0:0,FALLTHROUGH,00:D495:0:0:0,V05C-edges.csv
TP07F484,00:D495:0:0:0,FALLTHROUGH_STATUS,00:D497:0:0:0,V05C-edges.csv
TP07F484,00:D495:0:1:1,FALLTHROUGH_STATUS,00:D497:0:0:0,V05C-edges.csv
TP07F484,00:D497:0:0:0,FALLTHROUGH,00:D49A:0:0:0,V05C-edges.csv
TP07F484,00:D49A:0:0:0,FALLTHROUGH,00:D49C:0:0:0,V05C-edges.csv
TP07F484,00:D49C:0:0:0,DIRECT_CALL,00:C285:0:0:0,V05C-dynamic-proofs.csv
TP07F484,00:D49F:0:0:1,FALLTHROUGH,00:D4A2:0:0:1,V05C-edges.csv
TP07F484,00:D4A2:0:0:1,FALLTHROUGH,00:D4A5:0:0:1,V05C-edges.csv
TP07F484,00:D4A5:0:0:1,BRANCH_ALWAYS,00:D479:0:0:1,V05C-edges.csv
TP07F484,00:D4A7:0:0:1,FALLTHROUGH_STATUS,00:D4A9:0:1:1,V05C-edges.csv
TP07F484,00:D4A9:0:1:1,FALLTHROUGH,00:D4AB:0:1:1,V05C-edges.csv
TP07F484,00:D4AB:0:1:1,FALLTHROUGH,00:D4AD:0:1:1,V05C-edges.csv
TP07F484,00:D4AD:0:1:1,FALLTHROUGH,00:D4AF:0:1:1,V05C-edges.csv
TP07F484,00:D4AF:0:1:1,BRANCH_NOT_TAKEN,00:D4B1:0:1:1,V05C-edges.csv
TP07F484,00:D4AF:0:1:1,BRANCH_TAKEN,00:D4BD:0:1:1,V05C-edges.csv
TP07F484,00:D4B1:0:1:1,FALLTHROUGH_STATUS,00:D4B3:0:0:0,V05C-edges.csv
TP07F484,00:D4B3:0:0:0,FALLTHROUGH,00:D4B6:0:0:0,V05C-edges.csv
TP07F484,00:D4B6:0:0:0,BRANCH_NOT_TAKEN,00:D4B8:0:0:0,V05C-edges.csv
TP07F484,00:D4B6:0:0:0,BRANCH_TAKEN,00:D4CA:0:0:0,V05C-edges.csv
TP07F484,00:D4B8:0:0:0,BRANCH_NOT_TAKEN,00:D4BA:0:0:0,V05C-edges.csv
TP07F484,00:D4BA:0:0:0,BRANCH_ALWAYS,00:D638:0:0:0,V05C-edges.csv
TP07F484,00:D4BD:0:1:1,FALLTHROUGH_STATUS,00:D4BF:0:0:0,V05C-edges.csv
TP07F484,00:D4BF:0:0:0,FALLTHROUGH,00:D4C2:0:0:0,V05C-edges.csv
TP07F484,00:D4C2:0:0:0,FALLTHROUGH,00:D4C5:0:0:0,V05C-edges.csv
TP07F484,00:D4C5:0:0:0,BRANCH_NOT_TAKEN,00:D4C7:0:0:0,V05C-edges.csv
TP07F484,00:D4C5:0:0:0,BRANCH_TAKEN,00:D4CA:0:0:0,V05C-edges.csv
TP07F484,00:D4C7:0:0:0,DIRECT_JUMP,00:D638:0:0:0,V05C-edges.csv
TP07F484,00:D4CA:0:0:0,FALLTHROUGH_STATUS,00:D4CC:0:0:1,V05C-edges.csv
TP07F484,00:D4CC:0:0:1,FALLTHROUGH_STATUS,00:D4CE:0:0:1,V05C-edges.csv
TP07F484,00:D4CE:0:0:1,FALLTHROUGH,00:D4D1:0:0:1,V05C-edges.csv
TP07F484,00:D4D1:0:0:1,FALLTHROUGH,00:D4D4:0:0:1,V05C-edges.csv
TP07F484,00:D4D4:0:0:1,FALLTHROUGH,00:D4D7:0:0:1,V05C-edges.csv
TP07F484,00:D4D7:0:0:1,FALLTHROUGH,00:D4DA:0:0:1,V05C-edges.csv
TP07F484,00:D4DA:0:0:1,FALLTHROUGH,00:D4DD:0:0:1,V05C-edges.csv
TP07F484,00:D4DD:0:0:1,FALLTHROUGH,00:D4E0:0:0:1,V05C-edges.csv
TP07F484,00:D4E0:0:0:1,FALLTHROUGH,00:D4E3:0:0:1,V05C-edges.csv
TP07F484,00:D4E3:0:0:1,FALLTHROUGH,00:D4E6:0:0:1,V05C-edges.csv
TP07F484,00:D4E6:0:0:1,DIRECT_CALL,07:F334:0:0:1,V05C-dynamic-proofs.csv
TP07F484,00:D4EA:0:0:1,FALLTHROUGH_STATUS,00:D4EC:0:0:0,V05C-edges.csv
TP07F484,00:D4EC:0:0:0,FALLTHROUGH,00:D4EF:0:0:0,V05C-edges.csv
TP07F484,00:D4EF:0:0:0,BRANCH_NOT_TAKEN,00:D4F1:0:0:0,V05C-edges.csv
TP07F484,00:D4EF:0:0:0,BRANCH_TAKEN,00:D4F4:0:0:0,V05C-edges.csv
TP07F484,00:D4F1:0:0:0,BRANCH_ALWAYS,00:D638:0:0:0,V05C-edges.csv
TP07F484,00:D4F4:0:0:0,FALLTHROUGH_STATUS,00:D4F6:0:0:1,V05C-edges.csv
TP07F484,00:D4F6:0:0:1,FALLTHROUGH_STATUS,00:D4F8:0:0:1,V05C-edges.csv
TP07F484,00:D4F8:0:0:1,FALLTHROUGH,00:D4FA:0:0:1,V05C-edges.csv
TP07F484,00:D4FA:0:0:1,FALLTHROUGH,00:D4FC:0:0:1,V05C-edges.csv
TP07F484,00:D4FC:0:0:1,FALLTHROUGH,00:D4FF:0:0:1,V05C-edges.csv
TP07F484,00:D4FF:0:0:1,FALLTHROUGH,00:D500:0:0:1,V05C-edges.csv
TP07F484,00:D500:0:0:1,FALLTHROUGH,00:D503:0:0:1,V05C-edges.csv
TP07F484,00:D503:0:0:1,FALLTHROUGH,00:D506:0:0:1,V05C-edges.csv
TP07F484,00:D506:0:0:1,BRANCH_NOT_TAKEN,00:D508:0:0:1,V05C-edges.csv
TP07F484,00:D506:0:0:1,BRANCH_TAKEN,00:D524:0:0:1,V05C-edges.csv
TP07F484,00:D508:0:0:1,FALLTHROUGH,00:D50A:0:0:1,V05C-edges.csv
TP07F484,00:D50A:0:0:1,BRANCH_NOT_TAKEN,00:D50C:0:0:1,V05C-edges.csv
TP07F484,00:D50A:0:0:1,BRANCH_TAKEN,00:D524:0:0:1,V05C-edges.csv
TP07F484,00:D50C:0:0:1,FALLTHROUGH,00:D50F:0:0:1,V05C-edges.csv
TP07F484,00:D50F:0:0:1,FALLTHROUGH,00:D512:0:0:1,V05C-edges.csv
TP07F484,00:D512:0:0:1,FALLTHROUGH,00:D513:0:0:1,V05C-edges.csv
TP07F484,00:D513:0:0:1,FALLTHROUGH,00:D514:0:0:1,V05C-edges.csv
TP07F484,00:D514:0:0:1,FALLTHROUGH,00:D515:0:0:1,V05C-edges.csv
TP07F484,00:D515:0:0:1,FALLTHROUGH,00:D516:0:0:1,V05C-edges.csv
TP07F484,00:D516:0:0:1,FALLTHROUGH,00:D517:0:0:1,V05C-edges.csv
TP07F484,00:D517:0:0:1,FALLTHROUGH,00:D518:0:0:1,V05C-edges.csv
TP07F484,00:D518:0:0:1,FALLTHROUGH,00:D519:0:0:1,V05C-edges.csv
TP07F484,00:D519:0:0:1,FALLTHROUGH,00:D51A:0:0:1,V05C-edges.csv
TP07F484,00:D51A:0:0:1,FALLTHROUGH_STATUS,00:D51C:0:0:0,V05C-edges.csv
TP07F484,00:D51C:0:0:0,FALLTHROUGH,00:D51F:0:0:0,V05C-edges.csv
TP07F484,00:D51F:0:0:0,FALLTHROUGH,00:D522:0:0:0,V05C-edges.csv
TP07F484,00:D522:0:0:0,BRANCH_ALWAYS,00:D52A:0:0:0,V05C-edges.csv
TP07F484,00:D524:0:0:1,FALLTHROUGH_STATUS,00:D526:0:0:0,V05C-edges.csv
TP07F484,00:D526:0:0:0,FALLTHROUGH,00:D529:0:0:0,V05C-edges.csv
TP07F484,00:D529:0:0:0,FALLTHROUGH,00:D52A:0:0:0,V05C-edges.csv
TP07F484,00:D52A:0:0:0,FALLTHROUGH,00:D52B:0:0:0,V05C-edges.csv
TP07F484,00:D52B:0:0:0,FALLTHROUGH,00:D52E:0:0:0,V05C-edges.csv
TP07F484,00:D52E:0:0:0,FALLTHROUGH,00:D531:0:0:0,V05C-edges.csv
TP07F484,00:D531:0:0:0,BRANCH_NOT_TAKEN,00:D533:0:0:0,V05C-edges.csv
TP07F484,00:D531:0:0:0,BRANCH_TAKEN,00:D536:0:0:0,V05C-edges.csv
TP07F484,00:D533:0:0:0,DIRECT_JUMP,00:D638:0:0:0,V05C-edges.csv
TP07F484,00:D536:0:0:0,BRANCH_NOT_TAKEN,00:D538:0:0:0,V05C-edges.csv
TP07F484,00:D536:0:0:0,BRANCH_TAKEN,00:D53B:0:0:0,V05C-edges.csv
TP07F484,00:D538:0:0:0,BRANCH_ALWAYS,00:D638:0:0:0,V05C-edges.csv
TP07F484,00:D53B:0:0:0,FALLTHROUGH_STATUS,00:D53D:0:0:1,V05C-edges.csv
TP07F484,00:D53D:0:0:1,FALLTHROUGH_STATUS,00:D53F:0:0:1,V05C-edges.csv
TP07F484,00:D53F:0:0:1,FALLTHROUGH,00:D541:0:0:1,V05C-edges.csv
TP07F484,00:D541:0:0:1,FALLTHROUGH,00:D543:0:0:1,V05C-edges.csv
TP07F484,00:D543:0:0:1,FALLTHROUGH,00:D546:0:0:1,V05C-edges.csv
TP07F484,00:D546:0:0:1,FALLTHROUGH,00:D549:0:0:1,V05C-edges.csv
TP07F484,00:D549:0:0:1,FALLTHROUGH,00:D54B:0:0:1,V05C-edges.csv
TP07F484,00:D54B:0:0:1,FALLTHROUGH,00:D54D:0:0:1,V05C-edges.csv
TP07F484,00:D54D:0:0:1,FALLTHROUGH,00:D550:0:0:1,V05C-edges.csv
TP07F484,00:D550:0:0:1,FALLTHROUGH,00:D553:0:0:1,V05C-edges.csv
TP07F484,00:D553:0:0:1,FALLTHROUGH,00:D556:0:0:1,V05C-edges.csv
TP07F484,00:D556:0:0:1,FALLTHROUGH,00:D558:0:0:1,V05C-edges.csv
TP07F484,00:D558:0:0:1,FALLTHROUGH_STATUS,00:D55A:0:1:1,V05C-edges.csv
TP07F484,00:D55A:0:1:1,FALLTHROUGH,00:D55D:0:1:1,V05C-edges.csv
TP07F484,00:D55D:0:1:1,FALLTHROUGH,00:D55E:0:1:1,V05C-edges.csv
TP07F484,00:D55E:0:1:1,FALLTHROUGH,00:D561:0:1:1,V05C-edges.csv
TP07F484,00:D561:0:1:1,FALLTHROUGH,00:D564:0:1:1,V05C-edges.csv
TP07F484,00:D564:0:1:1,FALLTHROUGH_STATUS,00:D566:0:1:1,V05C-edges.csv
TP07F484,00:D566:0:1:1,FALLTHROUGH_STATUS,00:D568:0:0:1,V05C-edges.csv
TP07F484,00:D568:0:0:1,FALLTHROUGH,00:D56B:0:0:1,V05C-edges.csv
TP07F484,00:D56B:0:0:1,FALLTHROUGH,00:D56E:0:0:1,V05C-edges.csv
TP07F484,00:D56E:0:0:1,FALLTHROUGH,00:D56F:0:0:1,V05C-edges.csv
TP07F484,00:D56F:0:0:1,FALLTHROUGH,00:D572:0:0:1,V05C-edges.csv
TP07F484,00:D572:0:0:1,FALLTHROUGH_STATUS,00:D574:0:0:0,V05C-edges.csv
TP07F484,00:D574:0:0:0,FALLTHROUGH,00:D577:0:0:0,V05C-edges.csv
TP07F484,00:D577:0:0:0,FALLTHROUGH,00:D579:0:0:0,V05C-edges.csv
TP07F484,00:D579:0:0:0,FALLTHROUGH_STATUS,00:D57B:0:0:0,V05C-edges.csv
TP07F484,00:D57B:0:0:0,FALLTHROUGH,00:D57E:0:0:0,V05C-edges.csv
TP07F484,00:D57E:0:0:0,DIRECT_CALL,00:C2B6:0:0:0,V05C-dynamic-proofs.csv
TP07F484,00:D581:0:0:0,FALLTHROUGH,00:D584:0:0:0,V05C-edges.csv
TP07F484,00:D584:0:0:0,FALLTHROUGH,00:D586:0:0:0,V05C-edges.csv
TP07F484,00:D586:0:0:0,FALLTHROUGH_STATUS,00:D588:0:1:1,V05C-edges.csv
TP07F484,00:D588:0:1:1,FALLTHROUGH,00:D58A:0:1:1,V05C-edges.csv
TP07F484,00:D58A:0:1:1,FALLTHROUGH,00:D58C:0:1:1,V05C-edges.csv
TP07F484,00:D58C:0:1:1,FALLTHROUGH,00:D58E:0:1:1,V05C-edges.csv
TP07F484,00:D58E:0:1:1,FALLTHROUGH,00:D590:0:1:1,V05C-edges.csv
TP07F484,00:D590:0:1:1,FALLTHROUGH,00:D592:0:1:1,V05C-edges.csv
TP07F484,00:D592:0:1:1,FALLTHROUGH,00:D594:0:1:1,V05C-edges.csv
TP07F484,00:D594:0:1:1,FALLTHROUGH,00:D596:0:1:1,V05C-edges.csv
TP07F484,00:D596:0:1:1,FALLTHROUGH,00:D598:0:1:1,V05C-edges.csv
TP07F484,00:D598:0:1:1,FALLTHROUGH,00:D59A:0:1:1,V05C-edges.csv
TP07F484,00:D59A:0:1:1,FALLTHROUGH,00:D59C:0:1:1,V05C-edges.csv
TP07F484,00:D59C:0:1:1,FALLTHROUGH,00:D59E:0:1:1,V05C-edges.csv
TP07F484,00:D59E:0:1:1,FALLTHROUGH,00:D5A0:0:1:1,V05C-edges.csv
TP07F484,00:D5A0:0:1:1,FALLTHROUGH,00:D5A3:0:1:1,V05C-edges.csv
TP07F484,00:D5A3:0:1:1,FALLTHROUGH,00:D5A5:0:1:1,V05C-edges.csv
TP07F484,00:D5A5:0:1:1,FALLTHROUGH_STATUS,00:D5A7:0:1:1,V05C-edges.csv
TP07F484,00:D5A7:0:1:1,FALLTHROUGH_STATUS,00:D5A9:0:0:1,V05C-edges.csv
TP07F484,00:D5A9:0:0:1,FALLTHROUGH,00:D5AB:0:0:1,V05C-edges.csv
TP07F484,00:D5AB:0:0:1,FALLTHROUGH,00:D5AD:0:0:1,V05C-edges.csv
TP07F484,00:D5AD:0:0:1,DIRECT_CALL,00:C350:0:0:1,V05C-dynamic-proofs.csv
TP07F484,00:D5B1:0:0:1,FALLTHROUGH,00:D5B4:0:0:1,V05C-edges.csv
TP07F484,00:D5B4:0:0:1,FALLTHROUGH,00:D5B7:0:0:1,V05C-edges.csv
TP07F484,00:D5B7:0:0:1,FALLTHROUGH_STATUS,00:D5B9:0:1:1,V05C-edges.csv
TP07F484,00:D5B9:0:1:1,FALLTHROUGH,00:D5BB:0:1:1,V05C-edges.csv
TP07F484,00:D5BB:0:1:1,FALLTHROUGH,00:D5BD:0:1:1,V05C-edges.csv
TP07F484,00:D5BD:0:1:1,BRANCH_NOT_TAKEN,00:D5BF:0:1:1,V05C-edges.csv
TP07F484,00:D5BD:0:1:1,BRANCH_TAKEN,00:D5CC:0:1:1,V05C-edges.csv
TP07F484,00:D5BF:0:1:1,FALLTHROUGH_STATUS,00:D5C1:0:0:0,V05C-edges.csv
TP07F484,00:D5C1:0:0:0,FALLTHROUGH,00:D5C4:0:0:0,V05C-edges.csv
TP07F484,00:D5C4:0:0:0,FALLTHROUGH,00:D5C7:0:0:0,V05C-edges.csv
TP07F484,00:D5C7:0:0:0,FALLTHROUGH,00:D5C8:0:0:0,V05C-edges.csv
TP07F484,00:D5C8:0:0:0,FALLTHROUGH,00:D5CA:0:0:0,V05C-edges.csv
TP07F484,00:D5CA:0:0:0,BRANCH_ALWAYS,00:D5DB:0:0:0,V05C-edges.csv
TP07F484,00:D5CC:0:1:1,FALLTHROUGH_STATUS,00:D5CE:0:0:0,V05C-edges.csv
TP07F484,00:D5CE:0:0:0,FALLTHROUGH,00:D5D1:0:0:0,V05C-edges.csv
TP07F484,00:D5D1:0:0:0,FALLTHROUGH,00:D5D4:0:0:0,V05C-edges.csv
TP07F484,00:D5D4:0:0:0,FALLTHROUGH,00:D5D5:0:0:0,V05C-edges.csv
TP07F484,00:D5D5:0:0:0,FALLTHROUGH,00:D5D6:0:0:0,V05C-edges.csv
TP07F484,00:D5D6:0:0:0,FALLTHROUGH,00:D5D9:0:0:0,V05C-edges.csv
TP07F484,00:D5D9:0:0:0,FALLTHROUGH,00:D5DB:0:0:0,V05C-edges.csv
TP07F484,00:D5DB:0:0:0,FALLTHROUGH_STATUS,00:D5DD:0:1:1,V05C-edges.csv
TP07F484,00:D5DD:0:1:1,FALLTHROUGH,00:D5E0:0:1:1,V05C-edges.csv
TP07F484,00:D5E0:0:1:1,FALLTHROUGH,00:D5E3:0:1:1,V05C-edges.csv
TP07F484,00:D5E3:0:1:1,BRANCH_NOT_TAKEN,00:D5E5:0:1:1,V05C-edges.csv
TP07F484,00:D5E3:0:1:1,BRANCH_TAKEN,00:D630:0:1:1,V05C-edges.csv
TP07F484,00:D5E5:0:1:1,FALLTHROUGH,00:D5E7:0:1:1,V05C-edges.csv
TP07F484,00:D5E7:0:1:1,FALLTHROUGH,00:D5EA:0:1:1,V05C-edges.csv
TP07F484,00:D5EA:0:1:1,FALLTHROUGH,00:D5EC:0:1:1,V05C-edges.csv
TP07F484,00:D5EC:0:1:1,FALLTHROUGH_STATUS,00:D5EE:0:0:0,V05C-edges.csv
TP07F484,00:D5EE:0:0:0,FALLTHROUGH,00:D5F1:0:0:0,V05C-edges.csv
TP07F484,00:D5F1:0:0:0,FALLTHROUGH,00:D5F3:0:0:0,V05C-edges.csv
TP07F484,00:D5F3:0:0:0,FALLTHROUGH,00:D5F6:0:0:0,V05C-edges.csv
TP07F484,00:D5F6:0:0:0,FALLTHROUGH,00:D5F7:0:0:0,V05C-edges.csv
TP07F484,00:D5F7:0:0:0,FALLTHROUGH,00:D5F8:0:0:0,V05C-edges.csv
TP07F484,00:D5F8:0:0:0,FALLTHROUGH,00:D5FB:0:0:0,V05C-edges.csv
TP07F484,00:D5FB:0:0:0,DIRECT_CALL,04:80A7:0:0:0,V05C-dynamic-proofs.csv
TP07F484,00:D5FF:0:0:0,FALLTHROUGH,00:D600:0:0:0,V05C-edges.csv
TP07F484,00:D600:0:0:0,FALLTHROUGH,00:D603:0:0:0,V05C-edges.csv
TP07F484,00:D603:0:0:0,FALLTHROUGH,00:D606:0:0:0,V05C-edges.csv
TP07F484,00:D606:0:0:0,FALLTHROUGH,00:D607:0:0:0,V05C-edges.csv
TP07F484,00:D607:0:0:0,FALLTHROUGH,00:D608:0:0:0,V05C-edges.csv
TP07F484,00:D608:0:0:0,FALLTHROUGH,00:D60B:0:0:0,V05C-edges.csv
TP07F484,00:D60B:0:0:0,FALLTHROUGH,00:D60E:0:0:0,V05C-edges.csv
TP07F484,00:D60E:0:0:0,FALLTHROUGH,00:D60F:0:0:0,V05C-edges.csv
TP07F484,00:D60F:0:0:0,FALLTHROUGH,00:D613:0:0:0,V05C-edges.csv
TP07F484,00:D613:0:0:0,FALLTHROUGH,00:D616:0:0:0,V05C-edges.csv
TP07F484,00:D616:0:0:0,FALLTHROUGH,00:D619:0:0:0,V05C-edges.csv
TP07F484,00:D619:0:0:0,FALLTHROUGH,00:D61B:0:0:0,V05C-edges.csv
TP07F484,00:D61B:0:0:0,FALLTHROUGH,00:D61E:0:0:0,V05C-edges.csv
TP07F484,00:D61E:0:0:0,FALLTHROUGH,00:D61F:0:0:0,V05C-edges.csv
TP07F484,00:D61F:0:0:0,FALLTHROUGH,00:D622:0:0:0,V05C-edges.csv
TP07F484,00:D622:0:0:0,FALLTHROUGH,00:D623:0:0:0,V05C-edges.csv
TP07F484,00:D623:0:0:0,FALLTHROUGH,00:D624:0:0:0,V05C-edges.csv
TP07F484,00:D624:0:0:0,FALLTHROUGH,00:D628:0:0:0,V05C-edges.csv
TP07F484,00:D628:0:0:0,FALLTHROUGH_STATUS,00:D62A:0:0:1,V05C-edges.csv
TP07F484,00:D62A:0:0:1,FALLTHROUGH_STATUS,00:D62C:0:0:1,V05C-edges.csv
TP07F484,00:D62C:0:0:1,FALLTHROUGH,00:D62E:0:0:1,V05C-edges.csv
TP07F484,00:D62E:0:0:1,FALLTHROUGH,00:D630:0:0:1,V05C-edges.csv
TP07F484,00:D630:0:0:1,FALLTHROUGH_STATUS,00:D632:0:0:0,V05C-edges.csv
TP07F484,00:D630:0:1:1,FALLTHROUGH_STATUS,00:D632:0:0:0,V05C-edges.csv
TP07F484,00:D632:0:0:0,FALLTHROUGH,00:D635:0:0:0,V05C-edges.csv
TP07F484,00:D635:0:0:0,BRANCH_ALWAYS,00:DCA3:0:0:0,V05C-edges.csv
TP07F484,00:D638:0:0:0,BRANCH_ALWAYS,00:D64C:0:0:0,V05C-edges.csv
TP07F484,00:D63A:0:1:1,FALLTHROUGH_STATUS,00:D63C:0:1:1,V05C-edges.csv
TP07F484,00:D63C:0:1:1,FALLTHROUGH,00:D63E:0:1:1,V05C-edges.csv
TP07F484,00:D63E:0:1:1,FALLTHROUGH,00:D640:0:1:1,V05C-edges.csv
TP07F484,00:D640:0:1:1,FALLTHROUGH,00:D642:0:1:1,V05C-edges.csv
TP07F484,00:D642:0:1:1,BRANCH_NOT_TAKEN,00:D644:0:1:1,V05C-edges.csv
TP07F484,00:D642:0:1:1,BRANCH_TAKEN,00:D646:0:1:1,V05C-edges.csv
TP07F484,00:D644:0:1:1,BRANCH_ALWAYS,00:D64C:0:1:1,V05C-edges.csv
TP07F484,00:D646:0:1:1,FALLTHROUGH,00:D648:0:1:1,V05C-edges.csv
TP07F484,00:D648:0:1:1,FALLTHROUGH,00:D64A:0:1:1,V05C-edges.csv
TP07F484,00:D64A:0:1:1,FALLTHROUGH,00:D64C:0:1:1,V05C-edges.csv
TP07F484,00:D64C:0:0:0,BRANCH_ALWAYS,00:D914:0:0:0,V05C-edges.csv
TP07F484,00:D64C:0:0:1,BRANCH_ALWAYS,00:D914:0:0:1,V05C-edges.csv
TP07F484,00:D64C:0:1:1,BRANCH_ALWAYS,00:D914:0:1:1,V05C-edges.csv
TP07F484,00:D64F:0:0:0,FALLTHROUGH,00:D652:0:0:0,V05C-edges.csv
TP07F484,00:D652:0:0:0,FALLTHROUGH,00:D655:0:0:0,V05C-edges.csv
TP07F484,00:D655:0:0:0,BRANCH_NOT_TAKEN,00:D657:0:0:0,V05C-edges.csv
TP07F484,00:D655:0:0:0,BRANCH_TAKEN,00:D65A:0:0:0,V05C-edges.csv
TP07F484,00:D657:0:0:0,BRANCH_ALWAYS,00:D775:0:0:0,V05C-edges.csv
TP07F484,00:D65A:0:0:0,FALLTHROUGH_STATUS,00:D65C:0:0:1,V05C-edges.csv
TP07F484,00:D65C:0:0:1,FALLTHROUGH_STATUS,00:D65E:0:0:1,V05C-edges.csv
TP07F484,00:D65E:0:0:1,FALLTHROUGH,00:D661:0:0:1,V05C-edges.csv
TP07F484,00:D661:0:0:1,FALLTHROUGH,00:D664:0:0:1,V05C-edges.csv
TP07F484,00:D664:0:0:1,FALLTHROUGH,00:D667:0:0:1,V05C-edges.csv
TP07F484,00:D667:0:0:1,FALLTHROUGH,00:D66A:0:0:1,V05C-edges.csv
TP07F484,00:D66A:0:0:1,FALLTHROUGH,00:D66D:0:0:1,V05C-edges.csv
TP07F484,00:D66D:0:0:1,FALLTHROUGH,00:D670:0:0:1,V05C-edges.csv
TP07F484,00:D670:0:0:1,FALLTHROUGH,00:D673:0:0:1,V05C-edges.csv
TP07F484,00:D673:0:0:1,FALLTHROUGH_STATUS,00:D675:0:0:0,V05C-edges.csv
TP07F484,00:D675:0:0:0,FALLTHROUGH,00:D676:0:0:0,V05C-edges.csv
TP07F484,00:D676:0:0:0,FALLTHROUGH,00:D677:0:0:0,V05C-edges.csv
TP07F484,00:D677:0:0:0,FALLTHROUGH,00:D678:0:0:0,V05C-edges.csv
TP07F484,00:D678:0:0:0,FALLTHROUGH,00:D679:0:0:0,V05C-edges.csv
TP07F484,00:D679:0:0:0,FALLTHROUGH,00:D67D:0:0:0,V05C-edges.csv
TP07F484,00:D67D:0:0:0,FALLTHROUGH,00:D67E:0:0:0,V05C-edges.csv
TP07F484,00:D67E:0:0:0,FALLTHROUGH,00:D67F:0:0:0,V05C-edges.csv
TP07F484,00:D67F:0:0:0,FALLTHROUGH,00:D680:0:0:0,V05C-edges.csv
TP07F484,00:D680:0:0:0,FALLTHROUGH,00:D681:0:0:0,V05C-edges.csv
TP07F484,00:D681:0:0:0,FALLTHROUGH,00:D682:0:0:0,V05C-edges.csv
TP07F484,00:D682:0:0:0,FALLTHROUGH,00:D683:0:0:0,V05C-edges.csv
TP07F484,00:D683:0:0:0,FALLTHROUGH,00:D686:0:0:0,V05C-edges.csv
TP07F484,00:D686:0:0:0,FALLTHROUGH,00:D689:0:0:0,V05C-edges.csv
TP07F484,00:D689:0:0:0,DIRECT_CALL,00:E761:0:0:0,V05C-dynamic-proofs.csv
TP07F484,00:D68C:0:0:1,FALLTHROUGH_STATUS,00:D68E:0:0:0,V05C-edges.csv
TP07F484,00:D68E:0:0:0,FALLTHROUGH,00:D691:0:0:0,V05C-edges.csv
TP07F484,00:D691:0:0:0,BRANCH_NOT_TAKEN,00:D693:0:0:0,V05C-edges.csv
TP07F484,00:D691:0:0:0,BRANCH_TAKEN,00:D696:0:0:0,V05C-edges.csv
TP07F484,00:D693:0:0:0,BRANCH_ALWAYS,00:D772:0:0:0,V05C-edges.csv
TP07F484,00:D696:0:0:0,FALLTHROUGH_STATUS,00:D698:0:0:0,V05C-edges.csv
TP07F484,00:D698:0:0:0,FALLTHROUGH,00:D69B:0:0:0,V05C-edges.csv
TP07F484,00:D69B:0:0:0,FALLTHROUGH,00:D69E:0:0:0,V05C-edges.csv
TP07F484,00:D69E:0:0:0,FALLTHROUGH,00:D69F:0:0:0,V05C-edges.csv
TP07F484,00:D69F:0:0:0,FALLTHROUGH,00:D6A0:0:0:0,V05C-edges.csv
TP07F484,00:D6A0:0:0:0,FALLTHROUGH,00:D6A1:0:0:0,V05C-edges.csv
TP07F484,00:D6A1:0:0:0,FALLTHROUGH,00:D6A2:0:0:0,V05C-edges.csv
TP07F484,00:D6A2:0:0:0,FALLTHROUGH,00:D6A3:0:0:0,V05C-edges.csv
TP07F484,00:D6A3:0:0:0,FALLTHROUGH,00:D6A7:0:0:0,V05C-edges.csv
TP07F484,00:D6A7:0:0:0,FALLTHROUGH,00:D6A8:0:0:0,V05C-edges.csv
TP07F484,00:D6A8:0:0:0,FALLTHROUGH,00:D6A9:0:0:0,V05C-edges.csv
TP07F484,00:D6A9:0:0:0,FALLTHROUGH,00:D6AA:0:0:0,V05C-edges.csv
TP07F484,00:D6AA:0:0:0,FALLTHROUGH,00:D6AB:0:0:0,V05C-edges.csv
TP07F484,00:D6AB:0:0:0,FALLTHROUGH,00:D6AC:0:0:0,V05C-edges.csv
TP07F484,00:D6AC:0:0:0,FALLTHROUGH,00:D6AF:0:0:0,V05C-edges.csv
TP07F484,00:D6AF:0:0:0,FALLTHROUGH,00:D6B0:0:0:0,V05C-edges.csv
TP07F484,00:D6B0:0:0:0,FALLTHROUGH,00:D6B3:0:0:0,V05C-edges.csv
TP07F484,00:D6B3:0:0:0,FALLTHROUGH,00:D6B6:0:0:0,V05C-edges.csv
TP07F484,00:D6B6:0:0:0,FALLTHROUGH,00:D6B9:0:0:0,V05C-edges.csv
TP07F484,00:D6B9:0:0:0,FALLTHROUGH,00:D6BB:0:0:0,V05C-edges.csv
TP07F484,00:D6BB:0:0:0,FALLTHROUGH,00:D6BE:0:0:0,V05C-edges.csv
TP07F484,00:D6BE:0:0:0,DIRECT_CALL,00:C285:0:0:0,V05C-dynamic-proofs.csv
TP07F484,00:D6C1:0:0:1,FALLTHROUGH,00:D6C4:0:0:1,V05C-edges.csv
TP07F484,00:D6C4:0:0:1,FALLTHROUGH,00:D6C7:0:0:1,V05C-edges.csv
TP07F484,00:D6C7:0:0:1,FALLTHROUGH,00:D6CA:0:0:1,V05C-edges.csv
TP07F484,00:D6CA:0:0:1,FALLTHROUGH,00:D6CD:0:0:1,V05C-edges.csv
TP07F484,00:D6CD:0:0:1,BRANCH_NOT_TAKEN,00:D6CF:0:0:1,V05C-edges.csv
TP07F484,00:D6CD:0:0:1,BRANCH_TAKEN,00:D6ED:0:0:1,V05C-edges.csv
TP07F484,00:D6CF:0:0:1,BRANCH_NOT_TAKEN,00:D6D1:0:0:1,V05C-edges.csv
TP07F484,00:D6CF:0:0:1,BRANCH_TAKEN,00:D6ED:0:0:1,V05C-edges.csv
TP07F484,00:D6D1:0:0:1,FALLTHROUGH_STATUS,00:D6D3:0:1:1,V05C-edges.csv
TP07F484,00:D6D3:0:1:1,FALLTHROUGH,00:D6D5:0:1:1,V05C-edges.csv
TP07F484,00:D6D5:0:1:1,FALLTHROUGH,00:D6D7:0:1:1,V05C-edges.csv
TP07F484,00:D6D7:0:1:1,FALLTHROUGH,00:D6D9:0:1:1,V05C-edges.csv
TP07F484,00:D6D9:0:1:1,BRANCH_NOT_TAKEN,00:D6DB:0:1:1,V05C-edges.csv
TP07F484,00:D6D9:0:1:1,BRANCH_TAKEN,00:D6DB:0:1:1,V05C-edges.csv
TP07F484,00:D6DB:0:1:1,FALLTHROUGH_STATUS,00:D6DD:0:0:0,V05C-edges.csv
TP07F484,00:D6DD:0:0:0,FALLTHROUGH,00:D6E0:0:0:0,V05C-edges.csv
TP07F484,00:D6E0:0:0:0,FALLTHROUGH,00:D6E2:0:0:0,V05C-edges.csv
TP07F484,00:D6E2:0:0:0,DIRECT_CALL,00:C285:0:0:0,V05C-dynamic-proofs.csv
TP07F484,00:D6E5:0:0:1,FALLTHROUGH,00:D6E8:0:0:1,V05C-edges.csv
TP07F484,00:D6E8:0:0:1,FALLTHROUGH,00:D6EB:0:0:1,V05C-edges.csv
TP07F484,00:D6EB:0:0:1,BRANCH_ALWAYS,00:D6C7:0:0:1,V05C-edges.csv
TP07F484,00:D6ED:0:0:1,DIRECT_CALL,00:B185:0:0:1,V05C-dynamic-proofs.csv
TP07F484,00:D6F0:0:0:1,FALLTHROUGH_STATUS,00:D6F2:0:1:1,V05C-edges.csv
TP07F484,00:D6F2:0:1:1,FALLTHROUGH,00:D6F5:0:1:1,V05C-edges.csv
TP07F484,00:D6F5:0:1:1,FALLTHROUGH,00:D6F7:0:1:1,V05C-edges.csv
TP07F484,00:D6F7:0:1:1,FALLTHROUGH,00:D6F9:0:1:1,V05C-edges.csv
TP07F484,00:D6F9:0:1:1,BRANCH_NOT_TAKEN,00:D6FB:0:1:1,V05C-edges.csv
TP07F484,00:D6F9:0:1:1,BRANCH_TAKEN,00:D6FC:0:1:1,V05C-edges.csv
TP07F484,00:D6FB:0:1:1,FALLTHROUGH,00:D6FC:0:1:1,V05C-edges.csv
TP07F484,00:D6FC:0:1:1,FALLTHROUGH,00:D6FE:0:1:1,V05C-edges.csv
TP07F484,00:D6FE:0:1:1,FALLTHROUGH,00:D700:0:1:1,V05C-edges.csv
TP07F484,00:D700:0:1:1,FALLTHROUGH,00:D702:0:1:1,V05C-edges.csv
TP07F484,00:D702:0:1:1,FALLTHROUGH,00:D704:0:1:1,V05C-edges.csv
TP07F484,00:D704:0:1:1,FALLTHROUGH,00:D706:0:1:1,V05C-edges.csv
TP07F484,00:D706:0:1:1,FALLTHROUGH,00:D708:0:1:1,V05C-edges.csv
TP07F484,00:D708:0:1:1,FALLTHROUGH,00:D70A:0:1:1,V05C-edges.csv
TP07F484,00:D70A:0:1:1,FALLTHROUGH,00:D70C:0:1:1,V05C-edges.csv
TP07F484,00:D70C:0:1:1,FALLTHROUGH,00:D70E:0:1:1,V05C-edges.csv
TP07F484,00:D70E:0:1:1,FALLTHROUGH,00:D711:0:1:1,V05C-edges.csv
TP07F484,00:D711:0:1:1,FALLTHROUGH,00:D714:0:1:1,V05C-edges.csv
TP07F484,00:D714:0:1:1,BRANCH_NOT_TAKEN,00:D716:0:1:1,V05C-edges.csv
TP07F484,00:D714:0:1:1,BRANCH_TAKEN,00:D75E:0:1:1,V05C-edges.csv
TP07F484,00:D716:0:1:1,FALLTHROUGH,00:D718:0:1:1,V05C-edges.csv
TP07F484,00:D718:0:1:1,FALLTHROUGH,00:D71A:0:1:1,V05C-edges.csv
TP07F484,00:D71A:0:1:1,FALLTHROUGH_STATUS,00:D71C:0:0:0,V05C-edges.csv
TP07F484,00:D71C:0:0:0,FALLTHROUGH,00:D71F:0:0:0,V05C-edges.csv
TP07F484,00:D71F:0:0:0,FALLTHROUGH,00:D721:0:0:0,V05C-edges.csv
TP07F484,00:D721:0:0:0,FALLTHROUGH,00:D724:0:0:0,V05C-edges.csv
TP07F484,00:D724:0:0:0,FALLTHROUGH,00:D725:0:0:0,V05C-edges.csv
TP07F484,00:D725:0:0:0,FALLTHROUGH,00:D726:0:0:0,V05C-edges.csv
TP07F484,00:D726:0:0:0,FALLTHROUGH,00:D729:0:0:0,V05C-edges.csv
TP07F484,00:D729:0:0:0,DIRECT_CALL,04:80A7:0:0:0,V05C-dynamic-proofs.csv
TP07F484,00:D72D:0:0:0,FALLTHROUGH,00:D72E:0:0:0,V05C-edges.csv
TP07F484,00:D72E:0:0:0,FALLTHROUGH,00:D731:0:0:0,V05C-edges.csv
TP07F484,00:D731:0:0:0,FALLTHROUGH,00:D734:0:0:0,V05C-edges.csv
TP07F484,00:D734:0:0:0,FALLTHROUGH,00:D735:0:0:0,V05C-edges.csv
TP07F484,00:D735:0:0:0,FALLTHROUGH,00:D736:0:0:0,V05C-edges.csv
TP07F484,00:D736:0:0:0,FALLTHROUGH,00:D739:0:0:0,V05C-edges.csv
TP07F484,00:D739:0:0:0,FALLTHROUGH,00:D73C:0:0:0,V05C-edges.csv
TP07F484,00:D73C:0:0:0,FALLTHROUGH,00:D73D:0:0:0,V05C-edges.csv
TP07F484,00:D73D:0:0:0,FALLTHROUGH,00:D741:0:0:0,V05C-edges.csv
TP07F484,00:D741:0:0:0,FALLTHROUGH,00:D744:0:0:0,V05C-edges.csv
TP07F484,00:D744:0:0:0,FALLTHROUGH,00:D747:0:0:0,V05C-edges.csv
TP07F484,00:D747:0:0:0,FALLTHROUGH,00:D749:0:0:0,V05C-edges.csv
TP07F484,00:D749:0:0:0,FALLTHROUGH,00:D74C:0:0:0,V05C-edges.csv
TP07F484,00:D74C:0:0:0,FALLTHROUGH,00:D74D:0:0:0,V05C-edges.csv
TP07F484,00:D74D:0:0:0,FALLTHROUGH,00:D750:0:0:0,V05C-edges.csv
TP07F484,00:D750:0:0:0,FALLTHROUGH,00:D751:0:0:0,V05C-edges.csv
TP07F484,00:D751:0:0:0,FALLTHROUGH,00:D752:0:0:0,V05C-edges.csv
TP07F484,00:D752:0:0:0,FALLTHROUGH,00:D756:0:0:0,V05C-edges.csv
TP07F484,00:D756:0:0:0,FALLTHROUGH_STATUS,00:D758:0:0:1,V05C-edges.csv
TP07F484,00:D758:0:0:1,FALLTHROUGH_STATUS,00:D75A:0:0:1,V05C-edges.csv
TP07F484,00:D75A:0:0:1,FALLTHROUGH,00:D75C:0:0:1,V05C-edges.csv
TP07F484,00:D75C:0:0:1,FALLTHROUGH,00:D75E:0:0:1,V05C-edges.csv
TP07F484,00:D75E:0:0:1,FALLTHROUGH_STATUS,00:D760:0:1:1,V05C-edges.csv
TP07F484,00:D75E:0:1:1,FALLTHROUGH_STATUS,00:D760:0:1:1,V05C-edges.csv
TP07F484,00:D760:0:1:1,FALLTHROUGH,00:D762:0:1:1,V05C-edges.csv
TP07F484,00:D762:0:1:1,FALLTHROUGH,00:D764:0:1:1,V05C-edges.csv
TP07F484,00:D764:0:1:1,FALLTHROUGH,00:D766:0:1:1,V05C-edges.csv
TP07F484,00:D766:0:1:1,FALLTHROUGH,00:D768:0:1:1,V05C-edges.csv
TP07F484,00:D768:0:1:1,FALLTHROUGH,00:D76A:0:1:1,V05C-edges.csv
TP07F484,00:D76A:0:1:1,FALLTHROUGH_STATUS,00:D76C:0:0:0,V05C-edges.csv
TP07F484,00:D76C:0:0:0,FALLTHROUGH,00:D76F:0:0:0,V05C-edges.csv
TP07F484,00:D76F:0:0:0,BRANCH_ALWAYS,00:DCA3:0:0:0,V05C-edges.csv
TP07F484,00:D772:0:0:0,BRANCH_ALWAYS,00:D914:0:0:0,V05C-edges.csv
TP07F484,00:D775:0:0:0,FALLTHROUGH,00:D778:0:0:0,V05C-edges.csv
TP07F484,00:D778:0:0:0,FALLTHROUGH,00:D77B:0:0:0,V05C-edges.csv
TP07F484,00:D77B:0:0:0,BRANCH_NOT_TAKEN,00:D77D:0:0:0,V05C-edges.csv
TP07F484,00:D77B:0:0:0,BRANCH_TAKEN,00:D780:0:0:0,V05C-edges.csv
TP07F484,00:D77D:0:0:0,BRANCH_ALWAYS,00:D809:0:0:0,V05C-edges.csv
TP07F484,00:D780:0:0:0,FALLTHROUGH,00:D783:0:0:0,V05C-edges.csv
TP07F484,00:D783:0:0:0,FALLTHROUGH,00:D786:0:0:0,V05C-edges.csv
TP07F484,00:D786:0:0:0,FALLTHROUGH,00:D787:0:0:0,V05C-edges.csv
TP07F484,00:D787:0:0:0,FALLTHROUGH,00:D788:0:0:0,V05C-edges.csv
TP07F484,00:D788:0:0:0,FALLTHROUGH,00:D789:0:0:0,V05C-edges.csv
TP07F484,00:D789:0:0:0,FALLTHROUGH,00:D78A:0:0:0,V05C-edges.csv
TP07F484,00:D78A:0:0:0,FALLTHROUGH,00:D78B:0:0:0,V05C-edges.csv
TP07F484,00:D78B:0:0:0,FALLTHROUGH,00:D78F:0:0:0,V05C-edges.csv
TP07F484,00:D78F:0:0:0,FALLTHROUGH,00:D790:0:0:0,V05C-edges.csv
TP07F484,00:D790:0:0:0,FALLTHROUGH,00:D791:0:0:0,V05C-edges.csv
TP07F484,00:D791:0:0:0,FALLTHROUGH,00:D792:0:0:0,V05C-edges.csv
TP07F484,00:D792:0:0:0,FALLTHROUGH,00:D793:0:0:0,V05C-edges.csv
TP07F484,00:D793:0:0:0,FALLTHROUGH,00:D794:0:0:0,V05C-edges.csv
TP07F484,00:D794:0:0:0,FALLTHROUGH,00:D795:0:0:0,V05C-edges.csv
TP07F484,00:D795:0:0:0,FALLTHROUGH,00:D798:0:0:0,V05C-edges.csv
TP07F484,00:D798:0:0:0,FALLTHROUGH,00:D79B:0:0:0,V05C-edges.csv
TP07F484,00:D79B:0:0:0,FALLTHROUGH,00:D79E:0:0:0,V05C-edges.csv
TP07F484,00:D79E:0:0:0,FALLTHROUGH,00:D7A1:0:0:0,V05C-edges.csv
TP07F484,00:D7A1:0:0:0,FALLTHROUGH_STATUS,00:D7A3:0:1:1,V05C-edges.csv
TP07F484,00:D7A3:0:1:1,FALLTHROUGH,00:D7A6:0:1:1,V05C-edges.csv
TP07F484,00:D7A6:0:1:1,FALLTHROUGH,00:D7A9:0:1:1,V05C-edges.csv
TP07F484,00:D7A9:0:1:1,DIRECT_CALL,00:A82F:0:1:1,V05C-dynamic-proofs.csv
TP07F484,00:D7AD:0:0:1,FALLTHROUGH_STATUS,00:D7AF:0:0:1,V05C-edges.csv
TP07F484,00:D7AF:0:0:1,FALLTHROUGH_STATUS,00:D7B1:0:0:1,V05C-edges.csv
TP07F484,00:D7B1:0:0:1,FALLTHROUGH,00:D7B4:0:0:1,V05C-edges.csv
TP07F484,00:D7B4:0:0:1,FALLTHROUGH,00:D7B7:0:0:1,V05C-edges.csv
TP07F484,00:D7B7:0:0:1,FALLTHROUGH,00:D7BA:0:0:1,V05C-edges.csv
TP07F484,00:D7BA:0:0:1,FALLTHROUGH,00:D7BD:0:0:1,V05C-edges.csv
TP07F484,00:D7BD:0:0:1,FALLTHROUGH,00:D7C0:0:0:1,V05C-edges.csv
TP07F484,00:D7C0:0:0:1,BRANCH_NOT_TAKEN,00:D7C2:0:0:1,V05C-edges.csv
TP07F484,00:D7C0:0:0:1,BRANCH_TAKEN,00:D7C5:0:0:1,V05C-edges.csv
TP07F484,00:D7C2:0:0:1,BRANCH_ALWAYS,00:D914:0:0:1,V05C-edges.csv
TP07F484,00:D7C5:0:0:1,FALLTHROUGH_STATUS,00:D7C7:0:1:1,V05C-edges.csv
TP07F484,00:D7C7:0:1:1,FALLTHROUGH,00:D7C9:0:1:1,V05C-edges.csv
TP07F484,00:D7C9:0:1:1,FALLTHROUGH,00:D7CB:0:1:1,V05C-edges.csv
TP07F484,00:D7CB:0:1:1,FALLTHROUGH,00:D7CD:0:1:1,V05C-edges.csv
TP07F484,00:D7CD:0:1:1,BRANCH_NOT_TAKEN,00:D7CF:0:1:1,V05C-edges.csv
TP07F484,00:D7CD:0:1:1,BRANCH_TAKEN,00:D7D2:0:1:1,V05C-edges.csv
TP07F484,00:D7CF:0:1:1,BRANCH_ALWAYS,00:D914:0:1:1,V05C-edges.csv
TP07F484,00:D7D2:0:1:1,FALLTHROUGH_STATUS,00:D7D4:0:1:1,V05C-edges.csv
TP07F484,00:D7D4:0:1:1,FALLTHROUGH_STATUS,00:D7D6:0:0:1,V05C-edges.csv
TP07F484,00:D7D6:0:0:1,FALLTHROUGH,00:D7D8:0:0:1,V05C-edges.csv
TP07F484,00:D7D8:0:0:1,FALLTHROUGH,00:D7DA:0:0:1,V05C-edges.csv
TP07F484,00:D7DA:0:0:1,FALLTHROUGH,00:D7DB:0:0:1,V05C-edges.csv
TP07F484,00:D7DB:0:0:1,FALLTHROUGH_STATUS,00:D7DD:0:0:0,V05C-edges.csv
TP07F484,00:D7DD:0:0:0,FALLTHROUGH,00:D7DE:0:0:0,V05C-edges.csv
TP07F484,00:D7DE:0:0:0,FALLTHROUGH,00:D7DF:0:0:0,V05C-edges.csv
TP07F484,00:D7DF:0:0:0,FALLTHROUGH,00:D7E2:0:0:0,V05C-edges.csv
TP07F484,00:D7E2:0:0:0,DIRECT_CALL,04:80A7:0:0:0,V05C-dynamic-proofs.csv
TP07F484,00:D7E6:0:0:0,FALLTHROUGH,00:D7E7:0:0:0,V05C-edges.csv
TP07F484,00:D7E7:0:0:0,FALLTHROUGH_STATUS,00:D7E9:0:0:1,V05C-edges.csv
TP07F484,00:D7E9:0:0:1,FALLTHROUGH_STATUS,00:D7EB:0:0:1,V05C-edges.csv
TP07F484,00:D7EB:0:0:1,FALLTHROUGH,00:D7EE:0:0:1,V05C-edges.csv
TP07F484,00:D7EE:0:0:1,FALLTHROUGH,00:D7F1:0:0:1,V05C-edges.csv
TP07F484,00:D7F1:0:0:1,FALLTHROUGH,00:D7F3:0:0:1,V05C-edges.csv
TP07F484,00:D7F3:0:0:1,FALLTHROUGH,00:D7F6:0:0:1,V05C-edges.csv
TP07F484,00:D7F6:0:0:1,FALLTHROUGH,00:D7F9:0:0:1,V05C-edges.csv
TP07F484,00:D7F9:0:0:1,FALLTHROUGH,00:D7FC:0:0:1,V05C-edges.csv
TP07F484,00:D7FC:0:0:1,FALLTHROUGH,00:D7FF:0:0:1,V05C-edges.csv
TP07F484,00:D7FF:0:0:1,FALLTHROUGH,00:D802:0:0:1,V05C-edges.csv
TP07F484,00:D802:0:0:1,DIRECT_CALL,07:B0DF:0:0:1,V05C-dynamic-proofs.csv
TP07F484,00:D806:0:0:1,BRANCH_ALWAYS,00:D914:0:0:1,V05C-edges.csv
TP07F484,00:D809:0:0:0,FALLTHROUGH_STATUS,00:D80B:0:0:0,V05C-edges.csv
TP07F484,00:D80B:0:0:0,FALLTHROUGH,00:D80E:0:0:0,V05C-edges.csv
TP07F484,00:D80E:0:0:0,FALLTHROUGH,00:D811:0:0:0,V05C-edges.csv
TP07F484,00:D811:0:0:0,FALLTHROUGH,00:D812:0:0:0,V05C-edges.csv
TP07F484,00:D812:0:0:0,FALLTHROUGH,00:D813:0:0:0,V05C-edges.csv
TP07F484,00:D813:0:0:0,FALLTHROUGH,00:D814:0:0:0,V05C-edges.csv
TP07F484,00:D814:0:0:0,FALLTHROUGH,00:D815:0:0:0,V05C-edges.csv
TP07F484,00:D815:0:0:0,FALLTHROUGH,00:D816:0:0:0,V05C-edges.csv
TP07F484,00:D816:0:0:0,FALLTHROUGH,00:D81A:0:0:0,V05C-edges.csv
TP07F484,00:D81A:0:0:0,FALLTHROUGH,00:D81B:0:0:0,V05C-edges.csv
TP07F484,00:D81B:0:0:0,FALLTHROUGH,00:D81C:0:0:0,V05C-edges.csv
TP07F484,00:D81C:0:0:0,FALLTHROUGH,00:D81D:0:0:0,V05C-edges.csv
TP07F484,00:D81D:0:0:0,FALLTHROUGH,00:D81E:0:0:0,V05C-edges.csv
TP07F484,00:D81E:0:0:0,FALLTHROUGH,00:D81F:0:0:0,V05C-edges.csv
TP07F484,00:D81F:0:0:0,FALLTHROUGH,00:D820:0:0:0,V05C-edges.csv
TP07F484,00:D820:0:0:0,FALLTHROUGH,00:D823:0:0:0,V05C-edges.csv
TP07F484,00:D823:0:0:0,FALLTHROUGH,00:D826:0:0:0,V05C-edges.csv
TP07F484,00:D826:0:0:0,FALLTHROUGH_STATUS,00:D828:0:1:1,V05C-edges.csv
TP07F484,00:D828:0:1:1,FALLTHROUGH,00:D82B:0:1:1,V05C-edges.csv
TP07F484,00:D82B:0:1:1,FALLTHROUGH,00:D82E:0:1:1,V05C-edges.csv
TP07F484,00:D82E:0:1:1,FALLTHROUGH,00:D830:0:1:1,V05C-edges.csv
TP07F484,00:D830:0:1:1,FALLTHROUGH,00:D832:0:1:1,V05C-edges.csv
TP07F484,00:D832:0:1:1,FALLTHROUGH,00:D834:0:1:1,V05C-edges.csv
TP07F484,00:D834:0:1:1,BRANCH_NOT_TAKEN,00:D836:0:1:1,V05C-edges.csv
TP07F484,00:D834:0:1:1,BRANCH_TAKEN,00:D861:0:1:1,V05C-edges.csv
TP07F484,00:D836:0:1:1,FALLTHROUGH,00:D838:0:1:1,V05C-edges.csv
TP07F484,00:D838:0:1:1,FALLTHROUGH,00:D83A:0:1:1,V05C-edges.csv
TP07F484,00:D83A:0:1:1,FALLTHROUGH,00:D83D:0:1:1,V05C-edges.csv
TP07F484,00:D83D:0:1:1,FALLTHROUGH,00:D840:0:1:1,V05C-edges.csv
TP07F484,00:D840:0:1:1,FALLTHROUGH,00:D841:0:1:1,V05C-edges.csv
TP07F484,00:D841:0:1:1,FALLTHROUGH,00:D842:0:1:1,V05C-edges.csv
TP07F484,00:D842:0:1:1,FALLTHROUGH,00:D846:0:1:1,V05C-edges.csv
TP07F484,00:D846:0:1:1,FALLTHROUGH,00:D849:0:1:1,V05C-edges.csv
TP07F484,00:D849:0:1:1,BRANCH_NOT_TAKEN,00:D84B:0:1:1,V05C-edges.csv
TP07F484,00:D849:0:1:1,BRANCH_TAKEN,00:D85E:0:1:1,V05C-edges.csv
TP07F484,00:D84B:0:1:1,FALLTHROUGH,00:D84E:0:1:1,V05C-edges.csv
TP07F484,00:D84E:0:1:1,FALLTHROUGH,00:D850:0:1:1,V05C-edges.csv
TP07F484,00:D850:0:1:1,FALLTHROUGH,00:D852:0:1:1,V05C-edges.csv
TP07F484,00:D852:0:1:1,BRANCH_NOT_TAKEN,00:D854:0:1:1,V05C-edges.csv
TP07F484,00:D852:0:1:1,BRANCH_TAKEN,00:D858:0:1:1,V05C-edges.csv
TP07F484,00:D854:0:1:1,FALLTHROUGH,00:D855:0:1:1,V05C-edges.csv
TP07F484,00:D855:0:1:1,FALLTHROUGH,00:D856:0:1:1,V05C-edges.csv
TP07F484,00:D856:0:1:1,BRANCH_NOT_TAKEN,00:D858:0:1:1,V05C-edges.csv
TP07F484,00:D856:0:1:1,BRANCH_TAKEN,00:D854:0:1:1,V05C-edges.csv
TP07F484,00:D858:0:1:1,FALLTHROUGH,00:D85B:0:1:1,V05C-edges.csv
TP07F484,00:D85B:0:1:1,FALLTHROUGH,00:D85E:0:1:1,V05C-edges.csv
TP07F484,00:D85E:0:1:1,BRANCH_ALWAYS,00:D914:0:1:1,V05C-edges.csv
TP07F484,00:D861:0:1:1,FALLTHROUGH_STATUS,00:D863:0:0:0,V05C-edges.csv
TP07F484,00:D863:0:0:0,FALLTHROUGH,00:D866:0:0:0,V05C-edges.csv
TP07F484,00:D866:0:0:0,FALLTHROUGH,00:D869:0:0:0,V05C-edges.csv
TP07F484,00:D869:0:0:0,FALLTHROUGH,00:D86A:0:0:0,V05C-edges.csv
TP07F484,00:D86A:0:0:0,FALLTHROUGH,00:D86B:0:0:0,V05C-edges.csv
TP07F484,00:D86B:0:0:0,FALLTHROUGH,00:D86C:0:0:0,V05C-edges.csv
TP07F484,00:D86C:0:0:0,FALLTHROUGH,00:D86D:0:0:0,V05C-edges.csv
TP07F484,00:D86D:0:0:0,FALLTHROUGH,00:D86E:0:0:0,V05C-edges.csv
TP07F484,00:D86E:0:0:0,FALLTHROUGH,00:D86F:0:0:0,V05C-edges.csv
TP07F484,00:D86F:0:0:0,FALLTHROUGH,00:D873:0:0:0,V05C-edges.csv
TP07F484,00:D873:0:0:0,FALLTHROUGH,00:D874:0:0:0,V05C-edges.csv
TP07F484,00:D874:0:0:0,FALLTHROUGH,00:D875:0:0:0,V05C-edges.csv
TP07F484,00:D875:0:0:0,FALLTHROUGH,00:D876:0:0:0,V05C-edges.csv
TP07F484,00:D876:0:0:0,FALLTHROUGH,00:D877:0:0:0,V05C-edges.csv
TP07F484,00:D877:0:0:0,FALLTHROUGH,00:D878:0:0:0,V05C-edges.csv
TP07F484,00:D878:0:0:0,FALLTHROUGH,00:D87B:0:0:0,V05C-edges.csv
TP07F484,00:D87B:0:0:0,FALLTHROUGH,00:D87C:0:0:0,V05C-edges.csv
TP07F484,00:D87C:0:0:0,FALLTHROUGH,00:D87F:0:0:0,V05C-edges.csv
TP07F484,00:D87F:0:0:0,FALLTHROUGH,00:D882:0:0:0,V05C-edges.csv
TP07F484,00:D882:0:0:0,FALLTHROUGH,00:D884:0:0:0,V05C-edges.csv
TP07F484,00:D884:0:0:0,FALLTHROUGH,00:D887:0:0:0,V05C-edges.csv
TP07F484,00:D887:0:0:0,FALLTHROUGH,00:D88A:0:0:0,V05C-edges.csv
TP07F484,00:D88A:0:0:0,BRANCH_NOT_TAKEN,00:D88C:0:0:0,V05C-edges.csv
TP07F484,00:D88A:0:0:0,BRANCH_TAKEN,00:D88F:0:0:0,V05C-edges.csv
TP07F484,00:D88C:0:0:0,DIRECT_JUMP,00:D914:0:0:0,V05C-edges.csv
TP07F484,00:D88F:0:0:0,FALLTHROUGH,00:D890:0:0:0,V05C-edges.csv
TP07F484,00:D890:0:0:0,FALLTHROUGH,00:D893:0:0:0,V05C-edges.csv
TP07F484,00:D893:0:0:0,BRANCH_NOT_TAKEN,00:D895:0:0:0,V05C-edges.csv
TP07F484,00:D893:0:0:0,BRANCH_TAKEN,00:D898:0:0:0,V05C-edges.csv
TP07F484,00:D895:0:0:0,DIRECT_JUMP,00:D914:0:0:0,V05C-edges.csv
TP07F484,00:D898:0:0:0,FALLTHROUGH,00:D89B:0:0:0,V05C-edges.csv
TP07F484,00:D89B:0:0:0,FALLTHROUGH,00:D89E:0:0:0,V05C-edges.csv
TP07F484,00:D89E:0:0:0,FALLTHROUGH,00:D8A1:0:0:0,V05C-edges.csv
TP07F484,00:D8A1:0:0:0,FALLTHROUGH,00:D8A4:0:0:0,V05C-edges.csv
TP07F484,00:D8A4:0:0:0,FALLTHROUGH,00:D8A7:0:0:0,V05C-edges.csv
TP07F484,00:D8A7:0:0:0,FALLTHROUGH,00:D8AA:0:0:0,V05C-edges.csv
TP07F484,00:D8AA:0:0:0,FALLTHROUGH,00:D8AD:0:0:0,V05C-edges.csv
TP07F484,00:D8AD:0:0:0,DIRECT_CALL,07:F87E:0:0:0,V05C-dynamic-proofs.csv
TP07F484,00:D8B1:0:0:0,FALLTHROUGH,00:D8B4:0:0:0,V05C-edges.csv
TP07F484,00:D8B4:0:0:0,FALLTHROUGH,00:D8B7:0:0:0,V05C-edges.csv
TP07F484,00:D8B7:0:0:0,FALLTHROUGH,00:D8B8:0:0:0,V05C-edges.csv
TP07F484,00:D8B8:0:0:0,FALLTHROUGH,00:D8BB:0:0:0,V05C-edges.csv
TP07F484,00:D8BB:0:0:0,FALLTHROUGH,00:D8BD:0:0:0,V05C-edges.csv
TP07F484,00:D8BD:0:0:0,FALLTHROUGH,00:D8C0:0:0:0,V05C-edges.csv
TP07F484,00:D8C0:0:0:0,FALLTHROUGH,00:D8C3:0:0:0,V05C-edges.csv
TP07F484,00:D8C3:0:0:0,FALLTHROUGH,00:D8C6:0:0:0,V05C-edges.csv
TP07F484,00:D8C6:0:0:0,BRANCH_NOT_TAKEN,00:D8C8:0:0:0,V05C-edges.csv
TP07F484,00:D8C6:0:0:0,BRANCH_TAKEN,00:D914:0:0:0,V05C-edges.csv
TP07F484,00:D8C8:0:0:0,BRANCH_NOT_TAKEN,00:D8CA:0:0:0,V05C-edges.csv
TP07F484,00:D8C8:0:0:0,BRANCH_TAKEN,00:D8CF:0:0:0,V05C-edges.csv
TP07F484,00:D8CA:0:0:0,FALLTHROUGH,00:D8CD:0:0:0,V05C-edges.csv
TP07F484,00:D8CD:0:0:0,BRANCH_NOT_TAKEN,00:D8CF:0:0:0,V05C-edges.csv
TP07F484,00:D8CD:0:0:0,BRANCH_TAKEN,00:D914:0:0:0,V05C-edges.csv
TP07F484,00:D8CF:0:0:0,FALLTHROUGH,00:D8D2:0:0:0,V05C-edges.csv
TP07F484,00:D8D2:0:0:0,FALLTHROUGH,00:D8D5:0:0:0,V05C-edges.csv
TP07F484,00:D8D5:0:0:0,FALLTHROUGH,00:D8D6:0:0:0,V05C-edges.csv
TP07F484,00:D8D6:0:0:0,FALLTHROUGH,00:D8D9:0:0:0,V05C-edges.csv
TP07F484,00:D8D9:0:0:0,DIRECT_CALL,04:80A7:0:0:0,V05C-dynamic-proofs.csv
TP07F484,00:D8DD:0:0:0,FALLTHROUGH,00:D8DE:0:0:0,V05C-edges.csv
TP07F484,00:D8DE:0:0:0,FALLTHROUGH,00:D8E1:0:0:0,V05C-edges.csv
TP07F484,00:D8E1:0:0:0,BRANCH_NOT_TAKEN,00:D8E3:0:0:0,V05C-edges.csv
TP07F484,00:D8E1:0:0:0,BRANCH_TAKEN,00:D914:0:0:0,V05C-edges.csv
TP07F484,00:D8E3:0:0:0,FALLTHROUGH,00:D8E6:0:0:0,V05C-edges.csv
TP07F484,00:D8E6:0:0:0,FALLTHROUGH,00:D8E9:0:0:0,V05C-edges.csv
TP07F484,00:D8E9:0:0:0,BRANCH_NOT_TAKEN,00:D8EB:0:0:0,V05C-edges.csv
TP07F484,00:D8E9:0:0:0,BRANCH_TAKEN,00:D90F:0:0:0,V05C-edges.csv
TP07F484,00:D8EB:0:0:0,FALLTHROUGH,00:D8EC:0:0:0,V05C-edges.csv
TP07F484,00:D8EC:0:0:0,FALLTHROUGH,00:D8ED:0:0:0,V05C-edges.csv
TP07F484,00:D8ED:0:0:0,FALLTHROUGH,00:D8F0:0:0:0,V05C-edges.csv
TP07F484,00:D8F0:0:0:0,FALLTHROUGH,00:D8F3:0:0:0,V05C-edges.csv
TP07F484,00:D8F3:0:0:0,FALLTHROUGH_STATUS,00:D8F5:0:0:1,V05C-edges.csv
TP07F484,00:D8F5:0:0:1,FALLTHROUGH_STATUS,00:D8F7:0:0:1,V05C-edges.csv
TP07F484,00:D8F7:0:0:1,FALLTHROUGH,00:D8FA:0:0:1,V05C-edges.csv
TP07F484,00:D8FA:0:0:1,FALLTHROUGH,00:D8FD:0:0:1,V05C-edges.csv
TP07F484,00:D8FD:0:0:1,FALLTHROUGH,00:D900:0:0:1,V05C-edges.csv
TP07F484,00:D900:0:0:1,FALLTHROUGH,00:D903:0:0:1,V05C-edges.csv
TP07F484,00:D903:0:0:1,FALLTHROUGH,00:D906:0:0:1,V05C-edges.csv
TP07F484,00:D906:0:0:1,FALLTHROUGH,00:D909:0:0:1,V05C-edges.csv
TP07F484,00:D909:0:0:1,DIRECT_CALL,07:B0DF:0:0:1,V05C-dynamic-proofs.csv
TP07F484,00:D90D:0:0:1,BRANCH_ALWAYS,00:D914:0:0:1,V05C-edges.csv
TP07F484,00:D90F:0:0:0,FALLTHROUGH,00:D912:0:0:0,V05C-edges.csv
TP07F484,00:D912:0:0:0,BRANCH_ALWAYS,00:D8D2:0:0:0,V05C-edges.csv
TP07F484,00:D914:0:0:0,FALLTHROUGH_STATUS,00:D916:0:1:1,V05C-edges.csv
TP07F484,00:D914:0:0:1,FALLTHROUGH_STATUS,00:D916:0:1:1,V05C-edges.csv
TP07F484,00:D914:0:1:1,FALLTHROUGH_STATUS,00:D916:0:1:1,V05C-edges.csv
TP07F484,00:D916:0:1:1,FALLTHROUGH,00:D919:0:1:1,V05C-edges.csv
TP07F484,00:D919:0:1:1,BRANCH_ALWAYS,00:D114:0:1:1,V05C-edges.csv
TP07F484,00:D91C:0:1:1,FALLTHROUGH_STATUS,00:D91E:0:1:1,V05C-edges.csv
TP07F484,00:D91E:0:1:1,FALLTHROUGH_STATUS,00:D920:0:0:1,V05C-edges.csv
TP07F484,00:D920:0:0:1,FALLTHROUGH,00:D922:0:0:1,V05C-edges.csv
TP07F484,00:D922:0:0:1,FALLTHROUGH,00:D924:0:0:1,V05C-edges.csv
TP07F484,00:D924:0:0:1,FALLTHROUGH,00:D927:0:0:1,V05C-edges.csv
TP07F484,00:D927:0:0:1,FALLTHROUGH,00:D92A:0:0:1,V05C-edges.csv
TP07F484,00:D92A:0:0:1,FALLTHROUGH,00:D92C:0:0:1,V05C-edges.csv
TP07F484,00:D92C:0:0:1,FALLTHROUGH,00:D92E:0:0:1,V05C-edges.csv
TP07F484,00:D92E:0:0:1,FALLTHROUGH,00:D931:0:0:1,V05C-edges.csv
TP07F484,00:D931:0:0:1,FALLTHROUGH,00:D934:0:0:1,V05C-edges.csv
TP07F484,00:D934:0:0:1,FALLTHROUGH,00:D937:0:0:1,V05C-edges.csv
TP07F484,00:D937:0:0:1,FALLTHROUGH,00:D939:0:0:1,V05C-edges.csv
TP07F484,00:D939:0:0:1,FALLTHROUGH_STATUS,00:D93B:0:1:1,V05C-edges.csv
TP07F484,00:D93B:0:1:1,FALLTHROUGH,00:D93E:0:1:1,V05C-edges.csv
TP07F484,00:D93E:0:1:1,FALLTHROUGH,00:D93F:0:1:1,V05C-edges.csv
TP07F484,00:D93F:0:1:1,FALLTHROUGH,00:D942:0:1:1,V05C-edges.csv
TP07F484,00:D942:0:1:1,FALLTHROUGH,00:D945:0:1:1,V05C-edges.csv
TP07F484,00:D945:0:1:1,FALLTHROUGH_STATUS,00:D947:0:1:1,V05C-edges.csv
TP07F484,00:D947:0:1:1,FALLTHROUGH_STATUS,00:D949:0:0:1,V05C-edges.csv
TP07F484,00:D949:0:0:1,FALLTHROUGH,00:D94C:0:0:1,V05C-edges.csv
TP07F484,00:D94C:0:0:1,FALLTHROUGH,00:D94F:0:0:1,V05C-edges.csv
TP07F484,00:D94F:0:0:1,FALLTHROUGH,00:D950:0:0:1,V05C-edges.csv
TP07F484,00:D950:0:0:1,FALLTHROUGH,00:D953:0:0:1,V05C-edges.csv
TP07F484,00:D953:0:0:1,FALLTHROUGH,00:D956:0:0:1,V05C-edges.csv
TP07F484,00:D956:0:0:1,FALLTHROUGH_STATUS,00:D958:0:0:0,V05C-edges.csv
TP07F484,00:D958:0:0:0,FALLTHROUGH,00:D95B:0:0:0,V05C-edges.csv
TP07F484,00:D95B:0:0:0,FALLTHROUGH,00:D95C:0:0:0,V05C-edges.csv
TP07F484,00:D95C:0:0:0,FALLTHROUGH,00:D95D:0:0:0,V05C-edges.csv
TP07F484,00:D95D:0:0:0,FALLTHROUGH,00:D95E:0:0:0,V05C-edges.csv
TP07F484,00:D95E:0:0:0,FALLTHROUGH,00:D95F:0:0:0,V05C-edges.csv
TP07F484,00:D95F:0:0:0,FALLTHROUGH,00:D960:0:0:0,V05C-edges.csv
TP07F484,00:D960:0:0:0,FALLTHROUGH,00:D963:0:0:0,V05C-edges.csv
TP07F484,00:D963:0:0:0,FALLTHROUGH,00:D966:0:0:0,V05C-edges.csv
TP07F484,00:D966:0:0:0,FALLTHROUGH_STATUS,00:D968:0:1:1,V05C-edges.csv
TP07F484,00:D968:0:1:1,FALLTHROUGH,00:D96B:0:1:1,V05C-edges.csv
TP07F484,00:D96B:0:1:1,FALLTHROUGH,00:D96E:0:1:1,V05C-edges.csv
TP07F484,00:D96E:0:1:1,FALLTHROUGH,00:D970:0:1:1,V05C-edges.csv
TP07F484,00:D970:0:1:1,FALLTHROUGH,00:D972:0:1:1,V05C-edges.csv
TP07F484,00:D972:0:1:1,FALLTHROUGH_STATUS,00:D974:0:0:0,V05C-edges.csv
TP07F484,00:D974:0:0:0,FALLTHROUGH,00:D977:0:0:0,V05C-edges.csv
TP07F484,00:D977:0:0:0,FALLTHROUGH,00:D978:0:0:0,V05C-edges.csv
TP07F484,00:D978:0:0:0,FALLTHROUGH,00:D979:0:0:0,V05C-edges.csv
TP07F484,00:D979:0:0:0,FALLTHROUGH,00:D97A:0:0:0,V05C-edges.csv
TP07F484,00:D97A:0:0:0,FALLTHROUGH,00:D97B:0:0:0,V05C-edges.csv
TP07F484,00:D97B:0:0:0,FALLTHROUGH,00:D97C:0:0:0,V05C-edges.csv
TP07F484,00:D97C:0:0:0,FALLTHROUGH,00:D97D:0:0:0,V05C-edges.csv
TP07F484,00:D97D:0:0:0,FALLTHROUGH_STATUS,00:D97F:0:1:0,V05C-edges.csv
TP07F484,00:D97F:0:1:0,FALLTHROUGH_STATUS,00:D981:0:1:0,V05C-edges.csv
TP07F484,00:D981:0:1:0,FALLTHROUGH,00:D985:0:1:0,V05C-edges.csv
TP07F484,00:D985:0:1:0,FALLTHROUGH_STATUS,00:D987:0:0:0,V05C-edges.csv
TP07F484,00:D987:0:0:0,FALLTHROUGH,00:D98A:0:0:0,V05C-edges.csv
TP07F484,00:D98A:0:0:0,FALLTHROUGH,00:D98B:0:0:0,V05C-edges.csv
TP07F484,00:D98B:0:0:0,FALLTHROUGH,00:D98F:0:0:0,V05C-edges.csv
TP07F484,00:D98F:0:0:0,FALLTHROUGH,00:D992:0:0:0,V05C-edges.csv
TP07F484,00:D992:0:0:0,FALLTHROUGH,00:D995:0:0:0,V05C-edges.csv
TP07F484,00:D995:0:0:0,BRANCH_NOT_TAKEN,00:D997:0:0:0,V05C-edges.csv
TP07F484,00:D995:0:0:0,BRANCH_TAKEN,00:D99A:0:0:0,V05C-edges.csv
TP07F484,00:D997:0:0:0,BRANCH_ALWAYS,00:DC10:0:0:0,V05C-edges.csv
TP07F484,00:D99A:0:0:0,FALLTHROUGH_STATUS,00:D99C:0:1:1,V05C-edges.csv
TP07F484,00:D99C:0:1:1,FALLTHROUGH,00:D99F:0:1:1,V05C-edges.csv
TP07F484,00:D99F:0:1:1,BRANCH_NOT_TAKEN,00:D9A1:0:1:1,V05C-edges.csv
TP07F484,00:D99F:0:1:1,BRANCH_TAKEN,00:D9A8:0:1:1,V05C-edges.csv
TP07F484,00:D9A1:0:1:1,FALLTHROUGH_STATUS,00:D9A3:0:0:0,V05C-edges.csv
TP07F484,00:D9A3:0:0:0,FALLTHROUGH,00:D9A6:0:0:0,V05C-edges.csv
TP07F484,00:D9A6:0:0:0,BRANCH_ALWAYS,00:D9AD:0:0:0,V05C-edges.csv
TP07F484,00:D9A8:0:1:1,FALLTHROUGH_STATUS,00:D9AA:0:0:0,V05C-edges.csv
TP07F484,00:D9AA:0:0:0,FALLTHROUGH,00:D9AD:0:0:0,V05C-edges.csv
TP07F484,00:D9AD:0:0:0,FALLTHROUGH,00:D9B0:0:0:0,V05C-edges.csv
TP07F484,00:D9B0:0:0:0,FALLTHROUGH,00:D9B3:0:0:0,V05C-edges.csv
TP07F484,00:D9B3:0:0:0,FALLTHROUGH,00:D9B6:0:0:0,V05C-edges.csv
TP07F484,00:D9B6:0:0:0,FALLTHROUGH,00:D9B9:0:0:0,V05C-edges.csv
TP07F484,00:D9B9:0:0:0,BRANCH_NOT_TAKEN,00:D9BB:0:0:0,V05C-edges.csv
TP07F484,00:D9B9:0:0:0,BRANCH_TAKEN,00:D9BE:0:0:0,V05C-edges.csv
TP07F484,00:D9BB:0:0:0,FALLTHROUGH,00:D9BE:0:0:0,V05C-edges.csv
TP07F484,00:D9BE:0:0:0,FALLTHROUGH_STATUS,00:D9C0:0:0:0,V05C-edges.csv
TP07F484,00:D9C0:0:0:0,FALLTHROUGH,00:D9C3:0:0:0,V05C-edges.csv
TP07F484,00:D9C3:0:0:0,FALLTHROUGH,00:D9C6:0:0:0,V05C-edges.csv
TP07F484,00:D9C6:0:0:0,FALLTHROUGH,00:D9C9:0:0:0,V05C-edges.csv
TP07F484,00:D9C9:0:0:0,FALLTHROUGH,00:D9CC:0:0:0,V05C-edges.csv
TP07F484,00:D9CC:0:0:0,FALLTHROUGH,00:D9CD:0:0:0,V05C-edges.csv
TP07F484,00:D9CD:0:0:0,FALLTHROUGH,00:D9CE:0:0:0,V05C-edges.csv
TP07F484,00:D9CE:0:0:0,FALLTHROUGH,00:D9CF:0:0:0,V05C-edges.csv
TP07F484,00:D9CF:0:0:0,FALLTHROUGH,00:D9D2:0:0:0,V05C-edges.csv
TP07F484,00:D9D2:0:0:0,FALLTHROUGH,00:D9D3:0:0:0,V05C-edges.csv
TP07F484,00:D9D3:0:0:0,FALLTHROUGH_STATUS,00:D9D5:0:1:0,V05C-edges.csv
TP07F484,00:D9D5:0:1:0,FALLTHROUGH_STATUS,00:D9D7:0:1:0,V05C-edges.csv
TP07F484,00:D9D7:0:1:0,FALLTHROUGH,00:D9DB:0:1:0,V05C-edges.csv
TP07F484,00:D9DB:0:1:0,BRANCH_NOT_TAKEN,00:D9DD:0:1:0,V05C-edges.csv
TP07F484,00:D9DB:0:1:0,BRANCH_TAKEN,00:D9E4:0:1:0,V05C-edges.csv
TP07F484,00:D9DD:0:1:0,FALLTHROUGH_STATUS,00:D9DF:0:0:0,V05C-edges.csv
TP07F484,00:D9DF:0:0:0,FALLTHROUGH,00:D9E2:0:0:0,V05C-edges.csv
TP07F484,00:D9E2:0:0:0,BRANCH_ALWAYS,00:D9E9:0:0:0,V05C-edges.csv
TP07F484,00:D9E4:0:1:0,FALLTHROUGH_STATUS,00:D9E6:0:0:0,V05C-edges.csv
TP07F484,00:D9E6:0:0:0,FALLTHROUGH,00:D9E9:0:0:0,V05C-edges.csv
TP07F484,00:D9E9:0:0:0,FALLTHROUGH,00:D9EC:0:0:0,V05C-edges.csv
TP07F484,00:D9EC:0:0:0,FALLTHROUGH,00:D9EF:0:0:0,V05C-edges.csv
TP07F484,00:D9EF:0:0:0,BRANCH_NOT_TAKEN,00:D9F1:0:0:0,V05C-edges.csv
TP07F484,00:D9EF:0:0:0,BRANCH_TAKEN,00:D9F4:0:0:0,V05C-edges.csv
TP07F484,00:D9F1:0:0:0,BRANCH_ALWAYS,00:DBBE:0:0:0,V05C-edges.csv
TP07F484,00:D9F4:0:0:0,FALLTHROUGH_STATUS,00:D9F6:0:0:0,V05C-edges.csv
TP07F484,00:D9F6:0:0:0,FALLTHROUGH,00:D9F9:0:0:0,V05C-edges.csv
TP07F484,00:D9F9:0:0:0,FALLTHROUGH,00:D9FC:0:0:0,V05C-edges.csv
TP07F484,00:D9FC:0:0:0,FALLTHROUGH,00:D9FD:0:0:0,V05C-edges.csv
TP07F484,00:D9FD:0:0:0,FALLTHROUGH,00:D9FE:0:0:0,V05C-edges.csv
TP07F484,00:D9FE:0:0:0,FALLTHROUGH,00:DA02:0:0:0,V05C-edges.csv
TP07F484,00:DA02:0:0:0,FALLTHROUGH,00:DA05:0:0:0,V05C-edges.csv
TP07F484,00:DA05:0:0:0,FALLTHROUGH,00:DA08:0:0:0,V05C-edges.csv
TP07F484,00:DA08:0:0:0,FALLTHROUGH,00:DA0B:0:0:0,V05C-edges.csv
TP07F484,00:DA0B:0:0:0,BRANCH_NOT_TAKEN,00:DA0D:0:0:0,V05C-edges.csv
TP07F484,00:DA0B:0:0:0,BRANCH_TAKEN,00:DA11:0:0:0,V05C-edges.csv
TP07F484,00:DA0D:0:0:0,FALLTHROUGH,00:DA0E:0:0:0,V05C-edges.csv
TP07F484,00:DA0E:0:0:0,FALLTHROUGH,00:DA0F:0:0:0,V05C-edges.csv
TP07F484,00:DA0F:0:0:0,BRANCH_NOT_TAKEN,00:DA11:0:0:0,V05C-edges.csv
TP07F484,00:DA0F:0:0:0,BRANCH_TAKEN,00:DA0D:0:0:0,V05C-edges.csv
TP07F484,00:DA11:0:0:0,FALLTHROUGH,00:DA14:0:0:0,V05C-edges.csv
TP07F484,00:DA14:0:0:0,FALLTHROUGH,00:DA17:0:0:0,V05C-edges.csv
TP07F484,00:DA17:0:0:0,FALLTHROUGH,00:DA1A:0:0:0,V05C-edges.csv
TP07F484,00:DA1A:0:0:0,FALLTHROUGH,00:DA1D:0:0:0,V05C-edges.csv
TP07F484,00:DA1D:0:0:0,FALLTHROUGH_STATUS,00:DA1F:0:1:1,V05C-edges.csv
TP07F484,00:DA1F:0:1:1,FALLTHROUGH,00:DA22:0:1:1,V05C-edges.csv
TP07F484,00:DA22:0:1:1,FALLTHROUGH,00:DA25:0:1:1,V05C-edges.csv
TP07F484,00:DA25:0:1:1,FALLTHROUGH,00:DA28:0:1:1,V05C-edges.csv
TP07F484,00:DA28:0:1:1,FALLTHROUGH,00:DA2A:0:1:1,V05C-edges.csv
TP07F484,00:DA2A:0:1:1,BRANCH_NOT_TAKEN,00:DA2C:0:1:1,V05C-edges.csv
TP07F484,00:DA2A:0:1:1,BRANCH_TAKEN,00:DA57:0:1:1,V05C-edges.csv
TP07F484,00:DA2C:0:1:1,FALLTHROUGH_STATUS,00:DA2E:0:1:1,V05C-edges.csv
TP07F484,00:DA2E:0:1:1,FALLTHROUGH_STATUS,00:DA30:0:0:1,V05C-edges.csv
TP07F484,00:DA30:0:0:1,FALLTHROUGH,00:DA33:0:0:1,V05C-edges.csv
TP07F484,00:DA33:0:0:1,FALLTHROUGH,00:DA36:0:0:1,V05C-edges.csv
TP07F484,00:DA36:0:0:1,BRANCH_NOT_TAKEN,00:DA38:0:0:1,V05C-edges.csv
TP07F484,00:DA36:0:0:1,BRANCH_TAKEN,00:DA3C:0:0:1,V05C-edges.csv
TP07F484,00:DA38:0:0:1,FALLTHROUGH,00:DA39:0:0:1,V05C-edges.csv
TP07F484,00:DA39:0:0:1,FALLTHROUGH,00:DA3A:0:0:1,V05C-edges.csv
TP07F484,00:DA3A:0:0:1,BRANCH_NOT_TAKEN,00:DA3C:0:0:1,V05C-edges.csv
TP07F484,00:DA3A:0:0:1,BRANCH_TAKEN,00:DA38:0:0:1,V05C-edges.csv
TP07F484,00:DA3C:0:0:1,FALLTHROUGH,00:DA3F:0:0:1,V05C-edges.csv
TP07F484,00:DA3F:0:0:1,BRANCH_NOT_TAKEN,00:DA41:0:0:1,V05C-edges.csv
TP07F484,00:DA3F:0:0:1,BRANCH_TAKEN,00:DA50:0:0:1,V05C-edges.csv
TP07F484,00:DA41:0:0:1,FALLTHROUGH_STATUS,00:DA43:0:1:1,V05C-edges.csv
TP07F484,00:DA43:0:1:1,FALLTHROUGH,00:DA46:0:1:1,V05C-edges.csv
TP07F484,00:DA46:0:1:1,FALLTHROUGH,00:DA49:0:1:1,V05C-edges.csv
TP07F484,00:DA49:0:1:1,FALLTHROUGH,00:DA4D:0:1:1,V05C-edges.csv
TP07F484,00:DA4D:0:1:1,FALLTHROUGH,00:DA50:0:1:1,V05C-edges.csv
TP07F484,00:DA50:0:0:1,FALLTHROUGH_STATUS,00:DA52:0:1:1,V05C-edges.csv
TP07F484,00:DA50:0:1:1,FALLTHROUGH_STATUS,00:DA52:0:1:1,V05C-edges.csv
TP07F484,00:DA52:0:1:1,FALLTHROUGH,00:DA55:0:1:1,V05C-edges.csv
TP07F484,00:DA55:0:1:1,BRANCH_ALWAYS,00:DA25:0:1:1,V05C-edges.csv
TP07F484,00:DA57:0:1:1,DIRECT_CALL,00:B185:0:1:1,V05C-dynamic-proofs.csv
TP07F484,00:DA5A:0:0:1,FALLTHROUGH_STATUS,00:DA5C:0:1:1,V05C-edges.csv
TP07F484,00:DA5C:0:1:1,FALLTHROUGH,00:DA5F:0:1:1,V05C-edges.csv
TP07F484,00:DA5F:0:1:1,FALLTHROUGH,00:DA62:0:1:1,V05C-edges.csv
TP07F484,00:DA62:0:1:1,FALLTHROUGH,00:DA65:0:1:1,V05C-edges.csv
TP07F484,00:DA65:0:1:1,BRANCH_NOT_TAKEN,00:DA67:0:1:1,V05C-edges.csv
TP07F484,00:DA65:0:1:1,BRANCH_TAKEN,00:DA6D:0:1:1,V05C-edges.csv
TP07F484,00:DA67:0:1:1,FALLTHROUGH,00:DA68:0:1:1,V05C-edges.csv
TP07F484,00:DA68:0:1:1,FALLTHROUGH,00:DA6B:0:1:1,V05C-edges.csv
TP07F484,00:DA6B:0:1:1,BRANCH_NOT_TAKEN,00:DA6D:0:1:1,V05C-edges.csv
TP07F484,00:DA6B:0:1:1,BRANCH_TAKEN,00:DA74:0:1:1,V05C-edges.csv
TP07F484,00:DA6D:0:1:1,FALLTHROUGH,00:DA70:0:1:1,V05C-edges.csv
TP07F484,00:DA70:0:1:1,FALLTHROUGH,00:DA71:0:1:1,V05C-edges.csv
TP07F484,00:DA71:0:1:1,FALLTHROUGH,00:DA74:0:1:1,V05C-edges.csv
TP07F484,00:DA74:0:1:1,FALLTHROUGH,00:DA77:0:1:1,V05C-edges.csv
TP07F484,00:DA77:0:1:1,FALLTHROUGH,00:DA7B:0:1:1,V05C-edges.csv
TP07F484,00:DA7B:0:1:1,FALLTHROUGH_STATUS,00:DA7D:0:0:0,V05C-edges.csv
TP07F484,00:DA7D:0:0:0,FALLTHROUGH,00:DA80:0:0:0,V05C-edges.csv
TP07F484,00:DA80:0:0:0,FALLTHROUGH,00:DA83:0:0:0,V05C-edges.csv
TP07F484,00:DA83:0:0:0,FALLTHROUGH_STATUS,00:DA85:0:1:1,V05C-edges.csv
TP07F484,00:DA85:0:1:1,FALLTHROUGH,00:DA88:0:1:1,V05C-edges.csv
TP07F484,00:DA88:0:1:1,FALLTHROUGH,00:DA8B:0:1:1,V05C-edges.csv
TP07F484,00:DA8B:0:1:1,BRANCH_NOT_TAKEN,00:DA8D:0:1:1,V05C-edges.csv
TP07F484,00:DA8B:0:1:1,BRANCH_TAKEN,00:DA90:0:1:1,V05C-edges.csv
TP07F484,00:DA8D:0:1:1,BRANCH_ALWAYS,00:DBBE:0:1:1,V05C-edges.csv
TP07F484,00:DA90:0:1:1,FALLTHROUGH,00:DA92:0:1:1,V05C-edges.csv
TP07F484,00:DA92:0:1:1,FALLTHROUGH,00:DA95:0:1:1,V05C-edges.csv
TP07F484,00:DA95:0:1:1,BRANCH_NOT_TAKEN,00:DA97:0:1:1,V05C-edges.csv
TP07F484,00:DA95:0:1:1,BRANCH_TAKEN,00:DA9B:0:1:1,V05C-edges.csv
TP07F484,00:DA97:0:1:1,FALLTHROUGH,00:DA98:0:1:1,V05C-edges.csv
TP07F484,00:DA98:0:1:1,FALLTHROUGH,00:DA99:0:1:1,V05C-edges.csv
TP07F484,00:DA99:0:1:1,BRANCH_NOT_TAKEN,00:DA9B:0:1:1,V05C-edges.csv
TP07F484,00:DA99:0:1:1,BRANCH_TAKEN,00:DA97:0:1:1,V05C-edges.csv
TP07F484,00:DA9B:0:1:1,FALLTHROUGH_STATUS,00:DA9D:0:0:0,V05C-edges.csv
TP07F484,00:DA9D:0:0:0,FALLTHROUGH,00:DAA0:0:0:0,V05C-edges.csv
TP07F484,00:DAA0:0:0:0,FALLTHROUGH,00:DAA3:0:0:0,V05C-edges.csv
TP07F484,00:DAA3:0:0:0,BRANCH_NOT_TAKEN,00:DAA5:0:0:0,V05C-edges.csv
TP07F484,00:DAA3:0:0:0,BRANCH_TAKEN,00:DB0C:0:0:0,V05C-edges.csv
TP07F484,00:DAA5:0:0:0,FALLTHROUGH,00:DAA8:0:0:0,V05C-edges.csv
TP07F484,00:DAA8:0:0:0,FALLTHROUGH,00:DAA9:0:0:0,V05C-edges.csv
TP07F484,00:DAA9:0:0:0,FALLTHROUGH,00:DAAA:0:0:0,V05C-edges.csv
TP07F484,00:DAAA:0:0:0,FALLTHROUGH,00:DAAB:0:0:0,V05C-edges.csv
TP07F484,00:DAAB:0:0:0,FALLTHROUGH,00:DAAC:0:0:0,V05C-edges.csv
TP07F484,00:DAAC:0:0:0,FALLTHROUGH,00:DAB0:0:0:0,V05C-edges.csv
TP07F484,00:DAB0:0:0:0,FALLTHROUGH,00:DAB1:0:0:0,V05C-edges.csv
TP07F484,00:DAB1:0:0:0,FALLTHROUGH,00:DAB4:0:0:0,V05C-edges.csv
TP07F484,00:DAB4:0:0:0,FALLTHROUGH,00:DAB5:0:0:0,V05C-edges.csv
TP07F484,00:DAB5:0:0:0,FALLTHROUGH,00:DAB6:0:0:0,V05C-edges.csv
TP07F484,00:DAB6:0:0:0,FALLTHROUGH,00:DAB7:0:0:0,V05C-edges.csv
TP07F484,00:DAB7:0:0:0,FALLTHROUGH,00:DAB8:0:0:0,V05C-edges.csv
TP07F484,00:DAB8:0:0:0,FALLTHROUGH,00:DAB9:0:0:0,V05C-edges.csv
TP07F484,00:DAB9:0:0:0,FALLTHROUGH,00:DABA:0:0:0,V05C-edges.csv
TP07F484,00:DABA:0:0:0,FALLTHROUGH,00:DABD:0:0:0,V05C-edges.csv
TP07F484,00:DABD:0:0:0,FALLTHROUGH,00:DAC0:0:0:0,V05C-edges.csv
TP07F484,00:DAC0:0:0:0,FALLTHROUGH_STATUS,00:DAC2:0:1:1,V05C-edges.csv
TP07F484,00:DAC2:0:1:1,FALLTHROUGH,00:DAC5:0:1:1,V05C-edges.csv
TP07F484,00:DAC5:0:1:1,FALLTHROUGH,00:DAC8:0:1:1,V05C-edges.csv
TP07F484,00:DAC8:0:1:1,FALLTHROUGH,00:DACA:0:1:1,V05C-edges.csv
TP07F484,00:DACA:0:1:1,FALLTHROUGH,00:DACC:0:1:1,V05C-edges.csv
TP07F484,00:DACC:0:1:1,FALLTHROUGH_STATUS,00:DACE:0:0:0,V05C-edges.csv
TP07F484,00:DACE:0:0:0,FALLTHROUGH,00:DAD1:0:0:0,V05C-edges.csv
TP07F484,00:DAD1:0:0:0,FALLTHROUGH,00:DAD2:0:0:0,V05C-edges.csv
TP07F484,00:DAD2:0:0:0,FALLTHROUGH,00:DAD3:0:0:0,V05C-edges.csv
TP07F484,00:DAD3:0:0:0,FALLTHROUGH,00:DAD4:0:0:0,V05C-edges.csv
TP07F484,00:DAD4:0:0:0,FALLTHROUGH,00:DAD5:0:0:0,V05C-edges.csv
TP07F484,00:DAD5:0:0:0,FALLTHROUGH,00:DAD6:0:0:0,V05C-edges.csv
TP07F484,00:DAD6:0:0:0,FALLTHROUGH,00:DAD7:0:0:0,V05C-edges.csv
TP07F484,00:DAD7:0:0:0,FALLTHROUGH,00:DADB:0:0:0,V05C-edges.csv
TP07F484,00:DADB:0:0:0,FALLTHROUGH,00:DADC:0:0:0,V05C-edges.csv
TP07F484,00:DADC:0:0:0,FALLTHROUGH,00:DAE0:0:0:0,V05C-edges.csv
TP07F484,00:DAE0:0:0:0,FALLTHROUGH,00:DAE3:0:0:0,V05C-edges.csv
TP07F484,00:DAE3:0:0:0,FALLTHROUGH,00:DAE6:0:0:0,V05C-edges.csv
TP07F484,00:DAE6:0:0:0,BRANCH_NOT_TAKEN,00:DAE8:0:0:0,V05C-edges.csv
TP07F484,00:DAE6:0:0:0,BRANCH_TAKEN,00:DB09:0:0:0,V05C-edges.csv
TP07F484,00:DAE8:0:0:0,DIRECT_CALL,00:B185:0:0:0,V05C-dynamic-proofs.csv
TP07F484,00:DAEB:0:0:1,FALLTHROUGH,00:DAEE:0:0:1,V05C-edges.csv
TP07F484,00:DAEE:0:0:1,FALLTHROUGH,00:DAF1:0:0:1,V05C-edges.csv
TP07F484,00:DAF1:0:0:1,BRANCH_NOT_TAKEN,00:DAF3:0:0:1,V05C-edges.csv
TP07F484,00:DAF1:0:0:1,BRANCH_TAKEN,00:DB09:0:0:1,V05C-edges.csv
TP07F484,00:DAF3:0:0:1,FALLTHROUGH_STATUS,00:DAF5:0:1:1,V05C-edges.csv
TP07F484,00:DAF5:0:1:1,FALLTHROUGH,00:DAF8:0:1:1,V05C-edges.csv
TP07F484,00:DAF8:0:1:1,BRANCH_NOT_TAKEN,00:DAFA:0:1:1,V05C-edges.csv
TP07F484,00:DAF8:0:1:1,BRANCH_TAKEN,00:DB01:0:1:1,V05C-edges.csv
TP07F484,00:DAFA:0:1:1,FALLTHROUGH_STATUS,00:DAFC:0:0:0,V05C-edges.csv
TP07F484,00:DAFC:0:0:0,FALLTHROUGH,00:DAFF:0:0:0,V05C-edges.csv
TP07F484,00:DAFF:0:0:0,BRANCH_ALWAYS,00:DB06:0:0:0,V05C-edges.csv
TP07F484,00:DB01:0:1:1,FALLTHROUGH_STATUS,00:DB03:0:0:0,V05C-edges.csv
TP07F484,00:DB03:0:0:0,FALLTHROUGH,00:DB06:0:0:0,V05C-edges.csv
TP07F484,00:DB06:0:0:0,FALLTHROUGH,00:DB09:0:0:0,V05C-edges.csv
TP07F484,00:DB09:0:0:0,BRANCH_ALWAYS,00:DBBE:0:0:0,V05C-edges.csv
TP07F484,00:DB09:0:0:1,BRANCH_ALWAYS,00:DBBE:0:0:1,V05C-edges.csv
TP07F484,00:DB0C:0:0:0,FALLTHROUGH_STATUS,00:DB0E:0:0:0,V05C-edges.csv
TP07F484,00:DB0E:0:0:0,FALLTHROUGH,00:DB11:0:0:0,V05C-edges.csv
TP07F484,00:DB11:0:0:0,FALLTHROUGH,00:DB12:0:0:0,V05C-edges.csv
TP07F484,00:DB12:0:0:0,FALLTHROUGH,00:DB13:0:0:0,V05C-edges.csv
TP07F484,00:DB13:0:0:0,FALLTHROUGH,00:DB14:0:0:0,V05C-edges.csv
TP07F484,00:DB14:0:0:0,FALLTHROUGH,00:DB15:0:0:0,V05C-edges.csv
TP07F484,00:DB15:0:0:0,FALLTHROUGH,00:DB19:0:0:0,V05C-edges.csv
TP07F484,00:DB19:0:0:0,FALLTHROUGH,00:DB1A:0:0:0,V05C-edges.csv
TP07F484,00:DB1A:0:0:0,FALLTHROUGH,00:DB1D:0:0:0,V05C-edges.csv
TP07F484,00:DB1D:0:0:0,FALLTHROUGH,00:DB1E:0:0:0,V05C-edges.csv
TP07F484,00:DB1E:0:0:0,FALLTHROUGH,00:DB1F:0:0:0,V05C-edges.csv
TP07F484,00:DB1F:0:0:0,FALLTHROUGH,00:DB20:0:0:0,V05C-edges.csv
TP07F484,00:DB20:0:0:0,FALLTHROUGH,00:DB21:0:0:0,V05C-edges.csv
TP07F484,00:DB21:0:0:0,FALLTHROUGH,00:DB22:0:0:0,V05C-edges.csv
TP07F484,00:DB22:0:0:0,FALLTHROUGH,00:DB23:0:0:0,V05C-edges.csv
TP07F484,00:DB23:0:0:0,FALLTHROUGH,00:DB26:0:0:0,V05C-edges.csv
TP07F484,00:DB26:0:0:0,FALLTHROUGH,00:DB29:0:0:0,V05C-edges.csv
TP07F484,00:DB29:0:0:0,FALLTHROUGH_STATUS,00:DB2B:0:1:1,V05C-edges.csv
TP07F484,00:DB2B:0:1:1,FALLTHROUGH,00:DB2E:0:1:1,V05C-edges.csv
TP07F484,00:DB2E:0:1:1,FALLTHROUGH,00:DB31:0:1:1,V05C-edges.csv
TP07F484,00:DB31:0:1:1,FALLTHROUGH,00:DB33:0:1:1,V05C-edges.csv
TP07F484,00:DB33:0:1:1,FALLTHROUGH,00:DB35:0:1:1,V05C-edges.csv
TP07F484,00:DB35:0:1:1,FALLTHROUGH_STATUS,00:DB37:0:0:0,V05C-edges.csv
TP07F484,00:DB37:0:0:0,FALLTHROUGH,00:DB3A:0:0:0,V05C-edges.csv
TP07F484,00:DB3A:0:0:0,FALLTHROUGH,00:DB3B:0:0:0,V05C-edges.csv
TP07F484,00:DB3B:0:0:0,FALLTHROUGH,00:DB3C:0:0:0,V05C-edges.csv
TP07F484,00:DB3C:0:0:0,FALLTHROUGH,00:DB3D:0:0:0,V05C-edges.csv
TP07F484,00:DB3D:0:0:0,FALLTHROUGH,00:DB3E:0:0:0,V05C-edges.csv
TP07F484,00:DB3E:0:0:0,FALLTHROUGH,00:DB3F:0:0:0,V05C-edges.csv
TP07F484,00:DB3F:0:0:0,FALLTHROUGH,00:DB40:0:0:0,V05C-edges.csv
TP07F484,00:DB40:0:0:0,FALLTHROUGH,00:DB44:0:0:0,V05C-edges.csv
TP07F484,00:DB44:0:0:0,FALLTHROUGH,00:DB45:0:0:0,V05C-edges.csv
TP07F484,00:DB45:0:0:0,FALLTHROUGH,00:DB49:0:0:0,V05C-edges.csv
TP07F484,00:DB49:0:0:0,FALLTHROUGH,00:DB4C:0:0:0,V05C-edges.csv
TP07F484,00:DB4C:0:0:0,FALLTHROUGH,00:DB4F:0:0:0,V05C-edges.csv
TP07F484,00:DB4F:0:0:0,BRANCH_NOT_TAKEN,00:DB51:0:0:0,V05C-edges.csv
TP07F484,00:DB4F:0:0:0,BRANCH_TAKEN,00:DBBE:0:0:0,V05C-edges.csv
TP07F484,00:DB51:0:0:0,FALLTHROUGH_STATUS,00:DB53:0:0:0,V05C-edges.csv
TP07F484,00:DB53:0:0:0,FALLTHROUGH,00:DB56:0:0:0,V05C-edges.csv
TP07F484,00:DB56:0:0:0,FALLTHROUGH,00:DB59:0:0:0,V05C-edges.csv
TP07F484,00:DB59:0:0:0,BRANCH_NOT_TAKEN,00:DB5B:0:0:0,V05C-edges.csv
TP07F484,00:DB59:0:0:0,BRANCH_TAKEN,00:DB5F:0:0:0,V05C-edges.csv
TP07F484,00:DB5B:0:0:0,FALLTHROUGH,00:DB5C:0:0:0,V05C-edges.csv
TP07F484,00:DB5C:0:0:0,FALLTHROUGH,00:DB5D:0:0:0,V05C-edges.csv
TP07F484,00:DB5D:0:0:0,BRANCH_NOT_TAKEN,00:DB5F:0:0:0,V05C-edges.csv
TP07F484,00:DB5D:0:0:0,BRANCH_TAKEN,00:DB5B:0:0:0,V05C-edges.csv
TP07F484,00:DB5F:0:0:0,FALLTHROUGH,00:DB62:0:0:0,V05C-edges.csv
TP07F484,00:DB62:0:0:0,FALLTHROUGH,00:DB65:0:0:0,V05C-edges.csv
TP07F484,00:DB65:0:0:0,FALLTHROUGH,00:DB66:0:0:0,V05C-edges.csv
TP07F484,00:DB66:0:0:0,FALLTHROUGH,00:DB67:0:0:0,V05C-edges.csv
TP07F484,00:DB67:0:0:0,FALLTHROUGH,00:DB68:0:0:0,V05C-edges.csv
TP07F484,00:DB68:0:0:0,FALLTHROUGH,00:DB69:0:0:0,V05C-edges.csv
TP07F484,00:DB69:0:0:0,FALLTHROUGH,00:DB6D:0:0:0,V05C-edges.csv
TP07F484,00:DB6D:0:0:0,FALLTHROUGH,00:DB6E:0:0:0,V05C-edges.csv
TP07F484,00:DB6E:0:0:0,FALLTHROUGH,00:DB71:0:0:0,V05C-edges.csv
TP07F484,00:DB71:0:0:0,FALLTHROUGH,00:DB72:0:0:0,V05C-edges.csv
TP07F484,00:DB72:0:0:0,FALLTHROUGH,00:DB73:0:0:0,V05C-edges.csv
TP07F484,00:DB73:0:0:0,FALLTHROUGH,00:DB74:0:0:0,V05C-edges.csv
TP07F484,00:DB74:0:0:0,FALLTHROUGH,00:DB75:0:0:0,V05C-edges.csv
TP07F484,00:DB75:0:0:0,FALLTHROUGH,00:DB76:0:0:0,V05C-edges.csv
TP07F484,00:DB76:0:0:0,FALLTHROUGH,00:DB77:0:0:0,V05C-edges.csv
TP07F484,00:DB77:0:0:0,FALLTHROUGH,00:DB7A:0:0:0,V05C-edges.csv
TP07F484,00:DB7A:0:0:0,FALLTHROUGH,00:DB7D:0:0:0,V05C-edges.csv
TP07F484,00:DB7D:0:0:0,FALLTHROUGH_STATUS,00:DB7F:0:1:1,V05C-edges.csv
TP07F484,00:DB7F:0:1:1,FALLTHROUGH,00:DB82:0:1:1,V05C-edges.csv
TP07F484,00:DB82:0:1:1,FALLTHROUGH,00:DB85:0:1:1,V05C-edges.csv
TP07F484,00:DB85:0:1:1,FALLTHROUGH,00:DB87:0:1:1,V05C-edges.csv
TP07F484,00:DB87:0:1:1,FALLTHROUGH,00:DB89:0:1:1,V05C-edges.csv
TP07F484,00:DB89:0:1:1,FALLTHROUGH_STATUS,00:DB8B:0:0:0,V05C-edges.csv
TP07F484,00:DB8B:0:0:0,FALLTHROUGH,00:DB8E:0:0:0,V05C-edges.csv
TP07F484,00:DB8E:0:0:0,FALLTHROUGH,00:DB8F:0:0:0,V05C-edges.csv
TP07F484,00:DB8F:0:0:0,FALLTHROUGH,00:DB90:0:0:0,V05C-edges.csv
TP07F484,00:DB90:0:0:0,FALLTHROUGH,00:DB91:0:0:0,V05C-edges.csv
TP07F484,00:DB91:0:0:0,FALLTHROUGH,00:DB92:0:0:0,V05C-edges.csv
TP07F484,00:DB92:0:0:0,FALLTHROUGH,00:DB93:0:0:0,V05C-edges.csv
TP07F484,00:DB93:0:0:0,FALLTHROUGH,00:DB94:0:0:0,V05C-edges.csv
TP07F484,00:DB94:0:0:0,FALLTHROUGH,00:DB98:0:0:0,V05C-edges.csv
TP07F484,00:DB98:0:0:0,FALLTHROUGH,00:DB99:0:0:0,V05C-edges.csv
TP07F484,00:DB99:0:0:0,FALLTHROUGH,00:DB9D:0:0:0,V05C-edges.csv
TP07F484,00:DB9D:0:0:0,FALLTHROUGH,00:DBA0:0:0:0,V05C-edges.csv
TP07F484,00:DBA0:0:0:0,FALLTHROUGH,00:DBA3:0:0:0,V05C-edges.csv
TP07F484,00:DBA3:0:0:0,BRANCH_NOT_TAKEN,00:DBA5:0:0:0,V05C-edges.csv
TP07F484,00:DBA3:0:0:0,BRANCH_TAKEN,00:DBBE:0:0:0,V05C-edges.csv
TP07F484,00:DBA5:0:0:0,DIRECT_CALL,00:B185:0:0:0,V05C-dynamic-proofs.csv
TP07F484,00:DBA8:0:0:1,FALLTHROUGH,00:DBAB:0:0:1,V05C-edges.csv
TP07F484,00:DBAB:0:0:1,FALLTHROUGH,00:DBAE:0:0:1,V05C-edges.csv
TP07F484,00:DBAE:0:0:1,BRANCH_NOT_TAKEN,00:DBB0:0:0:1,V05C-edges.csv
TP07F484,00:DBAE:0:0:1,BRANCH_TAKEN,00:DBBE:0:0:1,V05C-edges.csv
TP07F484,00:DBB0:0:0:1,FALLTHROUGH,00:DBB3:0:0:1,V05C-edges.csv
TP07F484,00:DBB3:0:0:1,FALLTHROUGH,00:DBB4:0:0:1,V05C-edges.csv
TP07F484,00:DBB4:0:0:1,FALLTHROUGH,00:DBB5:0:0:1,V05C-edges.csv
TP07F484,00:DBB5:0:0:1,FALLTHROUGH,00:DBB9:0:0:1,V05C-edges.csv
TP07F484,00:DBB9:0:0:1,FALLTHROUGH_STATUS,00:DBBB:0:1:1,V05C-edges.csv
TP07F484,00:DBBB:0:1:1,FALLTHROUGH,00:DBBE:0:1:1,V05C-edges.csv
TP07F484,00:DBBE:0:0:0,FALLTHROUGH_STATUS,00:DBC0:0:1:1,V05C-edges.csv
TP07F484,00:DBBE:0:0:1,FALLTHROUGH_STATUS,00:DBC0:0:1:1,V05C-edges.csv
TP07F484,00:DBBE:0:1:1,FALLTHROUGH_STATUS,00:DBC0:0:1:1,V05C-edges.csv
TP07F484,00:DBC0:0:1:1,FALLTHROUGH,00:DBC3:0:1:1,V05C-edges.csv
TP07F484,00:DBC3:0:1:1,FALLTHROUGH,00:DBC5:0:1:1,V05C-edges.csv
TP07F484,00:DBC5:0:1:1,FALLTHROUGH,00:DBC7:0:1:1,V05C-edges.csv
TP07F484,00:DBC7:0:1:1,FALLTHROUGH_STATUS,00:DBC9:0:0:0,V05C-edges.csv
TP07F484,00:DBC9:0:0:0,FALLTHROUGH,00:DBCC:0:0:0,V05C-edges.csv
TP07F484,00:DBCC:0:0:0,FALLTHROUGH,00:DBCE:0:0:0,V05C-edges.csv
TP07F484,00:DBCE:0:0:0,FALLTHROUGH,00:DBD1:0:0:0,V05C-edges.csv
TP07F484,00:DBD1:0:0:0,FALLTHROUGH,00:DBD2:0:0:0,V05C-edges.csv
TP07F484,00:DBD2:0:0:0,FALLTHROUGH,00:DBD3:0:0:0,V05C-edges.csv
TP07F484,00:DBD3:0:0:0,FALLTHROUGH,00:DBD6:0:0:0,V05C-edges.csv
TP07F484,00:DBD6:0:0:0,DIRECT_CALL,04:80A7:0:0:0,V05C-dynamic-proofs.csv
TP07F484,00:DBDA:0:0:0,FALLTHROUGH,00:DBDB:0:0:0,V05C-edges.csv
TP07F484,00:DBDB:0:0:0,FALLTHROUGH,00:DBDE:0:0:0,V05C-edges.csv
TP07F484,00:DBDE:0:0:0,FALLTHROUGH,00:DBE1:0:0:0,V05C-edges.csv
TP07F484,00:DBE1:0:0:0,FALLTHROUGH,00:DBE2:0:0:0,V05C-edges.csv
TP07F484,00:DBE2:0:0:0,FALLTHROUGH,00:DBE3:0:0:0,V05C-edges.csv
TP07F484,00:DBE3:0:0:0,FALLTHROUGH,00:DBE6:0:0:0,V05C-edges.csv
TP07F484,00:DBE6:0:0:0,FALLTHROUGH,00:DBE9:0:0:0,V05C-edges.csv
TP07F484,00:DBE9:0:0:0,FALLTHROUGH,00:DBEA:0:0:0,V05C-edges.csv
TP07F484,00:DBEA:0:0:0,FALLTHROUGH,00:DBEE:0:0:0,V05C-edges.csv
TP07F484,00:DBEE:0:0:0,FALLTHROUGH,00:DBF1:0:0:0,V05C-edges.csv
TP07F484,00:DBF1:0:0:0,FALLTHROUGH,00:DBF4:0:0:0,V05C-edges.csv
TP07F484,00:DBF4:0:0:0,FALLTHROUGH,00:DBF6:0:0:0,V05C-edges.csv
TP07F484,00:DBF6:0:0:0,FALLTHROUGH,00:DBF9:0:0:0,V05C-edges.csv
TP07F484,00:DBF9:0:0:0,FALLTHROUGH,00:DBFA:0:0:0,V05C-edges.csv
TP07F484,00:DBFA:0:0:0,FALLTHROUGH,00:DBFD:0:0:0,V05C-edges.csv
TP07F484,00:DBFD:0:0:0,FALLTHROUGH,00:DBFE:0:0:0,V05C-edges.csv
TP07F484,00:DBFE:0:0:0,FALLTHROUGH,00:DBFF:0:0:0,V05C-edges.csv
TP07F484,00:DBFF:0:0:0,FALLTHROUGH,00:DC03:0:0:0,V05C-edges.csv
TP07F484,00:DC03:0:0:0,FALLTHROUGH_STATUS,00:DC05:0:0:1,V05C-edges.csv
TP07F484,00:DC05:0:0:1,FALLTHROUGH_STATUS,00:DC07:0:0:1,V05C-edges.csv
TP07F484,00:DC07:0:0:1,FALLTHROUGH,00:DC09:0:0:1,V05C-edges.csv
TP07F484,00:DC09:0:0:1,FALLTHROUGH,00:DC0B:0:0:1,V05C-edges.csv
TP07F484,00:DC0B:0:0:1,FALLTHROUGH_STATUS,00:DC0D:0:1:1,V05C-edges.csv
TP07F484,00:DC0D:0:1:1,BRANCH_ALWAYS,00:DC81:0:1:1,V05C-edges.csv
TP07F484,00:DC10:0:0:0,FALLTHROUGH_STATUS,00:DC12:0:0:1,V05C-edges.csv
TP07F484,00:DC12:0:0:1,FALLTHROUGH_STATUS,00:DC14:0:0:1,V05C-edges.csv
TP07F484,00:DC14:0:0:1,FALLTHROUGH,00:DC17:0:0:1,V05C-edges.csv
TP07F484,00:DC17:0:0:1,FALLTHROUGH,00:DC1A:0:0:1,V05C-edges.csv
TP07F484,00:DC1A:0:0:1,FALLTHROUGH,00:DC1D:0:0:1,V05C-edges.csv
TP07F484,00:DC1D:0:0:1,FALLTHROUGH,00:DC20:0:0:1,V05C-edges.csv
TP07F484,00:DC20:0:0:1,DIRECT_CALL,00:C464:0:0:1,V05C-dynamic-proofs.csv
TP07F484,00:DC24:0:0:1,FALLTHROUGH_STATUS,00:DC26:0:1:1,V05C-edges.csv
TP07F484,00:DC26:0:1:1,FALLTHROUGH,00:DC28:0:1:1,V05C-edges.csv
TP07F484,00:DC28:0:1:1,FALLTHROUGH,00:DC2A:0:1:1,V05C-edges.csv
TP07F484,00:DC2A:0:1:1,FALLTHROUGH,00:DC2C:0:1:1,V05C-edges.csv
TP07F484,00:DC2C:0:1:1,FALLTHROUGH_STATUS,00:DC2E:0:0:0,V05C-edges.csv
TP07F484,00:DC2E:0:0:0,FALLTHROUGH,00:DC31:0:0:0,V05C-edges.csv
TP07F484,00:DC31:0:0:0,FALLTHROUGH,00:DC34:0:0:0,V05C-edges.csv
TP07F484,00:DC34:0:0:0,FALLTHROUGH,00:DC36:0:0:0,V05C-edges.csv
TP07F484,00:DC36:0:0:0,FALLTHROUGH_STATUS,00:DC38:0:0:0,V05C-edges.csv
TP07F484,00:DC38:0:0:0,FALLTHROUGH,00:DC3B:0:0:0,V05C-edges.csv
TP07F484,00:DC3B:0:0:0,FALLTHROUGH,00:DC3D:0:0:0,V05C-edges.csv
TP07F484,00:DC3D:0:0:0,FALLTHROUGH,00:DC40:0:0:0,V05C-edges.csv
TP07F484,00:DC40:0:0:0,FALLTHROUGH,00:DC41:0:0:0,V05C-edges.csv
TP07F484,00:DC41:0:0:0,FALLTHROUGH,00:DC42:0:0:0,V05C-edges.csv
TP07F484,00:DC42:0:0:0,FALLTHROUGH,00:DC45:0:0:0,V05C-edges.csv
TP07F484,00:DC45:0:0:0,DIRECT_CALL,04:80A7:0:0:0,V05C-dynamic-proofs.csv
TP07F484,00:DC49:0:0:0,FALLTHROUGH,00:DC4A:0:0:0,V05C-edges.csv
TP07F484,00:DC4A:0:0:0,FALLTHROUGH,00:DC4D:0:0:0,V05C-edges.csv
TP07F484,00:DC4D:0:0:0,FALLTHROUGH,00:DC50:0:0:0,V05C-edges.csv
TP07F484,00:DC50:0:0:0,FALLTHROUGH,00:DC51:0:0:0,V05C-edges.csv
TP07F484,00:DC51:0:0:0,FALLTHROUGH,00:DC52:0:0:0,V05C-edges.csv
TP07F484,00:DC52:0:0:0,FALLTHROUGH,00:DC55:0:0:0,V05C-edges.csv
TP07F484,00:DC55:0:0:0,FALLTHROUGH,00:DC58:0:0:0,V05C-edges.csv
TP07F484,00:DC58:0:0:0,FALLTHROUGH,00:DC59:0:0:0,V05C-edges.csv
TP07F484,00:DC59:0:0:0,FALLTHROUGH,00:DC5D:0:0:0,V05C-edges.csv
TP07F484,00:DC5D:0:0:0,FALLTHROUGH,00:DC60:0:0:0,V05C-edges.csv
TP07F484,00:DC60:0:0:0,FALLTHROUGH,00:DC63:0:0:0,V05C-edges.csv
TP07F484,00:DC63:0:0:0,FALLTHROUGH,00:DC65:0:0:0,V05C-edges.csv
TP07F484,00:DC65:0:0:0,FALLTHROUGH,00:DC68:0:0:0,V05C-edges.csv
TP07F484,00:DC68:0:0:0,FALLTHROUGH,00:DC69:0:0:0,V05C-edges.csv
TP07F484,00:DC69:0:0:0,FALLTHROUGH,00:DC6C:0:0:0,V05C-edges.csv
TP07F484,00:DC6C:0:0:0,FALLTHROUGH,00:DC6D:0:0:0,V05C-edges.csv
TP07F484,00:DC6D:0:0:0,FALLTHROUGH,00:DC6E:0:0:0,V05C-edges.csv
TP07F484,00:DC6E:0:0:0,FALLTHROUGH,00:DC72:0:0:0,V05C-edges.csv
TP07F484,00:DC72:0:0:0,FALLTHROUGH_STATUS,00:DC74:0:0:1,V05C-edges.csv
TP07F484,00:DC74:0:0:1,FALLTHROUGH_STATUS,00:DC76:0:0:1,V05C-edges.csv
TP07F484,00:DC76:0:0:1,FALLTHROUGH,00:DC78:0:0:1,V05C-edges.csv
TP07F484,00:DC78:0:0:1,FALLTHROUGH,00:DC7A:0:0:1,V05C-edges.csv
TP07F484,00:DC7A:0:0:1,FALLTHROUGH_STATUS,00:DC7C:0:0:0,V05C-edges.csv
TP07F484,00:DC7C:0:0:0,FALLTHROUGH,00:DC7F:0:0:0,V05C-edges.csv
TP07F484,00:DC7F:0:0:0,BRANCH_ALWAYS,00:DCA3:0:0:0,V05C-edges.csv
TP07F484,00:DC81:0:1:1,BRANCH_ALWAYS,00:DC9E:0:1:1,V05C-edges.csv
TP07F484,00:DC83:0:0:0,FALLTHROUGH_STATUS,00:DC85:0:0:1,V05C-edges.csv
TP07F484,00:DC85:0:0:1,FALLTHROUGH_STATUS,00:DC87:0:0:1,V05C-edges.csv
TP07F484,00:DC87:0:0:1,FALLTHROUGH,00:DC8A:0:0:1,V05C-edges.csv
TP07F484,00:DC8A:0:0:1,FALLTHROUGH,00:DC8D:0:0:1,V05C-edges.csv
TP07F484,00:DC8D:0:0:1,FALLTHROUGH,00:DC90:0:0:1,V05C-edges.csv
TP07F484,00:DC90:0:0:1,FALLTHROUGH,00:DC93:0:0:1,V05C-edges.csv
TP07F484,00:DC93:0:0:1,FALLTHROUGH,00:DC96:0:0:1,V05C-edges.csv
TP07F484,00:DC96:0:0:1,DIRECT_CALL,07:B3CE:0:0:1,V05C-dynamic-proofs.csv
TP07F484,00:DC9A:0:0:1,FALLTHROUGH_STATUS,00:DC9C:0:0:0,V05C-edges.csv
TP07F484,00:DC9C:0:0:0,BRANCH_ALWAYS,00:DCA3:0:0:0,V05C-edges.csv
TP07F484,00:DC9E:0:1:1,FALLTHROUGH_STATUS,00:DCA0:0:0:0,V05C-edges.csv
TP07F484,00:DCA0:0:0:0,FALLTHROUGH,00:DCA3:0:0:0,V05C-edges.csv
TP07F484,00:DCA3:0:0:0,FALLTHROUGH,00:DCA6:0:0:0,V05C-edges.csv
TP07F484,00:DCA6:0:0:0,FALLTHROUGH_STATUS,00:DCA8:0:1:1,V05C-edges.csv
TP07F484,00:DCA8:0:1:1,FALLTHROUGH,00:DCA9:0:1:1,V05C-edges.csv
TP07F484,00:DCA9:0:1:1,FALLTHROUGH,00:DCAC:0:1:1,V05C-edges.csv
TP07F484,00:DCAC:0:1:1,FALLTHROUGH,00:DCAD:0:1:1,V05C-edges.csv
TP07F484,00:DCAD:0:1:1,FALLTHROUGH,00:DCB0:0:1:1,V05C-edges.csv
TP07F484,00:DCB0:0:1:1,FALLTHROUGH,00:DCB1:0:1:1,V05C-edges.csv
TP07F484,00:DCB1:0:1:1,FALLTHROUGH,00:DCB4:0:1:1,V05C-edges.csv
TP07F484,00:DCB4:0:1:1,FALLTHROUGH,00:DCB5:0:1:1,V05C-edges.csv
TP07F484,00:DCB5:0:1:1,FALLTHROUGH,00:DCB8:0:1:1,V05C-edges.csv
TP07F484,00:DCB8:0:1:1,FALLTHROUGH,00:DCB9:0:1:1,V05C-edges.csv
TP07F484,00:DCB9:0:1:1,FALLTHROUGH,00:DCBC:0:1:1,V05C-edges.csv
TP07F484,00:DCBC:0:1:1,FALLTHROUGH,00:DCBD:0:1:1,V05C-edges.csv
TP07F484,00:DCBD:0:1:1,FALLTHROUGH,00:DCC0:0:1:1,V05C-edges.csv
TP07F484,00:DCC0:0:1:1,FALLTHROUGH,00:DCC1:0:1:1,V05C-edges.csv
TP07F484,00:DCC1:0:1:1,FALLTHROUGH,00:DCC4:0:1:1,V05C-edges.csv
TP07F484,00:DCC4:0:1:1,FALLTHROUGH,00:DCC5:0:1:1,V05C-edges.csv
TP07F484,00:DCC5:0:1:1,FALLTHROUGH,00:DCC8:0:1:1,V05C-edges.csv
TP07F484,00:DCC8:0:1:1,FALLTHROUGH,00:DCC9:0:1:1,V05C-edges.csv
TP07F484,00:DCC9:0:1:1,FALLTHROUGH,00:DCCC:0:1:1,V05C-edges.csv
TP07F484,00:DCCC:0:1:1,FALLTHROUGH,00:DCCD:0:1:1,V05C-edges.csv
TP07F484,00:DCCD:0:1:1,FALLTHROUGH,00:DCD0:0:1:1,V05C-edges.csv
TP07F484,00:DCD0:0:1:1,FALLTHROUGH_STATUS,00:DCD2:0:0:0,V05C-edges.csv
TP07F484,00:DCD2:0:0:0,FALLTHROUGH,00:DCD3:0:0:0,V05C-edges.csv
TP07F484,00:DCD3:0:0:0,FALLTHROUGH,00:DCD6:0:0:0,V05C-edges.csv
TP07F484,00:DCD6:0:0:0,FALLTHROUGH,00:DCD7:0:0:0,V05C-edges.csv
TP07F484,00:DCD7:0:0:0,FALLTHROUGH,00:DCDA:0:0:0,V05C-edges.csv
TP07F484,00:DCDA:0:0:0,FALLTHROUGH,00:DCDB:0:0:0,V05C-edges.csv
TP07F484,00:DCDB:0:0:0,FALLTHROUGH,00:DCDE:0:0:0,V05C-edges.csv
TP07F484,00:DCDE:0:0:0,FALLTHROUGH,00:DCDF:0:0:0,V05C-edges.csv
TP07F484,00:DCDF:0:0:0,FALLTHROUGH,00:DCE2:0:0:0,V05C-edges.csv
TP07F484,00:DCE2:0:0:0,FALLTHROUGH,00:DCE3:0:0:0,V05C-edges.csv
TP07F484,00:DCE3:0:0:0,FALLTHROUGH,00:DCE6:0:0:0,V05C-edges.csv
TP07F484,00:DCE6:0:0:0,FALLTHROUGH,00:DCE7:0:0:0,V05C-edges.csv
TP07F484,00:DCE7:0:0:0,FALLTHROUGH,00:DCEA:0:0:0,V05C-edges.csv
TP07F484,00:DCEA:0:0:0,FALLTHROUGH,00:DCEB:0:0:0,V05C-edges.csv
TP07F484,00:DCEB:0:0:0,FALLTHROUGH,00:DCEE:0:0:0,V05C-edges.csv
TP07F484,00:DCEE:0:0:0,FALLTHROUGH,00:DCEF:0:0:0,V05C-edges.csv
TP07F484,00:DCEF:0:0:0,FALLTHROUGH,00:DCF2:0:0:0,V05C-edges.csv
TP07F484,00:DCF2:0:0:0,FALLTHROUGH,00:DCF3:0:0:0,V05C-edges.csv
TP07F484,00:DCF3:0:0:0,FALLTHROUGH,00:DCF6:0:0:0,V05C-edges.csv
TP07F484,00:DCF6:0:0:0,FALLTHROUGH,00:DCF7:0:0:0,V05C-edges.csv
TP07F484,00:DCF7:0:0:0,FALLTHROUGH,00:DCFA:0:0:0,V05C-edges.csv
TP07F484,00:DCFA:0:0:0,FALLTHROUGH,00:DCFB:0:0:0,V05C-edges.csv
TP07F484,00:DCFB:0:0:0,FALLTHROUGH,00:DCFE:0:0:0,V05C-edges.csv
TP07F484,00:DCFE:0:0:0,FALLTHROUGH_STATUS,00:DD00:0:0:1,V05C-edges.csv
TP07F484,00:DD00:0:0:1,FALLTHROUGH_STATUS,00:DD02:0:0:1,V05C-edges.csv
TP07F484,00:DD02:0:0:1,FALLTHROUGH,00:DD03:0:0:1,V05C-edges.csv
TP07F484,00:DD03:0:0:1,FALLTHROUGH,00:DD06:0:0:1,V05C-edges.csv
TP07F484,00:DD06:0:0:1,FALLTHROUGH,00:DD07:0:0:1,V05C-edges.csv
TP07F484,00:DD07:0:0:1,FALLTHROUGH,00:DD0A:0:0:1,V05C-edges.csv
TP07F484,00:DD0A:0:0:1,FALLTHROUGH,00:DD0B:0:0:1,V05C-edges.csv
TP07F484,00:DD0B:0:0:1,FALLTHROUGH,00:DD0E:0:0:1,V05C-edges.csv
TP07F484,00:DD0E:0:0:1,FALLTHROUGH,00:DD0F:0:0:1,V05C-edges.csv
TP07F484,00:DD0F:0:0:1,FALLTHROUGH,00:DD12:0:0:1,V05C-edges.csv
TP07F484,00:DD12:0:0:1,FALLTHROUGH,00:DD13:0:0:1,V05C-edges.csv
TP07F484,00:DD13:0:0:1,FALLTHROUGH,00:DD16:0:0:1,V05C-edges.csv
TP07F484,00:DD16:0:0:1,FALLTHROUGH,00:DD17:0:0:1,V05C-edges.csv
TP07F484,00:DD17:0:0:1,FALLTHROUGH,00:DD1A:0:0:1,V05C-edges.csv
TP07F484,00:DD1A:0:0:1,FALLTHROUGH,00:DD1B:0:0:1,V05C-edges.csv
TP07F484,00:DD1B:0:0:1,FALLTHROUGH,00:DD1E:0:0:1,V05C-edges.csv
TP07F484,00:DD1E:0:0:1,FALLTHROUGH,00:DD1F:0:0:1,V05C-edges.csv
TP07F484,00:DD1F:0:0:1,FALLTHROUGH,00:DD22:0:0:1,V05C-edges.csv
TP07F484,00:DD22:0:0:1,FALLTHROUGH,00:DD23:0:0:1,V05C-edges.csv
TP07F484,00:DD23:0:0:1,FALLTHROUGH,00:DD26:0:0:1,V05C-edges.csv
TP07F484,00:DD26:0:0:1,FALLTHROUGH,00:DD27:0:0:1,V05C-edges.csv
TP07F484,00:DD27:0:0:1,FALLTHROUGH,00:DD2A:0:0:1,V05C-edges.csv
TP07F484,00:DD2A:0:0:1,FALLTHROUGH,00:DD2B:0:0:1,V05C-edges.csv
TP07F484,00:DD2B:0:0:1,FALLTHROUGH,00:DD2E:0:0:1,V05C-edges.csv
TP07F484,00:DD2E:0:0:1,FALLTHROUGH,00:DD2F:0:0:1,V05C-edges.csv
TP07F484,00:DD2F:0:0:1,FALLTHROUGH,00:DD32:0:0:1,V05C-edges.csv
TP07F484,00:DD32:0:0:1,FALLTHROUGH,00:DD33:0:0:1,V05C-edges.csv
TP07F484,00:DD33:0:0:1,FALLTHROUGH,00:DD36:0:0:1,V05C-edges.csv
TP07F484,00:DD36:0:0:1,FALLTHROUGH,00:DD37:0:0:1,V05C-edges.csv
TP07F484,00:DD37:0:0:1,FALLTHROUGH,00:DD3A:0:0:1,V05C-edges.csv
TP07F484,00:DD3A:0:0:1,RETURN_PROVED,00:C990:0:0:1,V05C-edges.csv
