Family,Context,ROM_Offset,Bytes,Mnemonic,Mode,Carry_In_Facts,Zero_In_Facts,Access_Expression,Proof_Source,Admission_State
TP07F507,04:A868:0:0:0,0x022868,E210,SEP,IMM8,UNKNOWN,1,NONE,V05C-contexts.csv,SOURCE_PROVED_NOT_YET_ADMITTED
TP07F507,04:A86A:0:0:1,0x02286A,C220,REP,IMM8,UNKNOWN,1,NONE,V05C-contexts.csv,SOURCE_PROVED_NOT_YET_ADMITTED
TP07F507,04:A86C:0:0:1,0x02286C,AD1600,LDA,ABS,UNKNOWN,1,DBR:0016,V05C-contexts.csv,SOURCE_PROVED_NOT_YET_ADMITTED
TP07F507,04:A86F:0:0:1,0x02286F,48,PHA,IMP,UNKNOWN,UNKNOWN,NONE,V05C-contexts.csv,SOURCE_PROVED_NOT_YET_ADMITTED
TP07F507,04:A870:0:0:1,0x022870,AE1800,LDX,ABS,UNKNOWN,UNKNOWN,DBR:0018,V05C-contexts.csv,SOURCE_PROVED_NOT_YET_ADMITTED
TP07F507,04:A873:0:0:1,0x022873,DA,PHX,IMP,UNKNOWN,UNKNOWN,NONE,V05C-contexts.csv,SOURCE_PROVED_NOT_YET_ADMITTED
TP07F507,04:A874:0:0:1,0x022874,AD4900,LDA,ABS,UNKNOWN,UNKNOWN,DBR:0049,V05C-contexts.csv,SOURCE_PROVED_NOT_YET_ADMITTED
TP07F507,04:A877:0:0:1,0x022877,48,PHA,IMP,UNKNOWN,UNKNOWN,NONE,V05C-contexts.csv,SOURCE_PROVED_NOT_YET_ADMITTED
TP07F507,04:A878:0:0:1,0x022878,AE4B00,LDX,ABS,UNKNOWN,UNKNOWN,DBR:004B,V05C-contexts.csv,SOURCE_PROVED_NOT_YET_ADMITTED
TP07F507,04:A87B:0:0:1,0x02287B,DA,PHX,IMP,UNKNOWN,UNKNOWN,NONE,V05C-contexts.csv,SOURCE_PROVED_NOT_YET_ADMITTED
TP07F507,04:A87C:0:0:1,0x02287C,AD1C00,LDA,ABS,UNKNOWN,UNKNOWN,DBR:001C,V05C-contexts.csv,SOURCE_PROVED_NOT_YET_ADMITTED
TP07F507,04:A87F:0:0:1,0x02287F,48,PHA,IMP,UNKNOWN,UNKNOWN,NONE,V05C-contexts.csv,SOURCE_PROVED_NOT_YET_ADMITTED
TP07F507,04:A880:0:0:1,0x022880,AE1E00,LDX,ABS,UNKNOWN,UNKNOWN,DBR:001E,V05C-contexts.csv,SOURCE_PROVED_NOT_YET_ADMITTED
TP07F507,04:A883:0:0:1,0x022883,DA,PHX,IMP,UNKNOWN,UNKNOWN,NONE,V05C-contexts.csv,SOURCE_PROVED_NOT_YET_ADMITTED
TP07F507,04:A884:0:0:1,0x022884,AD1F00,LDA,ABS,UNKNOWN,UNKNOWN,DBR:001F,V05C-contexts.csv,SOURCE_PROVED_NOT_YET_ADMITTED
TP07F507,04:A887:0:0:1,0x022887,48,PHA,IMP,UNKNOWN,UNKNOWN,NONE,V05C-contexts.csv,SOURCE_PROVED_NOT_YET_ADMITTED
TP07F507,04:A888:0:0:1,0x022888,AE2100,LDX,ABS,UNKNOWN,UNKNOWN,DBR:0021,V05C-contexts.csv,SOURCE_PROVED_NOT_YET_ADMITTED
TP07F507,04:A88B:0:0:1,0x02288B,DA,PHX,IMP,UNKNOWN,UNKNOWN,NONE,V05C-contexts.csv,SOURCE_PROVED_NOT_YET_ADMITTED
TP07F507,04:A88C:0:0:1,0x02288C,AD2200,LDA,ABS,UNKNOWN,UNKNOWN,DBR:0022,V05C-contexts.csv,SOURCE_PROVED_NOT_YET_ADMITTED
TP07F507,04:A88F:0:0:1,0x02288F,48,PHA,IMP,UNKNOWN,UNKNOWN,NONE,V05C-contexts.csv,SOURCE_PROVED_NOT_YET_ADMITTED
TP07F507,04:A890:0:0:1,0x022890,AE2400,LDX,ABS,UNKNOWN,UNKNOWN,DBR:0024,V05C-contexts.csv,SOURCE_PROVED_NOT_YET_ADMITTED
TP07F507,04:A893:0:0:1,0x022893,DA,PHX,IMP,UNKNOWN,UNKNOWN,NONE,V05C-contexts.csv,SOURCE_PROVED_NOT_YET_ADMITTED
TP07F507,04:A894:0:0:1,0x022894,C230,REP,IMM8,UNKNOWN,UNKNOWN,NONE,V05C-contexts.csv,SOURCE_PROVED_NOT_YET_ADMITTED
TP07F507,04:A896:0:0:0,0x022896,AD0B04,LDA,ABS,UNKNOWN,UNKNOWN,DBR:040B,V05C-contexts.csv,SOURCE_PROVED_NOT_YET_ADMITTED
TP07F507,04:A899:0:0:0,0x022899,48,PHA,IMP,UNKNOWN,UNKNOWN,NONE,V05C-contexts.csv,SOURCE_PROVED_NOT_YET_ADMITTED
TP07F507,04:A89A:0:0:0,0x02289A,AD0D04,LDA,ABS,UNKNOWN,UNKNOWN,DBR:040D,V05C-contexts.csv,SOURCE_PROVED_NOT_YET_ADMITTED
TP07F507,04:A89D:0:0:0,0x02289D,48,PHA,IMP,UNKNOWN,UNKNOWN,NONE,V05C-contexts.csv,SOURCE_PROVED_NOT_YET_ADMITTED
TP07F507,04:A89E:0:0:0,0x02289E,AD1504,LDA,ABS,UNKNOWN,UNKNOWN,DBR:0415,V05C-contexts.csv,SOURCE_PROVED_NOT_YET_ADMITTED
TP07F507,04:A8A1:0:0:0,0x0228A1,48,PHA,IMP,UNKNOWN,UNKNOWN,NONE,V05C-contexts.csv,SOURCE_PROVED_NOT_YET_ADMITTED
TP07F507,04:A8A2:0:0:0,0x0228A2,AD1704,LDA,ABS,UNKNOWN,UNKNOWN,DBR:0417,V05C-contexts.csv,SOURCE_PROVED_NOT_YET_ADMITTED
TP07F507,04:A8A5:0:0:0,0x0228A5,48,PHA,IMP,UNKNOWN,UNKNOWN,NONE,V05C-contexts.csv,SOURCE_PROVED_NOT_YET_ADMITTED
TP07F507,04:A8A6:0:0:0,0x0228A6,E210,SEP,IMM8,UNKNOWN,UNKNOWN,NONE,V05C-contexts.csv,SOURCE_PROVED_NOT_YET_ADMITTED
TP07F507,04:A8A8:0:0:1,0x0228A8,C220,REP,IMM8,UNKNOWN,UNKNOWN,NONE,V05C-contexts.csv,SOURCE_PROVED_NOT_YET_ADMITTED
TP07F507,04:A8AA:0:0:1,0x0228AA,A90075,LDA,IMM_M,UNKNOWN,UNKNOWN,NONE,V05C-contexts.csv,SOURCE_PROVED_NOT_YET_ADMITTED
TP07F507,04:A8AD:0:0:1,0x0228AD,8D1F00,STA,ABS,UNKNOWN,0,DBR:001F,V05C-contexts.csv,SOURCE_PROVED_NOT_YET_ADMITTED
TP07F507,04:A8B0:0:0:1,0x0228B0,A27E,LDX,IMM_X,UNKNOWN,0,NONE,V05C-contexts.csv,SOURCE_PROVED_NOT_YET_ADMITTED
TP07F507,04:A8B2:0:0:1,0x0228B2,8E2100,STX,ABS,UNKNOWN,0,DBR:0021,V05C-contexts.csv,SOURCE_PROVED_NOT_YET_ADMITTED
TP07F507,04:A8B5:0:0:1,0x0228B5,22069206,JSL,ABSL_JUMP,UNKNOWN,0,NONE,V05C-contexts.csv,SOURCE_PROVED_NOT_YET_ADMITTED
TP07F507,04:A8B9:0:0:1,0x0228B9,C230,REP,IMM8,UNKNOWN|1,UNKNOWN,NONE,V05C-contexts.csv,SOURCE_PROVED_NOT_YET_ADMITTED
TP07F507,04:A8BB:0:0:0,0x0228BB,AD3414,LDA,ABS,UNKNOWN|1,UNKNOWN,DBR:1434,V05C-contexts.csv,SOURCE_PROVED_NOT_YET_ADMITTED
TP07F507,04:A8BE:0:0:0,0x0228BE,D003,BNE,REL8,UNKNOWN|1,UNKNOWN,NONE,V05C-contexts.csv,SOURCE_PROVED_NOT_YET_ADMITTED
TP07F507,04:A8C0:0:0:0,0x0228C0,82EF09,BRL,REL16,UNKNOWN|1,1,NONE,V05C-contexts.csv,SOURCE_PROVED_NOT_YET_ADMITTED
TP07F507,04:A8C3:0:0:0,0x0228C3,C230,REP,IMM8,UNKNOWN|1,0,NONE,V05C-contexts.csv,SOURCE_PROVED_NOT_YET_ADMITTED
TP07F507,04:A8C5:0:0:0,0x0228C5,AD3414,LDA,ABS,UNKNOWN|1,0,DBR:1434,V05C-contexts.csv,SOURCE_PROVED_NOT_YET_ADMITTED
TP07F507,04:A8C8:0:0:0,0x0228C8,229DC200,JSL,ABSL_JUMP,UNKNOWN|1,UNKNOWN,NONE,V05C-contexts.csv,SOURCE_PROVED_NOT_YET_ADMITTED
TP07F507,04:A8CC:0:0:1,0x0228CC,E210,SEP,IMM8,UNKNOWN,UNKNOWN,NONE,V05C-contexts.csv,SOURCE_PROVED_NOT_YET_ADMITTED
TP07F507,04:A8CE:0:0:1,0x0228CE,C220,REP,IMM8,UNKNOWN,UNKNOWN,NONE,V05C-contexts.csv,SOURCE_PROVED_NOT_YET_ADMITTED
TP07F507,04:A8D0:0:0:1,0x0228D0,8D4900,STA,ABS,UNKNOWN,UNKNOWN,DBR:0049,V05C-contexts.csv,SOURCE_PROVED_NOT_YET_ADMITTED
TP07F507,04:A8D3:0:0:1,0x0228D3,8E4B00,STX,ABS,UNKNOWN,UNKNOWN,DBR:004B,V05C-contexts.csv,SOURCE_PROVED_NOT_YET_ADMITTED
TP07F507,04:A8D6:0:0:1,0x0228D6,AD0A07,LDA,ABS,UNKNOWN,UNKNOWN,DBR:070A,V05C-contexts.csv,SOURCE_PROVED_NOT_YET_ADMITTED
TP07F507,04:A8D9:0:0:1,0x0228D9,C98000,CMP,IMM_M,UNKNOWN,UNKNOWN,NONE,V05C-contexts.csv,SOURCE_PROVED_NOT_YET_ADMITTED
TP07F507,04:A8DC:0:0:1,0x0228DC,F003,BEQ,REL8,UNKNOWN,UNKNOWN,NONE,V05C-contexts.csv,SOURCE_PROVED_NOT_YET_ADMITTED
TP07F507,04:A8DE:0:0:1,0x0228DE,822F02,BRL,REL16,UNKNOWN,0,NONE,V05C-contexts.csv,SOURCE_PROVED_NOT_YET_ADMITTED
TP07F507,04:A8E1:0:0:1,0x0228E1,229FC40C,JSL,ABSL_JUMP,UNKNOWN,1,NONE,V05C-contexts.csv,SOURCE_PROVED_NOT_YET_ADMITTED
TP07F507,04:A8E5:0:0:0,0x0228E5,C230,REP,IMM8,UNKNOWN,UNKNOWN,NONE,V05C-contexts.csv,SOURCE_PROVED_NOT_YET_ADMITTED
TP07F507,04:A8E7:0:0:0,0x0228E7,A04100,LDY,IMM_X,UNKNOWN,UNKNOWN,NONE,V05C-contexts.csv,SOURCE_PROVED_NOT_YET_ADMITTED
TP07F507,04:A8EA:0:0:0,0x0228EA,B749,LDA,DP_IND_LONG_Y,UNKNOWN,0,NONE,V05C-contexts.csv,SOURCE_PROVED_NOT_YET_ADMITTED
TP07F507,04:A8EC:0:0:0,0x0228EC,8D9E07,STA,ABS,UNKNOWN,UNKNOWN,DBR:079E,V05C-contexts.csv,SOURCE_PROVED_NOT_YET_ADMITTED
TP07F507,04:A8EF:0:0:0,0x0228EF,C8,INY,IMP,UNKNOWN,UNKNOWN,NONE,V05C-contexts.csv,SOURCE_PROVED_NOT_YET_ADMITTED
TP07F507,04:A8F0:0:0:0,0x0228F0,C8,INY,IMP,UNKNOWN,UNKNOWN,NONE,V05C-contexts.csv,SOURCE_PROVED_NOT_YET_ADMITTED
TP07F507,04:A8F1:0:0:0,0x0228F1,B749,LDA,DP_IND_LONG_Y,UNKNOWN,UNKNOWN,NONE,V05C-contexts.csv,SOURCE_PROVED_NOT_YET_ADMITTED
TP07F507,04:A8F3:0:0:0,0x0228F3,8DA007,STA,ABS,UNKNOWN,UNKNOWN,DBR:07A0,V05C-contexts.csv,SOURCE_PROVED_NOT_YET_ADMITTED
TP07F507,04:A8F6:0:0:0,0x0228F6,AD321F,LDA,ABS,UNKNOWN,UNKNOWN,DBR:1F32,V05C-contexts.csv,SOURCE_PROVED_NOT_YET_ADMITTED
TP07F507,04:A8F9:0:0:0,0x0228F9,38,SEC,IMP,UNKNOWN,UNKNOWN,NONE,V05C-contexts.csv,SOURCE_PROVED_NOT_YET_ADMITTED
TP07F507,04:A8FA:0:0:0,0x0228FA,EDA007,SBC,ABS,1,UNKNOWN,DBR:07A0,V05C-contexts.csv,SOURCE_PROVED_NOT_YET_ADMITTED
TP07F507,04:A8FD:0:0:0,0x0228FD,8DA007,STA,ABS,UNKNOWN,UNKNOWN,DBR:07A0,V05C-contexts.csv,SOURCE_PROVED_NOT_YET_ADMITTED
TP07F507,04:A900:0:0:0,0x022900,AD301F,LDA,ABS,UNKNOWN,UNKNOWN,DBR:1F30,V05C-contexts.csv,SOURCE_PROVED_NOT_YET_ADMITTED
TP07F507,04:A903:0:0:0,0x022903,38,SEC,IMP,UNKNOWN,UNKNOWN,NONE,V05C-contexts.csv,SOURCE_PROVED_NOT_YET_ADMITTED
TP07F507,04:A904:0:0:0,0x022904,ED9E07,SBC,ABS,1,UNKNOWN,DBR:079E,V05C-contexts.csv,SOURCE_PROVED_NOT_YET_ADMITTED
TP07F507,04:A907:0:0:0,0x022907,8D9E07,STA,ABS,UNKNOWN,UNKNOWN,DBR:079E,V05C-contexts.csv,SOURCE_PROVED_NOT_YET_ADMITTED
TP07F507,04:A90A:0:0:0,0x02290A,AD9E07,LDA,ABS,UNKNOWN,UNKNOWN,DBR:079E,V05C-contexts.csv,SOURCE_PROVED_NOT_YET_ADMITTED
TP07F507,04:A90D:0:0:0,0x02290D,8D8A07,STA,ABS,UNKNOWN,UNKNOWN,DBR:078A,V05C-contexts.csv,SOURCE_PROVED_NOT_YET_ADMITTED
TP07F507,04:A910:0:0:0,0x022910,ADA007,LDA,ABS,UNKNOWN,UNKNOWN,DBR:07A0,V05C-contexts.csv,SOURCE_PROVED_NOT_YET_ADMITTED
TP07F507,04:A913:0:0:0,0x022913,8D8C07,STA,ABS,UNKNOWN,UNKNOWN,DBR:078C,V05C-contexts.csv,SOURCE_PROVED_NOT_YET_ADMITTED
TP07F507,04:A916:0:0:0,0x022916,A9FA00,LDA,IMM_M,UNKNOWN,UNKNOWN,NONE,V05C-contexts.csv,SOURCE_PROVED_NOT_YET_ADMITTED
TP07F507,04:A919:0:0:0,0x022919,8D8E07,STA,ABS,UNKNOWN,0,DBR:078E,V05C-contexts.csv,SOURCE_PROVED_NOT_YET_ADMITTED
TP07F507,04:A91C:0:0:0,0x02291C,A90000,LDA,IMM_M,UNKNOWN,0,NONE,V05C-contexts.csv,SOURCE_PROVED_NOT_YET_ADMITTED
TP07F507,04:A91F:0:0:0,0x02291F,8D9007,STA,ABS,UNKNOWN,1,DBR:0790,V05C-contexts.csv,SOURCE_PROVED_NOT_YET_ADMITTED
TP07F507,04:A922:0:0:0,0x022922,227EF807,JSL,ABSL_JUMP,UNKNOWN,1,NONE,V05C-contexts.csv,SOURCE_PROVED_NOT_YET_ADMITTED
TP07F507,04:A926:0:0:0,0x022926,AD8E07,LDA,ABS,UNKNOWN|0|1,UNKNOWN,DBR:078E,V05C-contexts.csv,SOURCE_PROVED_NOT_YET_ADMITTED
TP07F507,04:A929:0:0:0,0x022929,8D8A07,STA,ABS,UNKNOWN|0|1,UNKNOWN,DBR:078A,V05C-contexts.csv,SOURCE_PROVED_NOT_YET_ADMITTED
TP07F507,04:A92C:0:0:0,0x02292C,9C8C07,STZ,ABS,UNKNOWN|0|1,UNKNOWN,DBR:078C,V05C-contexts.csv,SOURCE_PROVED_NOT_YET_ADMITTED
TP07F507,04:A92F:0:0:0,0x02292F,221BFA04,JSL,ABSL_JUMP,UNKNOWN|0|1,UNKNOWN,NONE,V05C-contexts.csv,SOURCE_PROVED_NOT_YET_ADMITTED
TP07F507,04:A933:0:0:0,0x022933,C230,REP,IMM8,UNKNOWN|0|1,UNKNOWN,NONE,V05C-contexts.csv,SOURCE_PROVED_NOT_YET_ADMITTED
TP07F507,04:A935:0:0:0,0x022935,AD1F00,LDA,ABS,UNKNOWN|0|1,UNKNOWN,DBR:001F,V05C-contexts.csv,SOURCE_PROVED_NOT_YET_ADMITTED
TP07F507,04:A938:0:0:0,0x022938,AE2100,LDX,ABS,UNKNOWN|0|1,UNKNOWN,DBR:0021,V05C-contexts.csv,SOURCE_PROVED_NOT_YET_ADMITTED
TP07F507,04:A93B:0:0:0,0x02293B,8D9207,STA,ABS,UNKNOWN|0|1,UNKNOWN,DBR:0792,V05C-contexts.csv,SOURCE_PROVED_NOT_YET_ADMITTED
TP07F507,04:A93E:0:0:0,0x02293E,8E9407,STX,ABS,UNKNOWN|0|1,UNKNOWN,DBR:0794,V05C-contexts.csv,SOURCE_PROVED_NOT_YET_ADMITTED
TP07F507,04:A941:0:0:0,0x022941,22D6D804,JSL,ABSL_JUMP,UNKNOWN|0|1,UNKNOWN,NONE,V05C-contexts.csv,SOURCE_PROVED_NOT_YET_ADMITTED
TP07F507,04:A945:0:0:0,0x022945,ADA207,LDA,ABS,UNKNOWN,UNKNOWN,DBR:07A2,V05C-contexts.csv,SOURCE_PROVED_NOT_YET_ADMITTED
TP07F507,04:A948:0:0:0,0x022948,4A,LSR,ACC,UNKNOWN,UNKNOWN,NONE,V05C-contexts.csv,SOURCE_PROVED_NOT_YET_ADMITTED
TP07F507,04:A949:0:0:0,0x022949,8DA207,STA,ABS,UNKNOWN,UNKNOWN,DBR:07A2,V05C-contexts.csv,SOURCE_PROVED_NOT_YET_ADMITTED
TP07F507,04:A94C:0:0:0,0x02294C,A91900,LDA,IMM_M,UNKNOWN,UNKNOWN,NONE,V05C-contexts.csv,SOURCE_PROVED_NOT_YET_ADMITTED
TP07F507,04:A94F:0:0:0,0x02294F,38,SEC,IMP,UNKNOWN,0,NONE,V05C-contexts.csv,SOURCE_PROVED_NOT_YET_ADMITTED
TP07F507,04:A950:0:0:0,0x022950,EDA207,SBC,ABS,1,0,DBR:07A2,V05C-contexts.csv,SOURCE_PROVED_NOT_YET_ADMITTED
TP07F507,04:A953:0:0:0,0x022953,0A,ASL,ACC,UNKNOWN,UNKNOWN,NONE,V05C-contexts.csv,SOURCE_PROVED_NOT_YET_ADMITTED
TP07F507,04:A954:0:0:0,0x022954,8D8A07,STA,ABS,UNKNOWN,UNKNOWN,DBR:078A,V05C-contexts.csv,SOURCE_PROVED_NOT_YET_ADMITTED
TP07F507,04:A957:0:0:0,0x022957,A90F00,LDA,IMM_M,UNKNOWN,UNKNOWN,NONE,V05C-contexts.csv,SOURCE_PROVED_NOT_YET_ADMITTED
TP07F507,04:A95A:0:0:0,0x02295A,1A,INC,ACC,UNKNOWN,0,NONE,V05C-contexts.csv,SOURCE_PROVED_NOT_YET_ADMITTED
TP07F507,04:A95B:0:0:0,0x02295B,8D8E07,STA,ABS,UNKNOWN,UNKNOWN,DBR:078E,V05C-contexts.csv,SOURCE_PROVED_NOT_YET_ADMITTED
TP07F507,04:A95E:0:0:0,0x02295E,223CA306,JSL,ABSL_JUMP,UNKNOWN,UNKNOWN,NONE,V05C-contexts.csv,SOURCE_PROVED_NOT_YET_ADMITTED
TP07F507,04:A962:0:0:0,0x022962,C230,REP,IMM8,UNKNOWN,UNKNOWN,NONE,V05C-contexts.csv,SOURCE_PROVED_NOT_YET_ADMITTED
TP07F507,04:A964:0:0:0,0x022964,A07E00,LDY,IMM_X,UNKNOWN,UNKNOWN,NONE,V05C-contexts.csv,SOURCE_PROVED_NOT_YET_ADMITTED
TP07F507,04:A967:0:0:0,0x022967,B749,LDA,DP_IND_LONG_Y,UNKNOWN,0,NONE,V05C-contexts.csv,SOURCE_PROVED_NOT_YET_ADMITTED
TP07F507,04:A969:0:0:0,0x022969,8D8A07,STA,ABS,UNKNOWN,UNKNOWN,DBR:078A,V05C-contexts.csv,SOURCE_PROVED_NOT_YET_ADMITTED
TP07F507,04:A96C:0:0:0,0x02296C,9C8C07,STZ,ABS,UNKNOWN,UNKNOWN,DBR:078C,V05C-contexts.csv,SOURCE_PROVED_NOT_YET_ADMITTED
TP07F507,04:A96F:0:0:0,0x02296F,221BFA04,JSL,ABSL_JUMP,UNKNOWN,UNKNOWN,NONE,V05C-contexts.csv,SOURCE_PROVED_NOT_YET_ADMITTED
TP07F507,04:A973:0:0:0,0x022973,E210,SEP,IMM8,UNKNOWN|0|1,UNKNOWN,NONE,V05C-contexts.csv,SOURCE_PROVED_NOT_YET_ADMITTED
TP07F507,04:A975:0:0:1,0x022975,C220,REP,IMM8,UNKNOWN|0|1,UNKNOWN,NONE,V05C-contexts.csv,SOURCE_PROVED_NOT_YET_ADMITTED
TP07F507,04:A977:0:0:1,0x022977,AD1F00,LDA,ABS,UNKNOWN|0|1,UNKNOWN,DBR:001F,V05C-contexts.csv,SOURCE_PROVED_NOT_YET_ADMITTED
TP07F507,04:A97A:0:0:1,0x02297A,AE2100,LDX,ABS,UNKNOWN|0|1,UNKNOWN,DBR:0021,V05C-contexts.csv,SOURCE_PROVED_NOT_YET_ADMITTED
TP07F507,04:A97D:0:0:1,0x02297D,8D9207,STA,ABS,UNKNOWN|0|1,UNKNOWN,DBR:0792,V05C-contexts.csv,SOURCE_PROVED_NOT_YET_ADMITTED
TP07F507,04:A980:0:0:1,0x022980,8E9407,STX,ABS,UNKNOWN|0|1,UNKNOWN,DBR:0794,V05C-contexts.csv,SOURCE_PROVED_NOT_YET_ADMITTED
TP07F507,04:A983:0:0:1,0x022983,22D6D804,JSL,ABSL_JUMP,UNKNOWN|0|1,UNKNOWN,NONE,V05C-contexts.csv,SOURCE_PROVED_NOT_YET_ADMITTED
TP07F507,04:A987:0:0:0,0x022987,ADA207,LDA,ABS,UNKNOWN,UNKNOWN,DBR:07A2,V05C-contexts.csv,SOURCE_PROVED_NOT_YET_ADMITTED
TP07F507,04:A98A:0:0:0,0x02298A,4A,LSR,ACC,UNKNOWN,UNKNOWN,NONE,V05C-contexts.csv,SOURCE_PROVED_NOT_YET_ADMITTED
TP07F507,04:A98B:0:0:0,0x02298B,8DA207,STA,ABS,UNKNOWN,UNKNOWN,DBR:07A2,V05C-contexts.csv,SOURCE_PROVED_NOT_YET_ADMITTED
TP07F507,04:A98E:0:0:0,0x02298E,A91900,LDA,IMM_M,UNKNOWN,UNKNOWN,NONE,V05C-contexts.csv,SOURCE_PROVED_NOT_YET_ADMITTED
TP07F507,04:A991:0:0:0,0x022991,38,SEC,IMP,UNKNOWN,0,NONE,V05C-contexts.csv,SOURCE_PROVED_NOT_YET_ADMITTED
TP07F507,04:A992:0:0:0,0x022992,EDA207,SBC,ABS,1,0,DBR:07A2,V05C-contexts.csv,SOURCE_PROVED_NOT_YET_ADMITTED
TP07F507,04:A995:0:0:0,0x022995,0A,ASL,ACC,UNKNOWN,UNKNOWN,NONE,V05C-contexts.csv,SOURCE_PROVED_NOT_YET_ADMITTED
TP07F507,04:A996:0:0:0,0x022996,8D8A07,STA,ABS,UNKNOWN,UNKNOWN,DBR:078A,V05C-contexts.csv,SOURCE_PROVED_NOT_YET_ADMITTED
TP07F507,04:A999:0:0:0,0x022999,A91800,LDA,IMM_M,UNKNOWN,UNKNOWN,NONE,V05C-contexts.csv,SOURCE_PROVED_NOT_YET_ADMITTED
TP07F507,04:A99C:0:0:0,0x02299C,8D8E07,STA,ABS,UNKNOWN,0,DBR:078E,V05C-contexts.csv,SOURCE_PROVED_NOT_YET_ADMITTED
TP07F507,04:A99F:0:0:0,0x02299F,223CA306,JSL,ABSL_JUMP,UNKNOWN,0,NONE,V05C-contexts.csv,SOURCE_PROVED_NOT_YET_ADMITTED
TP07F507,04:A9A3:0:0:0,0x0229A3,C230,REP,IMM8,UNKNOWN,UNKNOWN,NONE,V05C-contexts.csv,SOURCE_PROVED_NOT_YET_ADMITTED
TP07F507,04:A9A5:0:0:0,0x0229A5,A05A00,LDY,IMM_X,UNKNOWN,UNKNOWN,NONE,V05C-contexts.csv,SOURCE_PROVED_NOT_YET_ADMITTED
TP07F507,04:A9A8:0:0:0,0x0229A8,B749,LDA,DP_IND_LONG_Y,UNKNOWN,0,NONE,V05C-contexts.csv,SOURCE_PROVED_NOT_YET_ADMITTED
TP07F507,04:A9AA:0:0:0,0x0229AA,29FF00,AND,IMM_M,UNKNOWN,UNKNOWN,NONE,V05C-contexts.csv,SOURCE_PROVED_NOT_YET_ADMITTED
TP07F507,04:A9AD:0:0:0,0x0229AD,A8,TAY,IMP,UNKNOWN,UNKNOWN,NONE,V05C-contexts.csv,SOURCE_PROVED_NOT_YET_ADMITTED
TP07F507,04:A9AE:0:0:0,0x0229AE,2263C300,JSL,ABSL_JUMP,UNKNOWN,UNKNOWN,NONE,V05C-contexts.csv,SOURCE_PROVED_NOT_YET_ADMITTED
TP07F507,04:A9B2:0:0:1,0x0229B2,E210,SEP,IMM8,UNKNOWN,1,NONE,V05C-contexts.csv,SOURCE_PROVED_NOT_YET_ADMITTED
TP07F507,04:A9B4:0:0:1,0x0229B4,C220,REP,IMM8,UNKNOWN,1,NONE,V05C-contexts.csv,SOURCE_PROVED_NOT_YET_ADMITTED
TP07F507,04:A9B6:0:0:1,0x0229B6,8D1C00,STA,ABS,UNKNOWN,1,DBR:001C,V05C-contexts.csv,SOURCE_PROVED_NOT_YET_ADMITTED
TP07F507,04:A9B9:0:0:1,0x0229B9,8E1E00,STX,ABS,UNKNOWN,1,DBR:001E,V05C-contexts.csv,SOURCE_PROVED_NOT_YET_ADMITTED
TP07F507,04:A9BC:0:0:1,0x0229BC,A000,LDY,IMM_X,UNKNOWN,1,NONE,V05C-contexts.csv,SOURCE_PROVED_NOT_YET_ADMITTED
TP07F507,04:A9BE:0:0:1,0x0229BE,B71C,LDA,DP_IND_LONG_Y,UNKNOWN,1,NONE,V05C-contexts.csv,SOURCE_PROVED_NOT_YET_ADMITTED
TP07F507,04:A9C0:0:0:1,0x0229C0,0A,ASL,ACC,UNKNOWN,UNKNOWN,NONE,V05C-contexts.csv,SOURCE_PROVED_NOT_YET_ADMITTED
TP07F507,04:A9C1:0:0:1,0x0229C1,8D1504,STA,ABS,UNKNOWN,UNKNOWN,DBR:0415,V05C-contexts.csv,SOURCE_PROVED_NOT_YET_ADMITTED
TP07F507,04:A9C4:0:0:1,0x0229C4,E210,SEP,IMM8,UNKNOWN,UNKNOWN,NONE,V05C-contexts.csv,SOURCE_PROVED_NOT_YET_ADMITTED
TP07F507,04:A9C6:0:0:1,0x0229C6,C220,REP,IMM8,UNKNOWN,UNKNOWN,NONE,V05C-contexts.csv,SOURCE_PROVED_NOT_YET_ADMITTED
TP07F507,04:A9C8:0:0:1,0x0229C8,ADCF06,LDA,ABS,UNKNOWN,UNKNOWN,DBR:06CF,V05C-contexts.csv,SOURCE_PROVED_NOT_YET_ADMITTED
TP07F507,04:A9CB:0:0:1,0x0229CB,8D2200,STA,ABS,UNKNOWN,UNKNOWN,DBR:0022,V05C-contexts.csv,SOURCE_PROVED_NOT_YET_ADMITTED
TP07F507,04:A9CE:0:0:1,0x0229CE,AED106,LDX,ABS,UNKNOWN,UNKNOWN,DBR:06D1,V05C-contexts.csv,SOURCE_PROVED_NOT_YET_ADMITTED
TP07F507,04:A9D1:0:0:1,0x0229D1,8E2400,STX,ABS,UNKNOWN,UNKNOWN,DBR:0024,V05C-contexts.csv,SOURCE_PROVED_NOT_YET_ADMITTED
TP07F507,04:A9D4:0:0:1,0x0229D4,C230,REP,IMM8,UNKNOWN,UNKNOWN,NONE,V05C-contexts.csv,SOURCE_PROVED_NOT_YET_ADMITTED
TP07F507,04:A9D6:0:0:0,0x0229D6,AC1504,LDY,ABS,UNKNOWN,UNKNOWN,DBR:0415,V05C-contexts.csv,SOURCE_PROVED_NOT_YET_ADMITTED
TP07F507,04:A9D9:0:0:0,0x0229D9,B722,LDA,DP_IND_LONG_Y,UNKNOWN,UNKNOWN,NONE,V05C-contexts.csv,SOURCE_PROVED_NOT_YET_ADMITTED
TP07F507,04:A9DB:0:0:0,0x0229DB,8D2200,STA,ABS,UNKNOWN,UNKNOWN,DBR:0022,V05C-contexts.csv,SOURCE_PROVED_NOT_YET_ADMITTED
TP07F507,04:A9DE:0:0:0,0x0229DE,E210,SEP,IMM8,UNKNOWN,UNKNOWN,NONE,V05C-contexts.csv,SOURCE_PROVED_NOT_YET_ADMITTED
TP07F507,04:A9E0:0:0:1,0x0229E0,C220,REP,IMM8,UNKNOWN,UNKNOWN,NONE,V05C-contexts.csv,SOURCE_PROVED_NOT_YET_ADMITTED
TP07F507,04:A9E2:0:0:1,0x0229E2,AD2200,LDA,ABS,UNKNOWN,UNKNOWN,DBR:0022,V05C-contexts.csv,SOURCE_PROVED_NOT_YET_ADMITTED
TP07F507,04:A9E5:0:0:1,0x0229E5,AE2400,LDX,ABS,UNKNOWN,UNKNOWN,DBR:0024,V05C-contexts.csv,SOURCE_PROVED_NOT_YET_ADMITTED
TP07F507,04:A9E8:0:0:1,0x0229E8,8D9207,STA,ABS,UNKNOWN,UNKNOWN,DBR:0792,V05C-contexts.csv,SOURCE_PROVED_NOT_YET_ADMITTED
TP07F507,04:A9EB:0:0:1,0x0229EB,8E9407,STX,ABS,UNKNOWN,UNKNOWN,DBR:0794,V05C-contexts.csv,SOURCE_PROVED_NOT_YET_ADMITTED
TP07F507,04:A9EE:0:0:1,0x0229EE,22D6D804,JSL,ABSL_JUMP,UNKNOWN,UNKNOWN,NONE,V05C-contexts.csv,SOURCE_PROVED_NOT_YET_ADMITTED
TP07F507,04:A9F2:0:0:0,0x0229F2,C230,REP,IMM8,UNKNOWN,UNKNOWN,NONE,V05C-contexts.csv,SOURCE_PROVED_NOT_YET_ADMITTED
TP07F507,04:A9F4:0:0:0,0x0229F4,ADA207,LDA,ABS,UNKNOWN,UNKNOWN,DBR:07A2,V05C-contexts.csv,SOURCE_PROVED_NOT_YET_ADMITTED
TP07F507,04:A9F7:0:0:0,0x0229F7,4A,LSR,ACC,UNKNOWN,UNKNOWN,NONE,V05C-contexts.csv,SOURCE_PROVED_NOT_YET_ADMITTED
TP07F507,04:A9F8:0:0:0,0x0229F8,8DA207,STA,ABS,UNKNOWN,UNKNOWN,DBR:07A2,V05C-contexts.csv,SOURCE_PROVED_NOT_YET_ADMITTED
TP07F507,04:A9FB:0:0:0,0x0229FB,A91000,LDA,IMM_M,UNKNOWN,UNKNOWN,NONE,V05C-contexts.csv,SOURCE_PROVED_NOT_YET_ADMITTED
TP07F507,04:A9FE:0:0:0,0x0229FE,38,SEC,IMP,UNKNOWN,0,NONE,V05C-contexts.csv,SOURCE_PROVED_NOT_YET_ADMITTED
TP07F507,04:A9FF:0:0:0,0x0229FF,EDA207,SBC,ABS,1,0,DBR:07A2,V05C-contexts.csv,SOURCE_PROVED_NOT_YET_ADMITTED
TP07F507,04:AA02:0:0:0,0x022A02,0A,ASL,ACC,UNKNOWN,UNKNOWN,NONE,V05C-contexts.csv,SOURCE_PROVED_NOT_YET_ADMITTED
TP07F507,04:AA03:0:0:0,0x022A03,8D8A07,STA,ABS,UNKNOWN,UNKNOWN,DBR:078A,V05C-contexts.csv,SOURCE_PROVED_NOT_YET_ADMITTED
TP07F507,04:AA06:0:0:0,0x022A06,A90200,LDA,IMM_M,UNKNOWN,UNKNOWN,NONE,V05C-contexts.csv,SOURCE_PROVED_NOT_YET_ADMITTED
TP07F507,04:AA09:0:0:0,0x022A09,8D8E07,STA,ABS,UNKNOWN,0,DBR:078E,V05C-contexts.csv,SOURCE_PROVED_NOT_YET_ADMITTED
TP07F507,04:AA0C:0:0:0,0x022A0C,E210,SEP,IMM8,UNKNOWN,0,NONE,V05C-contexts.csv,SOURCE_PROVED_NOT_YET_ADMITTED
TP07F507,04:AA0E:0:0:1,0x022A0E,C220,REP,IMM8,UNKNOWN,0,NONE,V05C-contexts.csv,SOURCE_PROVED_NOT_YET_ADMITTED
TP07F507,04:AA10:0:0:1,0x022A10,AD2200,LDA,ABS,UNKNOWN,0,DBR:0022,V05C-contexts.csv,SOURCE_PROVED_NOT_YET_ADMITTED
TP07F507,04:AA13:0:0:1,0x022A13,AE2400,LDX,ABS,UNKNOWN,UNKNOWN,DBR:0024,V05C-contexts.csv,SOURCE_PROVED_NOT_YET_ADMITTED
TP07F507,04:AA16:0:0:1,0x022A16,8D9207,STA,ABS,UNKNOWN,UNKNOWN,DBR:0792,V05C-contexts.csv,SOURCE_PROVED_NOT_YET_ADMITTED
TP07F507,04:AA19:0:0:1,0x022A19,8E9407,STX,ABS,UNKNOWN,UNKNOWN,DBR:0794,V05C-contexts.csv,SOURCE_PROVED_NOT_YET_ADMITTED
TP07F507,04:AA1C:0:0:1,0x022A1C,223CA306,JSL,ABSL_JUMP,UNKNOWN,UNKNOWN,NONE,V05C-contexts.csv,SOURCE_PROVED_NOT_YET_ADMITTED
TP07F507,04:AA20:0:0:0,0x022A20,E210,SEP,IMM8,UNKNOWN,UNKNOWN,NONE,V05C-contexts.csv,SOURCE_PROVED_NOT_YET_ADMITTED
TP07F507,04:AA22:0:0:1,0x022A22,C220,REP,IMM8,UNKNOWN,UNKNOWN,NONE,V05C-contexts.csv,SOURCE_PROVED_NOT_YET_ADMITTED
TP07F507,04:AA24:0:0:1,0x022A24,A05A,LDY,IMM_X,UNKNOWN,UNKNOWN,NONE,V05C-contexts.csv,SOURCE_PROVED_NOT_YET_ADMITTED
TP07F507,04:AA26:0:0:1,0x022A26,B749,LDA,DP_IND_LONG_Y,UNKNOWN,0,NONE,V05C-contexts.csv,SOURCE_PROVED_NOT_YET_ADMITTED
TP07F507,04:AA28:0:0:1,0x022A28,29FF00,AND,IMM_M,UNKNOWN,UNKNOWN,NONE,V05C-contexts.csv,SOURCE_PROVED_NOT_YET_ADMITTED
TP07F507,04:AA2B:0:0:1,0x022A2B,A8,TAY,IMP,UNKNOWN,UNKNOWN,NONE,V05C-contexts.csv,SOURCE_PROVED_NOT_YET_ADMITTED
TP07F507,04:AA2C:0:0:1,0x022A2C,2263C300,JSL,ABSL_JUMP,UNKNOWN,UNKNOWN,NONE,V05C-contexts.csv,SOURCE_PROVED_NOT_YET_ADMITTED
TP07F507,04:AA30:0:0:1,0x022A30,8D1C00,STA,ABS,UNKNOWN,1,DBR:001C,V05C-contexts.csv,SOURCE_PROVED_NOT_YET_ADMITTED
TP07F507,04:AA33:0:0:1,0x022A33,8E1E00,STX,ABS,UNKNOWN,1,DBR:001E,V05C-contexts.csv,SOURCE_PROVED_NOT_YET_ADMITTED
TP07F507,04:AA36:0:0:1,0x022A36,A00A,LDY,IMM_X,UNKNOWN,1,NONE,V05C-contexts.csv,SOURCE_PROVED_NOT_YET_ADMITTED
TP07F507,04:AA38:0:0:1,0x022A38,B71C,LDA,DP_IND_LONG_Y,UNKNOWN,0,NONE,V05C-contexts.csv,SOURCE_PROVED_NOT_YET_ADMITTED
TP07F507,04:AA3A:0:0:1,0x022A3A,C90200,CMP,IMM_M,UNKNOWN,UNKNOWN,NONE,V05C-contexts.csv,SOURCE_PROVED_NOT_YET_ADMITTED
TP07F507,04:AA3D:0:0:1,0x022A3D,F003,BEQ,REL8,UNKNOWN,UNKNOWN,NONE,V05C-contexts.csv,SOURCE_PROVED_NOT_YET_ADMITTED
TP07F507,04:AA3F:0:0:1,0x022A3F,828500,BRL,REL16,UNKNOWN,0,NONE,V05C-contexts.csv,SOURCE_PROVED_NOT_YET_ADMITTED
TP07F507,04:AA42:0:0:1,0x022A42,C230,REP,IMM8,UNKNOWN,1,NONE,V05C-contexts.csv,SOURCE_PROVED_NOT_YET_ADMITTED
TP07F507,04:AA44:0:0:0,0x022A44,A04500,LDY,IMM_X,UNKNOWN,1,NONE,V05C-contexts.csv,SOURCE_PROVED_NOT_YET_ADMITTED
TP07F507,04:AA47:0:0:0,0x022A47,B749,LDA,DP_IND_LONG_Y,UNKNOWN,0,NONE,V05C-contexts.csv,SOURCE_PROVED_NOT_YET_ADMITTED
TP07F507,04:AA49:0:0:0,0x022A49,8D8A07,STA,ABS,UNKNOWN,UNKNOWN,DBR:078A,V05C-contexts.csv,SOURCE_PROVED_NOT_YET_ADMITTED
TP07F507,04:AA4C:0:0:0,0x022A4C,9C8C07,STZ,ABS,UNKNOWN,UNKNOWN,DBR:078C,V05C-contexts.csv,SOURCE_PROVED_NOT_YET_ADMITTED
TP07F507,04:AA4F:0:0:0,0x022A4F,221BFA04,JSL,ABSL_JUMP,UNKNOWN,UNKNOWN,NONE,V05C-contexts.csv,SOURCE_PROVED_NOT_YET_ADMITTED
TP07F507,04:AA53:0:0:0,0x022A53,E210,SEP,IMM8,UNKNOWN|0|1,UNKNOWN,NONE,V05C-contexts.csv,SOURCE_PROVED_NOT_YET_ADMITTED
TP07F507,04:AA55:0:0:1,0x022A55,C220,REP,IMM8,UNKNOWN|0|1,UNKNOWN,NONE,V05C-contexts.csv,SOURCE_PROVED_NOT_YET_ADMITTED
TP07F507,04:AA57:0:0:1,0x022A57,AD1F00,LDA,ABS,UNKNOWN|0|1,UNKNOWN,DBR:001F,V05C-contexts.csv,SOURCE_PROVED_NOT_YET_ADMITTED
TP07F507,04:AA5A:0:0:1,0x022A5A,AE2100,LDX,ABS,UNKNOWN|0|1,UNKNOWN,DBR:0021,V05C-contexts.csv,SOURCE_PROVED_NOT_YET_ADMITTED
TP07F507,04:AA5D:0:0:1,0x022A5D,8D9207,STA,ABS,UNKNOWN|0|1,UNKNOWN,DBR:0792,V05C-contexts.csv,SOURCE_PROVED_NOT_YET_ADMITTED
TP07F507,04:AA60:0:0:1,0x022A60,8E9407,STX,ABS,UNKNOWN|0|1,UNKNOWN,DBR:0794,V05C-contexts.csv,SOURCE_PROVED_NOT_YET_ADMITTED
TP07F507,04:AA63:0:0:1,0x022A63,22D6D804,JSL,ABSL_JUMP,UNKNOWN|0|1,UNKNOWN,NONE,V05C-contexts.csv,SOURCE_PROVED_NOT_YET_ADMITTED
TP07F507,04:AA67:0:0:0,0x022A67,ADA207,LDA,ABS,UNKNOWN,UNKNOWN,DBR:07A2,V05C-contexts.csv,SOURCE_PROVED_NOT_YET_ADMITTED
TP07F507,04:AA6A:0:0:0,0x022A6A,4A,LSR,ACC,UNKNOWN,UNKNOWN,NONE,V05C-contexts.csv,SOURCE_PROVED_NOT_YET_ADMITTED
TP07F507,04:AA6B:0:0:0,0x022A6B,8DA207,STA,ABS,UNKNOWN,UNKNOWN,DBR:07A2,V05C-contexts.csv,SOURCE_PROVED_NOT_YET_ADMITTED
TP07F507,04:AA6E:0:0:0,0x022A6E,A91900,LDA,IMM_M,UNKNOWN,UNKNOWN,NONE,V05C-contexts.csv,SOURCE_PROVED_NOT_YET_ADMITTED
TP07F507,04:AA71:0:0:0,0x022A71,38,SEC,IMP,UNKNOWN,0,NONE,V05C-contexts.csv,SOURCE_PROVED_NOT_YET_ADMITTED
TP07F507,04:AA72:0:0:0,0x022A72,EDA207,SBC,ABS,1,0,DBR:07A2,V05C-contexts.csv,SOURCE_PROVED_NOT_YET_ADMITTED
TP07F507,04:AA75:0:0:0,0x022A75,0A,ASL,ACC,UNKNOWN,UNKNOWN,NONE,V05C-contexts.csv,SOURCE_PROVED_NOT_YET_ADMITTED
TP07F507,04:AA76:0:0:0,0x022A76,8D8A07,STA,ABS,UNKNOWN,UNKNOWN,DBR:078A,V05C-contexts.csv,SOURCE_PROVED_NOT_YET_ADMITTED
TP07F507,04:AA79:0:0:0,0x022A79,A91200,LDA,IMM_M,UNKNOWN,UNKNOWN,NONE,V05C-contexts.csv,SOURCE_PROVED_NOT_YET_ADMITTED
TP07F507,04:AA7C:0:0:0,0x022A7C,8D8E07,STA,ABS,UNKNOWN,0,DBR:078E,V05C-contexts.csv,SOURCE_PROVED_NOT_YET_ADMITTED
TP07F507,04:AA7F:0:0:0,0x022A7F,223CA306,JSL,ABSL_JUMP,UNKNOWN,0,NONE,V05C-contexts.csv,SOURCE_PROVED_NOT_YET_ADMITTED
TP07F507,04:AA83:0:0:0,0x022A83,C230,REP,IMM8,UNKNOWN,UNKNOWN,NONE,V05C-contexts.csv,SOURCE_PROVED_NOT_YET_ADMITTED
TP07F507,04:AA85:0:0:0,0x022A85,A05B00,LDY,IMM_X,UNKNOWN,UNKNOWN,NONE,V05C-contexts.csv,SOURCE_PROVED_NOT_YET_ADMITTED
TP07F507,04:AA88:0:0:0,0x022A88,B749,LDA,DP_IND_LONG_Y,UNKNOWN,0,NONE,V05C-contexts.csv,SOURCE_PROVED_NOT_YET_ADMITTED
TP07F507,04:AA8A:0:0:0,0x022A8A,8D8A07,STA,ABS,UNKNOWN,UNKNOWN,DBR:078A,V05C-contexts.csv,SOURCE_PROVED_NOT_YET_ADMITTED
TP07F507,04:AA8D:0:0:0,0x022A8D,9C8C07,STZ,ABS,UNKNOWN,UNKNOWN,DBR:078C,V05C-contexts.csv,SOURCE_PROVED_NOT_YET_ADMITTED
TP07F507,04:AA90:0:0:0,0x022A90,221BFA04,JSL,ABSL_JUMP,UNKNOWN,UNKNOWN,NONE,V05C-contexts.csv,SOURCE_PROVED_NOT_YET_ADMITTED
TP07F507,04:AA94:0:0:0,0x022A94,E210,SEP,IMM8,UNKNOWN|0|1,UNKNOWN,NONE,V05C-contexts.csv,SOURCE_PROVED_NOT_YET_ADMITTED
TP07F507,04:AA96:0:0:1,0x022A96,C220,REP,IMM8,UNKNOWN|0|1,UNKNOWN,NONE,V05C-contexts.csv,SOURCE_PROVED_NOT_YET_ADMITTED
TP07F507,04:AA98:0:0:1,0x022A98,AD1F00,LDA,ABS,UNKNOWN|0|1,UNKNOWN,DBR:001F,V05C-contexts.csv,SOURCE_PROVED_NOT_YET_ADMITTED
TP07F507,04:AA9B:0:0:1,0x022A9B,AE2100,LDX,ABS,UNKNOWN|0|1,UNKNOWN,DBR:0021,V05C-contexts.csv,SOURCE_PROVED_NOT_YET_ADMITTED
TP07F507,04:AA9E:0:0:1,0x022A9E,8D9207,STA,ABS,UNKNOWN|0|1,UNKNOWN,DBR:0792,V05C-contexts.csv,SOURCE_PROVED_NOT_YET_ADMITTED
TP07F507,04:AAA1:0:0:1,0x022AA1,8E9407,STX,ABS,UNKNOWN|0|1,UNKNOWN,DBR:0794,V05C-contexts.csv,SOURCE_PROVED_NOT_YET_ADMITTED
TP07F507,04:AAA4:0:0:1,0x022AA4,22D6D804,JSL,ABSL_JUMP,UNKNOWN|0|1,UNKNOWN,NONE,V05C-contexts.csv,SOURCE_PROVED_NOT_YET_ADMITTED
TP07F507,04:AAA8:0:0:0,0x022AA8,ADA207,LDA,ABS,UNKNOWN,UNKNOWN,DBR:07A2,V05C-contexts.csv,SOURCE_PROVED_NOT_YET_ADMITTED
TP07F507,04:AAAB:0:0:0,0x022AAB,4A,LSR,ACC,UNKNOWN,UNKNOWN,NONE,V05C-contexts.csv,SOURCE_PROVED_NOT_YET_ADMITTED
TP07F507,04:AAAC:0:0:0,0x022AAC,8DA207,STA,ABS,UNKNOWN,UNKNOWN,DBR:07A2,V05C-contexts.csv,SOURCE_PROVED_NOT_YET_ADMITTED
TP07F507,04:AAAF:0:0:0,0x022AAF,A91900,LDA,IMM_M,UNKNOWN,UNKNOWN,NONE,V05C-contexts.csv,SOURCE_PROVED_NOT_YET_ADMITTED
TP07F507,04:AAB2:0:0:0,0x022AB2,38,SEC,IMP,UNKNOWN,0,NONE,V05C-contexts.csv,SOURCE_PROVED_NOT_YET_ADMITTED
TP07F507,04:AAB3:0:0:0,0x022AB3,EDA207,SBC,ABS,1,0,DBR:07A2,V05C-contexts.csv,SOURCE_PROVED_NOT_YET_ADMITTED
TP07F507,04:AAB6:0:0:0,0x022AB6,0A,ASL,ACC,UNKNOWN,UNKNOWN,NONE,V05C-contexts.csv,SOURCE_PROVED_NOT_YET_ADMITTED
TP07F507,04:AAB7:0:0:0,0x022AB7,8D8A07,STA,ABS,UNKNOWN,UNKNOWN,DBR:078A,V05C-contexts.csv,SOURCE_PROVED_NOT_YET_ADMITTED
TP07F507,04:AABA:0:0:0,0x022ABA,A91400,LDA,IMM_M,UNKNOWN,UNKNOWN,NONE,V05C-contexts.csv,SOURCE_PROVED_NOT_YET_ADMITTED
TP07F507,04:AABD:0:0:0,0x022ABD,8D8E07,STA,ABS,UNKNOWN,0,DBR:078E,V05C-contexts.csv,SOURCE_PROVED_NOT_YET_ADMITTED
TP07F507,04:AAC0:0:0:0,0x022AC0,223CA306,JSL,ABSL_JUMP,UNKNOWN,0,NONE,V05C-contexts.csv,SOURCE_PROVED_NOT_YET_ADMITTED
TP07F507,04:AAC4:0:0:0,0x022AC4,824600,BRL,REL16,UNKNOWN,UNKNOWN,NONE,V05C-contexts.csv,SOURCE_PROVED_NOT_YET_ADMITTED
TP07F507,04:AAC7:0:0:1,0x022AC7,C90800,CMP,IMM_M,UNKNOWN,0,NONE,V05C-contexts.csv,SOURCE_PROVED_NOT_YET_ADMITTED
TP07F507,04:AACA:0:0:1,0x022ACA,D041,BNE,REL8,UNKNOWN,UNKNOWN,NONE,V05C-contexts.csv,SOURCE_PROVED_NOT_YET_ADMITTED
TP07F507,04:AACC:0:0:1,0x022ACC,C230,REP,IMM8,UNKNOWN,1,NONE,V05C-contexts.csv,SOURCE_PROVED_NOT_YET_ADMITTED
TP07F507,04:AACE:0:0:0,0x022ACE,A02D00,LDY,IMM_X,UNKNOWN,1,NONE,V05C-contexts.csv,SOURCE_PROVED_NOT_YET_ADMITTED
TP07F507,04:AAD1:0:0:0,0x022AD1,B749,LDA,DP_IND_LONG_Y,UNKNOWN,0,NONE,V05C-contexts.csv,SOURCE_PROVED_NOT_YET_ADMITTED
TP07F507,04:AAD3:0:0:0,0x022AD3,8D8A07,STA,ABS,UNKNOWN,UNKNOWN,DBR:078A,V05C-contexts.csv,SOURCE_PROVED_NOT_YET_ADMITTED
TP07F507,04:AAD6:0:0:0,0x022AD6,9C8C07,STZ,ABS,UNKNOWN,UNKNOWN,DBR:078C,V05C-contexts.csv,SOURCE_PROVED_NOT_YET_ADMITTED
TP07F507,04:AAD9:0:0:0,0x022AD9,221BFA04,JSL,ABSL_JUMP,UNKNOWN,UNKNOWN,NONE,V05C-contexts.csv,SOURCE_PROVED_NOT_YET_ADMITTED
TP07F507,04:AADD:0:0:0,0x022ADD,E210,SEP,IMM8,UNKNOWN|0|1,UNKNOWN,NONE,V05C-contexts.csv,SOURCE_PROVED_NOT_YET_ADMITTED
TP07F507,04:AADF:0:0:1,0x022ADF,C220,REP,IMM8,UNKNOWN|0|1,UNKNOWN,NONE,V05C-contexts.csv,SOURCE_PROVED_NOT_YET_ADMITTED
TP07F507,04:AAE1:0:0:1,0x022AE1,AD1F00,LDA,ABS,UNKNOWN|0|1,UNKNOWN,DBR:001F,V05C-contexts.csv,SOURCE_PROVED_NOT_YET_ADMITTED
TP07F507,04:AAE4:0:0:1,0x022AE4,AE2100,LDX,ABS,UNKNOWN|0|1,UNKNOWN,DBR:0021,V05C-contexts.csv,SOURCE_PROVED_NOT_YET_ADMITTED
TP07F507,04:AAE7:0:0:1,0x022AE7,8D9207,STA,ABS,UNKNOWN|0|1,UNKNOWN,DBR:0792,V05C-contexts.csv,SOURCE_PROVED_NOT_YET_ADMITTED
TP07F507,04:AAEA:0:0:1,0x022AEA,8E9407,STX,ABS,UNKNOWN|0|1,UNKNOWN,DBR:0794,V05C-contexts.csv,SOURCE_PROVED_NOT_YET_ADMITTED
TP07F507,04:AAED:0:0:1,0x022AED,22D6D804,JSL,ABSL_JUMP,UNKNOWN|0|1,UNKNOWN,NONE,V05C-contexts.csv,SOURCE_PROVED_NOT_YET_ADMITTED
TP07F507,04:AAF1:0:0:0,0x022AF1,ADA207,LDA,ABS,UNKNOWN,UNKNOWN,DBR:07A2,V05C-contexts.csv,SOURCE_PROVED_NOT_YET_ADMITTED
TP07F507,04:AAF4:0:0:0,0x022AF4,4A,LSR,ACC,UNKNOWN,UNKNOWN,NONE,V05C-contexts.csv,SOURCE_PROVED_NOT_YET_ADMITTED
TP07F507,04:AAF5:0:0:0,0x022AF5,8DA207,STA,ABS,UNKNOWN,UNKNOWN,DBR:07A2,V05C-contexts.csv,SOURCE_PROVED_NOT_YET_ADMITTED
TP07F507,04:AAF8:0:0:0,0x022AF8,A91900,LDA,IMM_M,UNKNOWN,UNKNOWN,NONE,V05C-contexts.csv,SOURCE_PROVED_NOT_YET_ADMITTED
TP07F507,04:AAFB:0:0:0,0x022AFB,38,SEC,IMP,UNKNOWN,0,NONE,V05C-contexts.csv,SOURCE_PROVED_NOT_YET_ADMITTED
TP07F507,04:AAFC:0:0:0,0x022AFC,EDA207,SBC,ABS,1,0,DBR:07A2,V05C-contexts.csv,SOURCE_PROVED_NOT_YET_ADMITTED
TP07F507,04:AAFF:0:0:0,0x022AFF,0A,ASL,ACC,UNKNOWN,UNKNOWN,NONE,V05C-contexts.csv,SOURCE_PROVED_NOT_YET_ADMITTED
TP07F507,04:AB00:0:0:0,0x022B00,8D8A07,STA,ABS,UNKNOWN,UNKNOWN,DBR:078A,V05C-contexts.csv,SOURCE_PROVED_NOT_YET_ADMITTED
TP07F507,04:AB03:0:0:0,0x022B03,A91200,LDA,IMM_M,UNKNOWN,UNKNOWN,NONE,V05C-contexts.csv,SOURCE_PROVED_NOT_YET_ADMITTED
TP07F507,04:AB06:0:0:0,0x022B06,8D8E07,STA,ABS,UNKNOWN,0,DBR:078E,V05C-contexts.csv,SOURCE_PROVED_NOT_YET_ADMITTED
TP07F507,04:AB09:0:0:0,0x022B09,223CA306,JSL,ABSL_JUMP,UNKNOWN,0,NONE,V05C-contexts.csv,SOURCE_PROVED_NOT_YET_ADMITTED
TP07F507,04:AB0D:0:0:0,0x022B0D,82A207,BRL,REL16,UNKNOWN,UNKNOWN,NONE,V05C-contexts.csv,SOURCE_PROVED_NOT_YET_ADMITTED
TP07F507,04:AB0D:0:0:1,0x022B0D,82A207,BRL,REL16,UNKNOWN,0,NONE,V05C-contexts.csv,SOURCE_PROVED_NOT_YET_ADMITTED
TP07F507,04:AB10:0:0:1,0x022B10,E210,SEP,IMM8,UNKNOWN,0,NONE,V05C-contexts.csv,SOURCE_PROVED_NOT_YET_ADMITTED
TP07F507,04:AB12:0:0:1,0x022B12,C220,REP,IMM8,UNKNOWN,0,NONE,V05C-contexts.csv,SOURCE_PROVED_NOT_YET_ADMITTED
TP07F507,04:AB14:0:0:1,0x022B14,C97A00,CMP,IMM_M,UNKNOWN,0,NONE,V05C-contexts.csv,SOURCE_PROVED_NOT_YET_ADMITTED
TP07F507,04:AB17:0:0:1,0x022B17,F003,BEQ,REL8,UNKNOWN,UNKNOWN,NONE,V05C-contexts.csv,SOURCE_PROVED_NOT_YET_ADMITTED
TP07F507,04:AB19:0:0:1,0x022B19,828302,BRL,REL16,UNKNOWN,0,NONE,V05C-contexts.csv,SOURCE_PROVED_NOT_YET_ADMITTED
TP07F507,04:AB1C:0:0:1,0x022B1C,229FC40C,JSL,ABSL_JUMP,UNKNOWN,1,NONE,V05C-contexts.csv,SOURCE_PROVED_NOT_YET_ADMITTED
TP07F507,04:AB20:0:0:0,0x022B20,E210,SEP,IMM8,UNKNOWN,UNKNOWN,NONE,V05C-contexts.csv,SOURCE_PROVED_NOT_YET_ADMITTED
TP07F507,04:AB22:0:0:1,0x022B22,C220,REP,IMM8,UNKNOWN,UNKNOWN,NONE,V05C-contexts.csv,SOURCE_PROVED_NOT_YET_ADMITTED
TP07F507,04:AB24:0:0:1,0x022B24,A01A,LDY,IMM_X,UNKNOWN,UNKNOWN,NONE,V05C-contexts.csv,SOURCE_PROVED_NOT_YET_ADMITTED
TP07F507,04:AB26:0:0:1,0x022B26,B749,LDA,DP_IND_LONG_Y,UNKNOWN,0,NONE,V05C-contexts.csv,SOURCE_PROVED_NOT_YET_ADMITTED
TP07F507,04:AB28:0:0:1,0x022B28,E210,SEP,IMM8,UNKNOWN,UNKNOWN,NONE,V05C-contexts.csv,SOURCE_PROVED_NOT_YET_ADMITTED
TP07F507,04:AB2A:0:0:1,0x022B2A,C220,REP,IMM8,UNKNOWN,UNKNOWN,NONE,V05C-contexts.csv,SOURCE_PROVED_NOT_YET_ADMITTED
TP07F507,04:AB2C:0:0:1,0x022B2C,2250C300,JSL,ABSL_JUMP,UNKNOWN,UNKNOWN,NONE,V05C-contexts.csv,SOURCE_PROVED_NOT_YET_ADMITTED
TP07F507,04:AB30:0:0:1,0x022B30,8D1C00,STA,ABS,UNKNOWN,1,DBR:001C,V05C-contexts.csv,SOURCE_PROVED_NOT_YET_ADMITTED
TP07F507,04:AB33:0:0:1,0x022B33,8E1E00,STX,ABS,UNKNOWN,1,DBR:001E,V05C-contexts.csv,SOURCE_PROVED_NOT_YET_ADMITTED
TP07F507,04:AB36:0:0:1,0x022B36,C230,REP,IMM8,UNKNOWN,1,NONE,V05C-contexts.csv,SOURCE_PROVED_NOT_YET_ADMITTED
TP07F507,04:AB38:0:0:0,0x022B38,A99900,LDA,IMM_M,UNKNOWN,1,NONE,V05C-contexts.csv,SOURCE_PROVED_NOT_YET_ADMITTED
TP07F507,04:AB3B:0:0:0,0x022B3B,8D8A07,STA,ABS,UNKNOWN,0,DBR:078A,V05C-contexts.csv,SOURCE_PROVED_NOT_YET_ADMITTED
TP07F507,04:AB3E:0:0:0,0x022B3E,228A8A06,JSL,ABSL_JUMP,UNKNOWN,0,NONE,V05C-contexts.csv,SOURCE_PROVED_NOT_YET_ADMITTED
TP07F507,04:AB42:0:0:0,0x022B42,E210,SEP,IMM8,UNKNOWN,UNKNOWN,NONE,V05C-contexts.csv,SOURCE_PROVED_NOT_YET_ADMITTED
TP07F507,04:AB44:0:0:1,0x022B44,C220,REP,IMM8,UNKNOWN,UNKNOWN,NONE,V05C-contexts.csv,SOURCE_PROVED_NOT_YET_ADMITTED
TP07F507,04:AB46:0:0:1,0x022B46,ADA207,LDA,ABS,UNKNOWN,UNKNOWN,DBR:07A2,V05C-contexts.csv,SOURCE_PROVED_NOT_YET_ADMITTED
TP07F507,04:AB49:0:0:1,0x022B49,AEA407,LDX,ABS,UNKNOWN,UNKNOWN,DBR:07A4,V05C-contexts.csv,SOURCE_PROVED_NOT_YET_ADMITTED
TP07F507,04:AB4C:0:0:1,0x022B4C,8D1600,STA,ABS,UNKNOWN,UNKNOWN,DBR:0016,V05C-contexts.csv,SOURCE_PROVED_NOT_YET_ADMITTED
TP07F507,04:AB4F:0:0:1,0x022B4F,8E1800,STX,ABS,UNKNOWN,UNKNOWN,DBR:0018,V05C-contexts.csv,SOURCE_PROVED_NOT_YET_ADMITTED
TP07F507,04:AB52:0:0:1,0x022B52,C230,REP,IMM8,UNKNOWN,UNKNOWN,NONE,V05C-contexts.csv,SOURCE_PROVED_NOT_YET_ADMITTED
TP07F507,04:AB54:0:0:0,0x022B54,A01000,LDY,IMM_X,UNKNOWN,UNKNOWN,NONE,V05C-contexts.csv,SOURCE_PROVED_NOT_YET_ADMITTED
TP07F507,04:AB57:0:0:0,0x022B57,B71C,LDA,DP_IND_LONG_Y,UNKNOWN,0,NONE,V05C-contexts.csv,SOURCE_PROVED_NOT_YET_ADMITTED
TP07F507,04:AB59:0:0:0,0x022B59,8D8A07,STA,ABS,UNKNOWN,UNKNOWN,DBR:078A,V05C-contexts.csv,SOURCE_PROVED_NOT_YET_ADMITTED
TP07F507,04:AB5C:0:0:0,0x022B5C,0A,ASL,ACC,UNKNOWN,UNKNOWN,NONE,V05C-contexts.csv,SOURCE_PROVED_NOT_YET_ADMITTED
TP07F507,04:AB5D:0:0:0,0x022B5D,A8,TAY,IMP,UNKNOWN,UNKNOWN,NONE,V05C-contexts.csv,SOURCE_PROVED_NOT_YET_ADMITTED
TP07F507,04:AB5E:0:0:0,0x022B5E,ADCF06,LDA,ABS,UNKNOWN,UNKNOWN,DBR:06CF,V05C-contexts.csv,SOURCE_PROVED_NOT_YET_ADMITTED
TP07F507,04:AB61:0:0:0,0x022B61,8D2200,STA,ABS,UNKNOWN,UNKNOWN,DBR:0022,V05C-contexts.csv,SOURCE_PROVED_NOT_YET_ADMITTED
TP07F507,04:AB64:0:0:0,0x022B64,E220,SEP,IMM8,UNKNOWN,UNKNOWN,NONE,V05C-contexts.csv,SOURCE_PROVED_NOT_YET_ADMITTED
TP07F507,04:AB66:0:1:0,0x022B66,C210,REP,IMM8,UNKNOWN,UNKNOWN,NONE,V05C-contexts.csv,SOURCE_PROVED_NOT_YET_ADMITTED
TP07F507,04:AB68:0:1:0,0x022B68,ADD106,LDA,ABS,UNKNOWN,UNKNOWN,DBR:06D1,V05C-contexts.csv,SOURCE_PROVED_NOT_YET_ADMITTED
TP07F507,04:AB6B:0:1:0,0x022B6B,8D2400,STA,ABS,UNKNOWN,UNKNOWN,DBR:0024,V05C-contexts.csv,SOURCE_PROVED_NOT_YET_ADMITTED
TP07F507,04:AB6E:0:1:0,0x022B6E,8D9407,STA,ABS,UNKNOWN,UNKNOWN,DBR:0794,V05C-contexts.csv,SOURCE_PROVED_NOT_YET_ADMITTED
TP07F507,04:AB71:0:1:0,0x022B71,C230,REP,IMM8,UNKNOWN,UNKNOWN,NONE,V05C-contexts.csv,SOURCE_PROVED_NOT_YET_ADMITTED
TP07F507,04:AB73:0:0:0,0x022B73,B722,LDA,DP_IND_LONG_Y,UNKNOWN,UNKNOWN,NONE,V05C-contexts.csv,SOURCE_PROVED_NOT_YET_ADMITTED
TP07F507,04:AB75:0:0:0,0x022B75,8D9207,STA,ABS,UNKNOWN,UNKNOWN,DBR:0792,V05C-contexts.csv,SOURCE_PROVED_NOT_YET_ADMITTED
TP07F507,04:AB78:0:0:0,0x022B78,22D6D804,JSL,ABSL_JUMP,UNKNOWN,UNKNOWN,NONE,V05C-contexts.csv,SOURCE_PROVED_NOT_YET_ADMITTED
TP07F507,04:AB7C:0:0:0,0x022B7C,C230,REP,IMM8,UNKNOWN,UNKNOWN,NONE,V05C-contexts.csv,SOURCE_PROVED_NOT_YET_ADMITTED
TP07F507,04:AB7E:0:0:0,0x022B7E,ADA207,LDA,ABS,UNKNOWN,UNKNOWN,DBR:07A2,V05C-contexts.csv,SOURCE_PROVED_NOT_YET_ADMITTED
TP07F507,04:AB81:0:0:0,0x022B81,4A,LSR,ACC,UNKNOWN,UNKNOWN,NONE,V05C-contexts.csv,SOURCE_PROVED_NOT_YET_ADMITTED
TP07F507,04:AB82:0:0:0,0x022B82,8DA207,STA,ABS,UNKNOWN,UNKNOWN,DBR:07A2,V05C-contexts.csv,SOURCE_PROVED_NOT_YET_ADMITTED
TP07F507,04:AB85:0:0:0,0x022B85,A91900,LDA,IMM_M,UNKNOWN,UNKNOWN,NONE,V05C-contexts.csv,SOURCE_PROVED_NOT_YET_ADMITTED
TP07F507,04:AB88:0:0:0,0x022B88,38,SEC,IMP,UNKNOWN,0,NONE,V05C-contexts.csv,SOURCE_PROVED_NOT_YET_ADMITTED
TP07F507,04:AB89:0:0:0,0x022B89,EDA207,SBC,ABS,1,0,DBR:07A2,V05C-contexts.csv,SOURCE_PROVED_NOT_YET_ADMITTED
TP07F507,04:AB8C:0:0:0,0x022B8C,0A,ASL,ACC,UNKNOWN,UNKNOWN,NONE,V05C-contexts.csv,SOURCE_PROVED_NOT_YET_ADMITTED
TP07F507,04:AB8D:0:0:0,0x022B8D,8D8A07,STA,ABS,UNKNOWN,UNKNOWN,DBR:078A,V05C-contexts.csv,SOURCE_PROVED_NOT_YET_ADMITTED
TP07F507,04:AB90:0:0:0,0x022B90,A91000,LDA,IMM_M,UNKNOWN,UNKNOWN,NONE,V05C-contexts.csv,SOURCE_PROVED_NOT_YET_ADMITTED
TP07F507,04:AB93:0:0:0,0x022B93,8D8E07,STA,ABS,UNKNOWN,0,DBR:078E,V05C-contexts.csv,SOURCE_PROVED_NOT_YET_ADMITTED
TP07F507,04:AB96:0:0:0,0x022B96,223CA306,JSL,ABSL_JUMP,UNKNOWN,0,NONE,V05C-contexts.csv,SOURCE_PROVED_NOT_YET_ADMITTED
TP07F507,04:AB9A:0:0:0,0x022B9A,C230,REP,IMM8,UNKNOWN,UNKNOWN,NONE,V05C-contexts.csv,SOURCE_PROVED_NOT_YET_ADMITTED
TP07F507,04:AB9C:0:0:0,0x022B9C,A01800,LDY,IMM_X,UNKNOWN,UNKNOWN,NONE,V05C-contexts.csv,SOURCE_PROVED_NOT_YET_ADMITTED
TP07F507,04:AB9F:0:0:0,0x022B9F,B749,LDA,DP_IND_LONG_Y,UNKNOWN,0,NONE,V05C-contexts.csv,SOURCE_PROVED_NOT_YET_ADMITTED
TP07F507,04:ABA1:0:0:0,0x022BA1,8D8A07,STA,ABS,UNKNOWN,UNKNOWN,DBR:078A,V05C-contexts.csv,SOURCE_PROVED_NOT_YET_ADMITTED
TP07F507,04:ABA4:0:0:0,0x022BA4,9C8C07,STZ,ABS,UNKNOWN,UNKNOWN,DBR:078C,V05C-contexts.csv,SOURCE_PROVED_NOT_YET_ADMITTED
TP07F507,04:ABA7:0:0:0,0x022BA7,221BFA04,JSL,ABSL_JUMP,UNKNOWN,UNKNOWN,NONE,V05C-contexts.csv,SOURCE_PROVED_NOT_YET_ADMITTED
TP07F507,04:ABAB:0:0:0,0x022BAB,E210,SEP,IMM8,UNKNOWN|0|1,UNKNOWN,NONE,V05C-contexts.csv,SOURCE_PROVED_NOT_YET_ADMITTED
TP07F507,04:ABAD:0:0:1,0x022BAD,C220,REP,IMM8,UNKNOWN|0|1,UNKNOWN,NONE,V05C-contexts.csv,SOURCE_PROVED_NOT_YET_ADMITTED
TP07F507,04:ABAF:0:0:1,0x022BAF,AD1F00,LDA,ABS,UNKNOWN|0|1,UNKNOWN,DBR:001F,V05C-contexts.csv,SOURCE_PROVED_NOT_YET_ADMITTED
TP07F507,04:ABB2:0:0:1,0x022BB2,AE2100,LDX,ABS,UNKNOWN|0|1,UNKNOWN,DBR:0021,V05C-contexts.csv,SOURCE_PROVED_NOT_YET_ADMITTED
TP07F507,04:ABB5:0:0:1,0x022BB5,8D9207,STA,ABS,UNKNOWN|0|1,UNKNOWN,DBR:0792,V05C-contexts.csv,SOURCE_PROVED_NOT_YET_ADMITTED
TP07F507,04:ABB8:0:0:1,0x022BB8,8E9407,STX,ABS,UNKNOWN|0|1,UNKNOWN,DBR:0794,V05C-contexts.csv,SOURCE_PROVED_NOT_YET_ADMITTED
TP07F507,04:ABBB:0:0:1,0x022BBB,22D6D804,JSL,ABSL_JUMP,UNKNOWN|0|1,UNKNOWN,NONE,V05C-contexts.csv,SOURCE_PROVED_NOT_YET_ADMITTED
TP07F507,04:ABBF:0:0:0,0x022BBF,C230,REP,IMM8,UNKNOWN,UNKNOWN,NONE,V05C-contexts.csv,SOURCE_PROVED_NOT_YET_ADMITTED
TP07F507,04:ABC1:0:0:0,0x022BC1,ADA207,LDA,ABS,UNKNOWN,UNKNOWN,DBR:07A2,V05C-contexts.csv,SOURCE_PROVED_NOT_YET_ADMITTED
TP07F507,04:ABC4:0:0:0,0x022BC4,4A,LSR,ACC,UNKNOWN,UNKNOWN,NONE,V05C-contexts.csv,SOURCE_PROVED_NOT_YET_ADMITTED
TP07F507,04:ABC5:0:0:0,0x022BC5,8DA207,STA,ABS,UNKNOWN,UNKNOWN,DBR:07A2,V05C-contexts.csv,SOURCE_PROVED_NOT_YET_ADMITTED
TP07F507,04:ABC8:0:0:0,0x022BC8,A91900,LDA,IMM_M,UNKNOWN,UNKNOWN,NONE,V05C-contexts.csv,SOURCE_PROVED_NOT_YET_ADMITTED
TP07F507,04:ABCB:0:0:0,0x022BCB,38,SEC,IMP,UNKNOWN,0,NONE,V05C-contexts.csv,SOURCE_PROVED_NOT_YET_ADMITTED
TP07F507,04:ABCC:0:0:0,0x022BCC,EDA207,SBC,ABS,1,0,DBR:07A2,V05C-contexts.csv,SOURCE_PROVED_NOT_YET_ADMITTED
TP07F507,04:ABCF:0:0:0,0x022BCF,0A,ASL,ACC,UNKNOWN,UNKNOWN,NONE,V05C-contexts.csv,SOURCE_PROVED_NOT_YET_ADMITTED
TP07F507,04:ABD0:0:0:0,0x022BD0,8D8A07,STA,ABS,UNKNOWN,UNKNOWN,DBR:078A,V05C-contexts.csv,SOURCE_PROVED_NOT_YET_ADMITTED
TP07F507,04:ABD3:0:0:0,0x022BD3,A91200,LDA,IMM_M,UNKNOWN,UNKNOWN,NONE,V05C-contexts.csv,SOURCE_PROVED_NOT_YET_ADMITTED
TP07F507,04:ABD6:0:0:0,0x022BD6,8D8E07,STA,ABS,UNKNOWN,0,DBR:078E,V05C-contexts.csv,SOURCE_PROVED_NOT_YET_ADMITTED
TP07F507,04:ABD9:0:0:0,0x022BD9,223CA306,JSL,ABSL_JUMP,UNKNOWN,0,NONE,V05C-contexts.csv,SOURCE_PROVED_NOT_YET_ADMITTED
TP07F507,04:ABDD:0:0:0,0x022BDD,C230,REP,IMM8,UNKNOWN,UNKNOWN,NONE,V05C-contexts.csv,SOURCE_PROVED_NOT_YET_ADMITTED
TP07F507,04:ABDF:0:0:0,0x022BDF,A00A00,LDY,IMM_X,UNKNOWN,UNKNOWN,NONE,V05C-contexts.csv,SOURCE_PROVED_NOT_YET_ADMITTED
TP07F507,04:ABE2:0:0:0,0x022BE2,B71C,LDA,DP_IND_LONG_Y,UNKNOWN,0,NONE,V05C-contexts.csv,SOURCE_PROVED_NOT_YET_ADMITTED
TP07F507,04:ABE4:0:0:0,0x022BE4,8D8A07,STA,ABS,UNKNOWN,UNKNOWN,DBR:078A,V05C-contexts.csv,SOURCE_PROVED_NOT_YET_ADMITTED
TP07F507,04:ABE7:0:0:0,0x022BE7,22CDA406,JSL,ABSL_JUMP,UNKNOWN,UNKNOWN,NONE,V05C-contexts.csv,SOURCE_PROVED_NOT_YET_ADMITTED
TP07F507,04:ABEB:0:0:1,0x022BEB,E210,SEP,IMM8,UNKNOWN|1,UNKNOWN,NONE,V05C-contexts.csv,SOURCE_PROVED_NOT_YET_ADMITTED
TP07F507,04:ABED:0:0:1,0x022BED,C220,REP,IMM8,UNKNOWN|1,UNKNOWN,NONE,V05C-contexts.csv,SOURCE_PROVED_NOT_YET_ADMITTED
TP07F507,04:ABEF:0:0:1,0x022BEF,AD1F00,LDA,ABS,UNKNOWN|1,UNKNOWN,DBR:001F,V05C-contexts.csv,SOURCE_PROVED_NOT_YET_ADMITTED
TP07F507,04:ABF2:0:0:1,0x022BF2,18,CLC,IMP,UNKNOWN|1,UNKNOWN,NONE,V05C-contexts.csv,SOURCE_PROVED_NOT_YET_ADMITTED
TP07F507,04:ABF3:0:0:1,0x022BF3,696400,ADC,IMM_M,0,UNKNOWN,NONE,V05C-contexts.csv,SOURCE_PROVED_NOT_YET_ADMITTED
TP07F507,04:ABF6:0:0:1,0x022BF6,AE2100,LDX,ABS,UNKNOWN,UNKNOWN,DBR:0021,V05C-contexts.csv,SOURCE_PROVED_NOT_YET_ADMITTED
TP07F507,04:ABF9:0:0:1,0x022BF9,8D9207,STA,ABS,UNKNOWN,UNKNOWN,DBR:0792,V05C-contexts.csv,SOURCE_PROVED_NOT_YET_ADMITTED
TP07F507,04:ABFC:0:0:1,0x022BFC,8E9407,STX,ABS,UNKNOWN,UNKNOWN,DBR:0794,V05C-contexts.csv,SOURCE_PROVED_NOT_YET_ADMITTED
TP07F507,04:ABFF:0:0:1,0x022BFF,22D6D804,JSL,ABSL_JUMP,UNKNOWN,UNKNOWN,NONE,V05C-contexts.csv,SOURCE_PROVED_NOT_YET_ADMITTED
TP07F507,04:AC03:0:0:0,0x022C03,C230,REP,IMM8,UNKNOWN,UNKNOWN,NONE,V05C-contexts.csv,SOURCE_PROVED_NOT_YET_ADMITTED
TP07F507,04:AC05:0:0:0,0x022C05,ADA207,LDA,ABS,UNKNOWN,UNKNOWN,DBR:07A2,V05C-contexts.csv,SOURCE_PROVED_NOT_YET_ADMITTED
TP07F507,04:AC08:0:0:0,0x022C08,4A,LSR,ACC,UNKNOWN,UNKNOWN,NONE,V05C-contexts.csv,SOURCE_PROVED_NOT_YET_ADMITTED
TP07F507,04:AC09:0:0:0,0x022C09,8DA207,STA,ABS,UNKNOWN,UNKNOWN,DBR:07A2,V05C-contexts.csv,SOURCE_PROVED_NOT_YET_ADMITTED
TP07F507,04:AC0C:0:0:0,0x022C0C,A91900,LDA,IMM_M,UNKNOWN,UNKNOWN,NONE,V05C-contexts.csv,SOURCE_PROVED_NOT_YET_ADMITTED
TP07F507,04:AC0F:0:0:0,0x022C0F,38,SEC,IMP,UNKNOWN,0,NONE,V05C-contexts.csv,SOURCE_PROVED_NOT_YET_ADMITTED
TP07F507,04:AC10:0:0:0,0x022C10,EDA207,SBC,ABS,1,0,DBR:07A2,V05C-contexts.csv,SOURCE_PROVED_NOT_YET_ADMITTED
TP07F507,04:AC13:0:0:0,0x022C13,0A,ASL,ACC,UNKNOWN,UNKNOWN,NONE,V05C-contexts.csv,SOURCE_PROVED_NOT_YET_ADMITTED
TP07F507,04:AC14:0:0:0,0x022C14,8D8A07,STA,ABS,UNKNOWN,UNKNOWN,DBR:078A,V05C-contexts.csv,SOURCE_PROVED_NOT_YET_ADMITTED
TP07F507,04:AC17:0:0:0,0x022C17,A91400,LDA,IMM_M,UNKNOWN,UNKNOWN,NONE,V05C-contexts.csv,SOURCE_PROVED_NOT_YET_ADMITTED
TP07F507,04:AC1A:0:0:0,0x022C1A,8D8E07,STA,ABS,UNKNOWN,0,DBR:078E,V05C-contexts.csv,SOURCE_PROVED_NOT_YET_ADMITTED
TP07F507,04:AC1D:0:0:0,0x022C1D,223CA306,JSL,ABSL_JUMP,UNKNOWN,0,NONE,V05C-contexts.csv,SOURCE_PROVED_NOT_YET_ADMITTED
TP07F507,04:AC21:0:0:0,0x022C21,C230,REP,IMM8,UNKNOWN,UNKNOWN,NONE,V05C-contexts.csv,SOURCE_PROVED_NOT_YET_ADMITTED
TP07F507,04:AC23:0:0:0,0x022C23,A00C00,LDY,IMM_X,UNKNOWN,UNKNOWN,NONE,V05C-contexts.csv,SOURCE_PROVED_NOT_YET_ADMITTED
TP07F507,04:AC26:0:0:0,0x022C26,B71C,LDA,DP_IND_LONG_Y,UNKNOWN,0,NONE,V05C-contexts.csv,SOURCE_PROVED_NOT_YET_ADMITTED
TP07F507,04:AC28:0:0:0,0x022C28,8D8A07,STA,ABS,UNKNOWN,UNKNOWN,DBR:078A,V05C-contexts.csv,SOURCE_PROVED_NOT_YET_ADMITTED
TP07F507,04:AC2B:0:0:0,0x022C2B,22CDA406,JSL,ABSL_JUMP,UNKNOWN,UNKNOWN,NONE,V05C-contexts.csv,SOURCE_PROVED_NOT_YET_ADMITTED
TP07F507,04:AC2F:0:0:1,0x022C2F,E210,SEP,IMM8,UNKNOWN|1,UNKNOWN,NONE,V05C-contexts.csv,SOURCE_PROVED_NOT_YET_ADMITTED
TP07F507,04:AC31:0:0:1,0x022C31,C220,REP,IMM8,UNKNOWN|1,UNKNOWN,NONE,V05C-contexts.csv,SOURCE_PROVED_NOT_YET_ADMITTED
TP07F507,04:AC33:0:0:1,0x022C33,AD1F00,LDA,ABS,UNKNOWN|1,UNKNOWN,DBR:001F,V05C-contexts.csv,SOURCE_PROVED_NOT_YET_ADMITTED
TP07F507,04:AC36:0:0:1,0x022C36,18,CLC,IMP,UNKNOWN|1,UNKNOWN,NONE,V05C-contexts.csv,SOURCE_PROVED_NOT_YET_ADMITTED
TP07F507,04:AC37:0:0:1,0x022C37,696400,ADC,IMM_M,0,UNKNOWN,NONE,V05C-contexts.csv,SOURCE_PROVED_NOT_YET_ADMITTED
TP07F507,04:AC3A:0:0:1,0x022C3A,AE2100,LDX,ABS,UNKNOWN,UNKNOWN,DBR:0021,V05C-contexts.csv,SOURCE_PROVED_NOT_YET_ADMITTED
TP07F507,04:AC3D:0:0:1,0x022C3D,8D9207,STA,ABS,UNKNOWN,UNKNOWN,DBR:0792,V05C-contexts.csv,SOURCE_PROVED_NOT_YET_ADMITTED
TP07F507,04:AC40:0:0:1,0x022C40,8E9407,STX,ABS,UNKNOWN,UNKNOWN,DBR:0794,V05C-contexts.csv,SOURCE_PROVED_NOT_YET_ADMITTED
TP07F507,04:AC43:0:0:1,0x022C43,22D6D804,JSL,ABSL_JUMP,UNKNOWN,UNKNOWN,NONE,V05C-contexts.csv,SOURCE_PROVED_NOT_YET_ADMITTED
TP07F507,04:AC47:0:0:0,0x022C47,C230,REP,IMM8,UNKNOWN,UNKNOWN,NONE,V05C-contexts.csv,SOURCE_PROVED_NOT_YET_ADMITTED
TP07F507,04:AC49:0:0:0,0x022C49,ADA207,LDA,ABS,UNKNOWN,UNKNOWN,DBR:07A2,V05C-contexts.csv,SOURCE_PROVED_NOT_YET_ADMITTED
TP07F507,04:AC4C:0:0:0,0x022C4C,4A,LSR,ACC,UNKNOWN,UNKNOWN,NONE,V05C-contexts.csv,SOURCE_PROVED_NOT_YET_ADMITTED
TP07F507,04:AC4D:0:0:0,0x022C4D,8DA207,STA,ABS,UNKNOWN,UNKNOWN,DBR:07A2,V05C-contexts.csv,SOURCE_PROVED_NOT_YET_ADMITTED
TP07F507,04:AC50:0:0:0,0x022C50,A91900,LDA,IMM_M,UNKNOWN,UNKNOWN,NONE,V05C-contexts.csv,SOURCE_PROVED_NOT_YET_ADMITTED
TP07F507,04:AC53:0:0:0,0x022C53,38,SEC,IMP,UNKNOWN,0,NONE,V05C-contexts.csv,SOURCE_PROVED_NOT_YET_ADMITTED
TP07F507,04:AC54:0:0:0,0x022C54,EDA207,SBC,ABS,1,0,DBR:07A2,V05C-contexts.csv,SOURCE_PROVED_NOT_YET_ADMITTED
TP07F507,04:AC57:0:0:0,0x022C57,0A,ASL,ACC,UNKNOWN,UNKNOWN,NONE,V05C-contexts.csv,SOURCE_PROVED_NOT_YET_ADMITTED
TP07F507,04:AC58:0:0:0,0x022C58,8D8A07,STA,ABS,UNKNOWN,UNKNOWN,DBR:078A,V05C-contexts.csv,SOURCE_PROVED_NOT_YET_ADMITTED
TP07F507,04:AC5B:0:0:0,0x022C5B,A91800,LDA,IMM_M,UNKNOWN,UNKNOWN,NONE,V05C-contexts.csv,SOURCE_PROVED_NOT_YET_ADMITTED
TP07F507,04:AC5E:0:0:0,0x022C5E,8D8E07,STA,ABS,UNKNOWN,0,DBR:078E,V05C-contexts.csv,SOURCE_PROVED_NOT_YET_ADMITTED
TP07F507,04:AC61:0:0:0,0x022C61,223CA306,JSL,ABSL_JUMP,UNKNOWN,0,NONE,V05C-contexts.csv,SOURCE_PROVED_NOT_YET_ADMITTED
TP07F507,04:AC65:0:0:0,0x022C65,C230,REP,IMM8,UNKNOWN,UNKNOWN,NONE,V05C-contexts.csv,SOURCE_PROVED_NOT_YET_ADMITTED
TP07F507,04:AC67:0:0:0,0x022C67,A00000,LDY,IMM_X,UNKNOWN,UNKNOWN,NONE,V05C-contexts.csv,SOURCE_PROVED_NOT_YET_ADMITTED
TP07F507,04:AC6A:0:0:0,0x022C6A,B71C,LDA,DP_IND_LONG_Y,UNKNOWN,1,NONE,V05C-contexts.csv,SOURCE_PROVED_NOT_YET_ADMITTED
TP07F507,04:AC6C:0:0:0,0x022C6C,0A,ASL,ACC,UNKNOWN,UNKNOWN,NONE,V05C-contexts.csv,SOURCE_PROVED_NOT_YET_ADMITTED
TP07F507,04:AC6D:0:0:0,0x022C6D,8D1504,STA,ABS,UNKNOWN,UNKNOWN,DBR:0415,V05C-contexts.csv,SOURCE_PROVED_NOT_YET_ADMITTED
TP07F507,04:AC70:0:0:0,0x022C70,E210,SEP,IMM8,UNKNOWN,UNKNOWN,NONE,V05C-contexts.csv,SOURCE_PROVED_NOT_YET_ADMITTED
TP07F507,04:AC72:0:0:1,0x022C72,C220,REP,IMM8,UNKNOWN,UNKNOWN,NONE,V05C-contexts.csv,SOURCE_PROVED_NOT_YET_ADMITTED
TP07F507,04:AC74:0:0:1,0x022C74,ADCF06,LDA,ABS,UNKNOWN,UNKNOWN,DBR:06CF,V05C-contexts.csv,SOURCE_PROVED_NOT_YET_ADMITTED
TP07F507,04:AC77:0:0:1,0x022C77,8D2200,STA,ABS,UNKNOWN,UNKNOWN,DBR:0022,V05C-contexts.csv,SOURCE_PROVED_NOT_YET_ADMITTED
TP07F507,04:AC7A:0:0:1,0x022C7A,AED106,LDX,ABS,UNKNOWN,UNKNOWN,DBR:06D1,V05C-contexts.csv,SOURCE_PROVED_NOT_YET_ADMITTED
TP07F507,04:AC7D:0:0:1,0x022C7D,8E2400,STX,ABS,UNKNOWN,UNKNOWN,DBR:0024,V05C-contexts.csv,SOURCE_PROVED_NOT_YET_ADMITTED
TP07F507,04:AC80:0:0:1,0x022C80,C230,REP,IMM8,UNKNOWN,UNKNOWN,NONE,V05C-contexts.csv,SOURCE_PROVED_NOT_YET_ADMITTED
TP07F507,04:AC82:0:0:0,0x022C82,AC1504,LDY,ABS,UNKNOWN,UNKNOWN,DBR:0415,V05C-contexts.csv,SOURCE_PROVED_NOT_YET_ADMITTED
TP07F507,04:AC85:0:0:0,0x022C85,B722,LDA,DP_IND_LONG_Y,UNKNOWN,UNKNOWN,NONE,V05C-contexts.csv,SOURCE_PROVED_NOT_YET_ADMITTED
TP07F507,04:AC87:0:0:0,0x022C87,8D2200,STA,ABS,UNKNOWN,UNKNOWN,DBR:0022,V05C-contexts.csv,SOURCE_PROVED_NOT_YET_ADMITTED
TP07F507,04:AC8A:0:0:0,0x022C8A,E210,SEP,IMM8,UNKNOWN,UNKNOWN,NONE,V05C-contexts.csv,SOURCE_PROVED_NOT_YET_ADMITTED
TP07F507,04:AC8C:0:0:1,0x022C8C,C220,REP,IMM8,UNKNOWN,UNKNOWN,NONE,V05C-contexts.csv,SOURCE_PROVED_NOT_YET_ADMITTED
TP07F507,04:AC8E:0:0:1,0x022C8E,AD2200,LDA,ABS,UNKNOWN,UNKNOWN,DBR:0022,V05C-contexts.csv,SOURCE_PROVED_NOT_YET_ADMITTED
TP07F507,04:AC91:0:0:1,0x022C91,AE2400,LDX,ABS,UNKNOWN,UNKNOWN,DBR:0024,V05C-contexts.csv,SOURCE_PROVED_NOT_YET_ADMITTED
TP07F507,04:AC94:0:0:1,0x022C94,8D9207,STA,ABS,UNKNOWN,UNKNOWN,DBR:0792,V05C-contexts.csv,SOURCE_PROVED_NOT_YET_ADMITTED
TP07F507,04:AC97:0:0:1,0x022C97,8E9407,STX,ABS,UNKNOWN,UNKNOWN,DBR:0794,V05C-contexts.csv,SOURCE_PROVED_NOT_YET_ADMITTED
TP07F507,04:AC9A:0:0:1,0x022C9A,22D6D804,JSL,ABSL_JUMP,UNKNOWN,UNKNOWN,NONE,V05C-contexts.csv,SOURCE_PROVED_NOT_YET_ADMITTED
TP07F507,04:AC9E:0:0:0,0x022C9E,C230,REP,IMM8,UNKNOWN,UNKNOWN,NONE,V05C-contexts.csv,SOURCE_PROVED_NOT_YET_ADMITTED
TP07F507,04:ACA0:0:0:0,0x022CA0,ADA207,LDA,ABS,UNKNOWN,UNKNOWN,DBR:07A2,V05C-contexts.csv,SOURCE_PROVED_NOT_YET_ADMITTED
TP07F507,04:ACA3:0:0:0,0x022CA3,4A,LSR,ACC,UNKNOWN,UNKNOWN,NONE,V05C-contexts.csv,SOURCE_PROVED_NOT_YET_ADMITTED
TP07F507,04:ACA4:0:0:0,0x022CA4,8DA207,STA,ABS,UNKNOWN,UNKNOWN,DBR:07A2,V05C-contexts.csv,SOURCE_PROVED_NOT_YET_ADMITTED
TP07F507,04:ACA7:0:0:0,0x022CA7,A90F00,LDA,IMM_M,UNKNOWN,UNKNOWN,NONE,V05C-contexts.csv,SOURCE_PROVED_NOT_YET_ADMITTED
TP07F507,04:ACAA:0:0:0,0x022CAA,38,SEC,IMP,UNKNOWN,0,NONE,V05C-contexts.csv,SOURCE_PROVED_NOT_YET_ADMITTED
TP07F507,04:ACAB:0:0:0,0x022CAB,EDA207,SBC,ABS,1,0,DBR:07A2,V05C-contexts.csv,SOURCE_PROVED_NOT_YET_ADMITTED
TP07F507,04:ACAE:0:0:0,0x022CAE,0A,ASL,ACC,UNKNOWN,UNKNOWN,NONE,V05C-contexts.csv,SOURCE_PROVED_NOT_YET_ADMITTED
TP07F507,04:ACAF:0:0:0,0x022CAF,8D8A07,STA,ABS,UNKNOWN,UNKNOWN,DBR:078A,V05C-contexts.csv,SOURCE_PROVED_NOT_YET_ADMITTED
TP07F507,04:ACB2:0:0:0,0x022CB2,A90200,LDA,IMM_M,UNKNOWN,UNKNOWN,NONE,V05C-contexts.csv,SOURCE_PROVED_NOT_YET_ADMITTED
TP07F507,04:ACB5:0:0:0,0x022CB5,8D8E07,STA,ABS,UNKNOWN,0,DBR:078E,V05C-contexts.csv,SOURCE_PROVED_NOT_YET_ADMITTED
TP07F507,04:ACB8:0:0:0,0x022CB8,E210,SEP,IMM8,UNKNOWN,0,NONE,V05C-contexts.csv,SOURCE_PROVED_NOT_YET_ADMITTED
TP07F507,04:ACBA:0:0:1,0x022CBA,C220,REP,IMM8,UNKNOWN,0,NONE,V05C-contexts.csv,SOURCE_PROVED_NOT_YET_ADMITTED
TP07F507,04:ACBC:0:0:1,0x022CBC,AD2200,LDA,ABS,UNKNOWN,0,DBR:0022,V05C-contexts.csv,SOURCE_PROVED_NOT_YET_ADMITTED
TP07F507,04:ACBF:0:0:1,0x022CBF,AE2400,LDX,ABS,UNKNOWN,UNKNOWN,DBR:0024,V05C-contexts.csv,SOURCE_PROVED_NOT_YET_ADMITTED
TP07F507,04:ACC2:0:0:1,0x022CC2,8D9207,STA,ABS,UNKNOWN,UNKNOWN,DBR:0792,V05C-contexts.csv,SOURCE_PROVED_NOT_YET_ADMITTED
TP07F507,04:ACC5:0:0:1,0x022CC5,8E9407,STX,ABS,UNKNOWN,UNKNOWN,DBR:0794,V05C-contexts.csv,SOURCE_PROVED_NOT_YET_ADMITTED
TP07F507,04:ACC8:0:0:1,0x022CC8,223CA306,JSL,ABSL_JUMP,UNKNOWN,UNKNOWN,NONE,V05C-contexts.csv,SOURCE_PROVED_NOT_YET_ADMITTED
TP07F507,04:ACCC:0:0:0,0x022CCC,E230,SEP,IMM8,UNKNOWN,UNKNOWN,NONE,V05C-contexts.csv,SOURCE_PROVED_NOT_YET_ADMITTED
TP07F507,04:ACCE:0:1:1,0x022CCE,A01A,LDY,IMM_X,UNKNOWN,UNKNOWN,NONE,V05C-contexts.csv,SOURCE_PROVED_NOT_YET_ADMITTED
TP07F507,04:ACD0:0:1:1,0x022CD0,B71C,LDA,DP_IND_LONG_Y,UNKNOWN,0,NONE,V05C-contexts.csv,SOURCE_PROVED_NOT_YET_ADMITTED
TP07F507,04:ACD2:0:1:1,0x022CD2,C906,CMP,IMM_M,UNKNOWN,UNKNOWN,NONE,V05C-contexts.csv,SOURCE_PROVED_NOT_YET_ADMITTED
TP07F507,04:ACD4:0:1:1,0x022CD4,D003,BNE,REL8,UNKNOWN,UNKNOWN,NONE,V05C-contexts.csv,SOURCE_PROVED_NOT_YET_ADMITTED
TP07F507,04:ACD6:0:1:1,0x022CD6,82D905,BRL,REL16,UNKNOWN,1,NONE,V05C-contexts.csv,SOURCE_PROVED_NOT_YET_ADMITTED
TP07F507,04:ACD9:0:1:1,0x022CD9,A01B,LDY,IMM_X,UNKNOWN,0,NONE,V05C-contexts.csv,SOURCE_PROVED_NOT_YET_ADMITTED
TP07F507,04:ACDB:0:1:1,0x022CDB,B71C,LDA,DP_IND_LONG_Y,UNKNOWN,0,NONE,V05C-contexts.csv,SOURCE_PROVED_NOT_YET_ADMITTED
TP07F507,04:ACDD:0:1:1,0x022CDD,C230,REP,IMM8,UNKNOWN,UNKNOWN,NONE,V05C-contexts.csv,SOURCE_PROVED_NOT_YET_ADMITTED
TP07F507,04:ACDF:0:0:0,0x022CDF,29FF00,AND,IMM_M,UNKNOWN,UNKNOWN,NONE,V05C-contexts.csv,SOURCE_PROVED_NOT_YET_ADMITTED
TP07F507,04:ACE2:0:0:0,0x022CE2,18,CLC,IMP,UNKNOWN,UNKNOWN,NONE,V05C-contexts.csv,SOURCE_PROVED_NOT_YET_ADMITTED
TP07F507,04:ACE3:0:0:0,0x022CE3,691D01,ADC,IMM_M,0,UNKNOWN,NONE,V05C-contexts.csv,SOURCE_PROVED_NOT_YET_ADMITTED
TP07F507,04:ACE6:0:0:0,0x022CE6,0A,ASL,ACC,UNKNOWN,UNKNOWN,NONE,V05C-contexts.csv,SOURCE_PROVED_NOT_YET_ADMITTED
TP07F507,04:ACE7:0:0:0,0x022CE7,A8,TAY,IMP,UNKNOWN,UNKNOWN,NONE,V05C-contexts.csv,SOURCE_PROVED_NOT_YET_ADMITTED
TP07F507,04:ACE8:0:0:0,0x022CE8,ADCF06,LDA,ABS,UNKNOWN,UNKNOWN,DBR:06CF,V05C-contexts.csv,SOURCE_PROVED_NOT_YET_ADMITTED
TP07F507,04:ACEB:0:0:0,0x022CEB,8D2200,STA,ABS,UNKNOWN,UNKNOWN,DBR:0022,V05C-contexts.csv,SOURCE_PROVED_NOT_YET_ADMITTED
TP07F507,04:ACEE:0:0:0,0x022CEE,E220,SEP,IMM8,UNKNOWN,UNKNOWN,NONE,V05C-contexts.csv,SOURCE_PROVED_NOT_YET_ADMITTED
TP07F507,04:ACF0:0:1:0,0x022CF0,C210,REP,IMM8,UNKNOWN,UNKNOWN,NONE,V05C-contexts.csv,SOURCE_PROVED_NOT_YET_ADMITTED
TP07F507,04:ACF2:0:1:0,0x022CF2,ADD106,LDA,ABS,UNKNOWN,UNKNOWN,DBR:06D1,V05C-contexts.csv,SOURCE_PROVED_NOT_YET_ADMITTED
TP07F507,04:ACF5:0:1:0,0x022CF5,8D2400,STA,ABS,UNKNOWN,UNKNOWN,DBR:0024,V05C-contexts.csv,SOURCE_PROVED_NOT_YET_ADMITTED
TP07F507,04:ACF8:0:1:0,0x022CF8,C230,REP,IMM8,UNKNOWN,UNKNOWN,NONE,V05C-contexts.csv,SOURCE_PROVED_NOT_YET_ADMITTED
TP07F507,04:ACFA:0:0:0,0x022CFA,B722,LDA,DP_IND_LONG_Y,UNKNOWN,UNKNOWN,NONE,V05C-contexts.csv,SOURCE_PROVED_NOT_YET_ADMITTED
TP07F507,04:ACFC:0:0:0,0x022CFC,8D9207,STA,ABS,UNKNOWN,UNKNOWN,DBR:0792,V05C-contexts.csv,SOURCE_PROVED_NOT_YET_ADMITTED
TP07F507,04:ACFF:0:0:0,0x022CFF,E210,SEP,IMM8,UNKNOWN,UNKNOWN,NONE,V05C-contexts.csv,SOURCE_PROVED_NOT_YET_ADMITTED
TP07F507,04:AD01:0:0:1,0x022D01,C220,REP,IMM8,UNKNOWN,UNKNOWN,NONE,V05C-contexts.csv,SOURCE_PROVED_NOT_YET_ADMITTED
TP07F507,04:AD03:0:0:1,0x022D03,AED106,LDX,ABS,UNKNOWN,UNKNOWN,DBR:06D1,V05C-contexts.csv,SOURCE_PROVED_NOT_YET_ADMITTED
TP07F507,04:AD06:0:0:1,0x022D06,8E9407,STX,ABS,UNKNOWN,UNKNOWN,DBR:0794,V05C-contexts.csv,SOURCE_PROVED_NOT_YET_ADMITTED
TP07F507,04:AD09:0:0:1,0x022D09,22D6D804,JSL,ABSL_JUMP,UNKNOWN,UNKNOWN,NONE,V05C-contexts.csv,SOURCE_PROVED_NOT_YET_ADMITTED
TP07F507,04:AD0D:0:0:0,0x022D0D,C230,REP,IMM8,UNKNOWN,UNKNOWN,NONE,V05C-contexts.csv,SOURCE_PROVED_NOT_YET_ADMITTED
TP07F507,04:AD0F:0:0:0,0x022D0F,ADA207,LDA,ABS,UNKNOWN,UNKNOWN,DBR:07A2,V05C-contexts.csv,SOURCE_PROVED_NOT_YET_ADMITTED
TP07F507,04:AD12:0:0:0,0x022D12,4A,LSR,ACC,UNKNOWN,UNKNOWN,NONE,V05C-contexts.csv,SOURCE_PROVED_NOT_YET_ADMITTED
TP07F507,04:AD13:0:0:0,0x022D13,8DA207,STA,ABS,UNKNOWN,UNKNOWN,DBR:07A2,V05C-contexts.csv,SOURCE_PROVED_NOT_YET_ADMITTED
TP07F507,04:AD16:0:0:0,0x022D16,A91900,LDA,IMM_M,UNKNOWN,UNKNOWN,NONE,V05C-contexts.csv,SOURCE_PROVED_NOT_YET_ADMITTED
TP07F507,04:AD19:0:0:0,0x022D19,38,SEC,IMP,UNKNOWN,0,NONE,V05C-contexts.csv,SOURCE_PROVED_NOT_YET_ADMITTED
TP07F507,04:AD1A:0:0:0,0x022D1A,EDA207,SBC,ABS,1,0,DBR:07A2,V05C-contexts.csv,SOURCE_PROVED_NOT_YET_ADMITTED
TP07F507,04:AD1D:0:0:0,0x022D1D,0A,ASL,ACC,UNKNOWN,UNKNOWN,NONE,V05C-contexts.csv,SOURCE_PROVED_NOT_YET_ADMITTED
TP07F507,04:AD1E:0:0:0,0x022D1E,8D8A07,STA,ABS,UNKNOWN,UNKNOWN,DBR:078A,V05C-contexts.csv,SOURCE_PROVED_NOT_YET_ADMITTED
TP07F507,04:AD21:0:0:0,0x022D21,A91600,LDA,IMM_M,UNKNOWN,UNKNOWN,NONE,V05C-contexts.csv,SOURCE_PROVED_NOT_YET_ADMITTED
TP07F507,04:AD24:0:0:0,0x022D24,8D8E07,STA,ABS,UNKNOWN,0,DBR:078E,V05C-contexts.csv,SOURCE_PROVED_NOT_YET_ADMITTED
TP07F507,04:AD27:0:0:0,0x022D27,223CA306,JSL,ABSL_JUMP,UNKNOWN,0,NONE,V05C-contexts.csv,SOURCE_PROVED_NOT_YET_ADMITTED
TP07F507,04:AD2B:0:0:0,0x022D2B,E220,SEP,IMM8,UNKNOWN,UNKNOWN,NONE,V05C-contexts.csv,SOURCE_PROVED_NOT_YET_ADMITTED
TP07F507,04:AD2D:0:1:0,0x022D2D,C210,REP,IMM8,UNKNOWN,UNKNOWN,NONE,V05C-contexts.csv,SOURCE_PROVED_NOT_YET_ADMITTED
TP07F507,04:AD2F:0:1:0,0x022D2F,A01A00,LDY,IMM_X,UNKNOWN,UNKNOWN,NONE,V05C-contexts.csv,SOURCE_PROVED_NOT_YET_ADMITTED
TP07F507,04:AD32:0:1:0,0x022D32,B71C,LDA,DP_IND_LONG_Y,UNKNOWN,0,NONE,V05C-contexts.csv,SOURCE_PROVED_NOT_YET_ADMITTED
TP07F507,04:AD34:0:1:0,0x022D34,C900,CMP,IMM_M,UNKNOWN,UNKNOWN,NONE,V05C-contexts.csv,SOURCE_PROVED_NOT_YET_ADMITTED
TP07F507,04:AD36:0:1:0,0x022D36,D006,BNE,REL8,UNKNOWN,UNKNOWN,NONE,V05C-contexts.csv,SOURCE_PROVED_NOT_YET_ADMITTED
TP07F507,04:AD38:0:1:0,0x022D38,A0DC00,LDY,IMM_X,UNKNOWN,1,NONE,V05C-contexts.csv,SOURCE_PROVED_NOT_YET_ADMITTED
TP07F507,04:AD3B:0:1:0,0x022D3B,823500,BRL,REL16,UNKNOWN,0,NONE,V05C-contexts.csv,SOURCE_PROVED_NOT_YET_ADMITTED
TP07F507,04:AD3E:0:1:0,0x022D3E,C901,CMP,IMM_M,UNKNOWN,0,NONE,V05C-contexts.csv,SOURCE_PROVED_NOT_YET_ADMITTED
TP07F507,04:AD40:0:1:0,0x022D40,D006,BNE,REL8,UNKNOWN,UNKNOWN,NONE,V05C-contexts.csv,SOURCE_PROVED_NOT_YET_ADMITTED
TP07F507,04:AD42:0:1:0,0x022D42,A0DD00,LDY,IMM_X,UNKNOWN,1,NONE,V05C-contexts.csv,SOURCE_PROVED_NOT_YET_ADMITTED
TP07F507,04:AD45:0:1:0,0x022D45,822B00,BRL,REL16,UNKNOWN,0,NONE,V05C-contexts.csv,SOURCE_PROVED_NOT_YET_ADMITTED
TP07F507,04:AD48:0:1:0,0x022D48,C902,CMP,IMM_M,UNKNOWN,0,NONE,V05C-contexts.csv,SOURCE_PROVED_NOT_YET_ADMITTED
TP07F507,04:AD4A:0:1:0,0x022D4A,D006,BNE,REL8,UNKNOWN,UNKNOWN,NONE,V05C-contexts.csv,SOURCE_PROVED_NOT_YET_ADMITTED
TP07F507,04:AD4C:0:1:0,0x022D4C,A0DE00,LDY,IMM_X,UNKNOWN,1,NONE,V05C-contexts.csv,SOURCE_PROVED_NOT_YET_ADMITTED
TP07F507,04:AD4F:0:1:0,0x022D4F,822100,BRL,REL16,UNKNOWN,0,NONE,V05C-contexts.csv,SOURCE_PROVED_NOT_YET_ADMITTED
TP07F507,04:AD52:0:1:0,0x022D52,C903,CMP,IMM_M,UNKNOWN,0,NONE,V05C-contexts.csv,SOURCE_PROVED_NOT_YET_ADMITTED
TP07F507,04:AD54:0:1:0,0x022D54,D006,BNE,REL8,UNKNOWN,UNKNOWN,NONE,V05C-contexts.csv,SOURCE_PROVED_NOT_YET_ADMITTED
TP07F507,04:AD56:0:1:0,0x022D56,A0DF00,LDY,IMM_X,UNKNOWN,1,NONE,V05C-contexts.csv,SOURCE_PROVED_NOT_YET_ADMITTED
TP07F507,04:AD59:0:1:0,0x022D59,821700,BRL,REL16,UNKNOWN,0,NONE,V05C-contexts.csv,SOURCE_PROVED_NOT_YET_ADMITTED
TP07F507,04:AD5C:0:1:0,0x022D5C,C904,CMP,IMM_M,UNKNOWN,0,NONE,V05C-contexts.csv,SOURCE_PROVED_NOT_YET_ADMITTED
TP07F507,04:AD5E:0:1:0,0x022D5E,D006,BNE,REL8,UNKNOWN,UNKNOWN,NONE,V05C-contexts.csv,SOURCE_PROVED_NOT_YET_ADMITTED
TP07F507,04:AD60:0:1:0,0x022D60,A0E000,LDY,IMM_X,UNKNOWN,1,NONE,V05C-contexts.csv,SOURCE_PROVED_NOT_YET_ADMITTED
TP07F507,04:AD63:0:1:0,0x022D63,820D00,BRL,REL16,UNKNOWN,0,NONE,V05C-contexts.csv,SOURCE_PROVED_NOT_YET_ADMITTED
TP07F507,04:AD66:0:1:0,0x022D66,C905,CMP,IMM_M,UNKNOWN,0,NONE,V05C-contexts.csv,SOURCE_PROVED_NOT_YET_ADMITTED
TP07F507,04:AD68:0:1:0,0x022D68,D006,BNE,REL8,UNKNOWN,UNKNOWN,NONE,V05C-contexts.csv,SOURCE_PROVED_NOT_YET_ADMITTED
TP07F507,04:AD6A:0:1:0,0x022D6A,A0E100,LDY,IMM_X,UNKNOWN,1,NONE,V05C-contexts.csv,SOURCE_PROVED_NOT_YET_ADMITTED
TP07F507,04:AD6D:0:1:0,0x022D6D,820300,BRL,REL16,UNKNOWN,0,NONE,V05C-contexts.csv,SOURCE_PROVED_NOT_YET_ADMITTED
TP07F507,04:AD70:0:1:0,0x022D70,A01D01,LDY,IMM_X,UNKNOWN,0,NONE,V05C-contexts.csv,SOURCE_PROVED_NOT_YET_ADMITTED
TP07F507,04:AD73:0:1:0,0x022D73,C230,REP,IMM8,UNKNOWN,0,NONE,V05C-contexts.csv,SOURCE_PROVED_NOT_YET_ADMITTED
TP07F507,04:AD75:0:0:0,0x022D75,98,TYA,IMP,UNKNOWN,0,NONE,V05C-contexts.csv,SOURCE_PROVED_NOT_YET_ADMITTED
TP07F507,04:AD76:0:0:0,0x022D76,0A,ASL,ACC,UNKNOWN,UNKNOWN,NONE,V05C-contexts.csv,SOURCE_PROVED_NOT_YET_ADMITTED
TP07F507,04:AD77:0:0:0,0x022D77,A8,TAY,IMP,UNKNOWN,UNKNOWN,NONE,V05C-contexts.csv,SOURCE_PROVED_NOT_YET_ADMITTED
TP07F507,04:AD78:0:0:0,0x022D78,B722,LDA,DP_IND_LONG_Y,UNKNOWN,UNKNOWN,NONE,V05C-contexts.csv,SOURCE_PROVED_NOT_YET_ADMITTED
TP07F507,04:AD7A:0:0:0,0x022D7A,8D9207,STA,ABS,UNKNOWN,UNKNOWN,DBR:0792,V05C-contexts.csv,SOURCE_PROVED_NOT_YET_ADMITTED
TP07F507,04:AD7D:0:0:0,0x022D7D,AED106,LDX,ABS,UNKNOWN,UNKNOWN,DBR:06D1,V05C-contexts.csv,SOURCE_PROVED_NOT_YET_ADMITTED
TP07F507,04:AD80:0:0:0,0x022D80,8E9407,STX,ABS,UNKNOWN,UNKNOWN,DBR:0794,V05C-contexts.csv,SOURCE_PROVED_NOT_YET_ADMITTED
TP07F507,04:AD83:0:0:0,0x022D83,ADA207,LDA,ABS,UNKNOWN,UNKNOWN,DBR:07A2,V05C-contexts.csv,SOURCE_PROVED_NOT_YET_ADMITTED
TP07F507,04:AD86:0:0:0,0x022D86,4A,LSR,ACC,UNKNOWN,UNKNOWN,NONE,V05C-contexts.csv,SOURCE_PROVED_NOT_YET_ADMITTED
TP07F507,04:AD87:0:0:0,0x022D87,8DA207,STA,ABS,UNKNOWN,UNKNOWN,DBR:07A2,V05C-contexts.csv,SOURCE_PROVED_NOT_YET_ADMITTED
TP07F507,04:AD8A:0:0:0,0x022D8A,A90F00,LDA,IMM_M,UNKNOWN,UNKNOWN,NONE,V05C-contexts.csv,SOURCE_PROVED_NOT_YET_ADMITTED
TP07F507,04:AD8D:0:0:0,0x022D8D,38,SEC,IMP,UNKNOWN,0,NONE,V05C-contexts.csv,SOURCE_PROVED_NOT_YET_ADMITTED
TP07F507,04:AD8E:0:0:0,0x022D8E,EDA207,SBC,ABS,1,0,DBR:07A2,V05C-contexts.csv,SOURCE_PROVED_NOT_YET_ADMITTED
TP07F507,04:AD91:0:0:0,0x022D91,0A,ASL,ACC,UNKNOWN,UNKNOWN,NONE,V05C-contexts.csv,SOURCE_PROVED_NOT_YET_ADMITTED
TP07F507,04:AD92:0:0:0,0x022D92,8D8A07,STA,ABS,UNKNOWN,UNKNOWN,DBR:078A,V05C-contexts.csv,SOURCE_PROVED_NOT_YET_ADMITTED
TP07F507,04:AD95:0:0:0,0x022D95,A91600,LDA,IMM_M,UNKNOWN,UNKNOWN,NONE,V05C-contexts.csv,SOURCE_PROVED_NOT_YET_ADMITTED
TP07F507,04:AD98:0:0:0,0x022D98,1A,INC,ACC,UNKNOWN,0,NONE,V05C-contexts.csv,SOURCE_PROVED_NOT_YET_ADMITTED
TP07F507,04:AD99:0:0:0,0x022D99,8D8E07,STA,ABS,UNKNOWN,UNKNOWN,DBR:078E,V05C-contexts.csv,SOURCE_PROVED_NOT_YET_ADMITTED
TP07F507,04:AD9C:0:0:0,0x022D9C,821305,BRL,REL16,UNKNOWN,UNKNOWN,NONE,V05C-contexts.csv,SOURCE_PROVED_NOT_YET_ADMITTED
TP07F507,04:AD9F:0:0:1,0x022D9F,E210,SEP,IMM8,UNKNOWN,0,NONE,V05C-contexts.csv,SOURCE_PROVED_NOT_YET_ADMITTED
TP07F507,04:ADA1:0:0:1,0x022DA1,C220,REP,IMM8,UNKNOWN,0,NONE,V05C-contexts.csv,SOURCE_PROVED_NOT_YET_ADMITTED
TP07F507,04:ADA3:0:0:1,0x022DA3,C98700,CMP,IMM_M,UNKNOWN,0,NONE,V05C-contexts.csv,SOURCE_PROVED_NOT_YET_ADMITTED
TP07F507,04:ADA6:0:0:1,0x022DA6,F003,BEQ,REL8,UNKNOWN,UNKNOWN,NONE,V05C-contexts.csv,SOURCE_PROVED_NOT_YET_ADMITTED
TP07F507,04:ADA8:0:0:1,0x022DA8,828A02,BRL,REL16,UNKNOWN,0,NONE,V05C-contexts.csv,SOURCE_PROVED_NOT_YET_ADMITTED
TP07F507,04:ADAB:0:0:1,0x022DAB,229FC40C,JSL,ABSL_JUMP,UNKNOWN,1,NONE,V05C-contexts.csv,SOURCE_PROVED_NOT_YET_ADMITTED
TP07F507,04:ADAF:0:0:0,0x022DAF,E210,SEP,IMM8,UNKNOWN,UNKNOWN,NONE,V05C-contexts.csv,SOURCE_PROVED_NOT_YET_ADMITTED
TP07F507,04:ADB1:0:0:1,0x022DB1,C220,REP,IMM8,UNKNOWN,UNKNOWN,NONE,V05C-contexts.csv,SOURCE_PROVED_NOT_YET_ADMITTED
TP07F507,04:ADB3:0:0:1,0x022DB3,A01A,LDY,IMM_X,UNKNOWN,UNKNOWN,NONE,V05C-contexts.csv,SOURCE_PROVED_NOT_YET_ADMITTED
TP07F507,04:ADB5:0:0:1,0x022DB5,B749,LDA,DP_IND_LONG_Y,UNKNOWN,0,NONE,V05C-contexts.csv,SOURCE_PROVED_NOT_YET_ADMITTED
TP07F507,04:ADB7:0:0:1,0x022DB7,2250C300,JSL,ABSL_JUMP,UNKNOWN,UNKNOWN,NONE,V05C-contexts.csv,SOURCE_PROVED_NOT_YET_ADMITTED
TP07F507,04:ADBB:0:0:1,0x022DBB,8D1C00,STA,ABS,UNKNOWN,1,DBR:001C,V05C-contexts.csv,SOURCE_PROVED_NOT_YET_ADMITTED
TP07F507,04:ADBE:0:0:1,0x022DBE,8E1E00,STX,ABS,UNKNOWN,1,DBR:001E,V05C-contexts.csv,SOURCE_PROVED_NOT_YET_ADMITTED
TP07F507,04:ADC1:0:0:1,0x022DC1,C230,REP,IMM8,UNKNOWN,1,NONE,V05C-contexts.csv,SOURCE_PROVED_NOT_YET_ADMITTED
TP07F507,04:ADC3:0:0:0,0x022DC3,A99900,LDA,IMM_M,UNKNOWN,1,NONE,V05C-contexts.csv,SOURCE_PROVED_NOT_YET_ADMITTED
TP07F507,04:ADC6:0:0:0,0x022DC6,8D8A07,STA,ABS,UNKNOWN,0,DBR:078A,V05C-contexts.csv,SOURCE_PROVED_NOT_YET_ADMITTED
TP07F507,04:ADC9:0:0:0,0x022DC9,228A8A06,JSL,ABSL_JUMP,UNKNOWN,0,NONE,V05C-contexts.csv,SOURCE_PROVED_NOT_YET_ADMITTED
TP07F507,04:ADCD:0:0:0,0x022DCD,E210,SEP,IMM8,UNKNOWN,UNKNOWN,NONE,V05C-contexts.csv,SOURCE_PROVED_NOT_YET_ADMITTED
TP07F507,04:ADCF:0:0:1,0x022DCF,C220,REP,IMM8,UNKNOWN,UNKNOWN,NONE,V05C-contexts.csv,SOURCE_PROVED_NOT_YET_ADMITTED
TP07F507,04:ADD1:0:0:1,0x022DD1,ADA207,LDA,ABS,UNKNOWN,UNKNOWN,DBR:07A2,V05C-contexts.csv,SOURCE_PROVED_NOT_YET_ADMITTED
TP07F507,04:ADD4:0:0:1,0x022DD4,AEA407,LDX,ABS,UNKNOWN,UNKNOWN,DBR:07A4,V05C-contexts.csv,SOURCE_PROVED_NOT_YET_ADMITTED
TP07F507,04:ADD7:0:0:1,0x022DD7,8D1600,STA,ABS,UNKNOWN,UNKNOWN,DBR:0016,V05C-contexts.csv,SOURCE_PROVED_NOT_YET_ADMITTED
TP07F507,04:ADDA:0:0:1,0x022DDA,8E1800,STX,ABS,UNKNOWN,UNKNOWN,DBR:0018,V05C-contexts.csv,SOURCE_PROVED_NOT_YET_ADMITTED
TP07F507,04:ADDD:0:0:1,0x022DDD,C230,REP,IMM8,UNKNOWN,UNKNOWN,NONE,V05C-contexts.csv,SOURCE_PROVED_NOT_YET_ADMITTED
TP07F507,04:ADDF:0:0:0,0x022DDF,A02500,LDY,IMM_X,UNKNOWN,UNKNOWN,NONE,V05C-contexts.csv,SOURCE_PROVED_NOT_YET_ADMITTED
TP07F507,04:ADE2:0:0:0,0x022DE2,B71C,LDA,DP_IND_LONG_Y,UNKNOWN,0,NONE,V05C-contexts.csv,SOURCE_PROVED_NOT_YET_ADMITTED
TP07F507,04:ADE4:0:0:0,0x022DE4,29FF00,AND,IMM_M,UNKNOWN,UNKNOWN,NONE,V05C-contexts.csv,SOURCE_PROVED_NOT_YET_ADMITTED
TP07F507,04:ADE7:0:0:0,0x022DE7,A20A00,LDX,IMM_X,UNKNOWN,UNKNOWN,NONE,V05C-contexts.csv,SOURCE_PROVED_NOT_YET_ADMITTED
TP07F507,04:ADEA:0:0:0,0x022DEA,229EA506,JSL,ABSL_JUMP,UNKNOWN,0,NONE,V05C-contexts.csv,SOURCE_PROVED_NOT_YET_ADMITTED
TP07F507,04:ADEE:0:0:0,0x022DEE,8D8A07,STA,ABS,UNKNOWN|0|1,UNKNOWN,DBR:078A,V05C-contexts.csv,SOURCE_PROVED_NOT_YET_ADMITTED
TP07F507,04:ADF1:0:0:0,0x022DF1,0A,ASL,ACC,UNKNOWN|0|1,UNKNOWN,NONE,V05C-contexts.csv,SOURCE_PROVED_NOT_YET_ADMITTED
TP07F507,04:ADF2:0:0:0,0x022DF2,A8,TAY,IMP,UNKNOWN,UNKNOWN,NONE,V05C-contexts.csv,SOURCE_PROVED_NOT_YET_ADMITTED
TP07F507,04:ADF3:0:0:0,0x022DF3,ADDE06,LDA,ABS,UNKNOWN,UNKNOWN,DBR:06DE,V05C-contexts.csv,SOURCE_PROVED_NOT_YET_ADMITTED
TP07F507,04:ADF6:0:0:0,0x022DF6,8D2200,STA,ABS,UNKNOWN,UNKNOWN,DBR:0022,V05C-contexts.csv,SOURCE_PROVED_NOT_YET_ADMITTED
TP07F507,04:ADF9:0:0:0,0x022DF9,E220,SEP,IMM8,UNKNOWN,UNKNOWN,NONE,V05C-contexts.csv,SOURCE_PROVED_NOT_YET_ADMITTED
TP07F507,04:ADFB:0:1:0,0x022DFB,C210,REP,IMM8,UNKNOWN,UNKNOWN,NONE,V05C-contexts.csv,SOURCE_PROVED_NOT_YET_ADMITTED
TP07F507,04:ADFD:0:1:0,0x022DFD,ADE006,LDA,ABS,UNKNOWN,UNKNOWN,DBR:06E0,V05C-contexts.csv,SOURCE_PROVED_NOT_YET_ADMITTED
TP07F507,04:AE00:0:1:0,0x022E00,8D2400,STA,ABS,UNKNOWN,UNKNOWN,DBR:0024,V05C-contexts.csv,SOURCE_PROVED_NOT_YET_ADMITTED
TP07F507,04:AE03:0:1:0,0x022E03,C230,REP,IMM8,UNKNOWN,UNKNOWN,NONE,V05C-contexts.csv,SOURCE_PROVED_NOT_YET_ADMITTED
TP07F507,04:AE05:0:0:0,0x022E05,B722,LDA,DP_IND_LONG_Y,UNKNOWN,UNKNOWN,NONE,V05C-contexts.csv,SOURCE_PROVED_NOT_YET_ADMITTED
TP07F507,04:AE07:0:0:0,0x022E07,8D9207,STA,ABS,UNKNOWN,UNKNOWN,DBR:0792,V05C-contexts.csv,SOURCE_PROVED_NOT_YET_ADMITTED
TP07F507,04:AE0A:0:0:0,0x022E0A,AEE006,LDX,ABS,UNKNOWN,UNKNOWN,DBR:06E0,V05C-contexts.csv,SOURCE_PROVED_NOT_YET_ADMITTED
TP07F507,04:AE0D:0:0:0,0x022E0D,8E9407,STX,ABS,UNKNOWN,UNKNOWN,DBR:0794,V05C-contexts.csv,SOURCE_PROVED_NOT_YET_ADMITTED
TP07F507,04:AE10:0:0:0,0x022E10,22D6D804,JSL,ABSL_JUMP,UNKNOWN,UNKNOWN,NONE,V05C-contexts.csv,SOURCE_PROVED_NOT_YET_ADMITTED
TP07F507,04:AE14:0:0:0,0x022E14,C230,REP,IMM8,UNKNOWN,UNKNOWN,NONE,V05C-contexts.csv,SOURCE_PROVED_NOT_YET_ADMITTED
TP07F507,04:AE16:0:0:0,0x022E16,ADA207,LDA,ABS,UNKNOWN,UNKNOWN,DBR:07A2,V05C-contexts.csv,SOURCE_PROVED_NOT_YET_ADMITTED
TP07F507,04:AE19:0:0:0,0x022E19,4A,LSR,ACC,UNKNOWN,UNKNOWN,NONE,V05C-contexts.csv,SOURCE_PROVED_NOT_YET_ADMITTED
TP07F507,04:AE1A:0:0:0,0x022E1A,8DA207,STA,ABS,UNKNOWN,UNKNOWN,DBR:07A2,V05C-contexts.csv,SOURCE_PROVED_NOT_YET_ADMITTED
TP07F507,04:AE1D:0:0:0,0x022E1D,A91900,LDA,IMM_M,UNKNOWN,UNKNOWN,NONE,V05C-contexts.csv,SOURCE_PROVED_NOT_YET_ADMITTED
TP07F507,04:AE20:0:0:0,0x022E20,38,SEC,IMP,UNKNOWN,0,NONE,V05C-contexts.csv,SOURCE_PROVED_NOT_YET_ADMITTED
TP07F507,04:AE21:0:0:0,0x022E21,EDA207,SBC,ABS,1,0,DBR:07A2,V05C-contexts.csv,SOURCE_PROVED_NOT_YET_ADMITTED
TP07F507,04:AE24:0:0:0,0x022E24,0A,ASL,ACC,UNKNOWN,UNKNOWN,NONE,V05C-contexts.csv,SOURCE_PROVED_NOT_YET_ADMITTED
TP07F507,04:AE25:0:0:0,0x022E25,8D8A07,STA,ABS,UNKNOWN,UNKNOWN,DBR:078A,V05C-contexts.csv,SOURCE_PROVED_NOT_YET_ADMITTED
TP07F507,04:AE28:0:0:0,0x022E28,A91400,LDA,IMM_M,UNKNOWN,UNKNOWN,NONE,V05C-contexts.csv,SOURCE_PROVED_NOT_YET_ADMITTED
TP07F507,04:AE2B:0:0:0,0x022E2B,8D8E07,STA,ABS,UNKNOWN,0,DBR:078E,V05C-contexts.csv,SOURCE_PROVED_NOT_YET_ADMITTED
TP07F507,04:AE2E:0:0:0,0x022E2E,223CA306,JSL,ABSL_JUMP,UNKNOWN,0,NONE,V05C-contexts.csv,SOURCE_PROVED_NOT_YET_ADMITTED
TP07F507,04:AE32:0:0:0,0x022E32,C230,REP,IMM8,UNKNOWN,UNKNOWN,NONE,V05C-contexts.csv,SOURCE_PROVED_NOT_YET_ADMITTED
TP07F507,04:AE34:0:0:0,0x022E34,A07A00,LDY,IMM_X,UNKNOWN,UNKNOWN,NONE,V05C-contexts.csv,SOURCE_PROVED_NOT_YET_ADMITTED
TP07F507,04:AE37:0:0:0,0x022E37,B749,LDA,DP_IND_LONG_Y,UNKNOWN,0,NONE,V05C-contexts.csv,SOURCE_PROVED_NOT_YET_ADMITTED
TP07F507,04:AE39:0:0:0,0x022E39,8D8A07,STA,ABS,UNKNOWN,UNKNOWN,DBR:078A,V05C-contexts.csv,SOURCE_PROVED_NOT_YET_ADMITTED
TP07F507,04:AE3C:0:0:0,0x022E3C,9C8C07,STZ,ABS,UNKNOWN,UNKNOWN,DBR:078C,V05C-contexts.csv,SOURCE_PROVED_NOT_YET_ADMITTED
TP07F507,04:AE3F:0:0:0,0x022E3F,221BFA04,JSL,ABSL_JUMP,UNKNOWN,UNKNOWN,NONE,V05C-contexts.csv,SOURCE_PROVED_NOT_YET_ADMITTED
TP07F507,04:AE43:0:0:0,0x022E43,E210,SEP,IMM8,UNKNOWN|0|1,UNKNOWN,NONE,V05C-contexts.csv,SOURCE_PROVED_NOT_YET_ADMITTED
TP07F507,04:AE45:0:0:1,0x022E45,C220,REP,IMM8,UNKNOWN|0|1,UNKNOWN,NONE,V05C-contexts.csv,SOURCE_PROVED_NOT_YET_ADMITTED
TP07F507,04:AE47:0:0:1,0x022E47,AD1F00,LDA,ABS,UNKNOWN|0|1,UNKNOWN,DBR:001F,V05C-contexts.csv,SOURCE_PROVED_NOT_YET_ADMITTED
TP07F507,04:AE4A:0:0:1,0x022E4A,AE2100,LDX,ABS,UNKNOWN|0|1,UNKNOWN,DBR:0021,V05C-contexts.csv,SOURCE_PROVED_NOT_YET_ADMITTED
TP07F507,04:AE4D:0:0:1,0x022E4D,8D9207,STA,ABS,UNKNOWN|0|1,UNKNOWN,DBR:0792,V05C-contexts.csv,SOURCE_PROVED_NOT_YET_ADMITTED
TP07F507,04:AE50:0:0:1,0x022E50,8E9407,STX,ABS,UNKNOWN|0|1,UNKNOWN,DBR:0794,V05C-contexts.csv,SOURCE_PROVED_NOT_YET_ADMITTED
TP07F507,04:AE53:0:0:1,0x022E53,22D6D804,JSL,ABSL_JUMP,UNKNOWN|0|1,UNKNOWN,NONE,V05C-contexts.csv,SOURCE_PROVED_NOT_YET_ADMITTED
TP07F507,04:AE57:0:0:0,0x022E57,C230,REP,IMM8,UNKNOWN,UNKNOWN,NONE,V05C-contexts.csv,SOURCE_PROVED_NOT_YET_ADMITTED
TP07F507,04:AE59:0:0:0,0x022E59,ADA207,LDA,ABS,UNKNOWN,UNKNOWN,DBR:07A2,V05C-contexts.csv,SOURCE_PROVED_NOT_YET_ADMITTED
TP07F507,04:AE5C:0:0:0,0x022E5C,4A,LSR,ACC,UNKNOWN,UNKNOWN,NONE,V05C-contexts.csv,SOURCE_PROVED_NOT_YET_ADMITTED
TP07F507,04:AE5D:0:0:0,0x022E5D,8DA207,STA,ABS,UNKNOWN,UNKNOWN,DBR:07A2,V05C-contexts.csv,SOURCE_PROVED_NOT_YET_ADMITTED
TP07F507,04:AE60:0:0:0,0x022E60,A91C00,LDA,IMM_M,UNKNOWN,UNKNOWN,NONE,V05C-contexts.csv,SOURCE_PROVED_NOT_YET_ADMITTED
TP07F507,04:AE63:0:0:0,0x022E63,38,SEC,IMP,UNKNOWN,0,NONE,V05C-contexts.csv,SOURCE_PROVED_NOT_YET_ADMITTED
TP07F507,04:AE64:0:0:0,0x022E64,EDA207,SBC,ABS,1,0,DBR:07A2,V05C-contexts.csv,SOURCE_PROVED_NOT_YET_ADMITTED
TP07F507,04:AE67:0:0:0,0x022E67,0A,ASL,ACC,UNKNOWN,UNKNOWN,NONE,V05C-contexts.csv,SOURCE_PROVED_NOT_YET_ADMITTED
TP07F507,04:AE68:0:0:0,0x022E68,8D8A07,STA,ABS,UNKNOWN,UNKNOWN,DBR:078A,V05C-contexts.csv,SOURCE_PROVED_NOT_YET_ADMITTED
TP07F507,04:AE6B:0:0:0,0x022E6B,A91000,LDA,IMM_M,UNKNOWN,UNKNOWN,NONE,V05C-contexts.csv,SOURCE_PROVED_NOT_YET_ADMITTED
TP07F507,04:AE6E:0:0:0,0x022E6E,8D8E07,STA,ABS,UNKNOWN,0,DBR:078E,V05C-contexts.csv,SOURCE_PROVED_NOT_YET_ADMITTED
TP07F507,04:AE71:0:0:0,0x022E71,223CA306,JSL,ABSL_JUMP,UNKNOWN,0,NONE,V05C-contexts.csv,SOURCE_PROVED_NOT_YET_ADMITTED
TP07F507,04:AE75:0:0:0,0x022E75,C230,REP,IMM8,UNKNOWN,UNKNOWN,NONE,V05C-contexts.csv,SOURCE_PROVED_NOT_YET_ADMITTED
TP07F507,04:AE77:0:0:0,0x022E77,A01800,LDY,IMM_X,UNKNOWN,UNKNOWN,NONE,V05C-contexts.csv,SOURCE_PROVED_NOT_YET_ADMITTED
TP07F507,04:AE7A:0:0:0,0x022E7A,B749,LDA,DP_IND_LONG_Y,UNKNOWN,0,NONE,V05C-contexts.csv,SOURCE_PROVED_NOT_YET_ADMITTED
TP07F507,04:AE7C:0:0:0,0x022E7C,8D8A07,STA,ABS,UNKNOWN,UNKNOWN,DBR:078A,V05C-contexts.csv,SOURCE_PROVED_NOT_YET_ADMITTED
TP07F507,04:AE7F:0:0:0,0x022E7F,9C8C07,STZ,ABS,UNKNOWN,UNKNOWN,DBR:078C,V05C-contexts.csv,SOURCE_PROVED_NOT_YET_ADMITTED
TP07F507,04:AE82:0:0:0,0x022E82,221BFA04,JSL,ABSL_JUMP,UNKNOWN,UNKNOWN,NONE,V05C-contexts.csv,SOURCE_PROVED_NOT_YET_ADMITTED
TP07F507,04:AE86:0:0:0,0x022E86,E210,SEP,IMM8,UNKNOWN|0|1,UNKNOWN,NONE,V05C-contexts.csv,SOURCE_PROVED_NOT_YET_ADMITTED
TP07F507,04:AE88:0:0:1,0x022E88,C220,REP,IMM8,UNKNOWN|0|1,UNKNOWN,NONE,V05C-contexts.csv,SOURCE_PROVED_NOT_YET_ADMITTED
TP07F507,04:AE8A:0:0:1,0x022E8A,AD1F00,LDA,ABS,UNKNOWN|0|1,UNKNOWN,DBR:001F,V05C-contexts.csv,SOURCE_PROVED_NOT_YET_ADMITTED
TP07F507,04:AE8D:0:0:1,0x022E8D,AE2100,LDX,ABS,UNKNOWN|0|1,UNKNOWN,DBR:0021,V05C-contexts.csv,SOURCE_PROVED_NOT_YET_ADMITTED
TP07F507,04:AE90:0:0:1,0x022E90,8D9207,STA,ABS,UNKNOWN|0|1,UNKNOWN,DBR:0792,V05C-contexts.csv,SOURCE_PROVED_NOT_YET_ADMITTED
TP07F507,04:AE93:0:0:1,0x022E93,8E9407,STX,ABS,UNKNOWN|0|1,UNKNOWN,DBR:0794,V05C-contexts.csv,SOURCE_PROVED_NOT_YET_ADMITTED
TP07F507,04:AE96:0:0:1,0x022E96,22D6D804,JSL,ABSL_JUMP,UNKNOWN|0|1,UNKNOWN,NONE,V05C-contexts.csv,SOURCE_PROVED_NOT_YET_ADMITTED
TP07F507,04:AE9A:0:0:0,0x022E9A,C230,REP,IMM8,UNKNOWN,UNKNOWN,NONE,V05C-contexts.csv,SOURCE_PROVED_NOT_YET_ADMITTED
TP07F507,04:AE9C:0:0:0,0x022E9C,ADA207,LDA,ABS,UNKNOWN,UNKNOWN,DBR:07A2,V05C-contexts.csv,SOURCE_PROVED_NOT_YET_ADMITTED
TP07F507,04:AE9F:0:0:0,0x022E9F,4A,LSR,ACC,UNKNOWN,UNKNOWN,NONE,V05C-contexts.csv,SOURCE_PROVED_NOT_YET_ADMITTED
TP07F507,04:AEA0:0:0:0,0x022EA0,8DA207,STA,ABS,UNKNOWN,UNKNOWN,DBR:07A2,V05C-contexts.csv,SOURCE_PROVED_NOT_YET_ADMITTED
TP07F507,04:AEA3:0:0:0,0x022EA3,A91500,LDA,IMM_M,UNKNOWN,UNKNOWN,NONE,V05C-contexts.csv,SOURCE_PROVED_NOT_YET_ADMITTED
TP07F507,04:AEA6:0:0:0,0x022EA6,38,SEC,IMP,UNKNOWN,0,NONE,V05C-contexts.csv,SOURCE_PROVED_NOT_YET_ADMITTED
TP07F507,04:AEA7:0:0:0,0x022EA7,EDA207,SBC,ABS,1,0,DBR:07A2,V05C-contexts.csv,SOURCE_PROVED_NOT_YET_ADMITTED
TP07F507,04:AEAA:0:0:0,0x022EAA,0A,ASL,ACC,UNKNOWN,UNKNOWN,NONE,V05C-contexts.csv,SOURCE_PROVED_NOT_YET_ADMITTED
TP07F507,04:AEAB:0:0:0,0x022EAB,8D8A07,STA,ABS,UNKNOWN,UNKNOWN,DBR:078A,V05C-contexts.csv,SOURCE_PROVED_NOT_YET_ADMITTED
TP07F507,04:AEAE:0:0:0,0x022EAE,A91000,LDA,IMM_M,UNKNOWN,UNKNOWN,NONE,V05C-contexts.csv,SOURCE_PROVED_NOT_YET_ADMITTED
TP07F507,04:AEB1:0:0:0,0x022EB1,8D8E07,STA,ABS,UNKNOWN,0,DBR:078E,V05C-contexts.csv,SOURCE_PROVED_NOT_YET_ADMITTED
TP07F507,04:AEB4:0:0:0,0x022EB4,223CA306,JSL,ABSL_JUMP,UNKNOWN,0,NONE,V05C-contexts.csv,SOURCE_PROVED_NOT_YET_ADMITTED
TP07F507,04:AEB8:0:0:0,0x022EB8,C230,REP,IMM8,UNKNOWN,UNKNOWN,NONE,V05C-contexts.csv,SOURCE_PROVED_NOT_YET_ADMITTED
TP07F507,04:AEBA:0:0:0,0x022EBA,A01900,LDY,IMM_X,UNKNOWN,UNKNOWN,NONE,V05C-contexts.csv,SOURCE_PROVED_NOT_YET_ADMITTED
TP07F507,04:AEBD:0:0:0,0x022EBD,B71C,LDA,DP_IND_LONG_Y,UNKNOWN,0,NONE,V05C-contexts.csv,SOURCE_PROVED_NOT_YET_ADMITTED
TP07F507,04:AEBF:0:0:0,0x022EBF,29FF00,AND,IMM_M,UNKNOWN,UNKNOWN,NONE,V05C-contexts.csv,SOURCE_PROVED_NOT_YET_ADMITTED
TP07F507,04:AEC2:0:0:0,0x022EC2,8D8A07,STA,ABS,UNKNOWN,UNKNOWN,DBR:078A,V05C-contexts.csv,SOURCE_PROVED_NOT_YET_ADMITTED
TP07F507,04:AEC5:0:0:0,0x022EC5,22CDA406,JSL,ABSL_JUMP,UNKNOWN,UNKNOWN,NONE,V05C-contexts.csv,SOURCE_PROVED_NOT_YET_ADMITTED
TP07F507,04:AEC9:0:0:1,0x022EC9,E210,SEP,IMM8,UNKNOWN|1,UNKNOWN,NONE,V05C-contexts.csv,SOURCE_PROVED_NOT_YET_ADMITTED
TP07F507,04:AECB:0:0:1,0x022ECB,C220,REP,IMM8,UNKNOWN|1,UNKNOWN,NONE,V05C-contexts.csv,SOURCE_PROVED_NOT_YET_ADMITTED
TP07F507,04:AECD:0:0:1,0x022ECD,AD1F00,LDA,ABS,UNKNOWN|1,UNKNOWN,DBR:001F,V05C-contexts.csv,SOURCE_PROVED_NOT_YET_ADMITTED
TP07F507,04:AED0:0:0:1,0x022ED0,18,CLC,IMP,UNKNOWN|1,UNKNOWN,NONE,V05C-contexts.csv,SOURCE_PROVED_NOT_YET_ADMITTED
TP07F507,04:AED1:0:0:1,0x022ED1,696400,ADC,IMM_M,0,UNKNOWN,NONE,V05C-contexts.csv,SOURCE_PROVED_NOT_YET_ADMITTED
TP07F507,04:AED4:0:0:1,0x022ED4,AE2100,LDX,ABS,UNKNOWN,UNKNOWN,DBR:0021,V05C-contexts.csv,SOURCE_PROVED_NOT_YET_ADMITTED
TP07F507,04:AED7:0:0:1,0x022ED7,8D9207,STA,ABS,UNKNOWN,UNKNOWN,DBR:0792,V05C-contexts.csv,SOURCE_PROVED_NOT_YET_ADMITTED
TP07F507,04:AEDA:0:0:1,0x022EDA,8E9407,STX,ABS,UNKNOWN,UNKNOWN,DBR:0794,V05C-contexts.csv,SOURCE_PROVED_NOT_YET_ADMITTED
TP07F507,04:AEDD:0:0:1,0x022EDD,22D6D804,JSL,ABSL_JUMP,UNKNOWN,UNKNOWN,NONE,V05C-contexts.csv,SOURCE_PROVED_NOT_YET_ADMITTED
TP07F507,04:AEE1:0:0:0,0x022EE1,C230,REP,IMM8,UNKNOWN,UNKNOWN,NONE,V05C-contexts.csv,SOURCE_PROVED_NOT_YET_ADMITTED
TP07F507,04:AEE3:0:0:0,0x022EE3,ADA207,LDA,ABS,UNKNOWN,UNKNOWN,DBR:07A2,V05C-contexts.csv,SOURCE_PROVED_NOT_YET_ADMITTED
TP07F507,04:AEE6:0:0:0,0x022EE6,4A,LSR,ACC,UNKNOWN,UNKNOWN,NONE,V05C-contexts.csv,SOURCE_PROVED_NOT_YET_ADMITTED
TP07F507,04:AEE7:0:0:0,0x022EE7,8DA207,STA,ABS,UNKNOWN,UNKNOWN,DBR:07A2,V05C-contexts.csv,SOURCE_PROVED_NOT_YET_ADMITTED
TP07F507,04:AEEA:0:0:0,0x022EEA,A91900,LDA,IMM_M,UNKNOWN,UNKNOWN,NONE,V05C-contexts.csv,SOURCE_PROVED_NOT_YET_ADMITTED
TP07F507,04:AEED:0:0:0,0x022EED,38,SEC,IMP,UNKNOWN,0,NONE,V05C-contexts.csv,SOURCE_PROVED_NOT_YET_ADMITTED
TP07F507,04:AEEE:0:0:0,0x022EEE,EDA207,SBC,ABS,1,0,DBR:07A2,V05C-contexts.csv,SOURCE_PROVED_NOT_YET_ADMITTED
TP07F507,04:AEF1:0:0:0,0x022EF1,0A,ASL,ACC,UNKNOWN,UNKNOWN,NONE,V05C-contexts.csv,SOURCE_PROVED_NOT_YET_ADMITTED
TP07F507,04:AEF2:0:0:0,0x022EF2,8D8A07,STA,ABS,UNKNOWN,UNKNOWN,DBR:078A,V05C-contexts.csv,SOURCE_PROVED_NOT_YET_ADMITTED
TP07F507,04:AEF5:0:0:0,0x022EF5,A91200,LDA,IMM_M,UNKNOWN,UNKNOWN,NONE,V05C-contexts.csv,SOURCE_PROVED_NOT_YET_ADMITTED
TP07F507,04:AEF8:0:0:0,0x022EF8,8D8E07,STA,ABS,UNKNOWN,0,DBR:078E,V05C-contexts.csv,SOURCE_PROVED_NOT_YET_ADMITTED
TP07F507,04:AEFB:0:0:0,0x022EFB,223CA306,JSL,ABSL_JUMP,UNKNOWN,0,NONE,V05C-contexts.csv,SOURCE_PROVED_NOT_YET_ADMITTED
TP07F507,04:AEFF:0:0:0,0x022EFF,C230,REP,IMM8,UNKNOWN,UNKNOWN,NONE,V05C-contexts.csv,SOURCE_PROVED_NOT_YET_ADMITTED
TP07F507,04:AF01:0:0:0,0x022F01,A00A00,LDY,IMM_X,UNKNOWN,UNKNOWN,NONE,V05C-contexts.csv,SOURCE_PROVED_NOT_YET_ADMITTED
TP07F507,04:AF04:0:0:0,0x022F04,B71C,LDA,DP_IND_LONG_Y,UNKNOWN,0,NONE,V05C-contexts.csv,SOURCE_PROVED_NOT_YET_ADMITTED
TP07F507,04:AF06:0:0:0,0x022F06,8D8A07,STA,ABS,UNKNOWN,UNKNOWN,DBR:078A,V05C-contexts.csv,SOURCE_PROVED_NOT_YET_ADMITTED
TP07F507,04:AF09:0:0:0,0x022F09,22CDA406,JSL,ABSL_JUMP,UNKNOWN,UNKNOWN,NONE,V05C-contexts.csv,SOURCE_PROVED_NOT_YET_ADMITTED
TP07F507,04:AF0D:0:0:1,0x022F0D,E210,SEP,IMM8,UNKNOWN|1,UNKNOWN,NONE,V05C-contexts.csv,SOURCE_PROVED_NOT_YET_ADMITTED
TP07F507,04:AF0F:0:0:1,0x022F0F,C220,REP,IMM8,UNKNOWN|1,UNKNOWN,NONE,V05C-contexts.csv,SOURCE_PROVED_NOT_YET_ADMITTED
TP07F507,04:AF11:0:0:1,0x022F11,AD1F00,LDA,ABS,UNKNOWN|1,UNKNOWN,DBR:001F,V05C-contexts.csv,SOURCE_PROVED_NOT_YET_ADMITTED
TP07F507,04:AF14:0:0:1,0x022F14,18,CLC,IMP,UNKNOWN|1,UNKNOWN,NONE,V05C-contexts.csv,SOURCE_PROVED_NOT_YET_ADMITTED
TP07F507,04:AF15:0:0:1,0x022F15,696400,ADC,IMM_M,0,UNKNOWN,NONE,V05C-contexts.csv,SOURCE_PROVED_NOT_YET_ADMITTED
TP07F507,04:AF18:0:0:1,0x022F18,AE2100,LDX,ABS,UNKNOWN,UNKNOWN,DBR:0021,V05C-contexts.csv,SOURCE_PROVED_NOT_YET_ADMITTED
TP07F507,04:AF1B:0:0:1,0x022F1B,8D9207,STA,ABS,UNKNOWN,UNKNOWN,DBR:0792,V05C-contexts.csv,SOURCE_PROVED_NOT_YET_ADMITTED
TP07F507,04:AF1E:0:0:1,0x022F1E,8E9407,STX,ABS,UNKNOWN,UNKNOWN,DBR:0794,V05C-contexts.csv,SOURCE_PROVED_NOT_YET_ADMITTED
TP07F507,04:AF21:0:0:1,0x022F21,22D6D804,JSL,ABSL_JUMP,UNKNOWN,UNKNOWN,NONE,V05C-contexts.csv,SOURCE_PROVED_NOT_YET_ADMITTED
TP07F507,04:AF25:0:0:0,0x022F25,C230,REP,IMM8,UNKNOWN,UNKNOWN,NONE,V05C-contexts.csv,SOURCE_PROVED_NOT_YET_ADMITTED
TP07F507,04:AF27:0:0:0,0x022F27,ADA207,LDA,ABS,UNKNOWN,UNKNOWN,DBR:07A2,V05C-contexts.csv,SOURCE_PROVED_NOT_YET_ADMITTED
TP07F507,04:AF2A:0:0:0,0x022F2A,4A,LSR,ACC,UNKNOWN,UNKNOWN,NONE,V05C-contexts.csv,SOURCE_PROVED_NOT_YET_ADMITTED
TP07F507,04:AF2B:0:0:0,0x022F2B,8DA207,STA,ABS,UNKNOWN,UNKNOWN,DBR:07A2,V05C-contexts.csv,SOURCE_PROVED_NOT_YET_ADMITTED
TP07F507,04:AF2E:0:0:0,0x022F2E,A91900,LDA,IMM_M,UNKNOWN,UNKNOWN,NONE,V05C-contexts.csv,SOURCE_PROVED_NOT_YET_ADMITTED
TP07F507,04:AF31:0:0:0,0x022F31,38,SEC,IMP,UNKNOWN,0,NONE,V05C-contexts.csv,SOURCE_PROVED_NOT_YET_ADMITTED
TP07F507,04:AF32:0:0:0,0x022F32,EDA207,SBC,ABS,1,0,DBR:07A2,V05C-contexts.csv,SOURCE_PROVED_NOT_YET_ADMITTED
TP07F507,04:AF35:0:0:0,0x022F35,0A,ASL,ACC,UNKNOWN,UNKNOWN,NONE,V05C-contexts.csv,SOURCE_PROVED_NOT_YET_ADMITTED
TP07F507,04:AF36:0:0:0,0x022F36,8D8A07,STA,ABS,UNKNOWN,UNKNOWN,DBR:078A,V05C-contexts.csv,SOURCE_PROVED_NOT_YET_ADMITTED
TP07F507,04:AF39:0:0:0,0x022F39,A91600,LDA,IMM_M,UNKNOWN,UNKNOWN,NONE,V05C-contexts.csv,SOURCE_PROVED_NOT_YET_ADMITTED
TP07F507,04:AF3C:0:0:0,0x022F3C,8D8E07,STA,ABS,UNKNOWN,0,DBR:078E,V05C-contexts.csv,SOURCE_PROVED_NOT_YET_ADMITTED
TP07F507,04:AF3F:0:0:0,0x022F3F,223CA306,JSL,ABSL_JUMP,UNKNOWN,0,NONE,V05C-contexts.csv,SOURCE_PROVED_NOT_YET_ADMITTED
TP07F507,04:AF43:0:0:0,0x022F43,C230,REP,IMM8,UNKNOWN,UNKNOWN,NONE,V05C-contexts.csv,SOURCE_PROVED_NOT_YET_ADMITTED
TP07F507,04:AF45:0:0:0,0x022F45,A00A00,LDY,IMM_X,UNKNOWN,UNKNOWN,NONE,V05C-contexts.csv,SOURCE_PROVED_NOT_YET_ADMITTED
TP07F507,04:AF48:0:0:0,0x022F48,B71C,LDA,DP_IND_LONG_Y,UNKNOWN,0,NONE,V05C-contexts.csv,SOURCE_PROVED_NOT_YET_ADMITTED
TP07F507,04:AF4A:0:0:0,0x022F4A,8D8A07,STA,ABS,UNKNOWN,UNKNOWN,DBR:078A,V05C-contexts.csv,SOURCE_PROVED_NOT_YET_ADMITTED
TP07F507,04:AF4D:0:0:0,0x022F4D,22CDA406,JSL,ABSL_JUMP,UNKNOWN,UNKNOWN,NONE,V05C-contexts.csv,SOURCE_PROVED_NOT_YET_ADMITTED
TP07F507,04:AF51:0:0:1,0x022F51,E210,SEP,IMM8,UNKNOWN|1,UNKNOWN,NONE,V05C-contexts.csv,SOURCE_PROVED_NOT_YET_ADMITTED
TP07F507,04:AF53:0:0:1,0x022F53,C220,REP,IMM8,UNKNOWN|1,UNKNOWN,NONE,V05C-contexts.csv,SOURCE_PROVED_NOT_YET_ADMITTED
TP07F507,04:AF55:0:0:1,0x022F55,AD1F00,LDA,ABS,UNKNOWN|1,UNKNOWN,DBR:001F,V05C-contexts.csv,SOURCE_PROVED_NOT_YET_ADMITTED
TP07F507,04:AF58:0:0:1,0x022F58,18,CLC,IMP,UNKNOWN|1,UNKNOWN,NONE,V05C-contexts.csv,SOURCE_PROVED_NOT_YET_ADMITTED
TP07F507,04:AF59:0:0:1,0x022F59,696400,ADC,IMM_M,0,UNKNOWN,NONE,V05C-contexts.csv,SOURCE_PROVED_NOT_YET_ADMITTED
TP07F507,04:AF5C:0:0:1,0x022F5C,AE2100,LDX,ABS,UNKNOWN,UNKNOWN,DBR:0021,V05C-contexts.csv,SOURCE_PROVED_NOT_YET_ADMITTED
TP07F507,04:AF5F:0:0:1,0x022F5F,8D9207,STA,ABS,UNKNOWN,UNKNOWN,DBR:0792,V05C-contexts.csv,SOURCE_PROVED_NOT_YET_ADMITTED
TP07F507,04:AF62:0:0:1,0x022F62,8E9407,STX,ABS,UNKNOWN,UNKNOWN,DBR:0794,V05C-contexts.csv,SOURCE_PROVED_NOT_YET_ADMITTED
TP07F507,04:AF65:0:0:1,0x022F65,22D6D804,JSL,ABSL_JUMP,UNKNOWN,UNKNOWN,NONE,V05C-contexts.csv,SOURCE_PROVED_NOT_YET_ADMITTED
TP07F507,04:AF69:0:0:0,0x022F69,C230,REP,IMM8,UNKNOWN,UNKNOWN,NONE,V05C-contexts.csv,SOURCE_PROVED_NOT_YET_ADMITTED
TP07F507,04:AF6B:0:0:0,0x022F6B,ADA207,LDA,ABS,UNKNOWN,UNKNOWN,DBR:07A2,V05C-contexts.csv,SOURCE_PROVED_NOT_YET_ADMITTED
TP07F507,04:AF6E:0:0:0,0x022F6E,4A,LSR,ACC,UNKNOWN,UNKNOWN,NONE,V05C-contexts.csv,SOURCE_PROVED_NOT_YET_ADMITTED
TP07F507,04:AF6F:0:0:0,0x022F6F,8DA207,STA,ABS,UNKNOWN,UNKNOWN,DBR:07A2,V05C-contexts.csv,SOURCE_PROVED_NOT_YET_ADMITTED
TP07F507,04:AF72:0:0:0,0x022F72,A91900,LDA,IMM_M,UNKNOWN,UNKNOWN,NONE,V05C-contexts.csv,SOURCE_PROVED_NOT_YET_ADMITTED
TP07F507,04:AF75:0:0:0,0x022F75,38,SEC,IMP,UNKNOWN,0,NONE,V05C-contexts.csv,SOURCE_PROVED_NOT_YET_ADMITTED
TP07F507,04:AF76:0:0:0,0x022F76,EDA207,SBC,ABS,1,0,DBR:07A2,V05C-contexts.csv,SOURCE_PROVED_NOT_YET_ADMITTED
TP07F507,04:AF79:0:0:0,0x022F79,0A,ASL,ACC,UNKNOWN,UNKNOWN,NONE,V05C-contexts.csv,SOURCE_PROVED_NOT_YET_ADMITTED
TP07F507,04:AF7A:0:0:0,0x022F7A,8D8A07,STA,ABS,UNKNOWN,UNKNOWN,DBR:078A,V05C-contexts.csv,SOURCE_PROVED_NOT_YET_ADMITTED
TP07F507,04:AF7D:0:0:0,0x022F7D,A91600,LDA,IMM_M,UNKNOWN,UNKNOWN,NONE,V05C-contexts.csv,SOURCE_PROVED_NOT_YET_ADMITTED
TP07F507,04:AF80:0:0:0,0x022F80,8D8E07,STA,ABS,UNKNOWN,0,DBR:078E,V05C-contexts.csv,SOURCE_PROVED_NOT_YET_ADMITTED
TP07F507,04:AF83:0:0:0,0x022F83,223CA306,JSL,ABSL_JUMP,UNKNOWN,0,NONE,V05C-contexts.csv,SOURCE_PROVED_NOT_YET_ADMITTED
TP07F507,04:AF87:0:0:0,0x022F87,C230,REP,IMM8,UNKNOWN,UNKNOWN,NONE,V05C-contexts.csv,SOURCE_PROVED_NOT_YET_ADMITTED
TP07F507,04:AF89:0:0:0,0x022F89,A00C00,LDY,IMM_X,UNKNOWN,UNKNOWN,NONE,V05C-contexts.csv,SOURCE_PROVED_NOT_YET_ADMITTED
TP07F507,04:AF8C:0:0:0,0x022F8C,B71C,LDA,DP_IND_LONG_Y,UNKNOWN,0,NONE,V05C-contexts.csv,SOURCE_PROVED_NOT_YET_ADMITTED
TP07F507,04:AF8E:0:0:0,0x022F8E,8D8A07,STA,ABS,UNKNOWN,UNKNOWN,DBR:078A,V05C-contexts.csv,SOURCE_PROVED_NOT_YET_ADMITTED
TP07F507,04:AF91:0:0:0,0x022F91,22CDA406,JSL,ABSL_JUMP,UNKNOWN,UNKNOWN,NONE,V05C-contexts.csv,SOURCE_PROVED_NOT_YET_ADMITTED
TP07F507,04:AF95:0:0:1,0x022F95,E210,SEP,IMM8,UNKNOWN|1,UNKNOWN,NONE,V05C-contexts.csv,SOURCE_PROVED_NOT_YET_ADMITTED
TP07F507,04:AF97:0:0:1,0x022F97,C220,REP,IMM8,UNKNOWN|1,UNKNOWN,NONE,V05C-contexts.csv,SOURCE_PROVED_NOT_YET_ADMITTED
TP07F507,04:AF99:0:0:1,0x022F99,AD1F00,LDA,ABS,UNKNOWN|1,UNKNOWN,DBR:001F,V05C-contexts.csv,SOURCE_PROVED_NOT_YET_ADMITTED
TP07F507,04:AF9C:0:0:1,0x022F9C,18,CLC,IMP,UNKNOWN|1,UNKNOWN,NONE,V05C-contexts.csv,SOURCE_PROVED_NOT_YET_ADMITTED
TP07F507,04:AF9D:0:0:1,0x022F9D,696400,ADC,IMM_M,0,UNKNOWN,NONE,V05C-contexts.csv,SOURCE_PROVED_NOT_YET_ADMITTED
TP07F507,04:AFA0:0:0:1,0x022FA0,AE2100,LDX,ABS,UNKNOWN,UNKNOWN,DBR:0021,V05C-contexts.csv,SOURCE_PROVED_NOT_YET_ADMITTED
TP07F507,04:AFA3:0:0:1,0x022FA3,8D9207,STA,ABS,UNKNOWN,UNKNOWN,DBR:0792,V05C-contexts.csv,SOURCE_PROVED_NOT_YET_ADMITTED
TP07F507,04:AFA6:0:0:1,0x022FA6,8E9407,STX,ABS,UNKNOWN,UNKNOWN,DBR:0794,V05C-contexts.csv,SOURCE_PROVED_NOT_YET_ADMITTED
TP07F507,04:AFA9:0:0:1,0x022FA9,22D6D804,JSL,ABSL_JUMP,UNKNOWN,UNKNOWN,NONE,V05C-contexts.csv,SOURCE_PROVED_NOT_YET_ADMITTED
TP07F507,04:AFAD:0:0:0,0x022FAD,C230,REP,IMM8,UNKNOWN,UNKNOWN,NONE,V05C-contexts.csv,SOURCE_PROVED_NOT_YET_ADMITTED
TP07F507,04:AFAF:0:0:0,0x022FAF,ADA207,LDA,ABS,UNKNOWN,UNKNOWN,DBR:07A2,V05C-contexts.csv,SOURCE_PROVED_NOT_YET_ADMITTED
TP07F507,04:AFB2:0:0:0,0x022FB2,4A,LSR,ACC,UNKNOWN,UNKNOWN,NONE,V05C-contexts.csv,SOURCE_PROVED_NOT_YET_ADMITTED
TP07F507,04:AFB3:0:0:0,0x022FB3,8DA207,STA,ABS,UNKNOWN,UNKNOWN,DBR:07A2,V05C-contexts.csv,SOURCE_PROVED_NOT_YET_ADMITTED
TP07F507,04:AFB6:0:0:0,0x022FB6,A91900,LDA,IMM_M,UNKNOWN,UNKNOWN,NONE,V05C-contexts.csv,SOURCE_PROVED_NOT_YET_ADMITTED
TP07F507,04:AFB9:0:0:0,0x022FB9,38,SEC,IMP,UNKNOWN,0,NONE,V05C-contexts.csv,SOURCE_PROVED_NOT_YET_ADMITTED
TP07F507,04:AFBA:0:0:0,0x022FBA,EDA207,SBC,ABS,1,0,DBR:07A2,V05C-contexts.csv,SOURCE_PROVED_NOT_YET_ADMITTED
TP07F507,04:AFBD:0:0:0,0x022FBD,0A,ASL,ACC,UNKNOWN,UNKNOWN,NONE,V05C-contexts.csv,SOURCE_PROVED_NOT_YET_ADMITTED
TP07F507,04:AFBE:0:0:0,0x022FBE,8D8A07,STA,ABS,UNKNOWN,UNKNOWN,DBR:078A,V05C-contexts.csv,SOURCE_PROVED_NOT_YET_ADMITTED
TP07F507,04:AFC1:0:0:0,0x022FC1,A91800,LDA,IMM_M,UNKNOWN,UNKNOWN,NONE,V05C-contexts.csv,SOURCE_PROVED_NOT_YET_ADMITTED
TP07F507,04:AFC4:0:0:0,0x022FC4,8D8E07,STA,ABS,UNKNOWN,0,DBR:078E,V05C-contexts.csv,SOURCE_PROVED_NOT_YET_ADMITTED
TP07F507,04:AFC7:0:0:0,0x022FC7,223CA306,JSL,ABSL_JUMP,UNKNOWN,0,NONE,V05C-contexts.csv,SOURCE_PROVED_NOT_YET_ADMITTED
TP07F507,04:AFCB:0:0:0,0x022FCB,C230,REP,IMM8,UNKNOWN,UNKNOWN,NONE,V05C-contexts.csv,SOURCE_PROVED_NOT_YET_ADMITTED
TP07F507,04:AFCD:0:0:0,0x022FCD,A00000,LDY,IMM_X,UNKNOWN,UNKNOWN,NONE,V05C-contexts.csv,SOURCE_PROVED_NOT_YET_ADMITTED
TP07F507,04:AFD0:0:0:0,0x022FD0,B71C,LDA,DP_IND_LONG_Y,UNKNOWN,1,NONE,V05C-contexts.csv,SOURCE_PROVED_NOT_YET_ADMITTED
TP07F507,04:AFD2:0:0:0,0x022FD2,0A,ASL,ACC,UNKNOWN,UNKNOWN,NONE,V05C-contexts.csv,SOURCE_PROVED_NOT_YET_ADMITTED
TP07F507,04:AFD3:0:0:0,0x022FD3,8D1504,STA,ABS,UNKNOWN,UNKNOWN,DBR:0415,V05C-contexts.csv,SOURCE_PROVED_NOT_YET_ADMITTED
TP07F507,04:AFD6:0:0:0,0x022FD6,E210,SEP,IMM8,UNKNOWN,UNKNOWN,NONE,V05C-contexts.csv,SOURCE_PROVED_NOT_YET_ADMITTED
TP07F507,04:AFD8:0:0:1,0x022FD8,C220,REP,IMM8,UNKNOWN,UNKNOWN,NONE,V05C-contexts.csv,SOURCE_PROVED_NOT_YET_ADMITTED
TP07F507,04:AFDA:0:0:1,0x022FDA,ADCF06,LDA,ABS,UNKNOWN,UNKNOWN,DBR:06CF,V05C-contexts.csv,SOURCE_PROVED_NOT_YET_ADMITTED
TP07F507,04:AFDD:0:0:1,0x022FDD,8D2200,STA,ABS,UNKNOWN,UNKNOWN,DBR:0022,V05C-contexts.csv,SOURCE_PROVED_NOT_YET_ADMITTED
TP07F507,04:AFE0:0:0:1,0x022FE0,AED106,LDX,ABS,UNKNOWN,UNKNOWN,DBR:06D1,V05C-contexts.csv,SOURCE_PROVED_NOT_YET_ADMITTED
TP07F507,04:AFE3:0:0:1,0x022FE3,8E2400,STX,ABS,UNKNOWN,UNKNOWN,DBR:0024,V05C-contexts.csv,SOURCE_PROVED_NOT_YET_ADMITTED
TP07F507,04:AFE6:0:0:1,0x022FE6,C230,REP,IMM8,UNKNOWN,UNKNOWN,NONE,V05C-contexts.csv,SOURCE_PROVED_NOT_YET_ADMITTED
TP07F507,04:AFE8:0:0:0,0x022FE8,AC1504,LDY,ABS,UNKNOWN,UNKNOWN,DBR:0415,V05C-contexts.csv,SOURCE_PROVED_NOT_YET_ADMITTED
TP07F507,04:AFEB:0:0:0,0x022FEB,B722,LDA,DP_IND_LONG_Y,UNKNOWN,UNKNOWN,NONE,V05C-contexts.csv,SOURCE_PROVED_NOT_YET_ADMITTED
TP07F507,04:AFED:0:0:0,0x022FED,8D2200,STA,ABS,UNKNOWN,UNKNOWN,DBR:0022,V05C-contexts.csv,SOURCE_PROVED_NOT_YET_ADMITTED
TP07F507,04:AFF0:0:0:0,0x022FF0,E210,SEP,IMM8,UNKNOWN,UNKNOWN,NONE,V05C-contexts.csv,SOURCE_PROVED_NOT_YET_ADMITTED
TP07F507,04:AFF2:0:0:1,0x022FF2,C220,REP,IMM8,UNKNOWN,UNKNOWN,NONE,V05C-contexts.csv,SOURCE_PROVED_NOT_YET_ADMITTED
TP07F507,04:AFF4:0:0:1,0x022FF4,AD2200,LDA,ABS,UNKNOWN,UNKNOWN,DBR:0022,V05C-contexts.csv,SOURCE_PROVED_NOT_YET_ADMITTED
TP07F507,04:AFF7:0:0:1,0x022FF7,AE2400,LDX,ABS,UNKNOWN,UNKNOWN,DBR:0024,V05C-contexts.csv,SOURCE_PROVED_NOT_YET_ADMITTED
TP07F507,04:AFFA:0:0:1,0x022FFA,8D9207,STA,ABS,UNKNOWN,UNKNOWN,DBR:0792,V05C-contexts.csv,SOURCE_PROVED_NOT_YET_ADMITTED
TP07F507,04:AFFD:0:0:1,0x022FFD,8E9407,STX,ABS,UNKNOWN,UNKNOWN,DBR:0794,V05C-contexts.csv,SOURCE_PROVED_NOT_YET_ADMITTED
TP07F507,04:B000:0:0:1,0x023000,22D6D804,JSL,ABSL_JUMP,UNKNOWN,UNKNOWN,NONE,V05C-contexts.csv,SOURCE_PROVED_NOT_YET_ADMITTED
TP07F507,04:B004:0:0:0,0x023004,C230,REP,IMM8,UNKNOWN,UNKNOWN,NONE,V05C-contexts.csv,SOURCE_PROVED_NOT_YET_ADMITTED
TP07F507,04:B006:0:0:0,0x023006,ADA207,LDA,ABS,UNKNOWN,UNKNOWN,DBR:07A2,V05C-contexts.csv,SOURCE_PROVED_NOT_YET_ADMITTED
TP07F507,04:B009:0:0:0,0x023009,4A,LSR,ACC,UNKNOWN,UNKNOWN,NONE,V05C-contexts.csv,SOURCE_PROVED_NOT_YET_ADMITTED
TP07F507,04:B00A:0:0:0,0x02300A,8DA207,STA,ABS,UNKNOWN,UNKNOWN,DBR:07A2,V05C-contexts.csv,SOURCE_PROVED_NOT_YET_ADMITTED
TP07F507,04:B00D:0:0:0,0x02300D,A90F00,LDA,IMM_M,UNKNOWN,UNKNOWN,NONE,V05C-contexts.csv,SOURCE_PROVED_NOT_YET_ADMITTED
TP07F507,04:B010:0:0:0,0x023010,38,SEC,IMP,UNKNOWN,0,NONE,V05C-contexts.csv,SOURCE_PROVED_NOT_YET_ADMITTED
TP07F507,04:B011:0:0:0,0x023011,EDA207,SBC,ABS,1,0,DBR:07A2,V05C-contexts.csv,SOURCE_PROVED_NOT_YET_ADMITTED
TP07F507,04:B014:0:0:0,0x023014,0A,ASL,ACC,UNKNOWN,UNKNOWN,NONE,V05C-contexts.csv,SOURCE_PROVED_NOT_YET_ADMITTED
TP07F507,04:B015:0:0:0,0x023015,8D8A07,STA,ABS,UNKNOWN,UNKNOWN,DBR:078A,V05C-contexts.csv,SOURCE_PROVED_NOT_YET_ADMITTED
TP07F507,04:B018:0:0:0,0x023018,A90200,LDA,IMM_M,UNKNOWN,UNKNOWN,NONE,V05C-contexts.csv,SOURCE_PROVED_NOT_YET_ADMITTED
TP07F507,04:B01B:0:0:0,0x02301B,8D8E07,STA,ABS,UNKNOWN,0,DBR:078E,V05C-contexts.csv,SOURCE_PROVED_NOT_YET_ADMITTED
TP07F507,04:B01E:0:0:0,0x02301E,E210,SEP,IMM8,UNKNOWN,0,NONE,V05C-contexts.csv,SOURCE_PROVED_NOT_YET_ADMITTED
TP07F507,04:B020:0:0:1,0x023020,C220,REP,IMM8,UNKNOWN,0,NONE,V05C-contexts.csv,SOURCE_PROVED_NOT_YET_ADMITTED
TP07F507,04:B022:0:0:1,0x023022,AD2200,LDA,ABS,UNKNOWN,0,DBR:0022,V05C-contexts.csv,SOURCE_PROVED_NOT_YET_ADMITTED
TP07F507,04:B025:0:0:1,0x023025,AE2400,LDX,ABS,UNKNOWN,UNKNOWN,DBR:0024,V05C-contexts.csv,SOURCE_PROVED_NOT_YET_ADMITTED
TP07F507,04:B028:0:0:1,0x023028,8D9207,STA,ABS,UNKNOWN,UNKNOWN,DBR:0792,V05C-contexts.csv,SOURCE_PROVED_NOT_YET_ADMITTED
TP07F507,04:B02B:0:0:1,0x02302B,8E9407,STX,ABS,UNKNOWN,UNKNOWN,DBR:0794,V05C-contexts.csv,SOURCE_PROVED_NOT_YET_ADMITTED
TP07F507,04:B02E:0:0:1,0x02302E,223CA306,JSL,ABSL_JUMP,UNKNOWN,UNKNOWN,NONE,V05C-contexts.csv,SOURCE_PROVED_NOT_YET_ADMITTED
TP07F507,04:B032:0:0:0,0x023032,827D02,BRL,REL16,UNKNOWN,UNKNOWN,NONE,V05C-contexts.csv,SOURCE_PROVED_NOT_YET_ADMITTED
TP07F507,04:B035:0:0:1,0x023035,C97800,CMP,IMM_M,UNKNOWN,0,NONE,V05C-contexts.csv,SOURCE_PROVED_NOT_YET_ADMITTED
TP07F507,04:B038:0:0:1,0x023038,F003,BEQ,REL8,UNKNOWN,UNKNOWN,NONE,V05C-contexts.csv,SOURCE_PROVED_NOT_YET_ADMITTED
TP07F507,04:B03A:0:0:1,0x02303A,827502,BRL,REL16,UNKNOWN,0,NONE,V05C-contexts.csv,SOURCE_PROVED_NOT_YET_ADMITTED
TP07F507,04:B03D:0:0:1,0x02303D,229FC40C,JSL,ABSL_JUMP,UNKNOWN,1,NONE,V05C-contexts.csv,SOURCE_PROVED_NOT_YET_ADMITTED
TP07F507,04:B041:0:0:0,0x023041,E210,SEP,IMM8,UNKNOWN,UNKNOWN,NONE,V05C-contexts.csv,SOURCE_PROVED_NOT_YET_ADMITTED
TP07F507,04:B043:0:0:1,0x023043,C220,REP,IMM8,UNKNOWN,UNKNOWN,NONE,V05C-contexts.csv,SOURCE_PROVED_NOT_YET_ADMITTED
TP07F507,04:B045:0:0:1,0x023045,A01A,LDY,IMM_X,UNKNOWN,UNKNOWN,NONE,V05C-contexts.csv,SOURCE_PROVED_NOT_YET_ADMITTED
TP07F507,04:B047:0:0:1,0x023047,B749,LDA,DP_IND_LONG_Y,UNKNOWN,0,NONE,V05C-contexts.csv,SOURCE_PROVED_NOT_YET_ADMITTED
TP07F507,04:B049:0:0:1,0x023049,2242C300,JSL,ABSL_JUMP,UNKNOWN,UNKNOWN,NONE,V05C-contexts.csv,SOURCE_PROVED_NOT_YET_ADMITTED
TP07F507,04:B04D:0:0:1,0x02304D,E210,SEP,IMM8,UNKNOWN,1,NONE,V05C-contexts.csv,SOURCE_PROVED_NOT_YET_ADMITTED
TP07F507,04:B04F:0:0:1,0x02304F,C220,REP,IMM8,UNKNOWN,1,NONE,V05C-contexts.csv,SOURCE_PROVED_NOT_YET_ADMITTED
TP07F507,04:B051:0:0:1,0x023051,8D1C00,STA,ABS,UNKNOWN,1,DBR:001C,V05C-contexts.csv,SOURCE_PROVED_NOT_YET_ADMITTED
TP07F507,04:B054:0:0:1,0x023054,8E1E00,STX,ABS,UNKNOWN,1,DBR:001E,V05C-contexts.csv,SOURCE_PROVED_NOT_YET_ADMITTED
TP07F507,04:B057:0:0:1,0x023057,C230,REP,IMM8,UNKNOWN,1,NONE,V05C-contexts.csv,SOURCE_PROVED_NOT_YET_ADMITTED
TP07F507,04:B059:0:0:0,0x023059,A99900,LDA,IMM_M,UNKNOWN,1,NONE,V05C-contexts.csv,SOURCE_PROVED_NOT_YET_ADMITTED
TP07F507,04:B05C:0:0:0,0x02305C,8D8A07,STA,ABS,UNKNOWN,0,DBR:078A,V05C-contexts.csv,SOURCE_PROVED_NOT_YET_ADMITTED
TP07F507,04:B05F:0:0:0,0x02305F,228A8A06,JSL,ABSL_JUMP,UNKNOWN,0,NONE,V05C-contexts.csv,SOURCE_PROVED_NOT_YET_ADMITTED
TP07F507,04:B063:0:0:0,0x023063,E210,SEP,IMM8,UNKNOWN,UNKNOWN,NONE,V05C-contexts.csv,SOURCE_PROVED_NOT_YET_ADMITTED
TP07F507,04:B065:0:0:1,0x023065,C220,REP,IMM8,UNKNOWN,UNKNOWN,NONE,V05C-contexts.csv,SOURCE_PROVED_NOT_YET_ADMITTED
TP07F507,04:B067:0:0:1,0x023067,ADA207,LDA,ABS,UNKNOWN,UNKNOWN,DBR:07A2,V05C-contexts.csv,SOURCE_PROVED_NOT_YET_ADMITTED
TP07F507,04:B06A:0:0:1,0x02306A,AEA407,LDX,ABS,UNKNOWN,UNKNOWN,DBR:07A4,V05C-contexts.csv,SOURCE_PROVED_NOT_YET_ADMITTED
TP07F507,04:B06D:0:0:1,0x02306D,8D1600,STA,ABS,UNKNOWN,UNKNOWN,DBR:0016,V05C-contexts.csv,SOURCE_PROVED_NOT_YET_ADMITTED
TP07F507,04:B070:0:0:1,0x023070,8E1800,STX,ABS,UNKNOWN,UNKNOWN,DBR:0018,V05C-contexts.csv,SOURCE_PROVED_NOT_YET_ADMITTED
TP07F507,04:B073:0:0:1,0x023073,C230,REP,IMM8,UNKNOWN,UNKNOWN,NONE,V05C-contexts.csv,SOURCE_PROVED_NOT_YET_ADMITTED
TP07F507,04:B075:0:0:0,0x023075,A00800,LDY,IMM_X,UNKNOWN,UNKNOWN,NONE,V05C-contexts.csv,SOURCE_PROVED_NOT_YET_ADMITTED
TP07F507,04:B078:0:0:0,0x023078,B71C,LDA,DP_IND_LONG_Y,UNKNOWN,0,NONE,V05C-contexts.csv,SOURCE_PROVED_NOT_YET_ADMITTED
TP07F507,04:B07A:0:0:0,0x02307A,8D8A07,STA,ABS,UNKNOWN,UNKNOWN,DBR:078A,V05C-contexts.csv,SOURCE_PROVED_NOT_YET_ADMITTED
TP07F507,04:B07D:0:0:0,0x02307D,22CDA406,JSL,ABSL_JUMP,UNKNOWN,UNKNOWN,NONE,V05C-contexts.csv,SOURCE_PROVED_NOT_YET_ADMITTED
TP07F507,04:B081:0:0:1,0x023081,E210,SEP,IMM8,UNKNOWN|1,UNKNOWN,NONE,V05C-contexts.csv,SOURCE_PROVED_NOT_YET_ADMITTED
TP07F507,04:B083:0:0:1,0x023083,C220,REP,IMM8,UNKNOWN|1,UNKNOWN,NONE,V05C-contexts.csv,SOURCE_PROVED_NOT_YET_ADMITTED
TP07F507,04:B085:0:0:1,0x023085,AD1F00,LDA,ABS,UNKNOWN|1,UNKNOWN,DBR:001F,V05C-contexts.csv,SOURCE_PROVED_NOT_YET_ADMITTED
TP07F507,04:B088:0:0:1,0x023088,18,CLC,IMP,UNKNOWN|1,UNKNOWN,NONE,V05C-contexts.csv,SOURCE_PROVED_NOT_YET_ADMITTED
TP07F507,04:B089:0:0:1,0x023089,696400,ADC,IMM_M,0,UNKNOWN,NONE,V05C-contexts.csv,SOURCE_PROVED_NOT_YET_ADMITTED
TP07F507,04:B08C:0:0:1,0x02308C,AE2100,LDX,ABS,UNKNOWN,UNKNOWN,DBR:0021,V05C-contexts.csv,SOURCE_PROVED_NOT_YET_ADMITTED
TP07F507,04:B08F:0:0:1,0x02308F,8D9207,STA,ABS,UNKNOWN,UNKNOWN,DBR:0792,V05C-contexts.csv,SOURCE_PROVED_NOT_YET_ADMITTED
TP07F507,04:B092:0:0:1,0x023092,8E9407,STX,ABS,UNKNOWN,UNKNOWN,DBR:0794,V05C-contexts.csv,SOURCE_PROVED_NOT_YET_ADMITTED
TP07F507,04:B095:0:0:1,0x023095,22D6D804,JSL,ABSL_JUMP,UNKNOWN,UNKNOWN,NONE,V05C-contexts.csv,SOURCE_PROVED_NOT_YET_ADMITTED
TP07F507,04:B099:0:0:0,0x023099,C230,REP,IMM8,UNKNOWN,UNKNOWN,NONE,V05C-contexts.csv,SOURCE_PROVED_NOT_YET_ADMITTED
TP07F507,04:B09B:0:0:0,0x02309B,ADA207,LDA,ABS,UNKNOWN,UNKNOWN,DBR:07A2,V05C-contexts.csv,SOURCE_PROVED_NOT_YET_ADMITTED
TP07F507,04:B09E:0:0:0,0x02309E,4A,LSR,ACC,UNKNOWN,UNKNOWN,NONE,V05C-contexts.csv,SOURCE_PROVED_NOT_YET_ADMITTED
TP07F507,04:B09F:0:0:0,0x02309F,8DA207,STA,ABS,UNKNOWN,UNKNOWN,DBR:07A2,V05C-contexts.csv,SOURCE_PROVED_NOT_YET_ADMITTED
TP07F507,04:B0A2:0:0:0,0x0230A2,A91900,LDA,IMM_M,UNKNOWN,UNKNOWN,NONE,V05C-contexts.csv,SOURCE_PROVED_NOT_YET_ADMITTED
TP07F507,04:B0A5:0:0:0,0x0230A5,38,SEC,IMP,UNKNOWN,0,NONE,V05C-contexts.csv,SOURCE_PROVED_NOT_YET_ADMITTED
TP07F507,04:B0A6:0:0:0,0x0230A6,EDA207,SBC,ABS,1,0,DBR:07A2,V05C-contexts.csv,SOURCE_PROVED_NOT_YET_ADMITTED
TP07F507,04:B0A9:0:0:0,0x0230A9,0A,ASL,ACC,UNKNOWN,UNKNOWN,NONE,V05C-contexts.csv,SOURCE_PROVED_NOT_YET_ADMITTED
TP07F507,04:B0AA:0:0:0,0x0230AA,8D8A07,STA,ABS,UNKNOWN,UNKNOWN,DBR:078A,V05C-contexts.csv,SOURCE_PROVED_NOT_YET_ADMITTED
TP07F507,04:B0AD:0:0:0,0x0230AD,A91000,LDA,IMM_M,UNKNOWN,UNKNOWN,NONE,V05C-contexts.csv,SOURCE_PROVED_NOT_YET_ADMITTED
TP07F507,04:B0B0:0:0:0,0x0230B0,8D8E07,STA,ABS,UNKNOWN,0,DBR:078E,V05C-contexts.csv,SOURCE_PROVED_NOT_YET_ADMITTED
TP07F507,04:B0B3:0:0:0,0x0230B3,223CA306,JSL,ABSL_JUMP,UNKNOWN,0,NONE,V05C-contexts.csv,SOURCE_PROVED_NOT_YET_ADMITTED
TP07F507,04:B0B7:0:0:0,0x0230B7,C230,REP,IMM8,UNKNOWN,UNKNOWN,NONE,V05C-contexts.csv,SOURCE_PROVED_NOT_YET_ADMITTED
TP07F507,04:B0B9:0:0:0,0x0230B9,A03F00,LDY,IMM_X,UNKNOWN,UNKNOWN,NONE,V05C-contexts.csv,SOURCE_PROVED_NOT_YET_ADMITTED
TP07F507,04:B0BC:0:0:0,0x0230BC,B749,LDA,DP_IND_LONG_Y,UNKNOWN,0,NONE,V05C-contexts.csv,SOURCE_PROVED_NOT_YET_ADMITTED
TP07F507,04:B0BE:0:0:0,0x0230BE,8D8A07,STA,ABS,UNKNOWN,UNKNOWN,DBR:078A,V05C-contexts.csv,SOURCE_PROVED_NOT_YET_ADMITTED
TP07F507,04:B0C1:0:0:0,0x0230C1,9C8C07,STZ,ABS,UNKNOWN,UNKNOWN,DBR:078C,V05C-contexts.csv,SOURCE_PROVED_NOT_YET_ADMITTED
TP07F507,04:B0C4:0:0:0,0x0230C4,221BFA04,JSL,ABSL_JUMP,UNKNOWN,UNKNOWN,NONE,V05C-contexts.csv,SOURCE_PROVED_NOT_YET_ADMITTED
TP07F507,04:B0C8:0:0:0,0x0230C8,E210,SEP,IMM8,UNKNOWN|0|1,UNKNOWN,NONE,V05C-contexts.csv,SOURCE_PROVED_NOT_YET_ADMITTED
TP07F507,04:B0CA:0:0:1,0x0230CA,C220,REP,IMM8,UNKNOWN|0|1,UNKNOWN,NONE,V05C-contexts.csv,SOURCE_PROVED_NOT_YET_ADMITTED
TP07F507,04:B0CC:0:0:1,0x0230CC,AD1F00,LDA,ABS,UNKNOWN|0|1,UNKNOWN,DBR:001F,V05C-contexts.csv,SOURCE_PROVED_NOT_YET_ADMITTED
TP07F507,04:B0CF:0:0:1,0x0230CF,AE2100,LDX,ABS,UNKNOWN|0|1,UNKNOWN,DBR:0021,V05C-contexts.csv,SOURCE_PROVED_NOT_YET_ADMITTED
TP07F507,04:B0D2:0:0:1,0x0230D2,8D9207,STA,ABS,UNKNOWN|0|1,UNKNOWN,DBR:0792,V05C-contexts.csv,SOURCE_PROVED_NOT_YET_ADMITTED
TP07F507,04:B0D5:0:0:1,0x0230D5,8E9407,STX,ABS,UNKNOWN|0|1,UNKNOWN,DBR:0794,V05C-contexts.csv,SOURCE_PROVED_NOT_YET_ADMITTED
TP07F507,04:B0D8:0:0:1,0x0230D8,22D6D804,JSL,ABSL_JUMP,UNKNOWN|0|1,UNKNOWN,NONE,V05C-contexts.csv,SOURCE_PROVED_NOT_YET_ADMITTED
TP07F507,04:B0DC:0:0:0,0x0230DC,C230,REP,IMM8,UNKNOWN,UNKNOWN,NONE,V05C-contexts.csv,SOURCE_PROVED_NOT_YET_ADMITTED
TP07F507,04:B0DE:0:0:0,0x0230DE,ADA207,LDA,ABS,UNKNOWN,UNKNOWN,DBR:07A2,V05C-contexts.csv,SOURCE_PROVED_NOT_YET_ADMITTED
TP07F507,04:B0E1:0:0:0,0x0230E1,4A,LSR,ACC,UNKNOWN,UNKNOWN,NONE,V05C-contexts.csv,SOURCE_PROVED_NOT_YET_ADMITTED
TP07F507,04:B0E2:0:0:0,0x0230E2,8DA207,STA,ABS,UNKNOWN,UNKNOWN,DBR:07A2,V05C-contexts.csv,SOURCE_PROVED_NOT_YET_ADMITTED
TP07F507,04:B0E5:0:0:0,0x0230E5,A91900,LDA,IMM_M,UNKNOWN,UNKNOWN,NONE,V05C-contexts.csv,SOURCE_PROVED_NOT_YET_ADMITTED
TP07F507,04:B0E8:0:0:0,0x0230E8,38,SEC,IMP,UNKNOWN,0,NONE,V05C-contexts.csv,SOURCE_PROVED_NOT_YET_ADMITTED
TP07F507,04:B0E9:0:0:0,0x0230E9,EDA207,SBC,ABS,1,0,DBR:07A2,V05C-contexts.csv,SOURCE_PROVED_NOT_YET_ADMITTED
TP07F507,04:B0EC:0:0:0,0x0230EC,0A,ASL,ACC,UNKNOWN,UNKNOWN,NONE,V05C-contexts.csv,SOURCE_PROVED_NOT_YET_ADMITTED
TP07F507,04:B0ED:0:0:0,0x0230ED,8D8A07,STA,ABS,UNKNOWN,UNKNOWN,DBR:078A,V05C-contexts.csv,SOURCE_PROVED_NOT_YET_ADMITTED
TP07F507,04:B0F0:0:0:0,0x0230F0,A91200,LDA,IMM_M,UNKNOWN,UNKNOWN,NONE,V05C-contexts.csv,SOURCE_PROVED_NOT_YET_ADMITTED
TP07F507,04:B0F3:0:0:0,0x0230F3,8D8E07,STA,ABS,UNKNOWN,0,DBR:078E,V05C-contexts.csv,SOURCE_PROVED_NOT_YET_ADMITTED
TP07F507,04:B0F6:0:0:0,0x0230F6,223CA306,JSL,ABSL_JUMP,UNKNOWN,0,NONE,V05C-contexts.csv,SOURCE_PROVED_NOT_YET_ADMITTED
TP07F507,04:B0FA:0:0:0,0x0230FA,C230,REP,IMM8,UNKNOWN,UNKNOWN,NONE,V05C-contexts.csv,SOURCE_PROVED_NOT_YET_ADMITTED
TP07F507,04:B0FC:0:0:0,0x0230FC,A00D00,LDY,IMM_X,UNKNOWN,UNKNOWN,NONE,V05C-contexts.csv,SOURCE_PROVED_NOT_YET_ADMITTED
TP07F507,04:B0FF:0:0:0,0x0230FF,B71C,LDA,DP_IND_LONG_Y,UNKNOWN,0,NONE,V05C-contexts.csv,SOURCE_PROVED_NOT_YET_ADMITTED
TP07F507,04:B101:0:0:0,0x023101,29FF00,AND,IMM_M,UNKNOWN,UNKNOWN,NONE,V05C-contexts.csv,SOURCE_PROVED_NOT_YET_ADMITTED
TP07F507,04:B104:0:0:0,0x023104,A20A00,LDX,IMM_X,UNKNOWN,UNKNOWN,NONE,V05C-contexts.csv,SOURCE_PROVED_NOT_YET_ADMITTED
TP07F507,04:B107:0:0:0,0x023107,229EA506,JSL,ABSL_JUMP,UNKNOWN,0,NONE,V05C-contexts.csv,SOURCE_PROVED_NOT_YET_ADMITTED
TP07F507,04:B10B:0:0:0,0x02310B,0A,ASL,ACC,UNKNOWN|0|1,UNKNOWN,NONE,V05C-contexts.csv,SOURCE_PROVED_NOT_YET_ADMITTED
TP07F507,04:B10C:0:0:0,0x02310C,A8,TAY,IMP,UNKNOWN,UNKNOWN,NONE,V05C-contexts.csv,SOURCE_PROVED_NOT_YET_ADMITTED
TP07F507,04:B10D:0:0:0,0x02310D,ADDE06,LDA,ABS,UNKNOWN,UNKNOWN,DBR:06DE,V05C-contexts.csv,SOURCE_PROVED_NOT_YET_ADMITTED
TP07F507,04:B110:0:0:0,0x023110,8D2200,STA,ABS,UNKNOWN,UNKNOWN,DBR:0022,V05C-contexts.csv,SOURCE_PROVED_NOT_YET_ADMITTED
TP07F507,04:B113:0:0:0,0x023113,E220,SEP,IMM8,UNKNOWN,UNKNOWN,NONE,V05C-contexts.csv,SOURCE_PROVED_NOT_YET_ADMITTED
TP07F507,04:B115:0:1:0,0x023115,C210,REP,IMM8,UNKNOWN,UNKNOWN,NONE,V05C-contexts.csv,SOURCE_PROVED_NOT_YET_ADMITTED
TP07F507,04:B117:0:1:0,0x023117,ADE006,LDA,ABS,UNKNOWN,UNKNOWN,DBR:06E0,V05C-contexts.csv,SOURCE_PROVED_NOT_YET_ADMITTED
TP07F507,04:B11A:0:1:0,0x02311A,8D2400,STA,ABS,UNKNOWN,UNKNOWN,DBR:0024,V05C-contexts.csv,SOURCE_PROVED_NOT_YET_ADMITTED
TP07F507,04:B11D:0:1:0,0x02311D,C230,REP,IMM8,UNKNOWN,UNKNOWN,NONE,V05C-contexts.csv,SOURCE_PROVED_NOT_YET_ADMITTED
TP07F507,04:B11F:0:0:0,0x02311F,B722,LDA,DP_IND_LONG_Y,UNKNOWN,UNKNOWN,NONE,V05C-contexts.csv,SOURCE_PROVED_NOT_YET_ADMITTED
TP07F507,04:B121:0:0:0,0x023121,8D9207,STA,ABS,UNKNOWN,UNKNOWN,DBR:0792,V05C-contexts.csv,SOURCE_PROVED_NOT_YET_ADMITTED
TP07F507,04:B124:0:0:0,0x023124,AEE006,LDX,ABS,UNKNOWN,UNKNOWN,DBR:06E0,V05C-contexts.csv,SOURCE_PROVED_NOT_YET_ADMITTED
TP07F507,04:B127:0:0:0,0x023127,8E9407,STX,ABS,UNKNOWN,UNKNOWN,DBR:0794,V05C-contexts.csv,SOURCE_PROVED_NOT_YET_ADMITTED
TP07F507,04:B12A:0:0:0,0x02312A,22D6D804,JSL,ABSL_JUMP,UNKNOWN,UNKNOWN,NONE,V05C-contexts.csv,SOURCE_PROVED_NOT_YET_ADMITTED
TP07F507,04:B12E:0:0:0,0x02312E,C230,REP,IMM8,UNKNOWN,UNKNOWN,NONE,V05C-contexts.csv,SOURCE_PROVED_NOT_YET_ADMITTED
TP07F507,04:B130:0:0:0,0x023130,ADA207,LDA,ABS,UNKNOWN,UNKNOWN,DBR:07A2,V05C-contexts.csv,SOURCE_PROVED_NOT_YET_ADMITTED
TP07F507,04:B133:0:0:0,0x023133,4A,LSR,ACC,UNKNOWN,UNKNOWN,NONE,V05C-contexts.csv,SOURCE_PROVED_NOT_YET_ADMITTED
TP07F507,04:B134:0:0:0,0x023134,8DA207,STA,ABS,UNKNOWN,UNKNOWN,DBR:07A2,V05C-contexts.csv,SOURCE_PROVED_NOT_YET_ADMITTED
TP07F507,04:B137:0:0:0,0x023137,A91900,LDA,IMM_M,UNKNOWN,UNKNOWN,NONE,V05C-contexts.csv,SOURCE_PROVED_NOT_YET_ADMITTED
TP07F507,04:B13A:0:0:0,0x02313A,38,SEC,IMP,UNKNOWN,0,NONE,V05C-contexts.csv,SOURCE_PROVED_NOT_YET_ADMITTED
TP07F507,04:B13B:0:0:0,0x02313B,EDA207,SBC,ABS,1,0,DBR:07A2,V05C-contexts.csv,SOURCE_PROVED_NOT_YET_ADMITTED
TP07F507,04:B13E:0:0:0,0x02313E,0A,ASL,ACC,UNKNOWN,UNKNOWN,NONE,V05C-contexts.csv,SOURCE_PROVED_NOT_YET_ADMITTED
TP07F507,04:B13F:0:0:0,0x02313F,8D8A07,STA,ABS,UNKNOWN,UNKNOWN,DBR:078A,V05C-contexts.csv,SOURCE_PROVED_NOT_YET_ADMITTED
TP07F507,04:B142:0:0:0,0x023142,A91400,LDA,IMM_M,UNKNOWN,UNKNOWN,NONE,V05C-contexts.csv,SOURCE_PROVED_NOT_YET_ADMITTED
TP07F507,04:B145:0:0:0,0x023145,8D8E07,STA,ABS,UNKNOWN,0,DBR:078E,V05C-contexts.csv,SOURCE_PROVED_NOT_YET_ADMITTED
TP07F507,04:B148:0:0:0,0x023148,223CA306,JSL,ABSL_JUMP,UNKNOWN,0,NONE,V05C-contexts.csv,SOURCE_PROVED_NOT_YET_ADMITTED
TP07F507,04:B14C:0:0:0,0x02314C,C230,REP,IMM8,UNKNOWN,UNKNOWN,NONE,V05C-contexts.csv,SOURCE_PROVED_NOT_YET_ADMITTED
TP07F507,04:B14E:0:0:0,0x02314E,A00C00,LDY,IMM_X,UNKNOWN,UNKNOWN,NONE,V05C-contexts.csv,SOURCE_PROVED_NOT_YET_ADMITTED
TP07F507,04:B151:0:0:0,0x023151,B71C,LDA,DP_IND_LONG_Y,UNKNOWN,0,NONE,V05C-contexts.csv,SOURCE_PROVED_NOT_YET_ADMITTED
TP07F507,04:B153:0:0:0,0x023153,29FF00,AND,IMM_M,UNKNOWN,UNKNOWN,NONE,V05C-contexts.csv,SOURCE_PROVED_NOT_YET_ADMITTED
TP07F507,04:B156:0:0:0,0x023156,8D1504,STA,ABS,UNKNOWN,UNKNOWN,DBR:0415,V05C-contexts.csv,SOURCE_PROVED_NOT_YET_ADMITTED
TP07F507,04:B159:0:0:0,0x023159,A01000,LDY,IMM_X,UNKNOWN,UNKNOWN,NONE,V05C-contexts.csv,SOURCE_PROVED_NOT_YET_ADMITTED
TP07F507,04:B15C:0:0:0,0x02315C,B71C,LDA,DP_IND_LONG_Y,UNKNOWN,0,NONE,V05C-contexts.csv,SOURCE_PROVED_NOT_YET_ADMITTED
TP07F507,04:B15E:0:0:0,0x02315E,A20500,LDX,IMM_X,UNKNOWN,UNKNOWN,NONE,V05C-contexts.csv,SOURCE_PROVED_NOT_YET_ADMITTED
TP07F507,04:B161:0:0:0,0x023161,229EA506,JSL,ABSL_JUMP,UNKNOWN,0,NONE,V05C-contexts.csv,SOURCE_PROVED_NOT_YET_ADMITTED
TP07F507,04:B165:0:0:0,0x023165,AE1504,LDX,ABS,UNKNOWN|0|1,UNKNOWN,DBR:0415,V05C-contexts.csv,SOURCE_PROVED_NOT_YET_ADMITTED
TP07F507,04:B168:0:0:0,0x023168,226BFA07,JSL,ABSL_JUMP,UNKNOWN|0|1,UNKNOWN,NONE,V05C-contexts.csv,SOURCE_PROVED_NOT_YET_ADMITTED
TP07F507,04:B16C:0:0:0,0x02316C,C230,REP,IMM8,UNKNOWN|0|1,1,NONE,V05C-contexts.csv,SOURCE_PROVED_NOT_YET_ADMITTED
TP07F507,04:B16E:0:0:0,0x02316E,ADA207,LDA,ABS,UNKNOWN|0|1,1,DBR:07A2,V05C-contexts.csv,SOURCE_PROVED_NOT_YET_ADMITTED
TP07F507,04:B171:0:0:0,0x023171,A20800,LDX,IMM_X,UNKNOWN|0|1,UNKNOWN,NONE,V05C-contexts.csv,SOURCE_PROVED_NOT_YET_ADMITTED
TP07F507,04:B174:0:0:0,0x023174,229EA506,JSL,ABSL_JUMP,UNKNOWN|0|1,0,NONE,V05C-contexts.csv,SOURCE_PROVED_NOT_YET_ADMITTED
TP07F507,04:B178:0:0:0,0x023178,A2CD00,LDX,IMM_X,UNKNOWN|0|1,UNKNOWN,NONE,V05C-contexts.csv,SOURCE_PROVED_NOT_YET_ADMITTED
TP07F507,04:B17B:0:0:0,0x02317B,229EA506,JSL,ABSL_JUMP,UNKNOWN|0|1,0,NONE,V05C-contexts.csv,SOURCE_PROVED_NOT_YET_ADMITTED
TP07F507,04:B17F:0:0:0,0x02317F,0A,ASL,ACC,UNKNOWN|0|1,UNKNOWN,NONE,V05C-contexts.csv,SOURCE_PROVED_NOT_YET_ADMITTED
TP07F507,04:B180:0:0:0,0x023180,A8,TAY,IMP,UNKNOWN,UNKNOWN,NONE,V05C-contexts.csv,SOURCE_PROVED_NOT_YET_ADMITTED
TP07F507,04:B181:0:0:0,0x023181,ADDE06,LDA,ABS,UNKNOWN,UNKNOWN,DBR:06DE,V05C-contexts.csv,SOURCE_PROVED_NOT_YET_ADMITTED
TP07F507,04:B184:0:0:0,0x023184,8D2200,STA,ABS,UNKNOWN,UNKNOWN,DBR:0022,V05C-contexts.csv,SOURCE_PROVED_NOT_YET_ADMITTED
TP07F507,04:B187:0:0:0,0x023187,E220,SEP,IMM8,UNKNOWN,UNKNOWN,NONE,V05C-contexts.csv,SOURCE_PROVED_NOT_YET_ADMITTED
TP07F507,04:B189:0:1:0,0x023189,C210,REP,IMM8,UNKNOWN,UNKNOWN,NONE,V05C-contexts.csv,SOURCE_PROVED_NOT_YET_ADMITTED
TP07F507,04:B18B:0:1:0,0x02318B,ADE006,LDA,ABS,UNKNOWN,UNKNOWN,DBR:06E0,V05C-contexts.csv,SOURCE_PROVED_NOT_YET_ADMITTED
TP07F507,04:B18E:0:1:0,0x02318E,8D2400,STA,ABS,UNKNOWN,UNKNOWN,DBR:0024,V05C-contexts.csv,SOURCE_PROVED_NOT_YET_ADMITTED
TP07F507,04:B191:0:1:0,0x023191,C230,REP,IMM8,UNKNOWN,UNKNOWN,NONE,V05C-contexts.csv,SOURCE_PROVED_NOT_YET_ADMITTED
TP07F507,04:B193:0:0:0,0x023193,B722,LDA,DP_IND_LONG_Y,UNKNOWN,UNKNOWN,NONE,V05C-contexts.csv,SOURCE_PROVED_NOT_YET_ADMITTED
TP07F507,04:B195:0:0:0,0x023195,8D9207,STA,ABS,UNKNOWN,UNKNOWN,DBR:0792,V05C-contexts.csv,SOURCE_PROVED_NOT_YET_ADMITTED
TP07F507,04:B198:0:0:0,0x023198,AEE006,LDX,ABS,UNKNOWN,UNKNOWN,DBR:06E0,V05C-contexts.csv,SOURCE_PROVED_NOT_YET_ADMITTED
TP07F507,04:B19B:0:0:0,0x02319B,8E9407,STX,ABS,UNKNOWN,UNKNOWN,DBR:0794,V05C-contexts.csv,SOURCE_PROVED_NOT_YET_ADMITTED
TP07F507,04:B19E:0:0:0,0x02319E,22D6D804,JSL,ABSL_JUMP,UNKNOWN,UNKNOWN,NONE,V05C-contexts.csv,SOURCE_PROVED_NOT_YET_ADMITTED
TP07F507,04:B1A2:0:0:0,0x0231A2,C230,REP,IMM8,UNKNOWN,UNKNOWN,NONE,V05C-contexts.csv,SOURCE_PROVED_NOT_YET_ADMITTED
TP07F507,04:B1A4:0:0:0,0x0231A4,ADA207,LDA,ABS,UNKNOWN,UNKNOWN,DBR:07A2,V05C-contexts.csv,SOURCE_PROVED_NOT_YET_ADMITTED
TP07F507,04:B1A7:0:0:0,0x0231A7,4A,LSR,ACC,UNKNOWN,UNKNOWN,NONE,V05C-contexts.csv,SOURCE_PROVED_NOT_YET_ADMITTED
TP07F507,04:B1A8:0:0:0,0x0231A8,8DA207,STA,ABS,UNKNOWN,UNKNOWN,DBR:07A2,V05C-contexts.csv,SOURCE_PROVED_NOT_YET_ADMITTED
TP07F507,04:B1AB:0:0:0,0x0231AB,A91900,LDA,IMM_M,UNKNOWN,UNKNOWN,NONE,V05C-contexts.csv,SOURCE_PROVED_NOT_YET_ADMITTED
TP07F507,04:B1AE:0:0:0,0x0231AE,38,SEC,IMP,UNKNOWN,0,NONE,V05C-contexts.csv,SOURCE_PROVED_NOT_YET_ADMITTED
TP07F507,04:B1AF:0:0:0,0x0231AF,EDA207,SBC,ABS,1,0,DBR:07A2,V05C-contexts.csv,SOURCE_PROVED_NOT_YET_ADMITTED
TP07F507,04:B1B2:0:0:0,0x0231B2,0A,ASL,ACC,UNKNOWN,UNKNOWN,NONE,V05C-contexts.csv,SOURCE_PROVED_NOT_YET_ADMITTED
TP07F507,04:B1B3:0:0:0,0x0231B3,8D8A07,STA,ABS,UNKNOWN,UNKNOWN,DBR:078A,V05C-contexts.csv,SOURCE_PROVED_NOT_YET_ADMITTED
TP07F507,04:B1B6:0:0:0,0x0231B6,A91600,LDA,IMM_M,UNKNOWN,UNKNOWN,NONE,V05C-contexts.csv,SOURCE_PROVED_NOT_YET_ADMITTED
TP07F507,04:B1B9:0:0:0,0x0231B9,8D8E07,STA,ABS,UNKNOWN,0,DBR:078E,V05C-contexts.csv,SOURCE_PROVED_NOT_YET_ADMITTED
TP07F507,04:B1BC:0:0:0,0x0231BC,223CA306,JSL,ABSL_JUMP,UNKNOWN,0,NONE,V05C-contexts.csv,SOURCE_PROVED_NOT_YET_ADMITTED
TP07F507,04:B1C0:0:0:0,0x0231C0,C230,REP,IMM8,UNKNOWN,UNKNOWN,NONE,V05C-contexts.csv,SOURCE_PROVED_NOT_YET_ADMITTED
TP07F507,04:B1C2:0:0:0,0x0231C2,A02900,LDY,IMM_X,UNKNOWN,UNKNOWN,NONE,V05C-contexts.csv,SOURCE_PROVED_NOT_YET_ADMITTED
TP07F507,04:B1C5:0:0:0,0x0231C5,B749,LDA,DP_IND_LONG_Y,UNKNOWN,0,NONE,V05C-contexts.csv,SOURCE_PROVED_NOT_YET_ADMITTED
TP07F507,04:B1C7:0:0:0,0x0231C7,8D8A07,STA,ABS,UNKNOWN,UNKNOWN,DBR:078A,V05C-contexts.csv,SOURCE_PROVED_NOT_YET_ADMITTED
TP07F507,04:B1CA:0:0:0,0x0231CA,22CDA406,JSL,ABSL_JUMP,UNKNOWN,UNKNOWN,NONE,V05C-contexts.csv,SOURCE_PROVED_NOT_YET_ADMITTED
TP07F507,04:B1CE:0:0:1,0x0231CE,E210,SEP,IMM8,UNKNOWN|1,UNKNOWN,NONE,V05C-contexts.csv,SOURCE_PROVED_NOT_YET_ADMITTED
TP07F507,04:B1D0:0:0:1,0x0231D0,C220,REP,IMM8,UNKNOWN|1,UNKNOWN,NONE,V05C-contexts.csv,SOURCE_PROVED_NOT_YET_ADMITTED
TP07F507,04:B1D2:0:0:1,0x0231D2,AD1F00,LDA,ABS,UNKNOWN|1,UNKNOWN,DBR:001F,V05C-contexts.csv,SOURCE_PROVED_NOT_YET_ADMITTED
TP07F507,04:B1D5:0:0:1,0x0231D5,18,CLC,IMP,UNKNOWN|1,UNKNOWN,NONE,V05C-contexts.csv,SOURCE_PROVED_NOT_YET_ADMITTED
TP07F507,04:B1D6:0:0:1,0x0231D6,696400,ADC,IMM_M,0,UNKNOWN,NONE,V05C-contexts.csv,SOURCE_PROVED_NOT_YET_ADMITTED
TP07F507,04:B1D9:0:0:1,0x0231D9,AE2100,LDX,ABS,UNKNOWN,UNKNOWN,DBR:0021,V05C-contexts.csv,SOURCE_PROVED_NOT_YET_ADMITTED
TP07F507,04:B1DC:0:0:1,0x0231DC,8D9207,STA,ABS,UNKNOWN,UNKNOWN,DBR:0792,V05C-contexts.csv,SOURCE_PROVED_NOT_YET_ADMITTED
TP07F507,04:B1DF:0:0:1,0x0231DF,8E9407,STX,ABS,UNKNOWN,UNKNOWN,DBR:0794,V05C-contexts.csv,SOURCE_PROVED_NOT_YET_ADMITTED
TP07F507,04:B1E2:0:0:1,0x0231E2,22D6D804,JSL,ABSL_JUMP,UNKNOWN,UNKNOWN,NONE,V05C-contexts.csv,SOURCE_PROVED_NOT_YET_ADMITTED
TP07F507,04:B1E6:0:0:0,0x0231E6,C230,REP,IMM8,UNKNOWN,UNKNOWN,NONE,V05C-contexts.csv,SOURCE_PROVED_NOT_YET_ADMITTED
TP07F507,04:B1E8:0:0:0,0x0231E8,ADA207,LDA,ABS,UNKNOWN,UNKNOWN,DBR:07A2,V05C-contexts.csv,SOURCE_PROVED_NOT_YET_ADMITTED
TP07F507,04:B1EB:0:0:0,0x0231EB,4A,LSR,ACC,UNKNOWN,UNKNOWN,NONE,V05C-contexts.csv,SOURCE_PROVED_NOT_YET_ADMITTED
TP07F507,04:B1EC:0:0:0,0x0231EC,8DA207,STA,ABS,UNKNOWN,UNKNOWN,DBR:07A2,V05C-contexts.csv,SOURCE_PROVED_NOT_YET_ADMITTED
TP07F507,04:B1EF:0:0:0,0x0231EF,A91500,LDA,IMM_M,UNKNOWN,UNKNOWN,NONE,V05C-contexts.csv,SOURCE_PROVED_NOT_YET_ADMITTED
TP07F507,04:B1F2:0:0:0,0x0231F2,38,SEC,IMP,UNKNOWN,0,NONE,V05C-contexts.csv,SOURCE_PROVED_NOT_YET_ADMITTED
TP07F507,04:B1F3:0:0:0,0x0231F3,EDA207,SBC,ABS,1,0,DBR:07A2,V05C-contexts.csv,SOURCE_PROVED_NOT_YET_ADMITTED
TP07F507,04:B1F6:0:0:0,0x0231F6,0A,ASL,ACC,UNKNOWN,UNKNOWN,NONE,V05C-contexts.csv,SOURCE_PROVED_NOT_YET_ADMITTED
TP07F507,04:B1F7:0:0:0,0x0231F7,8D8A07,STA,ABS,UNKNOWN,UNKNOWN,DBR:078A,V05C-contexts.csv,SOURCE_PROVED_NOT_YET_ADMITTED
TP07F507,04:B1FA:0:0:0,0x0231FA,A91800,LDA,IMM_M,UNKNOWN,UNKNOWN,NONE,V05C-contexts.csv,SOURCE_PROVED_NOT_YET_ADMITTED
TP07F507,04:B1FD:0:0:0,0x0231FD,8D8E07,STA,ABS,UNKNOWN,0,DBR:078E,V05C-contexts.csv,SOURCE_PROVED_NOT_YET_ADMITTED
TP07F507,04:B200:0:0:0,0x023200,223CA306,JSL,ABSL_JUMP,UNKNOWN,0,NONE,V05C-contexts.csv,SOURCE_PROVED_NOT_YET_ADMITTED
TP07F507,04:B204:0:0:0,0x023204,C230,REP,IMM8,UNKNOWN,UNKNOWN,NONE,V05C-contexts.csv,SOURCE_PROVED_NOT_YET_ADMITTED
TP07F507,04:B206:0:0:0,0x023206,A00A00,LDY,IMM_X,UNKNOWN,UNKNOWN,NONE,V05C-contexts.csv,SOURCE_PROVED_NOT_YET_ADMITTED
TP07F507,04:B209:0:0:0,0x023209,B71C,LDA,DP_IND_LONG_Y,UNKNOWN,0,NONE,V05C-contexts.csv,SOURCE_PROVED_NOT_YET_ADMITTED
TP07F507,04:B20B:0:0:0,0x02320B,8D8A07,STA,ABS,UNKNOWN,UNKNOWN,DBR:078A,V05C-contexts.csv,SOURCE_PROVED_NOT_YET_ADMITTED
TP07F507,04:B20E:0:0:0,0x02320E,22CDA406,JSL,ABSL_JUMP,UNKNOWN,UNKNOWN,NONE,V05C-contexts.csv,SOURCE_PROVED_NOT_YET_ADMITTED
TP07F507,04:B212:0:0:1,0x023212,E210,SEP,IMM8,UNKNOWN|1,UNKNOWN,NONE,V05C-contexts.csv,SOURCE_PROVED_NOT_YET_ADMITTED
TP07F507,04:B214:0:0:1,0x023214,C220,REP,IMM8,UNKNOWN|1,UNKNOWN,NONE,V05C-contexts.csv,SOURCE_PROVED_NOT_YET_ADMITTED
TP07F507,04:B216:0:0:1,0x023216,AD1F00,LDA,ABS,UNKNOWN|1,UNKNOWN,DBR:001F,V05C-contexts.csv,SOURCE_PROVED_NOT_YET_ADMITTED
TP07F507,04:B219:0:0:1,0x023219,18,CLC,IMP,UNKNOWN|1,UNKNOWN,NONE,V05C-contexts.csv,SOURCE_PROVED_NOT_YET_ADMITTED
TP07F507,04:B21A:0:0:1,0x02321A,696400,ADC,IMM_M,0,UNKNOWN,NONE,V05C-contexts.csv,SOURCE_PROVED_NOT_YET_ADMITTED
TP07F507,04:B21D:0:0:1,0x02321D,AE2100,LDX,ABS,UNKNOWN,UNKNOWN,DBR:0021,V05C-contexts.csv,SOURCE_PROVED_NOT_YET_ADMITTED
TP07F507,04:B220:0:0:1,0x023220,8D9207,STA,ABS,UNKNOWN,UNKNOWN,DBR:0792,V05C-contexts.csv,SOURCE_PROVED_NOT_YET_ADMITTED
TP07F507,04:B223:0:0:1,0x023223,8E9407,STX,ABS,UNKNOWN,UNKNOWN,DBR:0794,V05C-contexts.csv,SOURCE_PROVED_NOT_YET_ADMITTED
TP07F507,04:B226:0:0:1,0x023226,22D6D804,JSL,ABSL_JUMP,UNKNOWN,UNKNOWN,NONE,V05C-contexts.csv,SOURCE_PROVED_NOT_YET_ADMITTED
TP07F507,04:B22A:0:0:0,0x02322A,C230,REP,IMM8,UNKNOWN,UNKNOWN,NONE,V05C-contexts.csv,SOURCE_PROVED_NOT_YET_ADMITTED
TP07F507,04:B22C:0:0:0,0x02322C,ADA207,LDA,ABS,UNKNOWN,UNKNOWN,DBR:07A2,V05C-contexts.csv,SOURCE_PROVED_NOT_YET_ADMITTED
TP07F507,04:B22F:0:0:0,0x02322F,4A,LSR,ACC,UNKNOWN,UNKNOWN,NONE,V05C-contexts.csv,SOURCE_PROVED_NOT_YET_ADMITTED
TP07F507,04:B230:0:0:0,0x023230,8DA207,STA,ABS,UNKNOWN,UNKNOWN,DBR:07A2,V05C-contexts.csv,SOURCE_PROVED_NOT_YET_ADMITTED
TP07F507,04:B233:0:0:0,0x023233,A91D00,LDA,IMM_M,UNKNOWN,UNKNOWN,NONE,V05C-contexts.csv,SOURCE_PROVED_NOT_YET_ADMITTED
TP07F507,04:B236:0:0:0,0x023236,38,SEC,IMP,UNKNOWN,0,NONE,V05C-contexts.csv,SOURCE_PROVED_NOT_YET_ADMITTED
TP07F507,04:B237:0:0:0,0x023237,EDA207,SBC,ABS,1,0,DBR:07A2,V05C-contexts.csv,SOURCE_PROVED_NOT_YET_ADMITTED
TP07F507,04:B23A:0:0:0,0x02323A,0A,ASL,ACC,UNKNOWN,UNKNOWN,NONE,V05C-contexts.csv,SOURCE_PROVED_NOT_YET_ADMITTED
TP07F507,04:B23B:0:0:0,0x02323B,8D8A07,STA,ABS,UNKNOWN,UNKNOWN,DBR:078A,V05C-contexts.csv,SOURCE_PROVED_NOT_YET_ADMITTED
TP07F507,04:B23E:0:0:0,0x02323E,A91800,LDA,IMM_M,UNKNOWN,UNKNOWN,NONE,V05C-contexts.csv,SOURCE_PROVED_NOT_YET_ADMITTED
TP07F507,04:B241:0:0:0,0x023241,8D8E07,STA,ABS,UNKNOWN,0,DBR:078E,V05C-contexts.csv,SOURCE_PROVED_NOT_YET_ADMITTED
TP07F507,04:B244:0:0:0,0x023244,223CA306,JSL,ABSL_JUMP,UNKNOWN,0,NONE,V05C-contexts.csv,SOURCE_PROVED_NOT_YET_ADMITTED
TP07F507,04:B248:0:0:0,0x023248,C230,REP,IMM8,UNKNOWN,UNKNOWN,NONE,V05C-contexts.csv,SOURCE_PROVED_NOT_YET_ADMITTED
TP07F507,04:B24A:0:0:0,0x02324A,A00000,LDY,IMM_X,UNKNOWN,UNKNOWN,NONE,V05C-contexts.csv,SOURCE_PROVED_NOT_YET_ADMITTED
TP07F507,04:B24D:0:0:0,0x02324D,B71C,LDA,DP_IND_LONG_Y,UNKNOWN,1,NONE,V05C-contexts.csv,SOURCE_PROVED_NOT_YET_ADMITTED
TP07F507,04:B24F:0:0:0,0x02324F,0A,ASL,ACC,UNKNOWN,UNKNOWN,NONE,V05C-contexts.csv,SOURCE_PROVED_NOT_YET_ADMITTED
TP07F507,04:B250:0:0:0,0x023250,8D1504,STA,ABS,UNKNOWN,UNKNOWN,DBR:0415,V05C-contexts.csv,SOURCE_PROVED_NOT_YET_ADMITTED
TP07F507,04:B253:0:0:0,0x023253,E210,SEP,IMM8,UNKNOWN,UNKNOWN,NONE,V05C-contexts.csv,SOURCE_PROVED_NOT_YET_ADMITTED
TP07F507,04:B255:0:0:1,0x023255,C220,REP,IMM8,UNKNOWN,UNKNOWN,NONE,V05C-contexts.csv,SOURCE_PROVED_NOT_YET_ADMITTED
TP07F507,04:B257:0:0:1,0x023257,ADCF06,LDA,ABS,UNKNOWN,UNKNOWN,DBR:06CF,V05C-contexts.csv,SOURCE_PROVED_NOT_YET_ADMITTED
TP07F507,04:B25A:0:0:1,0x02325A,8D2200,STA,ABS,UNKNOWN,UNKNOWN,DBR:0022,V05C-contexts.csv,SOURCE_PROVED_NOT_YET_ADMITTED
TP07F507,04:B25D:0:0:1,0x02325D,AED106,LDX,ABS,UNKNOWN,UNKNOWN,DBR:06D1,V05C-contexts.csv,SOURCE_PROVED_NOT_YET_ADMITTED
TP07F507,04:B260:0:0:1,0x023260,8E2400,STX,ABS,UNKNOWN,UNKNOWN,DBR:0024,V05C-contexts.csv,SOURCE_PROVED_NOT_YET_ADMITTED
TP07F507,04:B263:0:0:1,0x023263,C230,REP,IMM8,UNKNOWN,UNKNOWN,NONE,V05C-contexts.csv,SOURCE_PROVED_NOT_YET_ADMITTED
TP07F507,04:B265:0:0:0,0x023265,AC1504,LDY,ABS,UNKNOWN,UNKNOWN,DBR:0415,V05C-contexts.csv,SOURCE_PROVED_NOT_YET_ADMITTED
TP07F507,04:B268:0:0:0,0x023268,B722,LDA,DP_IND_LONG_Y,UNKNOWN,UNKNOWN,NONE,V05C-contexts.csv,SOURCE_PROVED_NOT_YET_ADMITTED
TP07F507,04:B26A:0:0:0,0x02326A,8D2200,STA,ABS,UNKNOWN,UNKNOWN,DBR:0022,V05C-contexts.csv,SOURCE_PROVED_NOT_YET_ADMITTED
TP07F507,04:B26D:0:0:0,0x02326D,E210,SEP,IMM8,UNKNOWN,UNKNOWN,NONE,V05C-contexts.csv,SOURCE_PROVED_NOT_YET_ADMITTED
TP07F507,04:B26F:0:0:1,0x02326F,C220,REP,IMM8,UNKNOWN,UNKNOWN,NONE,V05C-contexts.csv,SOURCE_PROVED_NOT_YET_ADMITTED
TP07F507,04:B271:0:0:1,0x023271,AD2200,LDA,ABS,UNKNOWN,UNKNOWN,DBR:0022,V05C-contexts.csv,SOURCE_PROVED_NOT_YET_ADMITTED
TP07F507,04:B274:0:0:1,0x023274,AE2400,LDX,ABS,UNKNOWN,UNKNOWN,DBR:0024,V05C-contexts.csv,SOURCE_PROVED_NOT_YET_ADMITTED
TP07F507,04:B277:0:0:1,0x023277,8D9207,STA,ABS,UNKNOWN,UNKNOWN,DBR:0792,V05C-contexts.csv,SOURCE_PROVED_NOT_YET_ADMITTED
TP07F507,04:B27A:0:0:1,0x02327A,8E9407,STX,ABS,UNKNOWN,UNKNOWN,DBR:0794,V05C-contexts.csv,SOURCE_PROVED_NOT_YET_ADMITTED
TP07F507,04:B27D:0:0:1,0x02327D,22D6D804,JSL,ABSL_JUMP,UNKNOWN,UNKNOWN,NONE,V05C-contexts.csv,SOURCE_PROVED_NOT_YET_ADMITTED
TP07F507,04:B281:0:0:0,0x023281,C230,REP,IMM8,UNKNOWN,UNKNOWN,NONE,V05C-contexts.csv,SOURCE_PROVED_NOT_YET_ADMITTED
TP07F507,04:B283:0:0:0,0x023283,ADA207,LDA,ABS,UNKNOWN,UNKNOWN,DBR:07A2,V05C-contexts.csv,SOURCE_PROVED_NOT_YET_ADMITTED
TP07F507,04:B286:0:0:0,0x023286,4A,LSR,ACC,UNKNOWN,UNKNOWN,NONE,V05C-contexts.csv,SOURCE_PROVED_NOT_YET_ADMITTED
TP07F507,04:B287:0:0:0,0x023287,8DA207,STA,ABS,UNKNOWN,UNKNOWN,DBR:07A2,V05C-contexts.csv,SOURCE_PROVED_NOT_YET_ADMITTED
TP07F507,04:B28A:0:0:0,0x02328A,A90F00,LDA,IMM_M,UNKNOWN,UNKNOWN,NONE,V05C-contexts.csv,SOURCE_PROVED_NOT_YET_ADMITTED
TP07F507,04:B28D:0:0:0,0x02328D,38,SEC,IMP,UNKNOWN,0,NONE,V05C-contexts.csv,SOURCE_PROVED_NOT_YET_ADMITTED
TP07F507,04:B28E:0:0:0,0x02328E,EDA207,SBC,ABS,1,0,DBR:07A2,V05C-contexts.csv,SOURCE_PROVED_NOT_YET_ADMITTED
TP07F507,04:B291:0:0:0,0x023291,0A,ASL,ACC,UNKNOWN,UNKNOWN,NONE,V05C-contexts.csv,SOURCE_PROVED_NOT_YET_ADMITTED
TP07F507,04:B292:0:0:0,0x023292,8D8A07,STA,ABS,UNKNOWN,UNKNOWN,DBR:078A,V05C-contexts.csv,SOURCE_PROVED_NOT_YET_ADMITTED
TP07F507,04:B295:0:0:0,0x023295,A90200,LDA,IMM_M,UNKNOWN,UNKNOWN,NONE,V05C-contexts.csv,SOURCE_PROVED_NOT_YET_ADMITTED
TP07F507,04:B298:0:0:0,0x023298,8D8E07,STA,ABS,UNKNOWN,0,DBR:078E,V05C-contexts.csv,SOURCE_PROVED_NOT_YET_ADMITTED
TP07F507,04:B29B:0:0:0,0x02329B,E210,SEP,IMM8,UNKNOWN,0,NONE,V05C-contexts.csv,SOURCE_PROVED_NOT_YET_ADMITTED
TP07F507,04:B29D:0:0:1,0x02329D,C220,REP,IMM8,UNKNOWN,0,NONE,V05C-contexts.csv,SOURCE_PROVED_NOT_YET_ADMITTED
TP07F507,04:B29F:0:0:1,0x02329F,AD2200,LDA,ABS,UNKNOWN,0,DBR:0022,V05C-contexts.csv,SOURCE_PROVED_NOT_YET_ADMITTED
TP07F507,04:B2A2:0:0:1,0x0232A2,AE2400,LDX,ABS,UNKNOWN,UNKNOWN,DBR:0024,V05C-contexts.csv,SOURCE_PROVED_NOT_YET_ADMITTED
TP07F507,04:B2A5:0:0:1,0x0232A5,8D9207,STA,ABS,UNKNOWN,UNKNOWN,DBR:0792,V05C-contexts.csv,SOURCE_PROVED_NOT_YET_ADMITTED
TP07F507,04:B2A8:0:0:1,0x0232A8,8E9407,STX,ABS,UNKNOWN,UNKNOWN,DBR:0794,V05C-contexts.csv,SOURCE_PROVED_NOT_YET_ADMITTED
TP07F507,04:B2AB:0:0:1,0x0232AB,223CA306,JSL,ABSL_JUMP,UNKNOWN,UNKNOWN,NONE,V05C-contexts.csv,SOURCE_PROVED_NOT_YET_ADMITTED
TP07F507,04:B2AF:0:0:0,0x0232AF,820000,BRL,REL16,UNKNOWN,UNKNOWN,NONE,V05C-contexts.csv,SOURCE_PROVED_NOT_YET_ADMITTED
TP07F507,04:B2B2:0:0:0,0x0232B2,E230,SEP,IMM8,UNKNOWN|1,UNKNOWN|1,NONE,V05C-contexts.csv,SOURCE_PROVED_NOT_YET_ADMITTED
TP07F507,04:B2B2:0:0:1,0x0232B2,E230,SEP,IMM8,UNKNOWN,0,NONE,V05C-contexts.csv,SOURCE_PROVED_NOT_YET_ADMITTED
TP07F507,04:B2B2:0:1:1,0x0232B2,E230,SEP,IMM8,UNKNOWN,1,NONE,V05C-contexts.csv,SOURCE_PROVED_NOT_YET_ADMITTED
TP07F507,04:B2B4:0:1:1,0x0232B4,22B9A506,JSL,ABSL_JUMP,UNKNOWN|1,UNKNOWN|0|1,NONE,V05C-contexts.csv,SOURCE_PROVED_NOT_YET_ADMITTED
TP07F507,04:B2B8:0:1:0,0x0232B8,E230,SEP,IMM8,UNKNOWN|0|1,UNKNOWN,NONE,V05C-contexts.csv,SOURCE_PROVED_NOT_YET_ADMITTED
TP07F507,04:B2BA:0:1:1,0x0232BA,A901,LDA,IMM_M,UNKNOWN|0|1,UNKNOWN,NONE,V05C-contexts.csv,SOURCE_PROVED_NOT_YET_ADMITTED
TP07F507,04:B2BC:0:1:1,0x0232BC,8DAA07,STA,ABS,UNKNOWN|0|1,0,DBR:07AA,V05C-contexts.csv,SOURCE_PROVED_NOT_YET_ADMITTED
TP07F507,04:B2BF:0:1:1,0x0232BF,C230,REP,IMM8,UNKNOWN|0|1,0,NONE,V05C-contexts.csv,SOURCE_PROVED_NOT_YET_ADMITTED
TP07F507,04:B2C1:0:0:0,0x0232C1,68,PLA,IMP,UNKNOWN|0|1,0,NONE,V05C-contexts.csv,SOURCE_PROVED_NOT_YET_ADMITTED
TP07F507,04:B2C2:0:0:0,0x0232C2,8D1704,STA,ABS,UNKNOWN|0|1,UNKNOWN,DBR:0417,V05C-contexts.csv,SOURCE_PROVED_NOT_YET_ADMITTED
TP07F507,04:B2C5:0:0:0,0x0232C5,68,PLA,IMP,UNKNOWN|0|1,UNKNOWN,NONE,V05C-contexts.csv,SOURCE_PROVED_NOT_YET_ADMITTED
TP07F507,04:B2C6:0:0:0,0x0232C6,8D1504,STA,ABS,UNKNOWN|0|1,UNKNOWN,DBR:0415,V05C-contexts.csv,SOURCE_PROVED_NOT_YET_ADMITTED
TP07F507,04:B2C9:0:0:0,0x0232C9,68,PLA,IMP,UNKNOWN|0|1,UNKNOWN,NONE,V05C-contexts.csv,SOURCE_PROVED_NOT_YET_ADMITTED
TP07F507,04:B2CA:0:0:0,0x0232CA,8D0D04,STA,ABS,UNKNOWN|0|1,UNKNOWN,DBR:040D,V05C-contexts.csv,SOURCE_PROVED_NOT_YET_ADMITTED
TP07F507,04:B2CD:0:0:0,0x0232CD,68,PLA,IMP,UNKNOWN|0|1,UNKNOWN,NONE,V05C-contexts.csv,SOURCE_PROVED_NOT_YET_ADMITTED
TP07F507,04:B2CE:0:0:0,0x0232CE,8D0B04,STA,ABS,UNKNOWN|0|1,UNKNOWN,DBR:040B,V05C-contexts.csv,SOURCE_PROVED_NOT_YET_ADMITTED
TP07F507,04:B2D1:0:0:0,0x0232D1,E210,SEP,IMM8,UNKNOWN|0|1,UNKNOWN,NONE,V05C-contexts.csv,SOURCE_PROVED_NOT_YET_ADMITTED
TP07F507,04:B2D3:0:0:1,0x0232D3,C220,REP,IMM8,UNKNOWN|0|1,UNKNOWN,NONE,V05C-contexts.csv,SOURCE_PROVED_NOT_YET_ADMITTED
TP07F507,04:B2D5:0:0:1,0x0232D5,FA,PLX,IMP,UNKNOWN|0|1,UNKNOWN,NONE,V05C-contexts.csv,SOURCE_PROVED_NOT_YET_ADMITTED
TP07F507,04:B2D6:0:0:1,0x0232D6,8E2400,STX,ABS,UNKNOWN|0|1,UNKNOWN,DBR:0024,V05C-contexts.csv,SOURCE_PROVED_NOT_YET_ADMITTED
TP07F507,04:B2D9:0:0:1,0x0232D9,68,PLA,IMP,UNKNOWN|0|1,UNKNOWN,NONE,V05C-contexts.csv,SOURCE_PROVED_NOT_YET_ADMITTED
TP07F507,04:B2DA:0:0:1,0x0232DA,8D2200,STA,ABS,UNKNOWN|0|1,UNKNOWN,DBR:0022,V05C-contexts.csv,SOURCE_PROVED_NOT_YET_ADMITTED
TP07F507,04:B2DD:0:0:1,0x0232DD,FA,PLX,IMP,UNKNOWN|0|1,UNKNOWN,NONE,V05C-contexts.csv,SOURCE_PROVED_NOT_YET_ADMITTED
TP07F507,04:B2DE:0:0:1,0x0232DE,8E2100,STX,ABS,UNKNOWN|0|1,UNKNOWN,DBR:0021,V05C-contexts.csv,SOURCE_PROVED_NOT_YET_ADMITTED
TP07F507,04:B2E1:0:0:1,0x0232E1,68,PLA,IMP,UNKNOWN|0|1,UNKNOWN,NONE,V05C-contexts.csv,SOURCE_PROVED_NOT_YET_ADMITTED
TP07F507,04:B2E2:0:0:1,0x0232E2,8D1F00,STA,ABS,UNKNOWN|0|1,UNKNOWN,DBR:001F,V05C-contexts.csv,SOURCE_PROVED_NOT_YET_ADMITTED
TP07F507,04:B2E5:0:0:1,0x0232E5,FA,PLX,IMP,UNKNOWN|0|1,UNKNOWN,NONE,V05C-contexts.csv,SOURCE_PROVED_NOT_YET_ADMITTED
TP07F507,04:B2E6:0:0:1,0x0232E6,8E1E00,STX,ABS,UNKNOWN|0|1,UNKNOWN,DBR:001E,V05C-contexts.csv,SOURCE_PROVED_NOT_YET_ADMITTED
TP07F507,04:B2E9:0:0:1,0x0232E9,68,PLA,IMP,UNKNOWN|0|1,UNKNOWN,NONE,V05C-contexts.csv,SOURCE_PROVED_NOT_YET_ADMITTED
TP07F507,04:B2EA:0:0:1,0x0232EA,8D1C00,STA,ABS,UNKNOWN|0|1,UNKNOWN,DBR:001C,V05C-contexts.csv,SOURCE_PROVED_NOT_YET_ADMITTED
TP07F507,04:B2ED:0:0:1,0x0232ED,FA,PLX,IMP,UNKNOWN|0|1,UNKNOWN,NONE,V05C-contexts.csv,SOURCE_PROVED_NOT_YET_ADMITTED
TP07F507,04:B2EE:0:0:1,0x0232EE,8E4B00,STX,ABS,UNKNOWN|0|1,UNKNOWN,DBR:004B,V05C-contexts.csv,SOURCE_PROVED_NOT_YET_ADMITTED
TP07F507,04:B2F1:0:0:1,0x0232F1,68,PLA,IMP,UNKNOWN|0|1,UNKNOWN,NONE,V05C-contexts.csv,SOURCE_PROVED_NOT_YET_ADMITTED
TP07F507,04:B2F2:0:0:1,0x0232F2,8D4900,STA,ABS,UNKNOWN|0|1,UNKNOWN,DBR:0049,V05C-contexts.csv,SOURCE_PROVED_NOT_YET_ADMITTED
TP07F507,04:B2F5:0:0:1,0x0232F5,FA,PLX,IMP,UNKNOWN|0|1,UNKNOWN,NONE,V05C-contexts.csv,SOURCE_PROVED_NOT_YET_ADMITTED
TP07F507,04:B2F6:0:0:1,0x0232F6,8E1800,STX,ABS,UNKNOWN|0|1,UNKNOWN,DBR:0018,V05C-contexts.csv,SOURCE_PROVED_NOT_YET_ADMITTED
TP07F507,04:B2F9:0:0:1,0x0232F9,68,PLA,IMP,UNKNOWN|0|1,UNKNOWN,NONE,V05C-contexts.csv,SOURCE_PROVED_NOT_YET_ADMITTED
TP07F507,04:B2FA:0:0:1,0x0232FA,8D1600,STA,ABS,UNKNOWN|0|1,UNKNOWN,DBR:0016,V05C-contexts.csv,SOURCE_PROVED_NOT_YET_ADMITTED
TP07F507,04:B2FD:0:0:1,0x0232FD,6B,RTL,IMP,UNKNOWN|0|1,UNKNOWN,NONE,V05C-contexts.csv,SOURCE_PROVED_NOT_YET_ADMITTED
