Stable_Id,Context,Effective_Address,Access,Bus_Region,Physical_Offset,Writable,Current_Owner,08C_Result
TPHW-92CA07802E4162BDAC54,00:8002:1:1:1,00:420B,WRITE,CPU_IO,,YES,10C_DMA_HDMA,ROUTED_FAIL_CLOSED_UNTIL_OWNER
TPHW-7D340F42041FBDC1C92B,00:8005:1:1:1,00:420C,WRITE,CPU_IO,,YES,10C_DMA_HDMA,ROUTED_FAIL_CLOSED_UNTIL_OWNER
TPHW-86D0B647D47E4F4AA8B6,00:8008:1:1:1,00:4200,WRITE,CPU_IO,,YES,09C_SCHEDULER_INTERRUPTS,ROUTED_FAIL_CLOSED_UNTIL_OWNER
TPHW-B29AAEBAA97CEC2E46FB,00:800D:1:1:1,00:2100,WRITE,PPU,,YES,11C_PPU_STATE,ROUTED_FAIL_CLOSED_UNTIL_OWNER
TPHW-1A1A0799F579AC135E71,00:802F:0:1:1,00:2100,WRITE,PPU,,YES,11C_PPU_STATE,ROUTED_FAIL_CLOSED_UNTIL_OWNER
TPHW-FD5A5C64BBA35C4CFB77,00:803E:0:1:1,00:2100,WRITE,PPU,,YES,11C_PPU_STATE,ROUTED_FAIL_CLOSED_UNTIL_OWNER
TPHW-C1C523A071841F153353,00:81D6:0:1:1,00:2109,WRITE,PPU,,YES,11C_PPU_STATE,ROUTED_FAIL_CLOSED_UNTIL_OWNER
TPHW-BCAD3B2475221406BC7F,00:81DB:0:1:1,00:2112,WRITE,PPU,,YES,11C_PPU_STATE,ROUTED_FAIL_CLOSED_UNTIL_OWNER
TPHW-1631E1197A239A719AC1,00:81E0:0:1:1,00:2111,WRITE,PPU,,YES,11C_PPU_STATE,ROUTED_FAIL_CLOSED_UNTIL_OWNER
TPHW-3143D4BEEFA28A3D8DDD,00:81E5:0:1:1,00:2100,WRITE,PPU,,YES,11C_PPU_STATE,ROUTED_FAIL_CLOSED_UNTIL_OWNER
TPHW-E0A1FE10A138ACEB2996,00:81EA:0:1:1,00:2115,WRITE,PPU,,YES,11C_PPU_STATE,ROUTED_FAIL_CLOSED_UNTIL_OWNER
TPHW-ECDB3323579A864BBC07,00:81ED:0:1:1,00:2115,WRITE,PPU,,YES,11C_PPU_STATE,ROUTED_FAIL_CLOSED_UNTIL_OWNER
TPHW-71876B0E5C354193648E,00:8212:0:1:1,00:4200,WRITE,CPU_IO,,YES,09C_SCHEDULER_INTERRUPTS,ROUTED_FAIL_CLOSED_UNTIL_OWNER
TPHW-311498A428B2F364D553,00:8223:0:1:0,00:4210,READ,CPU_IO,,NO,09C_SCHEDULER_INTERRUPTS,ROUTED_FAIL_CLOSED_UNTIL_OWNER
TPHW-BF1A331260ECA015C607,00:8337:0:1:0,00:210F,WRITE,PPU,,YES,11C_PPU_STATE,ROUTED_FAIL_CLOSED_UNTIL_OWNER
TPHW-83473087E17D99380E63,00:833A:0:1:0,00:210F,WRITE,PPU,,YES,11C_PPU_STATE,ROUTED_FAIL_CLOSED_UNTIL_OWNER
TPHW-1B089EF3805075B72A3B,00:833F:0:1:0,00:2110,WRITE,PPU,,YES,11C_PPU_STATE,ROUTED_FAIL_CLOSED_UNTIL_OWNER
TPHW-CF5AFE53CAD1AEA765C4,00:8344:0:1:0,00:2110,WRITE,PPU,,YES,11C_PPU_STATE,ROUTED_FAIL_CLOSED_UNTIL_OWNER
TPHW-13B2C529652D8054E581,00:8349:0:1:0,00:420C,WRITE,CPU_IO,,YES,10C_DMA_HDMA,ROUTED_FAIL_CLOSED_UNTIL_OWNER
TPHW-3ACAED498D3A54585809,00:8350:0:1:0,00:420C,WRITE,CPU_IO,,YES,10C_DMA_HDMA,ROUTED_FAIL_CLOSED_UNTIL_OWNER
TPHW-D33AA9417A2956930290,00:836B:0:1:1,00:213F,READ,PPU,,NO,11C_PPU_STATE,ROUTED_FAIL_CLOSED_UNTIL_OWNER
TPHW-6B40856470638B662BE1,00:83A8:0:1:0,00:4212,READ,CPU_IO,,NO,09C_SCHEDULER_INTERRUPTS,ROUTED_FAIL_CLOSED_UNTIL_OWNER
TPHW-D088DDBCDFF77725049C,00:83B7:0:1:0,00:4218,READ,CPU_IO,,NO,15C_INPUT,ROUTED_FAIL_CLOSED_UNTIL_OWNER
TPHW-BEE96AAE71DF6CC1B221,00:83B7:0:1:0,00:4219,READ,CPU_IO,,NO,15C_INPUT,ROUTED_FAIL_CLOSED_UNTIL_OWNER
TPHW-54F9D5F181EEADC187A7,00:83C8:0:1:0,00:2116,WRITE,PPU,,YES,11C_PPU_STATE,ROUTED_FAIL_CLOSED_UNTIL_OWNER
TPHW-537035BA382A738DE37C,00:83CD:0:1:0,00:2117,WRITE,PPU,,YES,11C_PPU_STATE,ROUTED_FAIL_CLOSED_UNTIL_OWNER
TPHW-5E76AA46B83E19C217E0,00:83D0:0:1:0,00:420B,WRITE,CPU_IO,,YES,10C_DMA_HDMA,ROUTED_FAIL_CLOSED_UNTIL_OWNER
TPHW-BF1BB68F2BDACF1B14AB,00:83D5:0:1:0,00:4330,WRITE,DMA,,YES,10C_DMA_HDMA,ROUTED_FAIL_CLOSED_UNTIL_OWNER
TPHW-8164DB58F508AD01328E,00:83DA:0:1:0,00:4331,WRITE,DMA,,YES,10C_DMA_HDMA,ROUTED_FAIL_CLOSED_UNTIL_OWNER
TPHW-5DCBE7EA0C81C70F810E,00:83E0:0:1:0,00:4332,WRITE,DMA,,YES,10C_DMA_HDMA,ROUTED_FAIL_CLOSED_UNTIL_OWNER
TPHW-642E600F170499283269,00:83E0:0:1:0,00:4333,WRITE,DMA,,YES,10C_DMA_HDMA,ROUTED_FAIL_CLOSED_UNTIL_OWNER
TPHW-BAF22E7D8A9EE8F3B21C,00:83E5:0:1:0,00:4334,WRITE,DMA,,YES,10C_DMA_HDMA,ROUTED_FAIL_CLOSED_UNTIL_OWNER
TPHW-3C72EA3DE011E77E8BB8,00:83EB:0:1:0,00:4335,WRITE,DMA,,YES,10C_DMA_HDMA,ROUTED_FAIL_CLOSED_UNTIL_OWNER
TPHW-42B767EDBA97A7A69D18,00:83EB:0:1:0,00:4336,WRITE,DMA,,YES,10C_DMA_HDMA,ROUTED_FAIL_CLOSED_UNTIL_OWNER
TPHW-D5DB73EAC5B3BA58F83C,00:83F0:0:1:0,00:420B,WRITE,CPU_IO,,YES,10C_DMA_HDMA,ROUTED_FAIL_CLOSED_UNTIL_OWNER
TPHW-15DEF5885D4B5DCE9680,00:83F5:0:1:0,00:2116,WRITE,PPU,,YES,11C_PPU_STATE,ROUTED_FAIL_CLOSED_UNTIL_OWNER
TPHW-215A9F9074CC883D7540,00:83FA:0:1:0,00:2117,WRITE,PPU,,YES,11C_PPU_STATE,ROUTED_FAIL_CLOSED_UNTIL_OWNER
TPHW-F45F3475AF1E5B1960C3,00:83FD:0:1:0,00:420B,WRITE,CPU_IO,,YES,10C_DMA_HDMA,ROUTED_FAIL_CLOSED_UNTIL_OWNER
TPHW-9C3A8B78F5A7DA02492B,00:8402:0:1:0,00:4330,WRITE,DMA,,YES,10C_DMA_HDMA,ROUTED_FAIL_CLOSED_UNTIL_OWNER
TPHW-113355093EE211A65F5C,00:8407:0:1:0,00:4331,WRITE,DMA,,YES,10C_DMA_HDMA,ROUTED_FAIL_CLOSED_UNTIL_OWNER
TPHW-382D5AD85474E9FC99BC,00:840D:0:1:0,00:4332,WRITE,DMA,,YES,10C_DMA_HDMA,ROUTED_FAIL_CLOSED_UNTIL_OWNER
TPHW-B08583481C807AB5BE65,00:840D:0:1:0,00:4333,WRITE,DMA,,YES,10C_DMA_HDMA,ROUTED_FAIL_CLOSED_UNTIL_OWNER
TPHW-C3FD0EC1654EF97B4EF7,00:8412:0:1:0,00:4334,WRITE,DMA,,YES,10C_DMA_HDMA,ROUTED_FAIL_CLOSED_UNTIL_OWNER
TPHW-F9CEDE2DB557B87DBE65,00:8418:0:1:0,00:4335,WRITE,DMA,,YES,10C_DMA_HDMA,ROUTED_FAIL_CLOSED_UNTIL_OWNER
TPHW-D2162326562FAB4C713A,00:8418:0:1:0,00:4336,WRITE,DMA,,YES,10C_DMA_HDMA,ROUTED_FAIL_CLOSED_UNTIL_OWNER
TPHW-8BB98A719A7C3911E4B9,00:841D:0:1:0,00:420B,WRITE,CPU_IO,,YES,10C_DMA_HDMA,ROUTED_FAIL_CLOSED_UNTIL_OWNER
TPHW-6F07A634283D6FEA2B6C,00:842E:0:1:0,00:2116,WRITE,PPU,,YES,11C_PPU_STATE,ROUTED_FAIL_CLOSED_UNTIL_OWNER
TPHW-663D2F82CC79D18123E3,00:8433:0:1:0,00:2117,WRITE,PPU,,YES,11C_PPU_STATE,ROUTED_FAIL_CLOSED_UNTIL_OWNER
TPHW-463E5C84EFDE8EA86CE3,00:8436:0:1:0,00:420B,WRITE,CPU_IO,,YES,10C_DMA_HDMA,ROUTED_FAIL_CLOSED_UNTIL_OWNER
TPHW-0D0475FBE6E38E3FECC9,00:843B:0:1:0,00:4330,WRITE,DMA,,YES,10C_DMA_HDMA,ROUTED_FAIL_CLOSED_UNTIL_OWNER
TPHW-3F1E15E53B4F903919AD,00:8440:0:1:0,00:4331,WRITE,DMA,,YES,10C_DMA_HDMA,ROUTED_FAIL_CLOSED_UNTIL_OWNER
TPHW-84339F5AEA01D83CB63A,00:8446:0:1:0,00:4332,WRITE,DMA,,YES,10C_DMA_HDMA,ROUTED_FAIL_CLOSED_UNTIL_OWNER
TPHW-B2653FC0F984BAB20E4B,00:8446:0:1:0,00:4333,WRITE,DMA,,YES,10C_DMA_HDMA,ROUTED_FAIL_CLOSED_UNTIL_OWNER
TPHW-48428F2CA157E77F066A,00:844B:0:1:0,00:4334,WRITE,DMA,,YES,10C_DMA_HDMA,ROUTED_FAIL_CLOSED_UNTIL_OWNER
TPHW-095D77E8FC23DF8425AF,00:845E:0:1:0,00:4335,WRITE,DMA,,YES,10C_DMA_HDMA,ROUTED_FAIL_CLOSED_UNTIL_OWNER
TPHW-CA4690F9E0E69FB62F3A,00:845E:0:1:0,00:4336,WRITE,DMA,,YES,10C_DMA_HDMA,ROUTED_FAIL_CLOSED_UNTIL_OWNER
TPHW-D42CE4BFC6D8664A280B,00:8463:0:1:0,00:420B,WRITE,CPU_IO,,YES,10C_DMA_HDMA,ROUTED_FAIL_CLOSED_UNTIL_OWNER
TPHW-36BFDDD4D6B2FCB0CE77,00:8482:0:1:0,00:2116,WRITE,PPU,,YES,11C_PPU_STATE,ROUTED_FAIL_CLOSED_UNTIL_OWNER
TPHW-C99B36B84D8D83F99673,00:8487:0:1:0,00:2117,WRITE,PPU,,YES,11C_PPU_STATE,ROUTED_FAIL_CLOSED_UNTIL_OWNER
TPHW-5DED49AA2A6A706DFA8F,00:848A:0:1:0,00:420B,WRITE,CPU_IO,,YES,10C_DMA_HDMA,ROUTED_FAIL_CLOSED_UNTIL_OWNER
TPHW-18CB14A51676DB9BEB41,00:848F:0:1:0,00:4330,WRITE,DMA,,YES,10C_DMA_HDMA,ROUTED_FAIL_CLOSED_UNTIL_OWNER
TPHW-35BF5274CE2BD0AF7EA8,00:8494:0:1:0,00:4331,WRITE,DMA,,YES,10C_DMA_HDMA,ROUTED_FAIL_CLOSED_UNTIL_OWNER
TPHW-A39D47F29B20496C1EFB,00:849A:0:1:0,00:4332,WRITE,DMA,,YES,10C_DMA_HDMA,ROUTED_FAIL_CLOSED_UNTIL_OWNER
TPHW-80A50ED9238FAF0BD89E,00:849A:0:1:0,00:4333,WRITE,DMA,,YES,10C_DMA_HDMA,ROUTED_FAIL_CLOSED_UNTIL_OWNER
TPHW-517568B2A47835A0760A,00:849F:0:1:0,00:4334,WRITE,DMA,,YES,10C_DMA_HDMA,ROUTED_FAIL_CLOSED_UNTIL_OWNER
TPHW-656E4DC6D47A7EEDF6BF,00:84A5:0:1:0,00:4335,WRITE,DMA,,YES,10C_DMA_HDMA,ROUTED_FAIL_CLOSED_UNTIL_OWNER
TPHW-E1C1A77F23C250070147,00:84A5:0:1:0,00:4336,WRITE,DMA,,YES,10C_DMA_HDMA,ROUTED_FAIL_CLOSED_UNTIL_OWNER
TPHW-0ED7DDE580C8514C4563,00:84AA:0:1:0,00:420B,WRITE,CPU_IO,,YES,10C_DMA_HDMA,ROUTED_FAIL_CLOSED_UNTIL_OWNER
TPHW-B3B1ABBAFD15B07AF968,00:84C1:0:1:0,00:2116,WRITE,PPU,,YES,11C_PPU_STATE,ROUTED_FAIL_CLOSED_UNTIL_OWNER
TPHW-CFEF7BC6872ECAEE5CD8,00:84C6:0:1:0,00:2117,WRITE,PPU,,YES,11C_PPU_STATE,ROUTED_FAIL_CLOSED_UNTIL_OWNER
TPHW-560B7B2F709B802F9D22,00:84C9:0:1:0,00:420B,WRITE,CPU_IO,,YES,10C_DMA_HDMA,ROUTED_FAIL_CLOSED_UNTIL_OWNER
TPHW-894EDAEB8653210F450C,00:84CE:0:1:0,00:4330,WRITE,DMA,,YES,10C_DMA_HDMA,ROUTED_FAIL_CLOSED_UNTIL_OWNER
TPHW-821CE556C4B7B39EC26E,00:84D3:0:1:0,00:4331,WRITE,DMA,,YES,10C_DMA_HDMA,ROUTED_FAIL_CLOSED_UNTIL_OWNER
TPHW-C5FE7E079147173CEDC6,00:84D9:0:1:0,00:4332,WRITE,DMA,,YES,10C_DMA_HDMA,ROUTED_FAIL_CLOSED_UNTIL_OWNER
TPHW-259607074F1087E10ADD,00:84D9:0:1:0,00:4333,WRITE,DMA,,YES,10C_DMA_HDMA,ROUTED_FAIL_CLOSED_UNTIL_OWNER
TPHW-675D26142F1AD1AEAC01,00:84DE:0:1:0,00:4334,WRITE,DMA,,YES,10C_DMA_HDMA,ROUTED_FAIL_CLOSED_UNTIL_OWNER
TPHW-57029BA3742F09E9DB6D,00:84E4:0:1:0,00:4335,WRITE,DMA,,YES,10C_DMA_HDMA,ROUTED_FAIL_CLOSED_UNTIL_OWNER
TPHW-59EAAAC270F4477BED8D,00:84E4:0:1:0,00:4336,WRITE,DMA,,YES,10C_DMA_HDMA,ROUTED_FAIL_CLOSED_UNTIL_OWNER
TPHW-38AA5B8F7FDB82E6B9C3,00:84E9:0:1:0,00:420B,WRITE,CPU_IO,,YES,10C_DMA_HDMA,ROUTED_FAIL_CLOSED_UNTIL_OWNER
TPHW-41452B6BFFA2A2562978,00:84F7:0:1:0,00:2102,WRITE,PPU,,YES,11C_PPU_STATE,ROUTED_FAIL_CLOSED_UNTIL_OWNER
TPHW-AD5BF04EDD0A87BB66C5,00:84FC:0:1:0,00:2103,WRITE,PPU,,YES,11C_PPU_STATE,ROUTED_FAIL_CLOSED_UNTIL_OWNER
TPHW-76D924A2C979BB004F9F,00:84FF:0:1:0,00:420B,WRITE,CPU_IO,,YES,10C_DMA_HDMA,ROUTED_FAIL_CLOSED_UNTIL_OWNER
TPHW-6BCDB5BE0A8931C1D27E,00:8504:0:1:0,00:4330,WRITE,DMA,,YES,10C_DMA_HDMA,ROUTED_FAIL_CLOSED_UNTIL_OWNER
TPHW-F7EC054DBCB61EC43755,00:8509:0:1:0,00:4331,WRITE,DMA,,YES,10C_DMA_HDMA,ROUTED_FAIL_CLOSED_UNTIL_OWNER
TPHW-9FC4DD761326B1D57DCD,00:850F:0:1:0,00:4332,WRITE,DMA,,YES,10C_DMA_HDMA,ROUTED_FAIL_CLOSED_UNTIL_OWNER
TPHW-50ECB3470F2D673D422D,00:850F:0:1:0,00:4333,WRITE,DMA,,YES,10C_DMA_HDMA,ROUTED_FAIL_CLOSED_UNTIL_OWNER
TPHW-09D5ABFCA2614E199B34,00:8512:0:1:0,00:4334,WRITE,DMA,,YES,10C_DMA_HDMA,ROUTED_FAIL_CLOSED_UNTIL_OWNER
TPHW-39064EA09410678B39E9,00:8518:0:1:0,00:4335,WRITE,DMA,,YES,10C_DMA_HDMA,ROUTED_FAIL_CLOSED_UNTIL_OWNER
TPHW-874BCD760D8C486C1AE5,00:8518:0:1:0,00:4336,WRITE,DMA,,YES,10C_DMA_HDMA,ROUTED_FAIL_CLOSED_UNTIL_OWNER
TPHW-A3F1ACBDDEE3DE3BC87E,00:851D:0:1:0,00:420B,WRITE,CPU_IO,,YES,10C_DMA_HDMA,ROUTED_FAIL_CLOSED_UNTIL_OWNER
TPHW-9B24FA122FFE05110B96,00:8523:0:1:0,00:2102,WRITE,PPU,,YES,11C_PPU_STATE,ROUTED_FAIL_CLOSED_UNTIL_OWNER
TPHW-77083A02FBA8240AED8E,00:8528:0:1:0,00:2103,WRITE,PPU,,YES,11C_PPU_STATE,ROUTED_FAIL_CLOSED_UNTIL_OWNER
TPHW-804A578120F840FC1F3A,00:852B:0:1:0,00:420B,WRITE,CPU_IO,,YES,10C_DMA_HDMA,ROUTED_FAIL_CLOSED_UNTIL_OWNER
TPHW-A91EE5191C61428ABD30,00:8530:0:1:0,00:4330,WRITE,DMA,,YES,10C_DMA_HDMA,ROUTED_FAIL_CLOSED_UNTIL_OWNER
TPHW-DB4E6B9F6D6B9AD96D39,00:8535:0:1:0,00:4331,WRITE,DMA,,YES,10C_DMA_HDMA,ROUTED_FAIL_CLOSED_UNTIL_OWNER
TPHW-654B21C4C111CD3087B8,00:853B:0:1:0,00:4332,WRITE,DMA,,YES,10C_DMA_HDMA,ROUTED_FAIL_CLOSED_UNTIL_OWNER
TPHW-3769517114F3B1E750F0,00:853B:0:1:0,00:4333,WRITE,DMA,,YES,10C_DMA_HDMA,ROUTED_FAIL_CLOSED_UNTIL_OWNER
TPHW-514338A9500E54ECC2B9,00:853E:0:1:0,00:4334,WRITE,DMA,,YES,10C_DMA_HDMA,ROUTED_FAIL_CLOSED_UNTIL_OWNER
TPHW-B461B2857165B7E63DE4,00:8544:0:1:0,00:4335,WRITE,DMA,,YES,10C_DMA_HDMA,ROUTED_FAIL_CLOSED_UNTIL_OWNER
TPHW-239E05FD6CF2322615D5,00:8544:0:1:0,00:4336,WRITE,DMA,,YES,10C_DMA_HDMA,ROUTED_FAIL_CLOSED_UNTIL_OWNER
TPHW-8F009F988DAF454F617F,00:8549:0:1:0,00:420B,WRITE,CPU_IO,,YES,10C_DMA_HDMA,ROUTED_FAIL_CLOSED_UNTIL_OWNER
TPHW-656E94014DAD98D75D4A,00:9E5B:0:1:1,00:211B,WRITE,PPU,,YES,11C_PPU_STATE,ROUTED_FAIL_CLOSED_UNTIL_OWNER
TPHW-3D0C1C8B3CCD86781B24,00:9E5F:0:1:1,00:211B,WRITE,PPU,,YES,11C_PPU_STATE,ROUTED_FAIL_CLOSED_UNTIL_OWNER
TPHW-C7F594E60D14D65A21E1,00:9E62:0:1:1,00:211C,WRITE,PPU,,YES,11C_PPU_STATE,ROUTED_FAIL_CLOSED_UNTIL_OWNER
TPHW-F1E51A062DAD2A1746B9,00:9E69:0:0:1,00:2134,READ,PPU,,NO,11C_PPU_STATE,ROUTED_FAIL_CLOSED_UNTIL_OWNER
TPHW-8626FF737C7044FDD5D7,00:9E69:0:0:1,00:2135,READ,PPU,,NO,11C_PPU_STATE,ROUTED_FAIL_CLOSED_UNTIL_OWNER
TPHW-C9828973EB59821C18B5,00:9E6C:0:0:1,00:2136,READ,PPU,,NO,11C_PPU_STATE,ROUTED_FAIL_CLOSED_UNTIL_OWNER
TPHW-D584ABE8300F81E9105C,00:A0C9:0:1:1,00:4202,WRITE,CPU_IO,,YES,08C_CPU_IO,OWNED_LOCAL
TPHW-AB3FC8AE29DD50E01D5C,00:A0CC:0:1:1,00:4203,WRITE,CPU_IO,,YES,08C_CPU_IO,OWNED_LOCAL
TPHW-9AF53B731D81A92E499B,00:A0D5:0:0:0,00:4216,READ,CPU_IO,,NO,08C_CPU_IO,OWNED_LOCAL
TPHW-81F07D0FEFE3E1472D26,00:A0D5:0:0:0,00:4217,READ,CPU_IO,,NO,08C_CPU_IO,OWNED_LOCAL
TPHW-C11EB0CE27B08D39B129,00:A38F:0:1:1,00:4202,WRITE,CPU_IO,,YES,08C_CPU_IO,OWNED_LOCAL
TPHW-E6C38397783D50EB3BC4,00:A392:0:1:1,00:4203,WRITE,CPU_IO,,YES,08C_CPU_IO,OWNED_LOCAL
TPHW-983B955BF2D6FE717673,00:A39B:0:0:0,00:4216,READ,CPU_IO,,NO,08C_CPU_IO,OWNED_LOCAL
TPHW-B0A94B0A98236E8EF5EE,00:A39B:0:0:0,00:4217,READ,CPU_IO,,NO,08C_CPU_IO,OWNED_LOCAL
TPHW-854DAD490FD0B867E326,00:A97A:0:1:1,00:211B,WRITE,PPU,,YES,11C_PPU_STATE,ROUTED_FAIL_CLOSED_UNTIL_OWNER
TPHW-FB1EE3FD67DA582158DC,00:A97E:0:1:1,00:211B,WRITE,PPU,,YES,11C_PPU_STATE,ROUTED_FAIL_CLOSED_UNTIL_OWNER
TPHW-868797DFF66D34010A5F,00:A981:0:1:1,00:211C,WRITE,PPU,,YES,11C_PPU_STATE,ROUTED_FAIL_CLOSED_UNTIL_OWNER
TPHW-B9EA7CF181AC00D27357,00:A988:0:0:1,00:2134,READ,PPU,,NO,11C_PPU_STATE,ROUTED_FAIL_CLOSED_UNTIL_OWNER
TPHW-1116FAECCD9ACF63ECEB,00:A988:0:0:1,00:2135,READ,PPU,,NO,11C_PPU_STATE,ROUTED_FAIL_CLOSED_UNTIL_OWNER
TPHW-85C6BF11B09292DCF353,00:A98B:0:0:1,00:2136,READ,PPU,,NO,11C_PPU_STATE,ROUTED_FAIL_CLOSED_UNTIL_OWNER
TPHW-7F16DC2468EBAFF6C9DF,00:A9D0:0:1:1,00:4200,WRITE,CPU_IO,,YES,09C_SCHEDULER_INTERRUPTS,ROUTED_FAIL_CLOSED_UNTIL_OWNER
TPHW-37915316E92ACF6FD155,00:B190:0:1:1,00:211B,WRITE,PPU,,YES,11C_PPU_STATE,ROUTED_FAIL_CLOSED_UNTIL_OWNER
TPHW-6A2861FC2D2394718D91,00:B194:0:1:1,00:211B,WRITE,PPU,,YES,11C_PPU_STATE,ROUTED_FAIL_CLOSED_UNTIL_OWNER
TPHW-1B4AE0D7FFC135933248,00:B197:0:1:1,00:211C,WRITE,PPU,,YES,11C_PPU_STATE,ROUTED_FAIL_CLOSED_UNTIL_OWNER
TPHW-860462D326BBFC2890A0,00:B19E:0:0:1,00:2134,READ,PPU,,NO,11C_PPU_STATE,ROUTED_FAIL_CLOSED_UNTIL_OWNER
TPHW-AF8177408560079DDE6A,00:B19E:0:0:1,00:2135,READ,PPU,,NO,11C_PPU_STATE,ROUTED_FAIL_CLOSED_UNTIL_OWNER
TPHW-26BB6B89D30A68B8F39B,00:B1A1:0:0:1,00:2136,READ,PPU,,NO,11C_PPU_STATE,ROUTED_FAIL_CLOSED_UNTIL_OWNER
TPHW-E0049D562263CC4E2189,00:C25E:0:1:1,00:4202,WRITE,CPU_IO,,YES,08C_CPU_IO,OWNED_LOCAL
TPHW-682A56F6716D0C0DE865,00:C261:0:1:1,00:4203,WRITE,CPU_IO,,YES,08C_CPU_IO,OWNED_LOCAL
TPHW-112957FE39FFC830694D,00:C26A:0:0:0,00:4216,READ,CPU_IO,,NO,08C_CPU_IO,OWNED_LOCAL
TPHW-B24E2156C504792B5850,00:C26A:0:0:0,00:4217,READ,CPU_IO,,NO,08C_CPU_IO,OWNED_LOCAL
TPHW-EB6FC1059284EB9F7332,00:C2C5:0:0:1,00:4204,WRITE,CPU_IO,,YES,08C_CPU_IO,OWNED_LOCAL
TPHW-EBAEDDA6E670580DDB9C,00:C2C5:0:0:1,00:4205,WRITE,CPU_IO,,YES,08C_CPU_IO,OWNED_LOCAL
TPHW-5D54CAA364F0D35244CC,00:C2C8:0:0:1,00:4206,WRITE,CPU_IO,,YES,08C_CPU_IO,OWNED_LOCAL
TPHW-B677A08CA2FA3020F937,00:C2D5:0:0:0,00:4214,READ,CPU_IO,,NO,08C_CPU_IO,OWNED_LOCAL
TPHW-DA4386C99F29824384EC,00:C2D5:0:0:0,00:4215,READ,CPU_IO,,NO,08C_CPU_IO,OWNED_LOCAL
TPHW-48B4522F3269B96B7852,00:C2D8:0:0:0,00:4216,READ,CPU_IO,,NO,08C_CPU_IO,OWNED_LOCAL
TPHW-40161F4B89F0AA001A48,00:C2D8:0:0:0,00:4217,READ,CPU_IO,,NO,08C_CPU_IO,OWNED_LOCAL
TPHW-DC8E7CB979B168DA34AB,00:C2F3:0:0:1,00:4204,WRITE,CPU_IO,,YES,08C_CPU_IO,OWNED_LOCAL
TPHW-5DA8A1A04D37A0B150B4,00:C2F3:0:0:1,00:4205,WRITE,CPU_IO,,YES,08C_CPU_IO,OWNED_LOCAL
TPHW-A0BEEDF36E63A91461B5,00:C2F6:0:0:1,00:4206,WRITE,CPU_IO,,YES,08C_CPU_IO,OWNED_LOCAL
TPHW-A8E4D39514AA668AAC6F,00:C303:0:0:0,00:4214,READ,CPU_IO,,NO,08C_CPU_IO,OWNED_LOCAL
TPHW-242E127CD6B956334611,00:C303:0:0:0,00:4215,READ,CPU_IO,,NO,08C_CPU_IO,OWNED_LOCAL
TPHW-C10DA966610336912931,00:C306:0:0:0,00:4216,READ,CPU_IO,,NO,08C_CPU_IO,OWNED_LOCAL
TPHW-7CAFE0F41C3BE9B03181,00:C306:0:0:0,00:4217,READ,CPU_IO,,NO,08C_CPU_IO,OWNED_LOCAL
TPHW-3218117AA64F6C3D5D17,00:C68F:0:1:1,00:211B,WRITE,PPU,,YES,11C_PPU_STATE,ROUTED_FAIL_CLOSED_UNTIL_OWNER
TPHW-345AB6106D9668C4BB2F,00:C693:0:1:1,00:211B,WRITE,PPU,,YES,11C_PPU_STATE,ROUTED_FAIL_CLOSED_UNTIL_OWNER
TPHW-8B7254C9F107A3B34F28,00:C696:0:1:1,00:211C,WRITE,PPU,,YES,11C_PPU_STATE,ROUTED_FAIL_CLOSED_UNTIL_OWNER
TPHW-469AB06E0FBAB2098BFC,00:C69D:0:0:1,00:2134,READ,PPU,,NO,11C_PPU_STATE,ROUTED_FAIL_CLOSED_UNTIL_OWNER
TPHW-0F7C4F69779A494EDCE6,00:C69D:0:0:1,00:2135,READ,PPU,,NO,11C_PPU_STATE,ROUTED_FAIL_CLOSED_UNTIL_OWNER
TPHW-F87E76505687DBB84DD4,00:C6A0:0:0:1,00:2136,READ,PPU,,NO,11C_PPU_STATE,ROUTED_FAIL_CLOSED_UNTIL_OWNER
TPHW-1508A297EAFF2596319B,00:CFE3:0:1:1,00:211B,WRITE,PPU,,YES,11C_PPU_STATE,ROUTED_FAIL_CLOSED_UNTIL_OWNER
TPHW-E09A73AE416630835FB5,00:CFE7:0:1:1,00:211B,WRITE,PPU,,YES,11C_PPU_STATE,ROUTED_FAIL_CLOSED_UNTIL_OWNER
TPHW-C205B212B4AB1018C7BD,00:CFEA:0:1:1,00:211C,WRITE,PPU,,YES,11C_PPU_STATE,ROUTED_FAIL_CLOSED_UNTIL_OWNER
TPHW-E702669330DA921424BF,00:CFF1:0:0:1,00:2134,READ,PPU,,NO,11C_PPU_STATE,ROUTED_FAIL_CLOSED_UNTIL_OWNER
TPHW-31F6A9A976A7A212615E,00:CFF1:0:0:1,00:2135,READ,PPU,,NO,11C_PPU_STATE,ROUTED_FAIL_CLOSED_UNTIL_OWNER
TPHW-D7AB814AF72C26C5E5E2,00:CFF4:0:0:1,00:2136,READ,PPU,,NO,11C_PPU_STATE,ROUTED_FAIL_CLOSED_UNTIL_OWNER
TPHW-FD52D31BDFBFE8C94437,00:D2BC:0:0:1,00:4204,WRITE,CPU_IO,,YES,08C_CPU_IO,OWNED_LOCAL
TPHW-1E3AECDFA96692133F25,00:D2BC:0:0:1,00:4205,WRITE,CPU_IO,,YES,08C_CPU_IO,OWNED_LOCAL
TPHW-D799DDD6B50C74E6BED7,00:D2BF:0:0:1,00:4206,WRITE,CPU_IO,,YES,08C_CPU_IO,OWNED_LOCAL
TPHW-1A9F99C3637BC73CC6F4,00:D2CC:0:0:0,00:4214,READ,CPU_IO,,NO,08C_CPU_IO,OWNED_LOCAL
TPHW-8F51E8195A8FA7A6ACAD,00:D2CC:0:0:0,00:4215,READ,CPU_IO,,NO,08C_CPU_IO,OWNED_LOCAL
TPHW-40292F8622B60EB913D2,00:D2CF:0:0:0,00:4216,READ,CPU_IO,,NO,08C_CPU_IO,OWNED_LOCAL
TPHW-89C48C0D48470F402A00,00:D2CF:0:0:0,00:4217,READ,CPU_IO,,NO,08C_CPU_IO,OWNED_LOCAL
TPHW-83F4B3A749564575D65F,00:D308:0:0:1,00:4204,WRITE,CPU_IO,,YES,08C_CPU_IO,OWNED_LOCAL
TPHW-A493A2D8CC11EEEF8BD7,00:D308:0:0:1,00:4205,WRITE,CPU_IO,,YES,08C_CPU_IO,OWNED_LOCAL
TPHW-68B6BB0AC7FFCA1DB8F1,00:D30B:0:0:1,00:4206,WRITE,CPU_IO,,YES,08C_CPU_IO,OWNED_LOCAL
TPHW-4BA5D4A6A92DCA92C4B2,00:D318:0:0:0,00:4214,READ,CPU_IO,,NO,08C_CPU_IO,OWNED_LOCAL
TPHW-2FE0AFF7B11E26631520,00:D318:0:0:0,00:4215,READ,CPU_IO,,NO,08C_CPU_IO,OWNED_LOCAL
TPHW-5C1EFE083613E4A94DEB,00:D31B:0:0:0,00:4216,READ,CPU_IO,,NO,08C_CPU_IO,OWNED_LOCAL
TPHW-59E5C757FC09CBF8891B,00:D31B:0:0:0,00:4217,READ,CPU_IO,,NO,08C_CPU_IO,OWNED_LOCAL
TPHW-1B59A2D0AB9EB8E0A8D6,00:D50C:0:0:1,00:4204,WRITE,CPU_IO,,YES,08C_CPU_IO,OWNED_LOCAL
TPHW-DD8566414A591C57A51A,00:D50C:0:0:1,00:4205,WRITE,CPU_IO,,YES,08C_CPU_IO,OWNED_LOCAL
TPHW-8847FFCF49471B197E7B,00:D50F:0:0:1,00:4206,WRITE,CPU_IO,,YES,08C_CPU_IO,OWNED_LOCAL
TPHW-178629DECC41E297CCAA,00:D51C:0:0:0,00:4214,READ,CPU_IO,,NO,08C_CPU_IO,OWNED_LOCAL
TPHW-1F8E600A7EA439A39F05,00:D51C:0:0:0,00:4215,READ,CPU_IO,,NO,08C_CPU_IO,OWNED_LOCAL
TPHW-D5B8BB036B4F33CE1422,00:D51F:0:0:0,00:4216,READ,CPU_IO,,NO,08C_CPU_IO,OWNED_LOCAL
TPHW-D6F6FC147247E9DC333E,00:D51F:0:0:0,00:4217,READ,CPU_IO,,NO,08C_CPU_IO,OWNED_LOCAL
TPHW-6A0BDF01B16CDF89AC6F,00:D55A:0:1:1,00:211B,WRITE,PPU,,YES,11C_PPU_STATE,ROUTED_FAIL_CLOSED_UNTIL_OWNER
TPHW-AC61B4E7B366036FF136,00:D55E:0:1:1,00:211B,WRITE,PPU,,YES,11C_PPU_STATE,ROUTED_FAIL_CLOSED_UNTIL_OWNER
TPHW-562DD47AC720F01D228D,00:D561:0:1:1,00:211C,WRITE,PPU,,YES,11C_PPU_STATE,ROUTED_FAIL_CLOSED_UNTIL_OWNER
TPHW-32A728635D2F4B9937AB,00:D568:0:0:1,00:2134,READ,PPU,,NO,11C_PPU_STATE,ROUTED_FAIL_CLOSED_UNTIL_OWNER
TPHW-E53B33E0D06FEF00BE1F,00:D568:0:0:1,00:2135,READ,PPU,,NO,11C_PPU_STATE,ROUTED_FAIL_CLOSED_UNTIL_OWNER
TPHW-2C658B6ABF5A604AD41D,00:D56B:0:0:1,00:2136,READ,PPU,,NO,11C_PPU_STATE,ROUTED_FAIL_CLOSED_UNTIL_OWNER
TPHW-AF2BC17B77734BFB8E79,00:D93B:0:1:1,00:211B,WRITE,PPU,,YES,11C_PPU_STATE,ROUTED_FAIL_CLOSED_UNTIL_OWNER
TPHW-1E526AEC493347832649,00:D93F:0:1:1,00:211B,WRITE,PPU,,YES,11C_PPU_STATE,ROUTED_FAIL_CLOSED_UNTIL_OWNER
TPHW-34F3B09DF6883B60773F,00:D942:0:1:1,00:211C,WRITE,PPU,,YES,11C_PPU_STATE,ROUTED_FAIL_CLOSED_UNTIL_OWNER
TPHW-1AF68F01108A67A9AFD9,00:D949:0:0:1,00:2134,READ,PPU,,NO,11C_PPU_STATE,ROUTED_FAIL_CLOSED_UNTIL_OWNER
TPHW-7046AE95A82E26A48783,00:D949:0:0:1,00:2135,READ,PPU,,NO,11C_PPU_STATE,ROUTED_FAIL_CLOSED_UNTIL_OWNER
TPHW-1424F3BEC036C15B40DA,00:D94C:0:0:1,00:2136,READ,PPU,,NO,11C_PPU_STATE,ROUTED_FAIL_CLOSED_UNTIL_OWNER
TPHW-0C844887258864F412EA,00:DDEF:0:1:1,00:211B,WRITE,PPU,,YES,11C_PPU_STATE,ROUTED_FAIL_CLOSED_UNTIL_OWNER
TPHW-263A2CD2B2AD818495CD,00:DDF3:0:1:1,00:211B,WRITE,PPU,,YES,11C_PPU_STATE,ROUTED_FAIL_CLOSED_UNTIL_OWNER
TPHW-4ED6A37E555AF40B3B90,00:DDF6:0:1:1,00:211C,WRITE,PPU,,YES,11C_PPU_STATE,ROUTED_FAIL_CLOSED_UNTIL_OWNER
TPHW-420ABBCF9A50B95E8691,00:DDFD:0:0:1,00:2134,READ,PPU,,NO,11C_PPU_STATE,ROUTED_FAIL_CLOSED_UNTIL_OWNER
TPHW-676114FA094FAF183F74,00:DDFD:0:0:1,00:2135,READ,PPU,,NO,11C_PPU_STATE,ROUTED_FAIL_CLOSED_UNTIL_OWNER
TPHW-1DFF2021AF86FE58BE05,00:DE00:0:0:1,00:2136,READ,PPU,,NO,11C_PPU_STATE,ROUTED_FAIL_CLOSED_UNTIL_OWNER
TPHW-ADF48B462DE0D94BA168,00:E2F3:0:1:1,00:211B,WRITE,PPU,,YES,11C_PPU_STATE,ROUTED_FAIL_CLOSED_UNTIL_OWNER
TPHW-0F603AF44174DE49A39C,00:E2F7:0:1:1,00:211B,WRITE,PPU,,YES,11C_PPU_STATE,ROUTED_FAIL_CLOSED_UNTIL_OWNER
TPHW-C48C79D5C9987C7E69B8,00:E2FA:0:1:1,00:211C,WRITE,PPU,,YES,11C_PPU_STATE,ROUTED_FAIL_CLOSED_UNTIL_OWNER
TPHW-5740197BE3B2931E7587,00:E301:0:0:1,00:2134,READ,PPU,,NO,11C_PPU_STATE,ROUTED_FAIL_CLOSED_UNTIL_OWNER
TPHW-7AA4AE24CE83E0EF0343,00:E301:0:0:1,00:2135,READ,PPU,,NO,11C_PPU_STATE,ROUTED_FAIL_CLOSED_UNTIL_OWNER
TPHW-CFFD2637357D7D44F844,00:E304:0:0:1,00:2136,READ,PPU,,NO,11C_PPU_STATE,ROUTED_FAIL_CLOSED_UNTIL_OWNER
TPHW-6C1456D5E27CAC7F0E84,00:EAF9:0:0:1,00:4204,WRITE,CPU_IO,,YES,08C_CPU_IO,OWNED_LOCAL
TPHW-389DB67CD48B840FFC18,00:EAF9:0:0:1,00:4205,WRITE,CPU_IO,,YES,08C_CPU_IO,OWNED_LOCAL
TPHW-6E009D3A36D85162CD3D,00:EAFC:0:0:1,00:4206,WRITE,CPU_IO,,YES,08C_CPU_IO,OWNED_LOCAL
TPHW-0052C9670265502B2113,00:EB09:0:0:0,00:4214,READ,CPU_IO,,NO,08C_CPU_IO,OWNED_LOCAL
TPHW-D9847C70DA6B405EADD0,00:EB09:0:0:0,00:4215,READ,CPU_IO,,NO,08C_CPU_IO,OWNED_LOCAL
TPHW-120382903885C63FC53C,00:EB0C:0:0:0,00:4216,READ,CPU_IO,,NO,08C_CPU_IO,OWNED_LOCAL
TPHW-E7BB5BCD1C3F457A01A5,00:EB0C:0:0:0,00:4217,READ,CPU_IO,,NO,08C_CPU_IO,OWNED_LOCAL
TPHW-85BC035044F817795225,00:EB3A:0:1:1,00:211B,WRITE,PPU,,YES,11C_PPU_STATE,ROUTED_FAIL_CLOSED_UNTIL_OWNER
TPHW-03A99AE8A56A2C559C97,00:EB3E:0:1:1,00:211B,WRITE,PPU,,YES,11C_PPU_STATE,ROUTED_FAIL_CLOSED_UNTIL_OWNER
TPHW-FB67081C31D0BEFFFB85,00:EB41:0:1:1,00:211C,WRITE,PPU,,YES,11C_PPU_STATE,ROUTED_FAIL_CLOSED_UNTIL_OWNER
TPHW-A9FD36EAE52FD7563774,00:EB48:0:0:1,00:2134,READ,PPU,,NO,11C_PPU_STATE,ROUTED_FAIL_CLOSED_UNTIL_OWNER
TPHW-2AECAA3B88D3FF757DE8,00:EB48:0:0:1,00:2135,READ,PPU,,NO,11C_PPU_STATE,ROUTED_FAIL_CLOSED_UNTIL_OWNER
TPHW-D046F722D07D37B3F80B,00:EB4B:0:0:1,00:2136,READ,PPU,,NO,11C_PPU_STATE,ROUTED_FAIL_CLOSED_UNTIL_OWNER
TPHW-83CEEED1C9A2416C7403,00:ED5E:0:1:1,00:211B,WRITE,PPU,,YES,11C_PPU_STATE,ROUTED_FAIL_CLOSED_UNTIL_OWNER
TPHW-AACA75578AB858B05596,00:ED62:0:1:1,00:211B,WRITE,PPU,,YES,11C_PPU_STATE,ROUTED_FAIL_CLOSED_UNTIL_OWNER
TPHW-0E70B09BEAF078F7B31A,00:ED65:0:1:1,00:211C,WRITE,PPU,,YES,11C_PPU_STATE,ROUTED_FAIL_CLOSED_UNTIL_OWNER
TPHW-27C65F1B805F2AEA5BCC,00:ED6C:0:0:1,00:2134,READ,PPU,,NO,11C_PPU_STATE,ROUTED_FAIL_CLOSED_UNTIL_OWNER
TPHW-305D3B6838118FD59727,00:ED6C:0:0:1,00:2135,READ,PPU,,NO,11C_PPU_STATE,ROUTED_FAIL_CLOSED_UNTIL_OWNER
TPHW-AFB3481F0F76ABE1E2C6,00:ED6F:0:0:1,00:2136,READ,PPU,,NO,11C_PPU_STATE,ROUTED_FAIL_CLOSED_UNTIL_OWNER
TPHW-006BA561B184885A1F99,00:EDEE:0:1:1,00:211B,WRITE,PPU,,YES,11C_PPU_STATE,ROUTED_FAIL_CLOSED_UNTIL_OWNER
TPHW-995E2D63F54B5BDD5A40,00:EDF2:0:1:1,00:211B,WRITE,PPU,,YES,11C_PPU_STATE,ROUTED_FAIL_CLOSED_UNTIL_OWNER
TPHW-7E8C950419FE6A513C34,00:EDF5:0:1:1,00:211C,WRITE,PPU,,YES,11C_PPU_STATE,ROUTED_FAIL_CLOSED_UNTIL_OWNER
TPHW-89966AE8567F2493050E,00:EDFC:0:0:1,00:2134,READ,PPU,,NO,11C_PPU_STATE,ROUTED_FAIL_CLOSED_UNTIL_OWNER
TPHW-EE71DADE68428C84EE54,00:EDFC:0:0:1,00:2135,READ,PPU,,NO,11C_PPU_STATE,ROUTED_FAIL_CLOSED_UNTIL_OWNER
TPHW-7C427EA6EE558895862E,00:EDFF:0:0:1,00:2136,READ,PPU,,NO,11C_PPU_STATE,ROUTED_FAIL_CLOSED_UNTIL_OWNER
TPHW-DFCD4D7B1314D1BE1CB2,00:EEF3:0:1:1,00:211B,WRITE,PPU,,YES,11C_PPU_STATE,ROUTED_FAIL_CLOSED_UNTIL_OWNER
TPHW-8310C6166EFC39988FFE,00:EEF7:0:1:1,00:211B,WRITE,PPU,,YES,11C_PPU_STATE,ROUTED_FAIL_CLOSED_UNTIL_OWNER
TPHW-2A3E9D1FB066D352998F,00:EEFA:0:1:1,00:211C,WRITE,PPU,,YES,11C_PPU_STATE,ROUTED_FAIL_CLOSED_UNTIL_OWNER
TPHW-6AC000D9928FFA86727E,00:EF01:0:0:1,00:2134,READ,PPU,,NO,11C_PPU_STATE,ROUTED_FAIL_CLOSED_UNTIL_OWNER
TPHW-1721BE2223C49243D6D4,00:EF01:0:0:1,00:2135,READ,PPU,,NO,11C_PPU_STATE,ROUTED_FAIL_CLOSED_UNTIL_OWNER
TPHW-08F0B27672FA518679B3,00:EF04:0:0:1,00:2136,READ,PPU,,NO,11C_PPU_STATE,ROUTED_FAIL_CLOSED_UNTIL_OWNER
TPHW-F868AF3FABE2232DD470,00:FA72:0:0:1,00:4204,WRITE,CPU_IO,,YES,08C_CPU_IO,OWNED_LOCAL
TPHW-54D39913CB1552CDAB62,00:FA72:0:0:1,00:4205,WRITE,CPU_IO,,YES,08C_CPU_IO,OWNED_LOCAL
TPHW-0A82DE12751B2746B597,00:FA75:0:0:1,00:4206,WRITE,CPU_IO,,YES,08C_CPU_IO,OWNED_LOCAL
TPHW-575B8B5AFCEED280BD23,00:FA82:0:0:0,00:4214,READ,CPU_IO,,NO,08C_CPU_IO,OWNED_LOCAL
TPHW-FA5DF15C6D894748BC78,00:FA82:0:0:0,00:4215,READ,CPU_IO,,NO,08C_CPU_IO,OWNED_LOCAL
TPHW-E8B94249339C2F4C1632,00:FA85:0:0:0,00:4216,READ,CPU_IO,,NO,08C_CPU_IO,OWNED_LOCAL
TPHW-F413FE8B3CE7F343D725,00:FA85:0:0:0,00:4217,READ,CPU_IO,,NO,08C_CPU_IO,OWNED_LOCAL
TPHW-AEB5165189A411982023,00:FAAC:0:0:1,00:4204,WRITE,CPU_IO,,YES,08C_CPU_IO,OWNED_LOCAL
TPHW-602E9B052D51B85FFC37,00:FAAC:0:0:1,00:4205,WRITE,CPU_IO,,YES,08C_CPU_IO,OWNED_LOCAL
TPHW-393B843BD797948A3F26,00:FAAF:0:0:1,00:4206,WRITE,CPU_IO,,YES,08C_CPU_IO,OWNED_LOCAL
TPHW-2EF31B1559426A311827,00:FABC:0:0:0,00:4214,READ,CPU_IO,,NO,08C_CPU_IO,OWNED_LOCAL
TPHW-656175502C5414A6ED00,00:FABC:0:0:0,00:4215,READ,CPU_IO,,NO,08C_CPU_IO,OWNED_LOCAL
TPHW-9DCB8CBC9D8EC4E717C6,00:FABF:0:0:0,00:4216,READ,CPU_IO,,NO,08C_CPU_IO,OWNED_LOCAL
TPHW-FA864354014EB425E260,00:FABF:0:0:0,00:4217,READ,CPU_IO,,NO,08C_CPU_IO,OWNED_LOCAL
TPHW-E4D18ABE66920AFE0918,00:FBFE:0:1:1,00:211B,WRITE,PPU,,YES,11C_PPU_STATE,ROUTED_FAIL_CLOSED_UNTIL_OWNER
TPHW-C251B7166F3756016CB7,00:FC02:0:1:1,00:211B,WRITE,PPU,,YES,11C_PPU_STATE,ROUTED_FAIL_CLOSED_UNTIL_OWNER
TPHW-AB5B7FA7FE34470D8E8C,00:FC05:0:1:1,00:211C,WRITE,PPU,,YES,11C_PPU_STATE,ROUTED_FAIL_CLOSED_UNTIL_OWNER
TPHW-EA1E095902910872EFDE,00:FC0C:0:0:1,00:2134,READ,PPU,,NO,11C_PPU_STATE,ROUTED_FAIL_CLOSED_UNTIL_OWNER
TPHW-354ACE230CD04824C156,00:FC0C:0:0:1,00:2135,READ,PPU,,NO,11C_PPU_STATE,ROUTED_FAIL_CLOSED_UNTIL_OWNER
TPHW-B0EAD6763BF30EBDD6C5,00:FC0F:0:0:1,00:2136,READ,PPU,,NO,11C_PPU_STATE,ROUTED_FAIL_CLOSED_UNTIL_OWNER
TPHW-B6795D20661C4497FCD6,00:FE0B:0:0:1,00:4204,WRITE,CPU_IO,,YES,08C_CPU_IO,OWNED_LOCAL
TPHW-4EC85C04E812E5463389,00:FE0B:0:0:1,00:4205,WRITE,CPU_IO,,YES,08C_CPU_IO,OWNED_LOCAL
TPHW-07B4A200A2747D83AC41,00:FE0E:0:0:1,00:4206,WRITE,CPU_IO,,YES,08C_CPU_IO,OWNED_LOCAL
TPHW-B9CF1F179DD7806B3A4D,00:FE1B:0:0:0,00:4214,READ,CPU_IO,,NO,08C_CPU_IO,OWNED_LOCAL
TPHW-2C4A7D000355329B3DE5,00:FE1B:0:0:0,00:4215,READ,CPU_IO,,NO,08C_CPU_IO,OWNED_LOCAL
TPHW-FD5596403142F5B28CC4,00:FE1E:0:0:0,00:4216,READ,CPU_IO,,NO,08C_CPU_IO,OWNED_LOCAL
TPHW-FED29BD60A11EF085049,00:FE1E:0:0:0,00:4217,READ,CPU_IO,,NO,08C_CPU_IO,OWNED_LOCAL
TPHW-B5CD433C96FE25ABECED,01:E118:0:1:1,00:212C,WRITE,PPU,,YES,11C_PPU_STATE,ROUTED_FAIL_CLOSED_UNTIL_OWNER
TPHW-0407BCFF75A35A123B34,01:E13E:0:1:1,00:212C,WRITE,PPU,,YES,11C_PPU_STATE,ROUTED_FAIL_CLOSED_UNTIL_OWNER
TPHW-CDEC285F3B36E927A996,01:E2A0:0:1:1,00:212C,WRITE,PPU,,YES,11C_PPU_STATE,ROUTED_FAIL_CLOSED_UNTIL_OWNER
TPHW-186F379E06EC0004C3AE,01:E47A:0:0:1,00:4204,WRITE,CPU_IO,,YES,08C_CPU_IO,OWNED_LOCAL
TPHW-2EAAA7F99004ED681A4B,01:E47A:0:0:1,00:4205,WRITE,CPU_IO,,YES,08C_CPU_IO,OWNED_LOCAL
TPHW-FD48D6AB7B7C3DFF7775,01:E47D:0:0:1,00:4206,WRITE,CPU_IO,,YES,08C_CPU_IO,OWNED_LOCAL
TPHW-3114C0F1FC2CCDB0CAF4,01:E48A:0:0:0,00:4214,READ,CPU_IO,,NO,08C_CPU_IO,OWNED_LOCAL
TPHW-8A2AC61A0BAEC91240DF,01:E48A:0:0:0,00:4215,READ,CPU_IO,,NO,08C_CPU_IO,OWNED_LOCAL
TPHW-9789B71B38790FBB22A5,01:E48D:0:0:0,00:4216,READ,CPU_IO,,NO,08C_CPU_IO,OWNED_LOCAL
TPHW-33F48ECC4C382A76CF6D,01:E48D:0:0:0,00:4217,READ,CPU_IO,,NO,08C_CPU_IO,OWNED_LOCAL
TPHW-A523131514A14B788D83,01:E4CD:0:0:1,00:4204,WRITE,CPU_IO,,YES,08C_CPU_IO,OWNED_LOCAL
TPHW-1AFFDBF135D07FC3CF57,01:E4CD:0:0:1,00:4205,WRITE,CPU_IO,,YES,08C_CPU_IO,OWNED_LOCAL
TPHW-9B5B8B7FFDA21A940402,01:E4D0:0:0:1,00:4206,WRITE,CPU_IO,,YES,08C_CPU_IO,OWNED_LOCAL
TPHW-A85F734A98E7A3006374,01:E4DD:0:0:0,00:4214,READ,CPU_IO,,NO,08C_CPU_IO,OWNED_LOCAL
TPHW-3DF08813F47E260E2172,01:E4DD:0:0:0,00:4215,READ,CPU_IO,,NO,08C_CPU_IO,OWNED_LOCAL
TPHW-DCF72AF189639AA36C08,01:E4E0:0:0:0,00:4216,READ,CPU_IO,,NO,08C_CPU_IO,OWNED_LOCAL
TPHW-FAC2850F329D3D9F43C0,01:E4E0:0:0:0,00:4217,READ,CPU_IO,,NO,08C_CPU_IO,OWNED_LOCAL
TPHW-CC6B28FD97EDDAEB24F9,01:E56E:0:0:1,00:4204,WRITE,CPU_IO,,YES,08C_CPU_IO,OWNED_LOCAL
TPHW-7AD1D405863DD1135C4C,01:E56E:0:0:1,00:4205,WRITE,CPU_IO,,YES,08C_CPU_IO,OWNED_LOCAL
TPHW-EDE79F741CF64DB0AD3F,01:E571:0:0:1,00:4206,WRITE,CPU_IO,,YES,08C_CPU_IO,OWNED_LOCAL
TPHW-4696E0C34602E683ED9D,01:E57E:0:0:0,00:4214,READ,CPU_IO,,NO,08C_CPU_IO,OWNED_LOCAL
TPHW-2356D093860750737C36,01:E57E:0:0:0,00:4215,READ,CPU_IO,,NO,08C_CPU_IO,OWNED_LOCAL
TPHW-29CA17CAB8D55F64AF34,01:E581:0:0:0,00:4216,READ,CPU_IO,,NO,08C_CPU_IO,OWNED_LOCAL
TPHW-29620B9E187398E5A288,01:E581:0:0:0,00:4217,READ,CPU_IO,,NO,08C_CPU_IO,OWNED_LOCAL
TPHW-8BEDE89C55CE7DB48515,01:E994:0:1:1,00:212C,WRITE,PPU,,YES,11C_PPU_STATE,ROUTED_FAIL_CLOSED_UNTIL_OWNER
TPHW-E27E697B21B973CCC9AE,01:EA99:0:1:1,00:212C,WRITE,PPU,,YES,11C_PPU_STATE,ROUTED_FAIL_CLOSED_UNTIL_OWNER
TPHW-C0A2F51B6D62E2AAD8BC,01:F25D:0:1:1,00:212C,WRITE,PPU,,YES,11C_PPU_STATE,ROUTED_FAIL_CLOSED_UNTIL_OWNER
TPHW-F2AEDB7C3D685E1C9C39,01:F290:0:1:1,00:212C,WRITE,PPU,,YES,11C_PPU_STATE,ROUTED_FAIL_CLOSED_UNTIL_OWNER
TPHW-B8529B2C2804E2DDB8B9,04:8004:0:1:1,00:2100,WRITE,PPU,,YES,11C_PPU_STATE,ROUTED_FAIL_CLOSED_UNTIL_OWNER
TPHW-7650A135D5A2D4877953,04:80B8:0:1:1,00:4202,WRITE,CPU_IO,,YES,08C_CPU_IO,OWNED_LOCAL
TPHW-2BFB3258D24EB245F532,04:80BB:0:1:1,00:4203,WRITE,CPU_IO,,YES,08C_CPU_IO,OWNED_LOCAL
TPHW-D2AD5753E209A1E65D34,04:80C4:0:0:0,00:4216,READ,CPU_IO,,NO,08C_CPU_IO,OWNED_LOCAL
TPHW-61820908D8E6E3D7A4B1,04:80C4:0:0:0,00:4217,READ,CPU_IO,,NO,08C_CPU_IO,OWNED_LOCAL
TPHW-F387669FF814CB155595,04:80D2:0:1:1,00:4202,WRITE,CPU_IO,,YES,08C_CPU_IO,OWNED_LOCAL
TPHW-3B87910C27F9F1C0F1E9,04:80D5:0:1:1,00:4203,WRITE,CPU_IO,,YES,08C_CPU_IO,OWNED_LOCAL
TPHW-C55C107933D7FFAD4A1E,04:80DE:0:0:0,00:4216,READ,CPU_IO,,NO,08C_CPU_IO,OWNED_LOCAL
TPHW-A1473927BC2DB24FE850,04:80DE:0:0:0,00:4217,READ,CPU_IO,,NO,08C_CPU_IO,OWNED_LOCAL
TPHW-0DF1F112A13DBF077B12,04:8261:0:1:1,00:4202,WRITE,CPU_IO,,YES,08C_CPU_IO,OWNED_LOCAL
TPHW-1399CC1D914166CA189B,04:8264:0:1:1,00:4203,WRITE,CPU_IO,,YES,08C_CPU_IO,OWNED_LOCAL
TPHW-FC0DB885D526F4A722CA,04:826D:0:0:0,00:4216,READ,CPU_IO,,NO,08C_CPU_IO,OWNED_LOCAL
TPHW-1DFD6A509166A6299227,04:826D:0:0:0,00:4217,READ,CPU_IO,,NO,08C_CPU_IO,OWNED_LOCAL
TPHW-A9DD98717BBFF10B65BD,04:88A5:0:0:1,00:4204,WRITE,CPU_IO,,YES,08C_CPU_IO,OWNED_LOCAL
TPHW-E3FD6D437B820A4AA9B2,04:88A5:0:0:1,00:4205,WRITE,CPU_IO,,YES,08C_CPU_IO,OWNED_LOCAL
TPHW-6F0483E7DA6A98A3A099,04:88A8:0:0:1,00:4206,WRITE,CPU_IO,,YES,08C_CPU_IO,OWNED_LOCAL
TPHW-D2A9681FBD6C04EE0A2F,04:88B5:0:0:0,00:4214,READ,CPU_IO,,NO,08C_CPU_IO,OWNED_LOCAL
TPHW-D9653A9FF1E73321CBB3,04:88B5:0:0:0,00:4215,READ,CPU_IO,,NO,08C_CPU_IO,OWNED_LOCAL
TPHW-61EC4FEAE5CF35FD3FD6,04:88B8:0:0:0,00:4216,READ,CPU_IO,,NO,08C_CPU_IO,OWNED_LOCAL
TPHW-EC75E585538D9767198D,04:88B8:0:0:0,00:4217,READ,CPU_IO,,NO,08C_CPU_IO,OWNED_LOCAL
TPHW-B1AD4D891E5534FCA717,04:88DF:0:0:1,00:4204,WRITE,CPU_IO,,YES,08C_CPU_IO,OWNED_LOCAL
TPHW-FB03C3467FD1FF55960B,04:88DF:0:0:1,00:4205,WRITE,CPU_IO,,YES,08C_CPU_IO,OWNED_LOCAL
TPHW-89473ACF8295545FD0B8,04:88E2:0:0:1,00:4206,WRITE,CPU_IO,,YES,08C_CPU_IO,OWNED_LOCAL
TPHW-B66939C970633FDF29E4,04:88EF:0:0:0,00:4214,READ,CPU_IO,,NO,08C_CPU_IO,OWNED_LOCAL
TPHW-5159FD0260A020A20218,04:88EF:0:0:0,00:4215,READ,CPU_IO,,NO,08C_CPU_IO,OWNED_LOCAL
TPHW-2EBE266160B0C9A8AC3C,04:88F2:0:0:0,00:4216,READ,CPU_IO,,NO,08C_CPU_IO,OWNED_LOCAL
TPHW-D4A3F977A9D1EA6BF978,04:88F2:0:0:0,00:4217,READ,CPU_IO,,NO,08C_CPU_IO,OWNED_LOCAL
TPHW-85418EBD8F60D943EFC1,04:89CC:0:0:1,00:4204,WRITE,CPU_IO,,YES,08C_CPU_IO,OWNED_LOCAL
TPHW-045F74282B1324B8A068,04:89CC:0:0:1,00:4205,WRITE,CPU_IO,,YES,08C_CPU_IO,OWNED_LOCAL
TPHW-99B9A208C3CA869A929B,04:89CF:0:0:1,00:4206,WRITE,CPU_IO,,YES,08C_CPU_IO,OWNED_LOCAL
TPHW-C6E42DC43D5A244D1980,04:89DC:0:0:0,00:4214,READ,CPU_IO,,NO,08C_CPU_IO,OWNED_LOCAL
TPHW-27E720F7B6F705F98265,04:89DC:0:0:0,00:4215,READ,CPU_IO,,NO,08C_CPU_IO,OWNED_LOCAL
TPHW-75339B61A7D286CD844E,04:89DF:0:0:0,00:4216,READ,CPU_IO,,NO,08C_CPU_IO,OWNED_LOCAL
TPHW-6C6C23A8B1E63E52F21A,04:89DF:0:0:0,00:4217,READ,CPU_IO,,NO,08C_CPU_IO,OWNED_LOCAL
TPHW-3A8E0674BE056846E3AD,04:8A0C:0:0:1,00:4204,WRITE,CPU_IO,,YES,08C_CPU_IO,OWNED_LOCAL
TPHW-1EDF6CC9EEE7C5A59D6C,04:8A0C:0:0:1,00:4205,WRITE,CPU_IO,,YES,08C_CPU_IO,OWNED_LOCAL
TPHW-868616772ECBD5C62066,04:8A0F:0:0:1,00:4206,WRITE,CPU_IO,,YES,08C_CPU_IO,OWNED_LOCAL
TPHW-4321EFB642A032273ED7,04:8A1C:0:0:0,00:4214,READ,CPU_IO,,NO,08C_CPU_IO,OWNED_LOCAL
TPHW-5E015263B3540A8280E0,04:8A1C:0:0:0,00:4215,READ,CPU_IO,,NO,08C_CPU_IO,OWNED_LOCAL
TPHW-7603F13C66554725AB5B,04:8A1F:0:0:0,00:4216,READ,CPU_IO,,NO,08C_CPU_IO,OWNED_LOCAL
TPHW-EAE88A7FC88E01A857F2,04:8A1F:0:0:0,00:4217,READ,CPU_IO,,NO,08C_CPU_IO,OWNED_LOCAL
TPHW-9DAFD62CDEE7A1DED2CB,04:8E11:0:1:1,00:211B,WRITE,PPU,,YES,11C_PPU_STATE,ROUTED_FAIL_CLOSED_UNTIL_OWNER
TPHW-87D883C389F10CC85028,04:8E15:0:1:1,00:211B,WRITE,PPU,,YES,11C_PPU_STATE,ROUTED_FAIL_CLOSED_UNTIL_OWNER
TPHW-DA7B608103D4473F779A,04:8E18:0:1:1,00:211C,WRITE,PPU,,YES,11C_PPU_STATE,ROUTED_FAIL_CLOSED_UNTIL_OWNER
TPHW-CF95A9278AF7802F3ACF,04:8E1F:0:0:1,00:2134,READ,PPU,,NO,11C_PPU_STATE,ROUTED_FAIL_CLOSED_UNTIL_OWNER
TPHW-13446FDE8C675A1C15BC,04:8E1F:0:0:1,00:2135,READ,PPU,,NO,11C_PPU_STATE,ROUTED_FAIL_CLOSED_UNTIL_OWNER
TPHW-F47EE1F11036EFA68618,04:8E22:0:0:1,00:2136,READ,PPU,,NO,11C_PPU_STATE,ROUTED_FAIL_CLOSED_UNTIL_OWNER
TPHW-2E5C450279404A24D99D,04:9081:0:1:1,00:211B,WRITE,PPU,,YES,11C_PPU_STATE,ROUTED_FAIL_CLOSED_UNTIL_OWNER
TPHW-FBCCBF90847D3D02BF1B,04:9085:0:1:1,00:211B,WRITE,PPU,,YES,11C_PPU_STATE,ROUTED_FAIL_CLOSED_UNTIL_OWNER
TPHW-E624BC380E78153AB103,04:9088:0:1:1,00:211C,WRITE,PPU,,YES,11C_PPU_STATE,ROUTED_FAIL_CLOSED_UNTIL_OWNER
TPHW-E9F773C87E8621142F19,04:908F:0:0:1,00:2134,READ,PPU,,NO,11C_PPU_STATE,ROUTED_FAIL_CLOSED_UNTIL_OWNER
TPHW-1023095318661771BA63,04:908F:0:0:1,00:2135,READ,PPU,,NO,11C_PPU_STATE,ROUTED_FAIL_CLOSED_UNTIL_OWNER
TPHW-49548894C37342875F6A,04:9092:0:0:1,00:2136,READ,PPU,,NO,11C_PPU_STATE,ROUTED_FAIL_CLOSED_UNTIL_OWNER
TPHW-EA79FBF2EDBC1A5D556E,04:9203:0:0:1,00:4204,WRITE,CPU_IO,,YES,08C_CPU_IO,OWNED_LOCAL
TPHW-BA67A725FE3C0CCA7CBC,04:9203:0:0:1,00:4205,WRITE,CPU_IO,,YES,08C_CPU_IO,OWNED_LOCAL
TPHW-F8929EAAB7466E3E83B7,04:9206:0:0:1,00:4206,WRITE,CPU_IO,,YES,08C_CPU_IO,OWNED_LOCAL
TPHW-A837819F83EDBAE3B365,04:9213:0:0:0,00:4214,READ,CPU_IO,,NO,08C_CPU_IO,OWNED_LOCAL
TPHW-92601BFA6488DCA4A309,04:9213:0:0:0,00:4215,READ,CPU_IO,,NO,08C_CPU_IO,OWNED_LOCAL
TPHW-EA089CB2FA43F125E6A3,04:9216:0:0:0,00:4216,READ,CPU_IO,,NO,08C_CPU_IO,OWNED_LOCAL
TPHW-176DD05245A09B3C2B81,04:9216:0:0:0,00:4217,READ,CPU_IO,,NO,08C_CPU_IO,OWNED_LOCAL
TPHW-DFACFF69202573E7C2EF,04:94F5:0:1:1,00:211B,WRITE,PPU,,YES,11C_PPU_STATE,ROUTED_FAIL_CLOSED_UNTIL_OWNER
TPHW-B0896AC9927D14C8DE6E,04:94F9:0:1:1,00:211B,WRITE,PPU,,YES,11C_PPU_STATE,ROUTED_FAIL_CLOSED_UNTIL_OWNER
TPHW-FA6C75B7E31708F59B5E,04:94FC:0:1:1,00:211C,WRITE,PPU,,YES,11C_PPU_STATE,ROUTED_FAIL_CLOSED_UNTIL_OWNER
TPHW-5BD1A1AE3829AB3E67C2,04:9503:0:0:1,00:2134,READ,PPU,,NO,11C_PPU_STATE,ROUTED_FAIL_CLOSED_UNTIL_OWNER
TPHW-7F8D4D279CBD6AB7FD02,04:9503:0:0:1,00:2135,READ,PPU,,NO,11C_PPU_STATE,ROUTED_FAIL_CLOSED_UNTIL_OWNER
TPHW-59C3E177976C965C071E,04:9506:0:0:1,00:2136,READ,PPU,,NO,11C_PPU_STATE,ROUTED_FAIL_CLOSED_UNTIL_OWNER
TPHW-3E3B6C7770B8765A98FE,04:967C:0:0:1,00:4204,WRITE,CPU_IO,,YES,08C_CPU_IO,OWNED_LOCAL
TPHW-CAFA59955679FFF5BB4A,04:967C:0:0:1,00:4205,WRITE,CPU_IO,,YES,08C_CPU_IO,OWNED_LOCAL
TPHW-5432125C1AC84AD5E604,04:967F:0:0:1,00:4206,WRITE,CPU_IO,,YES,08C_CPU_IO,OWNED_LOCAL
TPHW-F572983539C692420AD8,04:968C:0:0:0,00:4214,READ,CPU_IO,,NO,08C_CPU_IO,OWNED_LOCAL
TPHW-A130F123E1245C177DB9,04:968C:0:0:0,00:4215,READ,CPU_IO,,NO,08C_CPU_IO,OWNED_LOCAL
TPHW-FDB8E743A188CE6AA9AE,04:968F:0:0:0,00:4216,READ,CPU_IO,,NO,08C_CPU_IO,OWNED_LOCAL
TPHW-53F1FE57FC4C7F9F3E53,04:968F:0:0:0,00:4217,READ,CPU_IO,,NO,08C_CPU_IO,OWNED_LOCAL
TPHW-18ADB93855E96B0951CC,04:A23B:0:0:1,00:4204,WRITE,CPU_IO,,YES,08C_CPU_IO,OWNED_LOCAL
TPHW-D8A01D969212688DD261,04:A23B:0:0:1,00:4205,WRITE,CPU_IO,,YES,08C_CPU_IO,OWNED_LOCAL
TPHW-CDA248CD406FAD8B55F8,04:A23E:0:0:1,00:4206,WRITE,CPU_IO,,YES,08C_CPU_IO,OWNED_LOCAL
TPHW-D0EF9772A1A40712044A,04:A24B:0:0:0,00:4214,READ,CPU_IO,,NO,08C_CPU_IO,OWNED_LOCAL
TPHW-CFD15C883A8ECA6D8282,04:A24B:0:0:0,00:4215,READ,CPU_IO,,NO,08C_CPU_IO,OWNED_LOCAL
TPHW-2A52054B322BB2217A43,04:A24E:0:0:0,00:4216,READ,CPU_IO,,NO,08C_CPU_IO,OWNED_LOCAL
TPHW-1FFF89CC3F4E3FBA1A7E,04:A24E:0:0:0,00:4217,READ,CPU_IO,,NO,08C_CPU_IO,OWNED_LOCAL
TPHW-C4B42FCFBA1951ACDB72,04:A2C9:0:0:1,00:4204,WRITE,CPU_IO,,YES,08C_CPU_IO,OWNED_LOCAL
TPHW-C74F59836A5B0270BD17,04:A2C9:0:0:1,00:4205,WRITE,CPU_IO,,YES,08C_CPU_IO,OWNED_LOCAL
TPHW-D33DAF43EB939BFCBD78,04:A2CC:0:0:1,00:4206,WRITE,CPU_IO,,YES,08C_CPU_IO,OWNED_LOCAL
TPHW-D3ACF37F45CC84F84A7B,04:A2D9:0:0:0,00:4214,READ,CPU_IO,,NO,08C_CPU_IO,OWNED_LOCAL
TPHW-CF3D6B09E601C4FF11EE,04:A2D9:0:0:0,00:4215,READ,CPU_IO,,NO,08C_CPU_IO,OWNED_LOCAL
TPHW-F24798B6E842526DB27B,04:A2DC:0:0:0,00:4216,READ,CPU_IO,,NO,08C_CPU_IO,OWNED_LOCAL
TPHW-0EE3BCAD3594ACCC4241,04:A2DC:0:0:0,00:4217,READ,CPU_IO,,NO,08C_CPU_IO,OWNED_LOCAL
TPHW-E565817BA50310A0BECC,04:A30B:0:0:1,00:4204,WRITE,CPU_IO,,YES,08C_CPU_IO,OWNED_LOCAL
TPHW-9AAC769034391D3D3195,04:A30B:0:0:1,00:4205,WRITE,CPU_IO,,YES,08C_CPU_IO,OWNED_LOCAL
TPHW-AF9EBF0FE71926BBD6C9,04:A30E:0:0:1,00:4206,WRITE,CPU_IO,,YES,08C_CPU_IO,OWNED_LOCAL
TPHW-A80A76818112604F3D9C,04:A31B:0:0:0,00:4214,READ,CPU_IO,,NO,08C_CPU_IO,OWNED_LOCAL
TPHW-5F4B075B4D4E4D9B508F,04:A31B:0:0:0,00:4215,READ,CPU_IO,,NO,08C_CPU_IO,OWNED_LOCAL
TPHW-E04BB46631159C125DCC,04:A31E:0:0:0,00:4216,READ,CPU_IO,,NO,08C_CPU_IO,OWNED_LOCAL
TPHW-3D6290C3ED992CDA2003,04:A31E:0:0:0,00:4217,READ,CPU_IO,,NO,08C_CPU_IO,OWNED_LOCAL
TPHW-FEF9F720FADB05C8826F,04:C23A:0:1:1,00:4202,WRITE,CPU_IO,,YES,08C_CPU_IO,OWNED_LOCAL
TPHW-4B6EFBD58A0DB26CDD44,04:C23D:0:1:1,00:4203,WRITE,CPU_IO,,YES,08C_CPU_IO,OWNED_LOCAL
TPHW-2C575151098DAC928F13,04:C246:0:0:0,00:4216,READ,CPU_IO,,NO,08C_CPU_IO,OWNED_LOCAL
TPHW-93ECA3CF1B32E1E6AE1F,04:C246:0:0:0,00:4217,READ,CPU_IO,,NO,08C_CPU_IO,OWNED_LOCAL
TPHW-DB10D55D7868F76E23C5,04:C255:0:1:1,00:4202,WRITE,CPU_IO,,YES,08C_CPU_IO,OWNED_LOCAL
TPHW-FCDB5B1648855FBBEA3A,04:C258:0:1:1,00:4203,WRITE,CPU_IO,,YES,08C_CPU_IO,OWNED_LOCAL
TPHW-1ABFEBA42AD8B0AC2C4C,04:C261:0:0:0,00:4216,READ,CPU_IO,,NO,08C_CPU_IO,OWNED_LOCAL
TPHW-0E2C77EB457FDBD66E7D,04:C261:0:0:0,00:4217,READ,CPU_IO,,NO,08C_CPU_IO,OWNED_LOCAL
TPHW-63D56B33BCDBD4EE8714,04:C775:0:0:1,00:4204,WRITE,CPU_IO,,YES,08C_CPU_IO,OWNED_LOCAL
TPHW-84E6DB40417A53645A18,04:C775:0:0:1,00:4205,WRITE,CPU_IO,,YES,08C_CPU_IO,OWNED_LOCAL
TPHW-23FD775A996395565444,04:C778:0:0:1,00:4206,WRITE,CPU_IO,,YES,08C_CPU_IO,OWNED_LOCAL
TPHW-2E2CD7DF954C8485C352,04:C785:0:0:0,00:4214,READ,CPU_IO,,NO,08C_CPU_IO,OWNED_LOCAL
TPHW-AF60287FC366D1B953BB,04:C785:0:0:0,00:4215,READ,CPU_IO,,NO,08C_CPU_IO,OWNED_LOCAL
TPHW-14F181D2188805BFBBF1,04:C788:0:0:0,00:4216,READ,CPU_IO,,NO,08C_CPU_IO,OWNED_LOCAL
TPHW-2D2271C99A31DD2C2246,04:C788:0:0:0,00:4217,READ,CPU_IO,,NO,08C_CPU_IO,OWNED_LOCAL
TPHW-89A836C302C40AB4175F,04:CFDC:0:0:1,00:4204,WRITE,CPU_IO,,YES,08C_CPU_IO,OWNED_LOCAL
TPHW-0B4F9624F5524EF271C6,04:CFDC:0:0:1,00:4205,WRITE,CPU_IO,,YES,08C_CPU_IO,OWNED_LOCAL
TPHW-4209E279575F4F382E24,04:CFDF:0:0:1,00:4206,WRITE,CPU_IO,,YES,08C_CPU_IO,OWNED_LOCAL
TPHW-60D00B5E67CCFAAC002F,04:CFEC:0:0:0,00:4214,READ,CPU_IO,,NO,08C_CPU_IO,OWNED_LOCAL
TPHW-A59EDEC42D753819DAD5,04:CFEC:0:0:0,00:4215,READ,CPU_IO,,NO,08C_CPU_IO,OWNED_LOCAL
TPHW-7553FCAFCADEA13B94CF,04:CFEF:0:0:0,00:4216,READ,CPU_IO,,NO,08C_CPU_IO,OWNED_LOCAL
TPHW-A8EFF531CB6EE7A67238,04:CFEF:0:0:0,00:4217,READ,CPU_IO,,NO,08C_CPU_IO,OWNED_LOCAL
TPHW-D43C54F84606A9D82A79,04:D515:0:1:1,00:4202,WRITE,CPU_IO,,YES,08C_CPU_IO,OWNED_LOCAL
TPHW-F7FC40F9408139994510,04:D518:0:1:1,00:4203,WRITE,CPU_IO,,YES,08C_CPU_IO,OWNED_LOCAL
TPHW-5A81F59ABDDE9CD0DABF,04:D521:0:0:0,00:4216,READ,CPU_IO,,NO,08C_CPU_IO,OWNED_LOCAL
TPHW-864131AAF0340653CD46,04:D521:0:0:0,00:4217,READ,CPU_IO,,NO,08C_CPU_IO,OWNED_LOCAL
TPHW-4D8168EF0C1E94F9A738,04:D55B:0:1:1,00:4202,WRITE,CPU_IO,,YES,08C_CPU_IO,OWNED_LOCAL
TPHW-873F4B730264105BF250,04:D55E:0:1:1,00:4203,WRITE,CPU_IO,,YES,08C_CPU_IO,OWNED_LOCAL
TPHW-AAE40589ECDFF0504497,04:D567:0:0:0,00:4216,READ,CPU_IO,,NO,08C_CPU_IO,OWNED_LOCAL
TPHW-A37EE58C3A8C17B69100,04:D567:0:0:0,00:4217,READ,CPU_IO,,NO,08C_CPU_IO,OWNED_LOCAL
TPHW-7AC876D92F79BEF98AA8,04:D975:0:1:0,00:4200,WRITE,CPU_IO,,YES,09C_SCHEDULER_INTERRUPTS,ROUTED_FAIL_CLOSED_UNTIL_OWNER
TPHW-E130D13D3108055F2E62,04:D97B:0:1:0,00:2116,WRITE,PPU,,YES,11C_PPU_STATE,ROUTED_FAIL_CLOSED_UNTIL_OWNER
TPHW-65C6DEF515F694D4420D,04:D981:0:1:0,00:2117,WRITE,PPU,,YES,11C_PPU_STATE,ROUTED_FAIL_CLOSED_UNTIL_OWNER
TPHW-5AF87F7C2DD54349EE5D,04:D984:0:1:0,00:420B,WRITE,CPU_IO,,YES,10C_DMA_HDMA,ROUTED_FAIL_CLOSED_UNTIL_OWNER
TPHW-DB509D61A6E14E786648,04:D989:0:1:0,00:4340,WRITE,DMA,,YES,10C_DMA_HDMA,ROUTED_FAIL_CLOSED_UNTIL_OWNER
TPHW-1F628779DE044EC3B315,04:D98E:0:1:0,00:4341,WRITE,DMA,,YES,10C_DMA_HDMA,ROUTED_FAIL_CLOSED_UNTIL_OWNER
TPHW-1B5616E8E8105BED1376,04:D994:0:1:0,00:4342,WRITE,DMA,,YES,10C_DMA_HDMA,ROUTED_FAIL_CLOSED_UNTIL_OWNER
TPHW-E79B5BA2D5AAB723E6D7,04:D994:0:1:0,00:4343,WRITE,DMA,,YES,10C_DMA_HDMA,ROUTED_FAIL_CLOSED_UNTIL_OWNER
TPHW-30DC497E49F5D31E1BD3,04:D999:0:1:0,00:4344,WRITE,DMA,,YES,10C_DMA_HDMA,ROUTED_FAIL_CLOSED_UNTIL_OWNER
TPHW-FC2F1D932DB0213BD00E,04:D99F:0:1:0,00:4345,WRITE,DMA,,YES,10C_DMA_HDMA,ROUTED_FAIL_CLOSED_UNTIL_OWNER
TPHW-AFF8768460AD0B528225,04:D99F:0:1:0,00:4346,WRITE,DMA,,YES,10C_DMA_HDMA,ROUTED_FAIL_CLOSED_UNTIL_OWNER
TPHW-DC6AA468569476556317,04:D9A4:0:1:0,00:420B,WRITE,CPU_IO,,YES,10C_DMA_HDMA,ROUTED_FAIL_CLOSED_UNTIL_OWNER
TPHW-52474BC34D90605308DB,04:D9D0:0:1:0,00:2116,WRITE,PPU,,YES,11C_PPU_STATE,ROUTED_FAIL_CLOSED_UNTIL_OWNER
TPHW-118604D87308F95EE72C,04:D9D6:0:1:0,00:2117,WRITE,PPU,,YES,11C_PPU_STATE,ROUTED_FAIL_CLOSED_UNTIL_OWNER
TPHW-854D56E0BADA6B60E3D3,04:D9D9:0:1:0,00:420B,WRITE,CPU_IO,,YES,10C_DMA_HDMA,ROUTED_FAIL_CLOSED_UNTIL_OWNER
TPHW-C10FADA74A64315EF94E,04:D9DE:0:1:0,00:4340,WRITE,DMA,,YES,10C_DMA_HDMA,ROUTED_FAIL_CLOSED_UNTIL_OWNER
TPHW-AA5E64BC1C3D7BDFA454,04:D9E3:0:1:0,00:4341,WRITE,DMA,,YES,10C_DMA_HDMA,ROUTED_FAIL_CLOSED_UNTIL_OWNER
TPHW-AA34E7E551AE6448E6B9,04:D9E9:0:1:0,00:4342,WRITE,DMA,,YES,10C_DMA_HDMA,ROUTED_FAIL_CLOSED_UNTIL_OWNER
TPHW-62679BC7F7F6BA444497,04:D9E9:0:1:0,00:4343,WRITE,DMA,,YES,10C_DMA_HDMA,ROUTED_FAIL_CLOSED_UNTIL_OWNER
TPHW-1CC644B09E01EE84A520,04:D9EE:0:1:0,00:4344,WRITE,DMA,,YES,10C_DMA_HDMA,ROUTED_FAIL_CLOSED_UNTIL_OWNER
TPHW-5D59A669ACC30561259B,04:D9F4:0:1:0,00:4345,WRITE,DMA,,YES,10C_DMA_HDMA,ROUTED_FAIL_CLOSED_UNTIL_OWNER
TPHW-BBF71317002553837E7C,04:D9F4:0:1:0,00:4346,WRITE,DMA,,YES,10C_DMA_HDMA,ROUTED_FAIL_CLOSED_UNTIL_OWNER
TPHW-3315AB0409F0C7A74B21,04:D9F9:0:1:0,00:420B,WRITE,CPU_IO,,YES,10C_DMA_HDMA,ROUTED_FAIL_CLOSED_UNTIL_OWNER
TPHW-940246C99692B720227D,04:DA1F:0:1:0,00:2116,WRITE,PPU,,YES,11C_PPU_STATE,ROUTED_FAIL_CLOSED_UNTIL_OWNER
TPHW-B8954078785A0D9B0A4F,04:DA25:0:1:0,00:2117,WRITE,PPU,,YES,11C_PPU_STATE,ROUTED_FAIL_CLOSED_UNTIL_OWNER
TPHW-A249C39E9100217E7318,04:DA28:0:1:0,00:420B,WRITE,CPU_IO,,YES,10C_DMA_HDMA,ROUTED_FAIL_CLOSED_UNTIL_OWNER
TPHW-ED99F5DEE7C72AFE765E,04:DA2D:0:1:0,00:4340,WRITE,DMA,,YES,10C_DMA_HDMA,ROUTED_FAIL_CLOSED_UNTIL_OWNER
TPHW-AF4E393622955104BC05,04:DA32:0:1:0,00:4341,WRITE,DMA,,YES,10C_DMA_HDMA,ROUTED_FAIL_CLOSED_UNTIL_OWNER
TPHW-CCE104993E138AEB3969,04:DA38:0:1:0,00:4342,WRITE,DMA,,YES,10C_DMA_HDMA,ROUTED_FAIL_CLOSED_UNTIL_OWNER
TPHW-0BD5803C6AD7530B91FD,04:DA38:0:1:0,00:4343,WRITE,DMA,,YES,10C_DMA_HDMA,ROUTED_FAIL_CLOSED_UNTIL_OWNER
TPHW-E228D462C8FF03044152,04:DA3D:0:1:0,00:4344,WRITE,DMA,,YES,10C_DMA_HDMA,ROUTED_FAIL_CLOSED_UNTIL_OWNER
TPHW-18D27EA7952D253D61A1,04:DA43:0:1:0,00:4345,WRITE,DMA,,YES,10C_DMA_HDMA,ROUTED_FAIL_CLOSED_UNTIL_OWNER
TPHW-928FAF7A8CBBE0C14805,04:DA43:0:1:0,00:4346,WRITE,DMA,,YES,10C_DMA_HDMA,ROUTED_FAIL_CLOSED_UNTIL_OWNER
TPHW-3841E1BC2559D2E68AA5,04:DA48:0:1:0,00:420B,WRITE,CPU_IO,,YES,10C_DMA_HDMA,ROUTED_FAIL_CLOSED_UNTIL_OWNER
TPHW-AAD2B9718F396EC80516,04:DA6E:0:1:0,00:2116,WRITE,PPU,,YES,11C_PPU_STATE,ROUTED_FAIL_CLOSED_UNTIL_OWNER
TPHW-5D374A3F43F6B44C1815,04:DA74:0:1:0,00:2117,WRITE,PPU,,YES,11C_PPU_STATE,ROUTED_FAIL_CLOSED_UNTIL_OWNER
TPHW-B65F50234F98BA82C832,04:DA77:0:1:0,00:420B,WRITE,CPU_IO,,YES,10C_DMA_HDMA,ROUTED_FAIL_CLOSED_UNTIL_OWNER
TPHW-DA68F23F24FC9D54DC33,04:DA7C:0:1:0,00:4340,WRITE,DMA,,YES,10C_DMA_HDMA,ROUTED_FAIL_CLOSED_UNTIL_OWNER
TPHW-EA151C29BE5D8A802189,04:DA81:0:1:0,00:4341,WRITE,DMA,,YES,10C_DMA_HDMA,ROUTED_FAIL_CLOSED_UNTIL_OWNER
TPHW-202B6DFB70B8D04865E7,04:DA87:0:1:0,00:4342,WRITE,DMA,,YES,10C_DMA_HDMA,ROUTED_FAIL_CLOSED_UNTIL_OWNER
TPHW-1F63748BAA67914BEF63,04:DA87:0:1:0,00:4343,WRITE,DMA,,YES,10C_DMA_HDMA,ROUTED_FAIL_CLOSED_UNTIL_OWNER
TPHW-8C70DFBC4224AED38FD7,04:DA8C:0:1:0,00:4344,WRITE,DMA,,YES,10C_DMA_HDMA,ROUTED_FAIL_CLOSED_UNTIL_OWNER
TPHW-BA3E15FB4D4314D3F4F7,04:DA92:0:1:0,00:4345,WRITE,DMA,,YES,10C_DMA_HDMA,ROUTED_FAIL_CLOSED_UNTIL_OWNER
TPHW-67CBECF056F6187E6AEE,04:DA92:0:1:0,00:4346,WRITE,DMA,,YES,10C_DMA_HDMA,ROUTED_FAIL_CLOSED_UNTIL_OWNER
TPHW-CE8F7D42CCD465080246,04:DA97:0:1:0,00:420B,WRITE,CPU_IO,,YES,10C_DMA_HDMA,ROUTED_FAIL_CLOSED_UNTIL_OWNER
TPHW-2C244EFD2CB7013CB880,04:DABD:0:1:0,00:2116,WRITE,PPU,,YES,11C_PPU_STATE,ROUTED_FAIL_CLOSED_UNTIL_OWNER
TPHW-977F31388D3D3897830E,04:DAC3:0:1:0,00:2117,WRITE,PPU,,YES,11C_PPU_STATE,ROUTED_FAIL_CLOSED_UNTIL_OWNER
TPHW-07E79D9B85611C154895,04:DAC6:0:1:0,00:420B,WRITE,CPU_IO,,YES,10C_DMA_HDMA,ROUTED_FAIL_CLOSED_UNTIL_OWNER
TPHW-E90600BA80411F7C8F3B,04:DACB:0:1:0,00:4340,WRITE,DMA,,YES,10C_DMA_HDMA,ROUTED_FAIL_CLOSED_UNTIL_OWNER
TPHW-B741493FCE57BD16566C,04:DAD0:0:1:0,00:4341,WRITE,DMA,,YES,10C_DMA_HDMA,ROUTED_FAIL_CLOSED_UNTIL_OWNER
TPHW-4EB51B0D7A81C0AF4A20,04:DAD6:0:1:0,00:4342,WRITE,DMA,,YES,10C_DMA_HDMA,ROUTED_FAIL_CLOSED_UNTIL_OWNER
TPHW-E5FC26270491B2C304A3,04:DAD6:0:1:0,00:4343,WRITE,DMA,,YES,10C_DMA_HDMA,ROUTED_FAIL_CLOSED_UNTIL_OWNER
TPHW-B4C09294C181BBA64F5B,04:DADB:0:1:0,00:4344,WRITE,DMA,,YES,10C_DMA_HDMA,ROUTED_FAIL_CLOSED_UNTIL_OWNER
TPHW-1FB9E61EBD7AEFD95E9E,04:DAE1:0:1:0,00:4345,WRITE,DMA,,YES,10C_DMA_HDMA,ROUTED_FAIL_CLOSED_UNTIL_OWNER
TPHW-04863A812A1B6ED2D65B,04:DAE1:0:1:0,00:4346,WRITE,DMA,,YES,10C_DMA_HDMA,ROUTED_FAIL_CLOSED_UNTIL_OWNER
TPHW-158D60BFE5D732AC16D8,04:DAE6:0:1:0,00:420B,WRITE,CPU_IO,,YES,10C_DMA_HDMA,ROUTED_FAIL_CLOSED_UNTIL_OWNER
TPHW-0944045970D43F828244,04:DB0C:0:1:0,00:2116,WRITE,PPU,,YES,11C_PPU_STATE,ROUTED_FAIL_CLOSED_UNTIL_OWNER
TPHW-14D5373D0666148A3DE3,04:DB12:0:1:0,00:2117,WRITE,PPU,,YES,11C_PPU_STATE,ROUTED_FAIL_CLOSED_UNTIL_OWNER
TPHW-886CEC3D4075C89C4C41,04:DB15:0:1:0,00:420B,WRITE,CPU_IO,,YES,10C_DMA_HDMA,ROUTED_FAIL_CLOSED_UNTIL_OWNER
TPHW-7D85DD1FB08A9EA79292,04:DB1A:0:1:0,00:4340,WRITE,DMA,,YES,10C_DMA_HDMA,ROUTED_FAIL_CLOSED_UNTIL_OWNER
TPHW-55A9202627FF766E7803,04:DB1F:0:1:0,00:4341,WRITE,DMA,,YES,10C_DMA_HDMA,ROUTED_FAIL_CLOSED_UNTIL_OWNER
TPHW-CABE68091931DF35CE8E,04:DB25:0:1:0,00:4342,WRITE,DMA,,YES,10C_DMA_HDMA,ROUTED_FAIL_CLOSED_UNTIL_OWNER
TPHW-1B2A1671801791F5ED39,04:DB25:0:1:0,00:4343,WRITE,DMA,,YES,10C_DMA_HDMA,ROUTED_FAIL_CLOSED_UNTIL_OWNER
TPHW-16591776DB292C6BB381,04:DB2A:0:1:0,00:4344,WRITE,DMA,,YES,10C_DMA_HDMA,ROUTED_FAIL_CLOSED_UNTIL_OWNER
TPHW-A8163B6F86459B619A45,04:DB30:0:1:0,00:4345,WRITE,DMA,,YES,10C_DMA_HDMA,ROUTED_FAIL_CLOSED_UNTIL_OWNER
TPHW-EFE303D82814EFAAEFFD,04:DB30:0:1:0,00:4346,WRITE,DMA,,YES,10C_DMA_HDMA,ROUTED_FAIL_CLOSED_UNTIL_OWNER
TPHW-85C5F74C28F8E526EA34,04:DB35:0:1:0,00:420B,WRITE,CPU_IO,,YES,10C_DMA_HDMA,ROUTED_FAIL_CLOSED_UNTIL_OWNER
TPHW-4509E96C605F0DB751EC,04:DB64:0:1:0,00:2116,WRITE,PPU,,YES,11C_PPU_STATE,ROUTED_FAIL_CLOSED_UNTIL_OWNER
TPHW-0A8DB1707972307863CF,04:DB6A:0:1:0,00:2117,WRITE,PPU,,YES,11C_PPU_STATE,ROUTED_FAIL_CLOSED_UNTIL_OWNER
TPHW-41C75A294CA605DBD40D,04:DB6D:0:1:0,00:420B,WRITE,CPU_IO,,YES,10C_DMA_HDMA,ROUTED_FAIL_CLOSED_UNTIL_OWNER
TPHW-915EBE9615B6E78978CD,04:DB72:0:1:0,00:4340,WRITE,DMA,,YES,10C_DMA_HDMA,ROUTED_FAIL_CLOSED_UNTIL_OWNER
TPHW-C184C6269F1C17E33502,04:DB77:0:1:0,00:4341,WRITE,DMA,,YES,10C_DMA_HDMA,ROUTED_FAIL_CLOSED_UNTIL_OWNER
TPHW-C08B70FEDF0E683BF979,04:DB7D:0:1:0,00:4342,WRITE,DMA,,YES,10C_DMA_HDMA,ROUTED_FAIL_CLOSED_UNTIL_OWNER
TPHW-62267C10D2B90B66F8D1,04:DB7D:0:1:0,00:4343,WRITE,DMA,,YES,10C_DMA_HDMA,ROUTED_FAIL_CLOSED_UNTIL_OWNER
TPHW-008A71CEF0236EE048D9,04:DB82:0:1:0,00:4344,WRITE,DMA,,YES,10C_DMA_HDMA,ROUTED_FAIL_CLOSED_UNTIL_OWNER
TPHW-6B91A9CE144E51744139,04:DB88:0:1:0,00:4345,WRITE,DMA,,YES,10C_DMA_HDMA,ROUTED_FAIL_CLOSED_UNTIL_OWNER
TPHW-32BD389877D54594B6C5,04:DB88:0:1:0,00:4346,WRITE,DMA,,YES,10C_DMA_HDMA,ROUTED_FAIL_CLOSED_UNTIL_OWNER
TPHW-419B160840EBA1062750,04:DB8D:0:1:0,00:420B,WRITE,CPU_IO,,YES,10C_DMA_HDMA,ROUTED_FAIL_CLOSED_UNTIL_OWNER
TPHW-30E3ECC61BB964C44132,04:DBB3:0:1:0,00:2116,WRITE,PPU,,YES,11C_PPU_STATE,ROUTED_FAIL_CLOSED_UNTIL_OWNER
TPHW-5752FA991CBA9BC466D9,04:DBB9:0:1:0,00:2117,WRITE,PPU,,YES,11C_PPU_STATE,ROUTED_FAIL_CLOSED_UNTIL_OWNER
TPHW-0061CDC237BE912372C6,04:DBBC:0:1:0,00:420B,WRITE,CPU_IO,,YES,10C_DMA_HDMA,ROUTED_FAIL_CLOSED_UNTIL_OWNER
TPHW-CB4D0AC86148657EDF36,04:DBC1:0:1:0,00:4340,WRITE,DMA,,YES,10C_DMA_HDMA,ROUTED_FAIL_CLOSED_UNTIL_OWNER
TPHW-0D7ECF858CC6434B0156,04:DBC6:0:1:0,00:4341,WRITE,DMA,,YES,10C_DMA_HDMA,ROUTED_FAIL_CLOSED_UNTIL_OWNER
TPHW-486B7763A98ADB5170BB,04:DBCC:0:1:0,00:4342,WRITE,DMA,,YES,10C_DMA_HDMA,ROUTED_FAIL_CLOSED_UNTIL_OWNER
TPHW-821A6F422BB8E4141A54,04:DBCC:0:1:0,00:4343,WRITE,DMA,,YES,10C_DMA_HDMA,ROUTED_FAIL_CLOSED_UNTIL_OWNER
TPHW-850E8A38C0FBCC3177F0,04:DBD1:0:1:0,00:4344,WRITE,DMA,,YES,10C_DMA_HDMA,ROUTED_FAIL_CLOSED_UNTIL_OWNER
TPHW-889C75952B9FD25069AA,04:DBD7:0:1:0,00:4345,WRITE,DMA,,YES,10C_DMA_HDMA,ROUTED_FAIL_CLOSED_UNTIL_OWNER
TPHW-7460281AB001FE84A60F,04:DBD7:0:1:0,00:4346,WRITE,DMA,,YES,10C_DMA_HDMA,ROUTED_FAIL_CLOSED_UNTIL_OWNER
TPHW-2609BB339FE4C2DEE977,04:DBDC:0:1:0,00:420B,WRITE,CPU_IO,,YES,10C_DMA_HDMA,ROUTED_FAIL_CLOSED_UNTIL_OWNER
TPHW-2E41396A222387305216,04:DC02:0:1:0,00:2116,WRITE,PPU,,YES,11C_PPU_STATE,ROUTED_FAIL_CLOSED_UNTIL_OWNER
TPHW-39F099E234B0BB169A87,04:DC08:0:1:0,00:2117,WRITE,PPU,,YES,11C_PPU_STATE,ROUTED_FAIL_CLOSED_UNTIL_OWNER
TPHW-796F3079398FF2AEEE72,04:DC0B:0:1:0,00:420B,WRITE,CPU_IO,,YES,10C_DMA_HDMA,ROUTED_FAIL_CLOSED_UNTIL_OWNER
TPHW-D9E6FA3E3115DD39B196,04:DC10:0:1:0,00:4340,WRITE,DMA,,YES,10C_DMA_HDMA,ROUTED_FAIL_CLOSED_UNTIL_OWNER
TPHW-89F3BFADD38D70632C16,04:DC15:0:1:0,00:4341,WRITE,DMA,,YES,10C_DMA_HDMA,ROUTED_FAIL_CLOSED_UNTIL_OWNER
TPHW-C7324F7084CCA74C533A,04:DC1B:0:1:0,00:4342,WRITE,DMA,,YES,10C_DMA_HDMA,ROUTED_FAIL_CLOSED_UNTIL_OWNER
TPHW-3A58C441CE286187C97D,04:DC1B:0:1:0,00:4343,WRITE,DMA,,YES,10C_DMA_HDMA,ROUTED_FAIL_CLOSED_UNTIL_OWNER
TPHW-631C9EF0309C7DF952E4,04:DC20:0:1:0,00:4344,WRITE,DMA,,YES,10C_DMA_HDMA,ROUTED_FAIL_CLOSED_UNTIL_OWNER
TPHW-D94C4206B9CAC1208365,04:DC26:0:1:0,00:4345,WRITE,DMA,,YES,10C_DMA_HDMA,ROUTED_FAIL_CLOSED_UNTIL_OWNER
TPHW-FA4ABA8FB9E42A2E6C37,04:DC26:0:1:0,00:4346,WRITE,DMA,,YES,10C_DMA_HDMA,ROUTED_FAIL_CLOSED_UNTIL_OWNER
TPHW-E505710A88B0FE431958,04:DC2B:0:1:0,00:420B,WRITE,CPU_IO,,YES,10C_DMA_HDMA,ROUTED_FAIL_CLOSED_UNTIL_OWNER
TPHW-DB895D964F408BFB8443,04:DC51:0:1:0,00:2116,WRITE,PPU,,YES,11C_PPU_STATE,ROUTED_FAIL_CLOSED_UNTIL_OWNER
TPHW-0C51257E69B2ECFC0336,04:DC57:0:1:0,00:2117,WRITE,PPU,,YES,11C_PPU_STATE,ROUTED_FAIL_CLOSED_UNTIL_OWNER
TPHW-56EAAC73FED6F452B54F,04:DC5A:0:1:0,00:420B,WRITE,CPU_IO,,YES,10C_DMA_HDMA,ROUTED_FAIL_CLOSED_UNTIL_OWNER
TPHW-C1D9BCCE4897E671CCB8,04:DC5F:0:1:0,00:4340,WRITE,DMA,,YES,10C_DMA_HDMA,ROUTED_FAIL_CLOSED_UNTIL_OWNER
TPHW-077195FB99551204BB5A,04:DC64:0:1:0,00:4341,WRITE,DMA,,YES,10C_DMA_HDMA,ROUTED_FAIL_CLOSED_UNTIL_OWNER
TPHW-9AD24C85CC0235602DD3,04:DC6A:0:1:0,00:4342,WRITE,DMA,,YES,10C_DMA_HDMA,ROUTED_FAIL_CLOSED_UNTIL_OWNER
TPHW-29566D172CA72B78250B,04:DC6A:0:1:0,00:4343,WRITE,DMA,,YES,10C_DMA_HDMA,ROUTED_FAIL_CLOSED_UNTIL_OWNER
TPHW-45F50FC19046548AD0E0,04:DC6F:0:1:0,00:4344,WRITE,DMA,,YES,10C_DMA_HDMA,ROUTED_FAIL_CLOSED_UNTIL_OWNER
TPHW-8003811766CA36F0DB53,04:DC75:0:1:0,00:4345,WRITE,DMA,,YES,10C_DMA_HDMA,ROUTED_FAIL_CLOSED_UNTIL_OWNER
TPHW-E92B554C712E29AD5FD9,04:DC75:0:1:0,00:4346,WRITE,DMA,,YES,10C_DMA_HDMA,ROUTED_FAIL_CLOSED_UNTIL_OWNER
TPHW-F0D2076BE11379C07A37,04:DC7A:0:1:0,00:420B,WRITE,CPU_IO,,YES,10C_DMA_HDMA,ROUTED_FAIL_CLOSED_UNTIL_OWNER
TPHW-B27675881F6461865DB3,04:DCA9:0:1:0,00:2116,WRITE,PPU,,YES,11C_PPU_STATE,ROUTED_FAIL_CLOSED_UNTIL_OWNER
TPHW-FA8AAA7F4A49BE309588,04:DCAF:0:1:0,00:2117,WRITE,PPU,,YES,11C_PPU_STATE,ROUTED_FAIL_CLOSED_UNTIL_OWNER
TPHW-D3D8B26A6070200292EB,04:DCB2:0:1:0,00:420B,WRITE,CPU_IO,,YES,10C_DMA_HDMA,ROUTED_FAIL_CLOSED_UNTIL_OWNER
TPHW-05AB95FA2BB4BED2F3BF,04:DCB7:0:1:0,00:4340,WRITE,DMA,,YES,10C_DMA_HDMA,ROUTED_FAIL_CLOSED_UNTIL_OWNER
TPHW-5E83AC7181F29C8CE347,04:DCBC:0:1:0,00:4341,WRITE,DMA,,YES,10C_DMA_HDMA,ROUTED_FAIL_CLOSED_UNTIL_OWNER
TPHW-42C8F100C7A35D62944C,04:DCC2:0:1:0,00:4342,WRITE,DMA,,YES,10C_DMA_HDMA,ROUTED_FAIL_CLOSED_UNTIL_OWNER
TPHW-6685A9A1F08EC4EE3A54,04:DCC2:0:1:0,00:4343,WRITE,DMA,,YES,10C_DMA_HDMA,ROUTED_FAIL_CLOSED_UNTIL_OWNER
TPHW-003358EA93E00C4DF7EC,04:DCC7:0:1:0,00:4344,WRITE,DMA,,YES,10C_DMA_HDMA,ROUTED_FAIL_CLOSED_UNTIL_OWNER
TPHW-1EE898CE8CCEC401EB4E,04:DCCD:0:1:0,00:4345,WRITE,DMA,,YES,10C_DMA_HDMA,ROUTED_FAIL_CLOSED_UNTIL_OWNER
TPHW-66E393F3A9B40813E3CD,04:DCCD:0:1:0,00:4346,WRITE,DMA,,YES,10C_DMA_HDMA,ROUTED_FAIL_CLOSED_UNTIL_OWNER
TPHW-AB9F33F9033E268463EA,04:DCD2:0:1:0,00:420B,WRITE,CPU_IO,,YES,10C_DMA_HDMA,ROUTED_FAIL_CLOSED_UNTIL_OWNER
TPHW-C4D16A926DE05E34EF7F,04:DCF8:0:1:0,00:2116,WRITE,PPU,,YES,11C_PPU_STATE,ROUTED_FAIL_CLOSED_UNTIL_OWNER
TPHW-C671A7701528CA81E70B,04:DCFE:0:1:0,00:2117,WRITE,PPU,,YES,11C_PPU_STATE,ROUTED_FAIL_CLOSED_UNTIL_OWNER
TPHW-4B42075EDE9E2FDEC039,04:DD01:0:1:0,00:420B,WRITE,CPU_IO,,YES,10C_DMA_HDMA,ROUTED_FAIL_CLOSED_UNTIL_OWNER
TPHW-3F43616F6A46192DCCD3,04:DD06:0:1:0,00:4340,WRITE,DMA,,YES,10C_DMA_HDMA,ROUTED_FAIL_CLOSED_UNTIL_OWNER
TPHW-13408760D78302F13F8C,04:DD0B:0:1:0,00:4341,WRITE,DMA,,YES,10C_DMA_HDMA,ROUTED_FAIL_CLOSED_UNTIL_OWNER
TPHW-C34A0A8434FE6C9F6701,04:DD11:0:1:0,00:4342,WRITE,DMA,,YES,10C_DMA_HDMA,ROUTED_FAIL_CLOSED_UNTIL_OWNER
TPHW-AC4412312E4D5FC07862,04:DD11:0:1:0,00:4343,WRITE,DMA,,YES,10C_DMA_HDMA,ROUTED_FAIL_CLOSED_UNTIL_OWNER
TPHW-E950DD5373110DFB23D8,04:DD16:0:1:0,00:4344,WRITE,DMA,,YES,10C_DMA_HDMA,ROUTED_FAIL_CLOSED_UNTIL_OWNER
TPHW-1A43F56F2C574E5A4A6C,04:DD1C:0:1:0,00:4345,WRITE,DMA,,YES,10C_DMA_HDMA,ROUTED_FAIL_CLOSED_UNTIL_OWNER
TPHW-4B0F68FD82D77EB90464,04:DD1C:0:1:0,00:4346,WRITE,DMA,,YES,10C_DMA_HDMA,ROUTED_FAIL_CLOSED_UNTIL_OWNER
TPHW-5213A36FE5F2A5E7A1B6,04:DD21:0:1:0,00:420B,WRITE,CPU_IO,,YES,10C_DMA_HDMA,ROUTED_FAIL_CLOSED_UNTIL_OWNER
TPHW-75D65404B74BD7551310,04:DD50:0:1:0,00:2116,WRITE,PPU,,YES,11C_PPU_STATE,ROUTED_FAIL_CLOSED_UNTIL_OWNER
TPHW-338535F7F5DEB713D6D7,04:DD56:0:1:0,00:2117,WRITE,PPU,,YES,11C_PPU_STATE,ROUTED_FAIL_CLOSED_UNTIL_OWNER
TPHW-2F2A18667CE184C6B285,04:DD59:0:1:0,00:420B,WRITE,CPU_IO,,YES,10C_DMA_HDMA,ROUTED_FAIL_CLOSED_UNTIL_OWNER
TPHW-D5CDA3BAE4B4C8FA12F2,04:DD5E:0:1:0,00:4340,WRITE,DMA,,YES,10C_DMA_HDMA,ROUTED_FAIL_CLOSED_UNTIL_OWNER
TPHW-5F1A04A9B986CA4E2ECB,04:DD63:0:1:0,00:4341,WRITE,DMA,,YES,10C_DMA_HDMA,ROUTED_FAIL_CLOSED_UNTIL_OWNER
TPHW-CE3B2FE5907A1F70F7C8,04:DD69:0:1:0,00:4342,WRITE,DMA,,YES,10C_DMA_HDMA,ROUTED_FAIL_CLOSED_UNTIL_OWNER
TPHW-6ED898DDA764CA2B3C56,04:DD69:0:1:0,00:4343,WRITE,DMA,,YES,10C_DMA_HDMA,ROUTED_FAIL_CLOSED_UNTIL_OWNER
TPHW-A451FF923FCCF6021F25,04:DD6E:0:1:0,00:4344,WRITE,DMA,,YES,10C_DMA_HDMA,ROUTED_FAIL_CLOSED_UNTIL_OWNER
TPHW-13362B051F7B0FEDF42F,04:DD74:0:1:0,00:4345,WRITE,DMA,,YES,10C_DMA_HDMA,ROUTED_FAIL_CLOSED_UNTIL_OWNER
TPHW-54618F09D7E1B7164981,04:DD74:0:1:0,00:4346,WRITE,DMA,,YES,10C_DMA_HDMA,ROUTED_FAIL_CLOSED_UNTIL_OWNER
TPHW-2E06DBCAC8DCEFCD05C9,04:DD79:0:1:0,00:420B,WRITE,CPU_IO,,YES,10C_DMA_HDMA,ROUTED_FAIL_CLOSED_UNTIL_OWNER
TPHW-DCB7BAB9C334087A5277,04:DD80:0:1:1,00:4200,WRITE,CPU_IO,,YES,09C_SCHEDULER_INTERRUPTS,ROUTED_FAIL_CLOSED_UNTIL_OWNER
TPHW-28AA3CD5FF1FF7EF3EE0,04:E202:0:1:1,00:4202,WRITE,CPU_IO,,YES,08C_CPU_IO,OWNED_LOCAL
TPHW-55B565265718292C5BB5,04:E205:0:1:1,00:4203,WRITE,CPU_IO,,YES,08C_CPU_IO,OWNED_LOCAL
TPHW-F2A8E5AD90F9B6144B98,04:E20E:0:0:0,00:4216,READ,CPU_IO,,NO,08C_CPU_IO,OWNED_LOCAL
TPHW-6998475D9C1E0D8D6605,04:E20E:0:0:0,00:4217,READ,CPU_IO,,NO,08C_CPU_IO,OWNED_LOCAL
TPHW-873E4570C025881944DB,04:EEBD:0:1:1,00:211B,WRITE,PPU,,YES,11C_PPU_STATE,ROUTED_FAIL_CLOSED_UNTIL_OWNER
TPHW-9C9A0E747A16A3085D9B,04:EEC1:0:1:1,00:211B,WRITE,PPU,,YES,11C_PPU_STATE,ROUTED_FAIL_CLOSED_UNTIL_OWNER
TPHW-BC1F537230C38C0E604D,04:EEC4:0:1:1,00:211C,WRITE,PPU,,YES,11C_PPU_STATE,ROUTED_FAIL_CLOSED_UNTIL_OWNER
TPHW-8245D1F65DD3069C89A6,04:EECB:0:0:1,00:2134,READ,PPU,,NO,11C_PPU_STATE,ROUTED_FAIL_CLOSED_UNTIL_OWNER
TPHW-80D540404D3FE8D33DB3,04:EECB:0:0:1,00:2135,READ,PPU,,NO,11C_PPU_STATE,ROUTED_FAIL_CLOSED_UNTIL_OWNER
TPHW-9D9294D66B5D26D7A034,04:EECE:0:0:1,00:2136,READ,PPU,,NO,11C_PPU_STATE,ROUTED_FAIL_CLOSED_UNTIL_OWNER
TPHW-86C0B16E096106820377,04:F460:0:1:1,00:4202,WRITE,CPU_IO,,YES,08C_CPU_IO,OWNED_LOCAL
TPHW-BFE20E73ED3882ADB49C,04:F463:0:1:1,00:4203,WRITE,CPU_IO,,YES,08C_CPU_IO,OWNED_LOCAL
TPHW-30A0AFF2C8CA5ED72660,04:F46C:0:0:0,00:4216,READ,CPU_IO,,NO,08C_CPU_IO,OWNED_LOCAL
TPHW-A6C01A7F7452A1F98394,04:F46C:0:0:0,00:4217,READ,CPU_IO,,NO,08C_CPU_IO,OWNED_LOCAL
TPHW-D8879895F721D9712738,04:F482:0:1:1,00:4202,WRITE,CPU_IO,,YES,08C_CPU_IO,OWNED_LOCAL
TPHW-D8AFB7C740868515D19E,04:F485:0:1:1,00:4203,WRITE,CPU_IO,,YES,08C_CPU_IO,OWNED_LOCAL
TPHW-C334453259C4D114C01F,04:F48E:0:0:0,00:4216,READ,CPU_IO,,NO,08C_CPU_IO,OWNED_LOCAL
TPHW-85D99259A3DBF43F4429,04:F48E:0:0:0,00:4217,READ,CPU_IO,,NO,08C_CPU_IO,OWNED_LOCAL
TPHW-C860F360991B6A996EE6,04:F90F:0:0:1,00:4204,WRITE,CPU_IO,,YES,08C_CPU_IO,OWNED_LOCAL
TPHW-5148BE70BED3CD2DF0B7,04:F90F:0:0:1,00:4205,WRITE,CPU_IO,,YES,08C_CPU_IO,OWNED_LOCAL
TPHW-BB3D9F6365AF8EEA68ED,04:F912:0:0:1,00:4206,WRITE,CPU_IO,,YES,08C_CPU_IO,OWNED_LOCAL
TPHW-A92C282943A6810D922E,04:F91F:0:0:0,00:4214,READ,CPU_IO,,NO,08C_CPU_IO,OWNED_LOCAL
TPHW-93D8FFF97B60842C88A4,04:F91F:0:0:0,00:4215,READ,CPU_IO,,NO,08C_CPU_IO,OWNED_LOCAL
TPHW-C68BF84ECD6CEFF9D2ED,04:F922:0:0:0,00:4216,READ,CPU_IO,,NO,08C_CPU_IO,OWNED_LOCAL
TPHW-35CFB8985320CADCF8B3,04:F922:0:0:0,00:4217,READ,CPU_IO,,NO,08C_CPU_IO,OWNED_LOCAL
TPHW-FA9776159FFC2F0B1B50,04:FE50:0:0:1,00:4204,WRITE,CPU_IO,,YES,08C_CPU_IO,OWNED_LOCAL
TPHW-6B83269592465790F0C8,04:FE50:0:0:1,00:4205,WRITE,CPU_IO,,YES,08C_CPU_IO,OWNED_LOCAL
TPHW-ED5B37C43A6251DFBBFA,04:FE53:0:0:1,00:4206,WRITE,CPU_IO,,YES,08C_CPU_IO,OWNED_LOCAL
TPHW-F2C18D23B8B1E3D565E3,04:FE60:0:0:0,00:4214,READ,CPU_IO,,NO,08C_CPU_IO,OWNED_LOCAL
TPHW-02A0EEB4338D31174BD4,04:FE60:0:0:0,00:4215,READ,CPU_IO,,NO,08C_CPU_IO,OWNED_LOCAL
TPHW-F40AC291A96C304A7E1A,04:FE63:0:0:0,00:4216,READ,CPU_IO,,NO,08C_CPU_IO,OWNED_LOCAL
TPHW-73D14509AAE81159AA93,04:FE63:0:0:0,00:4217,READ,CPU_IO,,NO,08C_CPU_IO,OWNED_LOCAL
TPHW-7E4A8A9D9F3955F92F5A,05:80E3:0:0:1,00:4204,WRITE,CPU_IO,,YES,08C_CPU_IO,OWNED_LOCAL
TPHW-E7AD746C0B1869AE6533,05:80E3:0:0:1,00:4205,WRITE,CPU_IO,,YES,08C_CPU_IO,OWNED_LOCAL
TPHW-804C6448EA69E72E7439,05:80E6:0:0:1,00:4206,WRITE,CPU_IO,,YES,08C_CPU_IO,OWNED_LOCAL
TPHW-237DA8015DA7D9AA9AB2,05:80F3:0:0:0,00:4214,READ,CPU_IO,,NO,08C_CPU_IO,OWNED_LOCAL
TPHW-9F893556E60F5B0D4669,05:80F3:0:0:0,00:4215,READ,CPU_IO,,NO,08C_CPU_IO,OWNED_LOCAL
TPHW-D85E725F834FD7ABDA7E,05:80F6:0:0:0,00:4216,READ,CPU_IO,,NO,08C_CPU_IO,OWNED_LOCAL
TPHW-1255B86C70F8907DF5A8,05:80F6:0:0:0,00:4217,READ,CPU_IO,,NO,08C_CPU_IO,OWNED_LOCAL
TPHW-566679021D25681C108A,05:819A:0:0:1,00:4204,WRITE,CPU_IO,,YES,08C_CPU_IO,OWNED_LOCAL
TPHW-5499D1FB4ED1DFE29CF1,05:819A:0:0:1,00:4205,WRITE,CPU_IO,,YES,08C_CPU_IO,OWNED_LOCAL
TPHW-CD68CB6C82BEAC4B803F,05:819D:0:0:1,00:4206,WRITE,CPU_IO,,YES,08C_CPU_IO,OWNED_LOCAL
TPHW-3E8A3CFA2AB4B6E983F7,05:81AA:0:0:0,00:4214,READ,CPU_IO,,NO,08C_CPU_IO,OWNED_LOCAL
TPHW-A05A81BE7FEC06BD71A7,05:81AA:0:0:0,00:4215,READ,CPU_IO,,NO,08C_CPU_IO,OWNED_LOCAL
TPHW-B84C7B90CD06B9CE4ACB,05:81AD:0:0:0,00:4216,READ,CPU_IO,,NO,08C_CPU_IO,OWNED_LOCAL
TPHW-C738FE395B46AD452448,05:81AD:0:0:0,00:4217,READ,CPU_IO,,NO,08C_CPU_IO,OWNED_LOCAL
TPHW-D297BEFC3457B645049D,05:825D:0:0:1,00:4204,WRITE,CPU_IO,,YES,08C_CPU_IO,OWNED_LOCAL
TPHW-76F5458A409DE0270FD1,05:825D:0:0:1,00:4205,WRITE,CPU_IO,,YES,08C_CPU_IO,OWNED_LOCAL
TPHW-96CC8066EB93927F05A2,05:8260:0:0:1,00:4206,WRITE,CPU_IO,,YES,08C_CPU_IO,OWNED_LOCAL
TPHW-C32CDB25CFB2733712DC,05:826D:0:0:0,00:4214,READ,CPU_IO,,NO,08C_CPU_IO,OWNED_LOCAL
TPHW-DBC7B9B63E33DCBE7BD2,05:826D:0:0:0,00:4215,READ,CPU_IO,,NO,08C_CPU_IO,OWNED_LOCAL
TPHW-19CA8E46544CA11BB773,05:8270:0:0:0,00:4216,READ,CPU_IO,,NO,08C_CPU_IO,OWNED_LOCAL
TPHW-5161A022CC2668AB014C,05:8270:0:0:0,00:4217,READ,CPU_IO,,NO,08C_CPU_IO,OWNED_LOCAL
TPHW-5382ADA5460268ACD83A,05:82D7:0:0:1,00:4204,WRITE,CPU_IO,,YES,08C_CPU_IO,OWNED_LOCAL
TPHW-AE362859A40153D989EC,05:82D7:0:0:1,00:4205,WRITE,CPU_IO,,YES,08C_CPU_IO,OWNED_LOCAL
TPHW-014E52CAA2AA47A7ECE0,05:82DA:0:0:1,00:4206,WRITE,CPU_IO,,YES,08C_CPU_IO,OWNED_LOCAL
TPHW-DF7DF275A7C9D9AD1911,05:82E7:0:0:0,00:4214,READ,CPU_IO,,NO,08C_CPU_IO,OWNED_LOCAL
TPHW-726033BFFC186D39F7FC,05:82E7:0:0:0,00:4215,READ,CPU_IO,,NO,08C_CPU_IO,OWNED_LOCAL
TPHW-A5D1F283F89CD739107C,05:82EA:0:0:0,00:4216,READ,CPU_IO,,NO,08C_CPU_IO,OWNED_LOCAL
TPHW-2DAA6A99863D648D772D,05:82EA:0:0:0,00:4217,READ,CPU_IO,,NO,08C_CPU_IO,OWNED_LOCAL
TPHW-23691F10DE9F58A208E4,05:86E8:0:1:1,00:4202,WRITE,CPU_IO,,YES,08C_CPU_IO,OWNED_LOCAL
TPHW-CDF6D2BDFC5F72F43124,05:86EB:0:1:1,00:4203,WRITE,CPU_IO,,YES,08C_CPU_IO,OWNED_LOCAL
TPHW-86213705DC15204860D2,05:86F4:0:0:0,00:4216,READ,CPU_IO,,NO,08C_CPU_IO,OWNED_LOCAL
TPHW-13240A0C41F6E4285453,05:86F4:0:0:0,00:4217,READ,CPU_IO,,NO,08C_CPU_IO,OWNED_LOCAL
TPHW-64A78F2CA1C290EC8E29,05:876B:0:1:1,00:211B,WRITE,PPU,,YES,11C_PPU_STATE,ROUTED_FAIL_CLOSED_UNTIL_OWNER
TPHW-A78C2D796FAEBED8A85E,05:876F:0:1:1,00:211B,WRITE,PPU,,YES,11C_PPU_STATE,ROUTED_FAIL_CLOSED_UNTIL_OWNER
TPHW-5D9BAA15F27A4CAB04E9,05:8772:0:1:1,00:211C,WRITE,PPU,,YES,11C_PPU_STATE,ROUTED_FAIL_CLOSED_UNTIL_OWNER
TPHW-96EA07AA237F2B4773DF,05:8779:0:0:1,00:2134,READ,PPU,,NO,11C_PPU_STATE,ROUTED_FAIL_CLOSED_UNTIL_OWNER
TPHW-4218FD95A06B835DB17F,05:8779:0:0:1,00:2135,READ,PPU,,NO,11C_PPU_STATE,ROUTED_FAIL_CLOSED_UNTIL_OWNER
TPHW-BFDCB38D59DB8B2AFBE3,05:877C:0:0:1,00:2136,READ,PPU,,NO,11C_PPU_STATE,ROUTED_FAIL_CLOSED_UNTIL_OWNER
TPHW-EFEE14AD5B9DCF4A6BEA,06:A5A2:0:0:1,00:4204,WRITE,CPU_IO,,YES,08C_CPU_IO,OWNED_LOCAL
TPHW-1CF22FFDBF2E958994DA,06:A5A2:0:0:1,00:4205,WRITE,CPU_IO,,YES,08C_CPU_IO,OWNED_LOCAL
TPHW-3F49B5390887190E42F2,06:A5A5:0:0:1,00:4206,WRITE,CPU_IO,,YES,08C_CPU_IO,OWNED_LOCAL
TPHW-7F201D73D058457C63D9,06:A5B2:0:0:0,00:4214,READ,CPU_IO,,NO,08C_CPU_IO,OWNED_LOCAL
TPHW-2D427F07688BB35DD863,06:A5B2:0:0:0,00:4215,READ,CPU_IO,,NO,08C_CPU_IO,OWNED_LOCAL
TPHW-2DAFC8D0BE87824516FA,06:A5B5:0:0:0,00:4216,READ,CPU_IO,,NO,08C_CPU_IO,OWNED_LOCAL
TPHW-53C66A873AB8DC54905E,06:A5B5:0:0:0,00:4217,READ,CPU_IO,,NO,08C_CPU_IO,OWNED_LOCAL
TPHW-E1E6D8B4685F5F4772B8,06:B88C:0:1:1,00:4202,WRITE,CPU_IO,,YES,08C_CPU_IO,OWNED_LOCAL
TPHW-5211CAC8257725D1B4D5,06:B88F:0:1:1,00:4203,WRITE,CPU_IO,,YES,08C_CPU_IO,OWNED_LOCAL
TPHW-7FAEDCDD58D9CA3FBCC3,06:B898:0:0:0,00:4216,READ,CPU_IO,,NO,08C_CPU_IO,OWNED_LOCAL
TPHW-8EC11A52BC3ECD25B3A6,06:B898:0:0:0,00:4217,READ,CPU_IO,,NO,08C_CPU_IO,OWNED_LOCAL
TPHW-05B487E0CDB703FE67F5,06:BA4E:0:1:0,00:4200,WRITE,CPU_IO,,YES,09C_SCHEDULER_INTERRUPTS,ROUTED_FAIL_CLOSED_UNTIL_OWNER
TPHW-F1DFC5EFE63FDB7C1370,06:BA54:0:1:0,00:2116,WRITE,PPU,,YES,11C_PPU_STATE,ROUTED_FAIL_CLOSED_UNTIL_OWNER
TPHW-CC575358B07DBB969AEC,06:BA5A:0:1:0,00:2117,WRITE,PPU,,YES,11C_PPU_STATE,ROUTED_FAIL_CLOSED_UNTIL_OWNER
TPHW-1C829E75791695D3BF58,06:BA5D:0:1:0,00:420B,WRITE,CPU_IO,,YES,10C_DMA_HDMA,ROUTED_FAIL_CLOSED_UNTIL_OWNER
TPHW-85FE3EA5FC41CB28DCAF,06:BA62:0:1:0,00:4340,WRITE,DMA,,YES,10C_DMA_HDMA,ROUTED_FAIL_CLOSED_UNTIL_OWNER
TPHW-D8D3E3C166CC7C8D18B3,06:BA67:0:1:0,00:4341,WRITE,DMA,,YES,10C_DMA_HDMA,ROUTED_FAIL_CLOSED_UNTIL_OWNER
TPHW-740E0CA0E65D29D23447,06:BA6D:0:1:0,00:4342,WRITE,DMA,,YES,10C_DMA_HDMA,ROUTED_FAIL_CLOSED_UNTIL_OWNER
TPHW-EDD1BA4B1BD90D4EF6BE,06:BA6D:0:1:0,00:4343,WRITE,DMA,,YES,10C_DMA_HDMA,ROUTED_FAIL_CLOSED_UNTIL_OWNER
TPHW-5F140D1BA4C6B99CB4E9,06:BA72:0:1:0,00:4344,WRITE,DMA,,YES,10C_DMA_HDMA,ROUTED_FAIL_CLOSED_UNTIL_OWNER
TPHW-3AD73237EEB5AF6E467D,06:BA78:0:1:0,00:4345,WRITE,DMA,,YES,10C_DMA_HDMA,ROUTED_FAIL_CLOSED_UNTIL_OWNER
TPHW-12DF3BC142F4C75464F8,06:BA78:0:1:0,00:4346,WRITE,DMA,,YES,10C_DMA_HDMA,ROUTED_FAIL_CLOSED_UNTIL_OWNER
TPHW-6799AE90850A5F53D90A,06:BA7D:0:1:0,00:420B,WRITE,CPU_IO,,YES,10C_DMA_HDMA,ROUTED_FAIL_CLOSED_UNTIL_OWNER
TPHW-F68D8CD2622AFE6B7C5A,06:BA9A:0:1:0,00:2116,WRITE,PPU,,YES,11C_PPU_STATE,ROUTED_FAIL_CLOSED_UNTIL_OWNER
TPHW-0ED9DC6BC69B2B52FA6F,06:BAA0:0:1:0,00:2117,WRITE,PPU,,YES,11C_PPU_STATE,ROUTED_FAIL_CLOSED_UNTIL_OWNER
TPHW-4696D218649CE5D404A7,06:BAA3:0:1:0,00:420B,WRITE,CPU_IO,,YES,10C_DMA_HDMA,ROUTED_FAIL_CLOSED_UNTIL_OWNER
TPHW-AB8734A921E63C0904DB,06:BAA8:0:1:0,00:4340,WRITE,DMA,,YES,10C_DMA_HDMA,ROUTED_FAIL_CLOSED_UNTIL_OWNER
TPHW-FF83260ED4FF2C11C2BE,06:BAAD:0:1:0,00:4341,WRITE,DMA,,YES,10C_DMA_HDMA,ROUTED_FAIL_CLOSED_UNTIL_OWNER
TPHW-A540966B8D0961F6160D,06:BAB3:0:1:0,00:4342,WRITE,DMA,,YES,10C_DMA_HDMA,ROUTED_FAIL_CLOSED_UNTIL_OWNER
TPHW-826A0F0A03B824E4B751,06:BAB3:0:1:0,00:4343,WRITE,DMA,,YES,10C_DMA_HDMA,ROUTED_FAIL_CLOSED_UNTIL_OWNER
TPHW-5A12312EA9BE7CEA5B91,06:BAB8:0:1:0,00:4344,WRITE,DMA,,YES,10C_DMA_HDMA,ROUTED_FAIL_CLOSED_UNTIL_OWNER
TPHW-C70087675AB1724E7B1B,06:BABE:0:1:0,00:4345,WRITE,DMA,,YES,10C_DMA_HDMA,ROUTED_FAIL_CLOSED_UNTIL_OWNER
TPHW-8362BC3A92E86E3A81EE,06:BABE:0:1:0,00:4346,WRITE,DMA,,YES,10C_DMA_HDMA,ROUTED_FAIL_CLOSED_UNTIL_OWNER
TPHW-9F2C4D644112C357DED6,06:BAC3:0:1:0,00:420B,WRITE,CPU_IO,,YES,10C_DMA_HDMA,ROUTED_FAIL_CLOSED_UNTIL_OWNER
TPHW-31547F8EC9678249152D,06:BAE3:0:1:0,00:2116,WRITE,PPU,,YES,11C_PPU_STATE,ROUTED_FAIL_CLOSED_UNTIL_OWNER
TPHW-17E0147216A176FEC23F,06:BAE9:0:1:0,00:2117,WRITE,PPU,,YES,11C_PPU_STATE,ROUTED_FAIL_CLOSED_UNTIL_OWNER
TPHW-CE601C503C4DB8F6387D,06:BAEC:0:1:0,00:420B,WRITE,CPU_IO,,YES,10C_DMA_HDMA,ROUTED_FAIL_CLOSED_UNTIL_OWNER
TPHW-8B98F550906F55BEB803,06:BAF1:0:1:0,00:4340,WRITE,DMA,,YES,10C_DMA_HDMA,ROUTED_FAIL_CLOSED_UNTIL_OWNER
TPHW-6C77444BCD51458E7AB8,06:BAF6:0:1:0,00:4341,WRITE,DMA,,YES,10C_DMA_HDMA,ROUTED_FAIL_CLOSED_UNTIL_OWNER
TPHW-9184F0193B51510E24F4,06:BAFC:0:1:0,00:4342,WRITE,DMA,,YES,10C_DMA_HDMA,ROUTED_FAIL_CLOSED_UNTIL_OWNER
TPHW-338061B5C3A77CD7F26A,06:BAFC:0:1:0,00:4343,WRITE,DMA,,YES,10C_DMA_HDMA,ROUTED_FAIL_CLOSED_UNTIL_OWNER
TPHW-E863247BF7FD169BDEE2,06:BB01:0:1:0,00:4344,WRITE,DMA,,YES,10C_DMA_HDMA,ROUTED_FAIL_CLOSED_UNTIL_OWNER
TPHW-14B34561CFF29CCC4D1F,06:BB07:0:1:0,00:4345,WRITE,DMA,,YES,10C_DMA_HDMA,ROUTED_FAIL_CLOSED_UNTIL_OWNER
TPHW-FE2CA1211B8AA74F2B57,06:BB07:0:1:0,00:4346,WRITE,DMA,,YES,10C_DMA_HDMA,ROUTED_FAIL_CLOSED_UNTIL_OWNER
TPHW-59BF057726DAE8736E44,06:BB0C:0:1:0,00:420B,WRITE,CPU_IO,,YES,10C_DMA_HDMA,ROUTED_FAIL_CLOSED_UNTIL_OWNER
TPHW-3D694823AFE5963FFF58,06:BB2C:0:1:0,00:2116,WRITE,PPU,,YES,11C_PPU_STATE,ROUTED_FAIL_CLOSED_UNTIL_OWNER
TPHW-07C0CDBE6020E29EA19F,06:BB32:0:1:0,00:2117,WRITE,PPU,,YES,11C_PPU_STATE,ROUTED_FAIL_CLOSED_UNTIL_OWNER
TPHW-AFD5BA109BFE4D63527A,06:BB35:0:1:0,00:420B,WRITE,CPU_IO,,YES,10C_DMA_HDMA,ROUTED_FAIL_CLOSED_UNTIL_OWNER
TPHW-001E50D2CC684C0DA758,06:BB3A:0:1:0,00:4340,WRITE,DMA,,YES,10C_DMA_HDMA,ROUTED_FAIL_CLOSED_UNTIL_OWNER
TPHW-450BC36C961E249CAA17,06:BB3F:0:1:0,00:4341,WRITE,DMA,,YES,10C_DMA_HDMA,ROUTED_FAIL_CLOSED_UNTIL_OWNER
TPHW-A7C1FCEBE7AC6202E128,06:BB45:0:1:0,00:4342,WRITE,DMA,,YES,10C_DMA_HDMA,ROUTED_FAIL_CLOSED_UNTIL_OWNER
TPHW-12D3521BE223DE571846,06:BB45:0:1:0,00:4343,WRITE,DMA,,YES,10C_DMA_HDMA,ROUTED_FAIL_CLOSED_UNTIL_OWNER
TPHW-3B78084FD987AD26949B,06:BB4A:0:1:0,00:4344,WRITE,DMA,,YES,10C_DMA_HDMA,ROUTED_FAIL_CLOSED_UNTIL_OWNER
TPHW-392F069B5D6794C669FB,06:BB50:0:1:0,00:4345,WRITE,DMA,,YES,10C_DMA_HDMA,ROUTED_FAIL_CLOSED_UNTIL_OWNER
TPHW-BDEF82D42D868D006563,06:BB50:0:1:0,00:4346,WRITE,DMA,,YES,10C_DMA_HDMA,ROUTED_FAIL_CLOSED_UNTIL_OWNER
TPHW-1B9E221AB2F873E477E6,06:BB55:0:1:0,00:420B,WRITE,CPU_IO,,YES,10C_DMA_HDMA,ROUTED_FAIL_CLOSED_UNTIL_OWNER
TPHW-9E34DF6B8A4627DE74DE,06:BB75:0:1:0,00:2116,WRITE,PPU,,YES,11C_PPU_STATE,ROUTED_FAIL_CLOSED_UNTIL_OWNER
TPHW-1FE56106A1614257E2A1,06:BB7B:0:1:0,00:2117,WRITE,PPU,,YES,11C_PPU_STATE,ROUTED_FAIL_CLOSED_UNTIL_OWNER
TPHW-96F8D3CE823AD2CA7C15,06:BB7E:0:1:0,00:420B,WRITE,CPU_IO,,YES,10C_DMA_HDMA,ROUTED_FAIL_CLOSED_UNTIL_OWNER
TPHW-40E70829E7508DE86F6F,06:BB83:0:1:0,00:4340,WRITE,DMA,,YES,10C_DMA_HDMA,ROUTED_FAIL_CLOSED_UNTIL_OWNER
TPHW-343D276FD278F06A2D8C,06:BB88:0:1:0,00:4341,WRITE,DMA,,YES,10C_DMA_HDMA,ROUTED_FAIL_CLOSED_UNTIL_OWNER
TPHW-0E5DBFE19A4CCE9DDE68,06:BB8E:0:1:0,00:4342,WRITE,DMA,,YES,10C_DMA_HDMA,ROUTED_FAIL_CLOSED_UNTIL_OWNER
TPHW-F331C417C543FD541EE6,06:BB8E:0:1:0,00:4343,WRITE,DMA,,YES,10C_DMA_HDMA,ROUTED_FAIL_CLOSED_UNTIL_OWNER
TPHW-18A119C1954A2A261FFC,06:BB93:0:1:0,00:4344,WRITE,DMA,,YES,10C_DMA_HDMA,ROUTED_FAIL_CLOSED_UNTIL_OWNER
TPHW-F9ADFA944155459A7B83,06:BB99:0:1:0,00:4345,WRITE,DMA,,YES,10C_DMA_HDMA,ROUTED_FAIL_CLOSED_UNTIL_OWNER
TPHW-F497FD3B844F44D104BC,06:BB99:0:1:0,00:4346,WRITE,DMA,,YES,10C_DMA_HDMA,ROUTED_FAIL_CLOSED_UNTIL_OWNER
TPHW-7E3B2A8F78066CEF668D,06:BB9E:0:1:0,00:420B,WRITE,CPU_IO,,YES,10C_DMA_HDMA,ROUTED_FAIL_CLOSED_UNTIL_OWNER
TPHW-BCA1D28416301EAD5BC5,06:BBA5:0:1:1,00:4200,WRITE,CPU_IO,,YES,09C_SCHEDULER_INTERRUPTS,ROUTED_FAIL_CLOSED_UNTIL_OWNER
TPHW-0B9CC7363C4C4290997A,06:BF7E:0:1:1,00:211B,WRITE,PPU,,YES,11C_PPU_STATE,ROUTED_FAIL_CLOSED_UNTIL_OWNER
TPHW-0E4B926C688961D8947F,06:BF82:0:1:1,00:211B,WRITE,PPU,,YES,11C_PPU_STATE,ROUTED_FAIL_CLOSED_UNTIL_OWNER
TPHW-C75DD0FA377F60D030FC,06:BF85:0:1:1,00:211C,WRITE,PPU,,YES,11C_PPU_STATE,ROUTED_FAIL_CLOSED_UNTIL_OWNER
TPHW-EF3D600D185D346D09F2,06:BF8C:0:0:1,00:2134,READ,PPU,,NO,11C_PPU_STATE,ROUTED_FAIL_CLOSED_UNTIL_OWNER
TPHW-06FBE4EF2A2EEA3A9D85,06:BF8C:0:0:1,00:2135,READ,PPU,,NO,11C_PPU_STATE,ROUTED_FAIL_CLOSED_UNTIL_OWNER
TPHW-7AEA1A4CCE49B8622A4A,06:BF8F:0:0:1,00:2136,READ,PPU,,NO,11C_PPU_STATE,ROUTED_FAIL_CLOSED_UNTIL_OWNER
TPHW-3A58BAD069FA8FB23D70,06:C367:0:1:1,00:211B,WRITE,PPU,,YES,11C_PPU_STATE,ROUTED_FAIL_CLOSED_UNTIL_OWNER
TPHW-38D00180BDF37929E10B,06:C36B:0:1:1,00:211B,WRITE,PPU,,YES,11C_PPU_STATE,ROUTED_FAIL_CLOSED_UNTIL_OWNER
TPHW-87E99ED15B6790145DF1,06:C36E:0:1:1,00:211C,WRITE,PPU,,YES,11C_PPU_STATE,ROUTED_FAIL_CLOSED_UNTIL_OWNER
TPHW-91C0EC1AC87BF7F76E77,06:C375:0:0:1,00:2134,READ,PPU,,NO,11C_PPU_STATE,ROUTED_FAIL_CLOSED_UNTIL_OWNER
TPHW-5E7D24AFA2D74D26CD2D,06:C375:0:0:1,00:2135,READ,PPU,,NO,11C_PPU_STATE,ROUTED_FAIL_CLOSED_UNTIL_OWNER
TPHW-9078A077B86835F0C303,06:C378:0:0:1,00:2136,READ,PPU,,NO,11C_PPU_STATE,ROUTED_FAIL_CLOSED_UNTIL_OWNER
TPHW-498C4DCD01F5578994A8,06:C3C7:0:1:1,00:211B,WRITE,PPU,,YES,11C_PPU_STATE,ROUTED_FAIL_CLOSED_UNTIL_OWNER
TPHW-94B7A0A0CF533AA3B27E,06:C3CB:0:1:1,00:211B,WRITE,PPU,,YES,11C_PPU_STATE,ROUTED_FAIL_CLOSED_UNTIL_OWNER
TPHW-00514809E1A9BAF71B1D,06:C3CE:0:1:1,00:211C,WRITE,PPU,,YES,11C_PPU_STATE,ROUTED_FAIL_CLOSED_UNTIL_OWNER
TPHW-CF77AFD23B14747CF606,06:C3D5:0:0:1,00:2134,READ,PPU,,NO,11C_PPU_STATE,ROUTED_FAIL_CLOSED_UNTIL_OWNER
TPHW-40EBDCFFF4BE79C297A9,06:C3D5:0:0:1,00:2135,READ,PPU,,NO,11C_PPU_STATE,ROUTED_FAIL_CLOSED_UNTIL_OWNER
TPHW-B4E600062581E0A61D1E,06:C3D8:0:0:1,00:2136,READ,PPU,,NO,11C_PPU_STATE,ROUTED_FAIL_CLOSED_UNTIL_OWNER
TPHW-4DAB20DCE448B7A87487,06:C417:0:1:1,00:211B,WRITE,PPU,,YES,11C_PPU_STATE,ROUTED_FAIL_CLOSED_UNTIL_OWNER
TPHW-1633264301610DF527B0,06:C41B:0:1:1,00:211B,WRITE,PPU,,YES,11C_PPU_STATE,ROUTED_FAIL_CLOSED_UNTIL_OWNER
TPHW-EC8774B477783D5BDE55,06:C41E:0:1:1,00:211C,WRITE,PPU,,YES,11C_PPU_STATE,ROUTED_FAIL_CLOSED_UNTIL_OWNER
TPHW-33AD60181D4C6E44565E,06:C425:0:0:1,00:2134,READ,PPU,,NO,11C_PPU_STATE,ROUTED_FAIL_CLOSED_UNTIL_OWNER
TPHW-27E8FA2D091F0F811198,06:C425:0:0:1,00:2135,READ,PPU,,NO,11C_PPU_STATE,ROUTED_FAIL_CLOSED_UNTIL_OWNER
TPHW-173DE6A330911133739A,06:C428:0:0:1,00:2136,READ,PPU,,NO,11C_PPU_STATE,ROUTED_FAIL_CLOSED_UNTIL_OWNER
TPHW-F8EE1078288B503A3532,06:C467:0:1:1,00:211B,WRITE,PPU,,YES,11C_PPU_STATE,ROUTED_FAIL_CLOSED_UNTIL_OWNER
TPHW-B112532EB5ABAC8B0319,06:C46B:0:1:1,00:211B,WRITE,PPU,,YES,11C_PPU_STATE,ROUTED_FAIL_CLOSED_UNTIL_OWNER
TPHW-987C7955DA92D2C9A4B1,06:C46E:0:1:1,00:211C,WRITE,PPU,,YES,11C_PPU_STATE,ROUTED_FAIL_CLOSED_UNTIL_OWNER
TPHW-78141A83C14375E0DDAF,06:C475:0:0:1,00:2134,READ,PPU,,NO,11C_PPU_STATE,ROUTED_FAIL_CLOSED_UNTIL_OWNER
TPHW-834F732F2CE1F1FD1D2E,06:C475:0:0:1,00:2135,READ,PPU,,NO,11C_PPU_STATE,ROUTED_FAIL_CLOSED_UNTIL_OWNER
TPHW-DCAD22CFD9C772F62250,06:C478:0:0:1,00:2136,READ,PPU,,NO,11C_PPU_STATE,ROUTED_FAIL_CLOSED_UNTIL_OWNER
TPHW-DF1EDC2A94D511BF0264,06:C4C9:0:1:1,00:211B,WRITE,PPU,,YES,11C_PPU_STATE,ROUTED_FAIL_CLOSED_UNTIL_OWNER
TPHW-A305F810CDBB36D480D5,06:C4CD:0:1:1,00:211B,WRITE,PPU,,YES,11C_PPU_STATE,ROUTED_FAIL_CLOSED_UNTIL_OWNER
TPHW-31A51CBE298F74DF8888,06:C4D0:0:1:1,00:211C,WRITE,PPU,,YES,11C_PPU_STATE,ROUTED_FAIL_CLOSED_UNTIL_OWNER
TPHW-22D33C5342AC39DF9AC1,06:C4D7:0:0:1,00:2134,READ,PPU,,NO,11C_PPU_STATE,ROUTED_FAIL_CLOSED_UNTIL_OWNER
TPHW-C2D528A4837DFB6330F3,06:C4D7:0:0:1,00:2135,READ,PPU,,NO,11C_PPU_STATE,ROUTED_FAIL_CLOSED_UNTIL_OWNER
TPHW-5C757338401A752DFF7E,06:C4DA:0:0:1,00:2136,READ,PPU,,NO,11C_PPU_STATE,ROUTED_FAIL_CLOSED_UNTIL_OWNER
TPHW-76B34763662970803419,06:C50A:0:1:1,00:211B,WRITE,PPU,,YES,11C_PPU_STATE,ROUTED_FAIL_CLOSED_UNTIL_OWNER
TPHW-FE481471D62BCF6056EE,06:C50E:0:1:1,00:211B,WRITE,PPU,,YES,11C_PPU_STATE,ROUTED_FAIL_CLOSED_UNTIL_OWNER
TPHW-966F22F4D6C8671AF77E,06:C511:0:1:1,00:211C,WRITE,PPU,,YES,11C_PPU_STATE,ROUTED_FAIL_CLOSED_UNTIL_OWNER
TPHW-4B1D6A0E1F4D4E6D2A09,06:C518:0:0:1,00:2134,READ,PPU,,NO,11C_PPU_STATE,ROUTED_FAIL_CLOSED_UNTIL_OWNER
TPHW-DB71F9D624CF100D461A,06:C518:0:0:1,00:2135,READ,PPU,,NO,11C_PPU_STATE,ROUTED_FAIL_CLOSED_UNTIL_OWNER
TPHW-00CE60D8F5BCCF2BD45D,06:C51B:0:0:1,00:2136,READ,PPU,,NO,11C_PPU_STATE,ROUTED_FAIL_CLOSED_UNTIL_OWNER
TPHW-EE0A151F6AF5E0F876B1,06:C55A:0:1:1,00:211B,WRITE,PPU,,YES,11C_PPU_STATE,ROUTED_FAIL_CLOSED_UNTIL_OWNER
TPHW-B13ED5C58A0ED5F9A9F7,06:C55E:0:1:1,00:211B,WRITE,PPU,,YES,11C_PPU_STATE,ROUTED_FAIL_CLOSED_UNTIL_OWNER
TPHW-0AA7061CB2D32028797E,06:C561:0:1:1,00:211C,WRITE,PPU,,YES,11C_PPU_STATE,ROUTED_FAIL_CLOSED_UNTIL_OWNER
TPHW-4238371905582B888CDA,06:C568:0:0:1,00:2134,READ,PPU,,NO,11C_PPU_STATE,ROUTED_FAIL_CLOSED_UNTIL_OWNER
TPHW-99883DF75D33C646197A,06:C568:0:0:1,00:2135,READ,PPU,,NO,11C_PPU_STATE,ROUTED_FAIL_CLOSED_UNTIL_OWNER
TPHW-A95F5679DA5AFFE4D2FC,06:C56B:0:0:1,00:2136,READ,PPU,,NO,11C_PPU_STATE,ROUTED_FAIL_CLOSED_UNTIL_OWNER
TPHW-5BF4FCB7AB771A9A6453,06:C5C5:0:1:1,00:211B,WRITE,PPU,,YES,11C_PPU_STATE,ROUTED_FAIL_CLOSED_UNTIL_OWNER
TPHW-9C1AF078BA65B44A72F2,06:C5C9:0:1:1,00:211B,WRITE,PPU,,YES,11C_PPU_STATE,ROUTED_FAIL_CLOSED_UNTIL_OWNER
TPHW-F3AEDE1E6578EFAC4E96,06:C5CC:0:1:1,00:211C,WRITE,PPU,,YES,11C_PPU_STATE,ROUTED_FAIL_CLOSED_UNTIL_OWNER
TPHW-7573DB30B69DBE35B664,06:C5D3:0:0:1,00:2134,READ,PPU,,NO,11C_PPU_STATE,ROUTED_FAIL_CLOSED_UNTIL_OWNER
TPHW-BA39F7C7C09BBE73D673,06:C5D3:0:0:1,00:2135,READ,PPU,,NO,11C_PPU_STATE,ROUTED_FAIL_CLOSED_UNTIL_OWNER
TPHW-D3F3CDFFA36AC972120F,06:C5D6:0:0:1,00:2136,READ,PPU,,NO,11C_PPU_STATE,ROUTED_FAIL_CLOSED_UNTIL_OWNER
TPHW-B9BF3B84A452AEBBECDB,06:C615:0:1:1,00:211B,WRITE,PPU,,YES,11C_PPU_STATE,ROUTED_FAIL_CLOSED_UNTIL_OWNER
TPHW-67BADB4807C0255266F7,06:C619:0:1:1,00:211B,WRITE,PPU,,YES,11C_PPU_STATE,ROUTED_FAIL_CLOSED_UNTIL_OWNER
TPHW-7C8C8750AA93E6D87D20,06:C61C:0:1:1,00:211C,WRITE,PPU,,YES,11C_PPU_STATE,ROUTED_FAIL_CLOSED_UNTIL_OWNER
TPHW-66655413DD07B72251B0,06:C623:0:0:1,00:2134,READ,PPU,,NO,11C_PPU_STATE,ROUTED_FAIL_CLOSED_UNTIL_OWNER
TPHW-C58BD56B9547426758D3,06:C623:0:0:1,00:2135,READ,PPU,,NO,11C_PPU_STATE,ROUTED_FAIL_CLOSED_UNTIL_OWNER
TPHW-5BDB08BA91A9962DFCD3,06:C626:0:0:1,00:2136,READ,PPU,,NO,11C_PPU_STATE,ROUTED_FAIL_CLOSED_UNTIL_OWNER
TPHW-1DC41A874D2BF92F47D5,06:C671:0:1:1,00:211B,WRITE,PPU,,YES,11C_PPU_STATE,ROUTED_FAIL_CLOSED_UNTIL_OWNER
TPHW-B5442BEC6EE656A90319,06:C675:0:1:1,00:211B,WRITE,PPU,,YES,11C_PPU_STATE,ROUTED_FAIL_CLOSED_UNTIL_OWNER
TPHW-2753A13F7449F0688E5E,06:C678:0:1:1,00:211C,WRITE,PPU,,YES,11C_PPU_STATE,ROUTED_FAIL_CLOSED_UNTIL_OWNER
TPHW-D32CB3DD4AAD87F07D99,06:C67F:0:0:1,00:2134,READ,PPU,,NO,11C_PPU_STATE,ROUTED_FAIL_CLOSED_UNTIL_OWNER
TPHW-2BE6A76CD447A89FFBC8,06:C67F:0:0:1,00:2135,READ,PPU,,NO,11C_PPU_STATE,ROUTED_FAIL_CLOSED_UNTIL_OWNER
TPHW-E97C3CEF60DF305FFE4F,06:C682:0:0:1,00:2136,READ,PPU,,NO,11C_PPU_STATE,ROUTED_FAIL_CLOSED_UNTIL_OWNER
TPHW-4B2DDE4D2D746367FCDD,06:C6B4:0:1:1,00:211B,WRITE,PPU,,YES,11C_PPU_STATE,ROUTED_FAIL_CLOSED_UNTIL_OWNER
TPHW-EB363CBB90EBBC0CDAC3,06:C6B8:0:1:1,00:211B,WRITE,PPU,,YES,11C_PPU_STATE,ROUTED_FAIL_CLOSED_UNTIL_OWNER
TPHW-63F9ABBE292F55DB41DF,06:C6BB:0:1:1,00:211C,WRITE,PPU,,YES,11C_PPU_STATE,ROUTED_FAIL_CLOSED_UNTIL_OWNER
TPHW-DB6E0F6503427C49B6A0,06:C6C2:0:0:1,00:2134,READ,PPU,,NO,11C_PPU_STATE,ROUTED_FAIL_CLOSED_UNTIL_OWNER
TPHW-110E7805F5CFC69DCBF3,06:C6C2:0:0:1,00:2135,READ,PPU,,NO,11C_PPU_STATE,ROUTED_FAIL_CLOSED_UNTIL_OWNER
TPHW-D55DB7C83C88E7054584,06:C6C5:0:0:1,00:2136,READ,PPU,,NO,11C_PPU_STATE,ROUTED_FAIL_CLOSED_UNTIL_OWNER
TPHW-3AFA34BAA77712BD2B1C,06:C6F7:0:1:1,00:211B,WRITE,PPU,,YES,11C_PPU_STATE,ROUTED_FAIL_CLOSED_UNTIL_OWNER
TPHW-62132D7E80B86904C23C,06:C6FB:0:1:1,00:211B,WRITE,PPU,,YES,11C_PPU_STATE,ROUTED_FAIL_CLOSED_UNTIL_OWNER
TPHW-5E370639D9ABD8CF7988,06:C6FE:0:1:1,00:211C,WRITE,PPU,,YES,11C_PPU_STATE,ROUTED_FAIL_CLOSED_UNTIL_OWNER
TPHW-F2D65FC22D379795A084,06:C705:0:0:1,00:2134,READ,PPU,,NO,11C_PPU_STATE,ROUTED_FAIL_CLOSED_UNTIL_OWNER
TPHW-3CB70F0B35661DCE1906,06:C705:0:0:1,00:2135,READ,PPU,,NO,11C_PPU_STATE,ROUTED_FAIL_CLOSED_UNTIL_OWNER
TPHW-00DD7C824CC32792B8CA,06:C708:0:0:1,00:2136,READ,PPU,,NO,11C_PPU_STATE,ROUTED_FAIL_CLOSED_UNTIL_OWNER
TPHW-EC89254973A020CE26A6,06:C73A:0:1:1,00:211B,WRITE,PPU,,YES,11C_PPU_STATE,ROUTED_FAIL_CLOSED_UNTIL_OWNER
TPHW-FF5F1CB9CA1FBDB49867,06:C73E:0:1:1,00:211B,WRITE,PPU,,YES,11C_PPU_STATE,ROUTED_FAIL_CLOSED_UNTIL_OWNER
TPHW-E80E856BF86B863C660F,06:C741:0:1:1,00:211C,WRITE,PPU,,YES,11C_PPU_STATE,ROUTED_FAIL_CLOSED_UNTIL_OWNER
TPHW-C2FCD5A582C93E78828A,06:C748:0:0:1,00:2134,READ,PPU,,NO,11C_PPU_STATE,ROUTED_FAIL_CLOSED_UNTIL_OWNER
TPHW-722D50523A23B2449FA3,06:C748:0:0:1,00:2135,READ,PPU,,NO,11C_PPU_STATE,ROUTED_FAIL_CLOSED_UNTIL_OWNER
TPHW-38B0E0E43173052BA60D,06:C74B:0:0:1,00:2136,READ,PPU,,NO,11C_PPU_STATE,ROUTED_FAIL_CLOSED_UNTIL_OWNER
TPHW-203AB3A33B817728393A,06:C783:0:1:1,00:211B,WRITE,PPU,,YES,11C_PPU_STATE,ROUTED_FAIL_CLOSED_UNTIL_OWNER
TPHW-CBC91F728895313AEA24,06:C787:0:1:1,00:211B,WRITE,PPU,,YES,11C_PPU_STATE,ROUTED_FAIL_CLOSED_UNTIL_OWNER
TPHW-A7C8441B76C84BD4C6AE,06:C78A:0:1:1,00:211C,WRITE,PPU,,YES,11C_PPU_STATE,ROUTED_FAIL_CLOSED_UNTIL_OWNER
TPHW-F80E1992E65975DFF4BE,06:C791:0:0:1,00:2134,READ,PPU,,NO,11C_PPU_STATE,ROUTED_FAIL_CLOSED_UNTIL_OWNER
TPHW-6EDE399871FB44A72606,06:C791:0:0:1,00:2135,READ,PPU,,NO,11C_PPU_STATE,ROUTED_FAIL_CLOSED_UNTIL_OWNER
TPHW-2D6F40AFED5B3A474819,06:C794:0:0:1,00:2136,READ,PPU,,NO,11C_PPU_STATE,ROUTED_FAIL_CLOSED_UNTIL_OWNER
TPHW-9BDEC96CE6A87050105E,06:C7C5:0:1:1,00:211B,WRITE,PPU,,YES,11C_PPU_STATE,ROUTED_FAIL_CLOSED_UNTIL_OWNER
TPHW-42496F3D6FE502319A93,06:C7C9:0:1:1,00:211B,WRITE,PPU,,YES,11C_PPU_STATE,ROUTED_FAIL_CLOSED_UNTIL_OWNER
TPHW-8288760386B15B585DD4,06:C7CC:0:1:1,00:211C,WRITE,PPU,,YES,11C_PPU_STATE,ROUTED_FAIL_CLOSED_UNTIL_OWNER
TPHW-65B32E6182370A74DB02,06:C7D3:0:0:1,00:2134,READ,PPU,,NO,11C_PPU_STATE,ROUTED_FAIL_CLOSED_UNTIL_OWNER
TPHW-E1391C6369C3C758D139,06:C7D3:0:0:1,00:2135,READ,PPU,,NO,11C_PPU_STATE,ROUTED_FAIL_CLOSED_UNTIL_OWNER
TPHW-BBBFE5D44D26FD34DFF5,06:C7D6:0:0:1,00:2136,READ,PPU,,NO,11C_PPU_STATE,ROUTED_FAIL_CLOSED_UNTIL_OWNER
TPHW-40F69C48BBC1B31C10CB,06:D56B:0:0:1,00:4204,WRITE,CPU_IO,,YES,08C_CPU_IO,OWNED_LOCAL
TPHW-0488DBFA6DD3EE74BA9E,06:D56B:0:0:1,00:4205,WRITE,CPU_IO,,YES,08C_CPU_IO,OWNED_LOCAL
TPHW-E8462050CDD35D10D829,06:D56E:0:0:1,00:4206,WRITE,CPU_IO,,YES,08C_CPU_IO,OWNED_LOCAL
TPHW-050AF961947F12855BD4,06:D57B:0:0:0,00:4214,READ,CPU_IO,,NO,08C_CPU_IO,OWNED_LOCAL
TPHW-FCB9CDAACBF4862CC556,06:D57B:0:0:0,00:4215,READ,CPU_IO,,NO,08C_CPU_IO,OWNED_LOCAL
TPHW-B350F54EB8626FAA3647,06:D57E:0:0:0,00:4216,READ,CPU_IO,,NO,08C_CPU_IO,OWNED_LOCAL
TPHW-F104942174587A55831F,06:D57E:0:0:0,00:4217,READ,CPU_IO,,NO,08C_CPU_IO,OWNED_LOCAL
TPHW-9981AC338551B79AB9E1,06:D72F:0:1:1,00:211B,WRITE,PPU,,YES,11C_PPU_STATE,ROUTED_FAIL_CLOSED_UNTIL_OWNER
TPHW-2D09A7DC509597722791,06:D733:0:1:1,00:211B,WRITE,PPU,,YES,11C_PPU_STATE,ROUTED_FAIL_CLOSED_UNTIL_OWNER
TPHW-D522BD9039EFF7E572E1,06:D736:0:1:1,00:211C,WRITE,PPU,,YES,11C_PPU_STATE,ROUTED_FAIL_CLOSED_UNTIL_OWNER
TPHW-D90EB1FF5EBCB4779D70,06:D73D:0:0:1,00:2134,READ,PPU,,NO,11C_PPU_STATE,ROUTED_FAIL_CLOSED_UNTIL_OWNER
TPHW-F28AB484EB27F6831267,06:D73D:0:0:1,00:2135,READ,PPU,,NO,11C_PPU_STATE,ROUTED_FAIL_CLOSED_UNTIL_OWNER
TPHW-BEA9EFEE1F82CB33AD80,06:D740:0:0:1,00:2136,READ,PPU,,NO,11C_PPU_STATE,ROUTED_FAIL_CLOSED_UNTIL_OWNER
TPHW-E75EA5CB657982EA1125,06:D77C:0:1:1,00:211B,WRITE,PPU,,YES,11C_PPU_STATE,ROUTED_FAIL_CLOSED_UNTIL_OWNER
TPHW-0373C47C1A48BAA02DE3,06:D780:0:1:1,00:211B,WRITE,PPU,,YES,11C_PPU_STATE,ROUTED_FAIL_CLOSED_UNTIL_OWNER
TPHW-759CA13D8712BC5C1F1E,06:D783:0:1:1,00:211C,WRITE,PPU,,YES,11C_PPU_STATE,ROUTED_FAIL_CLOSED_UNTIL_OWNER
TPHW-474BF8B784ABE744CE93,06:D78A:0:0:1,00:2134,READ,PPU,,NO,11C_PPU_STATE,ROUTED_FAIL_CLOSED_UNTIL_OWNER
TPHW-223B4F83B85423EA708C,06:D78A:0:0:1,00:2135,READ,PPU,,NO,11C_PPU_STATE,ROUTED_FAIL_CLOSED_UNTIL_OWNER
TPHW-5F5C9329F8BE32B9D1D5,06:D78D:0:0:1,00:2136,READ,PPU,,NO,11C_PPU_STATE,ROUTED_FAIL_CLOSED_UNTIL_OWNER
TPHW-CD2871B9DB921FEC5A14,06:E13E:0:1:0,00:2116,WRITE,PPU,,YES,11C_PPU_STATE,ROUTED_FAIL_CLOSED_UNTIL_OWNER
TPHW-B3748CC7FDF63DBAAF0E,06:E143:0:1:0,00:2117,WRITE,PPU,,YES,11C_PPU_STATE,ROUTED_FAIL_CLOSED_UNTIL_OWNER
TPHW-0B08C36FD067ED69F5B3,06:E146:0:1:0,00:420B,WRITE,CPU_IO,,YES,10C_DMA_HDMA,ROUTED_FAIL_CLOSED_UNTIL_OWNER
TPHW-49B11D6F79CE8F2F07C4,06:E14B:0:1:0,00:4330,WRITE,DMA,,YES,10C_DMA_HDMA,ROUTED_FAIL_CLOSED_UNTIL_OWNER
TPHW-C174D6119393A68FD076,06:E150:0:1:0,00:4331,WRITE,DMA,,YES,10C_DMA_HDMA,ROUTED_FAIL_CLOSED_UNTIL_OWNER
TPHW-03664CB153C6A245A015,06:E156:0:1:0,00:4332,WRITE,DMA,,YES,10C_DMA_HDMA,ROUTED_FAIL_CLOSED_UNTIL_OWNER
TPHW-8752B3B1EFCFE1781904,06:E156:0:1:0,00:4333,WRITE,DMA,,YES,10C_DMA_HDMA,ROUTED_FAIL_CLOSED_UNTIL_OWNER
TPHW-92F77FAA36468E315CD9,06:E15B:0:1:0,00:4334,WRITE,DMA,,YES,10C_DMA_HDMA,ROUTED_FAIL_CLOSED_UNTIL_OWNER
TPHW-39CEE333901273F16687,06:E161:0:1:0,00:4335,WRITE,DMA,,YES,10C_DMA_HDMA,ROUTED_FAIL_CLOSED_UNTIL_OWNER
TPHW-44538663F87961D044B2,06:E161:0:1:0,00:4336,WRITE,DMA,,YES,10C_DMA_HDMA,ROUTED_FAIL_CLOSED_UNTIL_OWNER
TPHW-C0D65821637A7F719717,06:E166:0:1:0,00:420B,WRITE,CPU_IO,,YES,10C_DMA_HDMA,ROUTED_FAIL_CLOSED_UNTIL_OWNER
TPHW-585A3F086964CED6301C,06:F1B5:0:1:1,00:4202,WRITE,CPU_IO,,YES,08C_CPU_IO,OWNED_LOCAL
TPHW-A881CDCDC0917D4D0145,06:F1B8:0:1:1,00:4203,WRITE,CPU_IO,,YES,08C_CPU_IO,OWNED_LOCAL
TPHW-BAA2759E6A138F5C5E70,06:F1C1:0:0:0,00:4216,READ,CPU_IO,,NO,08C_CPU_IO,OWNED_LOCAL
TPHW-34E099312830FEE4BA8F,06:F1C1:0:0:0,00:4217,READ,CPU_IO,,NO,08C_CPU_IO,OWNED_LOCAL
TPHW-3FE745ACA57646BAB609,06:F1FD:0:1:1,00:4202,WRITE,CPU_IO,,YES,08C_CPU_IO,OWNED_LOCAL
TPHW-D9EE6081777DBF9AD4FE,06:F200:0:1:1,00:4203,WRITE,CPU_IO,,YES,08C_CPU_IO,OWNED_LOCAL
TPHW-87B8E4A15DC47022E774,06:F209:0:0:0,00:4216,READ,CPU_IO,,NO,08C_CPU_IO,OWNED_LOCAL
TPHW-8C98C00221FFD6006900,06:F209:0:0:0,00:4217,READ,CPU_IO,,NO,08C_CPU_IO,OWNED_LOCAL
TPHW-A2F8CBD375C9E27E934A,06:F245:0:1:1,00:4202,WRITE,CPU_IO,,YES,08C_CPU_IO,OWNED_LOCAL
TPHW-42A4845F0E589FF457A7,06:F248:0:1:1,00:4203,WRITE,CPU_IO,,YES,08C_CPU_IO,OWNED_LOCAL
TPHW-35618BD7328FB2B0F213,06:F251:0:0:0,00:4216,READ,CPU_IO,,NO,08C_CPU_IO,OWNED_LOCAL
TPHW-2CA6FFC476B4B0828D45,06:F251:0:0:0,00:4217,READ,CPU_IO,,NO,08C_CPU_IO,OWNED_LOCAL
TPHW-310AEE7393C8478F20E0,06:F282:0:1:1,00:4202,WRITE,CPU_IO,,YES,08C_CPU_IO,OWNED_LOCAL
TPHW-43020B193D15EA882E7E,06:F285:0:1:1,00:4203,WRITE,CPU_IO,,YES,08C_CPU_IO,OWNED_LOCAL
TPHW-4071C97267FAF91D4EE3,06:F28E:0:0:0,00:4216,READ,CPU_IO,,NO,08C_CPU_IO,OWNED_LOCAL
TPHW-01BF2F26755FCE870C64,06:F28E:0:0:0,00:4217,READ,CPU_IO,,NO,08C_CPU_IO,OWNED_LOCAL
TPHW-23C71177F8ACD0639585,06:F373:0:1:1,00:4202,WRITE,CPU_IO,,YES,08C_CPU_IO,OWNED_LOCAL
TPHW-6A1731B4D51CFBD9EEFE,06:F376:0:1:1,00:4203,WRITE,CPU_IO,,YES,08C_CPU_IO,OWNED_LOCAL
TPHW-3445A32083FDD7E84301,06:F37F:0:0:0,00:4216,READ,CPU_IO,,NO,08C_CPU_IO,OWNED_LOCAL
TPHW-AC1F4893751EA5B2D65D,06:F37F:0:0:0,00:4217,READ,CPU_IO,,NO,08C_CPU_IO,OWNED_LOCAL
TPHW-77D8F585ACEEAC9F3F55,06:F3B5:0:1:1,00:4202,WRITE,CPU_IO,,YES,08C_CPU_IO,OWNED_LOCAL
TPHW-8525E477B73CAE2F8D22,06:F3B8:0:1:1,00:4203,WRITE,CPU_IO,,YES,08C_CPU_IO,OWNED_LOCAL
TPHW-A045A41E1C6B6BCA3A14,06:F3C1:0:0:0,00:4216,READ,CPU_IO,,NO,08C_CPU_IO,OWNED_LOCAL
TPHW-98D5F405B5CB78A1397F,06:F3C1:0:0:0,00:4217,READ,CPU_IO,,NO,08C_CPU_IO,OWNED_LOCAL
TPHW-C43FFD029B7BAC6EC83A,06:FBF4:0:1:0,00:2121,WRITE,PPU,,YES,11C_PPU_STATE,ROUTED_FAIL_CLOSED_UNTIL_OWNER
TPHW-0D0AC744358A02D3BF97,06:FBF7:0:1:0,00:420B,WRITE,CPU_IO,,YES,10C_DMA_HDMA,ROUTED_FAIL_CLOSED_UNTIL_OWNER
TPHW-0F655E841FD46F766197,06:FBFC:0:1:0,00:4340,WRITE,DMA,,YES,10C_DMA_HDMA,ROUTED_FAIL_CLOSED_UNTIL_OWNER
TPHW-2638BB81400144D9224E,06:FC01:0:1:0,00:4341,WRITE,DMA,,YES,10C_DMA_HDMA,ROUTED_FAIL_CLOSED_UNTIL_OWNER
TPHW-039543F2E6415A02C295,06:FC07:0:1:0,00:4342,WRITE,DMA,,YES,10C_DMA_HDMA,ROUTED_FAIL_CLOSED_UNTIL_OWNER
TPHW-735682492994A261D9B2,06:FC07:0:1:0,00:4343,WRITE,DMA,,YES,10C_DMA_HDMA,ROUTED_FAIL_CLOSED_UNTIL_OWNER
TPHW-08E02FAE5A311D7BF9FF,06:FC0C:0:1:0,00:4344,WRITE,DMA,,YES,10C_DMA_HDMA,ROUTED_FAIL_CLOSED_UNTIL_OWNER
TPHW-759A0A44DAA4A9509ACC,06:FC12:0:1:0,00:4345,WRITE,DMA,,YES,10C_DMA_HDMA,ROUTED_FAIL_CLOSED_UNTIL_OWNER
TPHW-F3892FEC0813E0D3658C,06:FC12:0:1:0,00:4346,WRITE,DMA,,YES,10C_DMA_HDMA,ROUTED_FAIL_CLOSED_UNTIL_OWNER
TPHW-6455E8F79A7964ADB4F2,06:FC17:0:1:0,00:420B,WRITE,CPU_IO,,YES,10C_DMA_HDMA,ROUTED_FAIL_CLOSED_UNTIL_OWNER
TPHW-FD27DD65F5077EC26F09,06:FCC0:0:1:1,00:4202,WRITE,CPU_IO,,YES,08C_CPU_IO,OWNED_LOCAL
TPHW-2322D7CF1C260855F83C,06:FCC3:0:1:1,00:4203,WRITE,CPU_IO,,YES,08C_CPU_IO,OWNED_LOCAL
TPHW-4810DDFB141BF4985CB1,06:FCCC:0:0:0,00:4216,READ,CPU_IO,,NO,08C_CPU_IO,OWNED_LOCAL
TPHW-22F5E68BDE101C4EFA69,06:FCCC:0:0:0,00:4217,READ,CPU_IO,,NO,08C_CPU_IO,OWNED_LOCAL
TPHW-BFC7A02FC70AE5B59E8A,07:8028:0:1:0,00:2116,WRITE,PPU,,YES,11C_PPU_STATE,ROUTED_FAIL_CLOSED_UNTIL_OWNER
TPHW-3A719578195B2052780C,07:802D:0:1:0,00:2117,WRITE,PPU,,YES,11C_PPU_STATE,ROUTED_FAIL_CLOSED_UNTIL_OWNER
TPHW-06726C47A1412101655B,07:8030:0:1:0,00:420B,WRITE,CPU_IO,,YES,10C_DMA_HDMA,ROUTED_FAIL_CLOSED_UNTIL_OWNER
TPHW-45995D0D878A94AD499E,07:8035:0:1:0,00:4370,WRITE,DMA,,YES,10C_DMA_HDMA,ROUTED_FAIL_CLOSED_UNTIL_OWNER
TPHW-3DC205F6F0395559DF88,07:803A:0:1:0,00:4371,WRITE,DMA,,YES,10C_DMA_HDMA,ROUTED_FAIL_CLOSED_UNTIL_OWNER
TPHW-AF460D201A784C29D694,07:8040:0:1:0,00:4372,WRITE,DMA,,YES,10C_DMA_HDMA,ROUTED_FAIL_CLOSED_UNTIL_OWNER
TPHW-B0706CC959E5B350D253,07:8040:0:1:0,00:4373,WRITE,DMA,,YES,10C_DMA_HDMA,ROUTED_FAIL_CLOSED_UNTIL_OWNER
TPHW-B0D232EF357DC9EFB1F9,07:8045:0:1:0,00:4374,WRITE,DMA,,YES,10C_DMA_HDMA,ROUTED_FAIL_CLOSED_UNTIL_OWNER
TPHW-671A3005C25C02AB6398,07:804B:0:1:0,00:4375,WRITE,DMA,,YES,10C_DMA_HDMA,ROUTED_FAIL_CLOSED_UNTIL_OWNER
TPHW-B361F3C323DE5BE40B36,07:804B:0:1:0,00:4376,WRITE,DMA,,YES,10C_DMA_HDMA,ROUTED_FAIL_CLOSED_UNTIL_OWNER
TPHW-2671B1E70E750EE09D3E,07:8050:0:1:0,00:420B,WRITE,CPU_IO,,YES,10C_DMA_HDMA,ROUTED_FAIL_CLOSED_UNTIL_OWNER
TPHW-6E4DA882EAE47A667C30,07:8064:0:1:0,00:4200,WRITE,CPU_IO,,YES,09C_SCHEDULER_INTERRUPTS,ROUTED_FAIL_CLOSED_UNTIL_OWNER
TPHW-BA2AB8638ED0AD375619,07:8093:0:1:0,00:2116,WRITE,PPU,,YES,11C_PPU_STATE,ROUTED_FAIL_CLOSED_UNTIL_OWNER
TPHW-05AA3B09E83535E20FB9,07:8099:0:1:0,00:2117,WRITE,PPU,,YES,11C_PPU_STATE,ROUTED_FAIL_CLOSED_UNTIL_OWNER
TPHW-21DE6F7AF8C64724D809,07:809C:0:1:0,00:420B,WRITE,CPU_IO,,YES,10C_DMA_HDMA,ROUTED_FAIL_CLOSED_UNTIL_OWNER
TPHW-99DD45007924D7F80855,07:80A1:0:1:0,00:4340,WRITE,DMA,,YES,10C_DMA_HDMA,ROUTED_FAIL_CLOSED_UNTIL_OWNER
TPHW-079E4424617D6FCEBF91,07:80A6:0:1:0,00:4341,WRITE,DMA,,YES,10C_DMA_HDMA,ROUTED_FAIL_CLOSED_UNTIL_OWNER
TPHW-99C0347752CB699EC33F,07:80AC:0:1:0,00:4342,WRITE,DMA,,YES,10C_DMA_HDMA,ROUTED_FAIL_CLOSED_UNTIL_OWNER
TPHW-658D6FF339B667AC7C7A,07:80AC:0:1:0,00:4343,WRITE,DMA,,YES,10C_DMA_HDMA,ROUTED_FAIL_CLOSED_UNTIL_OWNER
TPHW-DC1C29E40DDCEEFE9E2B,07:80B1:0:1:0,00:4344,WRITE,DMA,,YES,10C_DMA_HDMA,ROUTED_FAIL_CLOSED_UNTIL_OWNER
TPHW-E236F3E168C8DDD53698,07:80B7:0:1:0,00:4345,WRITE,DMA,,YES,10C_DMA_HDMA,ROUTED_FAIL_CLOSED_UNTIL_OWNER
TPHW-7638BC5142C3D905323A,07:80B7:0:1:0,00:4346,WRITE,DMA,,YES,10C_DMA_HDMA,ROUTED_FAIL_CLOSED_UNTIL_OWNER
TPHW-0FB232CC2EEB4E651B8A,07:80BC:0:1:0,00:420B,WRITE,CPU_IO,,YES,10C_DMA_HDMA,ROUTED_FAIL_CLOSED_UNTIL_OWNER
TPHW-4E471295A981456FF35B,07:80CE:0:1:0,00:2116,WRITE,PPU,,YES,11C_PPU_STATE,ROUTED_FAIL_CLOSED_UNTIL_OWNER
TPHW-494C6532E9F30393B567,07:80D4:0:1:0,00:2117,WRITE,PPU,,YES,11C_PPU_STATE,ROUTED_FAIL_CLOSED_UNTIL_OWNER
TPHW-6F94114771CA07B672C4,07:80D7:0:1:0,00:420B,WRITE,CPU_IO,,YES,10C_DMA_HDMA,ROUTED_FAIL_CLOSED_UNTIL_OWNER
TPHW-D1CF57AE69AB0C081ED0,07:80DC:0:1:0,00:4340,WRITE,DMA,,YES,10C_DMA_HDMA,ROUTED_FAIL_CLOSED_UNTIL_OWNER
TPHW-700449B326F71854899F,07:80E1:0:1:0,00:4341,WRITE,DMA,,YES,10C_DMA_HDMA,ROUTED_FAIL_CLOSED_UNTIL_OWNER
TPHW-3C1625E9424169DA73B0,07:80E7:0:1:0,00:4342,WRITE,DMA,,YES,10C_DMA_HDMA,ROUTED_FAIL_CLOSED_UNTIL_OWNER
TPHW-B01B901287F6AF5409A9,07:80E7:0:1:0,00:4343,WRITE,DMA,,YES,10C_DMA_HDMA,ROUTED_FAIL_CLOSED_UNTIL_OWNER
TPHW-C5D2B9893F74A2F2D218,07:80EC:0:1:0,00:4344,WRITE,DMA,,YES,10C_DMA_HDMA,ROUTED_FAIL_CLOSED_UNTIL_OWNER
TPHW-118715512FEDA8DED4E2,07:80F2:0:1:0,00:4345,WRITE,DMA,,YES,10C_DMA_HDMA,ROUTED_FAIL_CLOSED_UNTIL_OWNER
TPHW-1518859F31158CD1A71F,07:80F2:0:1:0,00:4346,WRITE,DMA,,YES,10C_DMA_HDMA,ROUTED_FAIL_CLOSED_UNTIL_OWNER
TPHW-725CE692A874A2C0F192,07:80F7:0:1:0,00:420B,WRITE,CPU_IO,,YES,10C_DMA_HDMA,ROUTED_FAIL_CLOSED_UNTIL_OWNER
TPHW-2796C35433866552BE08,07:80FA:0:1:0,00:420B,WRITE,CPU_IO,,YES,10C_DMA_HDMA,ROUTED_FAIL_CLOSED_UNTIL_OWNER
TPHW-2FF0DF1923140CE14C3F,07:80FF:0:1:0,00:4340,WRITE,DMA,,YES,10C_DMA_HDMA,ROUTED_FAIL_CLOSED_UNTIL_OWNER
TPHW-E47A64DAF99972ABB8F6,07:8104:0:1:0,00:4341,WRITE,DMA,,YES,10C_DMA_HDMA,ROUTED_FAIL_CLOSED_UNTIL_OWNER
TPHW-1F06E70A887003C7E5BE,07:810A:0:1:0,00:4342,WRITE,DMA,,YES,10C_DMA_HDMA,ROUTED_FAIL_CLOSED_UNTIL_OWNER
TPHW-6D4CF10D76278528E982,07:810A:0:1:0,00:4343,WRITE,DMA,,YES,10C_DMA_HDMA,ROUTED_FAIL_CLOSED_UNTIL_OWNER
TPHW-5A733380095BA553AD7D,07:810F:0:1:0,00:4344,WRITE,DMA,,YES,10C_DMA_HDMA,ROUTED_FAIL_CLOSED_UNTIL_OWNER
TPHW-C05E0E4DA77EB057510E,07:8115:0:1:0,00:4345,WRITE,DMA,,YES,10C_DMA_HDMA,ROUTED_FAIL_CLOSED_UNTIL_OWNER
TPHW-7875A0E3371817A37136,07:8115:0:1:0,00:4346,WRITE,DMA,,YES,10C_DMA_HDMA,ROUTED_FAIL_CLOSED_UNTIL_OWNER
TPHW-3454DE60EEDD8420FD29,07:811A:0:1:0,00:420B,WRITE,CPU_IO,,YES,10C_DMA_HDMA,ROUTED_FAIL_CLOSED_UNTIL_OWNER
TPHW-244C00FBBD8494FDF584,07:8147:0:1:1,00:4200,WRITE,CPU_IO,,YES,09C_SCHEDULER_INTERRUPTS,ROUTED_FAIL_CLOSED_UNTIL_OWNER
TPHW-987A042A46DFEE4D8DD3,07:81E7:0:1:0,00:2116,WRITE,PPU,,YES,11C_PPU_STATE,ROUTED_FAIL_CLOSED_UNTIL_OWNER
TPHW-218914C0A92524CF2D65,07:81ED:0:1:0,00:2117,WRITE,PPU,,YES,11C_PPU_STATE,ROUTED_FAIL_CLOSED_UNTIL_OWNER
TPHW-7E81E6418B53FC1B41CE,07:81F0:0:1:0,00:420B,WRITE,CPU_IO,,YES,10C_DMA_HDMA,ROUTED_FAIL_CLOSED_UNTIL_OWNER
TPHW-523F95DC23C4207C7667,07:81F5:0:1:0,00:4340,WRITE,DMA,,YES,10C_DMA_HDMA,ROUTED_FAIL_CLOSED_UNTIL_OWNER
TPHW-7834390023F89A807CE6,07:81FA:0:1:0,00:4341,WRITE,DMA,,YES,10C_DMA_HDMA,ROUTED_FAIL_CLOSED_UNTIL_OWNER
TPHW-49DC794E4D6192E95BB8,07:8200:0:1:0,00:4342,WRITE,DMA,,YES,10C_DMA_HDMA,ROUTED_FAIL_CLOSED_UNTIL_OWNER
TPHW-B249C03A0C238D65C124,07:8200:0:1:0,00:4343,WRITE,DMA,,YES,10C_DMA_HDMA,ROUTED_FAIL_CLOSED_UNTIL_OWNER
TPHW-E3E2AD2976C6D084994E,07:8206:0:1:0,00:4344,WRITE,DMA,,YES,10C_DMA_HDMA,ROUTED_FAIL_CLOSED_UNTIL_OWNER
TPHW-9E0BBFFC2CB74F4D376A,07:820C:0:1:0,00:4345,WRITE,DMA,,YES,10C_DMA_HDMA,ROUTED_FAIL_CLOSED_UNTIL_OWNER
TPHW-6632B56F90102E25E87C,07:820C:0:1:0,00:4346,WRITE,DMA,,YES,10C_DMA_HDMA,ROUTED_FAIL_CLOSED_UNTIL_OWNER
TPHW-964198FF92A3EC11A9CC,07:8211:0:1:0,00:420B,WRITE,CPU_IO,,YES,10C_DMA_HDMA,ROUTED_FAIL_CLOSED_UNTIL_OWNER
TPHW-00DDB761F0484806B07B,07:826E:0:0:1,00:2121,WRITE,PPU,,YES,11C_PPU_STATE,ROUTED_FAIL_CLOSED_UNTIL_OWNER
TPHW-2A1076413B859B5DA6E5,07:8271:0:0:1,00:420B,WRITE,CPU_IO,,YES,10C_DMA_HDMA,ROUTED_FAIL_CLOSED_UNTIL_OWNER
TPHW-8C6F10420A8E0D54062C,07:8276:0:0:1,00:4340,WRITE,DMA,,YES,10C_DMA_HDMA,ROUTED_FAIL_CLOSED_UNTIL_OWNER
TPHW-758A670757D57D58D7A6,07:827B:0:0:1,00:4341,WRITE,DMA,,YES,10C_DMA_HDMA,ROUTED_FAIL_CLOSED_UNTIL_OWNER
TPHW-BB0DBB425C03C9EA4F0D,07:827E:0:0:1,00:4342,WRITE,DMA,,YES,10C_DMA_HDMA,ROUTED_FAIL_CLOSED_UNTIL_OWNER
TPHW-E0B3F804D054F63F344C,07:827E:0:0:1,00:4343,WRITE,DMA,,YES,10C_DMA_HDMA,ROUTED_FAIL_CLOSED_UNTIL_OWNER
TPHW-3F0E8DA426B380A60D7C,07:8281:0:0:1,00:4344,WRITE,DMA,,YES,10C_DMA_HDMA,ROUTED_FAIL_CLOSED_UNTIL_OWNER
TPHW-2605BB47C3AECEB02894,07:8287:0:0:1,00:4345,WRITE,DMA,,YES,10C_DMA_HDMA,ROUTED_FAIL_CLOSED_UNTIL_OWNER
TPHW-5A1EBE270F19812B14C8,07:8287:0:0:1,00:4346,WRITE,DMA,,YES,10C_DMA_HDMA,ROUTED_FAIL_CLOSED_UNTIL_OWNER
TPHW-6AA81ACA63E89012DF87,07:828C:0:0:1,00:420B,WRITE,CPU_IO,,YES,10C_DMA_HDMA,ROUTED_FAIL_CLOSED_UNTIL_OWNER
TPHW-55FDD1870190BC2A8ABA,07:82B6:0:0:1,00:4342,WRITE,DMA,,YES,10C_DMA_HDMA,ROUTED_FAIL_CLOSED_UNTIL_OWNER
TPHW-D80425D85169C062601B,07:82B6:0:0:1,00:4343,WRITE,DMA,,YES,10C_DMA_HDMA,ROUTED_FAIL_CLOSED_UNTIL_OWNER
TPHW-D1211F3FB3D8B5F6D36C,07:82B9:0:0:1,00:4344,WRITE,DMA,,YES,10C_DMA_HDMA,ROUTED_FAIL_CLOSED_UNTIL_OWNER
TPHW-D3F78D6E5BD5750C77F4,07:82BF:0:0:1,00:4345,WRITE,DMA,,YES,10C_DMA_HDMA,ROUTED_FAIL_CLOSED_UNTIL_OWNER
TPHW-F4E2E9903B09062A34A4,07:82BF:0:0:1,00:4346,WRITE,DMA,,YES,10C_DMA_HDMA,ROUTED_FAIL_CLOSED_UNTIL_OWNER
TPHW-8FD3D6F1DC2D67B21326,07:82C4:0:0:1,00:420B,WRITE,CPU_IO,,YES,10C_DMA_HDMA,ROUTED_FAIL_CLOSED_UNTIL_OWNER
TPHW-8CC12A035E5FB6D8F0D1,07:8311:0:1:1,00:2101,WRITE,PPU,,YES,11C_PPU_STATE,ROUTED_FAIL_CLOSED_UNTIL_OWNER
TPHW-E8299EF5F9882B2FE124,07:8316:0:1:1,00:2133,WRITE,PPU,,YES,11C_PPU_STATE,ROUTED_FAIL_CLOSED_UNTIL_OWNER
TPHW-8DF0DCB79CA667B7AF78,07:831B:0:1:1,00:212C,WRITE,PPU,,YES,11C_PPU_STATE,ROUTED_FAIL_CLOSED_UNTIL_OWNER
TPHW-AB4A8E3CB558B740F927,07:8320:0:1:1,00:2105,WRITE,PPU,,YES,11C_PPU_STATE,ROUTED_FAIL_CLOSED_UNTIL_OWNER
TPHW-9029EEA3E4B62D8E71F4,07:8325:0:1:1,00:2107,WRITE,PPU,,YES,11C_PPU_STATE,ROUTED_FAIL_CLOSED_UNTIL_OWNER
TPHW-88D3FE73016D149AB6D7,07:832A:0:1:1,00:2108,WRITE,PPU,,YES,11C_PPU_STATE,ROUTED_FAIL_CLOSED_UNTIL_OWNER
TPHW-E02C17B7F8638EAF43B5,07:832F:0:1:1,00:210B,WRITE,PPU,,YES,11C_PPU_STATE,ROUTED_FAIL_CLOSED_UNTIL_OWNER
TPHW-2ED582CEA4954B24BF9C,07:8334:0:1:1,00:2110,WRITE,PPU,,YES,11C_PPU_STATE,ROUTED_FAIL_CLOSED_UNTIL_OWNER
TPHW-E1FBE982DC547B4855E6,07:8339:0:1:1,00:2110,WRITE,PPU,,YES,11C_PPU_STATE,ROUTED_FAIL_CLOSED_UNTIL_OWNER
TPHW-92E3C8A91D6330DF1AE1,07:833E:0:1:1,00:210E,WRITE,PPU,,YES,11C_PPU_STATE,ROUTED_FAIL_CLOSED_UNTIL_OWNER
TPHW-DE320DFAEE27AE795678,07:8343:0:1:1,00:210E,WRITE,PPU,,YES,11C_PPU_STATE,ROUTED_FAIL_CLOSED_UNTIL_OWNER
TPHW-9D6974061F383C97821D,07:83BA:0:1:0,00:2116,WRITE,PPU,,YES,11C_PPU_STATE,ROUTED_FAIL_CLOSED_UNTIL_OWNER
TPHW-2FF9044B842875845BA8,07:83BF:0:1:0,00:2117,WRITE,PPU,,YES,11C_PPU_STATE,ROUTED_FAIL_CLOSED_UNTIL_OWNER
TPHW-D8478BD756C9F4A38537,07:83C2:0:1:0,00:420B,WRITE,CPU_IO,,YES,10C_DMA_HDMA,ROUTED_FAIL_CLOSED_UNTIL_OWNER
TPHW-ABA6868CC9E5A0122056,07:83C7:0:1:0,00:4330,WRITE,DMA,,YES,10C_DMA_HDMA,ROUTED_FAIL_CLOSED_UNTIL_OWNER
TPHW-DA3C1B7BC7E8AECD5E8D,07:83CC:0:1:0,00:4331,WRITE,DMA,,YES,10C_DMA_HDMA,ROUTED_FAIL_CLOSED_UNTIL_OWNER
TPHW-1E968F9AE84F3C29D6B0,07:83D2:0:1:0,00:4332,WRITE,DMA,,YES,10C_DMA_HDMA,ROUTED_FAIL_CLOSED_UNTIL_OWNER
TPHW-88200B31840C0F8CD05E,07:83D2:0:1:0,00:4333,WRITE,DMA,,YES,10C_DMA_HDMA,ROUTED_FAIL_CLOSED_UNTIL_OWNER
TPHW-A6FDB365BC24A47AA6DD,07:83D7:0:1:0,00:4334,WRITE,DMA,,YES,10C_DMA_HDMA,ROUTED_FAIL_CLOSED_UNTIL_OWNER
TPHW-394E9C7AFEC67C637FC5,07:83DD:0:1:0,00:4335,WRITE,DMA,,YES,10C_DMA_HDMA,ROUTED_FAIL_CLOSED_UNTIL_OWNER
TPHW-F69B06B83BF64983FD92,07:83DD:0:1:0,00:4336,WRITE,DMA,,YES,10C_DMA_HDMA,ROUTED_FAIL_CLOSED_UNTIL_OWNER
TPHW-B6307ACDF6EFAA71FFE2,07:83E2:0:1:0,00:420B,WRITE,CPU_IO,,YES,10C_DMA_HDMA,ROUTED_FAIL_CLOSED_UNTIL_OWNER
TPHW-83073835632E2C63EDBD,07:83EC:0:1:0,00:2116,WRITE,PPU,,YES,11C_PPU_STATE,ROUTED_FAIL_CLOSED_UNTIL_OWNER
TPHW-DA58E4825F5D9239FBBC,07:83F1:0:1:0,00:2117,WRITE,PPU,,YES,11C_PPU_STATE,ROUTED_FAIL_CLOSED_UNTIL_OWNER
TPHW-A15ADC6A3C8251C840E1,07:83F4:0:1:0,00:420B,WRITE,CPU_IO,,YES,10C_DMA_HDMA,ROUTED_FAIL_CLOSED_UNTIL_OWNER
TPHW-6451A6A43300593EDAD6,07:83F9:0:1:0,00:4330,WRITE,DMA,,YES,10C_DMA_HDMA,ROUTED_FAIL_CLOSED_UNTIL_OWNER
TPHW-17E05A8537E44A1EEA89,07:83FE:0:1:0,00:4331,WRITE,DMA,,YES,10C_DMA_HDMA,ROUTED_FAIL_CLOSED_UNTIL_OWNER
TPHW-4373F3F3E20AA3551A54,07:8404:0:1:0,00:4332,WRITE,DMA,,YES,10C_DMA_HDMA,ROUTED_FAIL_CLOSED_UNTIL_OWNER
TPHW-01036C7DC78A4A64A9DE,07:8404:0:1:0,00:4333,WRITE,DMA,,YES,10C_DMA_HDMA,ROUTED_FAIL_CLOSED_UNTIL_OWNER
TPHW-F7E63E89B4413FCCBFD4,07:8409:0:1:0,00:4334,WRITE,DMA,,YES,10C_DMA_HDMA,ROUTED_FAIL_CLOSED_UNTIL_OWNER
TPHW-10830F11845C126E830D,07:840F:0:1:0,00:4335,WRITE,DMA,,YES,10C_DMA_HDMA,ROUTED_FAIL_CLOSED_UNTIL_OWNER
TPHW-9DF376653D9BEE40FD4B,07:840F:0:1:0,00:4336,WRITE,DMA,,YES,10C_DMA_HDMA,ROUTED_FAIL_CLOSED_UNTIL_OWNER
TPHW-8110B796A629FA5CDEBA,07:8414:0:1:0,00:420B,WRITE,CPU_IO,,YES,10C_DMA_HDMA,ROUTED_FAIL_CLOSED_UNTIL_OWNER
TPHW-A499C190C5039CEF6B2C,07:8671:0:1:1,00:211B,WRITE,PPU,,YES,11C_PPU_STATE,ROUTED_FAIL_CLOSED_UNTIL_OWNER
TPHW-979B5726FF7ECA401685,07:8675:0:1:1,00:211B,WRITE,PPU,,YES,11C_PPU_STATE,ROUTED_FAIL_CLOSED_UNTIL_OWNER
TPHW-13782E7258790927BFEE,07:8678:0:1:1,00:211C,WRITE,PPU,,YES,11C_PPU_STATE,ROUTED_FAIL_CLOSED_UNTIL_OWNER
TPHW-B8CD1276636582B909B8,07:867F:0:0:1,00:2134,READ,PPU,,NO,11C_PPU_STATE,ROUTED_FAIL_CLOSED_UNTIL_OWNER
TPHW-9228EEBCC3E495F6A88B,07:867F:0:0:1,00:2135,READ,PPU,,NO,11C_PPU_STATE,ROUTED_FAIL_CLOSED_UNTIL_OWNER
TPHW-DFDEC4B62800AA48738B,07:8682:0:0:1,00:2136,READ,PPU,,NO,11C_PPU_STATE,ROUTED_FAIL_CLOSED_UNTIL_OWNER
TPHW-43CE9C3B1CBDABA071E9,07:87E5:0:1:1,00:211B,WRITE,PPU,,YES,11C_PPU_STATE,ROUTED_FAIL_CLOSED_UNTIL_OWNER
TPHW-D8F0879FD616B083A490,07:87E9:0:1:1,00:211B,WRITE,PPU,,YES,11C_PPU_STATE,ROUTED_FAIL_CLOSED_UNTIL_OWNER
TPHW-7BD26F2BA5584187B1C0,07:87EC:0:1:1,00:211C,WRITE,PPU,,YES,11C_PPU_STATE,ROUTED_FAIL_CLOSED_UNTIL_OWNER
TPHW-3E303CE4F767045788A9,07:87F3:0:0:1,00:2134,READ,PPU,,NO,11C_PPU_STATE,ROUTED_FAIL_CLOSED_UNTIL_OWNER
TPHW-4F7C7BFC963C71F07287,07:87F3:0:0:1,00:2135,READ,PPU,,NO,11C_PPU_STATE,ROUTED_FAIL_CLOSED_UNTIL_OWNER
TPHW-9176D21947A0E06410FE,07:87F6:0:0:1,00:2136,READ,PPU,,NO,11C_PPU_STATE,ROUTED_FAIL_CLOSED_UNTIL_OWNER
TPHW-4E569B9025A522C015A3,07:8A11:0:1:1,00:211B,WRITE,PPU,,YES,11C_PPU_STATE,ROUTED_FAIL_CLOSED_UNTIL_OWNER
TPHW-3A4365C8E0B51422EC38,07:8A15:0:1:1,00:211B,WRITE,PPU,,YES,11C_PPU_STATE,ROUTED_FAIL_CLOSED_UNTIL_OWNER
TPHW-36C96DE71A75A8DF1471,07:8A18:0:1:1,00:211C,WRITE,PPU,,YES,11C_PPU_STATE,ROUTED_FAIL_CLOSED_UNTIL_OWNER
TPHW-792B68C4815C16B93189,07:8A1F:0:0:1,00:2134,READ,PPU,,NO,11C_PPU_STATE,ROUTED_FAIL_CLOSED_UNTIL_OWNER
TPHW-55EDB41A4FCDA9634AF8,07:8A1F:0:0:1,00:2135,READ,PPU,,NO,11C_PPU_STATE,ROUTED_FAIL_CLOSED_UNTIL_OWNER
TPHW-94C3398D94A9B83A6C52,07:8A22:0:0:1,00:2136,READ,PPU,,NO,11C_PPU_STATE,ROUTED_FAIL_CLOSED_UNTIL_OWNER
TPHW-72FD18D93527A9AA26E4,07:9036:0:1:1,00:4202,WRITE,CPU_IO,,YES,08C_CPU_IO,OWNED_LOCAL
TPHW-23724F3799D3E2E654E7,07:9039:0:1:1,00:4203,WRITE,CPU_IO,,YES,08C_CPU_IO,OWNED_LOCAL
TPHW-2A212AC9041266043E39,07:9042:0:0:0,00:4216,READ,CPU_IO,,NO,08C_CPU_IO,OWNED_LOCAL
TPHW-F8F7AAF3F07C2AA4CE82,07:9042:0:0:0,00:4217,READ,CPU_IO,,NO,08C_CPU_IO,OWNED_LOCAL
TPHW-6C59FFCD9AC69B5E00CF,07:93B5:0:1:1,00:4202,WRITE,CPU_IO,,YES,08C_CPU_IO,OWNED_LOCAL
TPHW-0A16B5FB172E4A5AA385,07:93B8:0:1:1,00:4203,WRITE,CPU_IO,,YES,08C_CPU_IO,OWNED_LOCAL
TPHW-9064254630D3EAC0B96A,07:93C1:0:0:0,00:4216,READ,CPU_IO,,NO,08C_CPU_IO,OWNED_LOCAL
TPHW-06906E7B08C7A6E0B0B9,07:93C1:0:0:0,00:4217,READ,CPU_IO,,NO,08C_CPU_IO,OWNED_LOCAL
TPHW-2607757D5B48BD93C788,07:94F7:0:0:1,00:4204,WRITE,CPU_IO,,YES,08C_CPU_IO,OWNED_LOCAL
TPHW-44E569480E52E940FED7,07:94F7:0:0:1,00:4205,WRITE,CPU_IO,,YES,08C_CPU_IO,OWNED_LOCAL
TPHW-509E61D62CA46D23036F,07:94FA:0:0:1,00:4206,WRITE,CPU_IO,,YES,08C_CPU_IO,OWNED_LOCAL
TPHW-3F9713ED09BA99CE4053,07:9507:0:0:0,00:4214,READ,CPU_IO,,NO,08C_CPU_IO,OWNED_LOCAL
TPHW-CFF21761903EA03BAE88,07:9507:0:0:0,00:4215,READ,CPU_IO,,NO,08C_CPU_IO,OWNED_LOCAL
TPHW-382F4A4BAC5D200E50CE,07:950A:0:0:0,00:4216,READ,CPU_IO,,NO,08C_CPU_IO,OWNED_LOCAL
TPHW-0003BA33EAFB8E3E850E,07:950A:0:0:0,00:4217,READ,CPU_IO,,NO,08C_CPU_IO,OWNED_LOCAL
TPHW-911790FC4C924E263367,07:A352:0:0:1,00:4204,WRITE,CPU_IO,,YES,08C_CPU_IO,OWNED_LOCAL
TPHW-22800B6FD17F56D2926B,07:A352:0:0:1,00:4205,WRITE,CPU_IO,,YES,08C_CPU_IO,OWNED_LOCAL
TPHW-12A914DC4E00684285EE,07:A355:0:0:1,00:4206,WRITE,CPU_IO,,YES,08C_CPU_IO,OWNED_LOCAL
TPHW-0AFE6BD7C31CE182D7E2,07:A362:0:0:0,00:4214,READ,CPU_IO,,NO,08C_CPU_IO,OWNED_LOCAL
TPHW-29D2CC5BAAB6BE7B8233,07:A362:0:0:0,00:4215,READ,CPU_IO,,NO,08C_CPU_IO,OWNED_LOCAL
TPHW-DC019ADB2097B144FB61,07:A365:0:0:0,00:4216,READ,CPU_IO,,NO,08C_CPU_IO,OWNED_LOCAL
TPHW-7E818769D2166F1EDF28,07:A365:0:0:0,00:4217,READ,CPU_IO,,NO,08C_CPU_IO,OWNED_LOCAL
TPHW-7BD280476416807195F7,07:A3A6:0:1:1,00:211B,WRITE,PPU,,YES,11C_PPU_STATE,ROUTED_FAIL_CLOSED_UNTIL_OWNER
TPHW-67C834BF6ED88F56DA43,07:A3AA:0:1:1,00:211B,WRITE,PPU,,YES,11C_PPU_STATE,ROUTED_FAIL_CLOSED_UNTIL_OWNER
TPHW-2B593CEA8AB2EFDA8723,07:A3AD:0:1:1,00:211C,WRITE,PPU,,YES,11C_PPU_STATE,ROUTED_FAIL_CLOSED_UNTIL_OWNER
TPHW-313BF7C4EB4D888100FB,07:A3B4:0:0:1,00:2134,READ,PPU,,NO,11C_PPU_STATE,ROUTED_FAIL_CLOSED_UNTIL_OWNER
TPHW-81D46A287BC4E2A6945D,07:A3B4:0:0:1,00:2135,READ,PPU,,NO,11C_PPU_STATE,ROUTED_FAIL_CLOSED_UNTIL_OWNER
TPHW-E4E328C8C7A4FFD2BC59,07:A3B7:0:0:1,00:2136,READ,PPU,,NO,11C_PPU_STATE,ROUTED_FAIL_CLOSED_UNTIL_OWNER
TPHW-DF60F5AC9702F9E364FD,07:A5D4:0:0:1,00:4204,WRITE,CPU_IO,,YES,08C_CPU_IO,OWNED_LOCAL
TPHW-A908B3475D333340962A,07:A5D4:0:0:1,00:4205,WRITE,CPU_IO,,YES,08C_CPU_IO,OWNED_LOCAL
TPHW-63E094CE6D4D2EE48156,07:A5D7:0:0:1,00:4206,WRITE,CPU_IO,,YES,08C_CPU_IO,OWNED_LOCAL
TPHW-39F89C9DE2C790A100B8,07:A5E4:0:0:0,00:4214,READ,CPU_IO,,NO,08C_CPU_IO,OWNED_LOCAL
TPHW-F05D76AF92D08D9AE221,07:A5E4:0:0:0,00:4215,READ,CPU_IO,,NO,08C_CPU_IO,OWNED_LOCAL
TPHW-E2447008047E41ECD2E1,07:A5E7:0:0:0,00:4216,READ,CPU_IO,,NO,08C_CPU_IO,OWNED_LOCAL
TPHW-1ED103295BEAC6BFD598,07:A5E7:0:0:0,00:4217,READ,CPU_IO,,NO,08C_CPU_IO,OWNED_LOCAL
TPHW-CAC45F5A8E83CF58078E,07:A619:0:0:1,00:4204,WRITE,CPU_IO,,YES,08C_CPU_IO,OWNED_LOCAL
TPHW-BD0561DF52B1BCAE5981,07:A619:0:0:1,00:4205,WRITE,CPU_IO,,YES,08C_CPU_IO,OWNED_LOCAL
TPHW-F7E67AC509AE1B94266F,07:A61C:0:0:1,00:4206,WRITE,CPU_IO,,YES,08C_CPU_IO,OWNED_LOCAL
TPHW-314A82A98FFA7FA7FBF2,07:A629:0:0:0,00:4214,READ,CPU_IO,,NO,08C_CPU_IO,OWNED_LOCAL
TPHW-7EF09B1E1611719197AC,07:A629:0:0:0,00:4215,READ,CPU_IO,,NO,08C_CPU_IO,OWNED_LOCAL
TPHW-CBAB1E6AE108151A3AB4,07:A62C:0:0:0,00:4216,READ,CPU_IO,,NO,08C_CPU_IO,OWNED_LOCAL
TPHW-BBD6E541A8C071436C01,07:A62C:0:0:0,00:4217,READ,CPU_IO,,NO,08C_CPU_IO,OWNED_LOCAL
TPHW-F3A087018257774C8138,07:A819:0:0:1,00:4204,WRITE,CPU_IO,,YES,08C_CPU_IO,OWNED_LOCAL
TPHW-B4D531736529E11303BF,07:A819:0:0:1,00:4205,WRITE,CPU_IO,,YES,08C_CPU_IO,OWNED_LOCAL
TPHW-32DFE9A5BAC37BA4AA0D,07:A81C:0:0:1,00:4206,WRITE,CPU_IO,,YES,08C_CPU_IO,OWNED_LOCAL
TPHW-01332EBED005D857598B,07:A829:0:0:0,00:4214,READ,CPU_IO,,NO,08C_CPU_IO,OWNED_LOCAL
TPHW-D4CE668391498924E01E,07:A829:0:0:0,00:4215,READ,CPU_IO,,NO,08C_CPU_IO,OWNED_LOCAL
TPHW-D8D73FE58319EC081651,07:A82C:0:0:0,00:4216,READ,CPU_IO,,NO,08C_CPU_IO,OWNED_LOCAL
TPHW-EA91F02E2307E1C953C6,07:A82C:0:0:0,00:4217,READ,CPU_IO,,NO,08C_CPU_IO,OWNED_LOCAL
TPHW-69D838ED34BA7AAB8AE1,07:A86C:0:0:1,00:4204,WRITE,CPU_IO,,YES,08C_CPU_IO,OWNED_LOCAL
TPHW-524BAA06040D19062EED,07:A86C:0:0:1,00:4205,WRITE,CPU_IO,,YES,08C_CPU_IO,OWNED_LOCAL
TPHW-0FFDF28A51D0FF391C58,07:A86F:0:0:1,00:4206,WRITE,CPU_IO,,YES,08C_CPU_IO,OWNED_LOCAL
TPHW-30D54C33439FB746B118,07:A87C:0:0:0,00:4214,READ,CPU_IO,,NO,08C_CPU_IO,OWNED_LOCAL
TPHW-8689E54FF41B604DCAAF,07:A87C:0:0:0,00:4215,READ,CPU_IO,,NO,08C_CPU_IO,OWNED_LOCAL
TPHW-4DFA0557F59F2C56E83B,07:A87F:0:0:0,00:4216,READ,CPU_IO,,NO,08C_CPU_IO,OWNED_LOCAL
TPHW-599310893D3390B4DA9B,07:A87F:0:0:0,00:4217,READ,CPU_IO,,NO,08C_CPU_IO,OWNED_LOCAL
TPHW-6484F6966C5292495814,07:AA6D:0:1:1,00:211B,WRITE,PPU,,YES,11C_PPU_STATE,ROUTED_FAIL_CLOSED_UNTIL_OWNER
TPHW-BC466113868CD9282F4A,07:AA71:0:1:1,00:211B,WRITE,PPU,,YES,11C_PPU_STATE,ROUTED_FAIL_CLOSED_UNTIL_OWNER
TPHW-A8F7294F0DB16A4C2C4B,07:AA74:0:1:1,00:211C,WRITE,PPU,,YES,11C_PPU_STATE,ROUTED_FAIL_CLOSED_UNTIL_OWNER
TPHW-A181ECDF3E295BC09723,07:AA7B:0:0:1,00:2134,READ,PPU,,NO,11C_PPU_STATE,ROUTED_FAIL_CLOSED_UNTIL_OWNER
TPHW-E28AF7DEE04D71BFBE0B,07:AA7B:0:0:1,00:2135,READ,PPU,,NO,11C_PPU_STATE,ROUTED_FAIL_CLOSED_UNTIL_OWNER
TPHW-96D75AA70B277C149A6E,07:AA7E:0:0:1,00:2136,READ,PPU,,NO,11C_PPU_STATE,ROUTED_FAIL_CLOSED_UNTIL_OWNER
TPHW-B7C38350B604BA0C9B60,07:AABA:0:1:1,00:211B,WRITE,PPU,,YES,11C_PPU_STATE,ROUTED_FAIL_CLOSED_UNTIL_OWNER
TPHW-89B49E2DAAFB4CF9AC47,07:AABE:0:1:1,00:211B,WRITE,PPU,,YES,11C_PPU_STATE,ROUTED_FAIL_CLOSED_UNTIL_OWNER
TPHW-285978D9C27C2469606C,07:AAC1:0:1:1,00:211C,WRITE,PPU,,YES,11C_PPU_STATE,ROUTED_FAIL_CLOSED_UNTIL_OWNER
TPHW-73FA250A6CFAB5AFA681,07:AAC8:0:0:1,00:2134,READ,PPU,,NO,11C_PPU_STATE,ROUTED_FAIL_CLOSED_UNTIL_OWNER
TPHW-6E61EE63A95757596C3A,07:AAC8:0:0:1,00:2135,READ,PPU,,NO,11C_PPU_STATE,ROUTED_FAIL_CLOSED_UNTIL_OWNER
TPHW-E8B9F7CBB291B4F2611D,07:AACB:0:0:1,00:2136,READ,PPU,,NO,11C_PPU_STATE,ROUTED_FAIL_CLOSED_UNTIL_OWNER
TPHW-EAC860FA67A717C42457,07:AB2A:0:1:1,00:211B,WRITE,PPU,,YES,11C_PPU_STATE,ROUTED_FAIL_CLOSED_UNTIL_OWNER
TPHW-2D47BAFFF57158541A79,07:AB2E:0:1:1,00:211B,WRITE,PPU,,YES,11C_PPU_STATE,ROUTED_FAIL_CLOSED_UNTIL_OWNER
TPHW-A3FB97AB5E8E89D1E180,07:AB31:0:1:1,00:211C,WRITE,PPU,,YES,11C_PPU_STATE,ROUTED_FAIL_CLOSED_UNTIL_OWNER
TPHW-B801548F7773F1A434D6,07:AB38:0:0:1,00:2134,READ,PPU,,NO,11C_PPU_STATE,ROUTED_FAIL_CLOSED_UNTIL_OWNER
TPHW-33F0D68B28ACC74CA530,07:AB38:0:0:1,00:2135,READ,PPU,,NO,11C_PPU_STATE,ROUTED_FAIL_CLOSED_UNTIL_OWNER
TPHW-9D29C5B7DE2315D6FF40,07:AB3B:0:0:1,00:2136,READ,PPU,,NO,11C_PPU_STATE,ROUTED_FAIL_CLOSED_UNTIL_OWNER
TPHW-234BCE508D8D60E88E65,07:ABFD:0:1:1,00:211B,WRITE,PPU,,YES,11C_PPU_STATE,ROUTED_FAIL_CLOSED_UNTIL_OWNER
TPHW-561308D46B2952ABC9FF,07:AC01:0:1:1,00:211B,WRITE,PPU,,YES,11C_PPU_STATE,ROUTED_FAIL_CLOSED_UNTIL_OWNER
TPHW-E290D31E385381EACA1E,07:AC04:0:1:1,00:211C,WRITE,PPU,,YES,11C_PPU_STATE,ROUTED_FAIL_CLOSED_UNTIL_OWNER
TPHW-BC6F3FEF7FB69A176370,07:AC0B:0:0:1,00:2134,READ,PPU,,NO,11C_PPU_STATE,ROUTED_FAIL_CLOSED_UNTIL_OWNER
TPHW-FD08527D34EFE3FA4650,07:AC0B:0:0:1,00:2135,READ,PPU,,NO,11C_PPU_STATE,ROUTED_FAIL_CLOSED_UNTIL_OWNER
TPHW-7F78F24A16D4A94711CC,07:AC0E:0:0:1,00:2136,READ,PPU,,NO,11C_PPU_STATE,ROUTED_FAIL_CLOSED_UNTIL_OWNER
TPHW-437E73295B4F446A6022,07:AC3D:0:1:1,00:211B,WRITE,PPU,,YES,11C_PPU_STATE,ROUTED_FAIL_CLOSED_UNTIL_OWNER
TPHW-B43B710F25B2EE68812C,07:AC41:0:1:1,00:211B,WRITE,PPU,,YES,11C_PPU_STATE,ROUTED_FAIL_CLOSED_UNTIL_OWNER
TPHW-860E96740E7D276B7333,07:AC44:0:1:1,00:211C,WRITE,PPU,,YES,11C_PPU_STATE,ROUTED_FAIL_CLOSED_UNTIL_OWNER
TPHW-65FA188DE1CC6BEB0613,07:AC4B:0:0:1,00:2134,READ,PPU,,NO,11C_PPU_STATE,ROUTED_FAIL_CLOSED_UNTIL_OWNER
TPHW-CB11A8B92D3AA21EE137,07:AC4B:0:0:1,00:2135,READ,PPU,,NO,11C_PPU_STATE,ROUTED_FAIL_CLOSED_UNTIL_OWNER
TPHW-1C823B9AB1C2662A35AB,07:AC4E:0:0:1,00:2136,READ,PPU,,NO,11C_PPU_STATE,ROUTED_FAIL_CLOSED_UNTIL_OWNER
TPHW-AA8D990344E7199D1A06,07:AE79:0:1:1,00:211B,WRITE,PPU,,YES,11C_PPU_STATE,ROUTED_FAIL_CLOSED_UNTIL_OWNER
TPHW-81B3256C038A005D1E0A,07:AE7D:0:1:1,00:211B,WRITE,PPU,,YES,11C_PPU_STATE,ROUTED_FAIL_CLOSED_UNTIL_OWNER
TPHW-48E96A46BBE8BF08BDB0,07:AE80:0:1:1,00:211C,WRITE,PPU,,YES,11C_PPU_STATE,ROUTED_FAIL_CLOSED_UNTIL_OWNER
TPHW-8BF1A7ECB31278636144,07:AE87:0:0:1,00:2134,READ,PPU,,NO,11C_PPU_STATE,ROUTED_FAIL_CLOSED_UNTIL_OWNER
TPHW-F5647972352353FDF9CE,07:AE87:0:0:1,00:2135,READ,PPU,,NO,11C_PPU_STATE,ROUTED_FAIL_CLOSED_UNTIL_OWNER
TPHW-B5A6BAED22814C090751,07:AE8A:0:0:1,00:2136,READ,PPU,,NO,11C_PPU_STATE,ROUTED_FAIL_CLOSED_UNTIL_OWNER
TPHW-A65A6EE1A9FC0D030FFC,07:B1F2:0:1:1,00:211B,WRITE,PPU,,YES,11C_PPU_STATE,ROUTED_FAIL_CLOSED_UNTIL_OWNER
TPHW-B07EBAA1CDF79C84629B,07:B1F6:0:1:1,00:211B,WRITE,PPU,,YES,11C_PPU_STATE,ROUTED_FAIL_CLOSED_UNTIL_OWNER
TPHW-FC6D06BEECF274E1E9DC,07:B1F9:0:1:1,00:211C,WRITE,PPU,,YES,11C_PPU_STATE,ROUTED_FAIL_CLOSED_UNTIL_OWNER
TPHW-265D944D93597FD7BF7A,07:B200:0:0:1,00:2134,READ,PPU,,NO,11C_PPU_STATE,ROUTED_FAIL_CLOSED_UNTIL_OWNER
TPHW-46BDFB6FEDDC0F068289,07:B200:0:0:1,00:2135,READ,PPU,,NO,11C_PPU_STATE,ROUTED_FAIL_CLOSED_UNTIL_OWNER
TPHW-CAB2F48ABCBBBF3D3D3D,07:B203:0:0:1,00:2136,READ,PPU,,NO,11C_PPU_STATE,ROUTED_FAIL_CLOSED_UNTIL_OWNER
TPHW-20A98CFF884DC1D524CE,07:B9CA:0:1:1,00:211B,WRITE,PPU,,YES,11C_PPU_STATE,ROUTED_FAIL_CLOSED_UNTIL_OWNER
TPHW-647AC541B4BE444959CC,07:B9CE:0:1:1,00:211B,WRITE,PPU,,YES,11C_PPU_STATE,ROUTED_FAIL_CLOSED_UNTIL_OWNER
TPHW-1443FB2C8E85EA024229,07:B9D1:0:1:1,00:211C,WRITE,PPU,,YES,11C_PPU_STATE,ROUTED_FAIL_CLOSED_UNTIL_OWNER
TPHW-A4A33F8744886B0F5E75,07:B9D8:0:0:1,00:2134,READ,PPU,,NO,11C_PPU_STATE,ROUTED_FAIL_CLOSED_UNTIL_OWNER
TPHW-25107C858D1BE2A12EC8,07:B9D8:0:0:1,00:2135,READ,PPU,,NO,11C_PPU_STATE,ROUTED_FAIL_CLOSED_UNTIL_OWNER
TPHW-631D00521CC4EBC136FF,07:B9DB:0:0:1,00:2136,READ,PPU,,NO,11C_PPU_STATE,ROUTED_FAIL_CLOSED_UNTIL_OWNER
TPHW-BF91360BC09FA6BD7637,07:BB23:0:1:1,00:211B,WRITE,PPU,,YES,11C_PPU_STATE,ROUTED_FAIL_CLOSED_UNTIL_OWNER
TPHW-D6ADE972D00C51B194DE,07:BB27:0:1:1,00:211B,WRITE,PPU,,YES,11C_PPU_STATE,ROUTED_FAIL_CLOSED_UNTIL_OWNER
TPHW-0936C4EA5F4E4CC4658A,07:BB2A:0:1:1,00:211C,WRITE,PPU,,YES,11C_PPU_STATE,ROUTED_FAIL_CLOSED_UNTIL_OWNER
TPHW-8D96A71B90B440582BA1,07:BB31:0:0:1,00:2134,READ,PPU,,NO,11C_PPU_STATE,ROUTED_FAIL_CLOSED_UNTIL_OWNER
TPHW-5378A4969CEAA3AA2364,07:BB31:0:0:1,00:2135,READ,PPU,,NO,11C_PPU_STATE,ROUTED_FAIL_CLOSED_UNTIL_OWNER
TPHW-BC9C48CB68839003FABC,07:BB34:0:0:1,00:2136,READ,PPU,,NO,11C_PPU_STATE,ROUTED_FAIL_CLOSED_UNTIL_OWNER
TPHW-E507A7C6824A2B3ED786,07:BB71:0:1:1,00:211B,WRITE,PPU,,YES,11C_PPU_STATE,ROUTED_FAIL_CLOSED_UNTIL_OWNER
TPHW-E55087D7B39B552DC720,07:BB75:0:1:1,00:211B,WRITE,PPU,,YES,11C_PPU_STATE,ROUTED_FAIL_CLOSED_UNTIL_OWNER
TPHW-151912E727E7017FA2E5,07:BB78:0:1:1,00:211C,WRITE,PPU,,YES,11C_PPU_STATE,ROUTED_FAIL_CLOSED_UNTIL_OWNER
TPHW-E6FBCE50751E9591017F,07:BB7F:0:0:1,00:2134,READ,PPU,,NO,11C_PPU_STATE,ROUTED_FAIL_CLOSED_UNTIL_OWNER
TPHW-7DB92B03144933B9AD37,07:BB7F:0:0:1,00:2135,READ,PPU,,NO,11C_PPU_STATE,ROUTED_FAIL_CLOSED_UNTIL_OWNER
TPHW-95C66DF45A749D27FBB3,07:BB82:0:0:1,00:2136,READ,PPU,,NO,11C_PPU_STATE,ROUTED_FAIL_CLOSED_UNTIL_OWNER
TPHW-D10B0A3E44CE14018278,07:BEFF:0:1:1,00:211B,WRITE,PPU,,YES,11C_PPU_STATE,ROUTED_FAIL_CLOSED_UNTIL_OWNER
TPHW-D54F906F7FE3F9C4F08A,07:BF03:0:1:1,00:211B,WRITE,PPU,,YES,11C_PPU_STATE,ROUTED_FAIL_CLOSED_UNTIL_OWNER
TPHW-67D6EAB3211D043A53AD,07:BF06:0:1:1,00:211C,WRITE,PPU,,YES,11C_PPU_STATE,ROUTED_FAIL_CLOSED_UNTIL_OWNER
TPHW-AC55EFF72AE42EF0F4D8,07:BF0D:0:0:1,00:2134,READ,PPU,,NO,11C_PPU_STATE,ROUTED_FAIL_CLOSED_UNTIL_OWNER
TPHW-7341993483B59A914981,07:BF0D:0:0:1,00:2135,READ,PPU,,NO,11C_PPU_STATE,ROUTED_FAIL_CLOSED_UNTIL_OWNER
TPHW-4C794BF6272C581DD5D6,07:BF10:0:0:1,00:2136,READ,PPU,,NO,11C_PPU_STATE,ROUTED_FAIL_CLOSED_UNTIL_OWNER
TPHW-D6DAC1039BD1BDF30441,07:BF4D:0:1:1,00:211B,WRITE,PPU,,YES,11C_PPU_STATE,ROUTED_FAIL_CLOSED_UNTIL_OWNER
TPHW-230EBBFE3B8669B17B37,07:BF51:0:1:1,00:211B,WRITE,PPU,,YES,11C_PPU_STATE,ROUTED_FAIL_CLOSED_UNTIL_OWNER
TPHW-7A8257745C3C2D192377,07:BF54:0:1:1,00:211C,WRITE,PPU,,YES,11C_PPU_STATE,ROUTED_FAIL_CLOSED_UNTIL_OWNER
TPHW-AE2E2FD217F925609A04,07:BF5B:0:0:1,00:2134,READ,PPU,,NO,11C_PPU_STATE,ROUTED_FAIL_CLOSED_UNTIL_OWNER
TPHW-D20F3FC7B7CE0BFACD22,07:BF5B:0:0:1,00:2135,READ,PPU,,NO,11C_PPU_STATE,ROUTED_FAIL_CLOSED_UNTIL_OWNER
TPHW-BE1801B21F10930A7004,07:BF5E:0:0:1,00:2136,READ,PPU,,NO,11C_PPU_STATE,ROUTED_FAIL_CLOSED_UNTIL_OWNER
TPHW-65BFBDE5CA19CE03623D,07:C2C5:0:1:1,00:211B,WRITE,PPU,,YES,11C_PPU_STATE,ROUTED_FAIL_CLOSED_UNTIL_OWNER
TPHW-71AC2BD010E029D20D21,07:C2C9:0:1:1,00:211B,WRITE,PPU,,YES,11C_PPU_STATE,ROUTED_FAIL_CLOSED_UNTIL_OWNER
TPHW-126826F2A809532D4B52,07:C2CC:0:1:1,00:211C,WRITE,PPU,,YES,11C_PPU_STATE,ROUTED_FAIL_CLOSED_UNTIL_OWNER
TPHW-80FD89C93B4807B7E0E2,07:C2D3:0:0:1,00:2134,READ,PPU,,NO,11C_PPU_STATE,ROUTED_FAIL_CLOSED_UNTIL_OWNER
TPHW-70FCF2211841695EC908,07:C2D3:0:0:1,00:2135,READ,PPU,,NO,11C_PPU_STATE,ROUTED_FAIL_CLOSED_UNTIL_OWNER
TPHW-76EBAC8CE523EBF99970,07:C2D6:0:0:1,00:2136,READ,PPU,,NO,11C_PPU_STATE,ROUTED_FAIL_CLOSED_UNTIL_OWNER
TPHW-25E5968D90341AD824B2,07:C561:0:0:1,00:4204,WRITE,CPU_IO,,YES,08C_CPU_IO,OWNED_LOCAL
TPHW-6B048AEA97A2AB68FBC3,07:C561:0:0:1,00:4205,WRITE,CPU_IO,,YES,08C_CPU_IO,OWNED_LOCAL
TPHW-FFEE3853CE7A0341D7AA,07:C564:0:0:1,00:4206,WRITE,CPU_IO,,YES,08C_CPU_IO,OWNED_LOCAL
TPHW-45A3F4E7160D78EB1DC4,07:C571:0:0:0,00:4214,READ,CPU_IO,,NO,08C_CPU_IO,OWNED_LOCAL
TPHW-2E820F2E8F6AD30BFBC0,07:C571:0:0:0,00:4215,READ,CPU_IO,,NO,08C_CPU_IO,OWNED_LOCAL
TPHW-6577619BC0CCC713AB4D,07:C574:0:0:0,00:4216,READ,CPU_IO,,NO,08C_CPU_IO,OWNED_LOCAL
TPHW-4F004BFCBE4DC9ED8A5E,07:C574:0:0:0,00:4217,READ,CPU_IO,,NO,08C_CPU_IO,OWNED_LOCAL
TPHW-3C6219E854038C6DE16A,07:C5B5:0:0:1,00:4204,WRITE,CPU_IO,,YES,08C_CPU_IO,OWNED_LOCAL
TPHW-DF4F1A9F7FFB6504B04C,07:C5B5:0:0:1,00:4205,WRITE,CPU_IO,,YES,08C_CPU_IO,OWNED_LOCAL
TPHW-9C073C81757C6891409E,07:C5B8:0:0:1,00:4206,WRITE,CPU_IO,,YES,08C_CPU_IO,OWNED_LOCAL
TPHW-195A1CDDFDB9D271B265,07:C5C5:0:0:0,00:4214,READ,CPU_IO,,NO,08C_CPU_IO,OWNED_LOCAL
TPHW-10AE378801DFE3C80C59,07:C5C5:0:0:0,00:4215,READ,CPU_IO,,NO,08C_CPU_IO,OWNED_LOCAL
TPHW-B3BBBABDA5EDBE536F5D,07:C5C8:0:0:0,00:4216,READ,CPU_IO,,NO,08C_CPU_IO,OWNED_LOCAL
TPHW-0E843A61E77FA1019FEB,07:C5C8:0:0:0,00:4217,READ,CPU_IO,,NO,08C_CPU_IO,OWNED_LOCAL
TPHW-858E2604B245364A4333,07:C97C:0:1:1,00:211B,WRITE,PPU,,YES,11C_PPU_STATE,ROUTED_FAIL_CLOSED_UNTIL_OWNER
TPHW-A5A759D095BECD1D4C56,07:C980:0:1:1,00:211B,WRITE,PPU,,YES,11C_PPU_STATE,ROUTED_FAIL_CLOSED_UNTIL_OWNER
TPHW-943D29F8CC8D9ED426A8,07:C983:0:1:1,00:211C,WRITE,PPU,,YES,11C_PPU_STATE,ROUTED_FAIL_CLOSED_UNTIL_OWNER
TPHW-04377E3CEDC455906929,07:C98A:0:0:1,00:2134,READ,PPU,,NO,11C_PPU_STATE,ROUTED_FAIL_CLOSED_UNTIL_OWNER
TPHW-0C9CC8B53F6D3350D085,07:C98A:0:0:1,00:2135,READ,PPU,,NO,11C_PPU_STATE,ROUTED_FAIL_CLOSED_UNTIL_OWNER
TPHW-E5DB8FD61E5F87D89D81,07:C98D:0:0:1,00:2136,READ,PPU,,NO,11C_PPU_STATE,ROUTED_FAIL_CLOSED_UNTIL_OWNER
TPHW-A840BFFA010304B01114,07:C9C1:0:0:1,00:4204,WRITE,CPU_IO,,YES,08C_CPU_IO,OWNED_LOCAL
TPHW-4CA79C8F521B5D5E3FAA,07:C9C1:0:0:1,00:4205,WRITE,CPU_IO,,YES,08C_CPU_IO,OWNED_LOCAL
TPHW-4C95FB2273F87D8AA633,07:C9C4:0:0:1,00:4206,WRITE,CPU_IO,,YES,08C_CPU_IO,OWNED_LOCAL
TPHW-C9DAD01E4ED1776721F5,07:C9D1:0:0:0,00:4214,READ,CPU_IO,,NO,08C_CPU_IO,OWNED_LOCAL
TPHW-EBFA6B08001BC0F316B9,07:C9D1:0:0:0,00:4215,READ,CPU_IO,,NO,08C_CPU_IO,OWNED_LOCAL
TPHW-1D2166442DB5F166024B,07:C9D4:0:0:0,00:4216,READ,CPU_IO,,NO,08C_CPU_IO,OWNED_LOCAL
TPHW-6B2A3956A9922DB18D35,07:C9D4:0:0:0,00:4217,READ,CPU_IO,,NO,08C_CPU_IO,OWNED_LOCAL
TPHW-B08115ABBF450899EB0D,07:CA43:0:0:1,00:4204,WRITE,CPU_IO,,YES,08C_CPU_IO,OWNED_LOCAL
TPHW-6F9C88403082FD40DEAC,07:CA43:0:0:1,00:4205,WRITE,CPU_IO,,YES,08C_CPU_IO,OWNED_LOCAL
TPHW-1217B81FAD39560041B2,07:CA46:0:0:1,00:4206,WRITE,CPU_IO,,YES,08C_CPU_IO,OWNED_LOCAL
TPHW-75ED117C3779501A044E,07:CA53:0:0:0,00:4214,READ,CPU_IO,,NO,08C_CPU_IO,OWNED_LOCAL
TPHW-203E81560636790421B6,07:CA53:0:0:0,00:4215,READ,CPU_IO,,NO,08C_CPU_IO,OWNED_LOCAL
TPHW-CE235BF5298A3F22B786,07:CA56:0:0:0,00:4216,READ,CPU_IO,,NO,08C_CPU_IO,OWNED_LOCAL
TPHW-3987CD98CBE5AFB970AA,07:CA56:0:0:0,00:4217,READ,CPU_IO,,NO,08C_CPU_IO,OWNED_LOCAL
TPHW-24C3A250B85E437C41DD,07:CA80:0:0:1,00:4204,WRITE,CPU_IO,,YES,08C_CPU_IO,OWNED_LOCAL
TPHW-3B58F732DF971621D56F,07:CA80:0:0:1,00:4205,WRITE,CPU_IO,,YES,08C_CPU_IO,OWNED_LOCAL
TPHW-CA98A50153ADE385897C,07:CA83:0:0:1,00:4206,WRITE,CPU_IO,,YES,08C_CPU_IO,OWNED_LOCAL
TPHW-E3487C8C274D82553123,07:CA90:0:0:0,00:4214,READ,CPU_IO,,NO,08C_CPU_IO,OWNED_LOCAL
TPHW-4E6985A37C4E5E204F0C,07:CA90:0:0:0,00:4215,READ,CPU_IO,,NO,08C_CPU_IO,OWNED_LOCAL
TPHW-0961767FA317B7252973,07:CA93:0:0:0,00:4216,READ,CPU_IO,,NO,08C_CPU_IO,OWNED_LOCAL
TPHW-4048816C750BC1565C1A,07:CA93:0:0:0,00:4217,READ,CPU_IO,,NO,08C_CPU_IO,OWNED_LOCAL
TPHW-8C975922F8B8C45CBCEE,07:CCEE:0:1:1,00:211B,WRITE,PPU,,YES,11C_PPU_STATE,ROUTED_FAIL_CLOSED_UNTIL_OWNER
TPHW-0ADC74E07600EE081888,07:CCF2:0:1:1,00:211B,WRITE,PPU,,YES,11C_PPU_STATE,ROUTED_FAIL_CLOSED_UNTIL_OWNER
TPHW-4B18D909C280BE2D05E0,07:CCF5:0:1:1,00:211C,WRITE,PPU,,YES,11C_PPU_STATE,ROUTED_FAIL_CLOSED_UNTIL_OWNER
TPHW-E6464E51D8D6B963998E,07:CCFC:0:0:1,00:2134,READ,PPU,,NO,11C_PPU_STATE,ROUTED_FAIL_CLOSED_UNTIL_OWNER
TPHW-1BDEDED68E3D84A250B5,07:CCFC:0:0:1,00:2135,READ,PPU,,NO,11C_PPU_STATE,ROUTED_FAIL_CLOSED_UNTIL_OWNER
TPHW-284B880472E24ECD8347,07:CCFF:0:0:1,00:2136,READ,PPU,,NO,11C_PPU_STATE,ROUTED_FAIL_CLOSED_UNTIL_OWNER
TPHW-9702CA0CC0008B7AA7AD,07:CEEE:0:1:1,00:211B,WRITE,PPU,,YES,11C_PPU_STATE,ROUTED_FAIL_CLOSED_UNTIL_OWNER
TPHW-8C450E0ECC045F32D50C,07:CEF2:0:1:1,00:211B,WRITE,PPU,,YES,11C_PPU_STATE,ROUTED_FAIL_CLOSED_UNTIL_OWNER
TPHW-E6977DE0FF788A616E04,07:CEF5:0:1:1,00:211C,WRITE,PPU,,YES,11C_PPU_STATE,ROUTED_FAIL_CLOSED_UNTIL_OWNER
TPHW-C7BAA6A7851310B0A458,07:CEFC:0:0:1,00:2134,READ,PPU,,NO,11C_PPU_STATE,ROUTED_FAIL_CLOSED_UNTIL_OWNER
TPHW-6F2AEE2F679A1440B2E1,07:CEFC:0:0:1,00:2135,READ,PPU,,NO,11C_PPU_STATE,ROUTED_FAIL_CLOSED_UNTIL_OWNER
TPHW-32A357F0A32810FED429,07:CEFF:0:0:1,00:2136,READ,PPU,,NO,11C_PPU_STATE,ROUTED_FAIL_CLOSED_UNTIL_OWNER
TPHW-A77D4929794D13638715,07:CF3B:0:1:1,00:211B,WRITE,PPU,,YES,11C_PPU_STATE,ROUTED_FAIL_CLOSED_UNTIL_OWNER
TPHW-3D57FBCBAD2D14FC429B,07:CF3F:0:1:1,00:211B,WRITE,PPU,,YES,11C_PPU_STATE,ROUTED_FAIL_CLOSED_UNTIL_OWNER
TPHW-8C1C669599FB60A69150,07:CF42:0:1:1,00:211C,WRITE,PPU,,YES,11C_PPU_STATE,ROUTED_FAIL_CLOSED_UNTIL_OWNER
TPHW-B65C3BCEAAE6FBDA1322,07:CF49:0:0:1,00:2134,READ,PPU,,NO,11C_PPU_STATE,ROUTED_FAIL_CLOSED_UNTIL_OWNER
TPHW-EF50F9EF01DABCA93EAB,07:CF49:0:0:1,00:2135,READ,PPU,,NO,11C_PPU_STATE,ROUTED_FAIL_CLOSED_UNTIL_OWNER
TPHW-F11D8FAA3B7E2FDD498A,07:CF4C:0:0:1,00:2136,READ,PPU,,NO,11C_PPU_STATE,ROUTED_FAIL_CLOSED_UNTIL_OWNER
TPHW-DD64D4124FDA279C388E,07:D05E:0:0:1,00:4204,WRITE,CPU_IO,,YES,08C_CPU_IO,OWNED_LOCAL
TPHW-D1E3B8D6BC90CDD3F7FE,07:D05E:0:0:1,00:4205,WRITE,CPU_IO,,YES,08C_CPU_IO,OWNED_LOCAL
TPHW-7EC23C25FDA997CB2BA4,07:D061:0:0:1,00:4206,WRITE,CPU_IO,,YES,08C_CPU_IO,OWNED_LOCAL
TPHW-6A42EC5AC357C35B8D97,07:D06E:0:0:0,00:4214,READ,CPU_IO,,NO,08C_CPU_IO,OWNED_LOCAL
TPHW-FDE8F6E701A7B09AF39A,07:D06E:0:0:0,00:4215,READ,CPU_IO,,NO,08C_CPU_IO,OWNED_LOCAL
TPHW-58FCD8191E31FB94897F,07:D071:0:0:0,00:4216,READ,CPU_IO,,NO,08C_CPU_IO,OWNED_LOCAL
TPHW-5C922B1A9A186088B776,07:D071:0:0:0,00:4217,READ,CPU_IO,,NO,08C_CPU_IO,OWNED_LOCAL
TPHW-53B953AEB65B397B7236,07:D398:0:1:1,00:211B,WRITE,PPU,,YES,11C_PPU_STATE,ROUTED_FAIL_CLOSED_UNTIL_OWNER
TPHW-712632168E316B515ADD,07:D39C:0:1:1,00:211B,WRITE,PPU,,YES,11C_PPU_STATE,ROUTED_FAIL_CLOSED_UNTIL_OWNER
TPHW-99DF2050C240F79CE2D9,07:D39F:0:1:1,00:211C,WRITE,PPU,,YES,11C_PPU_STATE,ROUTED_FAIL_CLOSED_UNTIL_OWNER
TPHW-5B491D19901C10E2A7CF,07:D3A6:0:0:1,00:2134,READ,PPU,,NO,11C_PPU_STATE,ROUTED_FAIL_CLOSED_UNTIL_OWNER
TPHW-F4C8552FF2EF12C0F94A,07:D3A6:0:0:1,00:2135,READ,PPU,,NO,11C_PPU_STATE,ROUTED_FAIL_CLOSED_UNTIL_OWNER
TPHW-C37AD708D6F296DCC586,07:D3A9:0:0:1,00:2136,READ,PPU,,NO,11C_PPU_STATE,ROUTED_FAIL_CLOSED_UNTIL_OWNER
TPHW-19C56BE8F7DCFB40EA15,07:D42B:0:1:1,00:211B,WRITE,PPU,,YES,11C_PPU_STATE,ROUTED_FAIL_CLOSED_UNTIL_OWNER
TPHW-536D0E2DA34C688438F5,07:D42F:0:1:1,00:211B,WRITE,PPU,,YES,11C_PPU_STATE,ROUTED_FAIL_CLOSED_UNTIL_OWNER
TPHW-630AAEA1DF72C43E33AF,07:D432:0:1:1,00:211C,WRITE,PPU,,YES,11C_PPU_STATE,ROUTED_FAIL_CLOSED_UNTIL_OWNER
TPHW-99DA77FDF3D21A0D6E61,07:D439:0:0:1,00:2134,READ,PPU,,NO,11C_PPU_STATE,ROUTED_FAIL_CLOSED_UNTIL_OWNER
TPHW-8F05A2BAC011883DDCE6,07:D439:0:0:1,00:2135,READ,PPU,,NO,11C_PPU_STATE,ROUTED_FAIL_CLOSED_UNTIL_OWNER
TPHW-1C3581CC62E1CD257EEC,07:D43C:0:0:1,00:2136,READ,PPU,,NO,11C_PPU_STATE,ROUTED_FAIL_CLOSED_UNTIL_OWNER
TPHW-5ED3437BB026247B574A,07:D478:0:1:1,00:211B,WRITE,PPU,,YES,11C_PPU_STATE,ROUTED_FAIL_CLOSED_UNTIL_OWNER
TPHW-737F79D395654EAE17F6,07:D47C:0:1:1,00:211B,WRITE,PPU,,YES,11C_PPU_STATE,ROUTED_FAIL_CLOSED_UNTIL_OWNER
TPHW-FF6C4102EA4E9C5EB833,07:D47F:0:1:1,00:211C,WRITE,PPU,,YES,11C_PPU_STATE,ROUTED_FAIL_CLOSED_UNTIL_OWNER
TPHW-465308F4A931110C21BB,07:D486:0:0:1,00:2134,READ,PPU,,NO,11C_PPU_STATE,ROUTED_FAIL_CLOSED_UNTIL_OWNER
TPHW-7ACC2AD945A822D7F518,07:D486:0:0:1,00:2135,READ,PPU,,NO,11C_PPU_STATE,ROUTED_FAIL_CLOSED_UNTIL_OWNER
TPHW-E34DE904F2A010BDA814,07:D489:0:0:1,00:2136,READ,PPU,,NO,11C_PPU_STATE,ROUTED_FAIL_CLOSED_UNTIL_OWNER
TPHW-BA52D2C96439E56CD57B,07:D4E3:0:0:1,00:4204,WRITE,CPU_IO,,YES,08C_CPU_IO,OWNED_LOCAL
TPHW-D6054E81E5E02C44B364,07:D4E3:0:0:1,00:4205,WRITE,CPU_IO,,YES,08C_CPU_IO,OWNED_LOCAL
TPHW-520B545B9F37A6CEB08B,07:D4E6:0:0:1,00:4206,WRITE,CPU_IO,,YES,08C_CPU_IO,OWNED_LOCAL
TPHW-C5CA770C34C04E1023AD,07:D4F3:0:0:0,00:4214,READ,CPU_IO,,NO,08C_CPU_IO,OWNED_LOCAL
TPHW-710FD594DDCA8D79AA8F,07:D4F3:0:0:0,00:4215,READ,CPU_IO,,NO,08C_CPU_IO,OWNED_LOCAL
TPHW-94FBDC6D92B718557B08,07:D4F6:0:0:0,00:4216,READ,CPU_IO,,NO,08C_CPU_IO,OWNED_LOCAL
TPHW-E7F3778CD2343B21A301,07:D4F6:0:0:0,00:4217,READ,CPU_IO,,NO,08C_CPU_IO,OWNED_LOCAL
TPHW-32C9A2C377747402A621,07:D7F2:0:1:1,00:211B,WRITE,PPU,,YES,11C_PPU_STATE,ROUTED_FAIL_CLOSED_UNTIL_OWNER
TPHW-E93B8E03F8EECF716C47,07:D7F6:0:1:1,00:211B,WRITE,PPU,,YES,11C_PPU_STATE,ROUTED_FAIL_CLOSED_UNTIL_OWNER
TPHW-7A24C2B83709EF8DAFBD,07:D7F9:0:1:1,00:211C,WRITE,PPU,,YES,11C_PPU_STATE,ROUTED_FAIL_CLOSED_UNTIL_OWNER
TPHW-2D5F73AD2B328E18CE46,07:D800:0:0:1,00:2134,READ,PPU,,NO,11C_PPU_STATE,ROUTED_FAIL_CLOSED_UNTIL_OWNER
TPHW-E13095E787B7F5C18695,07:D800:0:0:1,00:2135,READ,PPU,,NO,11C_PPU_STATE,ROUTED_FAIL_CLOSED_UNTIL_OWNER
TPHW-9024321804AEE90D3845,07:D803:0:0:1,00:2136,READ,PPU,,NO,11C_PPU_STATE,ROUTED_FAIL_CLOSED_UNTIL_OWNER
TPHW-C28AFA7AEB6FDB9E3C46,07:D83F:0:1:1,00:211B,WRITE,PPU,,YES,11C_PPU_STATE,ROUTED_FAIL_CLOSED_UNTIL_OWNER
TPHW-BD3F1DDB20460DB60F01,07:D843:0:1:1,00:211B,WRITE,PPU,,YES,11C_PPU_STATE,ROUTED_FAIL_CLOSED_UNTIL_OWNER
TPHW-C2725BF07BF11B1501A4,07:D846:0:1:1,00:211C,WRITE,PPU,,YES,11C_PPU_STATE,ROUTED_FAIL_CLOSED_UNTIL_OWNER
TPHW-868B2BC8EEDA91BAFD93,07:D84D:0:0:1,00:2134,READ,PPU,,NO,11C_PPU_STATE,ROUTED_FAIL_CLOSED_UNTIL_OWNER
TPHW-2FA5807FA2E67AF54AC2,07:D84D:0:0:1,00:2135,READ,PPU,,NO,11C_PPU_STATE,ROUTED_FAIL_CLOSED_UNTIL_OWNER
TPHW-0C49A4FE036FBDDC3861,07:D850:0:0:1,00:2136,READ,PPU,,NO,11C_PPU_STATE,ROUTED_FAIL_CLOSED_UNTIL_OWNER
TPHW-AEDCDE6585E43203FC08,07:DA57:0:1:1,00:211B,WRITE,PPU,,YES,11C_PPU_STATE,ROUTED_FAIL_CLOSED_UNTIL_OWNER
TPHW-B3B7211DFED53F32334B,07:DA5B:0:1:1,00:211B,WRITE,PPU,,YES,11C_PPU_STATE,ROUTED_FAIL_CLOSED_UNTIL_OWNER
TPHW-59D7D1C2C12E13CAFBA5,07:DA5E:0:1:1,00:211C,WRITE,PPU,,YES,11C_PPU_STATE,ROUTED_FAIL_CLOSED_UNTIL_OWNER
TPHW-1C2C72165441F01F197F,07:DA65:0:0:1,00:2134,READ,PPU,,NO,11C_PPU_STATE,ROUTED_FAIL_CLOSED_UNTIL_OWNER
TPHW-BC635F465309784088FE,07:DA65:0:0:1,00:2135,READ,PPU,,NO,11C_PPU_STATE,ROUTED_FAIL_CLOSED_UNTIL_OWNER
TPHW-C58D2AD191E4EC6D81FF,07:DA68:0:0:1,00:2136,READ,PPU,,NO,11C_PPU_STATE,ROUTED_FAIL_CLOSED_UNTIL_OWNER
TPHW-96DD1A4D8CBC52AF0709,07:DAA4:0:1:1,00:211B,WRITE,PPU,,YES,11C_PPU_STATE,ROUTED_FAIL_CLOSED_UNTIL_OWNER
TPHW-FD238EDD123A07F61844,07:DAA8:0:1:1,00:211B,WRITE,PPU,,YES,11C_PPU_STATE,ROUTED_FAIL_CLOSED_UNTIL_OWNER
TPHW-3FC74719C08C716AB74E,07:DAAB:0:1:1,00:211C,WRITE,PPU,,YES,11C_PPU_STATE,ROUTED_FAIL_CLOSED_UNTIL_OWNER
TPHW-558EA3AD191ADB842063,07:DAB2:0:0:1,00:2134,READ,PPU,,NO,11C_PPU_STATE,ROUTED_FAIL_CLOSED_UNTIL_OWNER
TPHW-D7373665BE0CE4E640E5,07:DAB2:0:0:1,00:2135,READ,PPU,,NO,11C_PPU_STATE,ROUTED_FAIL_CLOSED_UNTIL_OWNER
TPHW-CB99E51BB340290E6F54,07:DAB5:0:0:1,00:2136,READ,PPU,,NO,11C_PPU_STATE,ROUTED_FAIL_CLOSED_UNTIL_OWNER
TPHW-C1326FD99E8FE7ECF00F,07:DB05:0:1:1,00:211B,WRITE,PPU,,YES,11C_PPU_STATE,ROUTED_FAIL_CLOSED_UNTIL_OWNER
TPHW-B126DC3949475654395B,07:DB09:0:1:1,00:211B,WRITE,PPU,,YES,11C_PPU_STATE,ROUTED_FAIL_CLOSED_UNTIL_OWNER
TPHW-60AB6F66960C13D40C08,07:DB0C:0:1:1,00:211C,WRITE,PPU,,YES,11C_PPU_STATE,ROUTED_FAIL_CLOSED_UNTIL_OWNER
TPHW-B5116CFA9B87BF3B1B4D,07:DB13:0:0:1,00:2134,READ,PPU,,NO,11C_PPU_STATE,ROUTED_FAIL_CLOSED_UNTIL_OWNER
TPHW-EB2F78FD4BF22B736829,07:DB13:0:0:1,00:2135,READ,PPU,,NO,11C_PPU_STATE,ROUTED_FAIL_CLOSED_UNTIL_OWNER
TPHW-EB244F733982C0CF87B4,07:DB16:0:0:1,00:2136,READ,PPU,,NO,11C_PPU_STATE,ROUTED_FAIL_CLOSED_UNTIL_OWNER
TPHW-1D75D5A54876A823AB82,07:DBEF:0:0:1,00:4204,WRITE,CPU_IO,,YES,08C_CPU_IO,OWNED_LOCAL
TPHW-C9AF74A7585EE368DC3B,07:DBEF:0:0:1,00:4205,WRITE,CPU_IO,,YES,08C_CPU_IO,OWNED_LOCAL
TPHW-C69E5BB07A5A1773B409,07:DBF2:0:0:1,00:4206,WRITE,CPU_IO,,YES,08C_CPU_IO,OWNED_LOCAL
TPHW-D77767767646C398E134,07:DBFF:0:0:0,00:4214,READ,CPU_IO,,NO,08C_CPU_IO,OWNED_LOCAL
TPHW-3DC51D3A8C0FBD8A6BAF,07:DBFF:0:0:0,00:4215,READ,CPU_IO,,NO,08C_CPU_IO,OWNED_LOCAL
TPHW-FB70672D34E17C18B4EB,07:DC02:0:0:0,00:4216,READ,CPU_IO,,NO,08C_CPU_IO,OWNED_LOCAL
TPHW-A7BADB02A0F20CDAEE6D,07:DC02:0:0:0,00:4217,READ,CPU_IO,,NO,08C_CPU_IO,OWNED_LOCAL
TPHW-25E48F26D83ED8620FDD,07:DC99:0:1:1,00:211B,WRITE,PPU,,YES,11C_PPU_STATE,ROUTED_FAIL_CLOSED_UNTIL_OWNER
TPHW-07C939FBA3DAA23A2E88,07:DC9D:0:1:1,00:211B,WRITE,PPU,,YES,11C_PPU_STATE,ROUTED_FAIL_CLOSED_UNTIL_OWNER
TPHW-C690EB8C9F7D283B707B,07:DCA0:0:1:1,00:211C,WRITE,PPU,,YES,11C_PPU_STATE,ROUTED_FAIL_CLOSED_UNTIL_OWNER
TPHW-082ED96407D104FB2E5E,07:DCA7:0:0:1,00:2134,READ,PPU,,NO,11C_PPU_STATE,ROUTED_FAIL_CLOSED_UNTIL_OWNER
TPHW-A00C3ABB3559DFBF8FBF,07:DCA7:0:0:1,00:2135,READ,PPU,,NO,11C_PPU_STATE,ROUTED_FAIL_CLOSED_UNTIL_OWNER
TPHW-61C5AD9394D35957A3D7,07:DCAA:0:0:1,00:2136,READ,PPU,,NO,11C_PPU_STATE,ROUTED_FAIL_CLOSED_UNTIL_OWNER
TPHW-D8A3998F66A48EC1818F,07:E0AE:0:1:1,00:211B,WRITE,PPU,,YES,11C_PPU_STATE,ROUTED_FAIL_CLOSED_UNTIL_OWNER
TPHW-FEC07F2F3B681361A291,07:E0B2:0:1:1,00:211B,WRITE,PPU,,YES,11C_PPU_STATE,ROUTED_FAIL_CLOSED_UNTIL_OWNER
TPHW-C58E37D0269E6F4B80A5,07:E0B5:0:1:1,00:211C,WRITE,PPU,,YES,11C_PPU_STATE,ROUTED_FAIL_CLOSED_UNTIL_OWNER
TPHW-1A1688DD243F4469DB86,07:E0BC:0:0:1,00:2134,READ,PPU,,NO,11C_PPU_STATE,ROUTED_FAIL_CLOSED_UNTIL_OWNER
TPHW-55EDB7BD3B9C5E0E5571,07:E0BC:0:0:1,00:2135,READ,PPU,,NO,11C_PPU_STATE,ROUTED_FAIL_CLOSED_UNTIL_OWNER
TPHW-8BAF4A5E4DC052986A20,07:E0BF:0:0:1,00:2136,READ,PPU,,NO,11C_PPU_STATE,ROUTED_FAIL_CLOSED_UNTIL_OWNER
TPHW-966BECA4AE006B6987A1,07:E0FB:0:1:1,00:211B,WRITE,PPU,,YES,11C_PPU_STATE,ROUTED_FAIL_CLOSED_UNTIL_OWNER
TPHW-9E6FB74CD6EC4B9691B8,07:E0FF:0:1:1,00:211B,WRITE,PPU,,YES,11C_PPU_STATE,ROUTED_FAIL_CLOSED_UNTIL_OWNER
TPHW-9707CDE2BF2D285DAB44,07:E102:0:1:1,00:211C,WRITE,PPU,,YES,11C_PPU_STATE,ROUTED_FAIL_CLOSED_UNTIL_OWNER
TPHW-20DF546092070DA457FE,07:E109:0:0:1,00:2134,READ,PPU,,NO,11C_PPU_STATE,ROUTED_FAIL_CLOSED_UNTIL_OWNER
TPHW-E73D08698C3B516EE180,07:E109:0:0:1,00:2135,READ,PPU,,NO,11C_PPU_STATE,ROUTED_FAIL_CLOSED_UNTIL_OWNER
TPHW-325DD5DE9158E4B26E03,07:E10C:0:0:1,00:2136,READ,PPU,,NO,11C_PPU_STATE,ROUTED_FAIL_CLOSED_UNTIL_OWNER
TPHW-BC42DD524654B0C025C1,07:E174:0:0:1,00:4204,WRITE,CPU_IO,,YES,08C_CPU_IO,OWNED_LOCAL
TPHW-C356BABB32E27ECE4946,07:E174:0:0:1,00:4205,WRITE,CPU_IO,,YES,08C_CPU_IO,OWNED_LOCAL
TPHW-701CF33C08EDC3DE8366,07:E177:0:0:1,00:4206,WRITE,CPU_IO,,YES,08C_CPU_IO,OWNED_LOCAL
TPHW-BF3C076AD1455CCF3BCD,07:E184:0:0:0,00:4214,READ,CPU_IO,,NO,08C_CPU_IO,OWNED_LOCAL
TPHW-E72B0ACF6D709522161F,07:E184:0:0:0,00:4215,READ,CPU_IO,,NO,08C_CPU_IO,OWNED_LOCAL
TPHW-046B655E4A42F9279118,07:E187:0:0:0,00:4216,READ,CPU_IO,,NO,08C_CPU_IO,OWNED_LOCAL
TPHW-FE2FFE3C8B9EC77B962B,07:E187:0:0:0,00:4217,READ,CPU_IO,,NO,08C_CPU_IO,OWNED_LOCAL
TPHW-69CAEA11A9F8A90F4760,07:E25A:0:0:1,00:4204,WRITE,CPU_IO,,YES,08C_CPU_IO,OWNED_LOCAL
TPHW-3ED12F926ABB389811E6,07:E25A:0:0:1,00:4205,WRITE,CPU_IO,,YES,08C_CPU_IO,OWNED_LOCAL
TPHW-62F22C6B57C6335D1F23,07:E25D:0:0:1,00:4206,WRITE,CPU_IO,,YES,08C_CPU_IO,OWNED_LOCAL
TPHW-543D5279ADF4FEEA7859,07:E26A:0:0:0,00:4214,READ,CPU_IO,,NO,08C_CPU_IO,OWNED_LOCAL
TPHW-8E1370EA2CBFC05C91C2,07:E26A:0:0:0,00:4215,READ,CPU_IO,,NO,08C_CPU_IO,OWNED_LOCAL
TPHW-D67B6DD10A8595AD8712,07:E26D:0:0:0,00:4216,READ,CPU_IO,,NO,08C_CPU_IO,OWNED_LOCAL
TPHW-85FBF240FF008F065E51,07:E26D:0:0:0,00:4217,READ,CPU_IO,,NO,08C_CPU_IO,OWNED_LOCAL
TPHW-1DB9AC2EC106EAA8ED51,07:E342:0:1:1,00:211B,WRITE,PPU,,YES,11C_PPU_STATE,ROUTED_FAIL_CLOSED_UNTIL_OWNER
TPHW-7634E6B1371760E72104,07:E346:0:1:1,00:211B,WRITE,PPU,,YES,11C_PPU_STATE,ROUTED_FAIL_CLOSED_UNTIL_OWNER
TPHW-0C715B83BC9A0B6FCA1C,07:E349:0:1:1,00:211C,WRITE,PPU,,YES,11C_PPU_STATE,ROUTED_FAIL_CLOSED_UNTIL_OWNER
TPHW-35C336129FB37E4DD2D0,07:E350:0:0:1,00:2134,READ,PPU,,NO,11C_PPU_STATE,ROUTED_FAIL_CLOSED_UNTIL_OWNER
TPHW-902B3999C2CC172374E8,07:E350:0:0:1,00:2135,READ,PPU,,NO,11C_PPU_STATE,ROUTED_FAIL_CLOSED_UNTIL_OWNER
TPHW-AF9A21EABCB8FC706138,07:E353:0:0:1,00:2136,READ,PPU,,NO,11C_PPU_STATE,ROUTED_FAIL_CLOSED_UNTIL_OWNER
TPHW-151F14A227524F13BA6A,07:E3D6:0:1:1,00:211B,WRITE,PPU,,YES,11C_PPU_STATE,ROUTED_FAIL_CLOSED_UNTIL_OWNER
TPHW-5A71C53BDDFDE74236E6,07:E3DA:0:1:1,00:211B,WRITE,PPU,,YES,11C_PPU_STATE,ROUTED_FAIL_CLOSED_UNTIL_OWNER
TPHW-38290AF723CFF516D202,07:E3DD:0:1:1,00:211C,WRITE,PPU,,YES,11C_PPU_STATE,ROUTED_FAIL_CLOSED_UNTIL_OWNER
TPHW-71A305D0406B3FF8E6A8,07:E3E4:0:0:1,00:2134,READ,PPU,,NO,11C_PPU_STATE,ROUTED_FAIL_CLOSED_UNTIL_OWNER
TPHW-6BE7CA9062E34DDF82F4,07:E3E4:0:0:1,00:2135,READ,PPU,,NO,11C_PPU_STATE,ROUTED_FAIL_CLOSED_UNTIL_OWNER
TPHW-AF9F461A6AF6BD8EF689,07:E3E7:0:0:1,00:2136,READ,PPU,,NO,11C_PPU_STATE,ROUTED_FAIL_CLOSED_UNTIL_OWNER
TPHW-0F4D1C1375B63643D136,07:E423:0:1:1,00:211B,WRITE,PPU,,YES,11C_PPU_STATE,ROUTED_FAIL_CLOSED_UNTIL_OWNER
TPHW-EC6AE22389AB0142E648,07:E427:0:1:1,00:211B,WRITE,PPU,,YES,11C_PPU_STATE,ROUTED_FAIL_CLOSED_UNTIL_OWNER
TPHW-650F9730034A346232C6,07:E42A:0:1:1,00:211C,WRITE,PPU,,YES,11C_PPU_STATE,ROUTED_FAIL_CLOSED_UNTIL_OWNER
TPHW-504A3113F4642A70CF0A,07:E431:0:0:1,00:2134,READ,PPU,,NO,11C_PPU_STATE,ROUTED_FAIL_CLOSED_UNTIL_OWNER
TPHW-9564BE80EC832F0154E6,07:E431:0:0:1,00:2135,READ,PPU,,NO,11C_PPU_STATE,ROUTED_FAIL_CLOSED_UNTIL_OWNER
TPHW-083427324C1C89D1C4E7,07:E434:0:0:1,00:2136,READ,PPU,,NO,11C_PPU_STATE,ROUTED_FAIL_CLOSED_UNTIL_OWNER
TPHW-725979CFF28DA0D536BC,07:E533:0:0:1,00:4204,WRITE,CPU_IO,,YES,08C_CPU_IO,OWNED_LOCAL
TPHW-25C48278EA268D70C6DC,07:E533:0:0:1,00:4205,WRITE,CPU_IO,,YES,08C_CPU_IO,OWNED_LOCAL
TPHW-D51D41B3B31D6A32C127,07:E536:0:0:1,00:4206,WRITE,CPU_IO,,YES,08C_CPU_IO,OWNED_LOCAL
TPHW-5EC7F268E0562A327BE0,07:E543:0:0:0,00:4214,READ,CPU_IO,,NO,08C_CPU_IO,OWNED_LOCAL
TPHW-A5592C4992786C9E936F,07:E543:0:0:0,00:4215,READ,CPU_IO,,NO,08C_CPU_IO,OWNED_LOCAL
TPHW-F38831198B86CC24C54B,07:E546:0:0:0,00:4216,READ,CPU_IO,,NO,08C_CPU_IO,OWNED_LOCAL
TPHW-FB1F58880BC63E70E611,07:E546:0:0:0,00:4217,READ,CPU_IO,,NO,08C_CPU_IO,OWNED_LOCAL
TPHW-2A20D763A7E6CC137BF9,07:E5A2:0:0:1,00:4204,WRITE,CPU_IO,,YES,08C_CPU_IO,OWNED_LOCAL
TPHW-22FF3F20D4361F310FFB,07:E5A2:0:0:1,00:4205,WRITE,CPU_IO,,YES,08C_CPU_IO,OWNED_LOCAL
TPHW-8BC93B10E8B69455355A,07:E5A5:0:0:1,00:4206,WRITE,CPU_IO,,YES,08C_CPU_IO,OWNED_LOCAL
TPHW-1D900868F9E17FD12C63,07:E5B2:0:0:0,00:4214,READ,CPU_IO,,NO,08C_CPU_IO,OWNED_LOCAL
TPHW-5AC5B170247E6C9A0095,07:E5B2:0:0:0,00:4215,READ,CPU_IO,,NO,08C_CPU_IO,OWNED_LOCAL
TPHW-2F3FB030661C50F29289,07:E5B5:0:0:0,00:4216,READ,CPU_IO,,NO,08C_CPU_IO,OWNED_LOCAL
TPHW-8E491833ACCDFCFCDE21,07:E5B5:0:0:0,00:4217,READ,CPU_IO,,NO,08C_CPU_IO,OWNED_LOCAL
TPHW-7EE4CDE2F2F641540483,07:EC2F:0:1:1,00:211B,WRITE,PPU,,YES,11C_PPU_STATE,ROUTED_FAIL_CLOSED_UNTIL_OWNER
TPHW-F90AA55EE6BFE281D386,07:EC33:0:1:1,00:211B,WRITE,PPU,,YES,11C_PPU_STATE,ROUTED_FAIL_CLOSED_UNTIL_OWNER
TPHW-4531DDBE0712E2633328,07:EC36:0:1:1,00:211C,WRITE,PPU,,YES,11C_PPU_STATE,ROUTED_FAIL_CLOSED_UNTIL_OWNER
TPHW-25B080D1610575C586D9,07:EC3D:0:0:1,00:2134,READ,PPU,,NO,11C_PPU_STATE,ROUTED_FAIL_CLOSED_UNTIL_OWNER
TPHW-DE659AA902FF8E9DA4D8,07:EC3D:0:0:1,00:2135,READ,PPU,,NO,11C_PPU_STATE,ROUTED_FAIL_CLOSED_UNTIL_OWNER
TPHW-F41885FAFEE369125E06,07:EC40:0:0:1,00:2136,READ,PPU,,NO,11C_PPU_STATE,ROUTED_FAIL_CLOSED_UNTIL_OWNER
TPHW-FBA0798D319842C3BB86,07:ECDB:0:0:1,00:4204,WRITE,CPU_IO,,YES,08C_CPU_IO,OWNED_LOCAL
TPHW-BF71B0E59B5F0A4B95D9,07:ECDB:0:0:1,00:4205,WRITE,CPU_IO,,YES,08C_CPU_IO,OWNED_LOCAL
TPHW-F4B3D9767D1163556E41,07:ECDE:0:0:1,00:4206,WRITE,CPU_IO,,YES,08C_CPU_IO,OWNED_LOCAL
TPHW-D59FF1A3DA8F5EA068D2,07:ECEB:0:0:0,00:4214,READ,CPU_IO,,NO,08C_CPU_IO,OWNED_LOCAL
TPHW-A827804749E96AB4905E,07:ECEB:0:0:0,00:4215,READ,CPU_IO,,NO,08C_CPU_IO,OWNED_LOCAL
TPHW-4F7F37F21C8CD2AAE781,07:ECEE:0:0:0,00:4216,READ,CPU_IO,,NO,08C_CPU_IO,OWNED_LOCAL
TPHW-6CAB5CA37DDD971C9B5F,07:ECEE:0:0:0,00:4217,READ,CPU_IO,,NO,08C_CPU_IO,OWNED_LOCAL
TPHW-46FB65CEA611DEEE6343,07:EEEE:0:0:1,00:4204,WRITE,CPU_IO,,YES,08C_CPU_IO,OWNED_LOCAL
TPHW-D7F4A2D64054CE527F89,07:EEEE:0:0:1,00:4205,WRITE,CPU_IO,,YES,08C_CPU_IO,OWNED_LOCAL
TPHW-FDCC46524CE50BE1C7B2,07:EEF1:0:0:1,00:4206,WRITE,CPU_IO,,YES,08C_CPU_IO,OWNED_LOCAL
TPHW-1FE35BF8B1888DA51BD2,07:EEFE:0:0:0,00:4214,READ,CPU_IO,,NO,08C_CPU_IO,OWNED_LOCAL
TPHW-9EBA4121E3BE0848B76E,07:EEFE:0:0:0,00:4215,READ,CPU_IO,,NO,08C_CPU_IO,OWNED_LOCAL
TPHW-D125D6B81625D4760527,07:EF01:0:0:0,00:4216,READ,CPU_IO,,NO,08C_CPU_IO,OWNED_LOCAL
TPHW-CDBC8F41ECD433F1C9C6,07:EF01:0:0:0,00:4217,READ,CPU_IO,,NO,08C_CPU_IO,OWNED_LOCAL
TPHW-B0D5C6EAD219435930A9,07:EF77:0:0:1,00:4204,WRITE,CPU_IO,,YES,08C_CPU_IO,OWNED_LOCAL
TPHW-101A2D3A5F0A257DAD8F,07:EF77:0:0:1,00:4205,WRITE,CPU_IO,,YES,08C_CPU_IO,OWNED_LOCAL
TPHW-B954F53C3336FB4477D2,07:EF7A:0:0:1,00:4206,WRITE,CPU_IO,,YES,08C_CPU_IO,OWNED_LOCAL
TPHW-135A4D873AA14BA489D1,07:EF87:0:0:0,00:4214,READ,CPU_IO,,NO,08C_CPU_IO,OWNED_LOCAL
TPHW-B5326842075281EF4D46,07:EF87:0:0:0,00:4215,READ,CPU_IO,,NO,08C_CPU_IO,OWNED_LOCAL
TPHW-BD65FA914367C97A9BD9,07:EF8A:0:0:0,00:4216,READ,CPU_IO,,NO,08C_CPU_IO,OWNED_LOCAL
TPHW-F7B271C35245AA17C488,07:EF8A:0:0:0,00:4217,READ,CPU_IO,,NO,08C_CPU_IO,OWNED_LOCAL
TPHW-BDAF49447E7859E0E9BF,07:F000:0:0:1,00:4204,WRITE,CPU_IO,,YES,08C_CPU_IO,OWNED_LOCAL
TPHW-9B7AE5A71493CBC97069,07:F000:0:0:1,00:4205,WRITE,CPU_IO,,YES,08C_CPU_IO,OWNED_LOCAL
TPHW-30842EB5BE3B5CAD9C9C,07:F003:0:0:1,00:4206,WRITE,CPU_IO,,YES,08C_CPU_IO,OWNED_LOCAL
TPHW-44375F72D819B870B7ED,07:F010:0:0:0,00:4214,READ,CPU_IO,,NO,08C_CPU_IO,OWNED_LOCAL
TPHW-CA546DD5A692EC1D5792,07:F010:0:0:0,00:4215,READ,CPU_IO,,NO,08C_CPU_IO,OWNED_LOCAL
TPHW-ED1773DF3AE424D4C2EB,07:F013:0:0:0,00:4216,READ,CPU_IO,,NO,08C_CPU_IO,OWNED_LOCAL
TPHW-8556A987FF44F769BEAE,07:F013:0:0:0,00:4217,READ,CPU_IO,,NO,08C_CPU_IO,OWNED_LOCAL
TPHW-BDE088B8EB7237D8B65E,07:F089:0:0:1,00:4204,WRITE,CPU_IO,,YES,08C_CPU_IO,OWNED_LOCAL
TPHW-CC2E9328FE7F08053772,07:F089:0:0:1,00:4205,WRITE,CPU_IO,,YES,08C_CPU_IO,OWNED_LOCAL
TPHW-A30CDFFB84DFD17711E6,07:F08C:0:0:1,00:4206,WRITE,CPU_IO,,YES,08C_CPU_IO,OWNED_LOCAL
TPHW-E0A2368A4F445C81E392,07:F099:0:0:0,00:4214,READ,CPU_IO,,NO,08C_CPU_IO,OWNED_LOCAL
TPHW-EE7B50A68270AA92B0A8,07:F099:0:0:0,00:4215,READ,CPU_IO,,NO,08C_CPU_IO,OWNED_LOCAL
TPHW-67D75D23A8747E826376,07:F09C:0:0:0,00:4216,READ,CPU_IO,,NO,08C_CPU_IO,OWNED_LOCAL
TPHW-DEB7CE9193FF15C2AA17,07:F09C:0:0:0,00:4217,READ,CPU_IO,,NO,08C_CPU_IO,OWNED_LOCAL
TPHW-D6A753274705D0A44C42,07:F186:0:1:1,00:211B,WRITE,PPU,,YES,11C_PPU_STATE,ROUTED_FAIL_CLOSED_UNTIL_OWNER
TPHW-B50493BA56F47E295C2D,07:F18A:0:1:1,00:211B,WRITE,PPU,,YES,11C_PPU_STATE,ROUTED_FAIL_CLOSED_UNTIL_OWNER
TPHW-3CAFCED732599F7B2570,07:F18D:0:1:1,00:211C,WRITE,PPU,,YES,11C_PPU_STATE,ROUTED_FAIL_CLOSED_UNTIL_OWNER
TPHW-BB489BAB4D5AD2C2035B,07:F194:0:0:1,00:2134,READ,PPU,,NO,11C_PPU_STATE,ROUTED_FAIL_CLOSED_UNTIL_OWNER
TPHW-EF2FF76D103FA43B7827,07:F194:0:0:1,00:2135,READ,PPU,,NO,11C_PPU_STATE,ROUTED_FAIL_CLOSED_UNTIL_OWNER
TPHW-CBDB6971C0A550CEB693,07:F197:0:0:1,00:2136,READ,PPU,,NO,11C_PPU_STATE,ROUTED_FAIL_CLOSED_UNTIL_OWNER
TPHW-79B17A4B54881313666D,07:F1C1:0:0:1,00:4204,WRITE,CPU_IO,,YES,08C_CPU_IO,OWNED_LOCAL
TPHW-179679697E2ED22987BB,07:F1C1:0:0:1,00:4205,WRITE,CPU_IO,,YES,08C_CPU_IO,OWNED_LOCAL
TPHW-1194D373808DF0BDEA56,07:F1C4:0:0:1,00:4206,WRITE,CPU_IO,,YES,08C_CPU_IO,OWNED_LOCAL
TPHW-5DEA496F23024E015FDB,07:F1D1:0:0:0,00:4214,READ,CPU_IO,,NO,08C_CPU_IO,OWNED_LOCAL
TPHW-E0D98BA61ED55A9DFFCD,07:F1D1:0:0:0,00:4215,READ,CPU_IO,,NO,08C_CPU_IO,OWNED_LOCAL
TPHW-CE8A6D805DF820D1A38A,07:F1D4:0:0:0,00:4216,READ,CPU_IO,,NO,08C_CPU_IO,OWNED_LOCAL
TPHW-F92C730DAE5AC1C30061,07:F1D4:0:0:0,00:4217,READ,CPU_IO,,NO,08C_CPU_IO,OWNED_LOCAL
TPHW-6FEF4C29EED2AFB72756,07:F24D:0:1:1,00:211B,WRITE,PPU,,YES,11C_PPU_STATE,ROUTED_FAIL_CLOSED_UNTIL_OWNER
TPHW-E129BDE8414F3E4C4C2B,07:F251:0:1:1,00:211B,WRITE,PPU,,YES,11C_PPU_STATE,ROUTED_FAIL_CLOSED_UNTIL_OWNER
TPHW-27CBEE3A88C19F724C03,07:F254:0:1:1,00:211C,WRITE,PPU,,YES,11C_PPU_STATE,ROUTED_FAIL_CLOSED_UNTIL_OWNER
TPHW-80D8CFF9EA19C4065CC2,07:F25B:0:0:1,00:2134,READ,PPU,,NO,11C_PPU_STATE,ROUTED_FAIL_CLOSED_UNTIL_OWNER
TPHW-B6ED59DD56F3567B3B97,07:F25B:0:0:1,00:2135,READ,PPU,,NO,11C_PPU_STATE,ROUTED_FAIL_CLOSED_UNTIL_OWNER
TPHW-666DAEB0AF4AAC119334,07:F25E:0:0:1,00:2136,READ,PPU,,NO,11C_PPU_STATE,ROUTED_FAIL_CLOSED_UNTIL_OWNER
TPHW-A3729E65C8FFDDF0BCB4,07:F3EA:0:1:1,00:211B,WRITE,PPU,,YES,11C_PPU_STATE,ROUTED_FAIL_CLOSED_UNTIL_OWNER
TPHW-DA6081A5BAECD1BDA68B,07:F3EE:0:1:1,00:211B,WRITE,PPU,,YES,11C_PPU_STATE,ROUTED_FAIL_CLOSED_UNTIL_OWNER
TPHW-D2C395E36875CBA7826E,07:F3F1:0:1:1,00:211C,WRITE,PPU,,YES,11C_PPU_STATE,ROUTED_FAIL_CLOSED_UNTIL_OWNER
TPHW-4DC6ADE8181F431C4009,07:F3F8:0:0:1,00:2134,READ,PPU,,NO,11C_PPU_STATE,ROUTED_FAIL_CLOSED_UNTIL_OWNER
TPHW-1D31AE2A6EE64BBF6177,07:F3F8:0:0:1,00:2135,READ,PPU,,NO,11C_PPU_STATE,ROUTED_FAIL_CLOSED_UNTIL_OWNER
TPHW-7A1668E7F8DD122B7AC3,07:F3FB:0:0:1,00:2136,READ,PPU,,NO,11C_PPU_STATE,ROUTED_FAIL_CLOSED_UNTIL_OWNER
TPHW-3AD5C1F5756A18D10C09,07:F54B:0:1:1,00:211B,WRITE,PPU,,YES,11C_PPU_STATE,ROUTED_FAIL_CLOSED_UNTIL_OWNER
TPHW-9BD6328A25B27FF8A009,07:F54F:0:1:1,00:211B,WRITE,PPU,,YES,11C_PPU_STATE,ROUTED_FAIL_CLOSED_UNTIL_OWNER
TPHW-69F2B0137ABD48FD41B1,07:F552:0:1:1,00:211C,WRITE,PPU,,YES,11C_PPU_STATE,ROUTED_FAIL_CLOSED_UNTIL_OWNER
TPHW-86938D2854A882575374,07:F559:0:0:1,00:2134,READ,PPU,,NO,11C_PPU_STATE,ROUTED_FAIL_CLOSED_UNTIL_OWNER
TPHW-25CACB06E4291057C4E3,07:F559:0:0:1,00:2135,READ,PPU,,NO,11C_PPU_STATE,ROUTED_FAIL_CLOSED_UNTIL_OWNER
TPHW-EC635B055FE257966631,07:F55C:0:0:1,00:2136,READ,PPU,,NO,11C_PPU_STATE,ROUTED_FAIL_CLOSED_UNTIL_OWNER
TPHW-A066C6B722AE675A1EEF,07:F705:0:1:1,00:211B,WRITE,PPU,,YES,11C_PPU_STATE,ROUTED_FAIL_CLOSED_UNTIL_OWNER
TPHW-77334FA7A82255D7AC11,07:F709:0:1:1,00:211B,WRITE,PPU,,YES,11C_PPU_STATE,ROUTED_FAIL_CLOSED_UNTIL_OWNER
TPHW-57A5DAC5F995CF41631E,07:F70C:0:1:1,00:211C,WRITE,PPU,,YES,11C_PPU_STATE,ROUTED_FAIL_CLOSED_UNTIL_OWNER
TPHW-A5EAB249107149E5BEB0,07:F713:0:0:1,00:2134,READ,PPU,,NO,11C_PPU_STATE,ROUTED_FAIL_CLOSED_UNTIL_OWNER
TPHW-CB613F4C7D517E4F3B72,07:F713:0:0:1,00:2135,READ,PPU,,NO,11C_PPU_STATE,ROUTED_FAIL_CLOSED_UNTIL_OWNER
TPHW-B3A207D3E557E33CA4BA,07:F716:0:0:1,00:2136,READ,PPU,,NO,11C_PPU_STATE,ROUTED_FAIL_CLOSED_UNTIL_OWNER
TPHW-37CC5F84F70DE6D9A99F,07:F739:0:1:1,00:211B,WRITE,PPU,,YES,11C_PPU_STATE,ROUTED_FAIL_CLOSED_UNTIL_OWNER
TPHW-5F6396D7822C85C20DD9,07:F73D:0:1:1,00:211B,WRITE,PPU,,YES,11C_PPU_STATE,ROUTED_FAIL_CLOSED_UNTIL_OWNER
TPHW-67674B2A670314C3F72A,07:F740:0:1:1,00:211C,WRITE,PPU,,YES,11C_PPU_STATE,ROUTED_FAIL_CLOSED_UNTIL_OWNER
TPHW-DEF04F4C3E3FD75E1ED6,07:F747:0:0:1,00:2134,READ,PPU,,NO,11C_PPU_STATE,ROUTED_FAIL_CLOSED_UNTIL_OWNER
TPHW-D840B9A6E7F605CBBC37,07:F747:0:0:1,00:2135,READ,PPU,,NO,11C_PPU_STATE,ROUTED_FAIL_CLOSED_UNTIL_OWNER
TPHW-1FA5355C74F19155BF76,07:F74A:0:0:1,00:2136,READ,PPU,,NO,11C_PPU_STATE,ROUTED_FAIL_CLOSED_UNTIL_OWNER
TPHW-F485B8A12BDA1755F5E0,07:F769:0:0:1,00:4204,WRITE,CPU_IO,,YES,08C_CPU_IO,OWNED_LOCAL
TPHW-E204FF6B300736077B17,07:F769:0:0:1,00:4205,WRITE,CPU_IO,,YES,08C_CPU_IO,OWNED_LOCAL
TPHW-8AE35293115CFA6F7FA3,07:F76C:0:0:1,00:4206,WRITE,CPU_IO,,YES,08C_CPU_IO,OWNED_LOCAL
TPHW-776ED8DE0312938218BF,07:F779:0:0:0,00:4214,READ,CPU_IO,,NO,08C_CPU_IO,OWNED_LOCAL
TPHW-360AF4017B21CA716E2A,07:F779:0:0:0,00:4215,READ,CPU_IO,,NO,08C_CPU_IO,OWNED_LOCAL
TPHW-AE9359B679B7FEEA1D54,07:F77C:0:0:0,00:4216,READ,CPU_IO,,NO,08C_CPU_IO,OWNED_LOCAL
TPHW-3470686CCA3AF6245438,07:F77C:0:0:0,00:4217,READ,CPU_IO,,NO,08C_CPU_IO,OWNED_LOCAL
TPHW-D7D70FEADCB4DD53A906,07:F7A8:0:1:1,00:211B,WRITE,PPU,,YES,11C_PPU_STATE,ROUTED_FAIL_CLOSED_UNTIL_OWNER
TPHW-33F403FC2FBFBB29F226,07:F7AC:0:1:1,00:211B,WRITE,PPU,,YES,11C_PPU_STATE,ROUTED_FAIL_CLOSED_UNTIL_OWNER
TPHW-854A1C13A167B4D53888,07:F7AF:0:1:1,00:211C,WRITE,PPU,,YES,11C_PPU_STATE,ROUTED_FAIL_CLOSED_UNTIL_OWNER
TPHW-4C4F6C06AB7CF63B9158,07:F7B6:0:0:1,00:2134,READ,PPU,,NO,11C_PPU_STATE,ROUTED_FAIL_CLOSED_UNTIL_OWNER
TPHW-6871807EB7CEDD9C4643,07:F7B6:0:0:1,00:2135,READ,PPU,,NO,11C_PPU_STATE,ROUTED_FAIL_CLOSED_UNTIL_OWNER
TPHW-F9CB2A517D60C0A8117C,07:F7B9:0:0:1,00:2136,READ,PPU,,NO,11C_PPU_STATE,ROUTED_FAIL_CLOSED_UNTIL_OWNER
TPHW-33BAFE20716A6A628F20,07:F7D0:0:0:1,00:4204,WRITE,CPU_IO,,YES,08C_CPU_IO,OWNED_LOCAL
TPHW-BA48F8F4C8DC07B450B6,07:F7D0:0:0:1,00:4205,WRITE,CPU_IO,,YES,08C_CPU_IO,OWNED_LOCAL
TPHW-293E35905CF1B0FFE9FD,07:F7D3:0:0:1,00:4206,WRITE,CPU_IO,,YES,08C_CPU_IO,OWNED_LOCAL
TPHW-E9430A8BC2600F7E868B,07:F7E0:0:0:0,00:4214,READ,CPU_IO,,NO,08C_CPU_IO,OWNED_LOCAL
TPHW-4905A066DAB3E12EC7A7,07:F7E0:0:0:0,00:4215,READ,CPU_IO,,NO,08C_CPU_IO,OWNED_LOCAL
TPHW-197F7670AC253A0449D7,07:F7E3:0:0:0,00:4216,READ,CPU_IO,,NO,08C_CPU_IO,OWNED_LOCAL
TPHW-E516ADF99CAD8467F073,07:F7E3:0:0:0,00:4217,READ,CPU_IO,,NO,08C_CPU_IO,OWNED_LOCAL
TPHW-3A5868B6D7D128FE5BF4,07:FD0C:0:1:1,00:211B,WRITE,PPU,,YES,11C_PPU_STATE,ROUTED_FAIL_CLOSED_UNTIL_OWNER
TPHW-EDEAC2D21FCD52743C73,07:FD10:0:1:1,00:211B,WRITE,PPU,,YES,11C_PPU_STATE,ROUTED_FAIL_CLOSED_UNTIL_OWNER
TPHW-A6CE8C96FED326924F4A,07:FD13:0:1:1,00:211C,WRITE,PPU,,YES,11C_PPU_STATE,ROUTED_FAIL_CLOSED_UNTIL_OWNER
TPHW-DEF0A78D2049AA394C13,07:FD1A:0:0:1,00:2134,READ,PPU,,NO,11C_PPU_STATE,ROUTED_FAIL_CLOSED_UNTIL_OWNER
TPHW-AFACD42A6D7079268E93,07:FD1A:0:0:1,00:2135,READ,PPU,,NO,11C_PPU_STATE,ROUTED_FAIL_CLOSED_UNTIL_OWNER
TPHW-18BDE6DD95AEA40F3521,07:FD1D:0:0:1,00:2136,READ,PPU,,NO,11C_PPU_STATE,ROUTED_FAIL_CLOSED_UNTIL_OWNER
TPHW-7AA3E6851F6DF816CAA5,0B:8004:0:1:1,00:2109,WRITE,PPU,,YES,11C_PPU_STATE,ROUTED_FAIL_CLOSED_UNTIL_OWNER
TPHW-C8652DACFAC15AAC85AF,0B:8009:0:1:1,00:2112,WRITE,PPU,,YES,11C_PPU_STATE,ROUTED_FAIL_CLOSED_UNTIL_OWNER
TPHW-D31AA0BF2EC2769A55E9,0B:800E:0:1:1,00:2111,WRITE,PPU,,YES,11C_PPU_STATE,ROUTED_FAIL_CLOSED_UNTIL_OWNER
TPHW-C62824C926C61049DA7A,0B:8013:0:1:1,00:2115,WRITE,PPU,,YES,11C_PPU_STATE,ROUTED_FAIL_CLOSED_UNTIL_OWNER
TPHW-9DF2ED1E1F1C6B3301DC,0B:8016:0:1:1,00:2115,WRITE,PPU,,YES,11C_PPU_STATE,ROUTED_FAIL_CLOSED_UNTIL_OWNER
TPHW-8B863FB2D6644DFB1AC5,0B:8021:0:1:1,00:212C,WRITE,PPU,,YES,11C_PPU_STATE,ROUTED_FAIL_CLOSED_UNTIL_OWNER
TPHW-A01AD0EE676C13FF4A09,0C:8006:0:1:0,00:420C,WRITE,CPU_IO,,YES,10C_DMA_HDMA,ROUTED_FAIL_CLOSED_UNTIL_OWNER
TPHW-CFD5B63C9E56E5C62696,0C:800B:0:1:0,00:4300,WRITE,DMA,,YES,10C_DMA_HDMA,ROUTED_FAIL_CLOSED_UNTIL_OWNER
TPHW-4C7C133D1E2DD6661F1B,0C:8010:0:1:0,00:4304,WRITE,DMA,,YES,10C_DMA_HDMA,ROUTED_FAIL_CLOSED_UNTIL_OWNER
TPHW-AFE6ED5B4AECC55BA7C8,0C:8015:0:1:0,00:4301,WRITE,DMA,,YES,10C_DMA_HDMA,ROUTED_FAIL_CLOSED_UNTIL_OWNER
TPHW-F745015ACA715C4893BC,0C:801B:0:1:0,00:4302,WRITE,DMA,,YES,10C_DMA_HDMA,ROUTED_FAIL_CLOSED_UNTIL_OWNER
TPHW-A4EB7499736C3E7BBCC5,0C:801B:0:1:0,00:4303,WRITE,DMA,,YES,10C_DMA_HDMA,ROUTED_FAIL_CLOSED_UNTIL_OWNER
TPHW-F9208B4E90FD097AFA22,0C:8275:0:1:0,00:2116,WRITE,PPU,,YES,11C_PPU_STATE,ROUTED_FAIL_CLOSED_UNTIL_OWNER
TPHW-4DE295E5AD6DAF4F75A2,0C:827B:0:1:0,00:2117,WRITE,PPU,,YES,11C_PPU_STATE,ROUTED_FAIL_CLOSED_UNTIL_OWNER
TPHW-13FEDADB093D1366D5BC,0C:827E:0:1:0,00:420B,WRITE,CPU_IO,,YES,10C_DMA_HDMA,ROUTED_FAIL_CLOSED_UNTIL_OWNER
TPHW-7ADEC099F9F2BE004F61,0C:8283:0:1:0,00:4330,WRITE,DMA,,YES,10C_DMA_HDMA,ROUTED_FAIL_CLOSED_UNTIL_OWNER
TPHW-5D4F4EA52AC991B67AC0,0C:8288:0:1:0,00:4331,WRITE,DMA,,YES,10C_DMA_HDMA,ROUTED_FAIL_CLOSED_UNTIL_OWNER
TPHW-457B04010B578AF891A3,0C:828E:0:1:0,00:4332,WRITE,DMA,,YES,10C_DMA_HDMA,ROUTED_FAIL_CLOSED_UNTIL_OWNER
TPHW-D7A37675F04D13780901,0C:828E:0:1:0,00:4333,WRITE,DMA,,YES,10C_DMA_HDMA,ROUTED_FAIL_CLOSED_UNTIL_OWNER
TPHW-EC5FE4E082220B49DD7D,0C:8294:0:1:0,00:4334,WRITE,DMA,,YES,10C_DMA_HDMA,ROUTED_FAIL_CLOSED_UNTIL_OWNER
TPHW-8A308C7B7D1A15A73673,0C:829A:0:1:0,00:4335,WRITE,DMA,,YES,10C_DMA_HDMA,ROUTED_FAIL_CLOSED_UNTIL_OWNER
TPHW-42C46EE3887B27C85BE6,0C:829A:0:1:0,00:4336,WRITE,DMA,,YES,10C_DMA_HDMA,ROUTED_FAIL_CLOSED_UNTIL_OWNER
TPHW-91F9A54B9CDDC45C6C95,0C:829F:0:1:0,00:420B,WRITE,CPU_IO,,YES,10C_DMA_HDMA,ROUTED_FAIL_CLOSED_UNTIL_OWNER
TPHW-49CF06D1CB916A79F711,0C:82EE:0:1:0,00:2116,WRITE,PPU,,YES,11C_PPU_STATE,ROUTED_FAIL_CLOSED_UNTIL_OWNER
TPHW-9BDF55831EBDB391C423,0C:82F4:0:1:0,00:2117,WRITE,PPU,,YES,11C_PPU_STATE,ROUTED_FAIL_CLOSED_UNTIL_OWNER
TPHW-50C49B0B02EE5AA8E1B6,0C:82F7:0:1:0,00:420B,WRITE,CPU_IO,,YES,10C_DMA_HDMA,ROUTED_FAIL_CLOSED_UNTIL_OWNER
TPHW-3B4781CC110BCF79EA6B,0C:82FC:0:1:0,00:4330,WRITE,DMA,,YES,10C_DMA_HDMA,ROUTED_FAIL_CLOSED_UNTIL_OWNER
TPHW-CA7565EDC4FCA32871B1,0C:8301:0:1:0,00:4331,WRITE,DMA,,YES,10C_DMA_HDMA,ROUTED_FAIL_CLOSED_UNTIL_OWNER
TPHW-4BA21D9847058C20858D,0C:8307:0:1:0,00:4332,WRITE,DMA,,YES,10C_DMA_HDMA,ROUTED_FAIL_CLOSED_UNTIL_OWNER
TPHW-6D7452441BBE97980D68,0C:8307:0:1:0,00:4333,WRITE,DMA,,YES,10C_DMA_HDMA,ROUTED_FAIL_CLOSED_UNTIL_OWNER
TPHW-42ACD863D4182C86622D,0C:830D:0:1:0,00:4334,WRITE,DMA,,YES,10C_DMA_HDMA,ROUTED_FAIL_CLOSED_UNTIL_OWNER
TPHW-734F19712557BB17FC55,0C:8313:0:1:0,00:4335,WRITE,DMA,,YES,10C_DMA_HDMA,ROUTED_FAIL_CLOSED_UNTIL_OWNER
TPHW-4A3D9FF8515C6CD0CACB,0C:8313:0:1:0,00:4336,WRITE,DMA,,YES,10C_DMA_HDMA,ROUTED_FAIL_CLOSED_UNTIL_OWNER
TPHW-50EED815D7BA1D9E7B39,0C:8318:0:1:0,00:420B,WRITE,CPU_IO,,YES,10C_DMA_HDMA,ROUTED_FAIL_CLOSED_UNTIL_OWNER
TPHW-13AB462A63229BB30290,0C:8425:0:1:0,00:2116,WRITE,PPU,,YES,11C_PPU_STATE,ROUTED_FAIL_CLOSED_UNTIL_OWNER
TPHW-F06C556B5C1CBCCF0274,0C:842A:0:1:0,00:2117,WRITE,PPU,,YES,11C_PPU_STATE,ROUTED_FAIL_CLOSED_UNTIL_OWNER
TPHW-19B6EE49C9847F35F564,0C:842F:0:1:0,00:4371,WRITE,DMA,,YES,10C_DMA_HDMA,ROUTED_FAIL_CLOSED_UNTIL_OWNER
TPHW-29042B7BC260D8C6724B,0C:8437:0:1:0,00:2118,WRITE,PPU,,YES,11C_PPU_STATE,ROUTED_FAIL_CLOSED_UNTIL_OWNER
TPHW-20588C2E3569CD360A89,0C:843D:0:1:0,00:2119,WRITE,PPU,,YES,11C_PPU_STATE,ROUTED_FAIL_CLOSED_UNTIL_OWNER
TPHW-8EA14E83A67C762799D7,0C:8446:0:1:0,00:2116,WRITE,PPU,,YES,11C_PPU_STATE,ROUTED_FAIL_CLOSED_UNTIL_OWNER
TPHW-C886665ACB6A61301265,0C:844B:0:1:0,00:2117,WRITE,PPU,,YES,11C_PPU_STATE,ROUTED_FAIL_CLOSED_UNTIL_OWNER
TPHW-6D2E40D5716DDEBBAF91,0C:844E:0:1:0,00:420B,WRITE,CPU_IO,,YES,10C_DMA_HDMA,ROUTED_FAIL_CLOSED_UNTIL_OWNER
TPHW-F3B44280ACDD4342678F,0C:8453:0:1:0,00:4370,WRITE,DMA,,YES,10C_DMA_HDMA,ROUTED_FAIL_CLOSED_UNTIL_OWNER
TPHW-5ABCB1973AB525CE7463,0C:8458:0:1:0,00:4371,WRITE,DMA,,YES,10C_DMA_HDMA,ROUTED_FAIL_CLOSED_UNTIL_OWNER
TPHW-9F0865D56D8F5FDD2158,0C:845E:0:1:0,00:4372,WRITE,DMA,,YES,10C_DMA_HDMA,ROUTED_FAIL_CLOSED_UNTIL_OWNER
TPHW-ABDA8BBC189FED4A6998,0C:845E:0:1:0,00:4373,WRITE,DMA,,YES,10C_DMA_HDMA,ROUTED_FAIL_CLOSED_UNTIL_OWNER
TPHW-34D600DAD5C311923EEE,0C:8463:0:1:0,00:4374,WRITE,DMA,,YES,10C_DMA_HDMA,ROUTED_FAIL_CLOSED_UNTIL_OWNER
TPHW-F972EC736A183C46D586,0C:8469:0:1:0,00:4375,WRITE,DMA,,YES,10C_DMA_HDMA,ROUTED_FAIL_CLOSED_UNTIL_OWNER
TPHW-7A162FE1493EF0587DB5,0C:8469:0:1:0,00:4376,WRITE,DMA,,YES,10C_DMA_HDMA,ROUTED_FAIL_CLOSED_UNTIL_OWNER
TPHW-63655F5FC6C96F29ACBA,0C:846E:0:1:0,00:420B,WRITE,CPU_IO,,YES,10C_DMA_HDMA,ROUTED_FAIL_CLOSED_UNTIL_OWNER
TPHW-F8174988115E2581E853,0C:8477:0:1:0,00:2181,WRITE,WRAM_PORT,,YES,08C_BUS_MEMORY,OWNED_LOCAL
TPHW-841F91E03A3C37B605D9,0C:847C:0:1:0,00:2182,WRITE,WRAM_PORT,,YES,08C_BUS_MEMORY,OWNED_LOCAL
TPHW-C5A1D172D9B4EAFBA447,0C:8481:0:1:0,00:2183,WRITE,WRAM_PORT,,YES,08C_BUS_MEMORY,OWNED_LOCAL
TPHW-CF7048CF8D2DB7D4FA35,0C:8484:0:1:0,00:420B,WRITE,CPU_IO,,YES,10C_DMA_HDMA,ROUTED_FAIL_CLOSED_UNTIL_OWNER
TPHW-CB2AD263FC0C2871EB52,0C:8489:0:1:0,00:4370,WRITE,DMA,,YES,10C_DMA_HDMA,ROUTED_FAIL_CLOSED_UNTIL_OWNER
TPHW-7C3FFB27299F55E3C907,0C:848E:0:1:0,00:4371,WRITE,DMA,,YES,10C_DMA_HDMA,ROUTED_FAIL_CLOSED_UNTIL_OWNER
TPHW-C5B783799D84524D0987,0C:8494:0:1:0,00:4372,WRITE,DMA,,YES,10C_DMA_HDMA,ROUTED_FAIL_CLOSED_UNTIL_OWNER
TPHW-E1E815CAE121126FE2E4,0C:8494:0:1:0,00:4373,WRITE,DMA,,YES,10C_DMA_HDMA,ROUTED_FAIL_CLOSED_UNTIL_OWNER
TPHW-18CD658F00A35DB49524,0C:8499:0:1:0,00:4374,WRITE,DMA,,YES,10C_DMA_HDMA,ROUTED_FAIL_CLOSED_UNTIL_OWNER
TPHW-2D861CADC7516DDB1157,0C:849F:0:1:0,00:4375,WRITE,DMA,,YES,10C_DMA_HDMA,ROUTED_FAIL_CLOSED_UNTIL_OWNER
TPHW-99CA861BDB7AB6EA453F,0C:849F:0:1:0,00:4376,WRITE,DMA,,YES,10C_DMA_HDMA,ROUTED_FAIL_CLOSED_UNTIL_OWNER
TPHW-EEA997AF3BAA895ADCCD,0C:84A4:0:1:0,00:420B,WRITE,CPU_IO,,YES,10C_DMA_HDMA,ROUTED_FAIL_CLOSED_UNTIL_OWNER
TPHW-35CF46153677717B2457,0C:84CC:0:1:1,00:2100,WRITE,PPU,,YES,11C_PPU_STATE,ROUTED_FAIL_CLOSED_UNTIL_OWNER
TPHW-63E3039A301E830748A2,0C:84DE:0:1:1,00:2106,WRITE,PPU,,YES,11C_PPU_STATE,ROUTED_FAIL_CLOSED_UNTIL_OWNER
TPHW-D1F5ADB1777D816B1738,0C:84ED:0:1:1,00:2100,WRITE,PPU,,YES,11C_PPU_STATE,ROUTED_FAIL_CLOSED_UNTIL_OWNER
TPHW-AC364DD7593F3179591A,0C:84F2:0:1:1,00:2106,WRITE,PPU,,YES,11C_PPU_STATE,ROUTED_FAIL_CLOSED_UNTIL_OWNER
TPHW-D8269784D4A902E22B83,0C:8502:0:1:1,00:2100,WRITE,PPU,,YES,11C_PPU_STATE,ROUTED_FAIL_CLOSED_UNTIL_OWNER
TPHW-C1A38AEE501CB554153B,0C:8514:0:1:1,00:2106,WRITE,PPU,,YES,11C_PPU_STATE,ROUTED_FAIL_CLOSED_UNTIL_OWNER
TPHW-4934ABA02C6F7E5F174A,0C:858B:0:1:0,00:2116,WRITE,PPU,,YES,11C_PPU_STATE,ROUTED_FAIL_CLOSED_UNTIL_OWNER
TPHW-116ADFE5C626A03984AB,0C:8591:0:1:0,00:2117,WRITE,PPU,,YES,11C_PPU_STATE,ROUTED_FAIL_CLOSED_UNTIL_OWNER
TPHW-E6B739BE96B9BA717CF3,0C:8594:0:1:0,00:420B,WRITE,CPU_IO,,YES,10C_DMA_HDMA,ROUTED_FAIL_CLOSED_UNTIL_OWNER
TPHW-49055A990986B50120EE,0C:8599:0:1:0,00:4330,WRITE,DMA,,YES,10C_DMA_HDMA,ROUTED_FAIL_CLOSED_UNTIL_OWNER
TPHW-9A15C7B9D9AEE24702F0,0C:859E:0:1:0,00:4331,WRITE,DMA,,YES,10C_DMA_HDMA,ROUTED_FAIL_CLOSED_UNTIL_OWNER
TPHW-9150D775333E0BDCDFC8,0C:85A4:0:1:0,00:4332,WRITE,DMA,,YES,10C_DMA_HDMA,ROUTED_FAIL_CLOSED_UNTIL_OWNER
TPHW-11739B2521490887F3B5,0C:85A4:0:1:0,00:4333,WRITE,DMA,,YES,10C_DMA_HDMA,ROUTED_FAIL_CLOSED_UNTIL_OWNER
TPHW-DE4344BDB108FDB23F46,0C:85AA:0:1:0,00:4334,WRITE,DMA,,YES,10C_DMA_HDMA,ROUTED_FAIL_CLOSED_UNTIL_OWNER
TPHW-6CE98574E992102D52F7,0C:85B0:0:1:0,00:4335,WRITE,DMA,,YES,10C_DMA_HDMA,ROUTED_FAIL_CLOSED_UNTIL_OWNER
TPHW-527407DA990D09F1EFB9,0C:85B0:0:1:0,00:4336,WRITE,DMA,,YES,10C_DMA_HDMA,ROUTED_FAIL_CLOSED_UNTIL_OWNER
TPHW-CFA1EF0EAC69F291497E,0C:85B5:0:1:0,00:420B,WRITE,CPU_IO,,YES,10C_DMA_HDMA,ROUTED_FAIL_CLOSED_UNTIL_OWNER
TPHW-54510C36734DD4B0F501,0C:85DB:0:0:1,00:2121,WRITE,PPU,,YES,11C_PPU_STATE,ROUTED_FAIL_CLOSED_UNTIL_OWNER
TPHW-7A76A0E62ABFC8959DF6,0C:85DE:0:0:1,00:420B,WRITE,CPU_IO,,YES,10C_DMA_HDMA,ROUTED_FAIL_CLOSED_UNTIL_OWNER
TPHW-64660AC4AE1359651A32,0C:85E3:0:0:1,00:4330,WRITE,DMA,,YES,10C_DMA_HDMA,ROUTED_FAIL_CLOSED_UNTIL_OWNER
TPHW-872B9A0F6EF496CE8393,0C:85E8:0:0:1,00:4331,WRITE,DMA,,YES,10C_DMA_HDMA,ROUTED_FAIL_CLOSED_UNTIL_OWNER
TPHW-8E7A48F7F6D2CBC626B9,0C:85F0:0:0:1,00:4332,WRITE,DMA,,YES,10C_DMA_HDMA,ROUTED_FAIL_CLOSED_UNTIL_OWNER
TPHW-A6A7289FBAAE16EB5728,0C:85F0:0:0:1,00:4333,WRITE,DMA,,YES,10C_DMA_HDMA,ROUTED_FAIL_CLOSED_UNTIL_OWNER
TPHW-A643863DEB6695CCB111,0C:85F3:0:0:1,00:4334,WRITE,DMA,,YES,10C_DMA_HDMA,ROUTED_FAIL_CLOSED_UNTIL_OWNER
TPHW-1FF1D7DE2741DF8489B6,0C:85F9:0:0:1,00:4335,WRITE,DMA,,YES,10C_DMA_HDMA,ROUTED_FAIL_CLOSED_UNTIL_OWNER
TPHW-B1BD551DEBD82FF48C88,0C:85F9:0:0:1,00:4336,WRITE,DMA,,YES,10C_DMA_HDMA,ROUTED_FAIL_CLOSED_UNTIL_OWNER
TPHW-83A70D2BDDC01A5B1FEA,0C:85FE:0:0:1,00:420B,WRITE,CPU_IO,,YES,10C_DMA_HDMA,ROUTED_FAIL_CLOSED_UNTIL_OWNER
TPHW-321348FFBB3B1C748CB7,0C:8871:0:1:1,00:2143,READ,APUIO,,YES,12C_SSMP_APUIO,ROUTED_FAIL_CLOSED_UNTIL_OWNER
TPHW-1845764DA224FE94321A,0C:890F:0:1:0,00:4200,WRITE,CPU_IO,,YES,09C_SCHEDULER_INTERRUPTS,ROUTED_FAIL_CLOSED_UNTIL_OWNER
TPHW-5E30A4964555E9D3A2D1,0C:8914:0:1:0,00:2116,WRITE,PPU,,YES,11C_PPU_STATE,ROUTED_FAIL_CLOSED_UNTIL_OWNER
TPHW-7526795AB177E534AA6E,0C:8919:0:1:0,00:2117,WRITE,PPU,,YES,11C_PPU_STATE,ROUTED_FAIL_CLOSED_UNTIL_OWNER
TPHW-BACD67B58DCFE76125D8,0C:891C:0:1:0,00:420B,WRITE,CPU_IO,,YES,10C_DMA_HDMA,ROUTED_FAIL_CLOSED_UNTIL_OWNER
TPHW-E3AF3EEDC10982CE42C6,0C:8921:0:1:0,00:4340,WRITE,DMA,,YES,10C_DMA_HDMA,ROUTED_FAIL_CLOSED_UNTIL_OWNER
TPHW-34F999F340177B537F9A,0C:8926:0:1:0,00:4341,WRITE,DMA,,YES,10C_DMA_HDMA,ROUTED_FAIL_CLOSED_UNTIL_OWNER
TPHW-192724E6B5F58F4C2E03,0C:8950:0:1:0,00:4342,WRITE,DMA,,YES,10C_DMA_HDMA,ROUTED_FAIL_CLOSED_UNTIL_OWNER
TPHW-4B9AF159FA9BA48D8CF0,0C:8950:0:1:0,00:4343,WRITE,DMA,,YES,10C_DMA_HDMA,ROUTED_FAIL_CLOSED_UNTIL_OWNER
TPHW-21B47036F6E2061E32C9,0C:8953:0:1:0,00:4344,WRITE,DMA,,YES,10C_DMA_HDMA,ROUTED_FAIL_CLOSED_UNTIL_OWNER
TPHW-90F5B354F96CA6AD4771,0C:8959:0:1:0,00:4345,WRITE,DMA,,YES,10C_DMA_HDMA,ROUTED_FAIL_CLOSED_UNTIL_OWNER
TPHW-B3C109A6593CBCE4D65E,0C:8959:0:1:0,00:4346,WRITE,DMA,,YES,10C_DMA_HDMA,ROUTED_FAIL_CLOSED_UNTIL_OWNER
TPHW-D8F817CA43F5B64BD757,0C:895E:0:1:0,00:420B,WRITE,CPU_IO,,YES,10C_DMA_HDMA,ROUTED_FAIL_CLOSED_UNTIL_OWNER
TPHW-1FAB56D241367543D856,0C:8963:0:1:0,00:2116,WRITE,PPU,,YES,11C_PPU_STATE,ROUTED_FAIL_CLOSED_UNTIL_OWNER
TPHW-70C59FAB701390C54B67,0C:8968:0:1:0,00:2117,WRITE,PPU,,YES,11C_PPU_STATE,ROUTED_FAIL_CLOSED_UNTIL_OWNER
TPHW-2284A4F2B774D36AC2BB,0C:896B:0:1:0,00:420B,WRITE,CPU_IO,,YES,10C_DMA_HDMA,ROUTED_FAIL_CLOSED_UNTIL_OWNER
TPHW-F4E20F1EEA115C190B49,0C:8970:0:1:0,00:4340,WRITE,DMA,,YES,10C_DMA_HDMA,ROUTED_FAIL_CLOSED_UNTIL_OWNER
TPHW-BFB74E8E08549AA257B8,0C:8975:0:1:0,00:4341,WRITE,DMA,,YES,10C_DMA_HDMA,ROUTED_FAIL_CLOSED_UNTIL_OWNER
TPHW-A88A7CC3A7B494362D1F,0C:897B:0:1:0,00:4342,WRITE,DMA,,YES,10C_DMA_HDMA,ROUTED_FAIL_CLOSED_UNTIL_OWNER
TPHW-489B9EA5EF76A5CE161F,0C:897B:0:1:0,00:4343,WRITE,DMA,,YES,10C_DMA_HDMA,ROUTED_FAIL_CLOSED_UNTIL_OWNER
TPHW-044F41BC9EE1690D4882,0C:8980:0:1:0,00:4344,WRITE,DMA,,YES,10C_DMA_HDMA,ROUTED_FAIL_CLOSED_UNTIL_OWNER
TPHW-418F0B238D7608DD27D6,0C:8986:0:1:0,00:4345,WRITE,DMA,,YES,10C_DMA_HDMA,ROUTED_FAIL_CLOSED_UNTIL_OWNER
TPHW-12A3A42A367B21AA8F32,0C:8986:0:1:0,00:4346,WRITE,DMA,,YES,10C_DMA_HDMA,ROUTED_FAIL_CLOSED_UNTIL_OWNER
TPHW-B483CF36C0393068ED18,0C:898B:0:1:0,00:420B,WRITE,CPU_IO,,YES,10C_DMA_HDMA,ROUTED_FAIL_CLOSED_UNTIL_OWNER
TPHW-D87CA79AD52A9316C77D,0C:8990:0:1:0,00:4200,WRITE,CPU_IO,,YES,09C_SCHEDULER_INTERRUPTS,ROUTED_FAIL_CLOSED_UNTIL_OWNER
TPHW-316F441963D14774692D,0C:899B:0:1:0,00:2116,WRITE,PPU,,YES,11C_PPU_STATE,ROUTED_FAIL_CLOSED_UNTIL_OWNER
TPHW-C79B0A8082F66CC62928,0C:89A1:0:1:0,00:2117,WRITE,PPU,,YES,11C_PPU_STATE,ROUTED_FAIL_CLOSED_UNTIL_OWNER
TPHW-33018D30C753204A222A,0C:89A4:0:1:0,00:420B,WRITE,CPU_IO,,YES,10C_DMA_HDMA,ROUTED_FAIL_CLOSED_UNTIL_OWNER
TPHW-7F530AED23D0EF4B249B,0C:89A9:0:1:0,00:4330,WRITE,DMA,,YES,10C_DMA_HDMA,ROUTED_FAIL_CLOSED_UNTIL_OWNER
TPHW-ECF5E853DFFD33913520,0C:89AE:0:1:0,00:4331,WRITE,DMA,,YES,10C_DMA_HDMA,ROUTED_FAIL_CLOSED_UNTIL_OWNER
TPHW-5877223C606BE80A2364,0C:89B4:0:1:0,00:4332,WRITE,DMA,,YES,10C_DMA_HDMA,ROUTED_FAIL_CLOSED_UNTIL_OWNER
TPHW-EEB1D980173E897E589C,0C:89B4:0:1:0,00:4333,WRITE,DMA,,YES,10C_DMA_HDMA,ROUTED_FAIL_CLOSED_UNTIL_OWNER
TPHW-DE01998B508F62936F73,0C:89B9:0:1:0,00:4334,WRITE,DMA,,YES,10C_DMA_HDMA,ROUTED_FAIL_CLOSED_UNTIL_OWNER
TPHW-A15EB4F9DBCE9C07D465,0C:89BF:0:1:0,00:4335,WRITE,DMA,,YES,10C_DMA_HDMA,ROUTED_FAIL_CLOSED_UNTIL_OWNER
TPHW-5CC790748A8833978436,0C:89BF:0:1:0,00:4336,WRITE,DMA,,YES,10C_DMA_HDMA,ROUTED_FAIL_CLOSED_UNTIL_OWNER
TPHW-6D351A47E84EBBD52E44,0C:89C4:0:1:0,00:420B,WRITE,CPU_IO,,YES,10C_DMA_HDMA,ROUTED_FAIL_CLOSED_UNTIL_OWNER
TPHW-0B5DBB817811688DC03C,0C:89C7:0:1:0,00:420B,WRITE,CPU_IO,,YES,10C_DMA_HDMA,ROUTED_FAIL_CLOSED_UNTIL_OWNER
TPHW-788087460CB5C04D7C3C,0C:89CC:0:1:0,00:4330,WRITE,DMA,,YES,10C_DMA_HDMA,ROUTED_FAIL_CLOSED_UNTIL_OWNER
TPHW-1AC6A864AB263663A442,0C:89D1:0:1:0,00:4331,WRITE,DMA,,YES,10C_DMA_HDMA,ROUTED_FAIL_CLOSED_UNTIL_OWNER
TPHW-C0E537BDE34B63DA90CE,0C:89D7:0:1:0,00:4332,WRITE,DMA,,YES,10C_DMA_HDMA,ROUTED_FAIL_CLOSED_UNTIL_OWNER
TPHW-4488571861F06A19101B,0C:89D7:0:1:0,00:4333,WRITE,DMA,,YES,10C_DMA_HDMA,ROUTED_FAIL_CLOSED_UNTIL_OWNER
TPHW-D2630F19A736B67D3449,0C:89DC:0:1:0,00:4334,WRITE,DMA,,YES,10C_DMA_HDMA,ROUTED_FAIL_CLOSED_UNTIL_OWNER
TPHW-259DFD5C80DFCD1DA0F4,0C:89E2:0:1:0,00:4335,WRITE,DMA,,YES,10C_DMA_HDMA,ROUTED_FAIL_CLOSED_UNTIL_OWNER
TPHW-5C1AB0BE4B4C00EECCE3,0C:89E2:0:1:0,00:4336,WRITE,DMA,,YES,10C_DMA_HDMA,ROUTED_FAIL_CLOSED_UNTIL_OWNER
TPHW-CF00BD4FB2E09D58E047,0C:89E7:0:1:0,00:420B,WRITE,CPU_IO,,YES,10C_DMA_HDMA,ROUTED_FAIL_CLOSED_UNTIL_OWNER
TPHW-E9E479FC022100577204,0C:89EA:0:1:0,00:420B,WRITE,CPU_IO,,YES,10C_DMA_HDMA,ROUTED_FAIL_CLOSED_UNTIL_OWNER
TPHW-741EDB48A0347F9A7CF7,0C:89EF:0:1:0,00:4330,WRITE,DMA,,YES,10C_DMA_HDMA,ROUTED_FAIL_CLOSED_UNTIL_OWNER
TPHW-B99636F8274CE7611386,0C:89F4:0:1:0,00:4331,WRITE,DMA,,YES,10C_DMA_HDMA,ROUTED_FAIL_CLOSED_UNTIL_OWNER
TPHW-C72417A62963C2B70F93,0C:89FA:0:1:0,00:4332,WRITE,DMA,,YES,10C_DMA_HDMA,ROUTED_FAIL_CLOSED_UNTIL_OWNER
TPHW-684B72F4CADD69AE6473,0C:89FA:0:1:0,00:4333,WRITE,DMA,,YES,10C_DMA_HDMA,ROUTED_FAIL_CLOSED_UNTIL_OWNER
TPHW-81FA950A7B99BC39FAA6,0C:89FF:0:1:0,00:4334,WRITE,DMA,,YES,10C_DMA_HDMA,ROUTED_FAIL_CLOSED_UNTIL_OWNER
TPHW-B65CA468D7E443C49A28,0C:8A05:0:1:0,00:4335,WRITE,DMA,,YES,10C_DMA_HDMA,ROUTED_FAIL_CLOSED_UNTIL_OWNER
TPHW-70C65687C686B88DFCE8,0C:8A05:0:1:0,00:4336,WRITE,DMA,,YES,10C_DMA_HDMA,ROUTED_FAIL_CLOSED_UNTIL_OWNER
TPHW-70D17170C1885A193067,0C:8A0A:0:1:0,00:420B,WRITE,CPU_IO,,YES,10C_DMA_HDMA,ROUTED_FAIL_CLOSED_UNTIL_OWNER
TPHW-2B1D586BA18EFC0063B7,0C:8A41:0:1:0,00:2116,WRITE,PPU,,YES,11C_PPU_STATE,ROUTED_FAIL_CLOSED_UNTIL_OWNER
TPHW-82CC3010799C80A82AAB,0C:8A46:0:1:0,00:2117,WRITE,PPU,,YES,11C_PPU_STATE,ROUTED_FAIL_CLOSED_UNTIL_OWNER
TPHW-1C3F0BA237649BF3C408,0C:8A49:0:1:0,00:420B,WRITE,CPU_IO,,YES,10C_DMA_HDMA,ROUTED_FAIL_CLOSED_UNTIL_OWNER
TPHW-F7E6823DA8A3FFC59560,0C:8A4E:0:1:0,00:4330,WRITE,DMA,,YES,10C_DMA_HDMA,ROUTED_FAIL_CLOSED_UNTIL_OWNER
TPHW-DB76323037872E040B98,0C:8A53:0:1:0,00:4331,WRITE,DMA,,YES,10C_DMA_HDMA,ROUTED_FAIL_CLOSED_UNTIL_OWNER
TPHW-D2BA8FBCD2BAB883C7A0,0C:8A56:0:1:0,00:4332,WRITE,DMA,,YES,10C_DMA_HDMA,ROUTED_FAIL_CLOSED_UNTIL_OWNER
TPHW-58E55E2292533685B580,0C:8A56:0:1:0,00:4333,WRITE,DMA,,YES,10C_DMA_HDMA,ROUTED_FAIL_CLOSED_UNTIL_OWNER
TPHW-25E42F34DA856DD275EB,0C:8A5B:0:1:0,00:4334,WRITE,DMA,,YES,10C_DMA_HDMA,ROUTED_FAIL_CLOSED_UNTIL_OWNER
TPHW-D9F392A8D6D85CF7B04C,0C:8A61:0:1:0,00:4335,WRITE,DMA,,YES,10C_DMA_HDMA,ROUTED_FAIL_CLOSED_UNTIL_OWNER
TPHW-83316BD08DFC1ED44F85,0C:8A61:0:1:0,00:4336,WRITE,DMA,,YES,10C_DMA_HDMA,ROUTED_FAIL_CLOSED_UNTIL_OWNER
TPHW-2C9A25BF22D0BD0B6DE8,0C:8A66:0:1:0,00:420B,WRITE,CPU_IO,,YES,10C_DMA_HDMA,ROUTED_FAIL_CLOSED_UNTIL_OWNER
TPHW-97AB5E66FD409DFF603F,0C:8AA0:0:1:1,00:2130,WRITE,PPU,,YES,11C_PPU_STATE,ROUTED_FAIL_CLOSED_UNTIL_OWNER
TPHW-145688C0C5A729FBF2A6,0C:8AA5:0:1:1,00:2132,WRITE,PPU,,YES,11C_PPU_STATE,ROUTED_FAIL_CLOSED_UNTIL_OWNER
TPHW-148FC8F0BFE2E1528D56,0C:8AAA:0:1:1,00:2115,WRITE,PPU,,YES,11C_PPU_STATE,ROUTED_FAIL_CLOSED_UNTIL_OWNER
TPHW-FE2418F2DFEA054B62C6,0C:8AAD:0:1:1,00:2115,WRITE,PPU,,YES,11C_PPU_STATE,ROUTED_FAIL_CLOSED_UNTIL_OWNER
TPHW-2E50F2B3B6A7A49A3975,0C:8ADF:0:1:0,00:2116,WRITE,PPU,,YES,11C_PPU_STATE,ROUTED_FAIL_CLOSED_UNTIL_OWNER
TPHW-AA5CCD45210DF9F4D9E9,0C:8AE5:0:1:0,00:2117,WRITE,PPU,,YES,11C_PPU_STATE,ROUTED_FAIL_CLOSED_UNTIL_OWNER
TPHW-3E1154044E30A1521723,0C:8AE8:0:1:0,00:420B,WRITE,CPU_IO,,YES,10C_DMA_HDMA,ROUTED_FAIL_CLOSED_UNTIL_OWNER
TPHW-0156BC5DB5903E65E6B4,0C:8AED:0:1:0,00:4340,WRITE,DMA,,YES,10C_DMA_HDMA,ROUTED_FAIL_CLOSED_UNTIL_OWNER
TPHW-7631C6BFB82BC51B4DA7,0C:8AF2:0:1:0,00:4341,WRITE,DMA,,YES,10C_DMA_HDMA,ROUTED_FAIL_CLOSED_UNTIL_OWNER
TPHW-AC7936024CC011E5F4F9,0C:8AF8:0:1:0,00:4342,WRITE,DMA,,YES,10C_DMA_HDMA,ROUTED_FAIL_CLOSED_UNTIL_OWNER
TPHW-0D4DF2A9D98F5442847A,0C:8AF8:0:1:0,00:4343,WRITE,DMA,,YES,10C_DMA_HDMA,ROUTED_FAIL_CLOSED_UNTIL_OWNER
TPHW-4301AD5A2B9D143ABA10,0C:8AFD:0:1:0,00:4344,WRITE,DMA,,YES,10C_DMA_HDMA,ROUTED_FAIL_CLOSED_UNTIL_OWNER
TPHW-DB36C637E6E376B82867,0C:8B03:0:1:0,00:4345,WRITE,DMA,,YES,10C_DMA_HDMA,ROUTED_FAIL_CLOSED_UNTIL_OWNER
TPHW-640E6434F7A8F2D9AF76,0C:8B03:0:1:0,00:4346,WRITE,DMA,,YES,10C_DMA_HDMA,ROUTED_FAIL_CLOSED_UNTIL_OWNER
TPHW-7C73B55F15FBAB493AFA,0C:8B08:0:1:0,00:420B,WRITE,CPU_IO,,YES,10C_DMA_HDMA,ROUTED_FAIL_CLOSED_UNTIL_OWNER
TPHW-D2FDF059C259D054B9AD,0C:8C0A:0:1:0,00:2116,WRITE,PPU,,YES,11C_PPU_STATE,ROUTED_FAIL_CLOSED_UNTIL_OWNER
TPHW-82C07EBFDFA5AA336928,0C:8C0F:0:1:0,00:2117,WRITE,PPU,,YES,11C_PPU_STATE,ROUTED_FAIL_CLOSED_UNTIL_OWNER
TPHW-1EC9D44E4DCC2F57280D,0C:8C12:0:1:0,00:420B,WRITE,CPU_IO,,YES,10C_DMA_HDMA,ROUTED_FAIL_CLOSED_UNTIL_OWNER
TPHW-342AEEEAE7E9F5B48DB2,0C:8C17:0:1:0,00:4330,WRITE,DMA,,YES,10C_DMA_HDMA,ROUTED_FAIL_CLOSED_UNTIL_OWNER
TPHW-3582084DBF9C6A3FE5B4,0C:8C1C:0:1:0,00:4331,WRITE,DMA,,YES,10C_DMA_HDMA,ROUTED_FAIL_CLOSED_UNTIL_OWNER
TPHW-540F3475088E46CA3D27,0C:8C22:0:1:0,00:4332,WRITE,DMA,,YES,10C_DMA_HDMA,ROUTED_FAIL_CLOSED_UNTIL_OWNER
TPHW-6020FF42C411527E3406,0C:8C22:0:1:0,00:4333,WRITE,DMA,,YES,10C_DMA_HDMA,ROUTED_FAIL_CLOSED_UNTIL_OWNER
TPHW-146EA038DC3EE6966C2B,0C:8C27:0:1:0,00:4334,WRITE,DMA,,YES,10C_DMA_HDMA,ROUTED_FAIL_CLOSED_UNTIL_OWNER
TPHW-81E2A0119DD11B1ED1DA,0C:8C2D:0:1:0,00:4335,WRITE,DMA,,YES,10C_DMA_HDMA,ROUTED_FAIL_CLOSED_UNTIL_OWNER
TPHW-DD6D2C8E613BD7FEC7C3,0C:8C2D:0:1:0,00:4336,WRITE,DMA,,YES,10C_DMA_HDMA,ROUTED_FAIL_CLOSED_UNTIL_OWNER
TPHW-1B2A58B1281C1FBB923B,0C:8C32:0:1:0,00:420B,WRITE,CPU_IO,,YES,10C_DMA_HDMA,ROUTED_FAIL_CLOSED_UNTIL_OWNER
TPHW-CFA87BE7BAE1B74777A4,0C:8C82:0:1:1,00:2133,WRITE,PPU,,YES,11C_PPU_STATE,ROUTED_FAIL_CLOSED_UNTIL_OWNER
TPHW-1D1A5DC4BC363EE23C2C,0C:8C87:0:1:1,00:212C,WRITE,PPU,,YES,11C_PPU_STATE,ROUTED_FAIL_CLOSED_UNTIL_OWNER
TPHW-23D2AB76B12C4CC5DDD5,0C:8C8C:0:1:1,00:2105,WRITE,PPU,,YES,11C_PPU_STATE,ROUTED_FAIL_CLOSED_UNTIL_OWNER
TPHW-306AEAC5DCCA0AF01293,0C:8C91:0:1:1,00:2107,WRITE,PPU,,YES,11C_PPU_STATE,ROUTED_FAIL_CLOSED_UNTIL_OWNER
TPHW-C4ECEA07381571A57508,0C:8C96:0:1:1,00:210B,WRITE,PPU,,YES,11C_PPU_STATE,ROUTED_FAIL_CLOSED_UNTIL_OWNER
TPHW-E8B7FD23C6C461E3EAB3,0C:8C9B:0:1:1,00:210D,WRITE,PPU,,YES,11C_PPU_STATE,ROUTED_FAIL_CLOSED_UNTIL_OWNER
TPHW-A26B11847CF6F4F980A1,0C:8CA0:0:1:1,00:210E,WRITE,PPU,,YES,11C_PPU_STATE,ROUTED_FAIL_CLOSED_UNTIL_OWNER
TPHW-6C044185698C5BF9E5E4,0C:8CAF:0:1:0,00:2116,WRITE,PPU,,YES,11C_PPU_STATE,ROUTED_FAIL_CLOSED_UNTIL_OWNER
TPHW-CD0116E544B25D5430F2,0C:8CB4:0:1:0,00:2117,WRITE,PPU,,YES,11C_PPU_STATE,ROUTED_FAIL_CLOSED_UNTIL_OWNER
TPHW-478CE57A68CEC3F8A49E,0C:8CB7:0:1:0,00:420B,WRITE,CPU_IO,,YES,10C_DMA_HDMA,ROUTED_FAIL_CLOSED_UNTIL_OWNER
TPHW-2ABEB1586740169691B1,0C:8CBC:0:1:0,00:4340,WRITE,DMA,,YES,10C_DMA_HDMA,ROUTED_FAIL_CLOSED_UNTIL_OWNER
TPHW-8A8F7703A1CEBA9BEA2F,0C:8CC1:0:1:0,00:4341,WRITE,DMA,,YES,10C_DMA_HDMA,ROUTED_FAIL_CLOSED_UNTIL_OWNER
TPHW-C7B3DEAC6ECD74E9DE45,0C:8CC7:0:1:0,00:4342,WRITE,DMA,,YES,10C_DMA_HDMA,ROUTED_FAIL_CLOSED_UNTIL_OWNER
TPHW-EC1F5C7538BF89A2A54E,0C:8CC7:0:1:0,00:4343,WRITE,DMA,,YES,10C_DMA_HDMA,ROUTED_FAIL_CLOSED_UNTIL_OWNER
TPHW-05FB47321CF0080A3AE5,0C:8CCC:0:1:0,00:4344,WRITE,DMA,,YES,10C_DMA_HDMA,ROUTED_FAIL_CLOSED_UNTIL_OWNER
TPHW-B17FEDB7FF983B274FCF,0C:8CD2:0:1:0,00:4345,WRITE,DMA,,YES,10C_DMA_HDMA,ROUTED_FAIL_CLOSED_UNTIL_OWNER
TPHW-06EB1EA20C7928F85948,0C:8CD2:0:1:0,00:4346,WRITE,DMA,,YES,10C_DMA_HDMA,ROUTED_FAIL_CLOSED_UNTIL_OWNER
TPHW-3686A8D1D54725EE1F8F,0C:8CD7:0:1:0,00:420B,WRITE,CPU_IO,,YES,10C_DMA_HDMA,ROUTED_FAIL_CLOSED_UNTIL_OWNER
TPHW-5C985321FE7E8F149032,0C:8CDA:0:1:0,00:420B,WRITE,CPU_IO,,YES,10C_DMA_HDMA,ROUTED_FAIL_CLOSED_UNTIL_OWNER
TPHW-3F7D3EDFAC402374420F,0C:8CDF:0:1:0,00:4340,WRITE,DMA,,YES,10C_DMA_HDMA,ROUTED_FAIL_CLOSED_UNTIL_OWNER
TPHW-B0BA1775D8ABCC31B9A7,0C:8CE4:0:1:0,00:4341,WRITE,DMA,,YES,10C_DMA_HDMA,ROUTED_FAIL_CLOSED_UNTIL_OWNER
TPHW-81C6AE01715E04D2E1B6,0C:8CEA:0:1:0,00:4342,WRITE,DMA,,YES,10C_DMA_HDMA,ROUTED_FAIL_CLOSED_UNTIL_OWNER
TPHW-55735EAE89400E9730E2,0C:8CEA:0:1:0,00:4343,WRITE,DMA,,YES,10C_DMA_HDMA,ROUTED_FAIL_CLOSED_UNTIL_OWNER
TPHW-023F994877A5A9FCC085,0C:8CEF:0:1:0,00:4344,WRITE,DMA,,YES,10C_DMA_HDMA,ROUTED_FAIL_CLOSED_UNTIL_OWNER
TPHW-CAE88743337FA7F9A0AE,0C:8CF5:0:1:0,00:4345,WRITE,DMA,,YES,10C_DMA_HDMA,ROUTED_FAIL_CLOSED_UNTIL_OWNER
TPHW-84BF948E3C53E1E4D6FC,0C:8CF5:0:1:0,00:4346,WRITE,DMA,,YES,10C_DMA_HDMA,ROUTED_FAIL_CLOSED_UNTIL_OWNER
TPHW-4D773C9729789CB8F851,0C:8CFA:0:1:0,00:420B,WRITE,CPU_IO,,YES,10C_DMA_HDMA,ROUTED_FAIL_CLOSED_UNTIL_OWNER
TPHW-9D4A2D28FA5B306E2AF4,0C:8D07:0:0:1,00:2121,WRITE,PPU,,YES,11C_PPU_STATE,ROUTED_FAIL_CLOSED_UNTIL_OWNER
TPHW-9805E1CB352F249C5FC1,0C:8D0A:0:0:1,00:420B,WRITE,CPU_IO,,YES,10C_DMA_HDMA,ROUTED_FAIL_CLOSED_UNTIL_OWNER
TPHW-303149CF9E3F19CB0CFF,0C:8D0F:0:0:1,00:4340,WRITE,DMA,,YES,10C_DMA_HDMA,ROUTED_FAIL_CLOSED_UNTIL_OWNER
TPHW-F8AA89BCFE57951219ED,0C:8D14:0:0:1,00:4341,WRITE,DMA,,YES,10C_DMA_HDMA,ROUTED_FAIL_CLOSED_UNTIL_OWNER
TPHW-85E6D1DE8C71AF7B10EE,0C:8D1C:0:0:1,00:4342,WRITE,DMA,,YES,10C_DMA_HDMA,ROUTED_FAIL_CLOSED_UNTIL_OWNER
TPHW-EBD35209319F980634DF,0C:8D1C:0:0:1,00:4343,WRITE,DMA,,YES,10C_DMA_HDMA,ROUTED_FAIL_CLOSED_UNTIL_OWNER
TPHW-88FB31532207CFA71272,0C:8D1F:0:0:1,00:4344,WRITE,DMA,,YES,10C_DMA_HDMA,ROUTED_FAIL_CLOSED_UNTIL_OWNER
TPHW-581728C5150B851FECFB,0C:8D25:0:0:1,00:4345,WRITE,DMA,,YES,10C_DMA_HDMA,ROUTED_FAIL_CLOSED_UNTIL_OWNER
TPHW-14E71CFF7B21AA694CC4,0C:8D25:0:0:1,00:4346,WRITE,DMA,,YES,10C_DMA_HDMA,ROUTED_FAIL_CLOSED_UNTIL_OWNER
TPHW-EF1F6081DE0237999798,0C:8D2A:0:0:1,00:420B,WRITE,CPU_IO,,YES,10C_DMA_HDMA,ROUTED_FAIL_CLOSED_UNTIL_OWNER
TPHW-340C879F48CAD6318C76,0C:9204:0:1:1,00:4202,WRITE,CPU_IO,,YES,08C_CPU_IO,OWNED_LOCAL
TPHW-DCF07A5EF643683B9DB3,0C:9207:0:1:1,00:4203,WRITE,CPU_IO,,YES,08C_CPU_IO,OWNED_LOCAL
TPHW-2B52F0A4164FC75EA0D9,0C:9210:0:0:0,00:4216,READ,CPU_IO,,NO,08C_CPU_IO,OWNED_LOCAL
TPHW-DE68A662CD8B89602B16,0C:9210:0:0:0,00:4217,READ,CPU_IO,,NO,08C_CPU_IO,OWNED_LOCAL
TPHW-65FD3CEB264B75820FA2,0C:9467:0:0:1,00:4204,WRITE,CPU_IO,,YES,08C_CPU_IO,OWNED_LOCAL
TPHW-5E4DFC52F7E93AFE916B,0C:9467:0:0:1,00:4205,WRITE,CPU_IO,,YES,08C_CPU_IO,OWNED_LOCAL
TPHW-8EE069158DC10E538EED,0C:946A:0:0:1,00:4206,WRITE,CPU_IO,,YES,08C_CPU_IO,OWNED_LOCAL
TPHW-2101BB8494FA0205A744,0C:9477:0:0:0,00:4214,READ,CPU_IO,,NO,08C_CPU_IO,OWNED_LOCAL
TPHW-D092D862FAAC7D96188A,0C:9477:0:0:0,00:4215,READ,CPU_IO,,NO,08C_CPU_IO,OWNED_LOCAL
TPHW-718C1947AE3C1F6318E5,0C:947A:0:0:0,00:4216,READ,CPU_IO,,NO,08C_CPU_IO,OWNED_LOCAL
TPHW-6070AFAF59B9D8901DCB,0C:947A:0:0:0,00:4217,READ,CPU_IO,,NO,08C_CPU_IO,OWNED_LOCAL
TPHW-800C512A5724B040AF33,0C:94FD:0:0:1,00:4204,WRITE,CPU_IO,,YES,08C_CPU_IO,OWNED_LOCAL
TPHW-F6442B50A5D8BB67251A,0C:94FD:0:0:1,00:4205,WRITE,CPU_IO,,YES,08C_CPU_IO,OWNED_LOCAL
TPHW-8263F0A63E0F2BC1574C,0C:9500:0:0:1,00:4206,WRITE,CPU_IO,,YES,08C_CPU_IO,OWNED_LOCAL
TPHW-41AA865FE623164C10DE,0C:950D:0:0:0,00:4214,READ,CPU_IO,,NO,08C_CPU_IO,OWNED_LOCAL
TPHW-B0F6A8D7AEC0A075DD3B,0C:950D:0:0:0,00:4215,READ,CPU_IO,,NO,08C_CPU_IO,OWNED_LOCAL
TPHW-1F7E9C5CCA4BAE2809D4,0C:9510:0:0:0,00:4216,READ,CPU_IO,,NO,08C_CPU_IO,OWNED_LOCAL
TPHW-B9414FD1D81823CEFEFE,0C:9510:0:0:0,00:4217,READ,CPU_IO,,NO,08C_CPU_IO,OWNED_LOCAL
TPHW-3EC756BA6BBC71E7B297,0C:9711:0:1:1,00:4202,WRITE,CPU_IO,,YES,08C_CPU_IO,OWNED_LOCAL
TPHW-EEDBE57449F26BE756FC,0C:9714:0:1:1,00:4203,WRITE,CPU_IO,,YES,08C_CPU_IO,OWNED_LOCAL
TPHW-8C4091649776552D9ADE,0C:971D:0:0:0,00:4216,READ,CPU_IO,,NO,08C_CPU_IO,OWNED_LOCAL
TPHW-A532C75FD74102224C46,0C:971D:0:0:0,00:4217,READ,CPU_IO,,NO,08C_CPU_IO,OWNED_LOCAL
TPHW-EDC964A7B9B736FCDDA3,0C:9767:0:1:1,00:4202,WRITE,CPU_IO,,YES,08C_CPU_IO,OWNED_LOCAL
TPHW-E5B2DB35862B81B077E2,0C:976A:0:1:1,00:4203,WRITE,CPU_IO,,YES,08C_CPU_IO,OWNED_LOCAL
TPHW-774AB907743E85707792,0C:9773:0:0:0,00:4216,READ,CPU_IO,,NO,08C_CPU_IO,OWNED_LOCAL
TPHW-1142DC870B8B5722A891,0C:9773:0:0:0,00:4217,READ,CPU_IO,,NO,08C_CPU_IO,OWNED_LOCAL
TPHW-7A3C53C307A06486C375,0C:98CF:0:1:1,00:4202,WRITE,CPU_IO,,YES,08C_CPU_IO,OWNED_LOCAL
TPHW-5C480EC7C71B664745BD,0C:98D2:0:1:1,00:4203,WRITE,CPU_IO,,YES,08C_CPU_IO,OWNED_LOCAL
TPHW-4F501072D2D2A0926A50,0C:98DB:0:0:0,00:4216,READ,CPU_IO,,NO,08C_CPU_IO,OWNED_LOCAL
TPHW-0A311E6BDA28F89FEB11,0C:98DB:0:0:0,00:4217,READ,CPU_IO,,NO,08C_CPU_IO,OWNED_LOCAL
TPHW-47A6F6E02CECCA2300C6,0C:99C3:0:1:1,00:4202,WRITE,CPU_IO,,YES,08C_CPU_IO,OWNED_LOCAL
TPHW-EF590DE653CCA75D1200,0C:99C6:0:1:1,00:4203,WRITE,CPU_IO,,YES,08C_CPU_IO,OWNED_LOCAL
TPHW-7BEA48CFDC0CBCE3424F,0C:99CF:0:0:0,00:4216,READ,CPU_IO,,NO,08C_CPU_IO,OWNED_LOCAL
TPHW-B624DCD928BF29DCA5A7,0C:99CF:0:0:0,00:4217,READ,CPU_IO,,NO,08C_CPU_IO,OWNED_LOCAL
TPHW-BA837B3EA81F505AC3A2,0C:9C71:0:1:1,00:4202,WRITE,CPU_IO,,YES,08C_CPU_IO,OWNED_LOCAL
TPHW-CEDF818C890C7F45CBA9,0C:9C74:0:1:1,00:4203,WRITE,CPU_IO,,YES,08C_CPU_IO,OWNED_LOCAL
TPHW-F9810EC458C344D449AC,0C:9C7D:0:0:0,00:4216,READ,CPU_IO,,NO,08C_CPU_IO,OWNED_LOCAL
TPHW-A1AE5425E8EC6C34C968,0C:9C7D:0:0:0,00:4217,READ,CPU_IO,,NO,08C_CPU_IO,OWNED_LOCAL
TPHW-45C3D6A9E090EF9274D8,0C:A372:0:1:1,00:4202,WRITE,CPU_IO,,YES,08C_CPU_IO,OWNED_LOCAL
TPHW-545EAA4879FF3115792B,0C:A375:0:1:1,00:4203,WRITE,CPU_IO,,YES,08C_CPU_IO,OWNED_LOCAL
TPHW-63EF254FCD2D4CEAD7B1,0C:A37E:0:0:0,00:4216,READ,CPU_IO,,NO,08C_CPU_IO,OWNED_LOCAL
TPHW-E4969BD3848E446806A3,0C:A37E:0:0:0,00:4217,READ,CPU_IO,,NO,08C_CPU_IO,OWNED_LOCAL
TPHW-9D2F546A2FD5B81DC049,0C:A499:0:1:1,00:4202,WRITE,CPU_IO,,YES,08C_CPU_IO,OWNED_LOCAL
TPHW-8E96AEDA3FCD9D75E3C7,0C:A49C:0:1:1,00:4203,WRITE,CPU_IO,,YES,08C_CPU_IO,OWNED_LOCAL
TPHW-8CDAD81FF1C3F69C676C,0C:A4A5:0:0:0,00:4216,READ,CPU_IO,,NO,08C_CPU_IO,OWNED_LOCAL
TPHW-A0204327819745CEA8D6,0C:A4A5:0:0:0,00:4217,READ,CPU_IO,,NO,08C_CPU_IO,OWNED_LOCAL
TPHW-611A4359DACCCDF9B457,0C:A51C:0:1:1,00:211B,WRITE,PPU,,YES,11C_PPU_STATE,ROUTED_FAIL_CLOSED_UNTIL_OWNER
TPHW-DFEFD4F05C3A73F1EE7E,0C:A520:0:1:1,00:211B,WRITE,PPU,,YES,11C_PPU_STATE,ROUTED_FAIL_CLOSED_UNTIL_OWNER
TPHW-A72AFE3DD972F6511E2B,0C:A523:0:1:1,00:211C,WRITE,PPU,,YES,11C_PPU_STATE,ROUTED_FAIL_CLOSED_UNTIL_OWNER
TPHW-D6827770F78A7D8E13D7,0C:A52A:0:0:1,00:2134,READ,PPU,,NO,11C_PPU_STATE,ROUTED_FAIL_CLOSED_UNTIL_OWNER
TPHW-9775FEB234D247DF908D,0C:A52A:0:0:1,00:2135,READ,PPU,,NO,11C_PPU_STATE,ROUTED_FAIL_CLOSED_UNTIL_OWNER
TPHW-15ACF8A239881C1E431D,0C:A52D:0:0:1,00:2136,READ,PPU,,NO,11C_PPU_STATE,ROUTED_FAIL_CLOSED_UNTIL_OWNER
TPHW-F5854247CF2598A5AD68,0C:A6DD:0:1:0,00:4200,WRITE,CPU_IO,,YES,09C_SCHEDULER_INTERRUPTS,ROUTED_FAIL_CLOSED_UNTIL_OWNER
TPHW-985FD0A3815A7F992D9D,0C:A6F6:0:1:0,00:2116,WRITE,PPU,,YES,11C_PPU_STATE,ROUTED_FAIL_CLOSED_UNTIL_OWNER
TPHW-6AA276643C6193CB601F,0C:A6FC:0:1:0,00:2117,WRITE,PPU,,YES,11C_PPU_STATE,ROUTED_FAIL_CLOSED_UNTIL_OWNER
TPHW-E9D2F4D5E7B3958DB424,0C:A6FF:0:1:0,00:420B,WRITE,CPU_IO,,YES,10C_DMA_HDMA,ROUTED_FAIL_CLOSED_UNTIL_OWNER
TPHW-69AA58BD771BEA49380E,0C:A704:0:1:0,00:4340,WRITE,DMA,,YES,10C_DMA_HDMA,ROUTED_FAIL_CLOSED_UNTIL_OWNER
TPHW-E8B70292494DF9F46694,0C:A709:0:1:0,00:4341,WRITE,DMA,,YES,10C_DMA_HDMA,ROUTED_FAIL_CLOSED_UNTIL_OWNER
TPHW-C8A2D05D9481F6C99C08,0C:A70F:0:1:0,00:4342,WRITE,DMA,,YES,10C_DMA_HDMA,ROUTED_FAIL_CLOSED_UNTIL_OWNER
TPHW-B73E99D8D165C8091FC8,0C:A70F:0:1:0,00:4343,WRITE,DMA,,YES,10C_DMA_HDMA,ROUTED_FAIL_CLOSED_UNTIL_OWNER
TPHW-6A7660565045985EE83B,0C:A715:0:1:0,00:4344,WRITE,DMA,,YES,10C_DMA_HDMA,ROUTED_FAIL_CLOSED_UNTIL_OWNER
TPHW-D0BE3A1B716DE46E8EEB,0C:A71B:0:1:0,00:4345,WRITE,DMA,,YES,10C_DMA_HDMA,ROUTED_FAIL_CLOSED_UNTIL_OWNER
TPHW-00AEDA80EF8EB858D83A,0C:A71B:0:1:0,00:4346,WRITE,DMA,,YES,10C_DMA_HDMA,ROUTED_FAIL_CLOSED_UNTIL_OWNER
TPHW-FA49C7C6278D0383DC2B,0C:A720:0:1:0,00:420B,WRITE,CPU_IO,,YES,10C_DMA_HDMA,ROUTED_FAIL_CLOSED_UNTIL_OWNER
TPHW-7FF4F8C346B8087956BB,0C:A725:0:1:0,00:4200,WRITE,CPU_IO,,YES,09C_SCHEDULER_INTERRUPTS,ROUTED_FAIL_CLOSED_UNTIL_OWNER
TPHW-F44EB682E37465C3E00B,0C:A9FE:0:0:1,00:4204,WRITE,CPU_IO,,YES,08C_CPU_IO,OWNED_LOCAL
TPHW-D37B5B7E533E74B495CF,0C:A9FE:0:0:1,00:4205,WRITE,CPU_IO,,YES,08C_CPU_IO,OWNED_LOCAL
TPHW-D48E69A7C502D986E8BB,0C:AA01:0:0:1,00:4206,WRITE,CPU_IO,,YES,08C_CPU_IO,OWNED_LOCAL
TPHW-C54AC3714E35922CA2B0,0C:AA0E:0:0:0,00:4214,READ,CPU_IO,,NO,08C_CPU_IO,OWNED_LOCAL
TPHW-931E683A5A0797CF7083,0C:AA0E:0:0:0,00:4215,READ,CPU_IO,,NO,08C_CPU_IO,OWNED_LOCAL
TPHW-2F67C7EF9A73E344275B,0C:AA11:0:0:0,00:4216,READ,CPU_IO,,NO,08C_CPU_IO,OWNED_LOCAL
TPHW-779F1B5BAE1AA7DA0D23,0C:AA11:0:0:0,00:4217,READ,CPU_IO,,NO,08C_CPU_IO,OWNED_LOCAL
TPHW-EFEDF27F798E06BB7216,0C:AA75:0:0:1,00:4204,WRITE,CPU_IO,,YES,08C_CPU_IO,OWNED_LOCAL
TPHW-419DFB585472C433A408,0C:AA75:0:0:1,00:4205,WRITE,CPU_IO,,YES,08C_CPU_IO,OWNED_LOCAL
TPHW-572FFA96671BF4680AB3,0C:AA78:0:0:1,00:4206,WRITE,CPU_IO,,YES,08C_CPU_IO,OWNED_LOCAL
TPHW-C95A5FE93C07C9E2643B,0C:AA85:0:0:0,00:4214,READ,CPU_IO,,NO,08C_CPU_IO,OWNED_LOCAL
TPHW-5FF54BA83F9E30E1A97F,0C:AA85:0:0:0,00:4215,READ,CPU_IO,,NO,08C_CPU_IO,OWNED_LOCAL
TPHW-F0855FFE0152596841C4,0C:AA88:0:0:0,00:4216,READ,CPU_IO,,NO,08C_CPU_IO,OWNED_LOCAL
TPHW-2001A5DC727CAFBAF8B0,0C:AA88:0:0:0,00:4217,READ,CPU_IO,,NO,08C_CPU_IO,OWNED_LOCAL
TPHW-EC34C00B6A4F3E53AED1,0C:B20C:0:1:1,00:211B,WRITE,PPU,,YES,11C_PPU_STATE,ROUTED_FAIL_CLOSED_UNTIL_OWNER
TPHW-AA1EDD0DAA06C9E8F10B,0C:B210:0:1:1,00:211B,WRITE,PPU,,YES,11C_PPU_STATE,ROUTED_FAIL_CLOSED_UNTIL_OWNER
TPHW-E319AE7C7CA78A22626A,0C:B213:0:1:1,00:211C,WRITE,PPU,,YES,11C_PPU_STATE,ROUTED_FAIL_CLOSED_UNTIL_OWNER
TPHW-B6691338A59EB6A88362,0C:B21A:0:0:1,00:2134,READ,PPU,,NO,11C_PPU_STATE,ROUTED_FAIL_CLOSED_UNTIL_OWNER
TPHW-33974B1ECEDF8885377C,0C:B21A:0:0:1,00:2135,READ,PPU,,NO,11C_PPU_STATE,ROUTED_FAIL_CLOSED_UNTIL_OWNER
TPHW-10895E629E465514D23E,0C:B21D:0:0:1,00:2136,READ,PPU,,NO,11C_PPU_STATE,ROUTED_FAIL_CLOSED_UNTIL_OWNER
TPHW-E836C057C19A32F9F561,0C:B2BD:0:1:1,00:4202,WRITE,CPU_IO,,YES,08C_CPU_IO,OWNED_LOCAL
TPHW-0E620DEE276BA0F76645,0C:B2C0:0:1:1,00:4203,WRITE,CPU_IO,,YES,08C_CPU_IO,OWNED_LOCAL
TPHW-3BFCC933F93FCE60520B,0C:B2C9:0:0:0,00:4216,READ,CPU_IO,,NO,08C_CPU_IO,OWNED_LOCAL
TPHW-8CA4E3A8A599BF471A63,0C:B2C9:0:0:0,00:4217,READ,CPU_IO,,NO,08C_CPU_IO,OWNED_LOCAL
TPHW-80B1019D0FFC91DDC933,0C:B30B:0:1:1,00:211B,WRITE,PPU,,YES,11C_PPU_STATE,ROUTED_FAIL_CLOSED_UNTIL_OWNER
TPHW-90EC519CEF0D2A4B1E99,0C:B30F:0:1:1,00:211B,WRITE,PPU,,YES,11C_PPU_STATE,ROUTED_FAIL_CLOSED_UNTIL_OWNER
TPHW-0D4A7126C79122A52651,0C:B312:0:1:1,00:211C,WRITE,PPU,,YES,11C_PPU_STATE,ROUTED_FAIL_CLOSED_UNTIL_OWNER
TPHW-9D14E2D0CB7F80B2D770,0C:B319:0:0:1,00:2134,READ,PPU,,NO,11C_PPU_STATE,ROUTED_FAIL_CLOSED_UNTIL_OWNER
TPHW-4FDE0D7B2F37189960F4,0C:B319:0:0:1,00:2135,READ,PPU,,NO,11C_PPU_STATE,ROUTED_FAIL_CLOSED_UNTIL_OWNER
TPHW-15F69C200D81A36FB86D,0C:B31C:0:0:1,00:2136,READ,PPU,,NO,11C_PPU_STATE,ROUTED_FAIL_CLOSED_UNTIL_OWNER
TPHW-7771A62416A7607A802A,0C:B3CC:0:1:1,00:4202,WRITE,CPU_IO,,YES,08C_CPU_IO,OWNED_LOCAL
TPHW-AE1DE27A2A2FA26AFCCF,0C:B3CF:0:1:1,00:4203,WRITE,CPU_IO,,YES,08C_CPU_IO,OWNED_LOCAL
TPHW-7076A2ED2D4434A5965C,0C:B3D8:0:0:0,00:4216,READ,CPU_IO,,NO,08C_CPU_IO,OWNED_LOCAL
TPHW-55B53D04D3E215E03503,0C:B3D8:0:0:0,00:4217,READ,CPU_IO,,NO,08C_CPU_IO,OWNED_LOCAL
TPHW-593C04FB3E116E9B7ADF,0C:B53A:0:1:1,00:211B,WRITE,PPU,,YES,11C_PPU_STATE,ROUTED_FAIL_CLOSED_UNTIL_OWNER
TPHW-107CA35A539521DBA7D7,0C:B53E:0:1:1,00:211B,WRITE,PPU,,YES,11C_PPU_STATE,ROUTED_FAIL_CLOSED_UNTIL_OWNER
TPHW-7BD1D524D77D1671494D,0C:B541:0:1:1,00:211C,WRITE,PPU,,YES,11C_PPU_STATE,ROUTED_FAIL_CLOSED_UNTIL_OWNER
TPHW-18702F541998E633EA1F,0C:B548:0:0:1,00:2134,READ,PPU,,NO,11C_PPU_STATE,ROUTED_FAIL_CLOSED_UNTIL_OWNER
TPHW-387F91F38C2E366DFC1C,0C:B548:0:0:1,00:2135,READ,PPU,,NO,11C_PPU_STATE,ROUTED_FAIL_CLOSED_UNTIL_OWNER
TPHW-D5030A2E0629B91E8254,0C:B54B:0:0:1,00:2136,READ,PPU,,NO,11C_PPU_STATE,ROUTED_FAIL_CLOSED_UNTIL_OWNER
TPHW-3AD13600857BC7B4F9B6,0C:B642:0:0:1,00:4204,WRITE,CPU_IO,,YES,08C_CPU_IO,OWNED_LOCAL
TPHW-065D9E72E1F238108516,0C:B642:0:0:1,00:4205,WRITE,CPU_IO,,YES,08C_CPU_IO,OWNED_LOCAL
TPHW-00CF329440BF936A63DE,0C:B645:0:0:1,00:4206,WRITE,CPU_IO,,YES,08C_CPU_IO,OWNED_LOCAL
TPHW-24897A83DB4B4E775CF9,0C:B652:0:0:0,00:4214,READ,CPU_IO,,NO,08C_CPU_IO,OWNED_LOCAL
TPHW-A5DE92669965A858768F,0C:B652:0:0:0,00:4215,READ,CPU_IO,,NO,08C_CPU_IO,OWNED_LOCAL
TPHW-FF1A756AAE626240147F,0C:B655:0:0:0,00:4216,READ,CPU_IO,,NO,08C_CPU_IO,OWNED_LOCAL
TPHW-333AF642762DF8C177FE,0C:B655:0:0:0,00:4217,READ,CPU_IO,,NO,08C_CPU_IO,OWNED_LOCAL
TPHW-4E6FD140D4E3AD95F6F1,0C:B71F:0:0:1,00:4204,WRITE,CPU_IO,,YES,08C_CPU_IO,OWNED_LOCAL
TPHW-60482A449A404EA8FA8D,0C:B71F:0:0:1,00:4205,WRITE,CPU_IO,,YES,08C_CPU_IO,OWNED_LOCAL
TPHW-C8267607BFCB837A9B0B,0C:B722:0:0:1,00:4206,WRITE,CPU_IO,,YES,08C_CPU_IO,OWNED_LOCAL
TPHW-315C44BA5B5933658D4E,0C:B72F:0:0:0,00:4214,READ,CPU_IO,,NO,08C_CPU_IO,OWNED_LOCAL
TPHW-00E65753E74883206089,0C:B72F:0:0:0,00:4215,READ,CPU_IO,,NO,08C_CPU_IO,OWNED_LOCAL
TPHW-206CDC0FDA7967409354,0C:B732:0:0:0,00:4216,READ,CPU_IO,,NO,08C_CPU_IO,OWNED_LOCAL
TPHW-678708A066D41355DEAE,0C:B732:0:0:0,00:4217,READ,CPU_IO,,NO,08C_CPU_IO,OWNED_LOCAL
TPHW-5655F018C6B350274766,0C:BFA0:0:1:1,00:211B,WRITE,PPU,,YES,11C_PPU_STATE,ROUTED_FAIL_CLOSED_UNTIL_OWNER
TPHW-93CCF946EE80728A77E8,0C:BFA4:0:1:1,00:211B,WRITE,PPU,,YES,11C_PPU_STATE,ROUTED_FAIL_CLOSED_UNTIL_OWNER
TPHW-113FC06D04DAF5326539,0C:BFA7:0:1:1,00:211C,WRITE,PPU,,YES,11C_PPU_STATE,ROUTED_FAIL_CLOSED_UNTIL_OWNER
TPHW-BC01C620C47130F7FE73,0C:BFAE:0:0:1,00:2134,READ,PPU,,NO,11C_PPU_STATE,ROUTED_FAIL_CLOSED_UNTIL_OWNER
TPHW-ECAE6E2D963075B4A409,0C:BFAE:0:0:1,00:2135,READ,PPU,,NO,11C_PPU_STATE,ROUTED_FAIL_CLOSED_UNTIL_OWNER
TPHW-1468C34164824037B274,0C:BFB1:0:0:1,00:2136,READ,PPU,,NO,11C_PPU_STATE,ROUTED_FAIL_CLOSED_UNTIL_OWNER
TPHW-4AAC413091F93CEB7AE1,0C:C2DF:0:0:1,00:4204,WRITE,CPU_IO,,YES,08C_CPU_IO,OWNED_LOCAL
TPHW-634E0C1AD7B26D12949F,0C:C2DF:0:0:1,00:4205,WRITE,CPU_IO,,YES,08C_CPU_IO,OWNED_LOCAL
TPHW-F7D980E4787B75BA24BB,0C:C2E2:0:0:1,00:4206,WRITE,CPU_IO,,YES,08C_CPU_IO,OWNED_LOCAL
TPHW-5E177B1A6891E9089B50,0C:C2EF:0:0:0,00:4214,READ,CPU_IO,,NO,08C_CPU_IO,OWNED_LOCAL
TPHW-F4AC9E3B6FA93E87178D,0C:C2EF:0:0:0,00:4215,READ,CPU_IO,,NO,08C_CPU_IO,OWNED_LOCAL
TPHW-B2652D3FC14D6F0C2AEB,0C:C2F2:0:0:0,00:4216,READ,CPU_IO,,NO,08C_CPU_IO,OWNED_LOCAL
TPHW-8A1D176C333AF6AC3ADE,0C:C2F2:0:0:0,00:4217,READ,CPU_IO,,NO,08C_CPU_IO,OWNED_LOCAL
TPHW-5E9DF7FB951A3583BA82,0C:C73D:0:0:1,00:4204,WRITE,CPU_IO,,YES,08C_CPU_IO,OWNED_LOCAL
TPHW-C449974B9A342EEF617C,0C:C73D:0:0:1,00:4205,WRITE,CPU_IO,,YES,08C_CPU_IO,OWNED_LOCAL
TPHW-F8D78C5B83E612721F74,0C:C740:0:0:1,00:4206,WRITE,CPU_IO,,YES,08C_CPU_IO,OWNED_LOCAL
TPHW-CED5631B4A6233AE8F21,0C:C74D:0:0:0,00:4214,READ,CPU_IO,,NO,08C_CPU_IO,OWNED_LOCAL
TPHW-37E1206402E8D6EBC485,0C:C74D:0:0:0,00:4215,READ,CPU_IO,,NO,08C_CPU_IO,OWNED_LOCAL
TPHW-E6DE16C0ED8EC9CC0637,0C:C750:0:0:0,00:4216,READ,CPU_IO,,NO,08C_CPU_IO,OWNED_LOCAL
TPHW-8A8BB38C76BF0879FC8F,0C:C750:0:0:0,00:4217,READ,CPU_IO,,NO,08C_CPU_IO,OWNED_LOCAL
TPHW-36A353227A294DBA2BDA,0C:C789:0:0:1,00:4204,WRITE,CPU_IO,,YES,08C_CPU_IO,OWNED_LOCAL
TPHW-D63FD46385107B486FCF,0C:C789:0:0:1,00:4205,WRITE,CPU_IO,,YES,08C_CPU_IO,OWNED_LOCAL
TPHW-0E2B5D71EA968E1E6E42,0C:C78C:0:0:1,00:4206,WRITE,CPU_IO,,YES,08C_CPU_IO,OWNED_LOCAL
TPHW-2F08F431397C3EBE508C,0C:C799:0:0:0,00:4214,READ,CPU_IO,,NO,08C_CPU_IO,OWNED_LOCAL
TPHW-516033A51E874A81B780,0C:C799:0:0:0,00:4215,READ,CPU_IO,,NO,08C_CPU_IO,OWNED_LOCAL
TPHW-9FD30A2ADC1A2A592222,0C:C79C:0:0:0,00:4216,READ,CPU_IO,,NO,08C_CPU_IO,OWNED_LOCAL
TPHW-A51B09AB973B89A91647,0C:C79C:0:0:0,00:4217,READ,CPU_IO,,NO,08C_CPU_IO,OWNED_LOCAL
TPHW-04DF0FC4271BAC115E8D,0C:CB9D:0:1:1,00:4202,WRITE,CPU_IO,,YES,08C_CPU_IO,OWNED_LOCAL
TPHW-2B46F6B084B069146402,0C:CBA0:0:1:1,00:4203,WRITE,CPU_IO,,YES,08C_CPU_IO,OWNED_LOCAL
TPHW-611998DF7EC3DEBE04D8,0C:CBA9:0:0:0,00:4216,READ,CPU_IO,,NO,08C_CPU_IO,OWNED_LOCAL
TPHW-2434A996A8C6F5DAB677,0C:CBA9:0:0:0,00:4217,READ,CPU_IO,,NO,08C_CPU_IO,OWNED_LOCAL
TPHW-B01D3BC7EA9522268B19,0C:E189:0:1:0,00:4200,WRITE,CPU_IO,,YES,09C_SCHEDULER_INTERRUPTS,ROUTED_FAIL_CLOSED_UNTIL_OWNER
TPHW-AC002A0008DCA0E446EC,0C:E18E:0:1:0,00:2116,WRITE,PPU,,YES,11C_PPU_STATE,ROUTED_FAIL_CLOSED_UNTIL_OWNER
TPHW-210CA2FE74181660DC22,0C:E193:0:1:0,00:2117,WRITE,PPU,,YES,11C_PPU_STATE,ROUTED_FAIL_CLOSED_UNTIL_OWNER
TPHW-F1031FC5087D1AA8DDAC,0C:E196:0:1:0,00:420B,WRITE,CPU_IO,,YES,10C_DMA_HDMA,ROUTED_FAIL_CLOSED_UNTIL_OWNER
TPHW-E1DAA82FBCCE763F41B3,0C:E19B:0:1:0,00:4370,WRITE,DMA,,YES,10C_DMA_HDMA,ROUTED_FAIL_CLOSED_UNTIL_OWNER
TPHW-70A6D14B35561D7270A8,0C:E1A0:0:1:0,00:4371,WRITE,DMA,,YES,10C_DMA_HDMA,ROUTED_FAIL_CLOSED_UNTIL_OWNER
TPHW-231FFDF66B3B34CB7961,0C:E1A6:0:1:0,00:4372,WRITE,DMA,,YES,10C_DMA_HDMA,ROUTED_FAIL_CLOSED_UNTIL_OWNER
TPHW-730FCA1694007DC0CC23,0C:E1A6:0:1:0,00:4373,WRITE,DMA,,YES,10C_DMA_HDMA,ROUTED_FAIL_CLOSED_UNTIL_OWNER
TPHW-870DF441C19D8432D711,0C:E1AB:0:1:0,00:4374,WRITE,DMA,,YES,10C_DMA_HDMA,ROUTED_FAIL_CLOSED_UNTIL_OWNER
TPHW-8543987441D10430FC7C,0C:E1B1:0:1:0,00:4375,WRITE,DMA,,YES,10C_DMA_HDMA,ROUTED_FAIL_CLOSED_UNTIL_OWNER
TPHW-934982E911E119471138,0C:E1B1:0:1:0,00:4376,WRITE,DMA,,YES,10C_DMA_HDMA,ROUTED_FAIL_CLOSED_UNTIL_OWNER
TPHW-C2B2A30EC2F191823176,0C:E1B6:0:1:0,00:420B,WRITE,CPU_IO,,YES,10C_DMA_HDMA,ROUTED_FAIL_CLOSED_UNTIL_OWNER
TPHW-316B9B009DDC76253049,0C:E1BF:0:1:0,00:4200,WRITE,CPU_IO,,YES,09C_SCHEDULER_INTERRUPTS,ROUTED_FAIL_CLOSED_UNTIL_OWNER
TPHW-8AECB53754A5E14827F8,0C:E1C4:0:1:0,00:2181,WRITE,WRAM_PORT,,YES,08C_BUS_MEMORY,OWNED_LOCAL
TPHW-5ADD783FB4AC4154F85C,0C:E1C9:0:1:0,00:2182,WRITE,WRAM_PORT,,YES,08C_BUS_MEMORY,OWNED_LOCAL
TPHW-9013D9ECFB614506107E,0C:E1CE:0:1:0,00:2183,WRITE,WRAM_PORT,,YES,08C_BUS_MEMORY,OWNED_LOCAL
TPHW-519691253C20C40C62AB,0C:E1D1:0:1:0,00:420B,WRITE,CPU_IO,,YES,10C_DMA_HDMA,ROUTED_FAIL_CLOSED_UNTIL_OWNER
TPHW-3C4F484921DC799EA722,0C:E1D6:0:1:0,00:4370,WRITE,DMA,,YES,10C_DMA_HDMA,ROUTED_FAIL_CLOSED_UNTIL_OWNER
TPHW-7F572A5A6471C7E8698E,0C:E1DB:0:1:0,00:4371,WRITE,DMA,,YES,10C_DMA_HDMA,ROUTED_FAIL_CLOSED_UNTIL_OWNER
TPHW-93F4C5690394BB6B51E5,0C:E1E1:0:1:0,00:4372,WRITE,DMA,,YES,10C_DMA_HDMA,ROUTED_FAIL_CLOSED_UNTIL_OWNER
TPHW-9CF3711E28CA1C54E191,0C:E1E1:0:1:0,00:4373,WRITE,DMA,,YES,10C_DMA_HDMA,ROUTED_FAIL_CLOSED_UNTIL_OWNER
TPHW-A9230B00BEC27F97F6DC,0C:E1E6:0:1:0,00:4374,WRITE,DMA,,YES,10C_DMA_HDMA,ROUTED_FAIL_CLOSED_UNTIL_OWNER
TPHW-6204E32EF1B01CFE8183,0C:E1EC:0:1:0,00:4375,WRITE,DMA,,YES,10C_DMA_HDMA,ROUTED_FAIL_CLOSED_UNTIL_OWNER
TPHW-AE25E30E69D5C33128B9,0C:E1EC:0:1:0,00:4376,WRITE,DMA,,YES,10C_DMA_HDMA,ROUTED_FAIL_CLOSED_UNTIL_OWNER
TPHW-5901016BBCB48623B5E9,0C:E1F1:0:1:0,00:420B,WRITE,CPU_IO,,YES,10C_DMA_HDMA,ROUTED_FAIL_CLOSED_UNTIL_OWNER
TPHW-3430E47EF6E5D72A35B1,0C:E1F6:0:1:0,00:4200,WRITE,CPU_IO,,YES,09C_SCHEDULER_INTERRUPTS,ROUTED_FAIL_CLOSED_UNTIL_OWNER
TPHW-EBEA67C9205F579B7548,0C:E216:0:1:0,00:4200,WRITE,CPU_IO,,YES,09C_SCHEDULER_INTERRUPTS,ROUTED_FAIL_CLOSED_UNTIL_OWNER
TPHW-7A635D3ED42530189D84,0C:E21B:0:1:0,00:2116,WRITE,PPU,,YES,11C_PPU_STATE,ROUTED_FAIL_CLOSED_UNTIL_OWNER
TPHW-878B84AB3F411F14E199,0C:E220:0:1:0,00:2117,WRITE,PPU,,YES,11C_PPU_STATE,ROUTED_FAIL_CLOSED_UNTIL_OWNER
TPHW-8B72BD45CD4A523DCC38,0C:E223:0:1:0,00:420B,WRITE,CPU_IO,,YES,10C_DMA_HDMA,ROUTED_FAIL_CLOSED_UNTIL_OWNER
TPHW-805373DB91A7A1AEF769,0C:E228:0:1:0,00:4340,WRITE,DMA,,YES,10C_DMA_HDMA,ROUTED_FAIL_CLOSED_UNTIL_OWNER
TPHW-F4769DE371C8A26CF1A8,0C:E22D:0:1:0,00:4341,WRITE,DMA,,YES,10C_DMA_HDMA,ROUTED_FAIL_CLOSED_UNTIL_OWNER
TPHW-6963A1FA82141A4A1675,0C:E233:0:1:0,00:4342,WRITE,DMA,,YES,10C_DMA_HDMA,ROUTED_FAIL_CLOSED_UNTIL_OWNER
TPHW-35204D4B60C1AC04107B,0C:E233:0:1:0,00:4343,WRITE,DMA,,YES,10C_DMA_HDMA,ROUTED_FAIL_CLOSED_UNTIL_OWNER
TPHW-8ADCFC4C90384277A214,0C:E239:0:1:0,00:4344,WRITE,DMA,,YES,10C_DMA_HDMA,ROUTED_FAIL_CLOSED_UNTIL_OWNER
TPHW-F8ED1CDD95CAFCC3C885,0C:E23F:0:1:0,00:4345,WRITE,DMA,,YES,10C_DMA_HDMA,ROUTED_FAIL_CLOSED_UNTIL_OWNER
TPHW-01A1B59FED9514C6CE26,0C:E23F:0:1:0,00:4346,WRITE,DMA,,YES,10C_DMA_HDMA,ROUTED_FAIL_CLOSED_UNTIL_OWNER
TPHW-23469E31C44FA8B2149C,0C:E244:0:1:0,00:420B,WRITE,CPU_IO,,YES,10C_DMA_HDMA,ROUTED_FAIL_CLOSED_UNTIL_OWNER
TPHW-9D2BE5DE682197AB76C2,0C:E27D:0:1:0,00:2116,WRITE,PPU,,YES,11C_PPU_STATE,ROUTED_FAIL_CLOSED_UNTIL_OWNER
TPHW-C3B42EC1A0AE9C13F620,0C:E282:0:1:0,00:2117,WRITE,PPU,,YES,11C_PPU_STATE,ROUTED_FAIL_CLOSED_UNTIL_OWNER
TPHW-1901BA48D0BD7BE6E8C5,0C:E285:0:1:0,00:420B,WRITE,CPU_IO,,YES,10C_DMA_HDMA,ROUTED_FAIL_CLOSED_UNTIL_OWNER
TPHW-8816331A33BD76CC155D,0C:E28A:0:1:0,00:4340,WRITE,DMA,,YES,10C_DMA_HDMA,ROUTED_FAIL_CLOSED_UNTIL_OWNER
TPHW-A256003405EF6A438F64,0C:E28F:0:1:0,00:4341,WRITE,DMA,,YES,10C_DMA_HDMA,ROUTED_FAIL_CLOSED_UNTIL_OWNER
TPHW-E0E752FAE70032400FEE,0C:E295:0:1:0,00:4342,WRITE,DMA,,YES,10C_DMA_HDMA,ROUTED_FAIL_CLOSED_UNTIL_OWNER
TPHW-057E18FECFB75BA8E41C,0C:E295:0:1:0,00:4343,WRITE,DMA,,YES,10C_DMA_HDMA,ROUTED_FAIL_CLOSED_UNTIL_OWNER
TPHW-3CB5BA613959B18143DD,0C:E29A:0:1:0,00:4344,WRITE,DMA,,YES,10C_DMA_HDMA,ROUTED_FAIL_CLOSED_UNTIL_OWNER
TPHW-325F44327949F3E914CE,0C:E2A0:0:1:0,00:4345,WRITE,DMA,,YES,10C_DMA_HDMA,ROUTED_FAIL_CLOSED_UNTIL_OWNER
TPHW-DCA3474C4685C73FDDF3,0C:E2A0:0:1:0,00:4346,WRITE,DMA,,YES,10C_DMA_HDMA,ROUTED_FAIL_CLOSED_UNTIL_OWNER
TPHW-EF0AC6D534955391BA4C,0C:E2A5:0:1:0,00:420B,WRITE,CPU_IO,,YES,10C_DMA_HDMA,ROUTED_FAIL_CLOSED_UNTIL_OWNER
TPHW-7D8E52F269579390EF04,0C:E2AA:0:1:0,00:4200,WRITE,CPU_IO,,YES,09C_SCHEDULER_INTERRUPTS,ROUTED_FAIL_CLOSED_UNTIL_OWNER
TPHW-8555F7BB27EB54E84985,0C:E3E1:0:1:0,00:4200,WRITE,CPU_IO,,YES,09C_SCHEDULER_INTERRUPTS,ROUTED_FAIL_CLOSED_UNTIL_OWNER
TPHW-B2AB1985C05439516D75,0C:E3E6:0:1:0,00:2116,WRITE,PPU,,YES,11C_PPU_STATE,ROUTED_FAIL_CLOSED_UNTIL_OWNER
TPHW-053BE883D7F8A23DDFD5,0C:E3EB:0:1:0,00:2117,WRITE,PPU,,YES,11C_PPU_STATE,ROUTED_FAIL_CLOSED_UNTIL_OWNER
TPHW-CCAC0A76395B87864E0C,0C:E3EE:0:1:0,00:420B,WRITE,CPU_IO,,YES,10C_DMA_HDMA,ROUTED_FAIL_CLOSED_UNTIL_OWNER
TPHW-517B94815E38B03900E9,0C:E3F3:0:1:0,00:4340,WRITE,DMA,,YES,10C_DMA_HDMA,ROUTED_FAIL_CLOSED_UNTIL_OWNER
TPHW-DBA20F6EA3EDAA89E29C,0C:E3F8:0:1:0,00:4341,WRITE,DMA,,YES,10C_DMA_HDMA,ROUTED_FAIL_CLOSED_UNTIL_OWNER
TPHW-D42B1AE3FF5B6871293B,0C:E3FE:0:1:0,00:4342,WRITE,DMA,,YES,10C_DMA_HDMA,ROUTED_FAIL_CLOSED_UNTIL_OWNER
TPHW-9FAF034F6C6A79C81DDE,0C:E3FE:0:1:0,00:4343,WRITE,DMA,,YES,10C_DMA_HDMA,ROUTED_FAIL_CLOSED_UNTIL_OWNER
TPHW-7A148B9CC75ED0AE909F,0C:E403:0:1:0,00:4344,WRITE,DMA,,YES,10C_DMA_HDMA,ROUTED_FAIL_CLOSED_UNTIL_OWNER
TPHW-9F117B2B0FD6D93FED60,0C:E409:0:1:0,00:4345,WRITE,DMA,,YES,10C_DMA_HDMA,ROUTED_FAIL_CLOSED_UNTIL_OWNER
TPHW-129429A0BD60CDEF3EEE,0C:E409:0:1:0,00:4346,WRITE,DMA,,YES,10C_DMA_HDMA,ROUTED_FAIL_CLOSED_UNTIL_OWNER
TPHW-01B18744B7AA07257431,0C:E40E:0:1:0,00:420B,WRITE,CPU_IO,,YES,10C_DMA_HDMA,ROUTED_FAIL_CLOSED_UNTIL_OWNER
TPHW-3B39109B3337B65198E1,0C:E413:0:1:0,00:4200,WRITE,CPU_IO,,YES,09C_SCHEDULER_INTERRUPTS,ROUTED_FAIL_CLOSED_UNTIL_OWNER
TPHW-579F4D81593FE1029FB4,0C:E431:0:1:0,00:4200,WRITE,CPU_IO,,YES,09C_SCHEDULER_INTERRUPTS,ROUTED_FAIL_CLOSED_UNTIL_OWNER
TPHW-0C30F502ECFFAD452452,0C:E436:0:1:0,00:2116,WRITE,PPU,,YES,11C_PPU_STATE,ROUTED_FAIL_CLOSED_UNTIL_OWNER
TPHW-DCAA5FA0FEFDBEB5AE61,0C:E43B:0:1:0,00:2117,WRITE,PPU,,YES,11C_PPU_STATE,ROUTED_FAIL_CLOSED_UNTIL_OWNER
TPHW-BC0FFB17A2B406C82CF3,0C:E43E:0:1:0,00:420B,WRITE,CPU_IO,,YES,10C_DMA_HDMA,ROUTED_FAIL_CLOSED_UNTIL_OWNER
TPHW-5A5053C120E9D5411667,0C:E443:0:1:0,00:4340,WRITE,DMA,,YES,10C_DMA_HDMA,ROUTED_FAIL_CLOSED_UNTIL_OWNER
TPHW-DF551669EA4CAB020E45,0C:E448:0:1:0,00:4341,WRITE,DMA,,YES,10C_DMA_HDMA,ROUTED_FAIL_CLOSED_UNTIL_OWNER
TPHW-064565A79652C10745D3,0C:E44E:0:1:0,00:4342,WRITE,DMA,,YES,10C_DMA_HDMA,ROUTED_FAIL_CLOSED_UNTIL_OWNER
TPHW-F979932F76E9168752BC,0C:E44E:0:1:0,00:4343,WRITE,DMA,,YES,10C_DMA_HDMA,ROUTED_FAIL_CLOSED_UNTIL_OWNER
TPHW-FD7F2C7BBC572D9F37E4,0C:E454:0:1:0,00:4344,WRITE,DMA,,YES,10C_DMA_HDMA,ROUTED_FAIL_CLOSED_UNTIL_OWNER
TPHW-CE3B5CA0E6532845FE62,0C:E45A:0:1:0,00:4345,WRITE,DMA,,YES,10C_DMA_HDMA,ROUTED_FAIL_CLOSED_UNTIL_OWNER
TPHW-D018C65D0721C20692C1,0C:E45A:0:1:0,00:4346,WRITE,DMA,,YES,10C_DMA_HDMA,ROUTED_FAIL_CLOSED_UNTIL_OWNER
TPHW-D05553ECA552944EEE32,0C:E45F:0:1:0,00:420B,WRITE,CPU_IO,,YES,10C_DMA_HDMA,ROUTED_FAIL_CLOSED_UNTIL_OWNER
TPHW-2792951AB1C5655F2546,0C:E464:0:1:0,00:4200,WRITE,CPU_IO,,YES,09C_SCHEDULER_INTERRUPTS,ROUTED_FAIL_CLOSED_UNTIL_OWNER
TPHW-4DF2BC4CE5BE2ED347F3,0C:FBB4:0:1:1,00:211B,WRITE,PPU,,YES,11C_PPU_STATE,ROUTED_FAIL_CLOSED_UNTIL_OWNER
TPHW-02064815A71EB4E7C2FE,0C:FBB8:0:1:1,00:211B,WRITE,PPU,,YES,11C_PPU_STATE,ROUTED_FAIL_CLOSED_UNTIL_OWNER
TPHW-A4B638AC65A15F4F3BB3,0C:FBBB:0:1:1,00:211C,WRITE,PPU,,YES,11C_PPU_STATE,ROUTED_FAIL_CLOSED_UNTIL_OWNER
TPHW-DCF6DB658E9953052C8E,0C:FBC2:0:0:1,00:2134,READ,PPU,,NO,11C_PPU_STATE,ROUTED_FAIL_CLOSED_UNTIL_OWNER
TPHW-2E6184EFF097538260FB,0C:FBC2:0:0:1,00:2135,READ,PPU,,NO,11C_PPU_STATE,ROUTED_FAIL_CLOSED_UNTIL_OWNER
TPHW-116B52C394F7135449F0,0C:FBC5:0:0:1,00:2136,READ,PPU,,NO,11C_PPU_STATE,ROUTED_FAIL_CLOSED_UNTIL_OWNER
TPHW-756563E6F905392C1468,0C:FC01:0:1:1,00:211B,WRITE,PPU,,YES,11C_PPU_STATE,ROUTED_FAIL_CLOSED_UNTIL_OWNER
TPHW-7AECE69C75B32AC69B7E,0C:FC05:0:1:1,00:211B,WRITE,PPU,,YES,11C_PPU_STATE,ROUTED_FAIL_CLOSED_UNTIL_OWNER
TPHW-77AABA7571215B9DDDCC,0C:FC08:0:1:1,00:211C,WRITE,PPU,,YES,11C_PPU_STATE,ROUTED_FAIL_CLOSED_UNTIL_OWNER
TPHW-606597FB8134042E40B1,0C:FC0F:0:0:1,00:2134,READ,PPU,,NO,11C_PPU_STATE,ROUTED_FAIL_CLOSED_UNTIL_OWNER
TPHW-B53B982E7EB4E8035773,0C:FC0F:0:0:1,00:2135,READ,PPU,,NO,11C_PPU_STATE,ROUTED_FAIL_CLOSED_UNTIL_OWNER
TPHW-ADD75761E44A65A976C7,0C:FC12:0:0:1,00:2136,READ,PPU,,NO,11C_PPU_STATE,ROUTED_FAIL_CLOSED_UNTIL_OWNER
TPHW-94E3FF563DE7208D639E,0C:FC65:0:1:1,00:211B,WRITE,PPU,,YES,11C_PPU_STATE,ROUTED_FAIL_CLOSED_UNTIL_OWNER
TPHW-FBE92916401F392B9F97,0C:FC69:0:1:1,00:211B,WRITE,PPU,,YES,11C_PPU_STATE,ROUTED_FAIL_CLOSED_UNTIL_OWNER
TPHW-58D55E855DA914197206,0C:FC6C:0:1:1,00:211C,WRITE,PPU,,YES,11C_PPU_STATE,ROUTED_FAIL_CLOSED_UNTIL_OWNER
TPHW-A4415199F127EC183706,0C:FC73:0:0:1,00:2134,READ,PPU,,NO,11C_PPU_STATE,ROUTED_FAIL_CLOSED_UNTIL_OWNER
TPHW-64CE33C6432DE13433EF,0C:FC73:0:0:1,00:2135,READ,PPU,,NO,11C_PPU_STATE,ROUTED_FAIL_CLOSED_UNTIL_OWNER
TPHW-F62E63CBE639A8F1F1C2,0C:FC76:0:0:1,00:2136,READ,PPU,,NO,11C_PPU_STATE,ROUTED_FAIL_CLOSED_UNTIL_OWNER
TPHW-FF5F33DD05FB553247A7,0D:8073:0:1:1,00:211B,WRITE,PPU,,YES,11C_PPU_STATE,ROUTED_FAIL_CLOSED_UNTIL_OWNER
TPHW-81ABE75E7A405E3A5DDF,0D:8077:0:1:1,00:211B,WRITE,PPU,,YES,11C_PPU_STATE,ROUTED_FAIL_CLOSED_UNTIL_OWNER
TPHW-939B4764ED4B9488A13C,0D:807A:0:1:1,00:211C,WRITE,PPU,,YES,11C_PPU_STATE,ROUTED_FAIL_CLOSED_UNTIL_OWNER
TPHW-6CB0C5C15D89AEB751C3,0D:8081:0:0:1,00:2134,READ,PPU,,NO,11C_PPU_STATE,ROUTED_FAIL_CLOSED_UNTIL_OWNER
TPHW-2E031535141F809727EA,0D:8081:0:0:1,00:2135,READ,PPU,,NO,11C_PPU_STATE,ROUTED_FAIL_CLOSED_UNTIL_OWNER
TPHW-33D9573C16B41BB5CA02,0D:8084:0:0:1,00:2136,READ,PPU,,NO,11C_PPU_STATE,ROUTED_FAIL_CLOSED_UNTIL_OWNER
TPHW-8571561DAEE25299299F,0D:80DC:0:0:1,00:4204,WRITE,CPU_IO,,YES,08C_CPU_IO,OWNED_LOCAL
TPHW-D0938D5A7B758D622360,0D:80DC:0:0:1,00:4205,WRITE,CPU_IO,,YES,08C_CPU_IO,OWNED_LOCAL
TPHW-6919D61D569CF2CC10F4,0D:80DF:0:0:1,00:4206,WRITE,CPU_IO,,YES,08C_CPU_IO,OWNED_LOCAL
TPHW-87E09A2AB10BDE9EC745,0D:80EC:0:0:0,00:4214,READ,CPU_IO,,NO,08C_CPU_IO,OWNED_LOCAL
TPHW-501DCDDB7537D5C71823,0D:80EC:0:0:0,00:4215,READ,CPU_IO,,NO,08C_CPU_IO,OWNED_LOCAL
TPHW-FFBBA801B4E98F074A09,0D:80EF:0:0:0,00:4216,READ,CPU_IO,,NO,08C_CPU_IO,OWNED_LOCAL
TPHW-290348412AC3D696DD5F,0D:80EF:0:0:0,00:4217,READ,CPU_IO,,NO,08C_CPU_IO,OWNED_LOCAL
TPHW-E1A609F9E050443CB747,0E:8051:0:1:1,00:2143,READ,APUIO,,YES,12C_SSMP_APUIO,ROUTED_FAIL_CLOSED_UNTIL_OWNER
TPHW-A574390FB6767DBAD6DA,0E:8059:0:1:1,00:2141,READ,APUIO,,YES,12C_SSMP_APUIO,ROUTED_FAIL_CLOSED_UNTIL_OWNER
TPHW-72B3B93A801FC1C1D65F,0E:8061:0:1:1,00:2142,READ,APUIO,,YES,12C_SSMP_APUIO,ROUTED_FAIL_CLOSED_UNTIL_OWNER
TPHW-D289D02E12B18EB9107D,0E:806B:0:1:1,00:2140,WRITE,APUIO,,YES,12C_SSMP_APUIO,ROUTED_FAIL_CLOSED_UNTIL_OWNER
TPHW-BBBC972826749DD01444,0E:806F:0:1:1,00:2143,READ,APUIO,,YES,12C_SSMP_APUIO,ROUTED_FAIL_CLOSED_UNTIL_OWNER
TPHW-0DF8CD47E0F91980B02E,0E:8249:0:1:1,00:2142,WRITE,APUIO,,YES,12C_SSMP_APUIO,ROUTED_FAIL_CLOSED_UNTIL_OWNER
TPHW-6A2FBF48B0215DFF2238,0E:825A:0:1:1,00:2140,WRITE,APUIO,,YES,12C_SSMP_APUIO,ROUTED_FAIL_CLOSED_UNTIL_OWNER
TPHW-907294EFCD44D9A11F10,0E:826A:0:1:1,00:2141,READ,APUIO,,YES,12C_SSMP_APUIO,ROUTED_FAIL_CLOSED_UNTIL_OWNER
TPHW-491FBCF085E466C9B832,0E:8270:0:1:1,00:2141,READ,APUIO,,YES,12C_SSMP_APUIO,ROUTED_FAIL_CLOSED_UNTIL_OWNER
TPHW-C9EE87D235D8BE15DCA0,0E:82AC:0:0:0,00:2140,READ,APUIO,,YES,12C_SSMP_APUIO,ROUTED_FAIL_CLOSED_UNTIL_OWNER
TPHW-5B70702DBE5DBA3E5A7D,0E:82AC:0:0:0,00:2141,READ,APUIO,,YES,12C_SSMP_APUIO,ROUTED_FAIL_CLOSED_UNTIL_OWNER
TPHW-8527E2762BF9EEFD1A0B,0E:82C5:0:1:0,00:2140,READ,APUIO,,YES,12C_SSMP_APUIO,ROUTED_FAIL_CLOSED_UNTIL_OWNER
TPHW-1A4FC95D5173CC88AE9C,0E:82CE:0:0:0,00:2140,WRITE,APUIO,,YES,12C_SSMP_APUIO,ROUTED_FAIL_CLOSED_UNTIL_OWNER
TPHW-FFBA86AB5EC88F13E858,0E:82CE:0:0:0,00:2141,WRITE,APUIO,,YES,12C_SSMP_APUIO,ROUTED_FAIL_CLOSED_UNTIL_OWNER
TPHW-06C769F014F854C7E8C2,0E:82D7:0:1:0,00:2140,READ,APUIO,,YES,12C_SSMP_APUIO,ROUTED_FAIL_CLOSED_UNTIL_OWNER
TPHW-60412D40B8D65F0A282A,0E:82ED:0:0:0,00:2142,WRITE,APUIO,,YES,12C_SSMP_APUIO,ROUTED_FAIL_CLOSED_UNTIL_OWNER
TPHW-FD4CE267EAEE274C359B,0E:82ED:0:0:0,00:2143,WRITE,APUIO,,YES,12C_SSMP_APUIO,ROUTED_FAIL_CLOSED_UNTIL_OWNER
TPHW-83AC293EF5133D91E432,0E:82F9:0:1:0,00:2141,WRITE,APUIO,,YES,12C_SSMP_APUIO,ROUTED_FAIL_CLOSED_UNTIL_OWNER
TPHW-95E60FB095C454707359,0E:8300:0:1:0,00:2140,WRITE,APUIO,,YES,12C_SSMP_APUIO,ROUTED_FAIL_CLOSED_UNTIL_OWNER
TPHW-9D902244C053057E1DEF,0E:8309:0:1:0,00:2140,READ,APUIO,,YES,12C_SSMP_APUIO,ROUTED_FAIL_CLOSED_UNTIL_OWNER
