Stable_Id,Families,Context,ROM_Offset,Bytes,Mnemonic,Mode,Access,Instruction_Access_Width,Byte_Event_Index,Register,Address_Proof
TPHW-B29AAEBAA97CEC2E46FB,TP07F509,00:800D:1:1:1,0x00000D,8D0021,STA,ABS,WRITE,1,0,$2100,EXACT_START_PLUS_DBR_OR_LONG_BANK_PLUS_WIDTH_EXPANSION
TPHW-1A1A0799F579AC135E71,TP07F509,00:802F:0:1:1,0x00002F,8D0021,STA,ABS,WRITE,1,0,$2100,EXACT_START_PLUS_DBR_OR_LONG_BANK_PLUS_WIDTH_EXPANSION
TPHW-FD5A5C64BBA35C4CFB77,TP07F509,00:803E:0:1:1,0x00003E,8D0021,STA,ABS,WRITE,1,0,$2100,EXACT_START_PLUS_DBR_OR_LONG_BANK_PLUS_WIDTH_EXPANSION
TPHW-C1C523A071841F153353,TP07F017,00:81D6:0:1:1,0x0001D6,8D0921,STA,ABS,WRITE,1,0,$2109,EXACT_START_PLUS_DBR_OR_LONG_BANK_PLUS_WIDTH_EXPANSION
TPHW-BCAD3B2475221406BC7F,TP07F017,00:81DB:0:1:1,0x0001DB,8D1221,STA,ABS,WRITE,1,0,$2112,EXACT_START_PLUS_DBR_OR_LONG_BANK_PLUS_WIDTH_EXPANSION
TPHW-1631E1197A239A719AC1,TP07F017,00:81E0:0:1:1,0x0001E0,8D1121,STA,ABS,WRITE,1,0,$2111,EXACT_START_PLUS_DBR_OR_LONG_BANK_PLUS_WIDTH_EXPANSION
TPHW-3143D4BEEFA28A3D8DDD,TP07F017,00:81E5:0:1:1,0x0001E5,8D0021,STA,ABS,WRITE,1,0,$2100,EXACT_START_PLUS_DBR_OR_LONG_BANK_PLUS_WIDTH_EXPANSION
TPHW-E0A1FE10A138ACEB2996,TP07F017,00:81EA:0:1:1,0x0001EA,8D1521,STA,ABS,WRITE,1,0,$2115,EXACT_START_PLUS_DBR_OR_LONG_BANK_PLUS_WIDTH_EXPANSION
TPHW-ECDB3323579A864BBC07,TP07F017,00:81ED:0:1:1,0x0001ED,8D1521,STA,ABS,WRITE,1,0,$2115,EXACT_START_PLUS_DBR_OR_LONG_BANK_PLUS_WIDTH_EXPANSION
TPHW-BF1A331260ECA015C607,TP07F510;TP07F511;TP07F512;TP07F513,00:8337:0:1:0,0x000337,8D0F21,STA,ABS,WRITE,1,0,$210F,EXACT_START_PLUS_DBR_OR_LONG_BANK_PLUS_WIDTH_EXPANSION
TPHW-83473087E17D99380E63,TP07F510;TP07F511;TP07F512;TP07F513,00:833A:0:1:0,0x00033A,8D0F21,STA,ABS,WRITE,1,0,$210F,EXACT_START_PLUS_DBR_OR_LONG_BANK_PLUS_WIDTH_EXPANSION
TPHW-1B089EF3805075B72A3B,TP07F510;TP07F511;TP07F512;TP07F513,00:833F:0:1:0,0x00033F,8D1021,STA,ABS,WRITE,1,0,$2110,EXACT_START_PLUS_DBR_OR_LONG_BANK_PLUS_WIDTH_EXPANSION
TPHW-CF5AFE53CAD1AEA765C4,TP07F510;TP07F511;TP07F512;TP07F513,00:8344:0:1:0,0x000344,8D1021,STA,ABS,WRITE,1,0,$2110,EXACT_START_PLUS_DBR_OR_LONG_BANK_PLUS_WIDTH_EXPANSION
TPHW-D33AA9417A2956930290,TP07F510;TP07F511;TP07F512;TP07F513,00:836B:0:1:1,0x00036B,AD3F21,LDA,ABS,READ,1,0,$213F,EXACT_START_PLUS_DBR_OR_LONG_BANK_PLUS_WIDTH_EXPANSION
TPHW-54F9D5F181EEADC187A7,TP07F236,00:83C8:0:1:0,0x0003C8,8D1621,STA,ABS,WRITE,1,0,$2116,EXACT_START_PLUS_DBR_OR_LONG_BANK_PLUS_WIDTH_EXPANSION
TPHW-537035BA382A738DE37C,TP07F236,00:83CD:0:1:0,0x0003CD,8D1721,STA,ABS,WRITE,1,0,$2117,EXACT_START_PLUS_DBR_OR_LONG_BANK_PLUS_WIDTH_EXPANSION
TPHW-15DEF5885D4B5DCE9680,TP07F236,00:83F5:0:1:0,0x0003F5,8D1621,STA,ABS,WRITE,1,0,$2116,EXACT_START_PLUS_DBR_OR_LONG_BANK_PLUS_WIDTH_EXPANSION
TPHW-215A9F9074CC883D7540,TP07F236,00:83FA:0:1:0,0x0003FA,8D1721,STA,ABS,WRITE,1,0,$2117,EXACT_START_PLUS_DBR_OR_LONG_BANK_PLUS_WIDTH_EXPANSION
TPHW-6F07A634283D6FEA2B6C,TP07F256,00:842E:0:1:0,0x00042E,8D1621,STA,ABS,WRITE,1,0,$2116,EXACT_START_PLUS_DBR_OR_LONG_BANK_PLUS_WIDTH_EXPANSION
TPHW-663D2F82CC79D18123E3,TP07F256,00:8433:0:1:0,0x000433,8D1721,STA,ABS,WRITE,1,0,$2117,EXACT_START_PLUS_DBR_OR_LONG_BANK_PLUS_WIDTH_EXPANSION
TPHW-36BFDDD4D6B2FCB0CE77,TP07F256,00:8482:0:1:0,0x000482,8D1621,STA,ABS,WRITE,1,0,$2116,EXACT_START_PLUS_DBR_OR_LONG_BANK_PLUS_WIDTH_EXPANSION
TPHW-C99B36B84D8D83F99673,TP07F256,00:8487:0:1:0,0x000487,8D1721,STA,ABS,WRITE,1,0,$2117,EXACT_START_PLUS_DBR_OR_LONG_BANK_PLUS_WIDTH_EXPANSION
TPHW-B3B1ABBAFD15B07AF968,TP07F215,00:84C1:0:1:0,0x0004C1,8D1621,STA,ABS,WRITE,1,0,$2116,EXACT_START_PLUS_DBR_OR_LONG_BANK_PLUS_WIDTH_EXPANSION
TPHW-CFEF7BC6872ECAEE5CD8,TP07F215,00:84C6:0:1:0,0x0004C6,8D1721,STA,ABS,WRITE,1,0,$2117,EXACT_START_PLUS_DBR_OR_LONG_BANK_PLUS_WIDTH_EXPANSION
TPHW-41452B6BFFA2A2562978,TP07F231,00:84F7:0:1:0,0x0004F7,8D0221,STA,ABS,WRITE,1,0,$2102,EXACT_START_PLUS_DBR_OR_LONG_BANK_PLUS_WIDTH_EXPANSION
TPHW-AD5BF04EDD0A87BB66C5,TP07F231,00:84FC:0:1:0,0x0004FC,8D0321,STA,ABS,WRITE,1,0,$2103,EXACT_START_PLUS_DBR_OR_LONG_BANK_PLUS_WIDTH_EXPANSION
TPHW-9B24FA122FFE05110B96,TP07F231,00:8523:0:1:0,0x000523,8D0221,STA,ABS,WRITE,1,0,$2102,EXACT_START_PLUS_DBR_OR_LONG_BANK_PLUS_WIDTH_EXPANSION
TPHW-77083A02FBA8240AED8E,TP07F231,00:8528:0:1:0,0x000528,8D0321,STA,ABS,WRITE,1,0,$2103,EXACT_START_PLUS_DBR_OR_LONG_BANK_PLUS_WIDTH_EXPANSION
TPHW-656E94014DAD98D75D4A,TP07F146,00:9E5B:0:1:1,0x001E5B,8D1B21,STA,ABS,WRITE,1,0,$211B,EXACT_START_PLUS_DBR_OR_LONG_BANK_PLUS_WIDTH_EXPANSION
TPHW-3D0C1C8B3CCD86781B24,TP07F146,00:9E5F:0:1:1,0x001E5F,8D1B21,STA,ABS,WRITE,1,0,$211B,EXACT_START_PLUS_DBR_OR_LONG_BANK_PLUS_WIDTH_EXPANSION
TPHW-C7F594E60D14D65A21E1,TP07F146,00:9E62:0:1:1,0x001E62,8E1C21,STX,ABS,WRITE,1,0,$211C,EXACT_START_PLUS_DBR_OR_LONG_BANK_PLUS_WIDTH_EXPANSION
TPHW-F1E51A062DAD2A1746B9,TP07F146,00:9E69:0:0:1,0x001E69,AD3421,LDA,ABS,READ,2,0,$2134,EXACT_START_PLUS_DBR_OR_LONG_BANK_PLUS_WIDTH_EXPANSION
TPHW-8626FF737C7044FDD5D7,TP07F146,00:9E69:0:0:1,0x001E69,AD3421,LDA,ABS,READ,2,1,$2135,EXACT_START_PLUS_DBR_OR_LONG_BANK_PLUS_WIDTH_EXPANSION
TPHW-C9828973EB59821C18B5,TP07F146,00:9E6C:0:0:1,0x001E6C,AE3621,LDX,ABS,READ,1,0,$2136,EXACT_START_PLUS_DBR_OR_LONG_BANK_PLUS_WIDTH_EXPANSION
TPHW-854DAD490FD0B867E326,TP07F508,00:A97A:0:1:1,0x00297A,8D1B21,STA,ABS,WRITE,1,0,$211B,EXACT_START_PLUS_DBR_OR_LONG_BANK_PLUS_WIDTH_EXPANSION
TPHW-FB1EE3FD67DA582158DC,TP07F508,00:A97E:0:1:1,0x00297E,8D1B21,STA,ABS,WRITE,1,0,$211B,EXACT_START_PLUS_DBR_OR_LONG_BANK_PLUS_WIDTH_EXPANSION
TPHW-868797DFF66D34010A5F,TP07F508,00:A981:0:1:1,0x002981,8E1C21,STX,ABS,WRITE,1,0,$211C,EXACT_START_PLUS_DBR_OR_LONG_BANK_PLUS_WIDTH_EXPANSION
TPHW-B9EA7CF181AC00D27357,TP07F508,00:A988:0:0:1,0x002988,AD3421,LDA,ABS,READ,2,0,$2134,EXACT_START_PLUS_DBR_OR_LONG_BANK_PLUS_WIDTH_EXPANSION
TPHW-1116FAECCD9ACF63ECEB,TP07F508,00:A988:0:0:1,0x002988,AD3421,LDA,ABS,READ,2,1,$2135,EXACT_START_PLUS_DBR_OR_LONG_BANK_PLUS_WIDTH_EXPANSION
TPHW-85C6BF11B09292DCF353,TP07F508,00:A98B:0:0:1,0x00298B,AE3621,LDX,ABS,READ,1,0,$2136,EXACT_START_PLUS_DBR_OR_LONG_BANK_PLUS_WIDTH_EXPANSION
TPHW-37915316E92ACF6FD155,TP07F201;TP07F202;TP07F203,00:B190:0:1:1,0x003190,8D1B21,STA,ABS,WRITE,1,0,$211B,EXACT_START_PLUS_DBR_OR_LONG_BANK_PLUS_WIDTH_EXPANSION
TPHW-6A2861FC2D2394718D91,TP07F201;TP07F202;TP07F203,00:B194:0:1:1,0x003194,8D1B21,STA,ABS,WRITE,1,0,$211B,EXACT_START_PLUS_DBR_OR_LONG_BANK_PLUS_WIDTH_EXPANSION
TPHW-1B4AE0D7FFC135933248,TP07F201;TP07F202;TP07F203,00:B197:0:1:1,0x003197,8E1C21,STX,ABS,WRITE,1,0,$211C,EXACT_START_PLUS_DBR_OR_LONG_BANK_PLUS_WIDTH_EXPANSION
TPHW-860462D326BBFC2890A0,TP07F201;TP07F202;TP07F203,00:B19E:0:0:1,0x00319E,AD3421,LDA,ABS,READ,2,0,$2134,EXACT_START_PLUS_DBR_OR_LONG_BANK_PLUS_WIDTH_EXPANSION
TPHW-AF8177408560079DDE6A,TP07F201;TP07F202;TP07F203,00:B19E:0:0:1,0x00319E,AD3421,LDA,ABS,READ,2,1,$2135,EXACT_START_PLUS_DBR_OR_LONG_BANK_PLUS_WIDTH_EXPANSION
TPHW-26BB6B89D30A68B8F39B,TP07F201;TP07F202;TP07F203,00:B1A1:0:0:1,0x0031A1,AE3621,LDX,ABS,READ,1,0,$2136,EXACT_START_PLUS_DBR_OR_LONG_BANK_PLUS_WIDTH_EXPANSION
TPHW-3218117AA64F6C3D5D17,TP07F478,00:C68F:0:1:1,0x00468F,8D1B21,STA,ABS,WRITE,1,0,$211B,EXACT_START_PLUS_DBR_OR_LONG_BANK_PLUS_WIDTH_EXPANSION
TPHW-345AB6106D9668C4BB2F,TP07F478,00:C693:0:1:1,0x004693,8D1B21,STA,ABS,WRITE,1,0,$211B,EXACT_START_PLUS_DBR_OR_LONG_BANK_PLUS_WIDTH_EXPANSION
TPHW-8B7254C9F107A3B34F28,TP07F478,00:C696:0:1:1,0x004696,8E1C21,STX,ABS,WRITE,1,0,$211C,EXACT_START_PLUS_DBR_OR_LONG_BANK_PLUS_WIDTH_EXPANSION
TPHW-469AB06E0FBAB2098BFC,TP07F478,00:C69D:0:0:1,0x00469D,AD3421,LDA,ABS,READ,2,0,$2134,EXACT_START_PLUS_DBR_OR_LONG_BANK_PLUS_WIDTH_EXPANSION
TPHW-0F7C4F69779A494EDCE6,TP07F478,00:C69D:0:0:1,0x00469D,AD3421,LDA,ABS,READ,2,1,$2135,EXACT_START_PLUS_DBR_OR_LONG_BANK_PLUS_WIDTH_EXPANSION
TPHW-F87E76505687DBB84DD4,TP07F478,00:C6A0:0:0:1,0x0046A0,AE3621,LDX,ABS,READ,1,0,$2136,EXACT_START_PLUS_DBR_OR_LONG_BANK_PLUS_WIDTH_EXPANSION
TPHW-1508A297EAFF2596319B,TP07F484,00:CFE3:0:1:1,0x004FE3,8D1B21,STA,ABS,WRITE,1,0,$211B,EXACT_START_PLUS_DBR_OR_LONG_BANK_PLUS_WIDTH_EXPANSION
TPHW-E09A73AE416630835FB5,TP07F484,00:CFE7:0:1:1,0x004FE7,8D1B21,STA,ABS,WRITE,1,0,$211B,EXACT_START_PLUS_DBR_OR_LONG_BANK_PLUS_WIDTH_EXPANSION
TPHW-C205B212B4AB1018C7BD,TP07F484,00:CFEA:0:1:1,0x004FEA,8E1C21,STX,ABS,WRITE,1,0,$211C,EXACT_START_PLUS_DBR_OR_LONG_BANK_PLUS_WIDTH_EXPANSION
TPHW-E702669330DA921424BF,TP07F484,00:CFF1:0:0:1,0x004FF1,AD3421,LDA,ABS,READ,2,0,$2134,EXACT_START_PLUS_DBR_OR_LONG_BANK_PLUS_WIDTH_EXPANSION
TPHW-31F6A9A976A7A212615E,TP07F484,00:CFF1:0:0:1,0x004FF1,AD3421,LDA,ABS,READ,2,1,$2135,EXACT_START_PLUS_DBR_OR_LONG_BANK_PLUS_WIDTH_EXPANSION
TPHW-D7AB814AF72C26C5E5E2,TP07F484,00:CFF4:0:0:1,0x004FF4,AE3621,LDX,ABS,READ,1,0,$2136,EXACT_START_PLUS_DBR_OR_LONG_BANK_PLUS_WIDTH_EXPANSION
TPHW-6A0BDF01B16CDF89AC6F,TP07F484,00:D55A:0:1:1,0x00555A,8D1B21,STA,ABS,WRITE,1,0,$211B,EXACT_START_PLUS_DBR_OR_LONG_BANK_PLUS_WIDTH_EXPANSION
TPHW-AC61B4E7B366036FF136,TP07F484,00:D55E:0:1:1,0x00555E,8D1B21,STA,ABS,WRITE,1,0,$211B,EXACT_START_PLUS_DBR_OR_LONG_BANK_PLUS_WIDTH_EXPANSION
TPHW-562DD47AC720F01D228D,TP07F484,00:D561:0:1:1,0x005561,8E1C21,STX,ABS,WRITE,1,0,$211C,EXACT_START_PLUS_DBR_OR_LONG_BANK_PLUS_WIDTH_EXPANSION
TPHW-32A728635D2F4B9937AB,TP07F484,00:D568:0:0:1,0x005568,AD3421,LDA,ABS,READ,2,0,$2134,EXACT_START_PLUS_DBR_OR_LONG_BANK_PLUS_WIDTH_EXPANSION
TPHW-E53B33E0D06FEF00BE1F,TP07F484,00:D568:0:0:1,0x005568,AD3421,LDA,ABS,READ,2,1,$2135,EXACT_START_PLUS_DBR_OR_LONG_BANK_PLUS_WIDTH_EXPANSION
TPHW-2C658B6ABF5A604AD41D,TP07F484,00:D56B:0:0:1,0x00556B,AE3621,LDX,ABS,READ,1,0,$2136,EXACT_START_PLUS_DBR_OR_LONG_BANK_PLUS_WIDTH_EXPANSION
TPHW-AF2BC17B77734BFB8E79,TP07F484,00:D93B:0:1:1,0x00593B,8D1B21,STA,ABS,WRITE,1,0,$211B,EXACT_START_PLUS_DBR_OR_LONG_BANK_PLUS_WIDTH_EXPANSION
TPHW-1E526AEC493347832649,TP07F484,00:D93F:0:1:1,0x00593F,8D1B21,STA,ABS,WRITE,1,0,$211B,EXACT_START_PLUS_DBR_OR_LONG_BANK_PLUS_WIDTH_EXPANSION
TPHW-34F3B09DF6883B60773F,TP07F484,00:D942:0:1:1,0x005942,8E1C21,STX,ABS,WRITE,1,0,$211C,EXACT_START_PLUS_DBR_OR_LONG_BANK_PLUS_WIDTH_EXPANSION
TPHW-1AF68F01108A67A9AFD9,TP07F484,00:D949:0:0:1,0x005949,AD3421,LDA,ABS,READ,2,0,$2134,EXACT_START_PLUS_DBR_OR_LONG_BANK_PLUS_WIDTH_EXPANSION
TPHW-7046AE95A82E26A48783,TP07F484,00:D949:0:0:1,0x005949,AD3421,LDA,ABS,READ,2,1,$2135,EXACT_START_PLUS_DBR_OR_LONG_BANK_PLUS_WIDTH_EXPANSION
TPHW-1424F3BEC036C15B40DA,TP07F484,00:D94C:0:0:1,0x00594C,AE3621,LDX,ABS,READ,1,0,$2136,EXACT_START_PLUS_DBR_OR_LONG_BANK_PLUS_WIDTH_EXPANSION
TPHW-0C844887258864F412EA,TP07F468,00:DDEF:0:1:1,0x005DEF,8D1B21,STA,ABS,WRITE,1,0,$211B,EXACT_START_PLUS_DBR_OR_LONG_BANK_PLUS_WIDTH_EXPANSION
TPHW-263A2CD2B2AD818495CD,TP07F468,00:DDF3:0:1:1,0x005DF3,8D1B21,STA,ABS,WRITE,1,0,$211B,EXACT_START_PLUS_DBR_OR_LONG_BANK_PLUS_WIDTH_EXPANSION
TPHW-4ED6A37E555AF40B3B90,TP07F468,00:DDF6:0:1:1,0x005DF6,8E1C21,STX,ABS,WRITE,1,0,$211C,EXACT_START_PLUS_DBR_OR_LONG_BANK_PLUS_WIDTH_EXPANSION
TPHW-420ABBCF9A50B95E8691,TP07F468,00:DDFD:0:0:1,0x005DFD,AD3421,LDA,ABS,READ,2,0,$2134,EXACT_START_PLUS_DBR_OR_LONG_BANK_PLUS_WIDTH_EXPANSION
TPHW-676114FA094FAF183F74,TP07F468,00:DDFD:0:0:1,0x005DFD,AD3421,LDA,ABS,READ,2,1,$2135,EXACT_START_PLUS_DBR_OR_LONG_BANK_PLUS_WIDTH_EXPANSION
TPHW-1DFF2021AF86FE58BE05,TP07F468,00:DE00:0:0:1,0x005E00,AE3621,LDX,ABS,READ,1,0,$2136,EXACT_START_PLUS_DBR_OR_LONG_BANK_PLUS_WIDTH_EXPANSION
TPHW-ADF48B462DE0D94BA168,TP07F468,00:E2F3:0:1:1,0x0062F3,8D1B21,STA,ABS,WRITE,1,0,$211B,EXACT_START_PLUS_DBR_OR_LONG_BANK_PLUS_WIDTH_EXPANSION
TPHW-0F603AF44174DE49A39C,TP07F468,00:E2F7:0:1:1,0x0062F7,8D1B21,STA,ABS,WRITE,1,0,$211B,EXACT_START_PLUS_DBR_OR_LONG_BANK_PLUS_WIDTH_EXPANSION
TPHW-C48C79D5C9987C7E69B8,TP07F468,00:E2FA:0:1:1,0x0062FA,8E1C21,STX,ABS,WRITE,1,0,$211C,EXACT_START_PLUS_DBR_OR_LONG_BANK_PLUS_WIDTH_EXPANSION
TPHW-5740197BE3B2931E7587,TP07F468,00:E301:0:0:1,0x006301,AD3421,LDA,ABS,READ,2,0,$2134,EXACT_START_PLUS_DBR_OR_LONG_BANK_PLUS_WIDTH_EXPANSION
TPHW-7AA4AE24CE83E0EF0343,TP07F468,00:E301:0:0:1,0x006301,AD3421,LDA,ABS,READ,2,1,$2135,EXACT_START_PLUS_DBR_OR_LONG_BANK_PLUS_WIDTH_EXPANSION
TPHW-CFFD2637357D7D44F844,TP07F468,00:E304:0:0:1,0x006304,AE3621,LDX,ABS,READ,1,0,$2136,EXACT_START_PLUS_DBR_OR_LONG_BANK_PLUS_WIDTH_EXPANSION
TPHW-85BC035044F817795225,TP07F445,00:EB3A:0:1:1,0x006B3A,8D1B21,STA,ABS,WRITE,1,0,$211B,EXACT_START_PLUS_DBR_OR_LONG_BANK_PLUS_WIDTH_EXPANSION
TPHW-03A99AE8A56A2C559C97,TP07F445,00:EB3E:0:1:1,0x006B3E,8D1B21,STA,ABS,WRITE,1,0,$211B,EXACT_START_PLUS_DBR_OR_LONG_BANK_PLUS_WIDTH_EXPANSION
TPHW-FB67081C31D0BEFFFB85,TP07F445,00:EB41:0:1:1,0x006B41,8E1C21,STX,ABS,WRITE,1,0,$211C,EXACT_START_PLUS_DBR_OR_LONG_BANK_PLUS_WIDTH_EXPANSION
TPHW-A9FD36EAE52FD7563774,TP07F445,00:EB48:0:0:1,0x006B48,AD3421,LDA,ABS,READ,2,0,$2134,EXACT_START_PLUS_DBR_OR_LONG_BANK_PLUS_WIDTH_EXPANSION
TPHW-2AECAA3B88D3FF757DE8,TP07F445,00:EB48:0:0:1,0x006B48,AD3421,LDA,ABS,READ,2,1,$2135,EXACT_START_PLUS_DBR_OR_LONG_BANK_PLUS_WIDTH_EXPANSION
TPHW-D046F722D07D37B3F80B,TP07F445,00:EB4B:0:0:1,0x006B4B,AE3621,LDX,ABS,READ,1,0,$2136,EXACT_START_PLUS_DBR_OR_LONG_BANK_PLUS_WIDTH_EXPANSION
TPHW-83CEEED1C9A2416C7403,TP07F335,00:ED5E:0:1:1,0x006D5E,8D1B21,STA,ABS,WRITE,1,0,$211B,EXACT_START_PLUS_DBR_OR_LONG_BANK_PLUS_WIDTH_EXPANSION
TPHW-AACA75578AB858B05596,TP07F335,00:ED62:0:1:1,0x006D62,8D1B21,STA,ABS,WRITE,1,0,$211B,EXACT_START_PLUS_DBR_OR_LONG_BANK_PLUS_WIDTH_EXPANSION
TPHW-0E70B09BEAF078F7B31A,TP07F335,00:ED65:0:1:1,0x006D65,8E1C21,STX,ABS,WRITE,1,0,$211C,EXACT_START_PLUS_DBR_OR_LONG_BANK_PLUS_WIDTH_EXPANSION
TPHW-27C65F1B805F2AEA5BCC,TP07F335,00:ED6C:0:0:1,0x006D6C,AD3421,LDA,ABS,READ,2,0,$2134,EXACT_START_PLUS_DBR_OR_LONG_BANK_PLUS_WIDTH_EXPANSION
TPHW-305D3B6838118FD59727,TP07F335,00:ED6C:0:0:1,0x006D6C,AD3421,LDA,ABS,READ,2,1,$2135,EXACT_START_PLUS_DBR_OR_LONG_BANK_PLUS_WIDTH_EXPANSION
TPHW-AFB3481F0F76ABE1E2C6,TP07F335,00:ED6F:0:0:1,0x006D6F,AE3621,LDX,ABS,READ,1,0,$2136,EXACT_START_PLUS_DBR_OR_LONG_BANK_PLUS_WIDTH_EXPANSION
TPHW-006BA561B184885A1F99,TP07F335,00:EDEE:0:1:1,0x006DEE,8D1B21,STA,ABS,WRITE,1,0,$211B,EXACT_START_PLUS_DBR_OR_LONG_BANK_PLUS_WIDTH_EXPANSION
TPHW-995E2D63F54B5BDD5A40,TP07F335,00:EDF2:0:1:1,0x006DF2,8D1B21,STA,ABS,WRITE,1,0,$211B,EXACT_START_PLUS_DBR_OR_LONG_BANK_PLUS_WIDTH_EXPANSION
TPHW-7E8C950419FE6A513C34,TP07F335,00:EDF5:0:1:1,0x006DF5,8E1C21,STX,ABS,WRITE,1,0,$211C,EXACT_START_PLUS_DBR_OR_LONG_BANK_PLUS_WIDTH_EXPANSION
TPHW-89966AE8567F2493050E,TP07F335,00:EDFC:0:0:1,0x006DFC,AD3421,LDA,ABS,READ,2,0,$2134,EXACT_START_PLUS_DBR_OR_LONG_BANK_PLUS_WIDTH_EXPANSION
TPHW-EE71DADE68428C84EE54,TP07F335,00:EDFC:0:0:1,0x006DFC,AD3421,LDA,ABS,READ,2,1,$2135,EXACT_START_PLUS_DBR_OR_LONG_BANK_PLUS_WIDTH_EXPANSION
TPHW-7C427EA6EE558895862E,TP07F335,00:EDFF:0:0:1,0x006DFF,AE3621,LDX,ABS,READ,1,0,$2136,EXACT_START_PLUS_DBR_OR_LONG_BANK_PLUS_WIDTH_EXPANSION
TPHW-DFCD4D7B1314D1BE1CB2,TP07F483,00:EEF3:0:1:1,0x006EF3,8D1B21,STA,ABS,WRITE,1,0,$211B,EXACT_START_PLUS_DBR_OR_LONG_BANK_PLUS_WIDTH_EXPANSION
TPHW-8310C6166EFC39988FFE,TP07F483,00:EEF7:0:1:1,0x006EF7,8D1B21,STA,ABS,WRITE,1,0,$211B,EXACT_START_PLUS_DBR_OR_LONG_BANK_PLUS_WIDTH_EXPANSION
TPHW-2A3E9D1FB066D352998F,TP07F483,00:EEFA:0:1:1,0x006EFA,8E1C21,STX,ABS,WRITE,1,0,$211C,EXACT_START_PLUS_DBR_OR_LONG_BANK_PLUS_WIDTH_EXPANSION
TPHW-6AC000D9928FFA86727E,TP07F483,00:EF01:0:0:1,0x006F01,AD3421,LDA,ABS,READ,2,0,$2134,EXACT_START_PLUS_DBR_OR_LONG_BANK_PLUS_WIDTH_EXPANSION
TPHW-1721BE2223C49243D6D4,TP07F483,00:EF01:0:0:1,0x006F01,AD3421,LDA,ABS,READ,2,1,$2135,EXACT_START_PLUS_DBR_OR_LONG_BANK_PLUS_WIDTH_EXPANSION
TPHW-08F0B27672FA518679B3,TP07F483,00:EF04:0:0:1,0x006F04,AE3621,LDX,ABS,READ,1,0,$2136,EXACT_START_PLUS_DBR_OR_LONG_BANK_PLUS_WIDTH_EXPANSION
TPHW-E4D18ABE66920AFE0918,TP07F423,00:FBFE:0:1:1,0x007BFE,8D1B21,STA,ABS,WRITE,1,0,$211B,EXACT_START_PLUS_DBR_OR_LONG_BANK_PLUS_WIDTH_EXPANSION
TPHW-C251B7166F3756016CB7,TP07F423,00:FC02:0:1:1,0x007C02,8D1B21,STA,ABS,WRITE,1,0,$211B,EXACT_START_PLUS_DBR_OR_LONG_BANK_PLUS_WIDTH_EXPANSION
TPHW-AB5B7FA7FE34470D8E8C,TP07F423,00:FC05:0:1:1,0x007C05,8E1C21,STX,ABS,WRITE,1,0,$211C,EXACT_START_PLUS_DBR_OR_LONG_BANK_PLUS_WIDTH_EXPANSION
TPHW-EA1E095902910872EFDE,TP07F423,00:FC0C:0:0:1,0x007C0C,AD3421,LDA,ABS,READ,2,0,$2134,EXACT_START_PLUS_DBR_OR_LONG_BANK_PLUS_WIDTH_EXPANSION
TPHW-354ACE230CD04824C156,TP07F423,00:FC0C:0:0:1,0x007C0C,AD3421,LDA,ABS,READ,2,1,$2135,EXACT_START_PLUS_DBR_OR_LONG_BANK_PLUS_WIDTH_EXPANSION
TPHW-B0EAD6763BF30EBDD6C5,TP07F423,00:FC0F:0:0:1,0x007C0F,AE3621,LDX,ABS,READ,1,0,$2136,EXACT_START_PLUS_DBR_OR_LONG_BANK_PLUS_WIDTH_EXPANSION
TPHW-B5CD433C96FE25ABECED,TP07F401;TP07F402,01:E118:0:1:1,0x00E118,8D2C21,STA,ABS,WRITE,1,0,$212C,EXACT_START_PLUS_DBR_OR_LONG_BANK_PLUS_WIDTH_EXPANSION
TPHW-0407BCFF75A35A123B34,TP07F401;TP07F402,01:E13E:0:1:1,0x00E13E,8D2C21,STA,ABS,WRITE,1,0,$212C,EXACT_START_PLUS_DBR_OR_LONG_BANK_PLUS_WIDTH_EXPANSION
TPHW-CDEC285F3B36E927A996,TP07F400,01:E2A0:0:1:1,0x00E2A0,8D2C21,STA,ABS,WRITE,1,0,$212C,EXACT_START_PLUS_DBR_OR_LONG_BANK_PLUS_WIDTH_EXPANSION
TPHW-8BEDE89C55CE7DB48515,TP07F322,01:E994:0:1:1,0x00E994,8D2C21,STA,ABS,WRITE,1,0,$212C,EXACT_START_PLUS_DBR_OR_LONG_BANK_PLUS_WIDTH_EXPANSION
TPHW-E27E697B21B973CCC9AE,TP07F322,01:EA99:0:1:1,0x00EA99,8D2C21,STA,ABS,WRITE,1,0,$212C,EXACT_START_PLUS_DBR_OR_LONG_BANK_PLUS_WIDTH_EXPANSION
TPHW-C0A2F51B6D62E2AAD8BC,TP07F403,01:F25D:0:1:1,0x00F25D,8D2C21,STA,ABS,WRITE,1,0,$212C,EXACT_START_PLUS_DBR_OR_LONG_BANK_PLUS_WIDTH_EXPANSION
TPHW-F2AEDB7C3D685E1C9C39,TP07F403,01:F290:0:1:1,0x00F290,8D2C21,STA,ABS,WRITE,1,0,$212C,EXACT_START_PLUS_DBR_OR_LONG_BANK_PLUS_WIDTH_EXPANSION
TPHW-B8529B2C2804E2DDB8B9,TP07F001,04:8004:0:1:1,0x020004,8D0021,STA,ABS,WRITE,1,0,$2100,EXACT_START_PLUS_DBR_OR_LONG_BANK_PLUS_WIDTH_EXPANSION
TPHW-9DAFD62CDEE7A1DED2CB,TP07F437,04:8E11:0:1:1,0x020E11,8D1B21,STA,ABS,WRITE,1,0,$211B,EXACT_START_PLUS_DBR_OR_LONG_BANK_PLUS_WIDTH_EXPANSION
TPHW-87D883C389F10CC85028,TP07F437,04:8E15:0:1:1,0x020E15,8D1B21,STA,ABS,WRITE,1,0,$211B,EXACT_START_PLUS_DBR_OR_LONG_BANK_PLUS_WIDTH_EXPANSION
TPHW-DA7B608103D4473F779A,TP07F437,04:8E18:0:1:1,0x020E18,8E1C21,STX,ABS,WRITE,1,0,$211C,EXACT_START_PLUS_DBR_OR_LONG_BANK_PLUS_WIDTH_EXPANSION
TPHW-CF95A9278AF7802F3ACF,TP07F437,04:8E1F:0:0:1,0x020E1F,AD3421,LDA,ABS,READ,2,0,$2134,EXACT_START_PLUS_DBR_OR_LONG_BANK_PLUS_WIDTH_EXPANSION
TPHW-13446FDE8C675A1C15BC,TP07F437,04:8E1F:0:0:1,0x020E1F,AD3421,LDA,ABS,READ,2,1,$2135,EXACT_START_PLUS_DBR_OR_LONG_BANK_PLUS_WIDTH_EXPANSION
TPHW-F47EE1F11036EFA68618,TP07F437,04:8E22:0:0:1,0x020E22,AE3621,LDX,ABS,READ,1,0,$2136,EXACT_START_PLUS_DBR_OR_LONG_BANK_PLUS_WIDTH_EXPANSION
TPHW-2E5C450279404A24D99D,TP07F457,04:9081:0:1:1,0x021081,8D1B21,STA,ABS,WRITE,1,0,$211B,EXACT_START_PLUS_DBR_OR_LONG_BANK_PLUS_WIDTH_EXPANSION
TPHW-FBCCBF90847D3D02BF1B,TP07F457,04:9085:0:1:1,0x021085,8D1B21,STA,ABS,WRITE,1,0,$211B,EXACT_START_PLUS_DBR_OR_LONG_BANK_PLUS_WIDTH_EXPANSION
TPHW-E624BC380E78153AB103,TP07F457,04:9088:0:1:1,0x021088,8E1C21,STX,ABS,WRITE,1,0,$211C,EXACT_START_PLUS_DBR_OR_LONG_BANK_PLUS_WIDTH_EXPANSION
TPHW-E9F773C87E8621142F19,TP07F457,04:908F:0:0:1,0x02108F,AD3421,LDA,ABS,READ,2,0,$2134,EXACT_START_PLUS_DBR_OR_LONG_BANK_PLUS_WIDTH_EXPANSION
TPHW-1023095318661771BA63,TP07F457,04:908F:0:0:1,0x02108F,AD3421,LDA,ABS,READ,2,1,$2135,EXACT_START_PLUS_DBR_OR_LONG_BANK_PLUS_WIDTH_EXPANSION
TPHW-49548894C37342875F6A,TP07F457,04:9092:0:0:1,0x021092,AE3621,LDX,ABS,READ,1,0,$2136,EXACT_START_PLUS_DBR_OR_LONG_BANK_PLUS_WIDTH_EXPANSION
TPHW-DFACFF69202573E7C2EF,TP07F459,04:94F5:0:1:1,0x0214F5,8D1B21,STA,ABS,WRITE,1,0,$211B,EXACT_START_PLUS_DBR_OR_LONG_BANK_PLUS_WIDTH_EXPANSION
TPHW-B0896AC9927D14C8DE6E,TP07F459,04:94F9:0:1:1,0x0214F9,8D1B21,STA,ABS,WRITE,1,0,$211B,EXACT_START_PLUS_DBR_OR_LONG_BANK_PLUS_WIDTH_EXPANSION
TPHW-FA6C75B7E31708F59B5E,TP07F459,04:94FC:0:1:1,0x0214FC,8E1C21,STX,ABS,WRITE,1,0,$211C,EXACT_START_PLUS_DBR_OR_LONG_BANK_PLUS_WIDTH_EXPANSION
TPHW-5BD1A1AE3829AB3E67C2,TP07F459,04:9503:0:0:1,0x021503,AD3421,LDA,ABS,READ,2,0,$2134,EXACT_START_PLUS_DBR_OR_LONG_BANK_PLUS_WIDTH_EXPANSION
TPHW-7F8D4D279CBD6AB7FD02,TP07F459,04:9503:0:0:1,0x021503,AD3421,LDA,ABS,READ,2,1,$2135,EXACT_START_PLUS_DBR_OR_LONG_BANK_PLUS_WIDTH_EXPANSION
TPHW-59C3E177976C965C071E,TP07F459,04:9506:0:0:1,0x021506,AE3621,LDX,ABS,READ,1,0,$2136,EXACT_START_PLUS_DBR_OR_LONG_BANK_PLUS_WIDTH_EXPANSION
TPHW-E130D13D3108055F2E62,TP07F392,04:D97B:0:1:0,0x02597B,8D1621,STA,ABS,WRITE,1,0,$2116,EXACT_START_PLUS_DBR_OR_LONG_BANK_PLUS_WIDTH_EXPANSION
TPHW-65C6DEF515F694D4420D,TP07F392,04:D981:0:1:0,0x025981,8D1721,STA,ABS,WRITE,1,0,$2117,EXACT_START_PLUS_DBR_OR_LONG_BANK_PLUS_WIDTH_EXPANSION
TPHW-52474BC34D90605308DB,TP07F392,04:D9D0:0:1:0,0x0259D0,8D1621,STA,ABS,WRITE,1,0,$2116,EXACT_START_PLUS_DBR_OR_LONG_BANK_PLUS_WIDTH_EXPANSION
TPHW-118604D87308F95EE72C,TP07F392,04:D9D6:0:1:0,0x0259D6,8D1721,STA,ABS,WRITE,1,0,$2117,EXACT_START_PLUS_DBR_OR_LONG_BANK_PLUS_WIDTH_EXPANSION
TPHW-940246C99692B720227D,TP07F392,04:DA1F:0:1:0,0x025A1F,8D1621,STA,ABS,WRITE,1,0,$2116,EXACT_START_PLUS_DBR_OR_LONG_BANK_PLUS_WIDTH_EXPANSION
TPHW-B8954078785A0D9B0A4F,TP07F392,04:DA25:0:1:0,0x025A25,8D1721,STA,ABS,WRITE,1,0,$2117,EXACT_START_PLUS_DBR_OR_LONG_BANK_PLUS_WIDTH_EXPANSION
TPHW-AAD2B9718F396EC80516,TP07F392,04:DA6E:0:1:0,0x025A6E,8D1621,STA,ABS,WRITE,1,0,$2116,EXACT_START_PLUS_DBR_OR_LONG_BANK_PLUS_WIDTH_EXPANSION
TPHW-5D374A3F43F6B44C1815,TP07F392,04:DA74:0:1:0,0x025A74,8D1721,STA,ABS,WRITE,1,0,$2117,EXACT_START_PLUS_DBR_OR_LONG_BANK_PLUS_WIDTH_EXPANSION
TPHW-2C244EFD2CB7013CB880,TP07F392,04:DABD:0:1:0,0x025ABD,8D1621,STA,ABS,WRITE,1,0,$2116,EXACT_START_PLUS_DBR_OR_LONG_BANK_PLUS_WIDTH_EXPANSION
TPHW-977F31388D3D3897830E,TP07F392,04:DAC3:0:1:0,0x025AC3,8D1721,STA,ABS,WRITE,1,0,$2117,EXACT_START_PLUS_DBR_OR_LONG_BANK_PLUS_WIDTH_EXPANSION
TPHW-0944045970D43F828244,TP07F392,04:DB0C:0:1:0,0x025B0C,8D1621,STA,ABS,WRITE,1,0,$2116,EXACT_START_PLUS_DBR_OR_LONG_BANK_PLUS_WIDTH_EXPANSION
TPHW-14D5373D0666148A3DE3,TP07F392,04:DB12:0:1:0,0x025B12,8D1721,STA,ABS,WRITE,1,0,$2117,EXACT_START_PLUS_DBR_OR_LONG_BANK_PLUS_WIDTH_EXPANSION
TPHW-4509E96C605F0DB751EC,TP07F392,04:DB64:0:1:0,0x025B64,8D1621,STA,ABS,WRITE,1,0,$2116,EXACT_START_PLUS_DBR_OR_LONG_BANK_PLUS_WIDTH_EXPANSION
TPHW-0A8DB1707972307863CF,TP07F392,04:DB6A:0:1:0,0x025B6A,8D1721,STA,ABS,WRITE,1,0,$2117,EXACT_START_PLUS_DBR_OR_LONG_BANK_PLUS_WIDTH_EXPANSION
TPHW-30E3ECC61BB964C44132,TP07F392,04:DBB3:0:1:0,0x025BB3,8D1621,STA,ABS,WRITE,1,0,$2116,EXACT_START_PLUS_DBR_OR_LONG_BANK_PLUS_WIDTH_EXPANSION
TPHW-5752FA991CBA9BC466D9,TP07F392,04:DBB9:0:1:0,0x025BB9,8D1721,STA,ABS,WRITE,1,0,$2117,EXACT_START_PLUS_DBR_OR_LONG_BANK_PLUS_WIDTH_EXPANSION
TPHW-2E41396A222387305216,TP07F392,04:DC02:0:1:0,0x025C02,8D1621,STA,ABS,WRITE,1,0,$2116,EXACT_START_PLUS_DBR_OR_LONG_BANK_PLUS_WIDTH_EXPANSION
TPHW-39F099E234B0BB169A87,TP07F392,04:DC08:0:1:0,0x025C08,8D1721,STA,ABS,WRITE,1,0,$2117,EXACT_START_PLUS_DBR_OR_LONG_BANK_PLUS_WIDTH_EXPANSION
TPHW-DB895D964F408BFB8443,TP07F392,04:DC51:0:1:0,0x025C51,8D1621,STA,ABS,WRITE,1,0,$2116,EXACT_START_PLUS_DBR_OR_LONG_BANK_PLUS_WIDTH_EXPANSION
TPHW-0C51257E69B2ECFC0336,TP07F392,04:DC57:0:1:0,0x025C57,8D1721,STA,ABS,WRITE,1,0,$2117,EXACT_START_PLUS_DBR_OR_LONG_BANK_PLUS_WIDTH_EXPANSION
TPHW-B27675881F6461865DB3,TP07F392,04:DCA9:0:1:0,0x025CA9,8D1621,STA,ABS,WRITE,1,0,$2116,EXACT_START_PLUS_DBR_OR_LONG_BANK_PLUS_WIDTH_EXPANSION
TPHW-FA8AAA7F4A49BE309588,TP07F392,04:DCAF:0:1:0,0x025CAF,8D1721,STA,ABS,WRITE,1,0,$2117,EXACT_START_PLUS_DBR_OR_LONG_BANK_PLUS_WIDTH_EXPANSION
TPHW-C4D16A926DE05E34EF7F,TP07F392,04:DCF8:0:1:0,0x025CF8,8D1621,STA,ABS,WRITE,1,0,$2116,EXACT_START_PLUS_DBR_OR_LONG_BANK_PLUS_WIDTH_EXPANSION
TPHW-C671A7701528CA81E70B,TP07F392,04:DCFE:0:1:0,0x025CFE,8D1721,STA,ABS,WRITE,1,0,$2117,EXACT_START_PLUS_DBR_OR_LONG_BANK_PLUS_WIDTH_EXPANSION
TPHW-75D65404B74BD7551310,TP07F392,04:DD50:0:1:0,0x025D50,8D1621,STA,ABS,WRITE,1,0,$2116,EXACT_START_PLUS_DBR_OR_LONG_BANK_PLUS_WIDTH_EXPANSION
TPHW-338535F7F5DEB713D6D7,TP07F392,04:DD56:0:1:0,0x025D56,8D1721,STA,ABS,WRITE,1,0,$2117,EXACT_START_PLUS_DBR_OR_LONG_BANK_PLUS_WIDTH_EXPANSION
TPHW-873E4570C025881944DB,TP07F439;TP07F440,04:EEBD:0:1:1,0x026EBD,8D1B21,STA,ABS,WRITE,1,0,$211B,EXACT_START_PLUS_DBR_OR_LONG_BANK_PLUS_WIDTH_EXPANSION
TPHW-9C9A0E747A16A3085D9B,TP07F439;TP07F440,04:EEC1:0:1:1,0x026EC1,8D1B21,STA,ABS,WRITE,1,0,$211B,EXACT_START_PLUS_DBR_OR_LONG_BANK_PLUS_WIDTH_EXPANSION
TPHW-BC1F537230C38C0E604D,TP07F439;TP07F440,04:EEC4:0:1:1,0x026EC4,8E1C21,STX,ABS,WRITE,1,0,$211C,EXACT_START_PLUS_DBR_OR_LONG_BANK_PLUS_WIDTH_EXPANSION
TPHW-8245D1F65DD3069C89A6,TP07F439;TP07F440,04:EECB:0:0:1,0x026ECB,AD3421,LDA,ABS,READ,2,0,$2134,EXACT_START_PLUS_DBR_OR_LONG_BANK_PLUS_WIDTH_EXPANSION
TPHW-80D540404D3FE8D33DB3,TP07F439;TP07F440,04:EECB:0:0:1,0x026ECB,AD3421,LDA,ABS,READ,2,1,$2135,EXACT_START_PLUS_DBR_OR_LONG_BANK_PLUS_WIDTH_EXPANSION
TPHW-9D9294D66B5D26D7A034,TP07F439;TP07F440,04:EECE:0:0:1,0x026ECE,AE3621,LDX,ABS,READ,1,0,$2136,EXACT_START_PLUS_DBR_OR_LONG_BANK_PLUS_WIDTH_EXPANSION
TPHW-64A78F2CA1C290EC8E29,TP07F354,05:876B:0:1:1,0x02876B,8D1B21,STA,ABS,WRITE,1,0,$211B,EXACT_START_PLUS_DBR_OR_LONG_BANK_PLUS_WIDTH_EXPANSION
TPHW-A78C2D796FAEBED8A85E,TP07F354,05:876F:0:1:1,0x02876F,8D1B21,STA,ABS,WRITE,1,0,$211B,EXACT_START_PLUS_DBR_OR_LONG_BANK_PLUS_WIDTH_EXPANSION
TPHW-5D9BAA15F27A4CAB04E9,TP07F354,05:8772:0:1:1,0x028772,8E1C21,STX,ABS,WRITE,1,0,$211C,EXACT_START_PLUS_DBR_OR_LONG_BANK_PLUS_WIDTH_EXPANSION
TPHW-96EA07AA237F2B4773DF,TP07F354,05:8779:0:0:1,0x028779,AD3421,LDA,ABS,READ,2,0,$2134,EXACT_START_PLUS_DBR_OR_LONG_BANK_PLUS_WIDTH_EXPANSION
TPHW-4218FD95A06B835DB17F,TP07F354,05:8779:0:0:1,0x028779,AD3421,LDA,ABS,READ,2,1,$2135,EXACT_START_PLUS_DBR_OR_LONG_BANK_PLUS_WIDTH_EXPANSION
TPHW-BFDCB38D59DB8B2AFBE3,TP07F354,05:877C:0:0:1,0x02877C,AE3621,LDX,ABS,READ,1,0,$2136,EXACT_START_PLUS_DBR_OR_LONG_BANK_PLUS_WIDTH_EXPANSION
TPHW-F1DFC5EFE63FDB7C1370,TP07F328,06:BA54:0:1:0,0x033A54,8D1621,STA,ABS,WRITE,1,0,$2116,EXACT_START_PLUS_DBR_OR_LONG_BANK_PLUS_WIDTH_EXPANSION
TPHW-CC575358B07DBB969AEC,TP07F328,06:BA5A:0:1:0,0x033A5A,8D1721,STA,ABS,WRITE,1,0,$2117,EXACT_START_PLUS_DBR_OR_LONG_BANK_PLUS_WIDTH_EXPANSION
TPHW-F68D8CD2622AFE6B7C5A,TP07F328,06:BA9A:0:1:0,0x033A9A,8D1621,STA,ABS,WRITE,1,0,$2116,EXACT_START_PLUS_DBR_OR_LONG_BANK_PLUS_WIDTH_EXPANSION
TPHW-0ED9DC6BC69B2B52FA6F,TP07F328,06:BAA0:0:1:0,0x033AA0,8D1721,STA,ABS,WRITE,1,0,$2117,EXACT_START_PLUS_DBR_OR_LONG_BANK_PLUS_WIDTH_EXPANSION
TPHW-31547F8EC9678249152D,TP07F328,06:BAE3:0:1:0,0x033AE3,8D1621,STA,ABS,WRITE,1,0,$2116,EXACT_START_PLUS_DBR_OR_LONG_BANK_PLUS_WIDTH_EXPANSION
TPHW-17E0147216A176FEC23F,TP07F328,06:BAE9:0:1:0,0x033AE9,8D1721,STA,ABS,WRITE,1,0,$2117,EXACT_START_PLUS_DBR_OR_LONG_BANK_PLUS_WIDTH_EXPANSION
TPHW-3D694823AFE5963FFF58,TP07F328,06:BB2C:0:1:0,0x033B2C,8D1621,STA,ABS,WRITE,1,0,$2116,EXACT_START_PLUS_DBR_OR_LONG_BANK_PLUS_WIDTH_EXPANSION
TPHW-07C0CDBE6020E29EA19F,TP07F328,06:BB32:0:1:0,0x033B32,8D1721,STA,ABS,WRITE,1,0,$2117,EXACT_START_PLUS_DBR_OR_LONG_BANK_PLUS_WIDTH_EXPANSION
TPHW-9E34DF6B8A4627DE74DE,TP07F328,06:BB75:0:1:0,0x033B75,8D1621,STA,ABS,WRITE,1,0,$2116,EXACT_START_PLUS_DBR_OR_LONG_BANK_PLUS_WIDTH_EXPANSION
TPHW-1FE56106A1614257E2A1,TP07F328,06:BB7B:0:1:0,0x033B7B,8D1721,STA,ABS,WRITE,1,0,$2117,EXACT_START_PLUS_DBR_OR_LONG_BANK_PLUS_WIDTH_EXPANSION
TPHW-0B9CC7363C4C4290997A,TP07F119;TP07F120,06:BF7E:0:1:1,0x033F7E,8D1B21,STA,ABS,WRITE,1,0,$211B,EXACT_START_PLUS_DBR_OR_LONG_BANK_PLUS_WIDTH_EXPANSION
TPHW-0E4B926C688961D8947F,TP07F119;TP07F120,06:BF82:0:1:1,0x033F82,8D1B21,STA,ABS,WRITE,1,0,$211B,EXACT_START_PLUS_DBR_OR_LONG_BANK_PLUS_WIDTH_EXPANSION
TPHW-C75DD0FA377F60D030FC,TP07F119;TP07F120,06:BF85:0:1:1,0x033F85,8E1C21,STX,ABS,WRITE,1,0,$211C,EXACT_START_PLUS_DBR_OR_LONG_BANK_PLUS_WIDTH_EXPANSION
TPHW-EF3D600D185D346D09F2,TP07F119;TP07F120,06:BF8C:0:0:1,0x033F8C,AD3421,LDA,ABS,READ,2,0,$2134,EXACT_START_PLUS_DBR_OR_LONG_BANK_PLUS_WIDTH_EXPANSION
TPHW-06FBE4EF2A2EEA3A9D85,TP07F119;TP07F120,06:BF8C:0:0:1,0x033F8C,AD3421,LDA,ABS,READ,2,1,$2135,EXACT_START_PLUS_DBR_OR_LONG_BANK_PLUS_WIDTH_EXPANSION
TPHW-7AEA1A4CCE49B8622A4A,TP07F119;TP07F120,06:BF8F:0:0:1,0x033F8F,AE3621,LDX,ABS,READ,1,0,$2136,EXACT_START_PLUS_DBR_OR_LONG_BANK_PLUS_WIDTH_EXPANSION
TPHW-3A58BAD069FA8FB23D70,TP07F118,06:C367:0:1:1,0x034367,8D1B21,STA,ABS,WRITE,1,0,$211B,EXACT_START_PLUS_DBR_OR_LONG_BANK_PLUS_WIDTH_EXPANSION
TPHW-38D00180BDF37929E10B,TP07F118,06:C36B:0:1:1,0x03436B,8D1B21,STA,ABS,WRITE,1,0,$211B,EXACT_START_PLUS_DBR_OR_LONG_BANK_PLUS_WIDTH_EXPANSION
TPHW-87E99ED15B6790145DF1,TP07F118,06:C36E:0:1:1,0x03436E,8E1C21,STX,ABS,WRITE,1,0,$211C,EXACT_START_PLUS_DBR_OR_LONG_BANK_PLUS_WIDTH_EXPANSION
TPHW-91C0EC1AC87BF7F76E77,TP07F118,06:C375:0:0:1,0x034375,AD3421,LDA,ABS,READ,2,0,$2134,EXACT_START_PLUS_DBR_OR_LONG_BANK_PLUS_WIDTH_EXPANSION
TPHW-5E7D24AFA2D74D26CD2D,TP07F118,06:C375:0:0:1,0x034375,AD3421,LDA,ABS,READ,2,1,$2135,EXACT_START_PLUS_DBR_OR_LONG_BANK_PLUS_WIDTH_EXPANSION
TPHW-9078A077B86835F0C303,TP07F118,06:C378:0:0:1,0x034378,AE3621,LDX,ABS,READ,1,0,$2136,EXACT_START_PLUS_DBR_OR_LONG_BANK_PLUS_WIDTH_EXPANSION
TPHW-498C4DCD01F5578994A8,TP07F118,06:C3C7:0:1:1,0x0343C7,8D1B21,STA,ABS,WRITE,1,0,$211B,EXACT_START_PLUS_DBR_OR_LONG_BANK_PLUS_WIDTH_EXPANSION
TPHW-94B7A0A0CF533AA3B27E,TP07F118,06:C3CB:0:1:1,0x0343CB,8D1B21,STA,ABS,WRITE,1,0,$211B,EXACT_START_PLUS_DBR_OR_LONG_BANK_PLUS_WIDTH_EXPANSION
TPHW-00514809E1A9BAF71B1D,TP07F118,06:C3CE:0:1:1,0x0343CE,8E1C21,STX,ABS,WRITE,1,0,$211C,EXACT_START_PLUS_DBR_OR_LONG_BANK_PLUS_WIDTH_EXPANSION
TPHW-CF77AFD23B14747CF606,TP07F118,06:C3D5:0:0:1,0x0343D5,AD3421,LDA,ABS,READ,2,0,$2134,EXACT_START_PLUS_DBR_OR_LONG_BANK_PLUS_WIDTH_EXPANSION
TPHW-40EBDCFFF4BE79C297A9,TP07F118,06:C3D5:0:0:1,0x0343D5,AD3421,LDA,ABS,READ,2,1,$2135,EXACT_START_PLUS_DBR_OR_LONG_BANK_PLUS_WIDTH_EXPANSION
TPHW-B4E600062581E0A61D1E,TP07F118,06:C3D8:0:0:1,0x0343D8,AE3621,LDX,ABS,READ,1,0,$2136,EXACT_START_PLUS_DBR_OR_LONG_BANK_PLUS_WIDTH_EXPANSION
TPHW-4DAB20DCE448B7A87487,TP07F118,06:C417:0:1:1,0x034417,8D1B21,STA,ABS,WRITE,1,0,$211B,EXACT_START_PLUS_DBR_OR_LONG_BANK_PLUS_WIDTH_EXPANSION
TPHW-1633264301610DF527B0,TP07F118,06:C41B:0:1:1,0x03441B,8D1B21,STA,ABS,WRITE,1,0,$211B,EXACT_START_PLUS_DBR_OR_LONG_BANK_PLUS_WIDTH_EXPANSION
TPHW-EC8774B477783D5BDE55,TP07F118,06:C41E:0:1:1,0x03441E,8E1C21,STX,ABS,WRITE,1,0,$211C,EXACT_START_PLUS_DBR_OR_LONG_BANK_PLUS_WIDTH_EXPANSION
TPHW-33AD60181D4C6E44565E,TP07F118,06:C425:0:0:1,0x034425,AD3421,LDA,ABS,READ,2,0,$2134,EXACT_START_PLUS_DBR_OR_LONG_BANK_PLUS_WIDTH_EXPANSION
TPHW-27E8FA2D091F0F811198,TP07F118,06:C425:0:0:1,0x034425,AD3421,LDA,ABS,READ,2,1,$2135,EXACT_START_PLUS_DBR_OR_LONG_BANK_PLUS_WIDTH_EXPANSION
TPHW-173DE6A330911133739A,TP07F118,06:C428:0:0:1,0x034428,AE3621,LDX,ABS,READ,1,0,$2136,EXACT_START_PLUS_DBR_OR_LONG_BANK_PLUS_WIDTH_EXPANSION
TPHW-F8EE1078288B503A3532,TP07F118,06:C467:0:1:1,0x034467,8D1B21,STA,ABS,WRITE,1,0,$211B,EXACT_START_PLUS_DBR_OR_LONG_BANK_PLUS_WIDTH_EXPANSION
TPHW-B112532EB5ABAC8B0319,TP07F118,06:C46B:0:1:1,0x03446B,8D1B21,STA,ABS,WRITE,1,0,$211B,EXACT_START_PLUS_DBR_OR_LONG_BANK_PLUS_WIDTH_EXPANSION
TPHW-987C7955DA92D2C9A4B1,TP07F118,06:C46E:0:1:1,0x03446E,8E1C21,STX,ABS,WRITE,1,0,$211C,EXACT_START_PLUS_DBR_OR_LONG_BANK_PLUS_WIDTH_EXPANSION
TPHW-78141A83C14375E0DDAF,TP07F118,06:C475:0:0:1,0x034475,AD3421,LDA,ABS,READ,2,0,$2134,EXACT_START_PLUS_DBR_OR_LONG_BANK_PLUS_WIDTH_EXPANSION
TPHW-834F732F2CE1F1FD1D2E,TP07F118,06:C475:0:0:1,0x034475,AD3421,LDA,ABS,READ,2,1,$2135,EXACT_START_PLUS_DBR_OR_LONG_BANK_PLUS_WIDTH_EXPANSION
TPHW-DCAD22CFD9C772F62250,TP07F118,06:C478:0:0:1,0x034478,AE3621,LDX,ABS,READ,1,0,$2136,EXACT_START_PLUS_DBR_OR_LONG_BANK_PLUS_WIDTH_EXPANSION
TPHW-DF1EDC2A94D511BF0264,TP07F118,06:C4C9:0:1:1,0x0344C9,8D1B21,STA,ABS,WRITE,1,0,$211B,EXACT_START_PLUS_DBR_OR_LONG_BANK_PLUS_WIDTH_EXPANSION
TPHW-A305F810CDBB36D480D5,TP07F118,06:C4CD:0:1:1,0x0344CD,8D1B21,STA,ABS,WRITE,1,0,$211B,EXACT_START_PLUS_DBR_OR_LONG_BANK_PLUS_WIDTH_EXPANSION
TPHW-31A51CBE298F74DF8888,TP07F118,06:C4D0:0:1:1,0x0344D0,8E1C21,STX,ABS,WRITE,1,0,$211C,EXACT_START_PLUS_DBR_OR_LONG_BANK_PLUS_WIDTH_EXPANSION
TPHW-22D33C5342AC39DF9AC1,TP07F118,06:C4D7:0:0:1,0x0344D7,AD3421,LDA,ABS,READ,2,0,$2134,EXACT_START_PLUS_DBR_OR_LONG_BANK_PLUS_WIDTH_EXPANSION
TPHW-C2D528A4837DFB6330F3,TP07F118,06:C4D7:0:0:1,0x0344D7,AD3421,LDA,ABS,READ,2,1,$2135,EXACT_START_PLUS_DBR_OR_LONG_BANK_PLUS_WIDTH_EXPANSION
TPHW-5C757338401A752DFF7E,TP07F118,06:C4DA:0:0:1,0x0344DA,AE3621,LDX,ABS,READ,1,0,$2136,EXACT_START_PLUS_DBR_OR_LONG_BANK_PLUS_WIDTH_EXPANSION
TPHW-76B34763662970803419,TP07F118,06:C50A:0:1:1,0x03450A,8D1B21,STA,ABS,WRITE,1,0,$211B,EXACT_START_PLUS_DBR_OR_LONG_BANK_PLUS_WIDTH_EXPANSION
TPHW-FE481471D62BCF6056EE,TP07F118,06:C50E:0:1:1,0x03450E,8D1B21,STA,ABS,WRITE,1,0,$211B,EXACT_START_PLUS_DBR_OR_LONG_BANK_PLUS_WIDTH_EXPANSION
TPHW-966F22F4D6C8671AF77E,TP07F118,06:C511:0:1:1,0x034511,8E1C21,STX,ABS,WRITE,1,0,$211C,EXACT_START_PLUS_DBR_OR_LONG_BANK_PLUS_WIDTH_EXPANSION
TPHW-4B1D6A0E1F4D4E6D2A09,TP07F118,06:C518:0:0:1,0x034518,AD3421,LDA,ABS,READ,2,0,$2134,EXACT_START_PLUS_DBR_OR_LONG_BANK_PLUS_WIDTH_EXPANSION
TPHW-DB71F9D624CF100D461A,TP07F118,06:C518:0:0:1,0x034518,AD3421,LDA,ABS,READ,2,1,$2135,EXACT_START_PLUS_DBR_OR_LONG_BANK_PLUS_WIDTH_EXPANSION
TPHW-00CE60D8F5BCCF2BD45D,TP07F118,06:C51B:0:0:1,0x03451B,AE3621,LDX,ABS,READ,1,0,$2136,EXACT_START_PLUS_DBR_OR_LONG_BANK_PLUS_WIDTH_EXPANSION
TPHW-EE0A151F6AF5E0F876B1,TP07F118,06:C55A:0:1:1,0x03455A,8D1B21,STA,ABS,WRITE,1,0,$211B,EXACT_START_PLUS_DBR_OR_LONG_BANK_PLUS_WIDTH_EXPANSION
TPHW-B13ED5C58A0ED5F9A9F7,TP07F118,06:C55E:0:1:1,0x03455E,8D1B21,STA,ABS,WRITE,1,0,$211B,EXACT_START_PLUS_DBR_OR_LONG_BANK_PLUS_WIDTH_EXPANSION
TPHW-0AA7061CB2D32028797E,TP07F118,06:C561:0:1:1,0x034561,8E1C21,STX,ABS,WRITE,1,0,$211C,EXACT_START_PLUS_DBR_OR_LONG_BANK_PLUS_WIDTH_EXPANSION
TPHW-4238371905582B888CDA,TP07F118,06:C568:0:0:1,0x034568,AD3421,LDA,ABS,READ,2,0,$2134,EXACT_START_PLUS_DBR_OR_LONG_BANK_PLUS_WIDTH_EXPANSION
TPHW-99883DF75D33C646197A,TP07F118,06:C568:0:0:1,0x034568,AD3421,LDA,ABS,READ,2,1,$2135,EXACT_START_PLUS_DBR_OR_LONG_BANK_PLUS_WIDTH_EXPANSION
TPHW-A95F5679DA5AFFE4D2FC,TP07F118,06:C56B:0:0:1,0x03456B,AE3621,LDX,ABS,READ,1,0,$2136,EXACT_START_PLUS_DBR_OR_LONG_BANK_PLUS_WIDTH_EXPANSION
TPHW-5BF4FCB7AB771A9A6453,TP07F118,06:C5C5:0:1:1,0x0345C5,8D1B21,STA,ABS,WRITE,1,0,$211B,EXACT_START_PLUS_DBR_OR_LONG_BANK_PLUS_WIDTH_EXPANSION
TPHW-9C1AF078BA65B44A72F2,TP07F118,06:C5C9:0:1:1,0x0345C9,8D1B21,STA,ABS,WRITE,1,0,$211B,EXACT_START_PLUS_DBR_OR_LONG_BANK_PLUS_WIDTH_EXPANSION
TPHW-F3AEDE1E6578EFAC4E96,TP07F118,06:C5CC:0:1:1,0x0345CC,8E1C21,STX,ABS,WRITE,1,0,$211C,EXACT_START_PLUS_DBR_OR_LONG_BANK_PLUS_WIDTH_EXPANSION
TPHW-7573DB30B69DBE35B664,TP07F118,06:C5D3:0:0:1,0x0345D3,AD3421,LDA,ABS,READ,2,0,$2134,EXACT_START_PLUS_DBR_OR_LONG_BANK_PLUS_WIDTH_EXPANSION
TPHW-BA39F7C7C09BBE73D673,TP07F118,06:C5D3:0:0:1,0x0345D3,AD3421,LDA,ABS,READ,2,1,$2135,EXACT_START_PLUS_DBR_OR_LONG_BANK_PLUS_WIDTH_EXPANSION
TPHW-D3F3CDFFA36AC972120F,TP07F118,06:C5D6:0:0:1,0x0345D6,AE3621,LDX,ABS,READ,1,0,$2136,EXACT_START_PLUS_DBR_OR_LONG_BANK_PLUS_WIDTH_EXPANSION
TPHW-B9BF3B84A452AEBBECDB,TP07F118,06:C615:0:1:1,0x034615,8D1B21,STA,ABS,WRITE,1,0,$211B,EXACT_START_PLUS_DBR_OR_LONG_BANK_PLUS_WIDTH_EXPANSION
TPHW-67BADB4807C0255266F7,TP07F118,06:C619:0:1:1,0x034619,8D1B21,STA,ABS,WRITE,1,0,$211B,EXACT_START_PLUS_DBR_OR_LONG_BANK_PLUS_WIDTH_EXPANSION
TPHW-7C8C8750AA93E6D87D20,TP07F118,06:C61C:0:1:1,0x03461C,8E1C21,STX,ABS,WRITE,1,0,$211C,EXACT_START_PLUS_DBR_OR_LONG_BANK_PLUS_WIDTH_EXPANSION
TPHW-66655413DD07B72251B0,TP07F118,06:C623:0:0:1,0x034623,AD3421,LDA,ABS,READ,2,0,$2134,EXACT_START_PLUS_DBR_OR_LONG_BANK_PLUS_WIDTH_EXPANSION
TPHW-C58BD56B9547426758D3,TP07F118,06:C623:0:0:1,0x034623,AD3421,LDA,ABS,READ,2,1,$2135,EXACT_START_PLUS_DBR_OR_LONG_BANK_PLUS_WIDTH_EXPANSION
TPHW-5BDB08BA91A9962DFCD3,TP07F118,06:C626:0:0:1,0x034626,AE3621,LDX,ABS,READ,1,0,$2136,EXACT_START_PLUS_DBR_OR_LONG_BANK_PLUS_WIDTH_EXPANSION
TPHW-1DC41A874D2BF92F47D5,TP07F118,06:C671:0:1:1,0x034671,8D1B21,STA,ABS,WRITE,1,0,$211B,EXACT_START_PLUS_DBR_OR_LONG_BANK_PLUS_WIDTH_EXPANSION
TPHW-B5442BEC6EE656A90319,TP07F118,06:C675:0:1:1,0x034675,8D1B21,STA,ABS,WRITE,1,0,$211B,EXACT_START_PLUS_DBR_OR_LONG_BANK_PLUS_WIDTH_EXPANSION
TPHW-2753A13F7449F0688E5E,TP07F118,06:C678:0:1:1,0x034678,8E1C21,STX,ABS,WRITE,1,0,$211C,EXACT_START_PLUS_DBR_OR_LONG_BANK_PLUS_WIDTH_EXPANSION
TPHW-D32CB3DD4AAD87F07D99,TP07F118,06:C67F:0:0:1,0x03467F,AD3421,LDA,ABS,READ,2,0,$2134,EXACT_START_PLUS_DBR_OR_LONG_BANK_PLUS_WIDTH_EXPANSION
TPHW-2BE6A76CD447A89FFBC8,TP07F118,06:C67F:0:0:1,0x03467F,AD3421,LDA,ABS,READ,2,1,$2135,EXACT_START_PLUS_DBR_OR_LONG_BANK_PLUS_WIDTH_EXPANSION
TPHW-E97C3CEF60DF305FFE4F,TP07F118,06:C682:0:0:1,0x034682,AE3621,LDX,ABS,READ,1,0,$2136,EXACT_START_PLUS_DBR_OR_LONG_BANK_PLUS_WIDTH_EXPANSION
TPHW-4B2DDE4D2D746367FCDD,TP07F118,06:C6B4:0:1:1,0x0346B4,8D1B21,STA,ABS,WRITE,1,0,$211B,EXACT_START_PLUS_DBR_OR_LONG_BANK_PLUS_WIDTH_EXPANSION
TPHW-EB363CBB90EBBC0CDAC3,TP07F118,06:C6B8:0:1:1,0x0346B8,8D1B21,STA,ABS,WRITE,1,0,$211B,EXACT_START_PLUS_DBR_OR_LONG_BANK_PLUS_WIDTH_EXPANSION
TPHW-63F9ABBE292F55DB41DF,TP07F118,06:C6BB:0:1:1,0x0346BB,8E1C21,STX,ABS,WRITE,1,0,$211C,EXACT_START_PLUS_DBR_OR_LONG_BANK_PLUS_WIDTH_EXPANSION
TPHW-DB6E0F6503427C49B6A0,TP07F118,06:C6C2:0:0:1,0x0346C2,AD3421,LDA,ABS,READ,2,0,$2134,EXACT_START_PLUS_DBR_OR_LONG_BANK_PLUS_WIDTH_EXPANSION
TPHW-110E7805F5CFC69DCBF3,TP07F118,06:C6C2:0:0:1,0x0346C2,AD3421,LDA,ABS,READ,2,1,$2135,EXACT_START_PLUS_DBR_OR_LONG_BANK_PLUS_WIDTH_EXPANSION
TPHW-D55DB7C83C88E7054584,TP07F118,06:C6C5:0:0:1,0x0346C5,AE3621,LDX,ABS,READ,1,0,$2136,EXACT_START_PLUS_DBR_OR_LONG_BANK_PLUS_WIDTH_EXPANSION
TPHW-3AFA34BAA77712BD2B1C,TP07F118,06:C6F7:0:1:1,0x0346F7,8D1B21,STA,ABS,WRITE,1,0,$211B,EXACT_START_PLUS_DBR_OR_LONG_BANK_PLUS_WIDTH_EXPANSION
TPHW-62132D7E80B86904C23C,TP07F118,06:C6FB:0:1:1,0x0346FB,8D1B21,STA,ABS,WRITE,1,0,$211B,EXACT_START_PLUS_DBR_OR_LONG_BANK_PLUS_WIDTH_EXPANSION
TPHW-5E370639D9ABD8CF7988,TP07F118,06:C6FE:0:1:1,0x0346FE,8E1C21,STX,ABS,WRITE,1,0,$211C,EXACT_START_PLUS_DBR_OR_LONG_BANK_PLUS_WIDTH_EXPANSION
TPHW-F2D65FC22D379795A084,TP07F118,06:C705:0:0:1,0x034705,AD3421,LDA,ABS,READ,2,0,$2134,EXACT_START_PLUS_DBR_OR_LONG_BANK_PLUS_WIDTH_EXPANSION
TPHW-3CB70F0B35661DCE1906,TP07F118,06:C705:0:0:1,0x034705,AD3421,LDA,ABS,READ,2,1,$2135,EXACT_START_PLUS_DBR_OR_LONG_BANK_PLUS_WIDTH_EXPANSION
TPHW-00DD7C824CC32792B8CA,TP07F118,06:C708:0:0:1,0x034708,AE3621,LDX,ABS,READ,1,0,$2136,EXACT_START_PLUS_DBR_OR_LONG_BANK_PLUS_WIDTH_EXPANSION
TPHW-EC89254973A020CE26A6,TP07F118,06:C73A:0:1:1,0x03473A,8D1B21,STA,ABS,WRITE,1,0,$211B,EXACT_START_PLUS_DBR_OR_LONG_BANK_PLUS_WIDTH_EXPANSION
TPHW-FF5F1CB9CA1FBDB49867,TP07F118,06:C73E:0:1:1,0x03473E,8D1B21,STA,ABS,WRITE,1,0,$211B,EXACT_START_PLUS_DBR_OR_LONG_BANK_PLUS_WIDTH_EXPANSION
TPHW-E80E856BF86B863C660F,TP07F118,06:C741:0:1:1,0x034741,8E1C21,STX,ABS,WRITE,1,0,$211C,EXACT_START_PLUS_DBR_OR_LONG_BANK_PLUS_WIDTH_EXPANSION
TPHW-C2FCD5A582C93E78828A,TP07F118,06:C748:0:0:1,0x034748,AD3421,LDA,ABS,READ,2,0,$2134,EXACT_START_PLUS_DBR_OR_LONG_BANK_PLUS_WIDTH_EXPANSION
TPHW-722D50523A23B2449FA3,TP07F118,06:C748:0:0:1,0x034748,AD3421,LDA,ABS,READ,2,1,$2135,EXACT_START_PLUS_DBR_OR_LONG_BANK_PLUS_WIDTH_EXPANSION
TPHW-38B0E0E43173052BA60D,TP07F118,06:C74B:0:0:1,0x03474B,AE3621,LDX,ABS,READ,1,0,$2136,EXACT_START_PLUS_DBR_OR_LONG_BANK_PLUS_WIDTH_EXPANSION
TPHW-203AB3A33B817728393A,TP07F118,06:C783:0:1:1,0x034783,8D1B21,STA,ABS,WRITE,1,0,$211B,EXACT_START_PLUS_DBR_OR_LONG_BANK_PLUS_WIDTH_EXPANSION
TPHW-CBC91F728895313AEA24,TP07F118,06:C787:0:1:1,0x034787,8D1B21,STA,ABS,WRITE,1,0,$211B,EXACT_START_PLUS_DBR_OR_LONG_BANK_PLUS_WIDTH_EXPANSION
TPHW-A7C8441B76C84BD4C6AE,TP07F118,06:C78A:0:1:1,0x03478A,8E1C21,STX,ABS,WRITE,1,0,$211C,EXACT_START_PLUS_DBR_OR_LONG_BANK_PLUS_WIDTH_EXPANSION
TPHW-F80E1992E65975DFF4BE,TP07F118,06:C791:0:0:1,0x034791,AD3421,LDA,ABS,READ,2,0,$2134,EXACT_START_PLUS_DBR_OR_LONG_BANK_PLUS_WIDTH_EXPANSION
TPHW-6EDE399871FB44A72606,TP07F118,06:C791:0:0:1,0x034791,AD3421,LDA,ABS,READ,2,1,$2135,EXACT_START_PLUS_DBR_OR_LONG_BANK_PLUS_WIDTH_EXPANSION
TPHW-2D6F40AFED5B3A474819,TP07F118,06:C794:0:0:1,0x034794,AE3621,LDX,ABS,READ,1,0,$2136,EXACT_START_PLUS_DBR_OR_LONG_BANK_PLUS_WIDTH_EXPANSION
TPHW-9BDEC96CE6A87050105E,TP07F118,06:C7C5:0:1:1,0x0347C5,8D1B21,STA,ABS,WRITE,1,0,$211B,EXACT_START_PLUS_DBR_OR_LONG_BANK_PLUS_WIDTH_EXPANSION
TPHW-42496F3D6FE502319A93,TP07F118,06:C7C9:0:1:1,0x0347C9,8D1B21,STA,ABS,WRITE,1,0,$211B,EXACT_START_PLUS_DBR_OR_LONG_BANK_PLUS_WIDTH_EXPANSION
TPHW-8288760386B15B585DD4,TP07F118,06:C7CC:0:1:1,0x0347CC,8E1C21,STX,ABS,WRITE,1,0,$211C,EXACT_START_PLUS_DBR_OR_LONG_BANK_PLUS_WIDTH_EXPANSION
TPHW-65B32E6182370A74DB02,TP07F118,06:C7D3:0:0:1,0x0347D3,AD3421,LDA,ABS,READ,2,0,$2134,EXACT_START_PLUS_DBR_OR_LONG_BANK_PLUS_WIDTH_EXPANSION
TPHW-E1391C6369C3C758D139,TP07F118,06:C7D3:0:0:1,0x0347D3,AD3421,LDA,ABS,READ,2,1,$2135,EXACT_START_PLUS_DBR_OR_LONG_BANK_PLUS_WIDTH_EXPANSION
TPHW-BBBFE5D44D26FD34DFF5,TP07F118,06:C7D6:0:0:1,0x0347D6,AE3621,LDX,ABS,READ,1,0,$2136,EXACT_START_PLUS_DBR_OR_LONG_BANK_PLUS_WIDTH_EXPANSION
TPHW-9981AC338551B79AB9E1,TP07F463,06:D72F:0:1:1,0x03572F,8D1B21,STA,ABS,WRITE,1,0,$211B,EXACT_START_PLUS_DBR_OR_LONG_BANK_PLUS_WIDTH_EXPANSION
TPHW-2D09A7DC509597722791,TP07F463,06:D733:0:1:1,0x035733,8D1B21,STA,ABS,WRITE,1,0,$211B,EXACT_START_PLUS_DBR_OR_LONG_BANK_PLUS_WIDTH_EXPANSION
TPHW-D522BD9039EFF7E572E1,TP07F463,06:D736:0:1:1,0x035736,8E1C21,STX,ABS,WRITE,1,0,$211C,EXACT_START_PLUS_DBR_OR_LONG_BANK_PLUS_WIDTH_EXPANSION
TPHW-D90EB1FF5EBCB4779D70,TP07F463,06:D73D:0:0:1,0x03573D,AD3421,LDA,ABS,READ,2,0,$2134,EXACT_START_PLUS_DBR_OR_LONG_BANK_PLUS_WIDTH_EXPANSION
TPHW-F28AB484EB27F6831267,TP07F463,06:D73D:0:0:1,0x03573D,AD3421,LDA,ABS,READ,2,1,$2135,EXACT_START_PLUS_DBR_OR_LONG_BANK_PLUS_WIDTH_EXPANSION
TPHW-BEA9EFEE1F82CB33AD80,TP07F463,06:D740:0:0:1,0x035740,AE3621,LDX,ABS,READ,1,0,$2136,EXACT_START_PLUS_DBR_OR_LONG_BANK_PLUS_WIDTH_EXPANSION
TPHW-E75EA5CB657982EA1125,TP07F463,06:D77C:0:1:1,0x03577C,8D1B21,STA,ABS,WRITE,1,0,$211B,EXACT_START_PLUS_DBR_OR_LONG_BANK_PLUS_WIDTH_EXPANSION
TPHW-0373C47C1A48BAA02DE3,TP07F463,06:D780:0:1:1,0x035780,8D1B21,STA,ABS,WRITE,1,0,$211B,EXACT_START_PLUS_DBR_OR_LONG_BANK_PLUS_WIDTH_EXPANSION
TPHW-759CA13D8712BC5C1F1E,TP07F463,06:D783:0:1:1,0x035783,8E1C21,STX,ABS,WRITE,1,0,$211C,EXACT_START_PLUS_DBR_OR_LONG_BANK_PLUS_WIDTH_EXPANSION
TPHW-474BF8B784ABE744CE93,TP07F463,06:D78A:0:0:1,0x03578A,AD3421,LDA,ABS,READ,2,0,$2134,EXACT_START_PLUS_DBR_OR_LONG_BANK_PLUS_WIDTH_EXPANSION
TPHW-223B4F83B85423EA708C,TP07F463,06:D78A:0:0:1,0x03578A,AD3421,LDA,ABS,READ,2,1,$2135,EXACT_START_PLUS_DBR_OR_LONG_BANK_PLUS_WIDTH_EXPANSION
TPHW-5F5C9329F8BE32B9D1D5,TP07F463,06:D78D:0:0:1,0x03578D,AE3621,LDX,ABS,READ,1,0,$2136,EXACT_START_PLUS_DBR_OR_LONG_BANK_PLUS_WIDTH_EXPANSION
TPHW-CD2871B9DB921FEC5A14,TP07F305,06:E13E:0:1:0,0x03613E,8D1621,STA,ABS,WRITE,1,0,$2116,EXACT_START_PLUS_DBR_OR_LONG_BANK_PLUS_WIDTH_EXPANSION
TPHW-B3748CC7FDF63DBAAF0E,TP07F305,06:E143:0:1:0,0x036143,8D1721,STA,ABS,WRITE,1,0,$2117,EXACT_START_PLUS_DBR_OR_LONG_BANK_PLUS_WIDTH_EXPANSION
TPHW-C43FFD029B7BAC6EC83A,TP07F002,06:FBF4:0:1:0,0x037BF4,8D2121,STA,ABS,WRITE,1,0,$2121,EXACT_START_PLUS_DBR_OR_LONG_BANK_PLUS_WIDTH_EXPANSION
TPHW-BFC7A02FC70AE5B59E8A,TP07F012;TP07F023,07:8028:0:1:0,0x038028,8D1621,STA,ABS,WRITE,1,0,$2116,EXACT_START_PLUS_DBR_OR_LONG_BANK_PLUS_WIDTH_EXPANSION
TPHW-3A719578195B2052780C,TP07F012;TP07F023,07:802D:0:1:0,0x03802D,8D1721,STA,ABS,WRITE,1,0,$2117,EXACT_START_PLUS_DBR_OR_LONG_BANK_PLUS_WIDTH_EXPANSION
TPHW-BA2AB8638ED0AD375619,TP07F016;TP07F296,07:8093:0:1:0,0x038093,8D1621,STA,ABS,WRITE,1,0,$2116,EXACT_START_PLUS_DBR_OR_LONG_BANK_PLUS_WIDTH_EXPANSION
TPHW-05AA3B09E83535E20FB9,TP07F016;TP07F296,07:8099:0:1:0,0x038099,8D1721,STA,ABS,WRITE,1,0,$2117,EXACT_START_PLUS_DBR_OR_LONG_BANK_PLUS_WIDTH_EXPANSION
TPHW-4E471295A981456FF35B,TP07F016;TP07F296,07:80CE:0:1:0,0x0380CE,8D1621,STA,ABS,WRITE,1,0,$2116,EXACT_START_PLUS_DBR_OR_LONG_BANK_PLUS_WIDTH_EXPANSION
TPHW-494C6532E9F30393B567,TP07F016;TP07F296,07:80D4:0:1:0,0x0380D4,8D1721,STA,ABS,WRITE,1,0,$2117,EXACT_START_PLUS_DBR_OR_LONG_BANK_PLUS_WIDTH_EXPANSION
TPHW-987A042A46DFEE4D8DD3,TP07F015,07:81E7:0:1:0,0x0381E7,8D1621,STA,ABS,WRITE,1,0,$2116,EXACT_START_PLUS_DBR_OR_LONG_BANK_PLUS_WIDTH_EXPANSION
TPHW-218914C0A92524CF2D65,TP07F015,07:81ED:0:1:0,0x0381ED,8D1721,STA,ABS,WRITE,1,0,$2117,EXACT_START_PLUS_DBR_OR_LONG_BANK_PLUS_WIDTH_EXPANSION
TPHW-00DDB761F0484806B07B,TP07F026;TP07F271,07:826E:0:0:1,0x03826E,8C2121,STY,ABS,WRITE,1,0,$2121,EXACT_START_PLUS_DBR_OR_LONG_BANK_PLUS_WIDTH_EXPANSION
TPHW-8CC12A035E5FB6D8F0D1,TP07F011,07:8311:0:1:1,0x038311,8D0121,STA,ABS,WRITE,1,0,$2101,EXACT_START_PLUS_DBR_OR_LONG_BANK_PLUS_WIDTH_EXPANSION
TPHW-E8299EF5F9882B2FE124,TP07F011,07:8316:0:1:1,0x038316,8D3321,STA,ABS,WRITE,1,0,$2133,EXACT_START_PLUS_DBR_OR_LONG_BANK_PLUS_WIDTH_EXPANSION
TPHW-8DF0DCB79CA667B7AF78,TP07F011,07:831B:0:1:1,0x03831B,8D2C21,STA,ABS,WRITE,1,0,$212C,EXACT_START_PLUS_DBR_OR_LONG_BANK_PLUS_WIDTH_EXPANSION
TPHW-AB4A8E3CB558B740F927,TP07F011,07:8320:0:1:1,0x038320,8D0521,STA,ABS,WRITE,1,0,$2105,EXACT_START_PLUS_DBR_OR_LONG_BANK_PLUS_WIDTH_EXPANSION
TPHW-9029EEA3E4B62D8E71F4,TP07F011,07:8325:0:1:1,0x038325,8D0721,STA,ABS,WRITE,1,0,$2107,EXACT_START_PLUS_DBR_OR_LONG_BANK_PLUS_WIDTH_EXPANSION
TPHW-88D3FE73016D149AB6D7,TP07F011,07:832A:0:1:1,0x03832A,8D0821,STA,ABS,WRITE,1,0,$2108,EXACT_START_PLUS_DBR_OR_LONG_BANK_PLUS_WIDTH_EXPANSION
TPHW-E02C17B7F8638EAF43B5,TP07F011,07:832F:0:1:1,0x03832F,8D0B21,STA,ABS,WRITE,1,0,$210B,EXACT_START_PLUS_DBR_OR_LONG_BANK_PLUS_WIDTH_EXPANSION
TPHW-2ED582CEA4954B24BF9C,TP07F011,07:8334:0:1:1,0x038334,8D1021,STA,ABS,WRITE,1,0,$2110,EXACT_START_PLUS_DBR_OR_LONG_BANK_PLUS_WIDTH_EXPANSION
TPHW-E1FBE982DC547B4855E6,TP07F011,07:8339:0:1:1,0x038339,8D1021,STA,ABS,WRITE,1,0,$2110,EXACT_START_PLUS_DBR_OR_LONG_BANK_PLUS_WIDTH_EXPANSION
TPHW-92E3C8A91D6330DF1AE1,TP07F011,07:833E:0:1:1,0x03833E,8D0E21,STA,ABS,WRITE,1,0,$210E,EXACT_START_PLUS_DBR_OR_LONG_BANK_PLUS_WIDTH_EXPANSION
TPHW-DE320DFAEE27AE795678,TP07F011,07:8343:0:1:1,0x038343,8D0E21,STA,ABS,WRITE,1,0,$210E,EXACT_START_PLUS_DBR_OR_LONG_BANK_PLUS_WIDTH_EXPANSION
TPHW-9D6974061F383C97821D,TP07F206,07:83BA:0:1:0,0x0383BA,8D1621,STA,ABS,WRITE,1,0,$2116,EXACT_START_PLUS_DBR_OR_LONG_BANK_PLUS_WIDTH_EXPANSION
TPHW-2FF9044B842875845BA8,TP07F206,07:83BF:0:1:0,0x0383BF,8D1721,STA,ABS,WRITE,1,0,$2117,EXACT_START_PLUS_DBR_OR_LONG_BANK_PLUS_WIDTH_EXPANSION
TPHW-83073835632E2C63EDBD,TP07F207,07:83EC:0:1:0,0x0383EC,8D1621,STA,ABS,WRITE,1,0,$2116,EXACT_START_PLUS_DBR_OR_LONG_BANK_PLUS_WIDTH_EXPANSION
TPHW-DA58E4825F5D9239FBBC,TP07F207,07:83F1:0:1:0,0x0383F1,8D1721,STA,ABS,WRITE,1,0,$2117,EXACT_START_PLUS_DBR_OR_LONG_BANK_PLUS_WIDTH_EXPANSION
TPHW-A499C190C5039CEF6B2C,TP07F408;TP07F415,07:8671:0:1:1,0x038671,8D1B21,STA,ABS,WRITE,1,0,$211B,EXACT_START_PLUS_DBR_OR_LONG_BANK_PLUS_WIDTH_EXPANSION
TPHW-979B5726FF7ECA401685,TP07F408;TP07F415,07:8675:0:1:1,0x038675,8D1B21,STA,ABS,WRITE,1,0,$211B,EXACT_START_PLUS_DBR_OR_LONG_BANK_PLUS_WIDTH_EXPANSION
TPHW-13782E7258790927BFEE,TP07F408;TP07F415,07:8678:0:1:1,0x038678,8E1C21,STX,ABS,WRITE,1,0,$211C,EXACT_START_PLUS_DBR_OR_LONG_BANK_PLUS_WIDTH_EXPANSION
TPHW-B8CD1276636582B909B8,TP07F408;TP07F415,07:867F:0:0:1,0x03867F,AD3421,LDA,ABS,READ,2,0,$2134,EXACT_START_PLUS_DBR_OR_LONG_BANK_PLUS_WIDTH_EXPANSION
TPHW-9228EEBCC3E495F6A88B,TP07F408;TP07F415,07:867F:0:0:1,0x03867F,AD3421,LDA,ABS,READ,2,1,$2135,EXACT_START_PLUS_DBR_OR_LONG_BANK_PLUS_WIDTH_EXPANSION
TPHW-DFDEC4B62800AA48738B,TP07F408;TP07F415,07:8682:0:0:1,0x038682,AE3621,LDX,ABS,READ,1,0,$2136,EXACT_START_PLUS_DBR_OR_LONG_BANK_PLUS_WIDTH_EXPANSION
TPHW-43CE9C3B1CBDABA071E9,TP07F075;TP07F204;TP07F205,07:87E5:0:1:1,0x0387E5,8D1B21,STA,ABS,WRITE,1,0,$211B,EXACT_START_PLUS_DBR_OR_LONG_BANK_PLUS_WIDTH_EXPANSION
TPHW-D8F0879FD616B083A490,TP07F075;TP07F204;TP07F205,07:87E9:0:1:1,0x0387E9,8D1B21,STA,ABS,WRITE,1,0,$211B,EXACT_START_PLUS_DBR_OR_LONG_BANK_PLUS_WIDTH_EXPANSION
TPHW-7BD26F2BA5584187B1C0,TP07F075;TP07F204;TP07F205,07:87EC:0:1:1,0x0387EC,8E1C21,STX,ABS,WRITE,1,0,$211C,EXACT_START_PLUS_DBR_OR_LONG_BANK_PLUS_WIDTH_EXPANSION
TPHW-3E303CE4F767045788A9,TP07F075;TP07F204;TP07F205,07:87F3:0:0:1,0x0387F3,AD3421,LDA,ABS,READ,2,0,$2134,EXACT_START_PLUS_DBR_OR_LONG_BANK_PLUS_WIDTH_EXPANSION
TPHW-4F7C7BFC963C71F07287,TP07F075;TP07F204;TP07F205,07:87F3:0:0:1,0x0387F3,AD3421,LDA,ABS,READ,2,1,$2135,EXACT_START_PLUS_DBR_OR_LONG_BANK_PLUS_WIDTH_EXPANSION
TPHW-9176D21947A0E06410FE,TP07F075;TP07F204;TP07F205,07:87F6:0:0:1,0x0387F6,AE3621,LDX,ABS,READ,1,0,$2136,EXACT_START_PLUS_DBR_OR_LONG_BANK_PLUS_WIDTH_EXPANSION
TPHW-4E569B9025A522C015A3,TP07F319,07:8A11:0:1:1,0x038A11,8D1B21,STA,ABS,WRITE,1,0,$211B,EXACT_START_PLUS_DBR_OR_LONG_BANK_PLUS_WIDTH_EXPANSION
TPHW-3A4365C8E0B51422EC38,TP07F319,07:8A15:0:1:1,0x038A15,8D1B21,STA,ABS,WRITE,1,0,$211B,EXACT_START_PLUS_DBR_OR_LONG_BANK_PLUS_WIDTH_EXPANSION
TPHW-36C96DE71A75A8DF1471,TP07F319,07:8A18:0:1:1,0x038A18,8E1C21,STX,ABS,WRITE,1,0,$211C,EXACT_START_PLUS_DBR_OR_LONG_BANK_PLUS_WIDTH_EXPANSION
TPHW-792B68C4815C16B93189,TP07F319,07:8A1F:0:0:1,0x038A1F,AD3421,LDA,ABS,READ,2,0,$2134,EXACT_START_PLUS_DBR_OR_LONG_BANK_PLUS_WIDTH_EXPANSION
TPHW-55EDB41A4FCDA9634AF8,TP07F319,07:8A1F:0:0:1,0x038A1F,AD3421,LDA,ABS,READ,2,1,$2135,EXACT_START_PLUS_DBR_OR_LONG_BANK_PLUS_WIDTH_EXPANSION
TPHW-94C3398D94A9B83A6C52,TP07F319,07:8A22:0:0:1,0x038A22,AE3621,LDX,ABS,READ,1,0,$2136,EXACT_START_PLUS_DBR_OR_LONG_BANK_PLUS_WIDTH_EXPANSION
TPHW-7BD280476416807195F7,TP07F473,07:A3A6:0:1:1,0x03A3A6,8D1B21,STA,ABS,WRITE,1,0,$211B,EXACT_START_PLUS_DBR_OR_LONG_BANK_PLUS_WIDTH_EXPANSION
TPHW-67C834BF6ED88F56DA43,TP07F473,07:A3AA:0:1:1,0x03A3AA,8D1B21,STA,ABS,WRITE,1,0,$211B,EXACT_START_PLUS_DBR_OR_LONG_BANK_PLUS_WIDTH_EXPANSION
TPHW-2B593CEA8AB2EFDA8723,TP07F473,07:A3AD:0:1:1,0x03A3AD,8E1C21,STX,ABS,WRITE,1,0,$211C,EXACT_START_PLUS_DBR_OR_LONG_BANK_PLUS_WIDTH_EXPANSION
TPHW-313BF7C4EB4D888100FB,TP07F473,07:A3B4:0:0:1,0x03A3B4,AD3421,LDA,ABS,READ,2,0,$2134,EXACT_START_PLUS_DBR_OR_LONG_BANK_PLUS_WIDTH_EXPANSION
TPHW-81D46A287BC4E2A6945D,TP07F473,07:A3B4:0:0:1,0x03A3B4,AD3421,LDA,ABS,READ,2,1,$2135,EXACT_START_PLUS_DBR_OR_LONG_BANK_PLUS_WIDTH_EXPANSION
TPHW-E4E328C8C7A4FFD2BC59,TP07F473,07:A3B7:0:0:1,0x03A3B7,AE3621,LDX,ABS,READ,1,0,$2136,EXACT_START_PLUS_DBR_OR_LONG_BANK_PLUS_WIDTH_EXPANSION
TPHW-6484F6966C5292495814,TP07F443,07:AA6D:0:1:1,0x03AA6D,8D1B21,STA,ABS,WRITE,1,0,$211B,EXACT_START_PLUS_DBR_OR_LONG_BANK_PLUS_WIDTH_EXPANSION
TPHW-BC466113868CD9282F4A,TP07F443,07:AA71:0:1:1,0x03AA71,8D1B21,STA,ABS,WRITE,1,0,$211B,EXACT_START_PLUS_DBR_OR_LONG_BANK_PLUS_WIDTH_EXPANSION
TPHW-A8F7294F0DB16A4C2C4B,TP07F443,07:AA74:0:1:1,0x03AA74,8E1C21,STX,ABS,WRITE,1,0,$211C,EXACT_START_PLUS_DBR_OR_LONG_BANK_PLUS_WIDTH_EXPANSION
TPHW-A181ECDF3E295BC09723,TP07F443,07:AA7B:0:0:1,0x03AA7B,AD3421,LDA,ABS,READ,2,0,$2134,EXACT_START_PLUS_DBR_OR_LONG_BANK_PLUS_WIDTH_EXPANSION
TPHW-E28AF7DEE04D71BFBE0B,TP07F443,07:AA7B:0:0:1,0x03AA7B,AD3421,LDA,ABS,READ,2,1,$2135,EXACT_START_PLUS_DBR_OR_LONG_BANK_PLUS_WIDTH_EXPANSION
TPHW-96D75AA70B277C149A6E,TP07F443,07:AA7E:0:0:1,0x03AA7E,AE3621,LDX,ABS,READ,1,0,$2136,EXACT_START_PLUS_DBR_OR_LONG_BANK_PLUS_WIDTH_EXPANSION
TPHW-B7C38350B604BA0C9B60,TP07F443,07:AABA:0:1:1,0x03AABA,8D1B21,STA,ABS,WRITE,1,0,$211B,EXACT_START_PLUS_DBR_OR_LONG_BANK_PLUS_WIDTH_EXPANSION
TPHW-89B49E2DAAFB4CF9AC47,TP07F443,07:AABE:0:1:1,0x03AABE,8D1B21,STA,ABS,WRITE,1,0,$211B,EXACT_START_PLUS_DBR_OR_LONG_BANK_PLUS_WIDTH_EXPANSION
TPHW-285978D9C27C2469606C,TP07F443,07:AAC1:0:1:1,0x03AAC1,8E1C21,STX,ABS,WRITE,1,0,$211C,EXACT_START_PLUS_DBR_OR_LONG_BANK_PLUS_WIDTH_EXPANSION
TPHW-73FA250A6CFAB5AFA681,TP07F443,07:AAC8:0:0:1,0x03AAC8,AD3421,LDA,ABS,READ,2,0,$2134,EXACT_START_PLUS_DBR_OR_LONG_BANK_PLUS_WIDTH_EXPANSION
TPHW-6E61EE63A95757596C3A,TP07F443,07:AAC8:0:0:1,0x03AAC8,AD3421,LDA,ABS,READ,2,1,$2135,EXACT_START_PLUS_DBR_OR_LONG_BANK_PLUS_WIDTH_EXPANSION
TPHW-E8B9F7CBB291B4F2611D,TP07F443,07:AACB:0:0:1,0x03AACB,AE3621,LDX,ABS,READ,1,0,$2136,EXACT_START_PLUS_DBR_OR_LONG_BANK_PLUS_WIDTH_EXPANSION
TPHW-EAC860FA67A717C42457,TP07F443,07:AB2A:0:1:1,0x03AB2A,8D1B21,STA,ABS,WRITE,1,0,$211B,EXACT_START_PLUS_DBR_OR_LONG_BANK_PLUS_WIDTH_EXPANSION
TPHW-2D47BAFFF57158541A79,TP07F443,07:AB2E:0:1:1,0x03AB2E,8D1B21,STA,ABS,WRITE,1,0,$211B,EXACT_START_PLUS_DBR_OR_LONG_BANK_PLUS_WIDTH_EXPANSION
TPHW-A3FB97AB5E8E89D1E180,TP07F443,07:AB31:0:1:1,0x03AB31,8E1C21,STX,ABS,WRITE,1,0,$211C,EXACT_START_PLUS_DBR_OR_LONG_BANK_PLUS_WIDTH_EXPANSION
TPHW-B801548F7773F1A434D6,TP07F443,07:AB38:0:0:1,0x03AB38,AD3421,LDA,ABS,READ,2,0,$2134,EXACT_START_PLUS_DBR_OR_LONG_BANK_PLUS_WIDTH_EXPANSION
TPHW-33F0D68B28ACC74CA530,TP07F443,07:AB38:0:0:1,0x03AB38,AD3421,LDA,ABS,READ,2,1,$2135,EXACT_START_PLUS_DBR_OR_LONG_BANK_PLUS_WIDTH_EXPANSION
TPHW-9D29C5B7DE2315D6FF40,TP07F443,07:AB3B:0:0:1,0x03AB3B,AE3621,LDX,ABS,READ,1,0,$2136,EXACT_START_PLUS_DBR_OR_LONG_BANK_PLUS_WIDTH_EXPANSION
TPHW-234BCE508D8D60E88E65,TP07F443,07:ABFD:0:1:1,0x03ABFD,8D1B21,STA,ABS,WRITE,1,0,$211B,EXACT_START_PLUS_DBR_OR_LONG_BANK_PLUS_WIDTH_EXPANSION
TPHW-561308D46B2952ABC9FF,TP07F443,07:AC01:0:1:1,0x03AC01,8D1B21,STA,ABS,WRITE,1,0,$211B,EXACT_START_PLUS_DBR_OR_LONG_BANK_PLUS_WIDTH_EXPANSION
TPHW-E290D31E385381EACA1E,TP07F443,07:AC04:0:1:1,0x03AC04,8E1C21,STX,ABS,WRITE,1,0,$211C,EXACT_START_PLUS_DBR_OR_LONG_BANK_PLUS_WIDTH_EXPANSION
TPHW-BC6F3FEF7FB69A176370,TP07F443,07:AC0B:0:0:1,0x03AC0B,AD3421,LDA,ABS,READ,2,0,$2134,EXACT_START_PLUS_DBR_OR_LONG_BANK_PLUS_WIDTH_EXPANSION
TPHW-FD08527D34EFE3FA4650,TP07F443,07:AC0B:0:0:1,0x03AC0B,AD3421,LDA,ABS,READ,2,1,$2135,EXACT_START_PLUS_DBR_OR_LONG_BANK_PLUS_WIDTH_EXPANSION
TPHW-7F78F24A16D4A94711CC,TP07F443,07:AC0E:0:0:1,0x03AC0E,AE3621,LDX,ABS,READ,1,0,$2136,EXACT_START_PLUS_DBR_OR_LONG_BANK_PLUS_WIDTH_EXPANSION
TPHW-437E73295B4F446A6022,TP07F443,07:AC3D:0:1:1,0x03AC3D,8D1B21,STA,ABS,WRITE,1,0,$211B,EXACT_START_PLUS_DBR_OR_LONG_BANK_PLUS_WIDTH_EXPANSION
TPHW-B43B710F25B2EE68812C,TP07F443,07:AC41:0:1:1,0x03AC41,8D1B21,STA,ABS,WRITE,1,0,$211B,EXACT_START_PLUS_DBR_OR_LONG_BANK_PLUS_WIDTH_EXPANSION
TPHW-860E96740E7D276B7333,TP07F443,07:AC44:0:1:1,0x03AC44,8E1C21,STX,ABS,WRITE,1,0,$211C,EXACT_START_PLUS_DBR_OR_LONG_BANK_PLUS_WIDTH_EXPANSION
TPHW-65FA188DE1CC6BEB0613,TP07F443,07:AC4B:0:0:1,0x03AC4B,AD3421,LDA,ABS,READ,2,0,$2134,EXACT_START_PLUS_DBR_OR_LONG_BANK_PLUS_WIDTH_EXPANSION
TPHW-CB11A8B92D3AA21EE137,TP07F443,07:AC4B:0:0:1,0x03AC4B,AD3421,LDA,ABS,READ,2,1,$2135,EXACT_START_PLUS_DBR_OR_LONG_BANK_PLUS_WIDTH_EXPANSION
TPHW-1C823B9AB1C2662A35AB,TP07F443,07:AC4E:0:0:1,0x03AC4E,AE3621,LDX,ABS,READ,1,0,$2136,EXACT_START_PLUS_DBR_OR_LONG_BANK_PLUS_WIDTH_EXPANSION
TPHW-AA8D990344E7199D1A06,TP07F480,07:AE79:0:1:1,0x03AE79,8D1B21,STA,ABS,WRITE,1,0,$211B,EXACT_START_PLUS_DBR_OR_LONG_BANK_PLUS_WIDTH_EXPANSION
TPHW-81B3256C038A005D1E0A,TP07F480,07:AE7D:0:1:1,0x03AE7D,8D1B21,STA,ABS,WRITE,1,0,$211B,EXACT_START_PLUS_DBR_OR_LONG_BANK_PLUS_WIDTH_EXPANSION
TPHW-48E96A46BBE8BF08BDB0,TP07F480,07:AE80:0:1:1,0x03AE80,8E1C21,STX,ABS,WRITE,1,0,$211C,EXACT_START_PLUS_DBR_OR_LONG_BANK_PLUS_WIDTH_EXPANSION
TPHW-8BF1A7ECB31278636144,TP07F480,07:AE87:0:0:1,0x03AE87,AD3421,LDA,ABS,READ,2,0,$2134,EXACT_START_PLUS_DBR_OR_LONG_BANK_PLUS_WIDTH_EXPANSION
TPHW-F5647972352353FDF9CE,TP07F480,07:AE87:0:0:1,0x03AE87,AD3421,LDA,ABS,READ,2,1,$2135,EXACT_START_PLUS_DBR_OR_LONG_BANK_PLUS_WIDTH_EXPANSION
TPHW-B5A6BAED22814C090751,TP07F480,07:AE8A:0:0:1,0x03AE8A,AE3621,LDX,ABS,READ,1,0,$2136,EXACT_START_PLUS_DBR_OR_LONG_BANK_PLUS_WIDTH_EXPANSION
TPHW-A65A6EE1A9FC0D030FFC,TP07F325,07:B1F2:0:1:1,0x03B1F2,8D1B21,STA,ABS,WRITE,1,0,$211B,EXACT_START_PLUS_DBR_OR_LONG_BANK_PLUS_WIDTH_EXPANSION
TPHW-B07EBAA1CDF79C84629B,TP07F325,07:B1F6:0:1:1,0x03B1F6,8D1B21,STA,ABS,WRITE,1,0,$211B,EXACT_START_PLUS_DBR_OR_LONG_BANK_PLUS_WIDTH_EXPANSION
TPHW-FC6D06BEECF274E1E9DC,TP07F325,07:B1F9:0:1:1,0x03B1F9,8E1C21,STX,ABS,WRITE,1,0,$211C,EXACT_START_PLUS_DBR_OR_LONG_BANK_PLUS_WIDTH_EXPANSION
TPHW-265D944D93597FD7BF7A,TP07F325,07:B200:0:0:1,0x03B200,AD3421,LDA,ABS,READ,2,0,$2134,EXACT_START_PLUS_DBR_OR_LONG_BANK_PLUS_WIDTH_EXPANSION
TPHW-46BDFB6FEDDC0F068289,TP07F325,07:B200:0:0:1,0x03B200,AD3421,LDA,ABS,READ,2,1,$2135,EXACT_START_PLUS_DBR_OR_LONG_BANK_PLUS_WIDTH_EXPANSION
TPHW-CAB2F48ABCBBBF3D3D3D,TP07F325,07:B203:0:0:1,0x03B203,AE3621,LDX,ABS,READ,1,0,$2136,EXACT_START_PLUS_DBR_OR_LONG_BANK_PLUS_WIDTH_EXPANSION
TPHW-20A98CFF884DC1D524CE,TP07F472,07:B9CA:0:1:1,0x03B9CA,8D1B21,STA,ABS,WRITE,1,0,$211B,EXACT_START_PLUS_DBR_OR_LONG_BANK_PLUS_WIDTH_EXPANSION
TPHW-647AC541B4BE444959CC,TP07F472,07:B9CE:0:1:1,0x03B9CE,8D1B21,STA,ABS,WRITE,1,0,$211B,EXACT_START_PLUS_DBR_OR_LONG_BANK_PLUS_WIDTH_EXPANSION
TPHW-1443FB2C8E85EA024229,TP07F472,07:B9D1:0:1:1,0x03B9D1,8E1C21,STX,ABS,WRITE,1,0,$211C,EXACT_START_PLUS_DBR_OR_LONG_BANK_PLUS_WIDTH_EXPANSION
TPHW-A4A33F8744886B0F5E75,TP07F472,07:B9D8:0:0:1,0x03B9D8,AD3421,LDA,ABS,READ,2,0,$2134,EXACT_START_PLUS_DBR_OR_LONG_BANK_PLUS_WIDTH_EXPANSION
TPHW-25107C858D1BE2A12EC8,TP07F472,07:B9D8:0:0:1,0x03B9D8,AD3421,LDA,ABS,READ,2,1,$2135,EXACT_START_PLUS_DBR_OR_LONG_BANK_PLUS_WIDTH_EXPANSION
TPHW-631D00521CC4EBC136FF,TP07F472,07:B9DB:0:0:1,0x03B9DB,AE3621,LDX,ABS,READ,1,0,$2136,EXACT_START_PLUS_DBR_OR_LONG_BANK_PLUS_WIDTH_EXPANSION
TPHW-BF91360BC09FA6BD7637,TP07F454,07:BB23:0:1:1,0x03BB23,8D1B21,STA,ABS,WRITE,1,0,$211B,EXACT_START_PLUS_DBR_OR_LONG_BANK_PLUS_WIDTH_EXPANSION
TPHW-D6ADE972D00C51B194DE,TP07F454,07:BB27:0:1:1,0x03BB27,8D1B21,STA,ABS,WRITE,1,0,$211B,EXACT_START_PLUS_DBR_OR_LONG_BANK_PLUS_WIDTH_EXPANSION
TPHW-0936C4EA5F4E4CC4658A,TP07F454,07:BB2A:0:1:1,0x03BB2A,8E1C21,STX,ABS,WRITE,1,0,$211C,EXACT_START_PLUS_DBR_OR_LONG_BANK_PLUS_WIDTH_EXPANSION
TPHW-8D96A71B90B440582BA1,TP07F454,07:BB31:0:0:1,0x03BB31,AD3421,LDA,ABS,READ,2,0,$2134,EXACT_START_PLUS_DBR_OR_LONG_BANK_PLUS_WIDTH_EXPANSION
TPHW-5378A4969CEAA3AA2364,TP07F454,07:BB31:0:0:1,0x03BB31,AD3421,LDA,ABS,READ,2,1,$2135,EXACT_START_PLUS_DBR_OR_LONG_BANK_PLUS_WIDTH_EXPANSION
TPHW-BC9C48CB68839003FABC,TP07F454,07:BB34:0:0:1,0x03BB34,AE3621,LDX,ABS,READ,1,0,$2136,EXACT_START_PLUS_DBR_OR_LONG_BANK_PLUS_WIDTH_EXPANSION
TPHW-E507A7C6824A2B3ED786,TP07F454,07:BB71:0:1:1,0x03BB71,8D1B21,STA,ABS,WRITE,1,0,$211B,EXACT_START_PLUS_DBR_OR_LONG_BANK_PLUS_WIDTH_EXPANSION
TPHW-E55087D7B39B552DC720,TP07F454,07:BB75:0:1:1,0x03BB75,8D1B21,STA,ABS,WRITE,1,0,$211B,EXACT_START_PLUS_DBR_OR_LONG_BANK_PLUS_WIDTH_EXPANSION
TPHW-151912E727E7017FA2E5,TP07F454,07:BB78:0:1:1,0x03BB78,8E1C21,STX,ABS,WRITE,1,0,$211C,EXACT_START_PLUS_DBR_OR_LONG_BANK_PLUS_WIDTH_EXPANSION
TPHW-E6FBCE50751E9591017F,TP07F454,07:BB7F:0:0:1,0x03BB7F,AD3421,LDA,ABS,READ,2,0,$2134,EXACT_START_PLUS_DBR_OR_LONG_BANK_PLUS_WIDTH_EXPANSION
TPHW-7DB92B03144933B9AD37,TP07F454,07:BB7F:0:0:1,0x03BB7F,AD3421,LDA,ABS,READ,2,1,$2135,EXACT_START_PLUS_DBR_OR_LONG_BANK_PLUS_WIDTH_EXPANSION
TPHW-95C66DF45A749D27FBB3,TP07F454,07:BB82:0:0:1,0x03BB82,AE3621,LDX,ABS,READ,1,0,$2136,EXACT_START_PLUS_DBR_OR_LONG_BANK_PLUS_WIDTH_EXPANSION
TPHW-D10B0A3E44CE14018278,TP07F453,07:BEFF:0:1:1,0x03BEFF,8D1B21,STA,ABS,WRITE,1,0,$211B,EXACT_START_PLUS_DBR_OR_LONG_BANK_PLUS_WIDTH_EXPANSION
TPHW-D54F906F7FE3F9C4F08A,TP07F453,07:BF03:0:1:1,0x03BF03,8D1B21,STA,ABS,WRITE,1,0,$211B,EXACT_START_PLUS_DBR_OR_LONG_BANK_PLUS_WIDTH_EXPANSION
TPHW-67D6EAB3211D043A53AD,TP07F453,07:BF06:0:1:1,0x03BF06,8E1C21,STX,ABS,WRITE,1,0,$211C,EXACT_START_PLUS_DBR_OR_LONG_BANK_PLUS_WIDTH_EXPANSION
TPHW-AC55EFF72AE42EF0F4D8,TP07F453,07:BF0D:0:0:1,0x03BF0D,AD3421,LDA,ABS,READ,2,0,$2134,EXACT_START_PLUS_DBR_OR_LONG_BANK_PLUS_WIDTH_EXPANSION
TPHW-7341993483B59A914981,TP07F453,07:BF0D:0:0:1,0x03BF0D,AD3421,LDA,ABS,READ,2,1,$2135,EXACT_START_PLUS_DBR_OR_LONG_BANK_PLUS_WIDTH_EXPANSION
TPHW-4C794BF6272C581DD5D6,TP07F453,07:BF10:0:0:1,0x03BF10,AE3621,LDX,ABS,READ,1,0,$2136,EXACT_START_PLUS_DBR_OR_LONG_BANK_PLUS_WIDTH_EXPANSION
TPHW-D6DAC1039BD1BDF30441,TP07F453,07:BF4D:0:1:1,0x03BF4D,8D1B21,STA,ABS,WRITE,1,0,$211B,EXACT_START_PLUS_DBR_OR_LONG_BANK_PLUS_WIDTH_EXPANSION
TPHW-230EBBFE3B8669B17B37,TP07F453,07:BF51:0:1:1,0x03BF51,8D1B21,STA,ABS,WRITE,1,0,$211B,EXACT_START_PLUS_DBR_OR_LONG_BANK_PLUS_WIDTH_EXPANSION
TPHW-7A8257745C3C2D192377,TP07F453,07:BF54:0:1:1,0x03BF54,8E1C21,STX,ABS,WRITE,1,0,$211C,EXACT_START_PLUS_DBR_OR_LONG_BANK_PLUS_WIDTH_EXPANSION
TPHW-AE2E2FD217F925609A04,TP07F453,07:BF5B:0:0:1,0x03BF5B,AD3421,LDA,ABS,READ,2,0,$2134,EXACT_START_PLUS_DBR_OR_LONG_BANK_PLUS_WIDTH_EXPANSION
TPHW-D20F3FC7B7CE0BFACD22,TP07F453,07:BF5B:0:0:1,0x03BF5B,AD3421,LDA,ABS,READ,2,1,$2135,EXACT_START_PLUS_DBR_OR_LONG_BANK_PLUS_WIDTH_EXPANSION
TPHW-BE1801B21F10930A7004,TP07F453,07:BF5E:0:0:1,0x03BF5E,AE3621,LDX,ABS,READ,1,0,$2136,EXACT_START_PLUS_DBR_OR_LONG_BANK_PLUS_WIDTH_EXPANSION
TPHW-65BFBDE5CA19CE03623D,TP07F475,07:C2C5:0:1:1,0x03C2C5,8D1B21,STA,ABS,WRITE,1,0,$211B,EXACT_START_PLUS_DBR_OR_LONG_BANK_PLUS_WIDTH_EXPANSION
TPHW-71AC2BD010E029D20D21,TP07F475,07:C2C9:0:1:1,0x03C2C9,8D1B21,STA,ABS,WRITE,1,0,$211B,EXACT_START_PLUS_DBR_OR_LONG_BANK_PLUS_WIDTH_EXPANSION
TPHW-126826F2A809532D4B52,TP07F475,07:C2CC:0:1:1,0x03C2CC,8E1C21,STX,ABS,WRITE,1,0,$211C,EXACT_START_PLUS_DBR_OR_LONG_BANK_PLUS_WIDTH_EXPANSION
TPHW-80FD89C93B4807B7E0E2,TP07F475,07:C2D3:0:0:1,0x03C2D3,AD3421,LDA,ABS,READ,2,0,$2134,EXACT_START_PLUS_DBR_OR_LONG_BANK_PLUS_WIDTH_EXPANSION
TPHW-70FCF2211841695EC908,TP07F475,07:C2D3:0:0:1,0x03C2D3,AD3421,LDA,ABS,READ,2,1,$2135,EXACT_START_PLUS_DBR_OR_LONG_BANK_PLUS_WIDTH_EXPANSION
TPHW-76EBAC8CE523EBF99970,TP07F475,07:C2D6:0:0:1,0x03C2D6,AE3621,LDX,ABS,READ,1,0,$2136,EXACT_START_PLUS_DBR_OR_LONG_BANK_PLUS_WIDTH_EXPANSION
TPHW-858E2604B245364A4333,TP07F393,07:C97C:0:1:1,0x03C97C,8D1B21,STA,ABS,WRITE,1,0,$211B,EXACT_START_PLUS_DBR_OR_LONG_BANK_PLUS_WIDTH_EXPANSION
TPHW-A5A759D095BECD1D4C56,TP07F393,07:C980:0:1:1,0x03C980,8D1B21,STA,ABS,WRITE,1,0,$211B,EXACT_START_PLUS_DBR_OR_LONG_BANK_PLUS_WIDTH_EXPANSION
TPHW-943D29F8CC8D9ED426A8,TP07F393,07:C983:0:1:1,0x03C983,8E1C21,STX,ABS,WRITE,1,0,$211C,EXACT_START_PLUS_DBR_OR_LONG_BANK_PLUS_WIDTH_EXPANSION
TPHW-04377E3CEDC455906929,TP07F393,07:C98A:0:0:1,0x03C98A,AD3421,LDA,ABS,READ,2,0,$2134,EXACT_START_PLUS_DBR_OR_LONG_BANK_PLUS_WIDTH_EXPANSION
TPHW-0C9CC8B53F6D3350D085,TP07F393,07:C98A:0:0:1,0x03C98A,AD3421,LDA,ABS,READ,2,1,$2135,EXACT_START_PLUS_DBR_OR_LONG_BANK_PLUS_WIDTH_EXPANSION
TPHW-E5DB8FD61E5F87D89D81,TP07F393,07:C98D:0:0:1,0x03C98D,AE3621,LDX,ABS,READ,1,0,$2136,EXACT_START_PLUS_DBR_OR_LONG_BANK_PLUS_WIDTH_EXPANSION
TPHW-8C975922F8B8C45CBCEE,TP07F340,07:CCEE:0:1:1,0x03CCEE,8D1B21,STA,ABS,WRITE,1,0,$211B,EXACT_START_PLUS_DBR_OR_LONG_BANK_PLUS_WIDTH_EXPANSION
TPHW-0ADC74E07600EE081888,TP07F340,07:CCF2:0:1:1,0x03CCF2,8D1B21,STA,ABS,WRITE,1,0,$211B,EXACT_START_PLUS_DBR_OR_LONG_BANK_PLUS_WIDTH_EXPANSION
TPHW-4B18D909C280BE2D05E0,TP07F340,07:CCF5:0:1:1,0x03CCF5,8E1C21,STX,ABS,WRITE,1,0,$211C,EXACT_START_PLUS_DBR_OR_LONG_BANK_PLUS_WIDTH_EXPANSION
TPHW-E6464E51D8D6B963998E,TP07F340,07:CCFC:0:0:1,0x03CCFC,AD3421,LDA,ABS,READ,2,0,$2134,EXACT_START_PLUS_DBR_OR_LONG_BANK_PLUS_WIDTH_EXPANSION
TPHW-1BDEDED68E3D84A250B5,TP07F340,07:CCFC:0:0:1,0x03CCFC,AD3421,LDA,ABS,READ,2,1,$2135,EXACT_START_PLUS_DBR_OR_LONG_BANK_PLUS_WIDTH_EXPANSION
TPHW-284B880472E24ECD8347,TP07F340,07:CCFF:0:0:1,0x03CCFF,AE3621,LDX,ABS,READ,1,0,$2136,EXACT_START_PLUS_DBR_OR_LONG_BANK_PLUS_WIDTH_EXPANSION
TPHW-9702CA0CC0008B7AA7AD,TP07F477,07:CEEE:0:1:1,0x03CEEE,8D1B21,STA,ABS,WRITE,1,0,$211B,EXACT_START_PLUS_DBR_OR_LONG_BANK_PLUS_WIDTH_EXPANSION
TPHW-8C450E0ECC045F32D50C,TP07F477,07:CEF2:0:1:1,0x03CEF2,8D1B21,STA,ABS,WRITE,1,0,$211B,EXACT_START_PLUS_DBR_OR_LONG_BANK_PLUS_WIDTH_EXPANSION
TPHW-E6977DE0FF788A616E04,TP07F477,07:CEF5:0:1:1,0x03CEF5,8E1C21,STX,ABS,WRITE,1,0,$211C,EXACT_START_PLUS_DBR_OR_LONG_BANK_PLUS_WIDTH_EXPANSION
TPHW-C7BAA6A7851310B0A458,TP07F477,07:CEFC:0:0:1,0x03CEFC,AD3421,LDA,ABS,READ,2,0,$2134,EXACT_START_PLUS_DBR_OR_LONG_BANK_PLUS_WIDTH_EXPANSION
TPHW-6F2AEE2F679A1440B2E1,TP07F477,07:CEFC:0:0:1,0x03CEFC,AD3421,LDA,ABS,READ,2,1,$2135,EXACT_START_PLUS_DBR_OR_LONG_BANK_PLUS_WIDTH_EXPANSION
TPHW-32A357F0A32810FED429,TP07F477,07:CEFF:0:0:1,0x03CEFF,AE3621,LDX,ABS,READ,1,0,$2136,EXACT_START_PLUS_DBR_OR_LONG_BANK_PLUS_WIDTH_EXPANSION
TPHW-A77D4929794D13638715,TP07F477,07:CF3B:0:1:1,0x03CF3B,8D1B21,STA,ABS,WRITE,1,0,$211B,EXACT_START_PLUS_DBR_OR_LONG_BANK_PLUS_WIDTH_EXPANSION
TPHW-3D57FBCBAD2D14FC429B,TP07F477,07:CF3F:0:1:1,0x03CF3F,8D1B21,STA,ABS,WRITE,1,0,$211B,EXACT_START_PLUS_DBR_OR_LONG_BANK_PLUS_WIDTH_EXPANSION
TPHW-8C1C669599FB60A69150,TP07F477,07:CF42:0:1:1,0x03CF42,8E1C21,STX,ABS,WRITE,1,0,$211C,EXACT_START_PLUS_DBR_OR_LONG_BANK_PLUS_WIDTH_EXPANSION
TPHW-B65C3BCEAAE6FBDA1322,TP07F477,07:CF49:0:0:1,0x03CF49,AD3421,LDA,ABS,READ,2,0,$2134,EXACT_START_PLUS_DBR_OR_LONG_BANK_PLUS_WIDTH_EXPANSION
TPHW-EF50F9EF01DABCA93EAB,TP07F477,07:CF49:0:0:1,0x03CF49,AD3421,LDA,ABS,READ,2,1,$2135,EXACT_START_PLUS_DBR_OR_LONG_BANK_PLUS_WIDTH_EXPANSION
TPHW-F11D8FAA3B7E2FDD498A,TP07F477,07:CF4C:0:0:1,0x03CF4C,AE3621,LDX,ABS,READ,1,0,$2136,EXACT_START_PLUS_DBR_OR_LONG_BANK_PLUS_WIDTH_EXPANSION
TPHW-53B953AEB65B397B7236,TP07F455,07:D398:0:1:1,0x03D398,8D1B21,STA,ABS,WRITE,1,0,$211B,EXACT_START_PLUS_DBR_OR_LONG_BANK_PLUS_WIDTH_EXPANSION
TPHW-712632168E316B515ADD,TP07F455,07:D39C:0:1:1,0x03D39C,8D1B21,STA,ABS,WRITE,1,0,$211B,EXACT_START_PLUS_DBR_OR_LONG_BANK_PLUS_WIDTH_EXPANSION
TPHW-99DF2050C240F79CE2D9,TP07F455,07:D39F:0:1:1,0x03D39F,8E1C21,STX,ABS,WRITE,1,0,$211C,EXACT_START_PLUS_DBR_OR_LONG_BANK_PLUS_WIDTH_EXPANSION
TPHW-5B491D19901C10E2A7CF,TP07F455,07:D3A6:0:0:1,0x03D3A6,AD3421,LDA,ABS,READ,2,0,$2134,EXACT_START_PLUS_DBR_OR_LONG_BANK_PLUS_WIDTH_EXPANSION
TPHW-F4C8552FF2EF12C0F94A,TP07F455,07:D3A6:0:0:1,0x03D3A6,AD3421,LDA,ABS,READ,2,1,$2135,EXACT_START_PLUS_DBR_OR_LONG_BANK_PLUS_WIDTH_EXPANSION
TPHW-C37AD708D6F296DCC586,TP07F455,07:D3A9:0:0:1,0x03D3A9,AE3621,LDX,ABS,READ,1,0,$2136,EXACT_START_PLUS_DBR_OR_LONG_BANK_PLUS_WIDTH_EXPANSION
TPHW-19C56BE8F7DCFB40EA15,TP07F455,07:D42B:0:1:1,0x03D42B,8D1B21,STA,ABS,WRITE,1,0,$211B,EXACT_START_PLUS_DBR_OR_LONG_BANK_PLUS_WIDTH_EXPANSION
TPHW-536D0E2DA34C688438F5,TP07F455,07:D42F:0:1:1,0x03D42F,8D1B21,STA,ABS,WRITE,1,0,$211B,EXACT_START_PLUS_DBR_OR_LONG_BANK_PLUS_WIDTH_EXPANSION
TPHW-630AAEA1DF72C43E33AF,TP07F455,07:D432:0:1:1,0x03D432,8E1C21,STX,ABS,WRITE,1,0,$211C,EXACT_START_PLUS_DBR_OR_LONG_BANK_PLUS_WIDTH_EXPANSION
TPHW-99DA77FDF3D21A0D6E61,TP07F455,07:D439:0:0:1,0x03D439,AD3421,LDA,ABS,READ,2,0,$2134,EXACT_START_PLUS_DBR_OR_LONG_BANK_PLUS_WIDTH_EXPANSION
TPHW-8F05A2BAC011883DDCE6,TP07F455,07:D439:0:0:1,0x03D439,AD3421,LDA,ABS,READ,2,1,$2135,EXACT_START_PLUS_DBR_OR_LONG_BANK_PLUS_WIDTH_EXPANSION
TPHW-1C3581CC62E1CD257EEC,TP07F455,07:D43C:0:0:1,0x03D43C,AE3621,LDX,ABS,READ,1,0,$2136,EXACT_START_PLUS_DBR_OR_LONG_BANK_PLUS_WIDTH_EXPANSION
TPHW-5ED3437BB026247B574A,TP07F455,07:D478:0:1:1,0x03D478,8D1B21,STA,ABS,WRITE,1,0,$211B,EXACT_START_PLUS_DBR_OR_LONG_BANK_PLUS_WIDTH_EXPANSION
TPHW-737F79D395654EAE17F6,TP07F455,07:D47C:0:1:1,0x03D47C,8D1B21,STA,ABS,WRITE,1,0,$211B,EXACT_START_PLUS_DBR_OR_LONG_BANK_PLUS_WIDTH_EXPANSION
TPHW-FF6C4102EA4E9C5EB833,TP07F455,07:D47F:0:1:1,0x03D47F,8E1C21,STX,ABS,WRITE,1,0,$211C,EXACT_START_PLUS_DBR_OR_LONG_BANK_PLUS_WIDTH_EXPANSION
TPHW-465308F4A931110C21BB,TP07F455,07:D486:0:0:1,0x03D486,AD3421,LDA,ABS,READ,2,0,$2134,EXACT_START_PLUS_DBR_OR_LONG_BANK_PLUS_WIDTH_EXPANSION
TPHW-7ACC2AD945A822D7F518,TP07F455,07:D486:0:0:1,0x03D486,AD3421,LDA,ABS,READ,2,1,$2135,EXACT_START_PLUS_DBR_OR_LONG_BANK_PLUS_WIDTH_EXPANSION
TPHW-E34DE904F2A010BDA814,TP07F455,07:D489:0:0:1,0x03D489,AE3621,LDX,ABS,READ,1,0,$2136,EXACT_START_PLUS_DBR_OR_LONG_BANK_PLUS_WIDTH_EXPANSION
TPHW-32C9A2C377747402A621,TP07F431,07:D7F2:0:1:1,0x03D7F2,8D1B21,STA,ABS,WRITE,1,0,$211B,EXACT_START_PLUS_DBR_OR_LONG_BANK_PLUS_WIDTH_EXPANSION
TPHW-E93B8E03F8EECF716C47,TP07F431,07:D7F6:0:1:1,0x03D7F6,8D1B21,STA,ABS,WRITE,1,0,$211B,EXACT_START_PLUS_DBR_OR_LONG_BANK_PLUS_WIDTH_EXPANSION
TPHW-7A24C2B83709EF8DAFBD,TP07F431,07:D7F9:0:1:1,0x03D7F9,8E1C21,STX,ABS,WRITE,1,0,$211C,EXACT_START_PLUS_DBR_OR_LONG_BANK_PLUS_WIDTH_EXPANSION
TPHW-2D5F73AD2B328E18CE46,TP07F431,07:D800:0:0:1,0x03D800,AD3421,LDA,ABS,READ,2,0,$2134,EXACT_START_PLUS_DBR_OR_LONG_BANK_PLUS_WIDTH_EXPANSION
TPHW-E13095E787B7F5C18695,TP07F431,07:D800:0:0:1,0x03D800,AD3421,LDA,ABS,READ,2,1,$2135,EXACT_START_PLUS_DBR_OR_LONG_BANK_PLUS_WIDTH_EXPANSION
TPHW-9024321804AEE90D3845,TP07F431,07:D803:0:0:1,0x03D803,AE3621,LDX,ABS,READ,1,0,$2136,EXACT_START_PLUS_DBR_OR_LONG_BANK_PLUS_WIDTH_EXPANSION
TPHW-C28AFA7AEB6FDB9E3C46,TP07F431,07:D83F:0:1:1,0x03D83F,8D1B21,STA,ABS,WRITE,1,0,$211B,EXACT_START_PLUS_DBR_OR_LONG_BANK_PLUS_WIDTH_EXPANSION
TPHW-BD3F1DDB20460DB60F01,TP07F431,07:D843:0:1:1,0x03D843,8D1B21,STA,ABS,WRITE,1,0,$211B,EXACT_START_PLUS_DBR_OR_LONG_BANK_PLUS_WIDTH_EXPANSION
TPHW-C2725BF07BF11B1501A4,TP07F431,07:D846:0:1:1,0x03D846,8E1C21,STX,ABS,WRITE,1,0,$211C,EXACT_START_PLUS_DBR_OR_LONG_BANK_PLUS_WIDTH_EXPANSION
TPHW-868B2BC8EEDA91BAFD93,TP07F431,07:D84D:0:0:1,0x03D84D,AD3421,LDA,ABS,READ,2,0,$2134,EXACT_START_PLUS_DBR_OR_LONG_BANK_PLUS_WIDTH_EXPANSION
TPHW-2FA5807FA2E67AF54AC2,TP07F431,07:D84D:0:0:1,0x03D84D,AD3421,LDA,ABS,READ,2,1,$2135,EXACT_START_PLUS_DBR_OR_LONG_BANK_PLUS_WIDTH_EXPANSION
TPHW-0C49A4FE036FBDDC3861,TP07F431,07:D850:0:0:1,0x03D850,AE3621,LDX,ABS,READ,1,0,$2136,EXACT_START_PLUS_DBR_OR_LONG_BANK_PLUS_WIDTH_EXPANSION
TPHW-AEDCDE6585E43203FC08,TP07F466,07:DA57:0:1:1,0x03DA57,8D1B21,STA,ABS,WRITE,1,0,$211B,EXACT_START_PLUS_DBR_OR_LONG_BANK_PLUS_WIDTH_EXPANSION
TPHW-B3B7211DFED53F32334B,TP07F466,07:DA5B:0:1:1,0x03DA5B,8D1B21,STA,ABS,WRITE,1,0,$211B,EXACT_START_PLUS_DBR_OR_LONG_BANK_PLUS_WIDTH_EXPANSION
TPHW-59D7D1C2C12E13CAFBA5,TP07F466,07:DA5E:0:1:1,0x03DA5E,8E1C21,STX,ABS,WRITE,1,0,$211C,EXACT_START_PLUS_DBR_OR_LONG_BANK_PLUS_WIDTH_EXPANSION
TPHW-1C2C72165441F01F197F,TP07F466,07:DA65:0:0:1,0x03DA65,AD3421,LDA,ABS,READ,2,0,$2134,EXACT_START_PLUS_DBR_OR_LONG_BANK_PLUS_WIDTH_EXPANSION
TPHW-BC635F465309784088FE,TP07F466,07:DA65:0:0:1,0x03DA65,AD3421,LDA,ABS,READ,2,1,$2135,EXACT_START_PLUS_DBR_OR_LONG_BANK_PLUS_WIDTH_EXPANSION
TPHW-C58D2AD191E4EC6D81FF,TP07F466,07:DA68:0:0:1,0x03DA68,AE3621,LDX,ABS,READ,1,0,$2136,EXACT_START_PLUS_DBR_OR_LONG_BANK_PLUS_WIDTH_EXPANSION
TPHW-96DD1A4D8CBC52AF0709,TP07F466,07:DAA4:0:1:1,0x03DAA4,8D1B21,STA,ABS,WRITE,1,0,$211B,EXACT_START_PLUS_DBR_OR_LONG_BANK_PLUS_WIDTH_EXPANSION
TPHW-FD238EDD123A07F61844,TP07F466,07:DAA8:0:1:1,0x03DAA8,8D1B21,STA,ABS,WRITE,1,0,$211B,EXACT_START_PLUS_DBR_OR_LONG_BANK_PLUS_WIDTH_EXPANSION
TPHW-3FC74719C08C716AB74E,TP07F466,07:DAAB:0:1:1,0x03DAAB,8E1C21,STX,ABS,WRITE,1,0,$211C,EXACT_START_PLUS_DBR_OR_LONG_BANK_PLUS_WIDTH_EXPANSION
TPHW-558EA3AD191ADB842063,TP07F466,07:DAB2:0:0:1,0x03DAB2,AD3421,LDA,ABS,READ,2,0,$2134,EXACT_START_PLUS_DBR_OR_LONG_BANK_PLUS_WIDTH_EXPANSION
TPHW-D7373665BE0CE4E640E5,TP07F466,07:DAB2:0:0:1,0x03DAB2,AD3421,LDA,ABS,READ,2,1,$2135,EXACT_START_PLUS_DBR_OR_LONG_BANK_PLUS_WIDTH_EXPANSION
TPHW-CB99E51BB340290E6F54,TP07F466,07:DAB5:0:0:1,0x03DAB5,AE3621,LDX,ABS,READ,1,0,$2136,EXACT_START_PLUS_DBR_OR_LONG_BANK_PLUS_WIDTH_EXPANSION
TPHW-C1326FD99E8FE7ECF00F,TP07F466,07:DB05:0:1:1,0x03DB05,8D1B21,STA,ABS,WRITE,1,0,$211B,EXACT_START_PLUS_DBR_OR_LONG_BANK_PLUS_WIDTH_EXPANSION
TPHW-B126DC3949475654395B,TP07F466,07:DB09:0:1:1,0x03DB09,8D1B21,STA,ABS,WRITE,1,0,$211B,EXACT_START_PLUS_DBR_OR_LONG_BANK_PLUS_WIDTH_EXPANSION
TPHW-60AB6F66960C13D40C08,TP07F466,07:DB0C:0:1:1,0x03DB0C,8E1C21,STX,ABS,WRITE,1,0,$211C,EXACT_START_PLUS_DBR_OR_LONG_BANK_PLUS_WIDTH_EXPANSION
TPHW-B5116CFA9B87BF3B1B4D,TP07F466,07:DB13:0:0:1,0x03DB13,AD3421,LDA,ABS,READ,2,0,$2134,EXACT_START_PLUS_DBR_OR_LONG_BANK_PLUS_WIDTH_EXPANSION
TPHW-EB2F78FD4BF22B736829,TP07F466,07:DB13:0:0:1,0x03DB13,AD3421,LDA,ABS,READ,2,1,$2135,EXACT_START_PLUS_DBR_OR_LONG_BANK_PLUS_WIDTH_EXPANSION
TPHW-EB244F733982C0CF87B4,TP07F466,07:DB16:0:0:1,0x03DB16,AE3621,LDX,ABS,READ,1,0,$2136,EXACT_START_PLUS_DBR_OR_LONG_BANK_PLUS_WIDTH_EXPANSION
TPHW-25E48F26D83ED8620FDD,TP07F466,07:DC99:0:1:1,0x03DC99,8D1B21,STA,ABS,WRITE,1,0,$211B,EXACT_START_PLUS_DBR_OR_LONG_BANK_PLUS_WIDTH_EXPANSION
TPHW-07C939FBA3DAA23A2E88,TP07F466,07:DC9D:0:1:1,0x03DC9D,8D1B21,STA,ABS,WRITE,1,0,$211B,EXACT_START_PLUS_DBR_OR_LONG_BANK_PLUS_WIDTH_EXPANSION
TPHW-C690EB8C9F7D283B707B,TP07F466,07:DCA0:0:1:1,0x03DCA0,8E1C21,STX,ABS,WRITE,1,0,$211C,EXACT_START_PLUS_DBR_OR_LONG_BANK_PLUS_WIDTH_EXPANSION
TPHW-082ED96407D104FB2E5E,TP07F466,07:DCA7:0:0:1,0x03DCA7,AD3421,LDA,ABS,READ,2,0,$2134,EXACT_START_PLUS_DBR_OR_LONG_BANK_PLUS_WIDTH_EXPANSION
TPHW-A00C3ABB3559DFBF8FBF,TP07F466,07:DCA7:0:0:1,0x03DCA7,AD3421,LDA,ABS,READ,2,1,$2135,EXACT_START_PLUS_DBR_OR_LONG_BANK_PLUS_WIDTH_EXPANSION
TPHW-61C5AD9394D35957A3D7,TP07F466,07:DCAA:0:0:1,0x03DCAA,AE3621,LDX,ABS,READ,1,0,$2136,EXACT_START_PLUS_DBR_OR_LONG_BANK_PLUS_WIDTH_EXPANSION
TPHW-D8A3998F66A48EC1818F,TP07F479,07:E0AE:0:1:1,0x03E0AE,8D1B21,STA,ABS,WRITE,1,0,$211B,EXACT_START_PLUS_DBR_OR_LONG_BANK_PLUS_WIDTH_EXPANSION
TPHW-FEC07F2F3B681361A291,TP07F479,07:E0B2:0:1:1,0x03E0B2,8D1B21,STA,ABS,WRITE,1,0,$211B,EXACT_START_PLUS_DBR_OR_LONG_BANK_PLUS_WIDTH_EXPANSION
TPHW-C58E37D0269E6F4B80A5,TP07F479,07:E0B5:0:1:1,0x03E0B5,8E1C21,STX,ABS,WRITE,1,0,$211C,EXACT_START_PLUS_DBR_OR_LONG_BANK_PLUS_WIDTH_EXPANSION
TPHW-1A1688DD243F4469DB86,TP07F479,07:E0BC:0:0:1,0x03E0BC,AD3421,LDA,ABS,READ,2,0,$2134,EXACT_START_PLUS_DBR_OR_LONG_BANK_PLUS_WIDTH_EXPANSION
TPHW-55EDB7BD3B9C5E0E5571,TP07F479,07:E0BC:0:0:1,0x03E0BC,AD3421,LDA,ABS,READ,2,1,$2135,EXACT_START_PLUS_DBR_OR_LONG_BANK_PLUS_WIDTH_EXPANSION
TPHW-8BAF4A5E4DC052986A20,TP07F479,07:E0BF:0:0:1,0x03E0BF,AE3621,LDX,ABS,READ,1,0,$2136,EXACT_START_PLUS_DBR_OR_LONG_BANK_PLUS_WIDTH_EXPANSION
TPHW-966BECA4AE006B6987A1,TP07F479,07:E0FB:0:1:1,0x03E0FB,8D1B21,STA,ABS,WRITE,1,0,$211B,EXACT_START_PLUS_DBR_OR_LONG_BANK_PLUS_WIDTH_EXPANSION
TPHW-9E6FB74CD6EC4B9691B8,TP07F479,07:E0FF:0:1:1,0x03E0FF,8D1B21,STA,ABS,WRITE,1,0,$211B,EXACT_START_PLUS_DBR_OR_LONG_BANK_PLUS_WIDTH_EXPANSION
TPHW-9707CDE2BF2D285DAB44,TP07F479,07:E102:0:1:1,0x03E102,8E1C21,STX,ABS,WRITE,1,0,$211C,EXACT_START_PLUS_DBR_OR_LONG_BANK_PLUS_WIDTH_EXPANSION
TPHW-20DF546092070DA457FE,TP07F479,07:E109:0:0:1,0x03E109,AD3421,LDA,ABS,READ,2,0,$2134,EXACT_START_PLUS_DBR_OR_LONG_BANK_PLUS_WIDTH_EXPANSION
TPHW-E73D08698C3B516EE180,TP07F479,07:E109:0:0:1,0x03E109,AD3421,LDA,ABS,READ,2,1,$2135,EXACT_START_PLUS_DBR_OR_LONG_BANK_PLUS_WIDTH_EXPANSION
TPHW-325DD5DE9158E4B26E03,TP07F479,07:E10C:0:0:1,0x03E10C,AE3621,LDX,ABS,READ,1,0,$2136,EXACT_START_PLUS_DBR_OR_LONG_BANK_PLUS_WIDTH_EXPANSION
TPHW-1DB9AC2EC106EAA8ED51,TP07F452,07:E342:0:1:1,0x03E342,8D1B21,STA,ABS,WRITE,1,0,$211B,EXACT_START_PLUS_DBR_OR_LONG_BANK_PLUS_WIDTH_EXPANSION
TPHW-7634E6B1371760E72104,TP07F452,07:E346:0:1:1,0x03E346,8D1B21,STA,ABS,WRITE,1,0,$211B,EXACT_START_PLUS_DBR_OR_LONG_BANK_PLUS_WIDTH_EXPANSION
TPHW-0C715B83BC9A0B6FCA1C,TP07F452,07:E349:0:1:1,0x03E349,8E1C21,STX,ABS,WRITE,1,0,$211C,EXACT_START_PLUS_DBR_OR_LONG_BANK_PLUS_WIDTH_EXPANSION
TPHW-35C336129FB37E4DD2D0,TP07F452,07:E350:0:0:1,0x03E350,AD3421,LDA,ABS,READ,2,0,$2134,EXACT_START_PLUS_DBR_OR_LONG_BANK_PLUS_WIDTH_EXPANSION
TPHW-902B3999C2CC172374E8,TP07F452,07:E350:0:0:1,0x03E350,AD3421,LDA,ABS,READ,2,1,$2135,EXACT_START_PLUS_DBR_OR_LONG_BANK_PLUS_WIDTH_EXPANSION
TPHW-AF9A21EABCB8FC706138,TP07F452,07:E353:0:0:1,0x03E353,AE3621,LDX,ABS,READ,1,0,$2136,EXACT_START_PLUS_DBR_OR_LONG_BANK_PLUS_WIDTH_EXPANSION
TPHW-151F14A227524F13BA6A,TP07F452,07:E3D6:0:1:1,0x03E3D6,8D1B21,STA,ABS,WRITE,1,0,$211B,EXACT_START_PLUS_DBR_OR_LONG_BANK_PLUS_WIDTH_EXPANSION
TPHW-5A71C53BDDFDE74236E6,TP07F452,07:E3DA:0:1:1,0x03E3DA,8D1B21,STA,ABS,WRITE,1,0,$211B,EXACT_START_PLUS_DBR_OR_LONG_BANK_PLUS_WIDTH_EXPANSION
TPHW-38290AF723CFF516D202,TP07F452,07:E3DD:0:1:1,0x03E3DD,8E1C21,STX,ABS,WRITE,1,0,$211C,EXACT_START_PLUS_DBR_OR_LONG_BANK_PLUS_WIDTH_EXPANSION
TPHW-71A305D0406B3FF8E6A8,TP07F452,07:E3E4:0:0:1,0x03E3E4,AD3421,LDA,ABS,READ,2,0,$2134,EXACT_START_PLUS_DBR_OR_LONG_BANK_PLUS_WIDTH_EXPANSION
TPHW-6BE7CA9062E34DDF82F4,TP07F452,07:E3E4:0:0:1,0x03E3E4,AD3421,LDA,ABS,READ,2,1,$2135,EXACT_START_PLUS_DBR_OR_LONG_BANK_PLUS_WIDTH_EXPANSION
TPHW-AF9F461A6AF6BD8EF689,TP07F452,07:E3E7:0:0:1,0x03E3E7,AE3621,LDX,ABS,READ,1,0,$2136,EXACT_START_PLUS_DBR_OR_LONG_BANK_PLUS_WIDTH_EXPANSION
TPHW-0F4D1C1375B63643D136,TP07F452,07:E423:0:1:1,0x03E423,8D1B21,STA,ABS,WRITE,1,0,$211B,EXACT_START_PLUS_DBR_OR_LONG_BANK_PLUS_WIDTH_EXPANSION
TPHW-EC6AE22389AB0142E648,TP07F452,07:E427:0:1:1,0x03E427,8D1B21,STA,ABS,WRITE,1,0,$211B,EXACT_START_PLUS_DBR_OR_LONG_BANK_PLUS_WIDTH_EXPANSION
TPHW-650F9730034A346232C6,TP07F452,07:E42A:0:1:1,0x03E42A,8E1C21,STX,ABS,WRITE,1,0,$211C,EXACT_START_PLUS_DBR_OR_LONG_BANK_PLUS_WIDTH_EXPANSION
TPHW-504A3113F4642A70CF0A,TP07F452,07:E431:0:0:1,0x03E431,AD3421,LDA,ABS,READ,2,0,$2134,EXACT_START_PLUS_DBR_OR_LONG_BANK_PLUS_WIDTH_EXPANSION
TPHW-9564BE80EC832F0154E6,TP07F452,07:E431:0:0:1,0x03E431,AD3421,LDA,ABS,READ,2,1,$2135,EXACT_START_PLUS_DBR_OR_LONG_BANK_PLUS_WIDTH_EXPANSION
TPHW-083427324C1C89D1C4E7,TP07F452,07:E434:0:0:1,0x03E434,AE3621,LDX,ABS,READ,1,0,$2136,EXACT_START_PLUS_DBR_OR_LONG_BANK_PLUS_WIDTH_EXPANSION
TPHW-7EE4CDE2F2F641540483,TP07F481;TP07F482,07:EC2F:0:1:1,0x03EC2F,8D1B21,STA,ABS,WRITE,1,0,$211B,EXACT_START_PLUS_DBR_OR_LONG_BANK_PLUS_WIDTH_EXPANSION
TPHW-F90AA55EE6BFE281D386,TP07F481;TP07F482,07:EC33:0:1:1,0x03EC33,8D1B21,STA,ABS,WRITE,1,0,$211B,EXACT_START_PLUS_DBR_OR_LONG_BANK_PLUS_WIDTH_EXPANSION
TPHW-4531DDBE0712E2633328,TP07F481;TP07F482,07:EC36:0:1:1,0x03EC36,8E1C21,STX,ABS,WRITE,1,0,$211C,EXACT_START_PLUS_DBR_OR_LONG_BANK_PLUS_WIDTH_EXPANSION
TPHW-25B080D1610575C586D9,TP07F481;TP07F482,07:EC3D:0:0:1,0x03EC3D,AD3421,LDA,ABS,READ,2,0,$2134,EXACT_START_PLUS_DBR_OR_LONG_BANK_PLUS_WIDTH_EXPANSION
TPHW-DE659AA902FF8E9DA4D8,TP07F481;TP07F482,07:EC3D:0:0:1,0x03EC3D,AD3421,LDA,ABS,READ,2,1,$2135,EXACT_START_PLUS_DBR_OR_LONG_BANK_PLUS_WIDTH_EXPANSION
TPHW-F41885FAFEE369125E06,TP07F481;TP07F482,07:EC40:0:0:1,0x03EC40,AE3621,LDX,ABS,READ,1,0,$2136,EXACT_START_PLUS_DBR_OR_LONG_BANK_PLUS_WIDTH_EXPANSION
TPHW-D6A753274705D0A44C42,TP07F481;TP07F482,07:F186:0:1:1,0x03F186,8D1B21,STA,ABS,WRITE,1,0,$211B,EXACT_START_PLUS_DBR_OR_LONG_BANK_PLUS_WIDTH_EXPANSION
TPHW-B50493BA56F47E295C2D,TP07F481;TP07F482,07:F18A:0:1:1,0x03F18A,8D1B21,STA,ABS,WRITE,1,0,$211B,EXACT_START_PLUS_DBR_OR_LONG_BANK_PLUS_WIDTH_EXPANSION
TPHW-3CAFCED732599F7B2570,TP07F481;TP07F482,07:F18D:0:1:1,0x03F18D,8E1C21,STX,ABS,WRITE,1,0,$211C,EXACT_START_PLUS_DBR_OR_LONG_BANK_PLUS_WIDTH_EXPANSION
TPHW-BB489BAB4D5AD2C2035B,TP07F481;TP07F482,07:F194:0:0:1,0x03F194,AD3421,LDA,ABS,READ,2,0,$2134,EXACT_START_PLUS_DBR_OR_LONG_BANK_PLUS_WIDTH_EXPANSION
TPHW-EF2FF76D103FA43B7827,TP07F481;TP07F482,07:F194:0:0:1,0x03F194,AD3421,LDA,ABS,READ,2,1,$2135,EXACT_START_PLUS_DBR_OR_LONG_BANK_PLUS_WIDTH_EXPANSION
TPHW-CBDB6971C0A550CEB693,TP07F481;TP07F482,07:F197:0:0:1,0x03F197,AE3621,LDX,ABS,READ,1,0,$2136,EXACT_START_PLUS_DBR_OR_LONG_BANK_PLUS_WIDTH_EXPANSION
TPHW-6FEF4C29EED2AFB72756,TP07F481;TP07F482,07:F24D:0:1:1,0x03F24D,8D1B21,STA,ABS,WRITE,1,0,$211B,EXACT_START_PLUS_DBR_OR_LONG_BANK_PLUS_WIDTH_EXPANSION
TPHW-E129BDE8414F3E4C4C2B,TP07F481;TP07F482,07:F251:0:1:1,0x03F251,8D1B21,STA,ABS,WRITE,1,0,$211B,EXACT_START_PLUS_DBR_OR_LONG_BANK_PLUS_WIDTH_EXPANSION
TPHW-27CBEE3A88C19F724C03,TP07F481;TP07F482,07:F254:0:1:1,0x03F254,8E1C21,STX,ABS,WRITE,1,0,$211C,EXACT_START_PLUS_DBR_OR_LONG_BANK_PLUS_WIDTH_EXPANSION
TPHW-80D8CFF9EA19C4065CC2,TP07F481;TP07F482,07:F25B:0:0:1,0x03F25B,AD3421,LDA,ABS,READ,2,0,$2134,EXACT_START_PLUS_DBR_OR_LONG_BANK_PLUS_WIDTH_EXPANSION
TPHW-B6ED59DD56F3567B3B97,TP07F481;TP07F482,07:F25B:0:0:1,0x03F25B,AD3421,LDA,ABS,READ,2,1,$2135,EXACT_START_PLUS_DBR_OR_LONG_BANK_PLUS_WIDTH_EXPANSION
TPHW-666DAEB0AF4AAC119334,TP07F481;TP07F482,07:F25E:0:0:1,0x03F25E,AE3621,LDX,ABS,READ,1,0,$2136,EXACT_START_PLUS_DBR_OR_LONG_BANK_PLUS_WIDTH_EXPANSION
TPHW-A3729E65C8FFDDF0BCB4,TP07F471,07:F3EA:0:1:1,0x03F3EA,8D1B21,STA,ABS,WRITE,1,0,$211B,EXACT_START_PLUS_DBR_OR_LONG_BANK_PLUS_WIDTH_EXPANSION
TPHW-DA6081A5BAECD1BDA68B,TP07F471,07:F3EE:0:1:1,0x03F3EE,8D1B21,STA,ABS,WRITE,1,0,$211B,EXACT_START_PLUS_DBR_OR_LONG_BANK_PLUS_WIDTH_EXPANSION
TPHW-D2C395E36875CBA7826E,TP07F471,07:F3F1:0:1:1,0x03F3F1,8E1C21,STX,ABS,WRITE,1,0,$211C,EXACT_START_PLUS_DBR_OR_LONG_BANK_PLUS_WIDTH_EXPANSION
TPHW-4DC6ADE8181F431C4009,TP07F471,07:F3F8:0:0:1,0x03F3F8,AD3421,LDA,ABS,READ,2,0,$2134,EXACT_START_PLUS_DBR_OR_LONG_BANK_PLUS_WIDTH_EXPANSION
TPHW-1D31AE2A6EE64BBF6177,TP07F471,07:F3F8:0:0:1,0x03F3F8,AD3421,LDA,ABS,READ,2,1,$2135,EXACT_START_PLUS_DBR_OR_LONG_BANK_PLUS_WIDTH_EXPANSION
TPHW-7A1668E7F8DD122B7AC3,TP07F471,07:F3FB:0:0:1,0x03F3FB,AE3621,LDX,ABS,READ,1,0,$2136,EXACT_START_PLUS_DBR_OR_LONG_BANK_PLUS_WIDTH_EXPANSION
TPHW-3AD5C1F5756A18D10C09,TP07F471,07:F54B:0:1:1,0x03F54B,8D1B21,STA,ABS,WRITE,1,0,$211B,EXACT_START_PLUS_DBR_OR_LONG_BANK_PLUS_WIDTH_EXPANSION
TPHW-9BD6328A25B27FF8A009,TP07F471,07:F54F:0:1:1,0x03F54F,8D1B21,STA,ABS,WRITE,1,0,$211B,EXACT_START_PLUS_DBR_OR_LONG_BANK_PLUS_WIDTH_EXPANSION
TPHW-69F2B0137ABD48FD41B1,TP07F471,07:F552:0:1:1,0x03F552,8E1C21,STX,ABS,WRITE,1,0,$211C,EXACT_START_PLUS_DBR_OR_LONG_BANK_PLUS_WIDTH_EXPANSION
TPHW-86938D2854A882575374,TP07F471,07:F559:0:0:1,0x03F559,AD3421,LDA,ABS,READ,2,0,$2134,EXACT_START_PLUS_DBR_OR_LONG_BANK_PLUS_WIDTH_EXPANSION
TPHW-25CACB06E4291057C4E3,TP07F471,07:F559:0:0:1,0x03F559,AD3421,LDA,ABS,READ,2,1,$2135,EXACT_START_PLUS_DBR_OR_LONG_BANK_PLUS_WIDTH_EXPANSION
TPHW-EC635B055FE257966631,TP07F471,07:F55C:0:0:1,0x03F55C,AE3621,LDX,ABS,READ,1,0,$2136,EXACT_START_PLUS_DBR_OR_LONG_BANK_PLUS_WIDTH_EXPANSION
TPHW-A066C6B722AE675A1EEF,TP07F324,07:F705:0:1:1,0x03F705,8D1B21,STA,ABS,WRITE,1,0,$211B,EXACT_START_PLUS_DBR_OR_LONG_BANK_PLUS_WIDTH_EXPANSION
TPHW-77334FA7A82255D7AC11,TP07F324,07:F709:0:1:1,0x03F709,8D1B21,STA,ABS,WRITE,1,0,$211B,EXACT_START_PLUS_DBR_OR_LONG_BANK_PLUS_WIDTH_EXPANSION
TPHW-57A5DAC5F995CF41631E,TP07F324,07:F70C:0:1:1,0x03F70C,8E1C21,STX,ABS,WRITE,1,0,$211C,EXACT_START_PLUS_DBR_OR_LONG_BANK_PLUS_WIDTH_EXPANSION
TPHW-A5EAB249107149E5BEB0,TP07F324,07:F713:0:0:1,0x03F713,AD3421,LDA,ABS,READ,2,0,$2134,EXACT_START_PLUS_DBR_OR_LONG_BANK_PLUS_WIDTH_EXPANSION
TPHW-CB613F4C7D517E4F3B72,TP07F324,07:F713:0:0:1,0x03F713,AD3421,LDA,ABS,READ,2,1,$2135,EXACT_START_PLUS_DBR_OR_LONG_BANK_PLUS_WIDTH_EXPANSION
TPHW-B3A207D3E557E33CA4BA,TP07F324,07:F716:0:0:1,0x03F716,AE3621,LDX,ABS,READ,1,0,$2136,EXACT_START_PLUS_DBR_OR_LONG_BANK_PLUS_WIDTH_EXPANSION
TPHW-37CC5F84F70DE6D9A99F,TP07F324,07:F739:0:1:1,0x03F739,8D1B21,STA,ABS,WRITE,1,0,$211B,EXACT_START_PLUS_DBR_OR_LONG_BANK_PLUS_WIDTH_EXPANSION
TPHW-5F6396D7822C85C20DD9,TP07F324,07:F73D:0:1:1,0x03F73D,8D1B21,STA,ABS,WRITE,1,0,$211B,EXACT_START_PLUS_DBR_OR_LONG_BANK_PLUS_WIDTH_EXPANSION
TPHW-67674B2A670314C3F72A,TP07F324,07:F740:0:1:1,0x03F740,8E1C21,STX,ABS,WRITE,1,0,$211C,EXACT_START_PLUS_DBR_OR_LONG_BANK_PLUS_WIDTH_EXPANSION
TPHW-DEF04F4C3E3FD75E1ED6,TP07F324,07:F747:0:0:1,0x03F747,AD3421,LDA,ABS,READ,2,0,$2134,EXACT_START_PLUS_DBR_OR_LONG_BANK_PLUS_WIDTH_EXPANSION
TPHW-D840B9A6E7F605CBBC37,TP07F324,07:F747:0:0:1,0x03F747,AD3421,LDA,ABS,READ,2,1,$2135,EXACT_START_PLUS_DBR_OR_LONG_BANK_PLUS_WIDTH_EXPANSION
TPHW-1FA5355C74F19155BF76,TP07F324,07:F74A:0:0:1,0x03F74A,AE3621,LDX,ABS,READ,1,0,$2136,EXACT_START_PLUS_DBR_OR_LONG_BANK_PLUS_WIDTH_EXPANSION
TPHW-D7D70FEADCB4DD53A906,TP07F324,07:F7A8:0:1:1,0x03F7A8,8D1B21,STA,ABS,WRITE,1,0,$211B,EXACT_START_PLUS_DBR_OR_LONG_BANK_PLUS_WIDTH_EXPANSION
TPHW-33F403FC2FBFBB29F226,TP07F324,07:F7AC:0:1:1,0x03F7AC,8D1B21,STA,ABS,WRITE,1,0,$211B,EXACT_START_PLUS_DBR_OR_LONG_BANK_PLUS_WIDTH_EXPANSION
TPHW-854A1C13A167B4D53888,TP07F324,07:F7AF:0:1:1,0x03F7AF,8E1C21,STX,ABS,WRITE,1,0,$211C,EXACT_START_PLUS_DBR_OR_LONG_BANK_PLUS_WIDTH_EXPANSION
TPHW-4C4F6C06AB7CF63B9158,TP07F324,07:F7B6:0:0:1,0x03F7B6,AD3421,LDA,ABS,READ,2,0,$2134,EXACT_START_PLUS_DBR_OR_LONG_BANK_PLUS_WIDTH_EXPANSION
TPHW-6871807EB7CEDD9C4643,TP07F324,07:F7B6:0:0:1,0x03F7B6,AD3421,LDA,ABS,READ,2,1,$2135,EXACT_START_PLUS_DBR_OR_LONG_BANK_PLUS_WIDTH_EXPANSION
TPHW-F9CB2A517D60C0A8117C,TP07F324,07:F7B9:0:0:1,0x03F7B9,AE3621,LDX,ABS,READ,1,0,$2136,EXACT_START_PLUS_DBR_OR_LONG_BANK_PLUS_WIDTH_EXPANSION
TPHW-3A5868B6D7D128FE5BF4,TP07F460;TP07F461,07:FD0C:0:1:1,0x03FD0C,8D1B21,STA,ABS,WRITE,1,0,$211B,EXACT_START_PLUS_DBR_OR_LONG_BANK_PLUS_WIDTH_EXPANSION
TPHW-EDEAC2D21FCD52743C73,TP07F460;TP07F461,07:FD10:0:1:1,0x03FD10,8D1B21,STA,ABS,WRITE,1,0,$211B,EXACT_START_PLUS_DBR_OR_LONG_BANK_PLUS_WIDTH_EXPANSION
TPHW-A6CE8C96FED326924F4A,TP07F460;TP07F461,07:FD13:0:1:1,0x03FD13,8E1C21,STX,ABS,WRITE,1,0,$211C,EXACT_START_PLUS_DBR_OR_LONG_BANK_PLUS_WIDTH_EXPANSION
TPHW-DEF0A78D2049AA394C13,TP07F460;TP07F461,07:FD1A:0:0:1,0x03FD1A,AD3421,LDA,ABS,READ,2,0,$2134,EXACT_START_PLUS_DBR_OR_LONG_BANK_PLUS_WIDTH_EXPANSION
TPHW-AFACD42A6D7079268E93,TP07F460;TP07F461,07:FD1A:0:0:1,0x03FD1A,AD3421,LDA,ABS,READ,2,1,$2135,EXACT_START_PLUS_DBR_OR_LONG_BANK_PLUS_WIDTH_EXPANSION
TPHW-18BDE6DD95AEA40F3521,TP07F460;TP07F461,07:FD1D:0:0:1,0x03FD1D,AE3621,LDX,ABS,READ,1,0,$2136,EXACT_START_PLUS_DBR_OR_LONG_BANK_PLUS_WIDTH_EXPANSION
TPHW-7AA3E6851F6DF816CAA5,TP07F030,0B:8004:0:1:1,0x058004,8D0921,STA,ABS,WRITE,1,0,$2109,EXACT_START_PLUS_DBR_OR_LONG_BANK_PLUS_WIDTH_EXPANSION
TPHW-C8652DACFAC15AAC85AF,TP07F030,0B:8009:0:1:1,0x058009,8D1221,STA,ABS,WRITE,1,0,$2112,EXACT_START_PLUS_DBR_OR_LONG_BANK_PLUS_WIDTH_EXPANSION
TPHW-D31AA0BF2EC2769A55E9,TP07F030,0B:800E:0:1:1,0x05800E,8D1121,STA,ABS,WRITE,1,0,$2111,EXACT_START_PLUS_DBR_OR_LONG_BANK_PLUS_WIDTH_EXPANSION
TPHW-C62824C926C61049DA7A,TP07F030,0B:8013:0:1:1,0x058013,8D1521,STA,ABS,WRITE,1,0,$2115,EXACT_START_PLUS_DBR_OR_LONG_BANK_PLUS_WIDTH_EXPANSION
TPHW-9DF2ED1E1F1C6B3301DC,TP07F030,0B:8016:0:1:1,0x058016,8D1521,STA,ABS,WRITE,1,0,$2115,EXACT_START_PLUS_DBR_OR_LONG_BANK_PLUS_WIDTH_EXPANSION
TPHW-8B863FB2D6644DFB1AC5,TP07F030,0B:8021:0:1:1,0x058021,8D2C21,STA,ABS,WRITE,1,0,$212C,EXACT_START_PLUS_DBR_OR_LONG_BANK_PLUS_WIDTH_EXPANSION
TPHW-F9208B4E90FD097AFA22,TP07F353,0C:8275:0:1:0,0x060275,8D1621,STA,ABS,WRITE,1,0,$2116,EXACT_START_PLUS_DBR_OR_LONG_BANK_PLUS_WIDTH_EXPANSION
TPHW-4DE295E5AD6DAF4F75A2,TP07F353,0C:827B:0:1:0,0x06027B,8D1721,STA,ABS,WRITE,1,0,$2117,EXACT_START_PLUS_DBR_OR_LONG_BANK_PLUS_WIDTH_EXPANSION
TPHW-49CF06D1CB916A79F711,TP07F242,0C:82EE:0:1:0,0x0602EE,8D1621,STA,ABS,WRITE,1,0,$2116,EXACT_START_PLUS_DBR_OR_LONG_BANK_PLUS_WIDTH_EXPANSION
TPHW-9BDF55831EBDB391C423,TP07F242,0C:82F4:0:1:0,0x0602F4,8D1721,STA,ABS,WRITE,1,0,$2117,EXACT_START_PLUS_DBR_OR_LONG_BANK_PLUS_WIDTH_EXPANSION
TPHW-13AB462A63229BB30290,TP07F013;TP07F264,0C:8425:0:1:0,0x060425,8D1621,STA,ABS,WRITE,1,0,$2116,EXACT_START_PLUS_DBR_OR_LONG_BANK_PLUS_WIDTH_EXPANSION
TPHW-F06C556B5C1CBCCF0274,TP07F013;TP07F264,0C:842A:0:1:0,0x06042A,8D1721,STA,ABS,WRITE,1,0,$2117,EXACT_START_PLUS_DBR_OR_LONG_BANK_PLUS_WIDTH_EXPANSION
TPHW-29042B7BC260D8C6724B,TP07F013;TP07F264,0C:8437:0:1:0,0x060437,8D1821,STA,ABS,WRITE,1,0,$2118,EXACT_START_PLUS_DBR_OR_LONG_BANK_PLUS_WIDTH_EXPANSION
TPHW-20588C2E3569CD360A89,TP07F013;TP07F264,0C:843D:0:1:0,0x06043D,8D1921,STA,ABS,WRITE,1,0,$2119,EXACT_START_PLUS_DBR_OR_LONG_BANK_PLUS_WIDTH_EXPANSION
TPHW-8EA14E83A67C762799D7,TP07F013;TP07F264,0C:8446:0:1:0,0x060446,8D1621,STA,ABS,WRITE,1,0,$2116,EXACT_START_PLUS_DBR_OR_LONG_BANK_PLUS_WIDTH_EXPANSION
TPHW-C886665ACB6A61301265,TP07F013;TP07F264,0C:844B:0:1:0,0x06044B,8D1721,STA,ABS,WRITE,1,0,$2117,EXACT_START_PLUS_DBR_OR_LONG_BANK_PLUS_WIDTH_EXPANSION
TPHW-35CF46153677717B2457,TP07F252;TP07F253,0C:84CC:0:1:1,0x0604CC,8D0021,STA,ABS,WRITE,1,0,$2100,EXACT_START_PLUS_DBR_OR_LONG_BANK_PLUS_WIDTH_EXPANSION
TPHW-63E3039A301E830748A2,TP07F252;TP07F253,0C:84DE:0:1:1,0x0604DE,8D0621,STA,ABS,WRITE,1,0,$2106,EXACT_START_PLUS_DBR_OR_LONG_BANK_PLUS_WIDTH_EXPANSION
TPHW-D1F5ADB1777D816B1738,TP07F252;TP07F253,0C:84ED:0:1:1,0x0604ED,8D0021,STA,ABS,WRITE,1,0,$2100,EXACT_START_PLUS_DBR_OR_LONG_BANK_PLUS_WIDTH_EXPANSION
TPHW-AC364DD7593F3179591A,TP07F252;TP07F253,0C:84F2:0:1:1,0x0604F2,8D0621,STA,ABS,WRITE,1,0,$2106,EXACT_START_PLUS_DBR_OR_LONG_BANK_PLUS_WIDTH_EXPANSION
TPHW-D8269784D4A902E22B83,TP07F252;TP07F253,0C:8502:0:1:1,0x060502,8D0021,STA,ABS,WRITE,1,0,$2100,EXACT_START_PLUS_DBR_OR_LONG_BANK_PLUS_WIDTH_EXPANSION
TPHW-C1A38AEE501CB554153B,TP07F252;TP07F253,0C:8514:0:1:1,0x060514,8D0621,STA,ABS,WRITE,1,0,$2106,EXACT_START_PLUS_DBR_OR_LONG_BANK_PLUS_WIDTH_EXPANSION
TPHW-4934ABA02C6F7E5F174A,TP07F232,0C:858B:0:1:0,0x06058B,8D1621,STA,ABS,WRITE,1,0,$2116,EXACT_START_PLUS_DBR_OR_LONG_BANK_PLUS_WIDTH_EXPANSION
TPHW-116ADFE5C626A03984AB,TP07F232,0C:8591:0:1:0,0x060591,8D1721,STA,ABS,WRITE,1,0,$2117,EXACT_START_PLUS_DBR_OR_LONG_BANK_PLUS_WIDTH_EXPANSION
TPHW-54510C36734DD4B0F501,TP07F209,0C:85DB:0:0:1,0x0605DB,8C2121,STY,ABS,WRITE,1,0,$2121,EXACT_START_PLUS_DBR_OR_LONG_BANK_PLUS_WIDTH_EXPANSION
TPHW-5E30A4964555E9D3A2D1,TP07F014;TP07F262,0C:8914:0:1:0,0x060914,8D1621,STA,ABS,WRITE,1,0,$2116,EXACT_START_PLUS_DBR_OR_LONG_BANK_PLUS_WIDTH_EXPANSION
TPHW-7526795AB177E534AA6E,TP07F014;TP07F262,0C:8919:0:1:0,0x060919,8D1721,STA,ABS,WRITE,1,0,$2117,EXACT_START_PLUS_DBR_OR_LONG_BANK_PLUS_WIDTH_EXPANSION
TPHW-1FAB56D241367543D856,TP07F014;TP07F262,0C:8963:0:1:0,0x060963,8D1621,STA,ABS,WRITE,1,0,$2116,EXACT_START_PLUS_DBR_OR_LONG_BANK_PLUS_WIDTH_EXPANSION
TPHW-70C59FAB701390C54B67,TP07F014;TP07F262,0C:8968:0:1:0,0x060968,8D1721,STA,ABS,WRITE,1,0,$2117,EXACT_START_PLUS_DBR_OR_LONG_BANK_PLUS_WIDTH_EXPANSION
TPHW-316F441963D14774692D,TP07F245,0C:899B:0:1:0,0x06099B,8D1621,STA,ABS,WRITE,1,0,$2116,EXACT_START_PLUS_DBR_OR_LONG_BANK_PLUS_WIDTH_EXPANSION
TPHW-C79B0A8082F66CC62928,TP07F245,0C:89A1:0:1:0,0x0609A1,8D1721,STA,ABS,WRITE,1,0,$2117,EXACT_START_PLUS_DBR_OR_LONG_BANK_PLUS_WIDTH_EXPANSION
TPHW-2B1D586BA18EFC0063B7,TP07F237,0C:8A41:0:1:0,0x060A41,8D1621,STA,ABS,WRITE,1,0,$2116,EXACT_START_PLUS_DBR_OR_LONG_BANK_PLUS_WIDTH_EXPANSION
TPHW-82CC3010799C80A82AAB,TP07F237,0C:8A46:0:1:0,0x060A46,8D1721,STA,ABS,WRITE,1,0,$2117,EXACT_START_PLUS_DBR_OR_LONG_BANK_PLUS_WIDTH_EXPANSION
TPHW-97AB5E66FD409DFF603F,TP07F058,0C:8AA0:0:1:1,0x060AA0,8D3021,STA,ABS,WRITE,1,0,$2130,EXACT_START_PLUS_DBR_OR_LONG_BANK_PLUS_WIDTH_EXPANSION
TPHW-145688C0C5A729FBF2A6,TP07F058,0C:8AA5:0:1:1,0x060AA5,8D3221,STA,ABS,WRITE,1,0,$2132,EXACT_START_PLUS_DBR_OR_LONG_BANK_PLUS_WIDTH_EXPANSION
TPHW-148FC8F0BFE2E1528D56,TP07F058,0C:8AAA:0:1:1,0x060AAA,8D1521,STA,ABS,WRITE,1,0,$2115,EXACT_START_PLUS_DBR_OR_LONG_BANK_PLUS_WIDTH_EXPANSION
TPHW-FE2418F2DFEA054B62C6,TP07F058,0C:8AAD:0:1:1,0x060AAD,8D1521,STA,ABS,WRITE,1,0,$2115,EXACT_START_PLUS_DBR_OR_LONG_BANK_PLUS_WIDTH_EXPANSION
TPHW-2E50F2B3B6A7A49A3975,TP07F058,0C:8ADF:0:1:0,0x060ADF,8D1621,STA,ABS,WRITE,1,0,$2116,EXACT_START_PLUS_DBR_OR_LONG_BANK_PLUS_WIDTH_EXPANSION
TPHW-AA5CCD45210DF9F4D9E9,TP07F058,0C:8AE5:0:1:0,0x060AE5,8D1721,STA,ABS,WRITE,1,0,$2117,EXACT_START_PLUS_DBR_OR_LONG_BANK_PLUS_WIDTH_EXPANSION
TPHW-D2FDF059C259D054B9AD,TP07F058,0C:8C0A:0:1:0,0x060C0A,8D1621,STA,ABS,WRITE,1,0,$2116,EXACT_START_PLUS_DBR_OR_LONG_BANK_PLUS_WIDTH_EXPANSION
TPHW-82C07EBFDFA5AA336928,TP07F058,0C:8C0F:0:1:0,0x060C0F,8D1721,STA,ABS,WRITE,1,0,$2117,EXACT_START_PLUS_DBR_OR_LONG_BANK_PLUS_WIDTH_EXPANSION
TPHW-CFA87BE7BAE1B74777A4,TP07F022,0C:8C82:0:1:1,0x060C82,8D3321,STA,ABS,WRITE,1,0,$2133,EXACT_START_PLUS_DBR_OR_LONG_BANK_PLUS_WIDTH_EXPANSION
TPHW-1D1A5DC4BC363EE23C2C,TP07F022,0C:8C87:0:1:1,0x060C87,8D2C21,STA,ABS,WRITE,1,0,$212C,EXACT_START_PLUS_DBR_OR_LONG_BANK_PLUS_WIDTH_EXPANSION
TPHW-23D2AB76B12C4CC5DDD5,TP07F022,0C:8C8C:0:1:1,0x060C8C,8D0521,STA,ABS,WRITE,1,0,$2105,EXACT_START_PLUS_DBR_OR_LONG_BANK_PLUS_WIDTH_EXPANSION
TPHW-306AEAC5DCCA0AF01293,TP07F022,0C:8C91:0:1:1,0x060C91,8D0721,STA,ABS,WRITE,1,0,$2107,EXACT_START_PLUS_DBR_OR_LONG_BANK_PLUS_WIDTH_EXPANSION
TPHW-C4ECEA07381571A57508,TP07F022,0C:8C96:0:1:1,0x060C96,8D0B21,STA,ABS,WRITE,1,0,$210B,EXACT_START_PLUS_DBR_OR_LONG_BANK_PLUS_WIDTH_EXPANSION
TPHW-E8B7FD23C6C461E3EAB3,TP07F022,0C:8C9B:0:1:1,0x060C9B,8D0D21,STA,ABS,WRITE,1,0,$210D,EXACT_START_PLUS_DBR_OR_LONG_BANK_PLUS_WIDTH_EXPANSION
TPHW-A26B11847CF6F4F980A1,TP07F022,0C:8CA0:0:1:1,0x060CA0,8D0E21,STA,ABS,WRITE,1,0,$210E,EXACT_START_PLUS_DBR_OR_LONG_BANK_PLUS_WIDTH_EXPANSION
TPHW-6C044185698C5BF9E5E4,TP07F024,0C:8CAF:0:1:0,0x060CAF,8D1621,STA,ABS,WRITE,1,0,$2116,EXACT_START_PLUS_DBR_OR_LONG_BANK_PLUS_WIDTH_EXPANSION
TPHW-CD0116E544B25D5430F2,TP07F024,0C:8CB4:0:1:0,0x060CB4,8D1721,STA,ABS,WRITE,1,0,$2117,EXACT_START_PLUS_DBR_OR_LONG_BANK_PLUS_WIDTH_EXPANSION
TPHW-9D4A2D28FA5B306E2AF4,TP07F025,0C:8D07:0:0:1,0x060D07,8C2121,STY,ABS,WRITE,1,0,$2121,EXACT_START_PLUS_DBR_OR_LONG_BANK_PLUS_WIDTH_EXPANSION
TPHW-611A4359DACCCDF9B457,TP07F138;TP07F139;TP07F356,0C:A51C:0:1:1,0x06251C,8D1B21,STA,ABS,WRITE,1,0,$211B,EXACT_START_PLUS_DBR_OR_LONG_BANK_PLUS_WIDTH_EXPANSION
TPHW-DFEFD4F05C3A73F1EE7E,TP07F138;TP07F139;TP07F356,0C:A520:0:1:1,0x062520,8D1B21,STA,ABS,WRITE,1,0,$211B,EXACT_START_PLUS_DBR_OR_LONG_BANK_PLUS_WIDTH_EXPANSION
TPHW-A72AFE3DD972F6511E2B,TP07F138;TP07F139;TP07F356,0C:A523:0:1:1,0x062523,8E1C21,STX,ABS,WRITE,1,0,$211C,EXACT_START_PLUS_DBR_OR_LONG_BANK_PLUS_WIDTH_EXPANSION
TPHW-D6827770F78A7D8E13D7,TP07F138;TP07F139;TP07F356,0C:A52A:0:0:1,0x06252A,AD3421,LDA,ABS,READ,2,0,$2134,EXACT_START_PLUS_DBR_OR_LONG_BANK_PLUS_WIDTH_EXPANSION
TPHW-9775FEB234D247DF908D,TP07F138;TP07F139;TP07F356,0C:A52A:0:0:1,0x06252A,AD3421,LDA,ABS,READ,2,1,$2135,EXACT_START_PLUS_DBR_OR_LONG_BANK_PLUS_WIDTH_EXPANSION
TPHW-15ACF8A239881C1E431D,TP07F138;TP07F139;TP07F356,0C:A52D:0:0:1,0x06252D,AE3621,LDX,ABS,READ,1,0,$2136,EXACT_START_PLUS_DBR_OR_LONG_BANK_PLUS_WIDTH_EXPANSION
TPHW-985FD0A3815A7F992D9D,TP07F351,0C:A6F6:0:1:0,0x0626F6,8D1621,STA,ABS,WRITE,1,0,$2116,EXACT_START_PLUS_DBR_OR_LONG_BANK_PLUS_WIDTH_EXPANSION
TPHW-6AA276643C6193CB601F,TP07F351,0C:A6FC:0:1:0,0x0626FC,8D1721,STA,ABS,WRITE,1,0,$2117,EXACT_START_PLUS_DBR_OR_LONG_BANK_PLUS_WIDTH_EXPANSION
TPHW-EC34C00B6A4F3E53AED1,TP07F158,0C:B20C:0:1:1,0x06320C,8D1B21,STA,ABS,WRITE,1,0,$211B,EXACT_START_PLUS_DBR_OR_LONG_BANK_PLUS_WIDTH_EXPANSION
TPHW-AA1EDD0DAA06C9E8F10B,TP07F158,0C:B210:0:1:1,0x063210,8D1B21,STA,ABS,WRITE,1,0,$211B,EXACT_START_PLUS_DBR_OR_LONG_BANK_PLUS_WIDTH_EXPANSION
TPHW-E319AE7C7CA78A22626A,TP07F158,0C:B213:0:1:1,0x063213,8E1C21,STX,ABS,WRITE,1,0,$211C,EXACT_START_PLUS_DBR_OR_LONG_BANK_PLUS_WIDTH_EXPANSION
TPHW-B6691338A59EB6A88362,TP07F158,0C:B21A:0:0:1,0x06321A,AD3421,LDA,ABS,READ,2,0,$2134,EXACT_START_PLUS_DBR_OR_LONG_BANK_PLUS_WIDTH_EXPANSION
TPHW-33974B1ECEDF8885377C,TP07F158,0C:B21A:0:0:1,0x06321A,AD3421,LDA,ABS,READ,2,1,$2135,EXACT_START_PLUS_DBR_OR_LONG_BANK_PLUS_WIDTH_EXPANSION
TPHW-10895E629E465514D23E,TP07F158,0C:B21D:0:0:1,0x06321D,AE3621,LDX,ABS,READ,1,0,$2136,EXACT_START_PLUS_DBR_OR_LONG_BANK_PLUS_WIDTH_EXPANSION
TPHW-80B1019D0FFC91DDC933,TP07F158,0C:B30B:0:1:1,0x06330B,8D1B21,STA,ABS,WRITE,1,0,$211B,EXACT_START_PLUS_DBR_OR_LONG_BANK_PLUS_WIDTH_EXPANSION
TPHW-90EC519CEF0D2A4B1E99,TP07F158,0C:B30F:0:1:1,0x06330F,8D1B21,STA,ABS,WRITE,1,0,$211B,EXACT_START_PLUS_DBR_OR_LONG_BANK_PLUS_WIDTH_EXPANSION
TPHW-0D4A7126C79122A52651,TP07F158,0C:B312:0:1:1,0x063312,8E1C21,STX,ABS,WRITE,1,0,$211C,EXACT_START_PLUS_DBR_OR_LONG_BANK_PLUS_WIDTH_EXPANSION
TPHW-9D14E2D0CB7F80B2D770,TP07F158,0C:B319:0:0:1,0x063319,AD3421,LDA,ABS,READ,2,0,$2134,EXACT_START_PLUS_DBR_OR_LONG_BANK_PLUS_WIDTH_EXPANSION
TPHW-4FDE0D7B2F37189960F4,TP07F158,0C:B319:0:0:1,0x063319,AD3421,LDA,ABS,READ,2,1,$2135,EXACT_START_PLUS_DBR_OR_LONG_BANK_PLUS_WIDTH_EXPANSION
TPHW-15F69C200D81A36FB86D,TP07F158,0C:B31C:0:0:1,0x06331C,AE3621,LDX,ABS,READ,1,0,$2136,EXACT_START_PLUS_DBR_OR_LONG_BANK_PLUS_WIDTH_EXPANSION
TPHW-593C04FB3E116E9B7ADF,TP07F348,0C:B53A:0:1:1,0x06353A,8D1B21,STA,ABS,WRITE,1,0,$211B,EXACT_START_PLUS_DBR_OR_LONG_BANK_PLUS_WIDTH_EXPANSION
TPHW-107CA35A539521DBA7D7,TP07F348,0C:B53E:0:1:1,0x06353E,8D1B21,STA,ABS,WRITE,1,0,$211B,EXACT_START_PLUS_DBR_OR_LONG_BANK_PLUS_WIDTH_EXPANSION
TPHW-7BD1D524D77D1671494D,TP07F348,0C:B541:0:1:1,0x063541,8E1C21,STX,ABS,WRITE,1,0,$211C,EXACT_START_PLUS_DBR_OR_LONG_BANK_PLUS_WIDTH_EXPANSION
TPHW-18702F541998E633EA1F,TP07F348,0C:B548:0:0:1,0x063548,AD3421,LDA,ABS,READ,2,0,$2134,EXACT_START_PLUS_DBR_OR_LONG_BANK_PLUS_WIDTH_EXPANSION
TPHW-387F91F38C2E366DFC1C,TP07F348,0C:B548:0:0:1,0x063548,AD3421,LDA,ABS,READ,2,1,$2135,EXACT_START_PLUS_DBR_OR_LONG_BANK_PLUS_WIDTH_EXPANSION
TPHW-D5030A2E0629B91E8254,TP07F348,0C:B54B:0:0:1,0x06354B,AE3621,LDX,ABS,READ,1,0,$2136,EXACT_START_PLUS_DBR_OR_LONG_BANK_PLUS_WIDTH_EXPANSION
TPHW-5655F018C6B350274766,TP07F470,0C:BFA0:0:1:1,0x063FA0,8D1B21,STA,ABS,WRITE,1,0,$211B,EXACT_START_PLUS_DBR_OR_LONG_BANK_PLUS_WIDTH_EXPANSION
TPHW-93CCF946EE80728A77E8,TP07F470,0C:BFA4:0:1:1,0x063FA4,8D1B21,STA,ABS,WRITE,1,0,$211B,EXACT_START_PLUS_DBR_OR_LONG_BANK_PLUS_WIDTH_EXPANSION
TPHW-113FC06D04DAF5326539,TP07F470,0C:BFA7:0:1:1,0x063FA7,8E1C21,STX,ABS,WRITE,1,0,$211C,EXACT_START_PLUS_DBR_OR_LONG_BANK_PLUS_WIDTH_EXPANSION
TPHW-BC01C620C47130F7FE73,TP07F470,0C:BFAE:0:0:1,0x063FAE,AD3421,LDA,ABS,READ,2,0,$2134,EXACT_START_PLUS_DBR_OR_LONG_BANK_PLUS_WIDTH_EXPANSION
TPHW-ECAE6E2D963075B4A409,TP07F470,0C:BFAE:0:0:1,0x063FAE,AD3421,LDA,ABS,READ,2,1,$2135,EXACT_START_PLUS_DBR_OR_LONG_BANK_PLUS_WIDTH_EXPANSION
TPHW-1468C34164824037B274,TP07F470,0C:BFB1:0:0:1,0x063FB1,AE3621,LDX,ABS,READ,1,0,$2136,EXACT_START_PLUS_DBR_OR_LONG_BANK_PLUS_WIDTH_EXPANSION
TPHW-AC002A0008DCA0E446EC,TP07F246;TP07F247;TP07F248,0C:E18E:0:1:0,0x06618E,8D1621,STA,ABS,WRITE,1,0,$2116,EXACT_START_PLUS_DBR_OR_LONG_BANK_PLUS_WIDTH_EXPANSION
TPHW-210CA2FE74181660DC22,TP07F246;TP07F247;TP07F248,0C:E193:0:1:0,0x066193,8D1721,STA,ABS,WRITE,1,0,$2117,EXACT_START_PLUS_DBR_OR_LONG_BANK_PLUS_WIDTH_EXPANSION
TPHW-7A635D3ED42530189D84,TP07F284,0C:E21B:0:1:0,0x06621B,8D1621,STA,ABS,WRITE,1,0,$2116,EXACT_START_PLUS_DBR_OR_LONG_BANK_PLUS_WIDTH_EXPANSION
TPHW-878B84AB3F411F14E199,TP07F284,0C:E220:0:1:0,0x066220,8D1721,STA,ABS,WRITE,1,0,$2117,EXACT_START_PLUS_DBR_OR_LONG_BANK_PLUS_WIDTH_EXPANSION
TPHW-9D2BE5DE682197AB76C2,TP07F284,0C:E27D:0:1:0,0x06627D,8D1621,STA,ABS,WRITE,1,0,$2116,EXACT_START_PLUS_DBR_OR_LONG_BANK_PLUS_WIDTH_EXPANSION
TPHW-C3B42EC1A0AE9C13F620,TP07F284,0C:E282:0:1:0,0x066282,8D1721,STA,ABS,WRITE,1,0,$2117,EXACT_START_PLUS_DBR_OR_LONG_BANK_PLUS_WIDTH_EXPANSION
TPHW-B2AB1985C05439516D75,TP07F320,0C:E3E6:0:1:0,0x0663E6,8D1621,STA,ABS,WRITE,1,0,$2116,EXACT_START_PLUS_DBR_OR_LONG_BANK_PLUS_WIDTH_EXPANSION
TPHW-053BE883D7F8A23DDFD5,TP07F320,0C:E3EB:0:1:0,0x0663EB,8D1721,STA,ABS,WRITE,1,0,$2117,EXACT_START_PLUS_DBR_OR_LONG_BANK_PLUS_WIDTH_EXPANSION
TPHW-0C30F502ECFFAD452452,TP07F243,0C:E436:0:1:0,0x066436,8D1621,STA,ABS,WRITE,1,0,$2116,EXACT_START_PLUS_DBR_OR_LONG_BANK_PLUS_WIDTH_EXPANSION
TPHW-DCAA5FA0FEFDBEB5AE61,TP07F243,0C:E43B:0:1:0,0x06643B,8D1721,STA,ABS,WRITE,1,0,$2117,EXACT_START_PLUS_DBR_OR_LONG_BANK_PLUS_WIDTH_EXPANSION
TPHW-4DF2BC4CE5BE2ED347F3,TP07F433,0C:FBB4:0:1:1,0x067BB4,8D1B21,STA,ABS,WRITE,1,0,$211B,EXACT_START_PLUS_DBR_OR_LONG_BANK_PLUS_WIDTH_EXPANSION
TPHW-02064815A71EB4E7C2FE,TP07F433,0C:FBB8:0:1:1,0x067BB8,8D1B21,STA,ABS,WRITE,1,0,$211B,EXACT_START_PLUS_DBR_OR_LONG_BANK_PLUS_WIDTH_EXPANSION
TPHW-A4B638AC65A15F4F3BB3,TP07F433,0C:FBBB:0:1:1,0x067BBB,8E1C21,STX,ABS,WRITE,1,0,$211C,EXACT_START_PLUS_DBR_OR_LONG_BANK_PLUS_WIDTH_EXPANSION
TPHW-DCF6DB658E9953052C8E,TP07F433,0C:FBC2:0:0:1,0x067BC2,AD3421,LDA,ABS,READ,2,0,$2134,EXACT_START_PLUS_DBR_OR_LONG_BANK_PLUS_WIDTH_EXPANSION
TPHW-2E6184EFF097538260FB,TP07F433,0C:FBC2:0:0:1,0x067BC2,AD3421,LDA,ABS,READ,2,1,$2135,EXACT_START_PLUS_DBR_OR_LONG_BANK_PLUS_WIDTH_EXPANSION
TPHW-116B52C394F7135449F0,TP07F433,0C:FBC5:0:0:1,0x067BC5,AE3621,LDX,ABS,READ,1,0,$2136,EXACT_START_PLUS_DBR_OR_LONG_BANK_PLUS_WIDTH_EXPANSION
TPHW-756563E6F905392C1468,TP07F433,0C:FC01:0:1:1,0x067C01,8D1B21,STA,ABS,WRITE,1,0,$211B,EXACT_START_PLUS_DBR_OR_LONG_BANK_PLUS_WIDTH_EXPANSION
TPHW-7AECE69C75B32AC69B7E,TP07F433,0C:FC05:0:1:1,0x067C05,8D1B21,STA,ABS,WRITE,1,0,$211B,EXACT_START_PLUS_DBR_OR_LONG_BANK_PLUS_WIDTH_EXPANSION
TPHW-77AABA7571215B9DDDCC,TP07F433,0C:FC08:0:1:1,0x067C08,8E1C21,STX,ABS,WRITE,1,0,$211C,EXACT_START_PLUS_DBR_OR_LONG_BANK_PLUS_WIDTH_EXPANSION
TPHW-606597FB8134042E40B1,TP07F433,0C:FC0F:0:0:1,0x067C0F,AD3421,LDA,ABS,READ,2,0,$2134,EXACT_START_PLUS_DBR_OR_LONG_BANK_PLUS_WIDTH_EXPANSION
TPHW-B53B982E7EB4E8035773,TP07F433,0C:FC0F:0:0:1,0x067C0F,AD3421,LDA,ABS,READ,2,1,$2135,EXACT_START_PLUS_DBR_OR_LONG_BANK_PLUS_WIDTH_EXPANSION
TPHW-ADD75761E44A65A976C7,TP07F433,0C:FC12:0:0:1,0x067C12,AE3621,LDX,ABS,READ,1,0,$2136,EXACT_START_PLUS_DBR_OR_LONG_BANK_PLUS_WIDTH_EXPANSION
TPHW-94E3FF563DE7208D639E,TP07F433,0C:FC65:0:1:1,0x067C65,8D1B21,STA,ABS,WRITE,1,0,$211B,EXACT_START_PLUS_DBR_OR_LONG_BANK_PLUS_WIDTH_EXPANSION
TPHW-FBE92916401F392B9F97,TP07F433,0C:FC69:0:1:1,0x067C69,8D1B21,STA,ABS,WRITE,1,0,$211B,EXACT_START_PLUS_DBR_OR_LONG_BANK_PLUS_WIDTH_EXPANSION
TPHW-58D55E855DA914197206,TP07F433,0C:FC6C:0:1:1,0x067C6C,8E1C21,STX,ABS,WRITE,1,0,$211C,EXACT_START_PLUS_DBR_OR_LONG_BANK_PLUS_WIDTH_EXPANSION
TPHW-A4415199F127EC183706,TP07F433,0C:FC73:0:0:1,0x067C73,AD3421,LDA,ABS,READ,2,0,$2134,EXACT_START_PLUS_DBR_OR_LONG_BANK_PLUS_WIDTH_EXPANSION
TPHW-64CE33C6432DE13433EF,TP07F433,0C:FC73:0:0:1,0x067C73,AD3421,LDA,ABS,READ,2,1,$2135,EXACT_START_PLUS_DBR_OR_LONG_BANK_PLUS_WIDTH_EXPANSION
TPHW-F62E63CBE639A8F1F1C2,TP07F433,0C:FC76:0:0:1,0x067C76,AE3621,LDX,ABS,READ,1,0,$2136,EXACT_START_PLUS_DBR_OR_LONG_BANK_PLUS_WIDTH_EXPANSION
TPHW-FF5F33DD05FB553247A7,TP07F435,0D:8073:0:1:1,0x068073,8D1B21,STA,ABS,WRITE,1,0,$211B,EXACT_START_PLUS_DBR_OR_LONG_BANK_PLUS_WIDTH_EXPANSION
TPHW-81ABE75E7A405E3A5DDF,TP07F435,0D:8077:0:1:1,0x068077,8D1B21,STA,ABS,WRITE,1,0,$211B,EXACT_START_PLUS_DBR_OR_LONG_BANK_PLUS_WIDTH_EXPANSION
TPHW-939B4764ED4B9488A13C,TP07F435,0D:807A:0:1:1,0x06807A,8E1C21,STX,ABS,WRITE,1,0,$211C,EXACT_START_PLUS_DBR_OR_LONG_BANK_PLUS_WIDTH_EXPANSION
TPHW-6CB0C5C15D89AEB751C3,TP07F435,0D:8081:0:0:1,0x068081,AD3421,LDA,ABS,READ,2,0,$2134,EXACT_START_PLUS_DBR_OR_LONG_BANK_PLUS_WIDTH_EXPANSION
TPHW-2E031535141F809727EA,TP07F435,0D:8081:0:0:1,0x068081,AD3421,LDA,ABS,READ,2,1,$2135,EXACT_START_PLUS_DBR_OR_LONG_BANK_PLUS_WIDTH_EXPANSION
TPHW-33D9573C16B41BB5CA02,TP07F435,0D:8084:0:0:1,0x068084,AE3621,LDX,ABS,READ,1,0,$2136,EXACT_START_PLUS_DBR_OR_LONG_BANK_PLUS_WIDTH_EXPANSION
